序号,股票代码,股票名称,所属行业,数据来源,缓存命中,数据日期,收盘价,MA5,MA20,站上MA5,站上MA20,MA5高于MA20,MA5上行,前20日平台最高价,平台突破幅度（%）,收盘突破前20日平台,RSI14,MACD_DIF,MACD_DEA,MACD柱,MACD多头,MACD空头,MACD金叉,MACD死叉,最近MACD金叉日期,最近MACD金叉距今交易日数,"KDJ_K(89,3,3)","KDJ_D(89,3,3)","KDJ_J(89,3,3)",KDJ金叉,KDJ死叉,最近KDJ健康金叉日期,最近KDJ健康金叉距今交易日数（0=当日）,KDJ金叉且状态良好,当日成交量,5日均量,量比,放量,当日成交额,换手率,估算流通市值（亿元）,当日涨跌幅,振幅,BIAS20,上影线比例,收盘日内位置（%）,收盘位于日内高位,60日最高价,触及60日高点压力,近3日十字星,近3日倒T字星,近3日吊颈线,近3日长上影阳线,近3日极端大阳线
1,000001,平安银行,J 金融业,腾讯前复权日K回退（成交额、换手率已提供）,False,2026-07-29,11.28,11.154,10.763499999999999,True,True,True,True,11.21,0.6244424620874086,True,68.38313638510408,0.16878085280762534,0.1057096295062542,0.12614244660274226,True,False,False,False,2026-07-08,15.0,89.5089352661184,82.55916813158063,103.40846953519394,False,False,,,False,1511054.0,1056865.4,1.429750656990001,False,1705864000.0,0.78,2187.005128205128,0.7142857142857117,1.6071428571428545,4.798624982580022,44.44444444444456,55.55555555555544,False,11.25,True,True,False,False,False,False
2,000002,万 科Ａ,K 房地产,腾讯前复权日K回退（成交额、换手率已提供）,False,2026-07-29,3.28,3.1599999999999997,3.1055,True,True,True,True,3.26,0.6134969325153381,True,58.22159824573843,0.003881923733460635,-0.021029299559730288,0.049822446586381845,True,False,False,False,,,17.450529846099034,14.87602141676202,22.599546704773065,False,False,2026-07-27,2.0,True,2413626.0,1131244.4,2.1336026061211886,True,782087100.0000001,2.48,315.35770161290327,4.1269841269841345,5.396825396825395,5.619062952825621,17.647058823529566,82.35294117647044,True,4.16,False,False,False,False,False,False
3,000006,深振业Ａ,K 房地产,腾讯前复权日K回退（成交额、换手率已提供）,False,2026-07-29,6.51,6.294,6.536500000000001,True,False,False,True,7.65,-14.901960784313733,False,43.63680185550357,-0.40634086480087284,-0.4920857972486268,0.17148986489550788,True,False,False,False,2026-07-27,2.0,12.84953669590242,9.680714597958838,19.187180891789584,False,False,2026-07-21,6.0,True,282322.0,224226.4,1.2590934876535502,False,181134300.0,2.09,86.66712918660288,1.244167962674969,4.354587869362368,-0.40541574236978956,7.142857142857302,92.85714285714269,True,11.25,False,False,False,False,False,False
4,000007,全新好,K 房地产,腾讯前复权日K回退（成交额、换手率已提供）,False,2026-07-29,9.16,9.216,10.233,False,False,False,True,13.5,-32.148148148148145,False,32.46444080126905,-0.9086578144782749,-0.8909248974056505,-0.03546583414524873,False,True,False,False,,,10.063342775058073,9.25215530336653,11.685717718441158,False,False,2026-07-21,6.0,True,99290.0,76683.4,1.2948043513980863,False,91560200.0,2.87,31.902508710801392,1.7777777777777892,5.444444444444447,-10.485683572754816,57.14285714285698,42.85714285714301,False,17.79,False,False,False,False,True,False
5,000008,神州高铁,C 制造业,腾讯前复权日K回退（成交额、换手率已提供）,False,2026-07-29,2.37,2.33,2.3515,True,True,False,True,2.86,-17.132867132867126,False,48.26339568084232,-0.04446102978285538,-0.05232572400135933,0.015729388437007913,True,False,False,False,2026-07-28,1.0,11.74330812089542,10.95607658714763,13.317771188391003,False,False,2026-07-28,1.0,True,275227.0,263614.2,1.0440522551516571,False,65368300.0,1.01,64.72108910891089,0.8510638297872353,2.1276595744680775,0.7867318732723776,59.99999999999982,40.00000000000018,False,2.87,False,False,False,False,True,False
6,000009,中国宝安,J 金融业,腾讯前复权日K回退（成交额、换手率已提供）,False,2026-07-29,6.5,6.272,6.1975,True,True,True,True,6.52,-0.3067484662576622,False,54.188121170505795,-0.12281882477196415,-0.20274222209166926,0.1598467946394102,True,False,False,False,2026-07-03,18.0,10.996219570902221,8.110058270864155,16.768542170978357,False,False,2026-07-27,2.0,True,362048.0,242004.4,1.496038914994934,False,234132800.0,1.41,166.05163120567377,3.338632750397452,5.246422893481719,4.881000403388467,27.272727272727227,72.72727272727278,True,9.01,False,False,False,False,False,False
7,000010,*ST美丽,E 建筑业,腾讯前复权日K回退（成交额、换手率已提供）,False,2026-07-29,1.52,1.4899999999999998,1.6655000000000002,True,False,False,True,1.96,-22.448979591836732,False,38.27543333669845,-0.1480049142270965,-0.15227803190971806,0.008546235365243127,True,False,True,False,,,2.650357322736894,2.3166646511744227,3.3177426658618367,False,False,2026-07-28,1.0,True,172782.0,189963.8,0.909552241005918,False,26077700.0,1.98,13.170555555555556,2.0134228187919545,4.697986577181212,-8.736115280696497,28.57142857142857,71.42857142857143,True,2.89,False,False,False,False,True,False
8,000011,深物业A,K 房地产,腾讯前复权日K回退（成交额、换手率已提供）,False,2026-07-29,7.82,7.858,6.857000000000001,False,True,True,True,9.09,-13.971397139713968,False,61.77722107348934,0.21769226337096192,0.03339129299249718,0.3686019407569295,True,False,False,False,2026-07-15,10.0,50.00357944560068,41.702049313914635,66.60663970897276,False,False,2026-07-15,10.0,True,430349.0,290605.4,1.4808706238769134,False,334241500.0,8.17,40.910832313341494,3.576158940397356,10.596026490066235,14.04404258422049,28.750000000000025,71.24999999999997,True,9.09,False,False,False,False,False,False
9,000012,南 玻Ａ,C 制造业,腾讯前复权日K回退（成交额、换手率已提供）,False,2026-07-29,3.9,3.8200000000000003,4.058999999999999,True,False,False,True,5.41,-27.91127541589649,False,44.42012394777529,-0.166919622550318,-0.15780289983319806,-0.01823344543423988,False,True,False,False,,,13.139200670508842,12.449006180461538,14.51958965060345,True,False,2026-07-29,0.0,True,284968.0,253090.4,1.1259534142741092,False,110360900.0,1.45,76.11096551724138,2.0942408376963373,3.141361256544505,-3.9172209903917072,25.000000000000185,74.99999999999982,True,5.41,False,False,False,False,False,False
10,000014,沙河股份,K 房地产,腾讯前复权日K回退（成交额、换手率已提供）,False,2026-07-29,9.99,9.346,9.1725,True,True,True,True,10.12,-1.2845849802371445,False,57.45352481211403,-0.139116799254408,-0.2940141168608261,0.30979463521283623,True,False,False,False,2026-07-02,19.0,15.642297868883348,11.057589390821702,24.811714825006643,False,False,2026-07-27,2.0,True,128764.0,87174.6,1.4770816269876774,False,128463700.00000001,5.32,24.14731203007519,3.2024793388429895,6.095041322314048,8.91251022076861,35.5932203389829,64.4067796610171,False,13.4,False,False,False,False,True,False
11,000016,*ST康佳A,C 制造业,腾讯前复权日K回退（成交额、换手率已提供）,False,2026-07-29,2.55,2.504,2.498,True,True,True,True,2.82,-9.574468085106384,False,49.44201765876674,-0.05308289804506261,-0.08344217796106616,0.06071855983200711,True,False,False,False,2026-07-03,18.0,25.18675067313568,23.510153360128594,28.539945299149856,False,False,,,False,185521.0,169394.4,1.0952014942642732,False,47241800.0,1.16,40.72568965517242,-0.3906250000000111,3.515625000000012,2.0816653322657963,55.55555555555567,44.444444444444336,False,3.64,False,True,False,False,False,False
12,000017,深中华A,C 制造业,腾讯前复权日K回退（成交额、换手率已提供）,False,2026-07-29,5.99,5.866,5.8125,True,True,True,True,6.67,-10.194902548725633,False,56.767267802157406,0.03963789250499694,0.012233998009286599,0.054807788991420685,True,False,False,False,2026-07-28,1.0,41.74973756253827,34.72392623660047,55.801360214413876,False,False,,,False,96302.0,138213.0,0.6967651378669155,False,57235000.0,2.18,26.2545871559633,0.3350083752093891,2.1775544388609696,3.0537634408602186,23.076923076922604,76.92307692307739,True,6.67,False,False,False,False,True,False
13,000019,深粮控股,F 批发零售,腾讯前复权日K回退（成交额、换手率已提供）,False,2026-07-29,6.04,5.974,5.9685,True,True,True,True,6.19,-2.4232633279483093,False,50.4358086227043,-0.04418845488562706,-0.06836717725639885,0.048357444741543576,True,False,False,False,2026-07-02,19.0,15.00163517652345,14.632357200877223,15.740191127815905,True,False,2026-07-29,0.0,True,51930.0,45263.4,1.147284561036069,False,31418600.0,1.25,25.13488,1.1725293132328396,2.345058626465656,1.1979559353271398,35.71428571428567,64.28571428571433,False,7.81,False,False,False,False,True,False
14,000020,深华发Ａ,C 制造业,腾讯前复权日K回退（成交额、换手率已提供）,False,2026-07-29,10.36,10.068000000000001,10.312,True,True,False,True,11.57,-10.458081244598105,False,45.60310785502351,-0.41487567661893365,-0.5111243011875107,0.19249724913715416,True,False,False,False,2026-07-23,4.0,5.685707650506925,4.446660052618609,8.163802846283557,False,False,2026-07-21,6.0,True,26638.0,29185.8,0.912704123238013,False,27455500.0,1.47,18.67721088435374,1.7681728880157177,3.5363457760314283,0.46547711404189335,19.444444444444553,80.55555555555544,True,16.22,False,False,False,False,True,False
15,000021,深科技,C 制造业,腾讯前复权日K回退（成交额、换手率已提供）,False,2026-07-29,40.15,40.948,46.879000000000005,False,False,False,False,66.2,-39.35045317220544,False,43.449513481135405,-2.0340803529284273,-0.9516654379564202,-2.164829829944014,False,True,False,False,,,37.8827506593121,39.31180192513751,35.02464812766128,False,False,,,False,1907821.0,1939562.2,0.9836348635790076,False,7329667600.0,12.12,604.7580528052805,1.4914054600606574,14.029322548028322,-14.353975127455804,25.945945945946015,74.05405405405399,True,66.2,False,False,False,False,True,False
16,000025,特 力Ａ,F 批发零售,腾讯前复权日K回退（成交额、换手率已提供）,False,2026-07-29,14.22,14.097999999999999,13.618500000000001,True,True,True,True,14.5,-1.9310344827586163,False,54.282333093095296,-0.07572633932429973,-0.2233075359488768,0.29516239324915416,True,False,False,False,2026-07-16,9.0,33.89176371488685,28.970558729123713,43.73417368641312,False,False,,,False,50014.0,56979.6,0.8777527395769714,False,71045500.0,1.27,55.94133858267716,0.708215297450443,3.0453257790368253,4.416785989646434,39.53488372093024,60.465116279069754,False,16.62,False,False,False,True,True,False
17,000026,飞亚达,F 批发零售,腾讯前复权日K回退（成交额、换手率已提供）,False,2026-07-29,16.1,16.07,17.9915,True,False,False,True,22.86,-29.571303587051613,False,36.92957856101645,-1.2660420185820556,-1.1542982393405379,-0.22348755848303536,False,True,False,False,,,21.93670254676054,23.32202352773072,19.166060584820173,False,False,,,False,46213.0,54065.8,0.8547547617902629,False,73347100.0,1.27,57.75362204724409,1.2578616352201255,3.0817610062893097,-10.513297946252381,2.0408163265302055,97.9591836734698,True,27.67,False,False,False,False,False,False
18,000027,深圳能源,D 水电煤气,腾讯前复权日K回退（成交额、换手率已提供）,False,2026-07-29,6.43,6.4,6.237,True,True,True,False,6.59,-2.427921092564494,False,50.33686303016721,-0.06693713225380193,-0.12374554582256314,0.11361682713752241,True,False,False,False,2026-07-15,10.0,20.230089128162415,19.39558219752151,21.899102989444224,False,False,,,False,275355.0,304448.8,0.9044377905250407,False,176288800.0,0.58,303.94620689655176,2.063492063492056,3.015873015873008,3.0944364277697547,21.05263157894744,78.94736842105256,True,8.29,False,False,False,False,False,False
19,000028,国药一致,F 批发零售,腾讯前复权日K回退（成交额、换手率已提供）,False,2026-07-29,20.77,20.46,20.601499999999998,True,True,False,True,22.08,-5.932971014492748,False,53.359328821841146,0.06695675361020648,0.08147334012402557,-0.029033173027638193,False,True,False,False,,,33.947729888427375,34.114682296664746,33.61382507195263,False,False,,,False,32366.0,26441.0,1.2240838092356567,False,66969300.0,0.62,108.015,2.1140609636184804,2.753195673549667,0.8179016091061411,14.285714285714556,85.71428571428544,True,22.08,False,True,False,False,False,False
20,000029,深深房Ａ,K 房地产,腾讯前复权日K回退（成交额、换手率已提供）,False,2026-07-29,20.13,19.559999999999995,21.252000000000002,True,False,False,True,24.56,-18.037459283387623,False,41.23053969696961,-1.2093838089559128,-1.1002933794620238,-0.21818085898777806,False,True,False,False,,,15.525461368060391,17.35264379306167,11.871096518057833,False,False,,,False,111354.0,54747.0,2.0339744643542113,True,220259500.0,1.25,176.2076,6.282998944033769,9.450897571277734,-5.279503105590077,26.25698324022356,73.74301675977644,True,31.08,False,False,False,False,False,False
21,000030,富奥股份,C 制造业,腾讯前复权日K回退（成交额、换手率已提供）,False,2026-07-29,4.24,4.180000000000001,4.098,True,True,True,True,4.3,-1.3953488372092933,False,55.34926671587678,0.0022880776816407433,-0.02570982926569825,0.05599581389467799,True,False,False,False,2026-07-03,18.0,20.68746536362237,19.50955716446251,23.04328176194209,False,False,2026-07-15,10.0,True,108506.0,94889.8,1.1434948751077565,False,45953800.0,0.65,70.69815384615384,1.9230769230769162,2.4038461538461453,3.4651049292337808,29.999999999999467,70.00000000000053,True,4.99,False,False,False,False,True,False
22,000031,大悦城,K 房地产,腾讯前复权日K回退（成交额、换手率已提供）,False,2026-07-29,2.19,2.136,2.129,True,True,True,True,2.24,-2.232142857142869,False,49.29685114819728,-0.055460151792386725,-0.07947382220029123,0.048027340815809005,True,False,False,False,2026-07-08,15.0,9.796032535791388,7.54648437234873,14.295128862676703,False,False,2026-07-27,2.0,True,334797.0,310144.0,1.079488882583574,False,73238300.0,0.78,93.89525641025641,1.8604651162790642,3.720930232558143,2.865194927195864,37.50000000000028,62.49999999999972,False,3.17,False,True,False,False,False,False
23,000032,深桑达Ａ,E 建筑业,腾讯前复权日K回退（成交额、换手率已提供）,False,2026-07-29,13.57,14.366,17.9595,False,False,False,False,25.6,-46.99218750000001,False,31.400158555026152,-1.845509588468559,-1.32119288328078,-1.0486334103755581,False,True,False,False,,,5.382133656278161,9.418590002419085,-2.6907790360036863,False,False,,,False,545193.0,427958.6,1.273938647336448,False,741167400.0,5.0,148.23348,-4.098939929328626,6.643109540636051,-24.44110359419805,10.638297872340372,29.787234042553273,False,27.19,False,False,False,False,False,False
24,000034,神州数码,F 批发零售,腾讯前复权日K回退（成交额、换手率已提供）,False,2026-07-29,25.32,26.52,26.9625,False,False,False,False,30.58,-17.2007848266841,False,45.067839250554265,-0.1528218073543286,-0.009587583197584279,-0.2864684483134886,False,True,False,False,,,43.499107536420446,46.85777315638496,36.78177629649143,False,False,,,False,531927.0,776704.6,0.6848511004054824,False,1330958700.0,6.26,212.6132108626198,-1.9744483159117254,8.51722802942315,-6.091794158553541,20.000000000000064,55.454545454545425,False,31.34,False,False,False,False,False,False
25,000035,中国天楹,N 公共环保,腾讯前复权日K回退（成交额、换手率已提供）,False,2026-07-29,4.98,4.76,4.594,True,True,True,True,5.18,-3.861003861003848,False,56.55903077932411,-0.09637889379826081,-0.18292280147500564,0.17308781535348966,True,False,False,False,,,13.752339704016899,9.671661058086242,21.913696995878215,False,False,2026-07-23,4.0,True,599160.0,575188.6,1.0416757216676409,False,293940000.0,2.59,113.4903474903475,4.621848739495804,5.4621848739495755,8.402263822377016,3.846153846153767,96.15384615384623,True,6.77,False,False,False,False,False,False
26,000036,华联控股,K 房地产,腾讯前复权日K回退（成交额、换手率已提供）,False,2026-07-29,4.01,4.0,4.188000000000001,True,False,False,False,4.97,-19.315895372233403,False,39.90332909808108,-0.20207203157101894,-0.20403224740870068,0.003920431675363489,True,False,True,False,,,10.120079769062658,11.12841267298193,8.103413961224113,False,False,,,False,306256.0,271794.6,1.1267920701882967,False,120992600.0,2.18,55.50119266055045,2.035623409669207,5.343511450381679,-4.250238777459427,19.04761904761907,80.95238095238093,True,6.43,False,False,False,False,False,False
27,000037,深南电A,D 水电煤气,腾讯前复权日K回退（成交额、换手率已提供）,False,2026-07-29,9.27,9.302,8.935,False,True,True,False,10.7,-13.36448598130841,False,49.22114113627427,-0.08816432306940492,-0.1966822536664236,0.2170358611940374,True,False,False,False,2026-07-16,9.0,26.655309871519766,27.428691154141603,25.108547306276094,False,False,,,False,279826.0,433097.2,0.6461043848817309,False,256637400.00000003,8.26,31.069903147699762,1.5334063526834418,5.366922234392116,3.7493005036373708,16.326530612244905,83.67346938775509,True,12.91,False,True,False,False,False,False
28,000039,中集集团,C 制造业,腾讯前复权日K回退（成交额、换手率已提供）,False,2026-07-29,8.7,8.366,8.0155,True,True,True,True,8.6,1.1627906976744147,True,55.54897672755828,-0.16153461294317673,-0.3277006683103822,0.33233211073441093,True,False,False,False,2026-07-06,17.0,15.783725343001485,12.611756865604832,22.127662297794792,False,False,2026-07-20,7.0,True,631488.0,419432.2,1.5055782555559634,False,539662600.0,2.74,196.9571532846715,5.32687651331718,6.900726392251798,8.53970432287443,14.035087719298295,85.9649122807017,True,13.65,False,True,False,True,False,False
29,000042,中洲控股,K 房地产,腾讯前复权日K回退（成交额、换手率已提供）,False,2026-07-29,8.08,7.888,7.825,True,True,True,True,8.62,-6.264501160092798,False,48.75279040769281,-0.19673875959860965,-0.26737040893973074,0.1412632986822422,True,False,False,False,2026-07-14,11.0,21.186476333462128,20.231991850193413,23.09544529999956,True,False,,,False,69179.0,47606.0,1.4531571650632273,False,55763300.0,1.04,53.61855769230769,2.668360864040653,4.574332909783982,3.2587859424920116,33.33333333333317,66.66666666666683,False,10.49,False,False,False,False,True,False
30,000045,深纺织Ａ,C 制造业,腾讯前复权日K回退（成交额、换手率已提供）,False,2026-07-29,9.58,9.254,9.338,True,True,False,True,10.55,-9.194312796208537,False,49.254011353214054,-0.3184550824995469,-0.4414881122357639,0.24606605947243398,True,False,False,False,2026-07-27,2.0,13.557919627484717,9.219340840678486,22.23507720109718,False,False,2026-07-23,4.0,True,180573.0,61421.2,2.939913254706844,True,172542800.0,3.95,43.68172151898734,-3.81526104417671,5.02008032128514,2.5915613621760643,6.000000000000227,35.99999999999994,False,12.75,False,False,False,False,False,True
31,000048,京基智农,A 农林牧渔,腾讯前复权日K回退（成交额、换手率已提供）,False,2026-07-29,18.11,18.362,20.4835,False,False,False,False,26.38,-31.34950720242608,False,42.52980818543566,-0.34198504725856793,0.16099079032335709,-1.00595167516385,False,True,False,False,,,43.20664978033897,46.807988330939246,36.003972679138414,False,False,,,False,166082.0,169315.6,0.980901936974502,False,296522900.0,3.14,94.43404458598727,-0.11031439602867676,6.287920573634863,-11.587375204432835,29.824561403508742,70.17543859649126,True,26.38,False,True,False,False,True,False
32,000049,德赛电池,C 制造业,腾讯前复权日K回退（成交额、换手率已提供）,False,2026-07-29,24.81,24.38,24.2385,True,True,True,True,25.49,-2.667712828560219,False,53.90658918132713,-0.0039631067135452724,-0.11858347539795296,0.22924073736881537,True,False,False,False,,,24.01332977548861,21.59230646861343,28.85537638923897,False,False,,,False,103221.0,81892.8,1.2604404782838052,False,254999500.0,2.68,95.1490671641791,1.3066557778685262,2.6949775418538184,2.357819171978466,22.727272727273046,77.27272727272695,True,29.83,False,False,False,False,True,False
33,000050,深天马Ａ,C 制造业,腾讯前复权日K回退（成交额、换手率已提供）,False,2026-07-29,6.57,6.340000000000001,7.181,True,False,False,True,10.3,-36.21359223300971,False,38.54466411944031,-0.6180585104358656,-0.5795857800012485,-0.07694546086923415,False,True,False,False,,,6.848833673438217,5.680344088231604,9.185812843851442,True,False,2026-07-29,0.0,True,407826.0,265681.4,1.5350190114927125,False,263182599.99999997,1.67,157.59437125748502,3.791469194312791,3.949447077409163,-8.508564266815204,0.0,100.0,True,10.99,False,False,False,False,False,False
34,000055,方大集团,C 制造业,腾讯前复权日K回退（成交额、换手率已提供）,False,2026-07-29,3.4,3.3099999999999996,3.2879999999999994,True,True,True,True,3.48,-2.2988505747126458,False,52.36045934501577,-0.04678251926613397,-0.06953018169700041,0.04549532486173288,True,False,False,False,2026-07-15,10.0,14.67251888293542,12.063647403962143,19.89026184088197,False,False,2026-07-27,2.0,True,109709.0,89706.0,1.2229839698570888,False,37123100.0,1.62,22.915493827160493,2.4096385542168752,3.3132530120481887,3.4063260340632775,18.18181818181822,81.81818181818178,True,4.44,False,False,False,False,False,False
35,000056,*ST皇庭,L 商务服务,腾讯前复权日K回退（成交额、换手率已提供）,False,2026-07-29,1.9,1.89,2.0100000000000002,True,False,False,True,2.42,-21.487603305785125,False,48.19535140902602,-0.022774726129903167,-0.00020595068949961787,-0.0451375508808071,False,True,False,False,,,53.942155024093985,53.22552989867973,55.3754052749225,False,False,,,False,118457.0,166678.6,0.7106911145162006,False,22516300.0,1.31,17.188015267175572,0.5291005291005346,3.174603174603178,-5.4726368159204135,50.0,33.33333333333333,False,2.42,False,True,False,False,True,False
36,000058,深 赛 格,L 商务服务,腾讯前复权日K回退（成交额、换手率已提供）,False,2026-07-29,6.48,6.218000000000001,6.1335,True,True,True,True,6.38,1.5673981191222657,True,56.45324160607027,-0.09291011648194925,-0.16750659346576627,0.14919295396763405,True,False,False,False,2026-07-03,18.0,14.336413609770474,10.520578240964651,21.96808434738212,False,False,2026-07-27,2.0,True,112244.0,72011.6,1.5586933216315149,False,72159900.0,1.14,63.298157894736846,3.349282296650724,4.3062200956937735,5.6493030080704445,14.814814814814522,85.18518518518547,True,8.56,False,False,False,False,False,False
37,000059,华锦股份,C 制造业,腾讯前复权日K回退（成交额、换手率已提供）,False,2026-07-29,4.62,4.572,4.347499999999999,True,True,True,True,4.66,-0.858369098712447,False,60.00259045108509,0.08410012016959723,0.04035675447068596,0.08748673139782254,True,False,False,False,2026-07-01,20.0,38.767991058535664,34.28286872646503,47.73823572267692,False,False,,,False,274448.0,282740.0,0.9706727028365283,False,126775300.0,1.72,73.70656976744186,1.3157894736842257,2.631578947368424,6.2679700977573525,33.33333333333333,66.66666666666666,False,5.75,False,False,False,True,False,False
38,000060,中金岭南,C 制造业,腾讯前复权日K回退（成交额、换手率已提供）,False,2026-07-29,6.29,6.254,6.449,True,False,False,True,7.9,-20.37974683544304,False,43.256005773196925,-0.30017996828181026,-0.3235180505396592,0.04667616451569789,True,False,False,False,2026-07-27,2.0,18.13101569197325,18.02390021370856,18.34524664850263,True,False,2026-07-29,0.0,True,983577.0,997778.0,0.9857673751074888,False,614295100.0,2.21,277.96158371040724,1.944894651539708,3.7277147487844333,-2.4654985269033927,26.086956521739012,73.91304347826099,True,8.86,False,False,False,False,True,False
39,000061,农 产 品,L 商务服务,腾讯前复权日K回退（成交额、换手率已提供）,False,2026-07-29,5.88,5.688000000000001,5.664499999999999,True,True,True,True,5.88,0.0,False,55.08678172551003,-0.04835288358284817,-0.08795568765730748,0.07920560814891861,True,False,False,False,,,14.83101670651554,12.819592746667338,18.85386462621194,False,False,2026-07-28,1.0,True,242734.0,175339.4,1.384366548533872,False,141783900.0,1.35,105.0251111111111,3.703703703703698,4.232804232804221,3.8043957983935117,20.833333333333318,79.16666666666669,True,7.55,False,False,False,False,False,False
40,000062,深圳华强,F 批发零售,腾讯前复权日K回退（成交额、换手率已提供）,False,2026-07-29,21.53,21.8,26.421,False,False,False,False,34.2,-37.046783625730995,False,30.683468488985326,-2.680684548188843,-2.2835980769230417,-0.7941729425316026,False,True,False,False,,,5.660543152055943,8.072664179178942,0.8363010978099439,False,False,,,False,216406.0,231366.4,0.9353389256175486,False,457277800.0,2.07,220.90714975845412,0.5604857543204167,4.4371788883699175,-18.51178986412323,5.263157894736547,94.73684210526345,True,40.13,False,False,False,False,False,False
41,000063,中兴通讯,C 制造业,腾讯前复权日K回退（成交额、换手率已提供）,False,2026-07-29,34.08,34.528000000000006,36.47500000000001,False,False,False,False,42.59,-19.98121624794554,False,43.19429496834613,-0.705993837933768,-0.30551456515092534,-0.8009585455656854,False,True,False,False,,,27.94426218301561,33.98015492557618,15.87247669789447,False,False,,,False,1116235.0,2467132.6,0.4524422400320112,False,3773105800.0,2.77,1362.1320577617328,1.3682331945270798,2.498512790005938,-6.566141192597696,16.666666666666806,83.33333333333319,True,42.59,False,False,False,False,False,False
42,000065,北方国际,F 批发零售,腾讯前复权日K回退（成交额、换手率已提供）,False,2026-07-29,9.28,9.132,9.0735,True,True,True,True,10.03,-7.477567298105684,False,43.92052818853718,-0.46316737573615363,-0.6099039432417395,0.29347313501117167,True,False,False,False,2026-07-20,7.0,8.749929530555853,7.736593762461695,10.77660106674417,False,False,2026-07-15,10.0,True,150574.0,127702.0,1.1791044776119404,False,138598100.0,1.54,89.99876623376623,2.6548672566371723,3.9823008849557464,2.2758582685843405,22.22222222222228,77.77777777777773,True,13.96,False,True,False,False,False,False
43,000066,中国长城,C 制造业,腾讯前复权日K回退（成交额、换手率已提供）,False,2026-07-29,13.89,14.536000000000001,16.511000000000003,False,False,False,False,20.4,-31.911764705882344,False,34.38378095161406,-1.0489069057609228,-0.7940585069214543,-0.509696797678937,False,True,False,False,,,7.16046167701944,10.385312508353232,0.7107600143518553,False,False,,,False,1513674.0,1214583.6,1.2462493318697865,False,2099705000.0,4.69,447.6982942430703,-3.3402922755741082,5.915100904662501,-15.87426564108777,10.588235294117613,31.764705882353045,False,25.74,False,False,False,False,False,False
44,000068,华控赛格,F 批发零售,腾讯前复权日K回退（成交额、换手率已提供）,False,2026-07-29,2.76,2.69,2.718,True,True,False,True,3.35,-17.611940298507474,False,47.424943895772806,-0.10291605370283108,-0.13017955926558375,0.05452701112550534,True,False,False,False,2026-07-24,3.0,13.04305058912101,10.110643704786769,18.907864357789496,False,False,2026-07-23,4.0,True,125416.0,118603.8,1.0574366082705613,False,34624100.0,1.25,27.69928,1.845018450184499,3.6900369003689906,1.545253863134651,40.00000000000018,59.99999999999982,False,4.22,False,False,False,False,True,False
45,000069,华侨城Ａ,K 房地产,腾讯前复权日K回退（成交额、换手率已提供）,False,2026-07-29,1.72,1.682,1.6695,True,True,True,True,1.75,-1.7142857142857157,False,51.32997920983226,-0.024191163901137624,-0.03867814033233932,0.028973952862403396,True,False,False,False,2026-07-03,18.0,14.150650097422778,12.168110896111292,18.11572850004575,False,False,2026-07-28,1.0,True,631589.0,458455.0,1.3776466610681528,False,107931200.00000001,0.92,117.31652173913047,2.3809523809523725,3.5714285714285747,3.0248577418388733,16.666666666666664,83.33333333333334,True,2.31,False,False,False,False,False,False
46,000070,特发信息,C 制造业,腾讯前复权日K回退（成交额、换手率已提供）,False,2026-07-29,12.72,13.218,15.4485,False,False,False,False,21.0,-39.42857142857142,False,33.60691763557503,-1.724567032449153,-1.5341255940924505,-0.38088287671340515,False,True,False,False,,,10.562128332440963,12.101887951374787,7.482609094573316,False,False,,,False,454645.0,481398.4,0.9444256565871427,False,577003900.0,5.31,108.66363465160076,-2.379125095932455,5.90943975441289,-17.661908923196417,20.779220779220807,44.15584415584416,False,26.05,False,False,False,False,False,False
47,000078,ST海王,F 批发零售,腾讯前复权日K回退（成交额、换手率已提供）,False,2026-07-29,1.67,1.616,1.7885000000000002,True,False,False,False,2.3,-27.391304347826086,False,47.35053532758727,-0.026498950662647403,-0.0011268429122725018,-0.0507442155007498,False,True,False,False,,,13.956373842234164,15.04856423899571,11.771993048711074,False,False,,,False,959291.0,1213410.6,0.7905741057478811,False,158746000.0,3.65,43.49205479452055,0.0,4.790419161676638,-6.625663964215837,37.50000000000011,62.4999999999999,False,3.23,False,False,False,False,True,False
48,000088,盐 田 港,G 运输仓储,腾讯前复权日K回退（成交额、换手率已提供）,False,2026-07-29,4.4,4.359999999999999,4.2805,True,True,True,True,4.45,-1.1235955056179736,False,64.52626759711902,0.0408434750076605,0.027050883862851604,0.027585182289617795,True,False,False,False,2026-07-03,18.0,60.60203332900981,57.20473618429876,67.3966276184319,False,False,,,False,222624.0,195051.8,1.1413583468596549,False,98339800.0,0.7,140.48542857142857,0.4566210045662267,1.3698630136986212,2.791729938091353,49.99999999999926,50.000000000000746,False,4.59,False,False,False,True,True,False
49,000089,深圳机场,G 运输仓储,腾讯前复权日K回退（成交额、换手率已提供）,False,2026-07-29,6.64,6.562,6.4735,True,True,True,False,6.82,-2.639296187683293,False,59.72839441236034,0.06983170954678641,0.05911314210817169,0.021437134877229452,True,False,False,False,2026-07-01,20.0,56.477614240872036,55.51698150543519,58.39887971174572,True,False,,,False,149221.0,146586.8,1.0179702401580497,False,98915900.0,0.73,135.50123287671235,2.311248073959926,2.9275808936825807,2.57202440719858,21.05263157894744,78.94736842105256,True,7.03,False,False,False,False,True,False
50,000090,天健集团,E 建筑业,腾讯前复权日K回退（成交额、换手率已提供）,False,2026-07-29,3.29,3.2640000000000002,3.166,True,True,True,True,3.36,-2.0833333333333286,False,54.8501226072363,0.0038321092036364135,-0.019967282177466694,0.047598782762206214,True,False,False,False,2026-07-10,13.0,30.92750492290783,28.963320030610472,34.855874707502544,False,False,,,False,161109.0,134686.6,1.1961769025277942,False,52898700.0,0.86,61.51011627906977,1.5432098765431945,2.7777777777777732,3.916614024005057,33.33333333333317,66.66666666666683,False,3.97,False,False,False,False,False,False
51,000096,广聚能源,F 批发零售,腾讯前复权日K回退（成交额、换手率已提供）,False,2026-07-29,7.58,7.529999999999999,7.4375,True,True,True,False,8.1,-6.419753086419748,False,50.65836860238248,-0.02727558608202152,-0.06611386772764938,0.07767656329125572,True,False,False,False,2026-07-02,19.0,18.322622651817642,17.347967741281334,20.271932472890263,True,False,,,False,57926.0,73744.8,0.7854926720256885,False,43779200.0,1.13,38.74265486725664,1.744966442953011,2.4161073825503316,1.9159663865546228,22.22222222222228,77.77777777777773,True,9.83,False,True,False,False,True,False
52,000099,中信海直,G 运输仓储,腾讯前复权日K回退（成交额、换手率已提供）,False,2026-07-29,14.15,13.884,13.88,True,True,True,True,14.87,-4.841963685272353,False,47.6989755035336,-0.37936537227012224,-0.5068013342625057,0.254871923984767,True,False,False,False,2026-07-21,6.0,11.077964078140669,9.131271951460457,14.971348331501094,False,False,2026-07-20,7.0,True,93456.0,71272.0,1.3112582781456954,False,131345200.0,1.2,109.45433333333334,2.092352092352101,2.8138528138528054,1.945244956772331,12.820512820512587,87.17948717948741,True,18.15,False,False,False,False,False,False
53,000100,TCL科技,C 制造业,腾讯前复权日K回退（成交额、换手率已提供）,False,2026-07-29,4.93,5.0280000000000005,5.1545000000000005,False,False,False,False,6.26,-21.24600638977636,False,46.758716122906435,-0.0010899324347484196,0.0440495292933521,-0.09027892345620103,False,True,False,False,,,43.91060550069138,46.439256851600014,38.85330279887411,False,False,,,False,5339033.0,5824976.8,0.9165758394093518,False,2596425700.0,2.65,979.7832830188679,0.40733197556006573,3.6659877800407275,-4.355417596275115,16.66666666666683,83.33333333333317,True,6.26,False,False,False,False,False,False
54,000151,中成股份,F 批发零售,腾讯前复权日K回退（成交额、换手率已提供）,False,2026-07-29,9.46,9.258,9.385,True,True,False,True,10.82,-12.569316081330864,False,41.99396309611239,-0.612147279538231,-0.7494881143260974,0.2746816695757328,True,False,False,False,2026-07-23,4.0,10.439052967006695,8.517867203103144,14.281424494813798,False,False,,,False,57046.0,58583.6,0.973753746782376,False,53661600.0,1.85,29.006270270270267,2.0496224379719763,2.3732470334412152,0.7991475759190311,13.636363636363305,86.3636363636367,True,15.33,False,False,False,False,False,False
55,000153,丰原药业,C 制造业,腾讯前复权日K回退（成交额、换手率已提供）,False,2026-07-29,5.42,5.336,5.407500000000001,True,True,False,True,5.83,-7.032590051457978,False,50.34275669803045,-0.026752798282711154,-0.02588998033930881,-0.0017256358868046884,False,True,False,False,,,19.964769524468377,20.04049232704797,19.813323919309184,False,False,,,False,70895.0,77215.2,0.9181482402428538,False,38385600.0,1.54,24.92571428571428,1.3084112149532867,2.24299065420561,0.23116042533516942,33.33333333333333,66.66666666666666,False,6.46,False,False,False,False,True,False
56,000155,川能动力,D 水电煤气,腾讯前复权日K回退（成交额、换手率已提供）,False,2026-07-29,12.63,12.26,11.5045,True,True,True,True,12.79,-1.250977326035953,False,57.53842091841925,-0.1410740451625596,-0.4253196729996487,0.5684912556741781,True,False,False,False,2026-07-17,8.0,19.846362885959536,15.206153203489004,29.1267822509006,False,False,,,False,669013.0,672170.6,0.9953023830557303,False,841212700.0,3.62,232.37919889502763,-0.23696682464454666,4.265402843601889,9.783128341083929,38.88888888888878,61.111111111111214,False,18.55,False,False,False,False,True,False
57,000156,华数传媒,I 信息技术,腾讯前复权日K回退（成交额、换手率已提供）,False,2026-07-29,6.78,6.638,6.569500000000001,True,True,True,True,6.89,-1.5965166908563053,False,55.32279444229451,0.0001764745219237085,-0.03151414060876038,0.06338123026136817,True,False,False,False,2026-07-03,18.0,22.749180940935513,19.556030595579788,29.13548163164696,False,False,2026-07-27,2.0,True,108327.0,82750.0,1.3090876132930513,False,73197200.0,0.64,114.370625,1.4970059880239583,2.3952095808383125,3.2042012329705405,18.749999999999687,81.25000000000031,True,7.75,False,False,False,False,False,False
58,000157,中联重科,C 制造业,腾讯前复权日K回退（成交额、换手率已提供）,False,2026-07-29,7.61,7.498,7.159000000000001,True,True,True,True,7.56,0.6613756613756708,True,61.91867733377664,0.09747195364611816,0.027532556274801626,0.13987879474263307,True,False,False,False,2026-07-14,11.0,38.989024926501855,32.0770170924159,52.813040594673765,False,False,2026-07-15,10.0,True,467156.0,489994.4,0.9533904877280229,False,355555500.0,0.66,538.7204545454545,0.9283819628647327,2.1220159151193654,6.299762536667126,37.49999999999972,62.50000000000028,False,8.24,False,False,False,False,False,False
59,000158,常山北明,I 信息技术,腾讯前复权日K回退（成交额、换手率已提供）,False,2026-07-29,12.73,12.534,12.681999999999999,True,True,False,True,13.78,-7.619738751814216,False,45.09938805872086,-0.4225614381674596,-0.5381204353329956,0.23111799433107194,True,False,False,False,2026-07-09,14.0,8.028293233742879,6.346790684179115,11.391298332870408,False,False,,,False,253713.0,276676.2,0.9170033418125592,False,321226500.0,1.6,200.7665625,0.3152088258471242,3.0732860520094607,0.37848919728750846,28.205128205128016,71.79487179487198,True,18.17,False,False,False,False,True,False
60,000159,国际实业,F 批发零售,腾讯前复权日K回退（成交额、换手率已提供）,False,2026-07-29,5.27,5.172,5.3545,True,False,False,True,5.67,-7.054673721340395,False,43.990898390617026,-0.1830469979841718,-0.2001607994325541,0.03422760289676463,True,False,False,False,2026-07-28,1.0,11.237421216966569,9.765124922024503,14.182013806850701,False,False,2026-07-28,1.0,True,99859.0,87684.4,1.1388456783646808,False,52323700.0,2.08,25.155625,1.934235976789167,2.7079303675048294,-1.5781118685218087,21.428571428571654,78.57142857142834,True,7.38,False,False,False,False,False,False
61,000166,申万宏源,J 金融业,腾讯前复权日K回退（成交额、换手率已提供）,False,2026-07-29,4.67,4.662000000000001,4.6145000000000005,True,True,True,False,4.78,-2.3012552301255296,False,54.24407832467343,0.036395048267205965,0.03543833780666862,0.0019134209210746878,True,False,False,False,,,55.5744704220368,53.95145141414563,58.82050843781916,False,False,,,False,757587.0,695891.4,1.0886569369875816,False,353456100.0,0.34,1039.5767647058822,1.3015184381778733,1.9522776572668081,1.2027305233502965,33.33333333333366,66.66666666666634,False,4.82,False,False,False,False,False,False
62,000301,东方盛虹,C 制造业,腾讯前复权日K回退（成交额、换手率已提供）,False,2026-07-29,11.97,11.791999999999998,12.0495,True,False,False,True,13.89,-13.82289416846652,False,50.5045818448908,-0.0993071353201298,-0.08909478664562447,-0.020424697349010673,False,True,False,False,,,44.59572876357263,43.82543195025051,46.136322390216876,True,False,,,False,264611.0,258604.8,1.0232254003019279,False,311060100.0,0.4,777.65025,3.72616984402081,5.805892547660312,-0.6597784140420719,8.955223880596826,91.04477611940317,True,13.89,False,False,False,False,True,False
63,000333,美的集团,C 制造业,腾讯前复权日K回退（成交额、换手率已提供）,False,2026-07-29,87.01,85.15599999999999,81.98649999999999,True,True,True,True,85.92,1.2686219739292404,True,73.59555317824375,2.198134007033616,1.8349727794106037,0.7263224552460246,True,False,False,False,2026-07-01,20.0,95.2175405191759,93.85577120598514,97.94107914555744,False,False,,,False,478144.0,264193.8,1.8098229405837685,True,4150483900.0,0.69,6015.194057971014,1.9210495490219026,2.811292022958891,6.1272282631896875,20.416666666666405,79.5833333333336,True,85.92,True,True,False,False,True,False
64,000338,潍柴动力,C 制造业,腾讯前复权日K回退（成交额、换手率已提供）,False,2026-07-29,27.29,27.508,27.166999999999994,False,True,True,True,30.68,-11.049543676662323,False,48.67712081927167,-0.5337051092405858,-0.7533473373335245,0.4392844561858775,True,False,False,False,2026-07-23,4.0,38.46071123028824,37.63798173676183,40.10617021734106,False,False,,,False,1060293.0,928041.8,1.1425056500687791,False,2859366100.0,2.14,1336.15238317757,4.2000763650248185,5.918289423444064,0.4527551809180428,19.35483870967746,80.64516129032255,True,36.34,False,False,False,False,False,False
65,000400,许继电气,C 制造业,腾讯前复权日K回退（成交额、换手率已提供）,False,2026-07-29,22.63,22.396,21.1085,True,True,True,True,23.28,-2.7920962199312807,False,56.40065419884599,0.004573623277853045,-0.3237434245625333,0.6566340956807727,True,False,False,False,2026-07-16,9.0,27.607587006035775,23.187067303633707,36.448626410839914,False,False,2026-07-15,10.0,True,251131.0,275113.6,0.9128265560117712,False,562553500.0,2.48,226.83608870967743,3.9026629935720702,4.82093663911846,7.207996778548924,13.333333333333378,86.66666666666663,True,27.74,False,False,False,False,True,False
66,000401,金隅冀东,C 制造业,腾讯前复权日K回退（成交额、换手率已提供）,False,2026-07-29,3.64,3.594,3.5484999999999998,True,True,True,True,3.71,-1.8867924528301845,False,52.48093720319978,-0.019545579787574763,-0.042720206753597056,0.04634925393204459,True,False,False,False,2026-07-06,17.0,16.8866672245363,15.818571842144827,19.02285798931925,False,False,2026-07-27,2.0,True,85901.0,69830.4,1.2301375905049952,False,31283700.0,0.33,94.7990909090909,1.392757660167132,3.342618384401117,2.5785543187262325,24.999999999999815,75.00000000000018,True,4.45,False,True,False,True,False,False
67,000402,金 融 街,K 房地产,腾讯前复权日K回退（成交额、换手率已提供）,False,2026-07-29,2.44,2.402,2.4204999999999997,True,True,False,True,2.54,-3.9370078740157513,False,46.09073560184819,-0.06436162213571661,-0.07985252619209099,0.030981808112748754,True,False,False,False,2026-07-14,11.0,5.10601197067678,4.631712729525692,6.054610452978958,True,False,2026-07-29,0.0,True,550092.0,316713.2,1.7368774020154512,False,133363400.0,1.84,72.48010869565218,2.092050209205021,2.510460251046027,0.8056186738277339,16.666666666667037,83.33333333333296,True,3.49,False,False,False,False,True,False
68,000403,派林生物,C 制造业,腾讯前复权日K回退（成交额、换手率已提供）,False,2026-07-29,10.21,9.794,9.522499999999999,True,True,True,True,10.21,0.0,False,55.576423047757714,-0.12348089628263814,-0.2743403965013389,0.3017190004374015,True,False,False,False,2026-07-09,14.0,24.239989908073117,20.780990575955997,31.15798857230736,False,False,2026-07-27,2.0,True,135026.0,131626.2,1.0258292042161818,False,136758400.0,1.44,94.97111111111111,2.6130653266331905,3.8190954773869255,7.21974271462328,21.052631578946976,78.94736842105303,True,13.15,False,False,False,False,False,False
69,000404,长虹华意,C 制造业,腾讯前复权日K回退（成交额、换手率已提供）,False,2026-07-29,7.74,7.519999999999999,7.688,True,True,False,True,8.53,-9.261430246189908,False,51.62762729673113,-0.08210785811757848,-0.09147613556709282,0.018736554899028673,True,False,True,False,,,40.68853343407965,39.353785077299555,43.35803014763984,True,False,,,False,135662.0,105619.2,1.284444494940314,False,104211600.0,1.96,53.16918367346939,2.92553191489362,3.1914893617021307,0.6763787721123894,4.166666666666574,95.83333333333343,True,9.69,False,False,False,False,True,False
70,000407,胜利股份,D 水电煤气,腾讯前复权日K回退（成交额、换手率已提供）,False,2026-07-29,3.91,3.864,3.8215000000000003,True,True,True,True,4.05,-3.4567901234567824,False,52.4866012339954,-0.02138985823592776,-0.046129103360579966,0.04947849024930441,True,False,False,False,2026-07-02,19.0,17.78295206072593,15.453380268719306,22.442095644739172,False,False,2026-07-23,4.0,True,140501.0,137736.6,1.0200701919460768,False,54876200.0,1.6,34.297625,1.033591731266159,1.808785529715758,2.3158445636530103,42.85714285714268,57.14285714285733,False,5.03,False,False,False,False,True,False
71,000408,藏格矿业,C 制造业,腾讯前复权日K回退（成交额、换手率已提供）,False,2026-07-29,79.6,79.09400000000001,73.1455,True,True,True,True,81.35,-2.15119852489244,False,60.02885338599582,1.256105304559071,-0.0771958765035407,2.6666023621252237,True,False,False,False,2026-07-14,11.0,45.177715333060824,38.292169304018564,58.94880739114534,False,False,2026-07-21,6.0,True,101535.0,162093.8,0.6263965679131467,False,805741500.0,0.65,1239.6023076923075,0.23926457624983133,3.6393401334844486,8.824192875843348,32.871972318339196,67.12802768166081,False,92.88,False,False,False,False,True,False
72,000409,云鼎科技,I 信息技术,腾讯前复权日K回退（成交额、换手率已提供）,False,2026-07-29,8.54,8.41,8.2515,True,True,True,True,8.61,-0.8130081300813042,False,52.769974526694185,-0.10172796505796988,-0.19191352589774446,0.18037112167954916,True,False,False,False,2026-07-06,17.0,18.068703325554807,15.052249987690734,24.101610001282953,False,False,2026-07-15,10.0,True,60929.0,57580.4,1.0581552055907912,False,52052299.99999999,1.03,50.536213592233,0.5889281507655886,2.237926972909299,3.496333999878799,52.631578947368375,42.10526315789395,False,10.8,False,True,False,False,False,False
73,000410,沈阳机床,C 制造业,腾讯前复权日K回退（成交额、换手率已提供）,False,2026-07-29,4.86,4.742,4.671,True,True,True,True,5.19,-6.3583815028901745,False,52.79067360689314,-0.07348126625489737,-0.1333291873933226,0.11969584227685048,True,False,False,False,2026-07-15,10.0,15.198563823037219,12.078405357347512,21.438880754416633,False,False,2026-07-16,9.0,True,127182.0,144969.2,0.8773035927631524,False,61500400.0,0.65,94.616,1.4613778705636848,1.8789144050104356,4.046242774566474,11.11111111111089,88.88888888888911,True,6.4,False,False,False,False,False,False
74,000411,英特集团,F 批发零售,腾讯前复权日K回退（成交额、换手率已提供）,False,2026-07-29,9.4,9.298,9.2995,True,True,False,True,9.9,-5.05050505050505,False,49.62777872943038,-0.08803331277830218,-0.1342617559367818,0.09245688631695925,True,False,False,False,2026-07-03,18.0,28.84335778148653,28.240982590223258,30.04810816401308,True,False,,,False,43884.0,36129.4,1.214634065331835,False,41426100.0,0.78,53.11038461538462,0.42735042735044804,1.8162393162393158,1.0807032636163263,76.47058823529356,23.529411764706435,False,11.94,False,True,False,False,True,False
75,000415,渤海租赁,L 商务服务,腾讯前复权日K回退（成交额、换手率已提供）,False,2026-07-29,4.43,4.2540000000000004,4.310499999999999,True,True,False,True,4.75,-6.736842105263163,False,55.43822113213041,0.001758903165540282,0.0003637607267734017,0.0027902848775337606,True,False,True,False,,,51.55921971724755,47.82670685688665,59.024245437969356,True,False,,,False,867366.0,519052.0,1.6710580057489424,False,379486300.0,1.61,235.70577639751554,5.72792362768495,6.682577565632464,2.7723001971929104,10.714285714285793,89.2857142857142,True,4.91,False,False,False,False,False,False
76,000417,合百集团,F 批发零售,腾讯前复权日K回退（成交额、换手率已提供）,False,2026-07-29,5.74,5.896,6.717499999999999,False,False,False,True,9.2,-37.60869565217391,False,37.636932517025485,-0.5507154383388606,-0.477803210507446,-0.1458244556628292,False,True,False,False,,,12.378676433666683,12.489197313488958,12.157634674022134,False,True,,,False,555361.0,611085.4,0.9088107816027023,False,313535500.0,7.13,43.97412342215989,1.4134275618374659,6.713780918727913,-14.551544473390388,26.315789473684127,73.68421052631588,True,10.73,False,False,False,False,False,False
77,000419,通程控股,F 批发零售,腾讯前复权日K回退（成交额、换手率已提供）,False,2026-07-29,4.8,4.666,4.6964999999999995,True,True,False,True,4.96,-3.2258064516129057,False,52.70816289418403,-0.04961928056236076,-0.07044568983443147,0.041652818544141434,True,False,False,False,2026-07-01,20.0,15.136133019692622,13.056988009194114,19.294423040689637,False,False,2026-07-28,1.0,True,71161.0,61934.0,1.148981173507282,False,34139400.0,1.31,26.0606106870229,2.3454157782515805,3.411513859275056,2.2037687639731796,25.0,75.0,True,5.96,False,False,False,False,False,False
78,000420,吉林化纤,C 制造业,腾讯前复权日K回退（成交额、换手率已提供）,False,2026-07-29,3.75,3.678,3.743,True,True,False,True,4.19,-10.501193317422443,False,45.312256162685976,-0.14290450691366674,-0.17509866788231027,0.06438832193728705,True,False,False,False,2026-07-23,4.0,8.045727335232868,6.626776161601517,10.883629682495572,False,False,2026-07-21,6.0,True,484440.0,456212.8,1.0618728803751232,False,180154100.0,1.97,91.44878172588832,2.1798365122615904,3.2697547683923736,0.18701576275714982,16.666666666666664,83.33333333333334,True,5.87,False,False,False,False,False,False
79,000421,南京公用,D 水电煤气,腾讯前复权日K回退（成交额、换手率已提供）,False,2026-07-29,5.37,5.2700000000000005,5.2535,True,True,True,True,5.55,-3.2432432432432385,False,52.81367381869131,-0.033760249015258204,-0.05882998445343192,0.05013947087634743,True,False,False,False,2026-07-03,18.0,20.29709248338746,18.326389195320957,24.238499059520464,False,False,2026-07-27,2.0,True,73282.0,65885.6,1.112261252838253,False,39166900.0,1.28,30.599140625,2.0912547528517234,3.041825095057037,2.217569239554588,18.75000000000014,81.24999999999987,True,6.37,False,False,False,False,False,False
80,000422,湖北宜化,C 制造业,腾讯前复权日K回退（成交额、换手率已提供）,False,2026-07-29,13.12,13.053999999999998,13.184000000000001,True,False,False,True,15.44,-15.025906735751299,False,48.32211348536875,-0.2241572530910272,-0.25348421181201725,0.05865391744198012,True,False,False,False,2026-07-23,4.0,12.480206907203943,11.08586256907843,15.26889558345497,False,False,2026-07-23,4.0,True,337252.0,325473.0,1.0361904059630138,False,438987300.00000006,3.19,137.61357366771162,2.9019607843137285,4.470588235294106,-0.4854368932038973,14.035087719298295,85.9649122807017,True,17.02,False,False,False,False,False,False
81,000423,东阿阿胶,C 制造业,腾讯前复权日K回退（成交额、换手率已提供）,False,2026-07-29,53.8,51.952,49.576,True,True,True,True,53.16,1.2039127163280674,True,72.20155080646867,1.2704073099233568,0.8333789197077079,0.8740567804312978,True,False,False,False,2026-07-02,19.0,66.66656807863568,60.666054287636165,78.66759566063469,False,False,,,False,98443.0,51512.2,1.9110618455433859,True,527453200.0,1.54,342.5020779220779,3.4615384615384492,4.326923076923077,8.520251734710337,13.333333333333522,86.66666666666649,True,54.13,True,False,False,False,False,False
82,000425,徐工机械,C 制造业,腾讯前复权日K回退（成交额、换手率已提供）,False,2026-07-29,9.0,8.918000000000001,8.576,True,True,True,True,9.29,-3.1216361679224884,False,55.9885863216313,0.049724453830910065,-0.034367950516129904,0.16818480869407992,True,False,False,False,2026-07-06,17.0,37.561174769221154,33.4004221548388,45.88267999798586,False,False,2026-07-15,10.0,True,1479287.0,968241.0,1.5278086757325913,False,1320673200.0,1.65,800.408,2.7397260273972712,4.223744292237434,4.944029850746262,24.324324324324337,75.67567567567566,True,10.86,False,False,False,False,True,False
83,000426,兴业银锡,B 采矿业,腾讯前复权日K回退（成交额、换手率已提供）,False,2026-07-29,32.35,32.378,31.957500000000003,False,True,True,True,38.45,-15.864759427828352,False,48.131017537818856,-1.2601337149759573,-1.7525038957512606,0.9847403615506067,True,False,False,False,2026-07-23,4.0,20.94514409110165,18.248251878539524,26.3389285162259,False,False,2026-07-21,6.0,True,570213.0,857313.8,0.6651158537282381,False,1827016500.0,3.21,569.1640186915888,3.520000000000012,6.080000000000007,1.2281936947508354,28.42105263157887,71.57894736842113,True,52.69,False,False,False,False,True,False
84,000428,华天酒店,H 住宿餐饮,腾讯前复权日K回退（成交额、换手率已提供）,False,2026-07-29,4.04,3.438,3.1755000000000004,True,True,True,True,3.67,10.081743869209813,True,76.84786540353406,0.07005970907193237,-0.032670096271862,0.20545961068758875,True,False,False,False,2026-07-06,17.0,46.76740159167466,26.105107117768327,88.09199053948734,False,False,,,False,435942.0,194283.4,2.2438458458108106,True,175461000.0,4.28,40.99556074766355,10.081743869209813,5.994550408719351,27.224059203275058,0.0,100.0,True,3.95,True,True,False,True,False,True
85,000429,粤高速Ａ,G 运输仓储,腾讯前复权日K回退（成交额、换手率已提供）,False,2026-07-29,14.7,14.742,14.247499999999999,False,True,True,True,15.3,-3.9215686274509896,False,58.073361639268875,0.2864083892536051,0.22195336053618975,0.12891005743483075,True,False,False,False,2026-07-17,8.0,84.20870961363524,82.01322214671337,88.59968454747897,False,False,,,False,97330.0,99175.2,0.9813945421839331,False,144228600.0,0.75,192.3048,-2.0652898067954784,2.3984010659560258,3.1759957887348698,41.66666666666683,13.888888888888614,False,15.3,False,True,False,True,False,False
86,000430,张家界,N 公共环保,腾讯前复权日K回退（成交额、换手率已提供）,False,2026-07-29,6.28,6.108,6.434,True,False,False,True,7.52,-16.489361702127653,False,42.69699012617668,-0.3437515030399094,-0.3799968823668316,0.07249075865384436,True,False,False,False,2026-07-28,1.0,14.058890792902943,10.528520426592383,21.119631525524063,False,False,2026-07-27,2.0,True,71176.0,68672.4,1.0364571501796938,False,44933700.0,1.92,23.40296875,0.6410256410256387,2.4038461538461453,-2.3935343487721465,73.33333333333321,26.66666666666678,False,8.75,False,False,False,False,True,False
87,000488,ST晨鸣,C 制造业,腾讯前复权日K回退（成交额、换手率已提供）,False,2026-07-29,1.96,1.9259999999999997,1.954,True,True,False,True,2.1,-6.666666666666672,False,47.34639230839545,-0.04447433772475606,-0.05647102068014799,0.023993365910783854,True,False,False,False,2026-07-03,18.0,7.9574318171191765,6.763783811973646,10.344727827410239,False,False,2026-07-28,1.0,True,105205.0,82352.8,1.2774914756996725,False,20511200.0,0.62,33.08258064516129,2.083333333333326,2.0833333333333353,0.30706243602865946,0.0,100.0,True,2.64,False,False,False,False,False,False
88,000498,山东路桥,E 建筑业,腾讯前复权日K回退（成交额、换手率已提供）,False,2026-07-29,5.0,4.962,4.935,True,True,True,True,5.16,-3.1007751937984525,False,54.117969515101834,0.02240717815347182,0.017670585711461795,0.009473184884020047,True,False,False,False,2026-07-02,19.0,32.058401057285074,30.75418281107118,34.666837549712874,True,False,,,False,131877.0,110303.0,1.1955885152715702,False,65737000.0,0.91,72.23846153846154,2.0408163265306145,3.0612244897959253,1.3171225937183464,20.000000000000117,79.99999999999989,True,5.45,False,False,False,False,False,False
89,000501,武商集团,F 批发零售,腾讯前复权日K回退（成交额、换手率已提供）,False,2026-07-29,7.05,6.88,6.9334999999999996,True,True,False,True,7.36,-4.211956521739137,False,52.3957567645443,-0.06178128424816087,-0.08681087469259897,0.050059180888876204,True,False,False,False,2026-07-01,20.0,21.811518367754974,19.504252261190345,26.426050580884237,False,False,2026-07-28,1.0,True,86782.0,65646.8,1.3219532406758592,False,61073700.0,1.13,54.04752212389381,2.1739130434782483,3.6231884057971016,1.6802480709598369,28.000000000000114,71.99999999999989,True,8.33,False,False,False,False,False,False
90,000503,国新健康,I 信息技术,腾讯前复权日K回退（成交额、换手率已提供）,False,2026-07-29,7.2,6.703999999999999,6.4875,True,True,True,True,7.17,0.4184100418410076,True,61.80295816389995,0.02354429814814374,-0.07800250376251394,0.20309360382131536,True,False,False,False,2026-07-10,13.0,29.806313803270843,20.65925567684697,48.10043005611859,False,False,,,False,417304.0,208553.4,2.0009455611848095,True,301484300.0,4.26,70.77096244131455,0.4184100418409997,3.6262203626220333,10.982658959537577,69.23076923076917,30.76923076923082,False,8.34,False,True,False,False,True,True
91,000504,南华生物,M 科研服务,腾讯前复权日K回退（成交额、换手率已提供）,False,2026-07-29,7.62,7.614,7.9905,True,False,False,False,9.36,-18.589743589743584,False,44.0043486377479,-0.16073373557893866,-0.12083285836342444,-0.07980175443102844,False,True,False,False,,,19.20027949968288,22.69951524965467,12.201807999739295,False,False,,,False,68500.0,77490.2,0.8839827487862981,False,52783800.0,2.08,25.37682692307692,0.39525691699604515,3.5573122529644325,-4.636756147925659,74.07407407407402,7.4074074074075655,False,9.88,False,True,False,False,False,False
92,000505,京粮控股,C 制造业,腾讯前复权日K回退（成交额、换手率已提供）,False,2026-07-29,5.53,5.402,5.3415,True,True,True,True,5.59,-1.073345259391764,False,55.16766125820981,-0.023133158990348512,-0.06237519569020676,0.0784840733997165,True,False,False,False,2026-07-01,20.0,20.566693121902475,17.60501414550784,26.490051074691742,False,False,2026-07-27,2.0,True,66292.0,59742.4,1.1096306810573395,False,36667700.0,1.05,34.921619047619046,1.4678899082568808,2.935779816513764,3.5289712627539145,25.0,75.0,True,7.23,False,False,False,False,False,False
93,000506,招金黄金,B 采矿业,腾讯前复权日K回退（成交额、换手率已提供）,False,2026-07-29,12.71,12.626,12.724,True,False,False,False,14.8,-14.12162162162162,False,49.010092927602614,-0.2722460120225687,-0.35716917476413845,0.1698463254831395,True,False,False,False,2026-07-23,4.0,19.39974488533345,17.684075557526906,22.831083540946544,False,False,2026-07-22,5.0,True,500511.0,787721.2,0.6353910495236132,False,630939400.0,5.39,117.05740259740261,1.5987210231814597,5.595523581135086,-0.11002829298962077,29.9999999999999,70.00000000000011,True,17.28,False,False,False,False,True,False
94,000507,珠海港,G 运输仓储,腾讯前复权日K回退（成交额、换手率已提供）,False,2026-07-29,5.02,4.952,4.846,True,True,True,True,5.12,-1.9531250000000104,False,56.543446544244375,0.02731007464682289,0.00114587875569704,0.0523283917822517,True,False,False,False,2026-07-13,12.0,31.218095737526152,28.27036870754083,37.113549797496795,False,False,,,False,145449.0,124770.0,1.1657369559990383,False,73317400.0,1.61,45.538757763975156,1.2096774193548265,3.2258064516129057,3.5905901774659412,62.50000000000028,37.49999999999972,False,5.45,False,False,False,False,True,False
95,000509,华塑控股,C 制造业,腾讯前复权日K回退（成交额、换手率已提供）,False,2026-07-29,2.92,2.854,3.035,True,False,False,True,3.75,-22.133333333333336,False,38.97624691106085,-0.2622907225963629,-0.29392110576192276,0.06326076633111977,True,False,False,False,2026-07-27,2.0,10.351264178959745,8.738151784169162,13.577488968540912,False,False,2026-07-21,6.0,True,308575.0,310084.4,0.995132293014418,False,88828000.0,2.88,30.84305555555556,2.0979020979021046,4.195804195804199,-3.789126853377272,16.666666666666664,83.33333333333334,True,6.3,False,True,True,False,True,False
96,000510,新金路,C 制造业,腾讯前复权日K回退（成交额、换手率已提供）,False,2026-07-29,14.44,14.842000000000002,17.409,False,False,False,False,27.32,-47.14494875549048,False,35.23912094981988,-1.5941063553675487,-1.251940999956172,-0.6843307108227537,False,True,False,False,,,14.087661872592244,17.033234871648972,8.196515874478791,False,False,,,False,464906.0,465217.0,0.9993314947648086,False,666792500.0,7.66,87.04862924281984,-0.9602194787380003,9.327846364883397,-17.054397150898957,34.5588235294117,55.882352941176485,False,27.85,False,True,False,False,False,False
97,000513,丽珠集团,C 制造业,腾讯前复权日K回退（成交额、换手率已提供）,False,2026-07-29,30.92,30.554000000000002,30.639500000000005,True,True,False,True,31.75,-2.614173228346451,False,54.29336503692372,0.2005582231735623,0.23304842804189302,-0.06498040973666142,False,True,False,False,,,47.260462065100704,45.980692649722435,49.820000895857234,True,False,,,False,69765.0,57823.6,1.2065142952012673,False,215180099.99999997,1.23,174.9431707317073,1.343821697804004,2.1304490331038957,0.915484913265544,15.384615384615092,84.61538461538491,True,31.75,False,True,False,False,True,False
98,000514,渝 开 发,K 房地产,腾讯前复权日K回退（成交额、换手率已提供）,False,2026-07-29,3.78,3.688,3.713,True,True,False,True,3.94,-4.0609137055837605,False,49.30927154263228,-0.0810916088691167,-0.10940623297111304,0.05662924820399268,True,False,False,False,2026-07-06,17.0,9.335187909628347,7.9431718284426305,12.119220071999782,False,False,2026-07-28,1.0,True,102816.0,82498.6,1.2462756943754196,False,38788800.0,1.22,31.794098360655738,2.1621621621621623,3.51351351351351,1.8044707783463434,38.461538461538694,61.5384615384613,False,5.33,False,False,False,False,True,False
99,000516,国际医学,Q 卫生,腾讯前复权日K回退（成交额、换手率已提供）,False,2026-07-29,4.21,4.162000000000001,4.131,True,True,True,True,4.46,-5.605381165919283,False,53.5369240561073,0.02393357368729987,0.017180396580287242,0.013506354214025254,True,False,False,False,,,24.570950241431746,23.34287427669244,27.027102170910354,False,False,,,False,255299.0,248319.2,1.0281081768948996,False,108094700.0,1.16,93.18508620689656,0.23809523809523725,2.3809523809523725,1.912369886226089,0.0,19.999999999999645,False,4.7,False,False,False,False,True,False
100,000517,荣安地产,K 房地产,腾讯前复权日K回退（成交额、换手率已提供）,False,2026-07-29,1.89,1.75,1.7100000000000002,True,True,True,True,1.85,2.162162162162152,True,62.883759877407314,-0.008484969402987819,-0.034995020116641434,0.05302010142730723,True,False,False,False,2026-07-10,13.0,20.173295999188174,13.603041402688392,33.31380519218774,False,False,,,False,870844.0,302528.2,2.878554792578014,True,165329300.0,3.49,47.37229226361031,2.1621621621621623,7.567567567567562,10.526315789473667,57.14285714285723,42.85714285714277,False,2.51,False,True,False,False,True,True
101,000518,四环生物,C 制造业,腾讯前复权日K回退（成交额、换手率已提供）,False,2026-07-29,3.58,3.532,3.6834999999999996,True,False,False,True,4.23,-15.366430260047286,False,50.1665325909861,0.026348896030322422,0.06550023499029978,-0.07830267791995471,False,True,False,False,,,46.0823854367153,47.54759466550659,43.15196697913272,False,False,,,False,338962.0,455025.6,0.7449295160536022,False,119413000.0,3.29,36.295744680851065,1.7045454545454586,3.4090909090909123,-2.8098276096104113,0.0,100.0,True,4.54,False,False,False,False,False,False
102,000519,中兵红箭,C 制造业,腾讯前复权日K回退（成交额、换手率已提供）,False,2026-07-29,14.03,14.065999999999999,15.988,False,False,False,True,21.65,-35.19630484988453,False,33.96987845748532,-1.4759462757360495,-1.396897515091144,-0.15809752128981103,False,True,False,False,,,9.411230569667147,9.16402231821511,9.90564707257122,False,False,2026-07-27,2.0,True,505837.0,643612.6,0.7859339608951099,False,700178400.0,3.63,192.88661157024796,1.8881626724764011,3.776325344952806,-12.246685013760322,3.8461538461540954,96.1538461538459,True,22.81,False,False,False,False,False,False
103,000520,凤凰航运,G 运输仓储,腾讯前复权日K回退（成交额、换手率已提供）,False,2026-07-29,3.82,3.816,4.0535000000000005,True,False,False,True,4.92,-22.357723577235774,False,44.58671455242939,-0.11077837357187459,-0.09672155673954257,-0.028113633664664045,False,True,False,False,,,29.63007282594252,27.62326448260129,33.64368951262498,False,False,,,False,185068.0,263271.2,0.7029557353785754,False,71020000.0,1.83,38.8087431693989,-0.26109660574412663,2.872062663185375,-5.7604539287036065,72.72727272727288,27.272727272727128,False,5.0,False,True,False,False,False,False
104,000521,长虹美菱,C 制造业,腾讯前复权日K回退（成交额、换手率已提供）,False,2026-07-29,4.91,4.843999999999999,5.2555,True,False,False,True,6.36,-22.79874213836478,False,41.31607754682826,-0.18377493933358657,-0.1461042724774711,-0.07534133371223095,False,True,False,False,,,6.960153236806239,7.270714327836239,6.339031054746238,False,False,,,False,93457.0,85391.0,1.0944596034710918,False,45787400.0,1.07,42.79196261682243,1.446280991735538,2.4793388429752086,-6.574065264960508,25.000000000000185,74.99999999999982,True,6.36,False,False,False,False,False,False
105,000523,红棉股份,C 制造业,腾讯前复权日K回退（成交额、换手率已提供）,False,2026-07-29,2.83,2.746,2.71,True,True,True,True,2.87,-1.3937282229965169,False,55.21491604358941,-0.019538370635339586,-0.04257674974574877,0.04607675822081837,True,False,False,False,2026-07-06,17.0,22.79093754533128,19.723469393040926,28.925873849911987,False,False,,,False,267098.0,183831.2,1.4529524911984473,False,75363900.0,2.02,37.30886138613862,2.5362318840579823,3.985507246376807,4.428044280442808,27.272727272727128,72.72727272727288,True,3.5,False,False,False,False,False,False
106,000524,岭南控股,L 商务服务,腾讯前复权日K回退（成交额、换手率已提供）,False,2026-07-29,8.95,8.508,8.7575,True,True,False,True,10.84,-17.435424354243548,False,52.10265859862476,-0.20304145040912402,-0.24515649831355446,0.08423009580886087,True,False,False,False,2026-07-28,1.0,9.54644120056957,6.813786108456498,15.011751384795714,False,False,2026-07-28,1.0,True,151349.0,109285.6,1.3848942587129502,False,136059500.0,2.26,60.20331858407081,3.1105990783410142,5.41474654377881,2.1981159006565685,42.55319148936187,57.44680851063813,False,10.9,False,False,False,False,False,False
107,000525,红太阳,C 制造业,腾讯前复权日K回退（成交额、换手率已提供）,False,2026-07-29,4.68,4.4799999999999995,4.1850000000000005,True,True,True,True,4.58,2.18340611353711,True,66.88559956276106,0.04638494256090908,-0.03984753570718248,0.17246495653618313,True,False,False,False,2026-07-03,18.0,24.189272483383007,18.42519241380062,35.71743262254778,False,False,,,False,234771.0,216602.4,1.0838799570087867,False,109393900.0,2.11,51.845450236966826,2.4070021881837933,3.2822757111597447,11.827956989247292,33.33333333333373,66.66666666666627,False,5.69,False,False,False,False,False,False
108,000526,学大教育,P 教育,腾讯前复权日K回退（成交额、换手率已提供）,False,2026-07-29,33.03,32.861999999999995,29.184500000000003,True,True,True,True,33.64,-1.8133174791914368,False,68.39269471488561,1.4186348313587231,0.7831914162905905,1.2708868301362652,True,False,False,False,,,70.16694775443462,63.17764603021322,84.14555120287743,False,False,,,False,65011.0,61782.4,1.0522576008701507,False,217123100.0,5.35,40.583757009345796,0.030284675953962115,2.9678982434887846,13.17651493087083,66.32653061224497,3.0612244897960443,False,36.26,False,False,False,False,True,False
109,000528,柳 工,C 制造业,腾讯前复权日K回退（成交额、换手率已提供）,False,2026-07-29,8.79,8.610000000000001,8.2395,True,True,True,True,8.74,0.572082379862688,True,62.83913885515983,0.10951528408751265,0.021909562488360502,0.1752114431983043,True,False,False,False,2026-07-02,19.0,43.47814383011694,38.657788587732604,53.11885431488561,False,False,,,False,484239.0,331894.8,1.4590135187414808,False,424878399.99999994,2.38,178.52033613445377,2.8070175438596356,3.5087719298245696,6.681230657200067,36.666666666666984,63.333333333333016,False,10.22,False,False,False,False,True,False
110,000529,广弘控股,C 制造业,腾讯前复权日K回退（成交额、换手率已提供）,False,2026-07-29,4.68,4.558,4.6,True,True,False,True,4.88,-4.098360655737709,False,53.27397325000351,-0.030071164961899655,-0.042837221361154136,0.025532112798508963,True,False,False,False,2026-07-01,20.0,20.897060661806602,18.80019795324611,25.090786078927586,True,False,,,False,45846.0,32924.2,1.3924711914032841,False,21398600.0,0.8,26.74825,2.6315789473684292,3.5087719298245648,1.7391304347826104,12.500000000000277,87.49999999999972,True,5.62,False,False,False,False,True,False
111,000530,冰山冷热,C 制造业,腾讯前复权日K回退（成交额、换手率已提供）,False,2026-07-29,4.85,4.738,4.876,True,False,False,True,5.45,-11.009174311926614,False,45.25265235052536,-0.18893643591606502,-0.2197832520725369,0.06169363231294378,True,False,False,False,2026-07-27,2.0,11.877606932460312,9.321509819847028,16.98980115768688,False,False,2026-07-23,4.0,True,104235.0,118173.2,0.882052783541446,False,50280400.0,1.74,28.896781609195404,1.8907563025210017,2.7310924369747878,-0.5332239540607197,7.692307692308217,92.30769230769178,True,6.8,False,False,False,False,False,False
112,000531,穗恒运Ａ,D 水电煤气,腾讯前复权日K回退（成交额、换手率已提供）,False,2026-07-29,5.83,5.818,5.806500000000001,True,True,True,False,6.21,-6.119162640901769,False,44.338482751659896,-0.16099111303541136,-0.20336376373676035,0.08474530140269798,True,False,False,False,2026-07-15,10.0,10.505496152451313,11.141315080813683,9.23385829572657,False,False,,,False,108564.0,134549.0,0.8068733323919167,False,62995700.0,1.19,52.93756302521008,2.1015761821365997,2.977232924693519,0.4047188495651323,17.647058823529566,82.35294117647044,True,8.22,False,False,False,False,False,False
113,000532,华金资本,S 综合,腾讯前复权日K回退（成交额、换手率已提供）,False,2026-07-29,10.6,10.176,10.360499999999998,True,True,False,True,11.26,-5.861456483126112,False,49.86086549008883,-0.30121330336428187,-0.3814035206864735,0.16038043464438323,True,False,False,False,2026-07-16,9.0,11.987155003255287,8.147588118712134,19.66628877234159,False,False,2026-07-27,2.0,True,57072.0,48602.6,1.1742581672585417,False,59767200.0,1.66,36.004337349397595,3.4146341463414664,3.804878048780476,2.311664494956821,0.0,100.0,True,13.89,False,False,False,False,True,False
114,000533,顺钠股份,C 制造业,腾讯前复权日K回退（成交额、换手率已提供）,False,2026-07-29,12.13,10.486,9.0335,True,True,True,True,11.56,4.930795847750867,True,72.89500037067704,0.10295144573871262,-0.42395399486792,1.0538108812132654,True,False,False,False,2026-07-22,5.0,26.606660634512043,16.764550941811112,46.29088001991391,False,False,2026-07-21,6.0,True,2218122.0,630025.4,3.520686626285226,True,2612630900.0,32.39,80.66165174436554,4.930795847750868,16.782006920415235,34.27796535119279,30.412371134020592,69.58762886597941,False,15.35,False,True,False,True,False,True
115,000534,万泽股份,C 制造业,腾讯前复权日K回退（成交额、换手率已提供）,False,2026-07-29,26.22,25.79,27.398000000000003,True,False,False,True,34.35,-23.668122270742366,False,45.48937231808748,-1.4433713559656383,-1.5711703420017764,0.2555979720722763,True,False,False,False,2026-07-27,2.0,11.988049297039828,10.496849091285021,14.970449708549438,False,False,2026-07-21,6.0,True,192686.0,152793.6,1.261086851805311,False,492102900.0,3.83,128.48639686684072,5.132317562149158,9.663191659983962,-4.2995839112344125,18.6721991701246,81.3278008298754,True,43.05,False,False,False,False,False,False
116,000536,华映科技,C 制造业,腾讯前复权日K回退（成交额、换手率已提供）,False,2026-07-29,3.13,3.0740000000000003,3.281,True,False,False,True,4.29,-27.03962703962704,False,43.6843367428359,-0.1529983728169224,-0.16464377563226001,0.023290805630675204,True,False,False,False,2026-07-28,1.0,13.208007179205259,11.002471812279943,17.61907791305589,False,False,2026-07-27,2.0,True,439940.0,477722.2,0.9209117767606362,False,136383700.0,1.59,85.77591194968552,1.2944983818770295,3.23624595469256,-4.602255409936003,10.000000000000222,89.99999999999979,True,4.71,False,False,False,False,True,False
117,000537,绿发电力,D 水电煤气,腾讯前复权日K回退（成交额、换手率已提供）,False,2026-07-29,7.63,7.616,7.4174999999999995,True,True,True,False,8.01,-4.744069912609238,False,47.634138798202734,-0.1628836948139245,-0.2692320644461921,0.21269673926453514,True,False,False,False,2026-07-06,17.0,13.887749119890962,13.431508379513623,14.80023060064564,False,False,,,False,208149.0,312300.6,0.6665020816482582,False,158176400.0,1.01,156.61029702970296,1.7333333333333423,3.199999999999991,2.8648466464442244,20.833333333333318,79.16666666666669,True,11.6,False,False,False,False,False,False
118,000538,云南白药,C 制造业,腾讯前复权日K回退（成交额、换手率已提供）,False,2026-07-29,51.89,51.428,50.382999999999996,True,True,True,True,52.82,-1.7606967057932597,False,60.87714513902609,0.6447921434392256,0.5108522668267091,0.267879753225033,True,False,False,False,2026-07-02,19.0,54.9481571048907,53.16908704631599,58.50629722204012,False,False,,,False,104135.0,91296.4,1.1406254792083808,False,540514400.0,0.59,916.1261016949153,0.8944195994555759,1.8471709119191053,2.9910882638985474,35.7894736842103,64.2105263157897,False,53.78,False,False,False,False,True,False
119,000539,粤电力Ａ,D 水电煤气,腾讯前复权日K回退（成交额、换手率已提供）,False,2026-07-29,5.65,5.772,5.8905,False,False,False,False,7.36,-23.23369565217391,False,42.28062506784683,-0.30953939997791036,-0.3427358961823202,0.06639299240881968,True,False,False,False,2026-07-22,5.0,12.464210271605554,15.39044215126408,6.6117465122885015,False,False,,,False,1016416.0,1584850.0,0.6413326182288545,False,569086000.0,3.98,142.98643216080401,2.169981916817365,7.233273056057872,-4.082845259315846,32.49999999999994,67.50000000000006,False,9.8,False,False,False,False,True,False
120,000541,佛山照明,C 制造业,腾讯前复权日K回退（成交额、换手率已提供）,False,2026-07-29,4.95,4.878,4.9715,True,False,False,True,5.42,-8.671586715867154,False,48.77272082117804,-0.053700772810018726,-0.050353979051235384,-0.006693587517566685,False,True,False,False,,,19.165363572837467,17.54403987927452,22.408010959963363,True,False,,,False,79549.0,66267.2,1.20042796436246,False,39185600.0,0.65,60.28553846153846,1.642710472279263,1.8480492813141656,-0.43246505078949277,11.11111111111089,88.88888888888911,True,5.8,False,False,False,False,False,False
121,000543,皖能电力,D 水电煤气,腾讯前复权日K回退（成交额、换手率已提供）,False,2026-07-29,7.91,7.845999999999999,7.6105,True,True,True,False,8.25,-4.121212121212119,False,53.98154332912339,0.02594982195189033,-0.028858497081711582,0.10961663806720381,True,False,False,False,2026-07-13,12.0,29.548087241517802,29.019968896964347,30.60432393062471,True,False,,,False,349575.0,369457.8,0.9461838402112501,False,275156000.0,1.54,178.6727272727273,2.3285899094437124,3.3635187580853785,3.9353524735562724,23.076923076922945,76.92307692307705,True,9.71,False,False,False,False,False,False
122,000544,中原环保,D 水电煤气,腾讯前复权日K回退（成交额、换手率已提供）,False,2026-07-29,7.35,7.268000000000001,7.2375,True,True,True,True,7.53,-2.3904382470119603,False,51.94742648002303,-0.031361584515331664,-0.05173319165613033,0.04074321428159733,True,False,False,False,2026-07-08,15.0,19.607785730139522,18.261215221883692,22.30092674665118,True,False,,,False,51397.0,43978.0,1.1686979853563144,False,37634800.0,0.53,71.00905660377359,1.6597510373443924,2.0746887966805025,1.5544041450777177,6.666666666667101,93.3333333333329,True,8.31,False,False,False,False,False,False
123,000545,金浦钛业,C 制造业,腾讯前复权日K回退（成交额、换手率已提供）,False,2026-07-29,2.48,2.44,2.518,True,False,False,True,2.75,-9.818181818181818,False,48.21639962948792,-0.04084751211020077,-0.037634904112404846,-0.006425215995591843,False,True,False,False,,,11.599413209471956,9.8251915260905,15.147856576234872,False,False,2026-07-28,1.0,True,339298.0,319993.0,1.060329444706603,False,83618600.0,3.44,24.307732558139534,1.2244897959183598,3.265306122448982,-1.5091342335186582,12.500000000000277,87.49999999999972,True,3.15,False,False,False,False,True,False
124,000546,金圆股份,C 制造业,腾讯前复权日K回退（成交额、换手率已提供）,False,2026-07-29,4.33,4.168,4.3965,True,False,False,True,5.26,-17.68060836501901,False,43.02716388899472,-0.2779648996034627,-0.31692253853212377,0.07791527785732211,True,False,False,False,2026-07-27,2.0,8.467006916490092,6.473272685884851,12.454475377700575,False,False,2026-07-23,4.0,True,211322.0,174724.2,1.2094603952972742,False,90559599.99999999,3.03,29.887656765676564,3.83693045563549,5.7553956834532425,-1.5125668145115334,20.83333333333324,79.16666666666676,True,8.27,False,False,False,False,True,False
125,000547,航天发展,C 制造业,腾讯前复权日K回退（成交额、换手率已提供）,False,2026-07-29,14.18,14.144,15.445500000000001,True,False,False,True,20.42,-30.55827619980412,False,36.71077765990813,-1.4400394665482352,-1.5521463020930761,0.22421367108968182,True,False,False,False,2026-07-27,2.0,9.39947059322379,7.949883476764167,12.298644826143034,False,False,2026-07-21,6.0,True,543660.0,922609.4,0.5892634521174399,False,764066000.0,3.42,223.4111111111111,0.07057163020465218,3.5991531404375428,-8.193324916642394,17.64705882352939,82.35294117647061,True,29.97,False,True,False,False,True,False
126,000548,湖南投资,G 运输仓储,腾讯前复权日K回退（成交额、换手率已提供）,False,2026-07-29,4.22,4.132,4.165,True,True,False,True,4.41,-4.308390022675745,False,49.08058190257483,-0.07640499883225527,-0.10024368077830116,0.04767736389209179,True,False,False,False,2026-07-03,18.0,10.636553113335689,8.758328920108255,14.393001499790557,False,False,2026-07-28,1.0,True,64135.0,62713.2,1.0226714631050562,False,27000100.000000004,1.28,21.093828125,1.6867469879517927,2.650602409638562,1.320528211284507,27.27272727272742,72.72727272727259,True,5.39,False,False,False,False,True,False
127,000550,江铃汽车,C 制造业,腾讯前复权日K回退（成交额、换手率已提供）,False,2026-07-29,16.66,16.366,16.177,True,True,True,True,16.97,-1.8267530936947483,False,55.55027023234328,0.0053456189267002685,-0.05992082454005631,0.13053288693351317,True,False,False,False,2026-07-14,11.0,33.149913494464215,31.606857528254967,36.23602542688271,True,False,,,False,45300.0,32784.6,1.381746307717648,False,74846700.0,0.87,86.03068965517241,2.839506172839501,3.51851851851852,2.9857204673301636,5.263157894737039,94.73684210526297,True,18.96,False,True,False,False,True,False
128,000551,创元科技,C 制造业,腾讯前复权日K回退（成交额、换手率已提供）,False,2026-07-29,12.87,12.766,15.4845,True,False,False,True,21.92,-41.28649635036497,False,36.24171571130348,-1.2512321984000803,-0.9509952032413018,-0.6004739903175569,False,True,False,False,,,12.814320796049413,13.955871043614225,10.531220300919788,False,False,,,False,225026.0,198931.6,1.1311727246953225,False,283300400.0,4.64,61.05612068965518,0.6254886630179923,5.863956215793589,-16.884626562045927,16.000000000000135,83.99999999999986,True,21.92,False,True,False,False,True,False
129,000552,甘肃能化,B 采矿业,腾讯前复权日K回退（成交额、换手率已提供）,False,2026-07-29,2.61,2.5799999999999996,2.479,True,True,True,True,2.65,-1.5094339622641524,False,57.67396835305657,0.021877311065595872,-0.0009975970350305976,0.045749816201252944,True,False,False,False,2026-07-06,17.0,42.83134233056961,40.07057925706106,48.35286847758671,False,False,,,False,633049.0,680940.4,0.9296687345911624,False,164294800.0,1.7,96.644,2.7559055118110187,4.330708661417318,5.28438886647841,18.18181818181822,81.81818181818178,True,2.97,False,False,False,False,False,False
130,000553,安道麦A,C 制造业,腾讯前复权日K回退（成交额、换手率已提供）,False,2026-07-29,5.26,5.172,5.4555,True,False,False,True,6.01,-12.479201331114808,False,41.62759661117252,-0.20088473376480565,-0.19988888207635255,-0.0019917033769061843,False,True,False,False,,,6.7796165231852585,6.031410740094756,8.276028089366264,True,False,2026-07-29,0.0,True,92744.0,77678.2,1.1939514561356983,False,48363000.0,0.43,112.47209302325582,2.135922330097073,3.106796116504857,-3.583539547245899,18.75000000000014,81.24999999999987,True,7.63,False,False,False,False,False,False
131,000554,泰山石油,F 批发零售,腾讯前复权日K回退（成交额、换手率已提供）,False,2026-07-29,6.34,6.4,6.2455,False,True,True,False,6.97,-9.03873744619799,False,49.876335594770865,0.023337376014237243,0.002780547605593004,0.04111365681728848,True,False,False,False,2026-07-03,18.0,20.999058090499684,20.964797596445624,21.0675790786078,True,False,,,False,247971.0,399151.2,0.6212457835526988,False,156636300.0,6.9,22.70091304347826,2.4232633279482885,3.3925686591276247,1.5130894243855582,38.09523809523814,61.90476190476186,False,8.31,False,False,False,False,True,False
132,000555,神州信息,I 信息技术,腾讯前复权日K回退（成交额、换手率已提供）,False,2026-07-29,10.82,10.532,10.086500000000001,True,True,True,True,10.87,-0.45998160073596084,False,53.726044061890065,-0.16512334957445773,-0.3647052782192728,0.3991638572896301,True,False,False,False,2026-07-09,14.0,11.828614886420977,9.829855167003567,15.826134325255797,False,False,2026-07-21,6.0,True,348646.0,394427.8,0.8839285669012175,False,372952400.0,3.58,104.17664804469273,1.1214953271028172,3.2710280373831746,7.272096366430371,5.714285714285598,94.2857142857144,True,15.08,False,False,False,False,False,False
133,000557,西部创业,G 运输仓储,腾讯前复权日K回退（成交额、换手率已提供）,False,2026-07-29,3.67,3.6019999999999994,3.594,True,True,True,True,3.78,-2.9100529100529067,False,50.57540556422767,-0.04515848613129814,-0.06944311658044562,0.04856926089829497,True,False,False,False,2026-07-03,18.0,14.903776302313817,13.806401938461278,17.098525030018898,True,False,2026-07-29,0.0,True,79703.0,70901.6,1.1241354214855517,False,29220000.0,0.55,53.12727272727272,1.6620498614958512,2.7700831024930777,2.1146355036171416,30.00000000000022,69.99999999999977,False,4.75,False,False,False,False,False,False
134,000558,天府文旅,N 公共环保,腾讯前复权日K回退（成交额、换手率已提供）,False,2026-07-29,3.33,3.258,3.2275,True,True,True,True,3.48,-4.310344827586205,False,51.3116857987491,-0.058171899630661716,-0.09365809453123802,0.07097238980115261,True,False,False,False,2026-07-06,17.0,13.783689510162622,11.190147329013042,18.97077387246178,False,False,,,False,285641.0,266126.0,1.0733299264258285,False,95132700.0,2.22,42.85256756756756,1.2158054711246313,2.7355623100303905,3.1758326878388856,33.33333333333317,66.66666666666683,False,4.29,False,True,False,False,False,False
135,000559,万向钱潮,C 制造业,腾讯前复权日K回退（成交额、换手率已提供）,False,2026-07-29,10.77,10.588,11.4285,True,False,False,True,14.45,-25.467128027681664,False,38.058193773752016,-0.8284333191169608,-0.8916569838674064,0.12644732950089121,True,False,False,False,2026-07-27,2.0,6.337973129892369,5.447911108416942,8.118097172843223,False,False,2026-07-21,6.0,True,392536.0,278046.2,1.41176538287522,False,417263800.0,1.18,353.6133898305085,2.669208770257381,4.575786463298384,-5.761911011943826,16.666666666666664,83.33333333333334,True,18.78,False,False,False,False,False,False
136,000560,我爱我家,K 房地产,腾讯前复权日K回退（成交额、换手率已提供）,False,2026-07-29,2.24,2.1719999999999997,2.107,True,True,True,True,2.27,-1.3215859030836918,False,54.57806993756059,-0.02817933041200682,-0.06212156325812919,0.06788446569224474,True,False,False,False,2026-07-01,20.0,15.371988004708603,12.773329242658972,20.569305528807863,False,False,,,False,728730.0,712737.8,1.0224377043002348,False,162667800.0,3.12,52.137115384615385,2.2831050228310668,3.6529680365296633,6.312292358803987,24.999999999999584,75.00000000000043,True,3.42,False,False,False,False,False,False
137,000561,烽火电子,C 制造业,腾讯前复权日K回退（成交额、换手率已提供）,False,2026-07-29,7.39,7.186,7.142,True,True,True,True,7.81,-5.377720870678616,False,51.64751150588029,-0.14356735931867703,-0.220863828154468,0.15459293767158194,True,False,False,False,2026-07-01,20.0,15.355756677990556,12.249431625773374,21.56840678242492,False,False,,,False,108446.0,104874.8,1.0340520315652568,False,79833300.0,1.4,57.023785714285715,2.2130013831258566,2.7662517289073207,3.472416690002791,20.00000000000009,79.99999999999991,True,10.0,False,False,False,False,False,False
138,000563,陕国投Ａ,J 金融业,腾讯前复权日K回退（成交额、换手率已提供）,False,2026-07-29,3.07,3.0140000000000002,2.9539999999999997,True,True,True,True,3.1,-0.967741935483879,False,59.998138471379676,0.027191917841400404,0.015861112930689023,0.022661609821422762,True,False,False,False,2026-07-02,19.0,36.86307312491685,33.95862891587188,42.6719615430068,False,False,,,False,582320.0,404260.6,1.4404569725568113,False,177802500.0,1.14,155.9671052631579,2.6755852842809347,3.3444816053511586,3.9268788083954003,20.00000000000009,79.99999999999991,True,3.3,False,False,False,False,False,False
139,000564,供销大集,F 批发零售,腾讯前复权日K回退（成交额、换手率已提供）,False,2026-07-29,1.4,1.3599999999999999,1.348,True,True,True,True,1.43,-2.0979020979020997,False,51.552690117661776,-0.025585165994883585,-0.04026214728554561,0.029353962581324056,True,False,False,False,2026-07-03,18.0,9.595799387636221,7.902021699934579,12.983354763039507,False,False,2026-07-28,1.0,True,3051847.0,1902848.6,1.6038306988795639,False,426999300.0,2.02,211.3857920792079,2.941176470588225,3.676470588235281,3.8575667655786217,40.00000000000018,59.99999999999982,False,1.89,False,False,False,False,False,False
140,000565,渝三峡Ａ,C 制造业,腾讯前复权日K回退（成交额、换手率已提供）,False,2026-07-29,5.59,5.424,5.642,True,False,False,True,6.22,-10.12861736334405,False,44.77570261856115,-0.22618193534486508,-0.259378650851229,0.06639343101272788,True,False,False,False,2026-07-27,2.0,11.522863718692577,9.265830369768379,16.036930416540972,False,False,2026-07-23,4.0,True,95012.0,98247.6,0.9670668800052112,False,52744600.0,2.19,24.084292237442924,2.3809523809523725,3.1135531135531123,-0.9216589861751239,17.647058823529566,82.35294117647044,True,8.77,False,False,False,False,False,False
141,000566,海南海药,C 制造业,腾讯前复权日K回退（成交额、换手率已提供）,False,2026-07-29,5.41,5.29,5.2925,True,True,False,True,6.73,-19.61367013372957,False,54.352458849461435,0.16977173295491976,0.15545066177917646,0.0286421423514866,True,False,False,False,2026-07-28,1.0,56.72926092437965,52.18925024707673,65.8092822789855,False,False,,,False,2596729.0,1378421.6,1.8838423599862335,True,1400245600.0,20.03,69.90741887169246,-7.204116638078906,8.233276157804466,2.220122815304671,4.166666666666759,33.33333333333333,False,6.73,False,False,False,False,False,True
142,000567,海德股份,J 金融业,腾讯前复权日K回退（成交额、换手率已提供）,False,2026-07-29,6.0,5.65,5.8095,True,True,False,True,6.59,-8.952959028831561,False,54.929615291695754,-0.07614593323453889,-0.08574096634009758,0.01919006621111738,True,False,True,False,,,34.32198220767906,29.874868711226487,43.21620920058421,True,False,,,False,399709.0,219519.8,1.8208334737914302,True,235344100.0,2.05,114.80200000000002,6.0070671378091856,7.067137809187285,3.2791117996385255,10.0,90.0,True,7.05,False,False,False,False,False,False
143,000568,泸州老窖,C 制造业,腾讯前复权日K回退（成交额、换手率已提供）,False,2026-07-29,88.23,85.42,81.46300000000001,True,True,True,True,88.46,-0.2600045218177592,False,60.63279036327822,1.1984534904669317,0.20968126552707644,1.9775444498797106,True,False,False,False,2026-07-02,19.0,35.90122860062905,32.0362159311832,43.63125393952073,False,False,,,False,178435.0,127217.6,1.4025968105042068,False,1576909200.0000002,1.21,1303.230743801653,1.413793103448291,3.3908045977011527,8.306838687502296,43.050847457626936,56.949152542373064,False,102.1,False,True,False,False,True,False
144,000570,苏常柴Ａ,C 制造业,腾讯前复权日K回退（成交额、换手率已提供）,False,2026-07-29,4.92,4.84,4.843999999999999,True,True,False,True,5.07,-2.9585798816568114,False,49.63753485638641,-0.08153811430884605,-0.11749261810218747,0.07190900758668284,True,False,False,False,2026-07-02,19.0,12.972245572679492,11.787208119346863,15.342320479344753,False,False,2026-07-28,1.0,True,100775.0,103896.6,0.9699547434660999,False,49442900.0,1.81,27.316519337016572,1.4432989690721598,2.0618556701031037,1.5689512799339496,30.00000000000009,69.9999999999999,False,6.84,False,False,False,False,False,False
145,000571,新大洲A,B 采矿业,腾讯前复权日K回退（成交额、换手率已提供）,False,2026-07-29,5.65,5.908,6.2245,False,False,False,False,7.23,-21.853388658367912,False,43.38471619892777,-0.06608192511403743,0.0047916305544225945,-0.14174711133692006,False,True,False,False,,,41.92342250991649,43.781464345574705,38.207338838600066,False,True,,,False,226309.0,323964.4,0.6985613234046704,False,126188700.00000001,2.78,45.39161870503598,-2.753872633390697,5.16351118760757,-9.229657000562288,13.333333333333353,66.66666666666676,False,7.23,False,False,False,False,False,False
146,000572,海马汽车,C 制造业,腾讯前复权日K回退（成交额、换手率已提供）,False,2026-07-29,3.72,3.554,3.56,True,True,False,True,4.2,-11.428571428571429,False,50.98031894325901,-0.13417606644415647,-0.19373020229982316,0.11910827171133337,True,False,False,False,2026-07-14,11.0,10.557283234893028,7.951408893072798,15.769031918533488,False,False,2026-07-22,5.0,True,759193.0,453414.6,1.6743902820950187,False,279586800.0,4.62,60.51662337662337,3.9106145251396773,4.748603351955305,4.494382022471914,17.647058823529306,82.3529411764707,True,5.69,False,False,False,False,False,False
147,000573,粤宏远Ａ,C 制造业,腾讯前复权日K回退（成交额、换手率已提供）,False,2026-07-29,3.6,3.5119999999999996,3.5265,True,True,False,True,3.88,-7.2164948453608195,False,48.27193185969398,-0.09676221250173622,-0.12577980909510023,0.05803519318672801,True,False,False,False,2026-07-10,13.0,15.004830231388903,13.512304818470083,17.989881057226544,False,False,2026-07-28,1.0,True,155678.0,135203.2,1.1514372440888971,False,55901300.0,2.46,22.72410569105691,2.564102564102577,3.988603988603993,2.0842194810718877,42.857142857142854,57.14285714285714,False,5.05,False,False,False,False,True,False
148,000576,甘化科工,C 制造业,腾讯前复权日K回退（成交额、换手率已提供）,False,2026-07-29,6.69,6.556,6.7875,True,False,False,True,8.14,-17.813267813267814,False,47.64453253692389,-0.1998407889909508,-0.2427216565881801,0.08576173519445857,True,False,False,False,2026-07-27,2.0,13.60944377219875,10.869770012330626,19.088791291934996,False,False,2026-07-23,4.0,True,100967.0,131134.8,0.7699481754652465,False,67423400.0,2.33,28.937081545064377,1.0574018126888296,2.7190332326284077,-1.4364640883977793,27.777777777777583,72.22222222222241,True,9.23,False,False,False,False,False,False
149,000581,威孚高科,C 制造业,腾讯前复权日K回退（成交额、换手率已提供）,False,2026-07-29,17.61,17.144,17.026,True,True,True,True,17.68,-0.3959276018099564,False,58.52224648863201,-0.02846920444561718,-0.12466048356300637,0.19238255823477837,True,False,False,False,2026-07-02,19.0,22.163293472859966,18.642511105582816,29.20485820741427,False,False,2026-07-20,7.0,True,107778.0,68807.4,1.5663722215924452,False,188409000.0,1.36,138.5360294117647,2.9824561403508643,3.040935672514617,3.430048161635144,7.692307692307534,92.30769230769246,True,19.72,False,False,False,False,False,False
150,000582,北部湾港,G 运输仓储,腾讯前复权日K回退（成交额、换手率已提供）,False,2026-07-29,12.32,12.176,11.3995,True,True,True,True,12.58,-2.0667726550079477,False,59.9717395385825,0.17308495460060236,-0.009435577858446127,0.36504106491809696,True,False,False,False,2026-07-06,17.0,38.446169059993274,33.29534797718455,48.74781122561072,False,False,,,False,332664.0,484777.0,0.6862206746607203,False,407251000.0,1.54,264.4487012987013,0.24410089503661414,3.5801464605370183,8.074915566472217,27.272727272727128,70.45454545454565,True,15.46,False,True,False,False,True,False
151,000586,汇源通信,C 制造业,腾讯前复权日K回退（成交额、换手率已提供）,False,2026-07-29,10.6,10.524,11.474,True,False,False,True,13.85,-23.465703971119133,False,33.3783015337535,-1.08715641016272,-1.1725891880651986,0.17086555580495721,True,False,False,False,2026-07-27,2.0,7.415973001817588,6.356462849484527,9.534993306483711,False,False,2026-07-21,6.0,True,70493.0,54456.4,1.294485129387914,False,73980800.0,3.69,20.0489972899729,0.569259962049351,3.98481973434535,-7.617221544361169,19.04761904761907,80.95238095238093,True,20.7,False,True,False,False,True,False
152,000589,贵州轮胎,C 制造业,腾讯前复权日K回退（成交额、换手率已提供）,False,2026-07-29,4.36,4.304,4.2989999999999995,True,True,True,True,4.47,-2.4608501118568107,False,53.12933693821574,-0.012829204140120787,-0.02615031048571745,0.026642212691193323,True,False,False,False,2026-07-03,18.0,29.23680687715491,27.539161475825924,32.63209767981288,False,False,,,False,207621.0,178668.2,1.162047863022071,False,90488100.0,1.34,67.5284328358209,1.1600928074246175,2.088167053364266,1.418934635961871,22.22222222222178,77.77777777777821,True,5.07,False,False,False,False,False,False
153,000590,古汉医药,C 制造业,腾讯前复权日K回退（成交额、换手率已提供）,False,2026-07-29,8.08,7.962000000000001,8.144000000000002,True,False,False,True,8.8,-8.181818181818189,False,43.441164815662596,-0.2832700539728492,-0.3371114569631296,0.10768280598056079,True,False,False,False,2026-07-14,11.0,10.612972006610436,9.274902557987117,13.289110903857075,False,False,2026-07-27,2.0,True,29810.0,33398.2,0.8925630722613794,False,24155500.0,1.25,19.3244,0.0,2.5990099009901098,-0.7858546168958966,66.66666666666666,33.33333333333333,False,11.41,False,False,False,False,True,False
154,000591,太阳能,D 水电煤气,腾讯前复权日K回退（成交额、换手率已提供）,False,2026-07-29,4.52,4.474,4.397,True,True,True,True,4.72,-4.237288135593224,False,48.53596697581179,-0.09214770872367062,-0.142971195668956,0.10164697389057076,True,False,False,False,2026-07-15,10.0,14.214603926285777,13.282762508363797,16.07828676212974,False,False,2026-07-15,10.0,True,527572.0,524080.4,1.0066623365422558,False,236634000.0,1.35,175.28444444444443,2.262443438914019,2.941176470588233,2.7973618376165414,15.384615384615753,84.61538461538424,True,6.49,False,False,False,False,False,False
155,000592,平潭发展,C 制造业,腾讯前复权日K回退（成交额、换手率已提供）,False,2026-07-29,5.76,5.708,5.9195,True,False,False,True,7.76,-25.773195876288664,False,40.113152870361354,-0.4657081440449158,-0.575074840273467,0.21873339245710244,True,False,False,False,2026-07-22,5.0,9.201191875930798,7.704249134223006,12.195077359346383,False,False,2026-07-21,6.0,True,1101771.0,1484905.4,0.7419806002456453,False,630793100.0,5.75,109.70314782608696,0.34843205574912606,4.00696864111499,-2.69448433144692,26.086956521739296,73.9130434782607,True,12.46,False,True,False,False,True,False
156,000593,德龙汇能,D 水电煤气,腾讯前复权日K回退（成交额、换手率已提供）,False,2026-07-29,16.67,17.652000000000005,20.7965,False,False,False,False,26.78,-37.752053771471246,False,34.5103461677856,-1.3652219826891319,-0.8682056185381699,-0.9940327283019239,False,True,False,False,,,30.716043112266913,37.28734734106022,17.573434654680298,False,False,,,False,169458.0,189234.0,0.8954944671676337,False,284345300.0,4.73,60.11528541226215,-2.912055911473499,8.211997670355272,-19.84228115307864,19.148936170212732,46.099290780141985,False,27.99,False,False,False,False,True,False
157,000595,新能股份,C 制造业,腾讯前复权日K回退（成交额、换手率已提供）,False,2026-07-29,5.36,5.648000000000001,5.4079999999999995,False,False,True,True,6.65,-19.398496240601503,False,46.457206733762895,-0.19119797567969066,-0.30091502403472614,0.21943409671007097,True,False,False,False,2026-07-23,4.0,29.188486299829858,25.711958009074454,36.14154288134066,False,False,2026-07-22,5.0,True,557236.0,634722.2,0.8779210810650707,False,295511000.0,4.89,60.4316973415133,-0.9242144177449174,5.175600739371538,-0.8875739644970259,21.42857142857127,78.57142857142873,True,8.2,False,False,False,False,False,False
158,000596,古井贡酒,C 制造业,腾讯前复权日K回退（成交额、换手率已提供）,False,2026-07-29,90.91,89.504,83.4675,True,True,True,False,98.61,-7.8085386877598655,False,58.96800446794282,2.7061634412958284,1.7192031092895985,1.9739206640124598,True,False,False,False,2026-07-01,20.0,48.80306302878177,46.18988472755624,54.02941963123284,False,False,,,False,95410.0,91642.6,1.0411097022563742,False,868672300.0,2.34,371.22747863247866,0.5085682697622884,3.957987838584867,8.916644202833432,49.441340782123014,50.55865921787698,False,107.5,False,False,False,False,True,False
159,000597,东北制药,C 制造业,腾讯前复权日K回退（成交额、换手率已提供）,False,2026-07-29,4.61,4.596,4.6105,True,False,False,False,4.94,-6.680161943319838,False,50.95100679030062,0.026183766075527082,0.034908551094403065,-0.017449570037751966,False,True,False,False,,,32.437648021761696,33.78687305591351,29.73919795345806,False,False,,,False,88712.0,112243.2,0.7903552286463679,False,40878600.0,0.63,64.88666666666667,0.875273522975939,1.7505470459518613,-0.010844810758046263,24.999999999999446,75.00000000000055,True,5.1,False,False,False,False,True,False
160,000598,兴蓉环境,D 水电煤气,腾讯前复权日K回退（成交额、换手率已提供）,False,2026-07-29,7.33,7.318,6.866499999999999,True,True,True,True,7.44,-1.4784946236559182,False,67.53746351078675,0.2215266233619344,0.17219424441731346,0.0986647578892419,True,False,False,False,2026-07-08,15.0,90.67191339697979,89.56639054657735,92.88295909778466,False,False,,,False,286876.0,303531.4,0.945127917572943,False,210354100.0,0.96,219.1188541666667,1.5235457063711877,2.2160664819944618,6.75016383892814,25.0,75.0,True,7.44,True,False,False,False,False,False
161,000599,青岛双星,C 制造业,腾讯前复权日K回退（成交额、换手率已提供）,False,2026-07-29,4.59,4.473999999999999,4.3915,True,True,True,True,4.64,-1.077586206896548,False,53.67862456780409,-0.046608907967780056,-0.09491437997734725,0.09661094401913439,True,False,False,False,2026-07-03,18.0,15.48316797640578,12.52092054260902,21.407662843999297,False,False,2026-07-27,2.0,True,105429.0,128107.4,0.8229735362672258,False,48304399.99999999,1.29,37.445271317829445,1.5486725663716783,2.654867256637171,4.520095639303203,33.33333333333333,66.66666666666666,False,6.22,False,False,False,False,True,False
162,000600,建投能源,D 水电煤气,腾讯前复权日K回退（成交额、换手率已提供）,False,2026-07-29,8.78,8.786,8.501,False,True,True,False,9.58,-8.350730688935288,False,48.5794759955154,-0.16994058015313485,-0.281957895598758,0.2240346308912463,True,False,False,False,2026-07-20,7.0,20.16334249252651,19.868684991262068,20.752657495055395,False,False,2026-07-17,8.0,True,380737.0,476681.6,0.7987239280895256,False,331415199.99999994,3.49,94.96137535816617,2.810304449648715,4.332552693208423,3.281966827432066,24.324324324324337,75.67567567567566,True,12.99,False,False,False,False,False,False
163,000601,韶能股份,D 水电煤气,腾讯前复权日K回退（成交额、换手率已提供）,False,2026-07-29,6.41,6.478,6.547,False,False,False,False,7.26,-11.707988980716248,False,47.09449242756705,-0.08599274331164342,-0.10516299415840845,0.038340501693530066,True,False,False,False,2026-07-03,18.0,17.51270788390404,19.70133029754068,13.135463056630755,False,False,,,False,495657.0,956376.6,0.5182655033592416,False,315230300.0,4.72,66.78608050847458,0.7861635220125729,4.40251572327043,-2.0925614785397824,21.42857142857134,78.57142857142865,True,9.89,False,False,False,False,True,False
164,000603,盛达资源,B 采矿业,腾讯前复权日K回退（成交额、换手率已提供）,False,2026-07-29,25.0,24.726,22.5285,True,True,True,True,26.69,-6.331959535406524,False,54.315196423002824,-0.5154533160707331,-1.309611851021531,1.588317069901596,True,False,False,False,2026-07-21,6.0,23.79571649010323,19.028449814819062,33.33024984067157,False,False,2026-07-21,6.0,True,541167.0,651521.8,0.8306199424178898,False,1335331600.0,8.12,164.44970443349754,3.863730785209807,7.18737017033652,10.970548416450269,21.96531791907508,78.03468208092492,True,41.19,False,True,False,False,True,False
165,000605,渤海股份,D 水电煤气,腾讯前复权日K回退（成交额、换手率已提供）,False,2026-07-29,5.54,5.356,5.4639999999999995,True,True,False,True,5.92,-6.4189189189189175,False,49.45855283199109,-0.12912477673649292,-0.1554933230302742,0.05273709258756254,True,False,False,False,2026-07-27,2.0,11.893204357594557,9.65568683573805,16.368239401307573,True,False,2026-07-29,0.0,True,57169.0,46348.6,1.2334568897442426,False,31439500.0,1.62,19.4070987654321,3.165735567970196,4.841713221601486,1.3909224011713124,30.76923076923082,69.23076923076917,False,7.3,False,False,False,False,True,False
166,000607,华媒控股,L 商务服务,腾讯前复权日K回退（成交额、换手率已提供）,False,2026-07-29,3.44,3.312,3.247,True,True,True,True,3.46,-0.5780346820809253,False,58.33079291593705,-0.007375417727547351,-0.04146435570462447,0.06817787595415424,True,False,False,False,2026-07-02,19.0,27.47680731878934,23.155892802237997,36.11863635189203,False,False,,,False,108248.0,102680.4,1.0542226169746125,False,37036600.0,1.22,30.357868852459017,2.0771513353115667,2.6706231454006026,5.943948259932248,11.11111111111133,88.88888888888867,True,4.22,False,False,False,False,False,False
167,000608,阳光股份,K 房地产,腾讯前复权日K回退（成交额、换手率已提供）,False,2026-07-29,6.03,6.364,6.1899999999999995,False,False,True,True,7.13,-15.427769985974749,False,47.312505499516256,0.05391969110684247,0.09215392279146202,-0.0764684633692391,False,True,False,False,,,59.35787036119543,60.412651620401526,57.248307842783234,False,True,,,False,288560.0,384825.6,0.7498461640805602,False,174706900.0,3.87,45.14390180878552,-2.898550724637672,6.92431561996779,-2.5848142164781787,13.953488372092943,39.53488372093024,False,8.14,False,False,False,False,False,False
168,000609,*ST中迪,S 综合,腾讯前复权日K回退（成交额、换手率已提供）,False,2026-07-29,9.19,9.144,10.866499999999998,True,False,False,True,14.06,-34.63726884779517,False,31.31561716788957,-0.9021368268877676,-0.7360784752710086,-0.33211670323351816,False,True,False,False,,,13.424280287615991,15.83362803727961,8.605584788288752,False,False,,,False,60824.0,77702.6,0.7827794694128639,False,55853200.0,2.09,26.724019138755985,0.6571741511500306,4.3811610076670355,-15.428150738508254,50.00000000000022,49.99999999999978,False,16.86,False,False,False,False,True,False
169,000610,*ST西旅,L 商务服务,腾讯前复权日K回退（成交额、换手率已提供）,False,2026-07-29,5.44,5.276,5.4825,True,False,False,True,6.19,-12.116316639741518,False,44.613960456049455,-0.2785074390110083,-0.33531936230726467,0.11362384659251279,True,False,False,False,2026-07-23,4.0,7.972080892194168,6.2591746541407325,11.397893368301041,False,False,2026-07-27,2.0,True,20208.0,26131.6,0.773316597529428,False,11010000.0,0.86,12.80232558139535,1.3035381750465591,2.2346368715083815,-0.775193798449604,49.99999999999963,50.00000000000037,False,7.99,False,True,False,False,True,False
170,000612,焦作万方,C 制造业,腾讯前复权日K回退（成交额、换手率已提供）,False,2026-07-29,11.01,10.722,10.5375,True,True,True,True,11.2,-1.6964285714285672,False,53.137351316360835,-0.08758174519695672,-0.1634469739369358,0.15173045747995817,True,False,False,False,2026-07-14,11.0,29.46222321111826,25.9546530855979,36.47736346215898,False,False,,,False,494198.0,358876.6,1.3770694439258508,False,537900600.0,4.15,129.61460240963854,4.558404558404572,5.033238366571694,4.483985765124557,16.98113207547169,83.01886792452831,True,13.47,False,False,False,False,False,False
171,000615,*ST美谷,Q 卫生,腾讯前复权日K回退（成交额、换手率已提供）,False,2026-07-29,3.01,2.9899999999999998,3.0985,True,False,False,True,3.4,-11.470588235294121,False,41.72156350531951,-0.0868372680109788,-0.08900254859616726,0.004330561170376918,True,False,True,False,,,19.99070642291611,18.548108462291026,22.875902344166278,False,False,2026-07-22,5.0,True,43558.0,44512.8,0.9785499901152027,False,13031900.0,0.47,27.727446808510642,1.0067114093959662,1.6778523489932826,-2.8562207519767706,0.0,100.0,True,3.92,False,False,False,False,False,False
172,000617,中油资本,J 金融业,腾讯前复权日K回退（成交额、换手率已提供）,False,2026-07-29,7.05,6.956,6.8115000000000006,True,True,True,True,7.24,-2.6243093922651988,False,52.14374394848487,-0.06205715953347468,-0.1275183811126428,0.13092244315833623,True,False,False,False,2026-07-01,20.0,8.686314480351493,8.026566357669724,10.005810725715033,False,False,2026-07-15,10.0,True,964643.0,973385.0,0.991018969883448,False,676257300.0,0.76,889.8122368421052,2.470930232558133,3.0523255813953485,3.501431402774708,19.04761904761907,80.95238095238093,True,9.49,False,False,False,False,True,False
173,000619,海螺新材,C 制造业,腾讯前复权日K回退（成交额、换手率已提供）,False,2026-07-29,4.38,4.292,4.365,True,True,False,True,4.66,-6.0085836909871295,False,45.06479823384666,-0.1568270632620017,-0.19420307336433942,0.07475202020467547,True,False,False,False,2026-07-03,18.0,10.213704077330378,8.38634397442693,13.868424283137276,False,False,2026-07-27,2.0,True,64553.0,70382.8,0.9171701040595145,False,28284200.0,1.79,15.801229050279328,1.8604651162790642,3.2558139534883854,0.34364261168384147,42.85714285714304,57.14285714285696,False,6.27,False,True,False,False,True,False
174,000620,盈新发展,K 房地产,腾讯前复权日K回退（成交额、换手率已提供）,False,2026-07-29,2.67,2.702,3.081,False,False,False,False,3.96,-32.57575757575758,False,38.849122131915664,-0.14072789528090723,-0.08296166543825245,-0.11553245968530956,False,True,False,False,,,12.240656484285035,16.344649452498704,4.032670547857698,False,False,,,False,2028666.0,1750528.0,1.158888061202106,False,530953000.0,4.34,122.33940092165899,0.7547169811320753,4.528301886792456,-13.339824732229797,8.333333333333519,91.66666666666649,True,3.96,False,False,False,False,False,False
175,000623,吉林敖东,C 制造业,腾讯前复权日K回退（成交额、换手率已提供）,False,2026-07-29,18.24,18.009999999999998,18.091,True,True,False,False,18.79,-2.927088877062271,False,53.20086964621137,0.11812252313151816,0.1629054237026616,-0.08956580114228685,False,True,False,False,,,70.54182391820936,71.57342760430843,68.47861654601121,False,False,,,False,161743.0,132849.8,1.2174877192137288,False,292986800.0,1.36,215.43147058823527,2.4719101123595433,3.089887640449422,0.8236139516886704,16.36363636363642,83.63636363636357,True,18.91,False,False,False,False,False,False
176,000625,长安汽车,C 制造业,腾讯前复权日K回退（成交额、换手率已提供）,False,2026-07-29,7.52,7.324,7.103,True,True,True,True,7.48,0.5347593582887586,True,58.865810785513204,-0.010336387072668707,-0.09282136025880869,0.16496994637227996,True,False,False,False,,,19.56168561761593,17.062081136313335,24.560894580221117,False,False,2026-07-15,10.0,True,1401722.0,692241.6,2.0249028662825235,True,1051118100.0,1.7,618.3047647058823,2.8727770177838563,3.5567715458276306,5.870758834295366,26.923076923077055,73.07692307692295,True,9.56,False,False,False,False,False,False
177,000626,远大控股,F 批发零售,腾讯前复权日K回退（成交额、换手率已提供）,False,2026-07-29,6.98,6.726000000000001,6.487,True,True,True,True,7.22,-3.32409972299168,False,56.81932123391365,-0.06389805591208919,-0.1717416921052935,0.2156872723864086,True,False,False,False,2026-07-07,16.0,22.40097197556503,17.308066418483005,32.58678308972909,False,False,2026-07-23,4.0,True,97191.0,113419.8,0.8569138721810478,False,67714300.0,1.93,35.08512953367875,1.3062409288824517,4.3541364296081255,7.599815014644679,39.999999999999766,60.00000000000024,False,9.64,False,False,False,False,True,False
178,000628,高新发展,E 建筑业,腾讯前复权日K回退（成交额、换手率已提供）,False,2026-07-29,36.43,36.324,40.332499999999996,True,False,False,False,50.19,-27.41581988443913,False,33.28832773063263,-3.8466312944643875,-4.059881443575313,0.42650029822185154,True,False,False,False,2026-07-28,1.0,10.42645833885022,9.25769863714733,12.763977742256,False,False,2026-07-21,6.0,True,108895.0,115957.0,0.9390981139560354,False,393817300.00000006,5.66,69.57902826855124,-1.112920738327916,5.076004343105313,-9.675819748341901,36.363636363636395,59.89304812834219,False,68.01,False,True,False,False,True,False
179,000629,钒钛股份,C 制造业,腾讯前复权日K回退（成交额、换手率已提供）,False,2026-07-29,3.08,3.072,3.1235,True,False,False,True,3.67,-16.07629427792915,False,45.91910458191717,-0.06605068729146879,-0.07386837202147327,0.015635369460008958,True,False,False,False,2026-07-27,2.0,11.52678932654831,10.860732607842571,12.858902763959783,False,False,2026-07-23,4.0,True,972685.0,955742.4,1.017727161628489,False,298466500.0,1.05,284.25380952380954,1.3157894736842035,2.3026315789473775,-1.3926684808708139,28.57142857142848,71.42857142857152,True,4.0,False,True,False,False,False,False
180,000630,铜陵有色,C 制造业,腾讯前复权日K回退（成交额、换手率已提供）,False,2026-07-29,6.15,6.14,6.085,True,True,True,True,6.68,-7.934131736526936,False,48.32483046769149,-0.1140382038437524,-0.14973301013476642,0.07138961258202803,True,False,False,False,2026-07-23,4.0,24.495159280674088,23.237016764384578,27.011444313253108,False,False,,,False,1926908.0,2746377.6,0.7016180149444854,False,1176948700.0,1.73,680.3171676300578,1.1513157894736947,2.4671052631579005,1.0682004930156186,13.333333333333016,86.66666666666698,True,8.02,False,False,False,False,True,False
181,000631,顺发恒能,K 房地产,腾讯前复权日K回退（成交额、换手率已提供）,False,2026-07-29,2.92,2.89,2.8695,True,True,True,True,3.11,-6.109324758842442,False,49.26133598432314,-0.04827400543926341,-0.06967048393788983,0.04279295699725283,True,False,False,False,2026-07-16,9.0,9.217540706885684,8.264221414636465,11.12417929138412,False,False,2026-07-15,10.0,True,121213.0,127772.4,0.9486634046163335,False,35332200.0,0.53,66.66452830188679,1.7421602787456303,3.1358885017421554,1.7598884823139915,22.22222222222228,77.77777777777773,True,3.64,False,True,False,False,False,False
182,000632,ST三木,F 批发零售,腾讯前复权日K回退（成交额、换手率已提供）,False,2026-07-29,3.18,3.008,3.1270000000000002,True,True,False,True,3.58,-11.173184357541897,False,50.15721919729613,-0.13131976227154407,-0.15828989144612773,0.053940258349167325,True,False,False,False,2026-07-28,1.0,17.69885325120675,14.188263227184649,24.72003329925095,False,False,2026-07-23,4.0,True,119089.0,87926.2,1.354419956736445,False,37962000.0,2.56,14.82890625,6.000000000000005,9.999999999999993,1.694915254237286,39.999999999999915,60.000000000000085,False,4.44,False,False,False,False,True,False
183,000633,合金投资,C 制造业,腾讯前复权日K回退（成交额、换手率已提供）,False,2026-07-29,4.94,4.804,4.8445,True,True,False,True,5.21,-5.182341650671777,False,49.705212343131805,-0.11417692285057424,-0.15226669646416738,0.07617954722718628,True,False,False,False,2026-07-02,19.0,14.857830766459776,12.17036043666454,20.232771426050245,False,False,2026-07-23,4.0,True,59895.0,84603.6,0.7079485979320028,False,29488400.0,1.56,18.90282051282051,2.066115702479343,2.892561983471086,1.9713076684900477,28.57142857142848,71.42857142857152,True,6.95,False,False,False,False,False,False
184,000635,英 力 特,C 制造业,腾讯前复权日K回退（成交额、换手率已提供）,False,2026-07-29,6.14,6.029999999999999,6.0085,True,True,True,True,6.51,-5.683563748079879,False,48.86472626709071,-0.15037591579318033,-0.21342343518812534,0.12609503878989003,True,False,False,False,2026-07-14,11.0,11.770692880511469,9.41065636345461,16.490765914625186,False,False,2026-07-15,10.0,True,45632.0,46840.8,0.9741934381991767,False,28028400.0,1.24,22.603548387096772,1.655629139072845,4.635761589403963,2.1885661978863267,42.857142857142996,57.142857142857004,False,8.5,False,True,False,False,True,False
185,000636,风华高科,C 制造业,腾讯前复权日K回退（成交额、换手率已提供）,False,2026-07-29,47.51,43.674,52.33149999999999,True,False,False,True,76.7,-38.05736636245111,False,44.64459096777766,-4.805509898084928,-3.7719561659534335,-2.067107464262989,False,True,False,False,,,40.371640082042774,40.39570826576341,40.3235037146015,False,False,,,False,1726328.0,1335743.2,1.2924100979888948,False,8086973400.0,14.92,542.022345844504,10.002315350775648,8.890946978467229,-9.21338008656353,0.0,100.0,True,83.9,False,True,False,False,True,True
186,000637,茂化实华,C 制造业,腾讯前复权日K回退（成交额、换手率已提供）,False,2026-07-29,3.59,3.53,3.5574999999999997,True,True,False,True,3.85,-6.75324675324676,False,47.52587258125175,-0.08775007331015594,-0.11330850371388146,0.05111686080745104,True,False,False,False,2026-07-03,18.0,14.619500766159765,12.312629646425838,19.233243005627617,False,False,2026-07-27,2.0,True,109977.0,109619.0,1.003265857196289,False,39581000.0,3.02,13.106291390728476,1.6997167138810276,3.966005665722383,0.9135628952916429,50.000000000000156,49.99999999999984,False,4.87,False,False,False,False,True,False
187,000639,ST西王,C 制造业,腾讯前复权日K回退（成交额、换手率已提供）,False,2026-07-29,1.56,1.446,1.4135,True,True,True,True,1.68,-7.142857142857137,False,57.36807522181385,0.018906589343702818,0.002506263837384805,0.032800651012636024,True,False,False,False,2026-07-02,19.0,20.12255977603316,18.475699419814855,23.416280488469774,False,False,2026-07-28,1.0,True,887665.0,578888.6,1.533395199007201,False,137576700.0,8.22,16.736824817518247,3.31125827814569,10.596026490066219,10.364343827378853,43.74999999999992,56.25000000000008,False,2.03,False,False,False,False,False,False
188,000650,仁和药业,C 制造业,腾讯前复权日K回退（成交额、换手率已提供）,False,2026-07-29,5.47,5.388,5.297,True,True,True,True,5.6,-2.32142857142857,False,58.647002070016434,0.07282802112700715,0.05953347731424766,0.02658908762551898,True,False,False,False,2026-07-01,20.0,62.671151847443376,60.00788988950104,67.99767576332805,False,False,,,False,166696.0,186023.8,0.896100391455287,False,90898400.0,1.25,72.71872,1.4842300556586308,2.2263450834879426,3.2659996224277905,16.666666666667037,83.33333333333296,True,5.63,False,False,False,False,False,False
189,000651,格力电器,C 制造业,腾讯前复权日K回退（成交额、换手率已提供）,False,2026-07-29,41.65,40.774,39.608000000000004,True,True,True,True,41.09,1.362862010221453,True,74.07356111129027,0.756620033664575,0.5877740895046605,0.337691888319829,True,False,False,False,,,91.24824361354315,87.53083414208066,98.68306255646814,False,False,,,False,744511.0,412207.4,1.806156318397001,True,3094922800.0000005,1.35,2292.535407407408,2.083333333333326,2.7205882352941164,5.155524136538059,22.522522522522532,77.47747747747746,True,41.09,True,True,False,False,False,False
190,000652,泰达股份,F 批发零售,腾讯前复权日K回退（成交额、换手率已提供）,False,2026-07-29,3.53,3.5100000000000002,3.4349999999999996,True,True,True,True,3.6,-1.9444444444444524,False,53.442738365763994,-0.008361443447205463,-0.03270514375137436,0.04868740060833779,True,False,False,False,,,21.24154115913298,19.579210524061445,24.566202429276046,False,False,,,False,93592.0,113530.0,0.82438122082269,False,33057500.0,0.64,51.65234375,0.8571428571428452,1.4285714285714235,2.765647743813689,40.00000000000018,59.99999999999982,False,4.48,False,True,True,False,False,False
191,000655,金岭矿业,B 采矿业,腾讯前复权日K回退（成交额、换手率已提供）,False,2026-07-29,6.68,6.552,6.469499999999999,True,True,True,True,6.75,-1.0370370370370412,False,52.793371334024044,-0.06580137088691096,-0.11753791283343484,0.10347308389304777,True,False,False,False,2026-07-14,11.0,13.277484273203235,10.482607566514409,18.86723768658089,False,False,,,False,56922.0,56492.0,1.0076116972314664,False,37880300.0,0.96,39.458645833333335,2.1406727828746197,2.5993883792048917,3.2537290362470146,17.647058823529566,82.35294117647044,True,8.34,False,False,False,False,False,False
192,000656,金科股份,K 房地产,腾讯前复权日K回退（成交额、换手率已提供）,False,2026-07-29,1.23,1.238,1.2610000000000001,False,False,False,True,1.53,-19.607843137254903,False,45.960076947143286,-0.020733084471649565,-0.024616645881807217,0.007767122820315303,True,False,False,False,2026-07-24,3.0,39.87659835960256,39.6595237317972,40.31074761521329,False,False,,,False,1487900.0,1334216.0,1.1151867463739005,False,183850900.0,1.96,93.80147959183674,-0.8064516129032251,2.4193548387096793,-2.45836637589216,33.33333333333333,33.33333333333333,False,1.53,False,False,False,False,False,False
193,000657,中钨高新,C 制造业,腾讯前复权日K回退（成交额、换手率已提供）,False,2026-07-29,52.54,55.754,68.1735,False,False,False,False,101.27,-48.11889009578355,False,32.92148924304546,-7.325391233599596,-5.585026997863421,-3.48072847147235,False,True,False,False,,,15.006617660259451,18.894480099813972,7.230892781150409,False,False,,,False,614815.0,562334.8,1.0933255420080705,False,3211853400.0000005,4.23,759.3034042553193,-2.6676546869210727,7.298999629492401,-22.931931028918868,22.08121827411162,48.98477157360408,False,113.76,False,False,False,False,False,False
194,000659,珠海中富,C 制造业,腾讯前复权日K回退（成交额、换手率已提供）,False,2026-07-29,2.64,2.5480000000000005,2.6585,True,False,False,True,3.2,-17.5,False,42.65894250000523,-0.20541956688130414,-0.2534015821446783,0.09596403052674829,True,False,False,False,2026-07-27,2.0,13.703979535318476,9.9069001963758,21.29813821320383,False,False,2026-07-21,6.0,True,679735.0,319449.8,2.127830413417069,True,180412800.0,5.29,34.104499054820415,-4.693140794223827,8.303249097472923,-0.6958811359789341,0.0,21.739130434782727,False,4.54,False,False,False,False,False,True
195,000661,长春高新,C 制造业,腾讯前复权日K回退（成交额、换手率已提供）,False,2026-07-29,81.15,78.85999999999999,72.81899999999999,True,True,True,True,82.97,-2.1935639387730426,False,66.48483988695564,2.7016741157819126,1.6096435412924244,2.1840611489789765,True,False,False,False,,,61.100954114719876,53.68723753218262,75.92838727979438,False,False,,,False,105292.0,127766.4,0.8240977283542466,False,855350200.0,2.63,325.22821292775666,1.9728575018848948,3.83262126162352,11.440695422897896,36.065573770491646,63.93442622950835,False,89.84,False,True,False,False,True,False
196,000663,永安林业,A 农林牧渔,腾讯前复权日K回退（成交额、换手率已提供）,False,2026-07-29,5.03,4.9,5.0235,True,True,False,True,5.47,-8.043875685557577,False,47.01892352388029,-0.16654341809698714,-0.19932253992869378,0.06555824366341328,True,False,False,False,2026-07-27,2.0,15.708489108021832,12.154083787709205,22.817299748647088,False,False,2026-07-23,4.0,True,53886.0,65635.2,0.8209923943249964,False,27091800.0,1.76,15.393068181818183,1.6161616161616266,4.0404040404040265,0.1293918582661481,34.99999999999982,65.00000000000018,False,7.03,False,False,False,False,True,False
197,000665,湖北广电,I 信息技术,腾讯前复权日K回退（成交额、换手率已提供）,False,2026-07-29,3.81,3.732,3.7255000000000003,True,True,True,True,4.0,-4.749999999999998,False,49.8939233333038,-0.06149679248233886,-0.09076148882683105,0.05852939268898438,True,False,False,False,2026-07-06,17.0,12.355159933210766,10.769024211700733,15.527431376230833,False,False,2026-07-28,1.0,True,128431.0,165651.6,0.775307935450065,False,48860500.0,1.13,43.239380530973456,1.0610079575596787,2.1220159151193654,2.268151925915979,50.0,50.0,False,5.18,False,False,False,False,True,False
198,000668,荣丰控股,K 房地产,腾讯前复权日K回退（成交额、换手率已提供）,False,2026-07-29,20.3,18.3,19.258000000000003,True,True,False,True,22.97,-11.623857205050058,False,55.02458785104777,-0.6648994159092005,-0.7590115268883595,0.1882242219583179,True,False,True,False,,,54.894649847583196,47.301594029882985,70.08076148298362,False,False,,,False,63555.0,65795.4,0.9659489873152227,False,124564400.0,4.33,28.767759815242496,10.027100271002709,10.840108401084011,5.410738394433471,0.0,100.0,True,23.64,False,False,False,False,False,True
199,000669,ST金鸿,D 水电煤气,腾讯前复权日K回退（成交额、换手率已提供）,False,2026-07-29,3.41,3.3979999999999997,3.5789999999999997,True,False,False,True,3.96,-13.888888888888884,False,39.04937794122093,-0.14193716073930407,-0.14013757051294126,-0.0035991804527256144,False,True,False,False,,,7.813912416121856,8.208047909165108,7.025641430035353,False,False,,,False,27581.0,40618.4,0.6790272388868099,False,9401500.0,0.41,22.930487804878048,0.0,2.63929618768328,-4.7219893825090695,44.44444444444456,44.44444444444456,False,4.86,False,False,False,False,True,False
200,000670,盈方微,F 批发零售,腾讯前复权日K回退（成交额、换手率已提供）,False,2026-07-29,6.71,6.4799999999999995,6.5055,True,True,False,True,7.69,-12.743823146944088,False,48.10139239427797,-0.39144907034786947,-0.5323384677650246,0.28177879483431023,True,False,False,False,2026-07-27,2.0,26.6164445179439,20.396699087088034,39.05593537965563,False,False,2026-07-21,6.0,True,530878.0,599730.6,0.8851941188260196,False,349585600.0,6.39,54.70823161189359,0.7507507507507505,4.654654654654649,3.1434939666436152,3.2258064516128386,96.77419354838716,True,10.37,False,False,False,False,False,True
201,000672,上峰材料,C 制造业,腾讯前复权日K回退（成交额、换手率已提供）,False,2026-07-29,13.2,14.145999999999997,17.439500000000002,False,False,False,False,24.6,-46.341463414634156,False,32.25685146625055,-1.4578573001436848,-0.8701698970076572,-1.175374806272055,False,True,False,False,,,17.420557639429823,24.377135723120414,3.5074014720486417,False,False,,,False,447123.0,342879.2,1.3040248577341524,False,570794400.0,4.61,123.8165726681128,2.325581395348819,7.984496124031002,-24.30975658705813,15.533980582524295,84.4660194174757,True,24.6,False,False,False,False,False,False
202,000676,智度股份,L 商务服务,腾讯前复权日K回退（成交额、换手率已提供）,False,2026-07-29,7.17,7.022,6.0445,True,True,True,True,7.82,-8.31202046035806,False,63.89182372794219,0.41300407835641106,0.24118376220979956,0.343640632293223,True,False,False,False,,,64.62421614680609,56.086641582470406,81.69936527547748,False,False,2026-07-15,10.0,True,1794978.0,1978591.0,0.907200123724408,False,1274564800.0,14.26,89.38042075736327,-3.7583892617449655,6.577181208053694,18.62023326991479,38.7755102040817,59.183673469387735,False,7.82,False,True,False,False,True,True
203,000677,ST海龙,C 制造业,腾讯前复权日K回退（成交额、换手率已提供）,False,2026-07-29,1.67,1.592,1.645,True,True,False,True,1.98,-15.656565656565661,False,48.113307916429605,-0.0709820478082992,-0.09073665719672709,0.03950921877685579,True,False,False,False,,,5.880952308220565,5.694851218883696,6.253154486894305,True,False,2026-07-29,0.0,True,499882.0,412094.4,1.213027888755586,False,82135200.0,5.79,14.185699481865285,3.0864197530864113,4.938271604938262,1.5197568389057698,12.500000000000036,87.49999999999997,True,3.87,False,False,False,False,False,False
204,000678,襄阳轴承,C 制造业,腾讯前复权日K回退（成交额、换手率已提供）,False,2026-07-29,8.1,7.906000000000001,8.1885,True,False,False,True,9.83,-17.59918616480163,False,43.05969456711683,-0.4814129176221602,-0.5921611483204416,0.22149646139656287,True,False,False,False,2026-07-03,18.0,8.511292495038054,6.915316024479978,11.703245436154205,False,False,2026-07-23,4.0,True,86120.0,80687.6,1.0673263301919997,False,69531200.0,1.87,37.182459893048126,1.7587939698492372,3.1407035175879394,-1.0807840263784552,20.000000000000284,79.99999999999972,True,13.9,False,False,False,False,True,False
205,000679,大连友谊,F 批发零售,腾讯前复权日K回退（成交额、换手率已提供）,False,2026-07-29,5.62,5.388,5.7165,True,False,False,True,6.74,-16.617210682492583,False,45.427536441256834,-0.26187407281918507,-0.263666689545271,0.0035852334521718765,True,False,True,False,,,17.095057466478043,14.05054164597056,23.184089107493012,False,False,2026-07-27,2.0,True,65946.0,71236.2,0.9257371954146909,False,36674600.0,1.85,19.824108108108106,2.930402930402942,5.128205128205133,-1.6880958628531413,25.000000000000078,74.99999999999993,True,8.09,False,False,False,False,True,False
206,000680,山推股份,C 制造业,腾讯前复权日K回退（成交额、换手率已提供）,False,2026-07-29,11.29,10.794,10.3945,True,True,True,True,11.33,-0.3530450132391962,False,62.344913888905936,0.10786350978196602,-0.017084174291790346,0.24989536814751273,True,False,False,False,2026-07-20,7.0,43.0247289689816,36.12312893502024,56.82792903690431,False,False,,,False,363818.0,249856.4,1.4561083886584454,False,406972500.0,2.77,146.92148014440434,5.219012115563837,6.057781919850888,8.615133003030433,13.846153846154092,86.15384615384592,True,12.75,False,False,False,False,False,False
207,000681,视觉中国,I 信息技术,腾讯前复权日K回退（成交额、换手率已提供）,False,2026-07-29,16.87,16.288,17.415,True,False,False,True,20.98,-19.590085795996185,False,41.72382374164711,-1.1137258762523885,-1.1889151486069223,0.15037854470906753,True,False,False,False,2026-07-28,1.0,10.424981863602381,7.373107428262739,16.528730734281666,False,False,2026-07-28,1.0,True,302462.0,256816.2,1.1777372299722524,False,505968100.0,4.47,113.19196868008949,0.6563245823389074,2.74463007159905,-3.1294860752224993,17.391304347825685,82.60869565217432,True,25.46,False,False,False,False,False,False
208,000682,东方电子,I 信息技术,腾讯前复权日K回退（成交额、换手率已提供）,False,2026-07-29,11.99,11.828,11.885,True,True,False,True,13.05,-8.122605363984677,False,48.41183825307815,-0.24635627715320396,-0.29184010322550075,0.09096765214459357,True,False,False,False,2026-07-23,4.0,11.819923590577055,10.559865728777726,14.340039314175712,True,False,2026-07-29,0.0,True,286560.0,203336.8,1.4092874482139977,False,339723900.0,2.14,158.7494859813084,3.362068965517251,5.431034482758612,0.8834665544804412,17.4603174603174,82.5396825396826,True,15.1,False,False,False,False,False,False
209,000683,博源化工,C 制造业,腾讯前复权日K回退（成交额、换手率已提供）,False,2026-07-29,6.31,6.196,5.777500000000001,True,True,True,True,6.3,0.15873015873015534,True,59.82056982665804,0.01166447260520087,-0.116334213576925,0.25599737236425174,True,False,False,False,2026-07-03,18.0,23.423188635490305,19.291675535650505,31.686214835169906,False,False,2026-07-17,8.0,True,963799.0,874834.0,1.101693578438881,False,611863300.0,2.88,212.45253472222223,0.6379585326953707,2.870813397129182,9.216789268714821,55.555555555555934,44.44444444444406,False,8.99,False,False,False,False,True,False
210,000685,中山公用,D 水电煤气,腾讯前复权日K回退（成交额、换手率已提供）,False,2026-07-29,11.06,10.972,10.886,True,True,True,True,11.64,-4.982817869415808,False,53.18457708904625,0.023026639479827082,0.009300641275997494,0.027451996407659177,True,False,False,False,2026-07-23,4.0,37.6528019951557,36.53397905625639,39.89044787295431,True,False,,,False,194191.0,208958.2,0.9293294065511667,False,213288300.00000003,1.56,136.72326923076926,2.3126734505087843,2.682701202590186,1.5983832445342758,13.793103448275609,86.20689655172438,True,12.84,False,True,False,False,False,False
211,000686,东北证券,J 金融业,腾讯前复权日K回退（成交额、换手率已提供）,False,2026-07-29,8.04,7.984,8.1815,True,False,False,True,8.84,-9.049773755656117,False,47.75025125979014,-0.07374376371238256,-0.046062690750470994,-0.05536214592382313,False,True,False,False,,,39.9843878334214,40.849310683571595,38.25454213312101,False,False,,,False,221872.0,210635.4,1.0533462086619818,False,177418600.0,0.95,186.75642105263157,2.030456852791862,2.53807106598985,-1.729511703232911,20.000000000000444,79.99999999999956,True,8.96,False,False,False,False,False,False
212,000688,国城矿业,B 采矿业,腾讯前复权日K回退（成交额、换手率已提供）,False,2026-07-29,28.93,28.391999999999996,30.175,True,False,False,True,38.22,-24.30664573521716,False,42.165342555159754,-2.436391023619084,-2.7503273770851955,0.627872706932223,True,False,False,False,2026-07-27,2.0,14.45998114048146,12.157520302651008,19.064902816142364,False,False,2026-07-22,5.0,True,258371.0,243849.4,1.0595515100713802,False,740902600.0,2.18,339.86357798165136,4.327443202307957,9.195816804904439,-4.125932062966035,34.11764705882356,65.88235294117644,False,52.73,False,False,False,False,False,False
213,000690,宝新能源,D 水电煤气,腾讯前复权日K回退（成交额、换手率已提供）,False,2026-07-29,5.09,4.93,4.7284999999999995,True,True,True,True,5.04,0.9920634920634885,True,58.05701880737353,-0.004586051322764462,-0.06528106180641072,0.12139002096729251,True,False,False,False,2026-07-15,10.0,29.175384730580948,25.932235168311973,35.6616838551189,False,False,2026-07-17,8.0,True,1571548.0,779277.8,2.016672359972272,True,796457899.9999999,7.23,110.16015214384507,4.948453608247427,11.546391752577332,7.645130591096551,41.07142857142861,58.92857142857139,False,6.4,False,False,False,False,False,False
214,000691,亚太实业,C 制造业,腾讯前复权日K回退（成交额、换手率已提供）,False,2026-07-29,9.49,9.428,10.568999999999999,True,False,False,True,12.3,-22.845528455284555,False,41.12558572757367,-0.3970961761625116,-0.17034892727890882,-0.4534944977672055,False,True,False,False,,,35.720463028223,39.03511129175532,29.091166501158355,False,False,,,False,182635.0,92282.6,1.9790838142835159,True,172962900.0,5.65,30.612902654867252,4.746136865342154,10.044150110375277,-10.209102091020899,52.74725274725278,47.25274725274721,False,13.71,False,False,False,False,True,False
215,000692,惠天热电,D 水电煤气,腾讯前复权日K回退（成交额、换手率已提供）,False,2026-07-29,3.75,3.7,3.8034999999999997,True,False,False,True,4.32,-13.19444444444445,False,41.45858023317274,-0.16209116587515693,-0.18900269083791008,0.053823049925506294,True,False,False,False,2026-07-23,4.0,13.09614828657954,10.971377025126971,17.345690809484676,False,False,2026-07-21,6.0,True,116051.0,118000.6,0.9834780501116096,False,43202100.0,2.18,19.81747706422018,1.0781671159029615,2.9649595687331503,-1.4065991849612112,18.18181818181822,81.81818181818178,True,5.51,False,True,False,False,True,False
216,000695,滨海能源,C 制造业,腾讯前复权日K回退（成交额、换手率已提供）,False,2026-07-29,12.99,12.963999999999999,12.4745,True,True,True,True,13.5,-3.7777777777777763,False,52.273224072297324,-0.08868168068938509,-0.24319822263564767,0.30903308389252515,True,False,False,False,2026-07-16,9.0,28.618482583554012,25.93106105524967,33.993325640162695,False,False,2026-07-21,6.0,True,68108.0,66806.4,1.0194831632897448,False,88397000.0,3.07,28.79381107491857,1.8823529411764683,5.803921568627453,4.1324301575213385,47.297297297297234,52.702702702702766,False,16.8,False,False,False,False,True,False
217,000697,炼石航空,C 制造业,腾讯前复权日K回退（成交额、换手率已提供）,False,2026-07-29,8.46,8.284,8.633,True,False,False,True,10.49,-19.351763584366054,False,39.079555721992584,-0.5805227514810127,-0.6784635807130418,0.19588165846405814,True,False,False,False,2026-07-27,2.0,17.582916457192944,13.840761915455772,25.067225540667287,False,False,2026-07-21,6.0,True,63640.0,90841.8,0.7005585534412572,False,53495900.0,0.97,55.150412371134024,-0.11806375442738881,2.597402597402605,-2.0039383759990534,0.0,81.81818181818225,True,13.28,False,False,False,False,False,False
218,000698,ST沈化,C 制造业,腾讯前复权日K回退（成交额、换手率已提供）,False,2026-07-29,3.24,3.2039999999999997,3.1825,True,True,True,True,3.45,-6.086956521739129,False,53.46596784001044,-0.012519921507127663,-0.0329809939150709,0.04092214481588648,True,False,False,False,2026-07-01,20.0,30.172124830072974,27.118178474273197,36.28001754167253,False,False,,,False,28354.0,25956.0,1.0923871166589614,False,9152500.0,0.36,25.42361111111111,1.2499999999999956,1.8750000000000018,1.8067556952081727,16.666666666666295,83.3333333333337,True,3.91,False,False,False,False,False,False
219,000700,模塑科技,C 制造业,腾讯前复权日K回退（成交额、换手率已提供）,False,2026-07-29,10.27,10.627999999999998,13.3495,False,False,False,False,18.25,-43.726027397260275,False,31.737763390440122,-1.257071088157213,-0.9260419033488465,-0.6620583696167328,False,True,False,False,,,5.000183679613598,10.07208249047763,-5.143613942114467,False,False,,,False,436030.0,395455.2,1.1026027727034566,False,447711800.0,4.75,94.25511578947369,-0.8687258687258725,5.0193050193050155,-23.0682797108506,44.230769230769354,40.384615384615245,False,18.66,False,False,False,False,True,False
220,000701,厦门信达,F 批发零售,腾讯前复权日K回退（成交额、换手率已提供）,False,2026-07-29,4.78,4.6,4.568,True,True,True,True,4.93,-3.0425963488843704,False,52.83928687541254,-0.08714393867807146,-0.14095503871754417,0.10762220007894541,True,False,False,False,2026-07-06,17.0,19.906108719322997,15.81708315907377,28.08415983982145,False,False,2026-07-27,2.0,True,125950.0,127993.2,0.9840366519471347,False,59824399.99999999,1.89,31.65312169312169,1.271186440677985,3.177966101694904,4.640980735551678,19.999999999999645,80.00000000000036,True,6.35,False,False,False,False,False,False
221,000702,正虹科技,C 制造业,腾讯前复权日K回退（成交额、换手率已提供）,False,2026-07-29,4.89,4.779999999999999,4.9915,True,False,False,True,5.42,-9.778597785977865,False,43.985741679753644,-0.18727895450279597,-0.20345254074925564,0.03234717249291935,True,False,False,False,2026-07-28,1.0,10.18033261146593,9.31711500595294,11.906767822491911,True,False,2026-07-29,0.0,True,65788.0,72472.2,0.9077687720256872,False,32035000.0,2.47,12.969635627530362,1.8750000000000044,3.1250000000000075,-2.0334568766903853,20.000000000000117,79.99999999999989,True,7.18,False,False,False,False,True,False
222,000703,恒逸石化,C 制造业,腾讯前复权日K回退（成交额、换手率已提供）,False,2026-07-29,15.6,15.516,14.669999999999998,True,True,True,True,16.5,-5.454545454545457,False,56.49207462241878,0.40255209681506976,0.2983428053469507,0.20841858293623816,True,False,False,False,2026-07-17,8.0,63.37838780306004,60.85090572154422,68.43335196609169,False,False,,,False,615297.0,914505.6,0.6728192807129886,False,948052899.9999999,1.62,585.2178395061727,1.9607843137254832,5.359477124182996,6.3394683026584975,23.170731707317056,76.82926829268295,True,18.31,False,False,False,False,False,False
223,000705,浙江震元,F 批发零售,腾讯前复权日K回退（成交额、换手率已提供）,False,2026-07-29,6.46,6.3100000000000005,6.2909999999999995,True,True,True,True,6.83,-5.417276720351392,False,52.284694489399264,-0.05459401265179764,-0.09545268065686566,0.08171733601013603,True,False,False,False,2026-07-01,20.0,16.971465202823087,15.785644334580033,19.343106939309198,False,False,2026-07-28,1.0,True,50667.0,53626.6,0.9448109706750009,False,32755100.000000004,1.8,18.197277777777778,1.5723270440251458,2.8301886792452926,2.6863773644889606,38.888888888888914,61.111111111111086,False,8.49,False,False,False,False,True,False
224,000707,双环科技,C 制造业,腾讯前复权日K回退（成交额、换手率已提供）,False,2026-07-29,4.38,4.26,4.2795000000000005,True,True,False,True,4.55,-3.736263736263735,False,50.0234236155906,-0.09707019395931304,-0.13268338285640352,0.07122637779418095,True,False,False,False,2026-07-02,19.0,7.650048148609943,5.975303645426879,10.99953715497607,False,False,2026-07-28,1.0,True,87729.0,86961.6,1.0088245846442567,False,38188000.0,1.59,24.01761006289308,2.8169014084507005,3.7558685446009425,2.348405187521892,25.0,75.0,True,6.07,False,False,False,False,False,False
225,000708,中信特钢,C 制造业,腾讯前复权日K回退（成交额、换手率已提供）,False,2026-07-29,14.75,14.394,13.557500000000001,True,True,True,True,14.45,2.0761245674740536,True,67.57430102889029,0.25993536602721434,0.08952370902723986,0.340823313999949,True,False,False,False,2026-07-06,17.0,44.654537396811975,37.50420840802876,58.955195374378405,False,False,,,False,133697.0,129846.2,1.029656624529636,False,196302200.0,0.26,755.0084615384615,2.288488210818307,2.4965325936199685,8.795869444956658,8.333333333333169,91.66666666666683,True,15.41,False,False,False,False,False,False
226,000709,河钢股份,C 制造业,腾讯前复权日K回退（成交额、换手率已提供）,False,2026-07-29,2.13,2.092,2.007,True,True,True,True,2.13,0.0,False,61.86766665722853,0.0178673879778688,-0.001874031460372452,0.039482838876482504,True,False,False,False,2026-07-06,17.0,35.20134651894316,29.125992879213744,47.352053798402004,False,False,,,False,1114413.0,850234.4,1.3107126693532982,False,236800000.0,1.08,219.25925925925927,2.4038461538461453,3.8461538461538494,6.1285500747384045,25.0,75.0,True,2.37,False,False,False,False,False,False
227,000710,贝瑞基因,M 科研服务,腾讯前复权日K回退（成交额、换手率已提供）,False,2026-07-29,8.08,7.869999999999999,7.8295,True,True,True,True,8.83,-8.493771234428086,False,52.73964289703146,-0.07065252659664889,-0.13304241560864005,0.12477977802398232,True,False,False,False,,,14.762824078620326,13.162782255255417,17.962907725350146,False,False,2026-07-28,1.0,True,68691.0,71132.8,0.9656726573395115,False,55436700.0,2.08,26.652259615384615,1.3801756587201952,2.0075282308657596,3.199438022862248,31.250000000000245,68.74999999999976,False,12.09,False,False,False,False,True,False
228,000711,ST京蓝,C 制造业,腾讯前复权日K回退（成交额、换手率已提供）,False,2026-07-29,4.58,4.92,4.949,False,False,False,True,5.93,-22.765598650927483,False,43.09203683693828,-0.11696795202516252,-0.13714690939743923,0.040357914744553414,True,False,False,False,2026-07-24,3.0,41.63539113878574,42.42172639337158,40.06272062961408,False,True,,,False,952062.0,748208.8,1.2724549617700298,False,449081000.0,4.0,112.27025,-7.661290322580639,6.854838709677416,-7.4560517276217375,17.647058823529566,2.9411764705881738,False,6.89,False,True,True,False,True,False
229,000712,锦龙股份,J 金融业,腾讯前复权日K回退（成交额、换手率已提供）,False,2026-07-29,8.48,8.502,8.527,False,False,False,True,9.39,-9.691160809371672,False,45.82707458352835,-0.20198817025274884,-0.2511996089203735,0.09842287733524935,True,False,False,False,2026-07-20,7.0,8.895763751015593,8.9698644234124,8.74756240622198,False,False,,,False,249615.0,214054.8,1.1661266180436038,False,210503400.0,2.79,75.44924731182796,1.8007202881152429,3.601440576230501,-0.5511903365779152,29.999999999999883,70.00000000000011,True,12.26,False,False,False,False,False,False
230,000713,国投丰乐,A 农林牧渔,腾讯前复权日K回退（成交额、换手率已提供）,False,2026-07-29,5.67,5.614,5.566999999999999,True,True,True,True,5.83,-2.7444253859348224,False,53.22354829266806,-0.006899408371720206,-0.028033167946271646,0.04226751914910288,True,False,False,False,2026-07-03,18.0,23.804891433387866,21.495541632941592,28.423591034280413,False,False,,,False,44999.0,45780.4,0.9829315602310159,False,25459600.0,0.73,34.876164383561644,1.0695187165775222,1.4260249554367213,1.8501886114604034,12.499999999999723,87.50000000000028,True,6.54,False,False,False,False,False,False
231,000715,中兴商业,F 批发零售,腾讯前复权日K回退（成交额、换手率已提供）,False,2026-07-29,4.73,4.58,4.6945,True,True,False,True,5.04,-6.150793650793643,False,50.09392939870866,-0.082204267080912,-0.08993532733594133,0.015462120510058658,True,False,True,False,,,8.741920426318963,7.0501427566549495,12.12547576564699,True,False,2026-07-29,0.0,True,98165.0,56098.8,1.7498591770233944,False,46419700.0,2.02,22.980049504950493,2.826086956521756,3.695652173913042,0.7562040685909204,29.41176470588226,70.58823529411774,True,6.23,False,False,False,False,False,False
232,000716,黑芝麻,C 制造业,腾讯前复权日K回退（成交额、换手率已提供）,False,2026-07-29,4.63,4.424,4.404,True,True,True,True,4.74,-2.320675105485239,False,56.46359151211491,-0.03973608879894819,-0.07856532175136599,0.0776584659048356,True,False,False,False,2026-07-03,18.0,23.293298762436876,20.89938271925742,28.081130848795787,False,False,,,False,278421.0,134775.0,2.06582081246522,True,128347200.0,3.78,33.95428571428572,3.811659192825112,5.381165919282516,5.131698455949136,25.000000000000185,74.99999999999982,True,6.22,False,False,False,False,False,False
233,000717,中南股份,C 制造业,腾讯前复权日K回退（成交额、换手率已提供）,False,2026-07-29,2.2,2.1719999999999997,2.1465,True,True,True,True,2.33,-5.579399141630897,False,56.07598525476552,0.008814855262720744,-0.0006746741329809606,0.018979058791403408,True,False,False,False,2026-07-01,20.0,29.370666855836827,25.577715120342035,36.95657032682641,False,False,,,False,211721.0,134481.8,1.5743468632930258,False,46444200.0,0.87,53.38413793103448,1.85185185185186,2.77777777777778,2.4924295364546984,16.666666666666295,83.3333333333337,True,2.51,False,False,False,False,True,False
234,000718,苏宁环球,K 房地产,腾讯前复权日K回退（成交额、换手率已提供）,False,2026-07-29,1.86,1.83,1.8079999999999998,True,True,True,True,1.92,-3.124999999999991,False,52.34453612761379,-0.011084744381213651,-0.023498231016947414,0.024826973271467524,True,False,False,False,2026-07-09,14.0,22.665399459942677,21.18973369514883,25.616730989530367,False,False,,,False,237699.0,188262.4,1.2625941239461518,False,44471200.0,1.04,42.76076923076923,0.0,2.150537634408592,2.876106194690281,74.99999999999986,25.00000000000014,False,2.45,False,True,False,False,False,False
235,000719,中原传媒,R 文化传播,腾讯前复权日K回退（成交额、换手率已提供）,False,2026-07-29,12.8,12.426,11.932500000000001,True,True,True,True,12.54,2.0733652312599804,True,68.06359632979252,0.21924403630920786,0.10088766927770326,0.2367127340630092,True,False,False,False,2026-07-02,19.0,59.00049050625048,53.171314414189105,70.65884269037322,False,False,,,False,66700.0,52288.4,1.2756175365855524,False,84987700.0,1.0,84.9877,2.0733652312599826,3.2695374800637973,7.270060758432849,21.95121951219508,78.04878048780492,True,13.81,False,False,False,False,False,False
236,000720,新能泰山,C 制造业,腾讯前复权日K回退（成交额、换手率已提供）,False,2026-07-29,3.47,3.378,3.3105,True,True,True,True,3.74,-7.219251336898395,False,47.715288120842885,-0.17658426030860763,-0.2557322275554563,0.1582959344936974,True,False,False,False,2026-07-16,9.0,9.071940713868372,7.303319426974636,12.609183287655844,False,False,2026-07-20,7.0,True,453943.0,532441.4,0.8525689399810007,False,155186600.0,3.61,42.98797783933519,1.4619883040935644,5.263157894736847,4.8180033227609105,16.666666666666544,83.33333333333346,True,6.27,False,False,False,False,False,False
237,000721,西安饮食,H 住宿餐饮,腾讯前复权日K回退（成交额、换手率已提供）,False,2026-07-29,6.19,5.908,5.726999999999999,True,True,True,True,6.28,-1.433121019108278,False,59.425613454105665,0.0012581680826393438,-0.07819827632818892,0.15891288882165652,True,False,False,False,2026-07-03,18.0,21.076325933753928,16.681171167994773,29.86663546527224,False,False,2026-07-27,2.0,True,215780.0,117428.4,1.837545261623253,True,134415600.0,4.21,31.927695961995248,0.978792822185981,3.5889070146818884,8.084511960887045,49.9999999999998,50.0000000000002,False,7.67,False,False,False,False,True,False
238,000722,湖南发展,D 水电煤气,腾讯前复权日K回退（成交额、换手率已提供）,False,2026-07-29,12.59,13.0,12.443999999999999,False,True,True,False,15.59,-19.243104554201413,False,47.531102921173996,0.043745785107530466,-0.036265143941805425,0.16002185809867178,True,False,False,False,2026-07-15,10.0,26.906237433226668,30.030467839921098,20.65777661983781,False,False,,,False,241710.0,455701.8,0.5304126514312649,False,302346700.0,5.21,58.031996161228406,0.15910898965791898,4.295942720763731,1.1732561877209966,25.925925925925984,74.07407407407402,True,17.81,False,True,False,False,True,False
239,000723,美锦能源,C 制造业,腾讯前复权日K回退（成交额、换手率已提供）,False,2026-07-29,3.57,3.55,3.435,True,True,True,True,3.68,-2.9891304347826173,False,50.958647915728,-0.04209772422993918,-0.08539545908386476,0.08659546970785115,True,False,False,False,2026-07-10,13.0,15.439073328746614,13.690795704006893,18.935628578226055,False,False,,,False,509692.0,504216.4,1.0108596229714066,False,181871000.0,1.16,156.78534482758621,1.7094017094017033,3.7037037037037006,3.9301310043668063,38.461538461538694,61.5384615384613,False,4.54,False,False,False,True,False,False
240,000725,京东方Ａ,C 制造业,腾讯前复权日K回退（成交额、换手率已提供）,False,2026-07-29,5.71,5.822,6.789499999999999,False,False,False,False,9.5,-39.89473684210527,False,40.56452729310632,-0.2981191043882969,-0.11959182703396617,-0.3570545547086615,False,True,False,False,,,35.46237268089446,38.4359938528944,29.515130336894586,False,False,,,False,17218698.0,17912685.8,0.9612571890252214,False,9723207200.0,4.87,1996.5517864476385,2.3297491039426577,4.121863799283146,-15.899550776934968,26.086956521739012,73.91304347826099,True,9.5,False,False,False,False,True,False
241,000726,鲁 泰Ａ,C 制造业,腾讯前复权日K回退（成交额、换手率已提供）,False,2026-07-29,5.96,5.85,5.7445,True,True,True,True,5.93,0.5059021922428373,True,61.03004022529661,0.0335326514994545,0.0038959720727097195,0.05927335885348957,True,False,False,False,2026-07-01,20.0,26.79978284315438,23.053643916947753,34.292060695567635,False,False,,,False,60396.0,48175.6,1.2536636803693155,False,35839500.0,1.02,35.13676470588236,1.7064846416382284,2.559726962457329,3.751414396379138,6.666666666666549,93.33333333333346,True,6.5,False,False,False,False,False,False
242,000727,冠捷科技,C 制造业,腾讯前复权日K回退（成交额、换手率已提供）,False,2026-07-29,2.25,2.194,2.2745,True,False,False,True,2.73,-17.58241758241758,False,42.40120176312791,-0.1182618980239698,-0.13329632960095558,0.03006886315397156,True,False,False,False,2026-07-27,2.0,8.320091229133437,6.05489154860751,12.85049059018529,False,False,2026-07-27,2.0,True,903852.0,653684.8,1.3827031009440636,False,201417400.00000003,2.0,100.70870000000002,2.2727272727272707,3.1818181818181746,-1.0771598153440398,14.285714285714013,85.71428571428599,True,3.11,False,False,False,False,True,False
243,000728,国元证券,J 金融业,腾讯前复权日K回退（成交额、换手率已提供）,False,2026-07-29,7.29,7.236,7.345999999999999,True,False,False,False,7.9,-7.721518987341776,False,49.69092210484824,-0.01378717889661285,0.01437412470914325,-0.0563226072115122,False,True,False,False,,,46.70934022992091,48.40849739324122,43.311025903280296,False,False,,,False,379118.0,254284.4,1.4909211890308647,False,274509200.0,0.87,315.52781609195404,2.6760563380281654,3.2394366197183158,-0.7623196297304543,17.39130434782607,82.60869565217392,True,8.02,False,False,False,False,False,False
244,000729,燕京啤酒,C 制造业,腾讯前复权日K回退（成交额、换手率已提供）,False,2026-07-29,12.77,12.488,11.581,True,True,True,True,12.81,-0.31225604996097517,False,71.75437345439616,0.43932824645206026,0.2948339655605834,0.28898856178295373,True,False,False,False,2026-07-02,19.0,62.14142147047005,58.496104462017136,69.43205548737588,False,False,,,False,401254.0,251275.0,1.5968719530394986,False,511897000.0,1.6,319.935625,3.233629749393696,4.446240905416335,10.266816337103878,20.000000000000192,79.9999999999998,True,13.25,False,True,False,False,True,False
245,000731,四川美丰,C 制造业,腾讯前复权日K回退（成交额、换手率已提供）,False,2026-07-29,5.87,5.788,5.7284999999999995,True,True,True,False,6.22,-5.627009646302246,False,54.10974402240492,0.027162703670741806,0.010351564493249399,0.03362227835498481,True,False,False,False,2026-07-03,18.0,23.930630487703713,23.108882279868784,25.574126903373575,True,False,,,False,62428.0,72945.2,0.8558205337705566,False,36440300.0,1.14,31.965175438596493,2.086956521739136,2.7826086956521765,2.470105612289441,6.2499999999998614,93.75000000000013,True,7.43,False,False,False,False,False,False
246,000733,振华科技,C 制造业,腾讯前复权日K回退（成交额、换手率已提供）,False,2026-07-29,40.39,39.592,44.083000000000006,True,False,False,True,62.3,-35.16853932584269,False,40.016935220905104,-3.523909045303789,-3.3280632146595464,-0.3916916612884851,False,True,False,False,,,10.297420776954345,9.624129627512632,11.64400307583777,True,False,2026-07-29,0.0,True,164780.0,125130.4,1.3168662451330773,False,656714600.0000001,2.97,221.11602693602694,3.484499103253902,4.201895977453242,-8.377379035002166,15.243902439024385,84.75609756097562,True,62.3,False,True,False,False,False,False
247,000735,罗 牛 山,A 农林牧渔,腾讯前复权日K回退（成交额、换手率已提供）,False,2026-07-29,5.08,4.984,4.976,True,True,True,True,5.2,-2.3076923076923097,False,51.917751529154906,-0.0510604225230491,-0.08441415942280979,0.06670747379952138,True,False,False,False,,,10.669014923136537,8.966041265248977,14.074962238911656,False,False,2026-07-28,1.0,True,201837.0,190553.8,1.0592126737960619,False,102254200.0,1.75,58.430971428571425,1.6000000000000014,1.7999999999999972,2.090032154340838,11.11111111111089,88.88888888888911,True,6.73,False,False,False,False,True,False
248,000736,中交发展,K 房地产,腾讯前复权日K回退（成交额、换手率已提供）,False,2026-07-29,4.4,4.0280000000000005,3.9435000000000002,True,True,True,True,4.14,6.280193236714993,True,60.627916630557145,-0.04791338093337405,-0.11859653128046908,0.14136630069419007,True,False,False,False,2026-07-03,18.0,24.475792557737805,19.089201578243262,35.24897451672689,False,False,2026-07-28,1.0,True,158827.0,74246.2,2.1391936557022446,True,68015000.0,2.13,31.931924882629108,10.000000000000009,10.500000000000009,11.576011157601119,0.0,100.0,True,5.73,False,False,False,False,False,True
249,000737,北方铜业,C 制造业,腾讯前复权日K回退（成交额、换手率已提供）,False,2026-07-29,13.26,13.154,12.757000000000001,True,True,True,True,13.76,-3.6337209302325584,False,52.16395232627005,-0.08891767421806307,-0.21785842955218337,0.2578815106682406,True,False,False,False,2026-07-21,6.0,33.08445471019434,30.009121664946463,39.23512080069011,False,False,,,False,345172.0,504867.8,0.6836878881956822,False,454320100.0,1.81,251.00558011049725,1.0670731707317138,3.4298780487804823,3.942933291526207,24.444444444444358,75.55555555555564,True,16.36,False,False,False,False,False,False
250,000738,航发控制,C 制造业,腾讯前复权日K回退（成交额、换手率已提供）,False,2026-07-29,18.43,18.098000000000003,17.56,True,True,True,True,18.95,-2.7440633245382564,False,55.390735226566015,-0.12652498270202983,-0.347349168632892,0.44164837186172434,True,False,False,False,2026-07-21,6.0,23.46464153981341,18.246731054506455,33.90046251042732,False,False,2026-07-21,6.0,True,139238.0,139279.2,0.9997041912934593,False,255757300.0,1.06,241.28047169811322,1.8794914317302291,2.874516307352126,4.954441913439641,24.99999999999983,75.00000000000017,True,23.38,False,False,False,False,True,False
251,000739,普洛药业,C 制造业,腾讯前复权日K回退（成交额、换手率已提供）,False,2026-07-29,20.66,20.176,19.3185,True,True,True,False,21.5,-3.9069767441860455,False,61.18739442931703,0.8363429567818166,0.8249321387561734,0.022821636051286287,True,False,False,False,,,79.95784119686294,79.28998966855912,81.2935442534706,True,False,,,False,228472.0,199707.8,1.1440314299191119,False,466455100.0,1.97,236.77923857868018,5.677749360613804,6.138107416879792,6.9441209203613115,11.666666666666721,88.33333333333327,True,21.5,False,False,False,False,False,False
252,000750,国海证券,J 金融业,腾讯前复权日K回退（成交额、换手率已提供）,False,2026-07-29,3.83,3.8019999999999996,3.779,True,True,True,True,3.92,-2.295918367346935,False,54.3733442154533,0.026983110708150182,0.028066644384753474,-0.0021670673532065837,False,True,False,False,,,63.32385279552896,60.57529267898327,68.82097302862034,False,False,,,False,545092.0,423077.4,1.2883978203515478,False,207732100.0,0.94,220.99159574468086,1.8617021276595924,2.3936170212765924,1.3495633765546482,11.11111111111089,88.88888888888911,True,3.97,False,False,False,False,False,False
253,000751,锌业股份,C 制造业,腾讯前复权日K回退（成交额、换手率已提供）,False,2026-07-29,4.46,4.398000000000001,4.6995000000000005,True,False,False,True,6.43,-30.637636080870916,False,42.205473165921774,-0.27795661185565823,-0.2745541845445194,-0.006804854622277645,False,True,False,False,,,13.019665722836683,11.63683417108637,15.785328826337306,False,False,2026-07-22,5.0,True,398679.0,425912.0,0.9360595615995793,False,174944900.00000003,2.83,61.817985865724395,2.2935779816513735,4.357798165137603,-5.096286839025438,5.263157894736744,94.73684210526325,True,6.64,False,False,False,False,False,False
254,000752,*ST西发,C 制造业,腾讯前复权日K回退（成交额、换手率已提供）,False,2026-07-29,8.01,8.008000000000001,7.9125,True,True,True,True,8.55,-6.31578947368422,False,47.31552964264915,-0.10810895704573209,-0.1567926349209353,0.09736735575040639,True,False,False,False,2026-07-13,12.0,22.271378486671747,22.431199466100825,21.951736527813587,False,False,,,False,19220.0,15787.6,1.2174111327877575,False,15367700.0,0.73,21.05164383561644,1.1363636363636243,2.020202020202022,1.2322274881516606,43.75000000000014,56.249999999999865,False,10.06,False,False,False,False,False,False
255,000753,漳州发展,F 批发零售,腾讯前复权日K回退（成交额、换手率已提供）,False,2026-07-29,4.65,4.5520000000000005,4.457,True,True,True,True,5.0,-6.999999999999992,False,51.757993028344345,-0.09388622797459423,-0.16263536768656744,0.13749827942394643,True,False,False,False,2026-07-01,20.0,9.659342753827687,7.500314829566125,13.977398602350812,False,False,2026-07-23,4.0,True,300879.0,274963.8,1.0942494975702257,False,139319400.0,3.03,45.98,0.0,2.36559139784945,4.3302669957370545,18.18181818181789,72.72727272727316,True,6.92,False,True,False,False,False,False
256,000755,山西高速,G 运输仓储,腾讯前复权日K回退（成交额、换手率已提供）,False,2026-07-29,4.67,4.5920000000000005,4.5875,True,True,True,True,4.77,-2.0964360587002027,False,54.82483640502151,0.009069415911493905,-0.0006878260047801471,0.019514483832548106,True,False,False,False,2026-07-02,19.0,37.85366451394365,35.487489743309084,42.586014055212786,False,False,,,False,36856.0,41084.2,0.8970845239775875,False,17226100.0,0.25,68.9044,1.521739130434785,2.391304347826094,1.7983651226157944,36.363636363636296,63.63636363636371,False,5.29,False,False,False,False,False,False
257,000756,新华制药,C 制造业,腾讯前复权日K回退（成交额、换手率已提供）,False,2026-07-29,13.67,13.472,14.069999999999999,True,False,False,True,15.43,-11.406351263771871,False,48.937833664330654,-0.046598105363390374,0.05480215648839805,-0.20280052370357685,False,True,False,False,,,49.92461385313735,50.544082020656724,48.685677518098615,False,False,,,False,87267.0,127036.0,0.6869470071475802,False,119048300.0,1.75,68.0276,0.5147058823529393,2.05882352941176,-2.8429282160625347,28.571428571428665,71.42857142857135,True,15.45,False,False,False,False,True,False
258,000757,浩物股份,F 批发零售,腾讯前复权日K回退（成交额、换手率已提供）,False,2026-07-29,3.68,3.522,3.59,True,True,False,True,4.08,-9.803921568627448,False,52.16406325492516,-0.07913511241294735,-0.10508277867396598,0.05189533252203726,True,False,False,False,2026-07-27,2.0,16.260237176148753,12.921690824284333,22.937329879877595,False,False,2026-07-28,1.0,True,144628.0,128751.6,1.123310312260197,False,52342500.0,2.71,19.314575645756456,3.08123249299721,3.6414565826330634,2.5069637883008444,0.0,100.0,True,5.0,False,False,False,False,False,False
259,000758,中色股份,B 采矿业,腾讯前复权日K回退（成交额、换手率已提供）,False,2026-07-29,5.88,5.76,5.8325000000000005,True,True,False,True,6.71,-12.369597615499256,False,46.57592412937538,-0.21596311379528377,-0.2620834172128289,0.09224060683509028,True,False,False,False,2026-07-23,4.0,13.140841579747471,10.94172812991271,17.539068479416994,False,False,2026-07-21,6.0,True,357759.0,283358.6,1.2625662323289288,False,207996400.0,1.8,115.55355555555555,2.977232924693518,4.203152364273208,0.8144020574367669,16.666666666666664,83.33333333333334,True,7.89,False,False,False,False,True,False
260,000759,中百集团,F 批发零售,腾讯前复权日K回退（成交额、换手率已提供）,False,2026-07-29,7.14,6.828,6.664499999999999,True,True,True,True,7.47,-4.4176706827309244,False,58.4180136949748,0.21373736751560912,0.21295242282388416,0.0015698893834499295,True,False,True,False,,,78.76485929415806,76.55619667943353,83.18218452360713,True,False,,,False,1300258.0,953003.4,1.3643791826975644,False,923240800.0,19.83,46.55778113968735,3.6284470246734424,8.417997097242381,7.134818816115242,41.379310344827616,58.620689655172384,False,7.47,False,False,False,False,True,False
261,000761,本钢板材,C 制造业,腾讯前复权日K回退（成交额、换手率已提供）,False,2026-07-29,2.32,2.278,2.243,True,True,True,True,2.37,-2.109704641350222,False,52.70252397294363,-0.014988708683470353,-0.032264827111986694,0.03455223685703268,True,False,False,False,2026-07-02,19.0,13.571658545849862,11.650215977149237,17.41454368325111,False,False,2026-07-27,2.0,True,183792.0,140920.8,1.304221945944105,False,42567500.0,0.5,85.135,2.2026431718061623,4.405286343612339,3.432902362906819,30.00000000000022,69.99999999999977,False,3.05,False,False,False,False,True,False
262,000762,西藏矿业,B 采矿业,腾讯前复权日K回退（成交额、换手率已提供）,False,2026-07-29,22.38,21.712,22.881999999999998,True,False,False,True,28.49,-21.446121446121445,False,42.20411359335005,-1.723504941255534,-1.980287087400019,0.5135642922889696,True,False,False,False,2026-07-27,2.0,10.528039461664202,8.31403315362659,14.956052077739425,False,False,2026-07-21,6.0,True,197489.0,179994.4,1.0971952460743224,False,435166900.0,3.79,114.81976253298153,4.335664335664324,7.132867132867138,-2.193864172712171,24.83660130718969,75.16339869281032,True,41.43,False,False,False,False,True,False
263,000766,通化金马,C 制造业,腾讯前复权日K回退（成交额、换手率已提供）,False,2026-07-29,16.36,15.838,16.497999999999998,True,False,False,True,19.88,-17.706237424547282,False,39.42858027931266,-1.4325847973694898,-1.634690914463937,0.4042122341888943,True,False,False,False,2026-07-20,7.0,8.845745947702776,8.688199838534459,9.160838166039412,True,False,2026-07-29,0.0,True,171923.0,192989.2,0.8908425963732685,False,279669600.0,1.78,157.11775280898877,2.058640049906413,3.119151590767311,-0.8364650260637541,24.0000000000002,75.9999999999998,True,27.73,False,True,True,False,True,False
264,000767,晋控电力,D 水电煤气,腾讯前复权日K回退（成交额、换手率已提供）,False,2026-07-29,3.76,3.7640000000000002,3.6155,False,True,True,False,4.32,-12.962962962962973,False,47.60892866012864,-0.11297590518858458,-0.17642200121445256,0.12689219205173596,True,False,False,False,2026-07-20,7.0,14.845282644015064,15.008849311722038,14.518149308601117,False,False,,,False,1959952.0,2768171.8,0.7080311995086432,False,724526700.0,6.73,107.65627043090639,3.296703296703285,6.868131868131868,3.9966809569907302,12.0000000000001,87.9999999999999,True,6.6,False,False,False,False,False,False
265,000768,中航西飞,C 制造业,腾讯前复权日K回退（成交额、换手率已提供）,False,2026-07-29,20.98,20.712,20.301,True,True,True,True,21.1,-0.5687203791469241,False,55.20041642589172,-0.03288697252881434,-0.19127548188614915,0.3167770187146696,True,False,False,False,,,21.238624865645104,17.210758595572425,29.294357405790457,False,False,2026-07-16,9.0,True,223445.0,214869.4,1.039910755091232,False,467695400.0,0.8,584.61925,1.2059816690786374,2.122527737578395,3.344662824491415,24.999999999999797,75.0000000000002,True,25.64,False,False,False,False,False,False
266,000776,广发证券,J 金融业,腾讯前复权日K回退（成交额、换手率已提供）,False,2026-07-29,21.68,21.878,22.391,False,False,False,False,25.43,-14.746362563900906,False,47.66234072890901,0.03219083333531714,0.2259254397804117,-0.38746921289018915,False,True,False,False,,,53.416560839306555,56.571657103732115,47.10636831045544,False,False,,,False,741837.0,693850.8,1.069159248645386,False,1586504200.0000002,1.26,1259.1303174603177,1.8318459370596507,3.7106622827618563,-3.1753829663704103,15.18987341772166,84.81012658227833,True,25.43,False,False,False,False,False,False
267,000777,中核科技,C 制造业,腾讯前复权日K回退（成交额、换手率已提供）,False,2026-07-29,17.26,16.894,16.894,True,True,False,True,19.44,-11.213991769547322,False,50.96577657251429,-0.2730172470281893,-0.4019673995734615,0.2579003050905444,True,False,False,False,2026-07-24,3.0,16.440095858065728,13.181837393919322,22.956612786358537,False,False,2026-07-24,3.0,True,120018.0,109532.6,1.095728577610684,False,206221600.0,3.13,65.88549520766773,1.5294117647058902,4.352941176470579,2.1664496270865587,32.43243243243229,67.5675675675677,False,21.75,False,False,False,False,True,False
268,000778,新兴铸管,C 制造业,腾讯前复权日K回退（成交额、换手率已提供）,False,2026-07-29,3.83,3.7879999999999994,3.7135000000000007,True,True,True,True,3.87,-1.0335917312661507,False,53.099951902850975,-0.02752616463100077,-0.05916765085440566,0.06328297244680978,True,False,False,False,2026-07-08,15.0,19.273211750913976,16.935037695073053,23.949559862595827,False,False,2026-07-15,10.0,True,906748.0,470090.6,1.9288792415759857,True,345523100.0,2.33,148.29317596566523,1.3227513227513255,1.8518518518518476,3.137202100444308,14.285714285714013,85.71428571428599,True,4.61,False,False,False,False,True,False
269,000779,甘咨询,M 科研服务,腾讯前复权日K回退（成交额、换手率已提供）,False,2026-07-29,12.2,10.774000000000001,10.1565,True,True,True,True,12.23,-0.24529844644318183,False,67.72742544659131,0.7282251427758482,0.642487615962825,0.17147505362604631,True,False,False,False,2026-07-28,1.0,79.78904156878093,70.7099778151927,97.94716907595739,False,False,,,False,826772.0,807474.0,1.0238992215229221,False,984984800.0,17.79,55.36732996065206,4.541559554413022,7.369323050556995,20.12012012012012,11.627906976744335,88.37209302325566,True,12.23,True,False,False,False,False,True
270,000782,恒申新材,C 制造业,腾讯前复权日K回退（成交额、换手率已提供）,False,2026-07-29,6.59,6.336,6.975,True,False,False,True,8.73,-24.51317296678122,False,43.06894835249568,-0.3580432435648797,-0.3127578253355524,-0.0905708364586546,False,True,False,False,,,36.40647610133366,35.67712136050088,37.86518558299923,True,False,,,False,127785.0,140308.6,0.9107424633985371,False,83252800.0,2.42,34.40198347107438,1.228878648233489,3.0721966205837203,-5.519713261648743,10.000000000000222,89.99999999999979,True,9.05,False,False,False,False,False,False
271,000783,长江证券,J 金融业,腾讯前复权日K回退（成交额、换手率已提供）,False,2026-07-29,8.6,8.668,8.925500000000001,False,False,False,False,10.73,-19.850885368126754,False,48.06925739137142,-0.03933653957005667,0.0418398653755549,-0.16235280989122314,False,True,False,False,,,50.120636592214,51.40780889530364,47.54629198603472,False,False,,,False,1075427.0,1277977.4,0.8415070563845652,False,913880100.0,1.94,471.07221649484535,2.8708133971291794,4.1866028708133936,-3.646854517954194,17.142857142857302,82.85714285714269,True,10.73,False,True,False,False,True,False
272,000785,居然智家,L 商务服务,腾讯前复权日K回退（成交额、换手率已提供）,False,2026-07-29,2.25,2.1719999999999997,2.1100000000000003,True,True,True,True,2.26,-0.44247787610618533,False,57.90009269046992,-0.00048112468014771537,-0.023235519304076427,0.04550878924785742,True,False,False,False,2026-07-09,14.0,28.198919230635266,24.270090046720416,36.05657759846496,False,False,,,False,1169908.0,451037.8,2.593813644887413,True,265189500.0,2.02,131.2819306930693,3.2110091743119185,7.798165137614675,6.6350710900473775,58.82352941176479,41.17647058823522,False,2.72,False,False,False,False,True,False
273,000786,北新建材,C 制造业,腾讯前复权日K回退（成交额、换手率已提供）,False,2026-07-29,20.36,19.592000000000002,18.442,True,True,True,True,20.18,0.8919722497522286,True,62.52090788816076,0.039058444743005793,-0.3292495667852927,0.736616023056597,True,False,False,False,2026-07-10,13.0,31.71403471051599,27.010817479803574,41.12046917194082,False,False,,,False,288566.0,185265.0,1.5575850808301621,False,587720500.0,1.71,343.6961988304094,3.402742508887746,4.977145759268666,10.400173516972124,28.571428571428676,71.42857142857133,True,26.38,False,False,False,False,False,False
274,000788,北大医药,C 制造业,腾讯前复权日K回退（成交额、换手率已提供）,False,2026-07-29,5.2,5.138,5.224500000000001,True,False,False,True,5.65,-7.964601769911507,False,49.01239801393841,-0.0350783337950995,-0.03210932183009027,-0.005938023930018466,False,True,False,False,,,15.88619308257151,16.07744559559391,15.503688056526705,False,False,,,False,125664.0,185710.2,0.6766671943705838,False,65450800.0,2.11,31.019336492890996,0.38610038610038533,1.7374517374517346,-0.4689443965929874,55.55555555555544,44.44444444444456,False,6.34,False,True,False,False,True,False
275,000789,万年青,C 制造业,腾讯前复权日K回退（成交额、换手率已提供）,False,2026-07-29,4.03,3.9120000000000004,3.9234999999999998,True,True,False,True,4.15,-2.891566265060243,False,52.88652528502131,-0.04752080097789291,-0.06848290483903169,0.04192420772227756,True,False,False,False,2026-07-03,18.0,10.70675969191772,9.427874067184815,13.26453094138353,True,False,2026-07-29,0.0,True,88670.0,35339.8,2.509069094901499,True,35712000.0,1.11,32.17297297297297,3.3333333333333437,8.461538461538463,2.7144131515228875,54.545454545454454,45.45454545454555,False,4.86,False,False,False,False,True,False
276,000790,华神科技,C 制造业,腾讯前复权日K回退（成交额、换手率已提供）,False,2026-07-29,3.75,3.696,3.7019999999999995,True,True,False,True,3.99,-6.015037593984967,False,51.71940726951741,-0.017462970624594565,-0.029265039202680674,0.023604137156172218,True,False,False,False,2026-07-27,2.0,24.39083277220512,22.807184025333058,27.558130265949245,False,False,,,False,143709.0,143890.2,0.9987407064553387,False,53639500.0,2.31,23.22056277056277,1.0781671159029615,2.695417789757403,1.2965964343598189,29.99999999999991,70.00000000000009,True,4.65,False,True,False,False,True,False
277,000791,甘肃能源,D 水电煤气,腾讯前复权日K回退（成交额、换手率已提供）,False,2026-07-29,7.81,7.725999999999999,7.594999999999999,True,True,True,False,8.2,-4.756097560975606,False,49.98926896708188,-0.1140957693785074,-0.18809220008312025,0.14799286140922568,True,False,False,False,2026-07-20,7.0,20.979826912041965,20.308040051410803,22.32340063330429,True,False,,,False,315378.0,362633.2,0.8696887102449528,False,244484800.0,1.63,149.99067484662578,2.2251308900523625,3.9267015706806263,2.83080974325215,13.333333333333353,86.66666666666664,True,10.91,False,True,False,True,True,False
278,000792,盐湖股份,C 制造业,腾讯前复权日K回退（成交额、换手率已提供）,False,2026-07-29,27.62,27.238,26.610000000000003,True,True,True,True,31.14,-11.303789338471418,False,50.61804412208592,-0.7296911430313529,-1.1400008999155915,0.8206195137684773,True,False,False,False,2026-07-22,5.0,16.877632330274015,13.855531095097916,22.921834800626215,False,False,2026-07-21,6.0,True,733881.0,769088.8,0.9542214111036332,False,2003776600.0,1.39,1441.5658992805756,2.3341978510559525,5.594664690626164,3.7955655768508,17.88079470198671,82.11920529801328,True,41.6,False,False,False,False,True,False
279,000793,*ST华闻,R 文化传播,腾讯前复权日K回退（成交额、换手率已提供）,False,2026-07-29,2.19,2.2060000000000004,2.4095,False,False,False,False,2.68,-18.283582089552244,False,30.933952485612508,-0.08861250102733775,-0.06216473713044153,-0.052895527793792446,False,True,False,False,,,6.678760401313837,8.49234437423244,3.05159245547663,False,False,,,False,106497.0,111917.2,0.9515695532054055,False,23208800.0,0.4,58.022,-0.454545454545463,1.8181818181818195,-9.109773811994192,0.0,74.99999999999945,True,2.88,False,True,False,False,False,False
280,000795,英洛华,C 制造业,腾讯前复权日K回退（成交额、换手率已提供）,False,2026-07-29,8.37,8.242,8.532,True,False,False,True,9.96,-15.963855421686763,False,46.04710602941326,-0.22783547812226246,-0.2375026293854302,0.0193343025263355,True,False,True,False,,,13.269335729166167,12.356278862682657,15.095449462133189,True,False,2026-07-29,0.0,True,137680.0,107295.0,1.2831912018267393,False,114280000.0,1.23,92.91056910569105,2.19780219780219,2.686202686202694,-1.8987341772151993,13.636363636364113,86.36363636363589,True,10.18,False,False,False,False,False,False
281,000796,凯撒旅业,L 商务服务,腾讯前复权日K回退（成交额、换手率已提供）,False,2026-07-29,3.73,3.6060000000000003,3.6399999999999997,True,True,False,True,3.98,-6.281407035175879,False,48.1722643854845,-0.13598076005303472,-0.1817450018030478,0.09152848350002618,True,False,False,False,2026-07-15,10.0,10.586270558399102,7.87905135108858,16.000708973020146,False,False,2026-07-27,2.0,True,393057.0,324685.4,1.2105779933437104,False,146872200.0,2.95,49.787186440677964,2.191780821917799,3.287671232876703,2.472527472527481,41.666666666666636,58.33333333333336,False,5.3,False,False,False,False,True,False
282,000797,中国武夷,K 房地产,腾讯前复权日K回退（成交额、换手率已提供）,False,2026-07-29,2.33,2.286,2.27,True,True,True,True,2.39,-2.510460251046027,False,52.28507360621332,-0.02199582785568266,-0.03756035630850928,0.031129056905653235,True,False,False,False,2026-07-03,18.0,17.841347571039083,16.226321699994003,21.07139931312925,False,False,2026-07-27,2.0,True,222887.0,182604.2,1.2206017167184544,False,51970500.0,1.42,36.59894366197183,1.7467248908296984,3.056768558951958,2.643171806167403,42.85714285714268,57.14285714285733,False,2.92,False,False,False,False,True,False
283,000798,中水渔业,A 农林牧渔,腾讯前复权日K回退（成交额、换手率已提供）,False,2026-07-29,7.86,7.672,7.521000000000001,True,True,True,True,8.11,-3.0826140567200877,False,55.88103874506964,-0.00017131094117139867,-0.0648991739357662,0.1294557259891896,True,False,False,False,2026-07-01,20.0,21.204949147900013,18.33204237089839,26.950762701903265,False,False,2026-07-27,2.0,True,56840.0,61011.4,0.931629170941824,False,44566300.0,1.55,28.752451612903222,1.5503875968992276,2.583979328165377,4.507379337854002,29.999999999999776,70.00000000000021,True,9.56,False,False,False,False,False,False
284,000799,酒鬼酒,C 制造业,腾讯前复权日K回退（成交额、换手率已提供）,False,2026-07-29,39.04,38.646,39.1345,True,False,False,False,44.8,-12.857142857142852,False,47.4419391363209,-0.6132855180097465,-0.6453393586401008,0.06410768126070865,True,False,True,False,,,16.94047274968326,16.097454293546235,18.626509661957307,True,False,2026-07-29,0.0,True,105899.0,76732.4,1.3801080117395,False,413606100.0,3.26,126.87303680981596,0.9568140677527648,2.430824928885435,-0.24147491343955735,34.042553191489475,65.95744680851053,False,47.12,False,False,False,False,False,False
285,000800,一汽解放,C 制造业,腾讯前复权日K回退（成交额、换手率已提供）,False,2026-07-29,6.37,6.288,6.2315,True,True,True,True,6.47,-1.5455950540958214,False,58.95632000887406,0.048827851426685775,0.03880048522948272,0.02005473239440611,True,False,False,False,2026-07-01,20.0,45.24245028343998,43.96055816114323,47.80623452803347,True,False,,,False,209933.0,139769.2,1.50199757886573,False,133375800.0,0.43,310.1762790697675,2.083333333333326,2.8846153846153797,2.2225788333467147,22.22222222222228,77.77777777777773,True,7.01,False,True,False,True,True,False
286,000801,四川九洲,C 制造业,腾讯前复权日K回退（成交额、换手率已提供）,False,2026-07-29,11.33,11.02,11.343,True,False,False,True,13.6,-16.691176470588232,False,48.768904340410025,-0.2753853568632323,-0.32701191947666713,0.10325312522686969,True,False,False,False,2026-07-28,1.0,11.355481029357314,8.766402704330543,16.533637679410855,False,False,2026-07-28,1.0,True,144208.0,127803.6,1.1283563217311563,False,162171400.0,1.42,114.20521126760565,1.7055655296229766,2.8725314183123904,-0.1146081283611029,15.625000000000208,84.37499999999979,True,14.62,False,False,False,False,False,False
287,000802,北京文化,R 文化传播,腾讯前复权日K回退（成交额、换手率已提供）,False,2026-07-29,4.07,3.8480000000000003,3.6945,True,True,True,True,4.05,0.4938271604938386,True,57.33096280326626,-0.04737011339419883,-0.12142525066016327,0.14811027453192888,True,False,False,False,2026-07-08,15.0,23.611824522465923,18.942224279754253,32.951025007889264,False,False,2026-07-22,5.0,True,1094604.0,515407.4,2.123764618047781,True,442298500.0,15.3,28.908398692810454,7.671957671957674,8.994708994709002,10.16375693598593,26.470588235294052,73.52941176470594,True,5.5,False,True,False,False,False,False
288,000803,山高环能,N 公共环保,腾讯前复权日K回退（成交额、换手率已提供）,False,2026-07-29,6.6,6.628,6.55,False,True,True,True,7.14,-7.563025210084034,False,47.46159157302694,-0.17522937092280788,-0.2422134024391972,0.13396806303277864,True,False,False,False,2026-07-23,4.0,17.443845342887396,14.000973365130884,24.329589298400418,False,False,2026-07-22,5.0,True,113947.0,175618.0,0.6488344019405756,False,74940100.0,2.48,30.217782258064517,1.8518518518518379,2.9320987654321047,0.7633587786259515,31.57894736842125,68.42105263157875,False,8.94,False,False,False,False,False,False
289,000807,云铝股份,C 制造业,腾讯前复权日K回退（成交额、换手率已提供）,False,2026-07-29,26.15,25.928000000000004,24.3935,True,True,True,True,27.61,-5.2879391524809884,False,55.07886420886336,0.21776297474013617,-0.10697904650285808,0.6494840424859885,True,False,False,False,2026-07-07,16.0,30.166417546569857,28.930321202792683,32.6386102341242,False,False,,,False,662985.0,859436.8,0.7714179797746616,False,1731499200.0000002,1.91,906.5440837696336,2.148437499999978,2.460937499999996,7.200688708057471,39.68253968253975,60.31746031746026,False,32.72,False,False,False,False,False,False
290,000809,和展能源,C 制造业,腾讯前复权日K回退（成交额、换手率已提供）,False,2026-07-29,3.16,3.044,3.0469999999999997,True,True,False,True,3.31,-4.531722054380662,False,49.16807235998759,-0.11716251778803821,-0.16145737177900654,0.08858970798193666,True,False,False,False,2026-07-23,4.0,15.9251390462995,11.739061652131888,24.29729383463473,False,False,2026-07-23,4.0,True,189353.0,142656.2,1.3273380336781717,False,59834600.0,2.3,26.01504347826087,0.6369426751592355,4.140127388535028,3.708565802428633,53.84615384615377,46.15384615384623,False,4.75,False,False,False,False,True,False
291,000810,创维数字,C 制造业,腾讯前复权日K回退（成交额、换手率已提供）,False,2026-07-29,9.36,9.251999999999999,10.725999999999999,True,False,False,False,13.75,-31.927272727272733,False,36.60197880257226,-0.7409262637406755,-0.5805281368458906,-0.3207962537895699,False,True,False,False,,,6.502941472237759,8.162584571041728,3.183655274629821,False,False,,,False,260185.0,202250.0,1.2864524103831891,False,239183800.0,2.34,102.21529914529914,2.071973827699014,4.252998909487446,-12.73540928584747,2.5641025641025177,97.43589743589747,True,13.75,False,False,False,False,True,False
292,000811,冰轮环境,C 制造业,腾讯前复权日K回退（成交额、换手率已提供）,False,2026-07-29,37.18,41.160000000000004,47.112,False,False,False,False,58.5,-36.44444444444444,False,38.34457110035069,-0.9689686698740232,0.7123478497388722,-3.362633039225791,False,True,False,False,,,57.3341563871777,62.32299594278945,47.356477275954205,False,False,,,False,816270.0,539381.2,1.5133452927169135,False,2955134099.9999995,8.34,354.33262589928046,-4.886160143259155,6.702481453057041,-21.081677704194266,23.664122137404505,76.3358778625955,True,58.5,False,True,False,False,True,False
293,000812,陕西金叶,C 制造业,腾讯前复权日K回退（成交额、换手率已提供）,False,2026-07-29,3.37,3.28,3.229,True,True,True,True,3.44,-2.0348837209302277,False,54.83937801730941,-0.02462111874598527,-0.053940427723594364,0.058638617955218186,True,False,False,False,2026-07-03,18.0,23.25880387359712,20.609185117748353,28.558041385294658,False,False,2026-07-27,2.0,True,124355.0,98129.0,1.2672604428864047,False,41738900.0,1.64,25.450548780487804,2.1212121212121238,2.7272727272727364,4.366676989780118,22.222222222222168,77.77777777777783,True,4.12,False,False,False,False,False,False
294,000813,德展健康,C 制造业,腾讯前复权日K回退（成交额、换手率已提供）,False,2026-07-29,3.32,3.278,3.2729999999999997,True,True,True,True,3.55,-6.478873239436619,False,53.34384228796768,0.022613515943536555,0.020447541248394666,0.004331949390283779,True,False,False,False,,,30.962843141126843,30.61449619173307,31.65953703991439,True,False,,,False,260517.0,274945.0,0.9475240502645984,False,86338600.0,1.24,69.62790322580645,0.911854103343468,2.4316109422492422,1.4359914451573528,37.50000000000028,62.49999999999972,False,4.5,False,False,False,False,True,False
295,000815,美利云,C 制造业,腾讯前复权日K回退（成交额、换手率已提供）,False,2026-07-29,15.0,16.27,14.299000000000001,False,True,True,False,17.74,-15.445321307779022,False,49.47640226245015,0.09683708260565815,-0.2673693328382534,0.7284128308878232,True,False,False,False,2026-07-20,7.0,31.82825294289623,30.268651546425854,34.94745573583699,False,False,2026-07-20,7.0,True,1043558.0,1254036.6,0.8321591251802379,False,1550484100.0,15.01,103.29674217188541,-5.1833122629582835,9.797724399494316,4.902440730120978,5.161290322580648,48.38709677419353,False,23.45,False,False,False,False,True,False
296,000816,智慧农业,C 制造业,腾讯前复权日K回退（成交额、换手率已提供）,False,2026-07-29,2.57,2.5220000000000007,2.4425,True,True,True,True,2.57,0.0,False,57.846658013185774,0.004238082120527675,-0.023595221946952672,0.055666608134960695,True,False,False,False,2026-07-01,20.0,23.18539742757817,18.723007690660328,32.11017690141386,False,False,2026-07-23,4.0,True,228463.0,263879.8,0.8657843457513611,False,58740200.00000001,1.59,36.94352201257862,1.1811023622047223,3.543307086614185,5.220061412487204,55.55555555555567,44.444444444444336,False,3.24,False,False,False,False,True,False
297,000818,航锦科技,C 制造业,腾讯前复权日K回退（成交额、换手率已提供）,False,2026-07-29,12.47,12.424000000000001,13.361,True,False,False,False,16.95,-26.43067846607669,False,43.081491324144224,-0.47344637026503555,-0.4103511299181579,-0.12619048069375527,False,True,False,False,,,7.038100985699984,7.364128123687519,6.386046709724914,False,False,,,False,178865.0,222002.8,0.805688036367109,False,221860400.0,2.72,81.56632352941176,1.547231270358318,3.827361563517906,-6.6686625252600855,31.91489361702105,68.08510638297895,False,19.64,False,False,False,False,True,False
298,000819,岳阳兴长,C 制造业,腾讯前复权日K回退（成交额、换手率已提供）,False,2026-07-29,11.89,11.522,11.367,True,True,True,True,12.15,-2.1399176954732493,False,50.637200695781445,-0.3427694923146589,-0.5152852209373165,0.34503145724531525,True,False,False,False,2026-07-13,12.0,15.510951659168349,13.336923437922232,19.85900810166058,False,False,,,False,62457.0,53220.4,1.1735537500657642,False,73788300.0,1.71,43.15105263157895,3.752181500872598,5.06108202443281,4.601038092724551,20.68965517241366,79.31034482758635,True,17.32,False,False,False,False,True,False
300,000821,ST京机,C 制造业,腾讯前复权日K回退（成交额、换手率已提供）,False,2026-07-29,7.01,6.946,7.3215,True,False,False,True,8.48,-17.334905660377366,False,39.570594456686244,-0.40435505666958704,-0.4539034602806943,0.09909680722221448,True,False,False,False,2026-07-27,2.0,8.0091548335955,6.685995045107006,10.655474410572488,False,False,2026-07-23,4.0,True,59380.0,80835.8,0.7345755222314865,False,41462400.0,0.98,42.308571428571426,0.5738880918221057,1.8651362984218063,-4.254592638120611,23.076923076923286,76.92307692307672,True,10.95,False,False,False,False,True,False
301,000822,山东海化,C 制造业,腾讯前复权日K回退（成交额、换手率已提供）,False,2026-07-29,4.22,4.148,4.0595,True,True,True,True,4.26,-0.9389671361502356,False,51.37006978172649,-0.0740381349146162,-0.12664100664117992,0.10520574345312744,True,False,False,False,2026-07-02,19.0,10.238328317082411,8.477463742879673,13.760057465487886,False,False,,,False,143561.0,172965.2,0.8299993293448624,False,60315900.0,1.6,37.6974375,1.9323671497584627,2.898550724637684,3.9536888779406296,25.000000000000185,74.99999999999982,True,6.14,False,False,False,False,True,False
302,000823,超声电子,C 制造业,腾讯前复权日K回退（成交额、换手率已提供）,False,2026-07-29,13.12,13.238,16.2545,False,False,False,False,28.22,-53.50815024805103,False,35.50685387665365,-1.958521165309433,-1.6269522699199355,-0.663137790778995,False,True,False,False,,,9.08187481921921,10.72183205621593,5.801960345225773,False,False,,,False,529226.0,440284.4,1.2020094284512464,False,684138900.0,8.9,76.8695393258427,1.7054263565891459,6.279069767441864,-19.283890614906646,28.3950617283951,71.60493827160491,True,29.77,False,False,False,False,False,False
303,000825,太钢不锈,C 制造业,腾讯前复权日K回退（成交额、换手率已提供）,False,2026-07-29,3.61,3.5479999999999996,3.4764999999999993,True,True,True,True,3.65,-1.0958904109589052,False,54.42104084953011,-0.024687241611510924,-0.053706235934258176,0.058037988645494504,True,False,False,False,2026-07-10,13.0,18.0392112041615,15.534904162562484,23.04782528735953,False,False,,,False,461375.0,312683.4,1.4755340385834361,False,165399100.0,0.81,204.1964197530864,2.8490028490028463,4.273504273504272,3.8400690349489612,20.000000000000178,79.99999999999983,True,4.43,False,True,False,False,False,False
304,000826,*ST启环,N 公共环保,腾讯前复权日K回退（成交额、换手率已提供）,False,2026-07-29,1.53,1.428,1.6535,True,False,False,True,2.01,-23.880597014925364,False,41.34188075079251,-0.1584307886264995,-0.15255372573394774,-0.011754125785103542,False,True,False,False,,,12.0195650121258,8.889972855299817,18.278749325777767,False,False,2026-07-23,4.0,True,366116.0,204335.2,1.7917421961561197,False,53059700.0,2.57,20.645797665369653,10.07194244604317,10.071942446043176,-7.469005140610823,0.0,100.0,True,2.49,False,False,False,False,True,True
305,000828,东莞控股,G 运输仓储,腾讯前复权日K回退（成交额、换手率已提供）,False,2026-07-29,10.0,9.888,9.7985,True,True,True,True,10.08,-0.7936507936507943,False,58.164904750139854,0.04074230196523132,0.020208841484558003,0.041066920961346634,True,False,False,False,2026-07-03,18.0,48.325906250053244,45.765033756976855,53.44765123620603,False,False,,,False,73129.0,59251.8,1.2342072308351812,False,73048300.0,0.7,104.35471428571428,1.4198782961460488,1.724137931034482,2.0564372097769996,23.52941176470539,76.47058823529461,True,10.5,False,False,False,False,True,False
306,000829,天音控股,F 批发零售,腾讯前复权日K回退（成交额、换手率已提供）,False,2026-07-29,8.58,8.447999999999999,8.157,True,True,True,True,9.35,-8.235294117647054,False,53.51267277926161,0.0569507554404467,-0.014035304993797864,0.14197212086848912,True,False,False,False,2026-07-03,18.0,26.21222823060422,25.90675354002489,26.82317761176288,True,False,,,False,257153.0,233165.2,1.1028789888027888,False,219142200.0,2.51,87.30764940239044,1.4184397163120366,4.137115839243515,5.185730047811695,14.285714285714432,85.71428571428557,True,12.03,False,False,False,False,False,False
307,000830,鲁西化工,C 制造业,腾讯前复权日K回退（成交额、换手率已提供）,False,2026-07-29,12.84,12.620000000000001,12.2985,True,True,True,True,13.59,-5.518763796909492,False,54.889607584064876,-0.029479860884498166,-0.14873625707046972,0.23851279237194312,True,False,False,False,2026-07-20,7.0,19.35865075215563,15.423316003086981,27.22932025029293,False,False,2026-07-20,7.0,True,390858.0,310820.4,1.257504333692383,False,499288700.0,2.05,243.55546341463418,2.719999999999989,5.439999999999998,4.402975972679588,26.470588235294084,73.52941176470591,True,17.15,False,False,False,False,False,False
308,000831,中国稀土,C 制造业,腾讯前复权日K回退（成交额、换手率已提供）,False,2026-07-29,48.03,48.05,48.535000000000004,False,False,False,False,56.32,-14.719460227272727,False,45.02179598492589,-1.5251104426419317,-1.7107039293020165,0.3711869733201696,True,False,False,False,2026-07-23,4.0,14.40808344658761,14.937152766427394,13.349944806908045,False,False,,,False,220417.0,228545.4,0.9644341999445187,False,1044916900.0,2.08,502.3638942307692,2.6720820863616934,5.087644292432668,-1.040486247038225,14.705882352941222,85.29411764705877,True,66.85,False,False,False,False,False,False
309,000833,粤桂股份,S 综合,腾讯前复权日K回退（成交额、换手率已提供）,False,2026-07-29,19.4,19.610000000000003,20.530499999999996,False,False,False,True,24.97,-22.3067681217461,False,39.33358135055263,-1.0957335359299627,-1.139483134995961,0.0874991981319968,True,False,False,False,2026-07-27,2.0,11.757140010808968,10.97844466440317,13.314530703620562,False,False,2026-07-21,6.0,True,207083.0,240380.8,0.8614789533939483,False,396366800.0,4.56,86.92254385964912,1.837270341207331,5.564304461942269,-5.506441635615294,18.867924528302115,81.13207547169789,True,31.54,False,False,False,False,False,False
310,000837,秦川机床,C 制造业,腾讯前复权日K回退（成交额、换手率已提供）,False,2026-07-29,9.26,8.914,9.879,True,False,False,True,12.65,-26.798418972332023,False,40.689428058541814,-0.6922269175478117,-0.6972640489384493,0.0100742627812751,True,False,True,False,,,9.19913407047688,6.871000030607763,13.855402150215115,False,False,2026-07-28,1.0,True,171154.0,142779.4,1.1987303490559562,False,156261700.0,1.7,91.91864705882352,2.5470653377630104,3.8759689922480587,-6.265816378175927,5.714285714285598,94.2857142857144,True,13.6,False,False,False,False,False,False
311,000838,*ST发展,K 房地产,腾讯前复权日K回退（成交额、换手率已提供）,False,2026-07-29,2.27,2.384,2.146,False,True,True,False,2.52,-9.920634920634921,False,56.63594660372156,0.15572380800483732,0.14346884524625986,0.024509925517154918,True,False,False,False,,,83.15159074973116,80.73084955803026,87.99307313313295,False,False,,,False,362223.0,340572.0,1.0635724604488919,False,82376900.0,3.44,23.94677325581395,-5.020920502092052,10.041841004184091,5.778191985088542,8.333333333333348,45.83333333333333,False,2.52,False,True,False,False,False,False
312,000839,国安股份,I 信息技术,腾讯前复权日K回退（成交额、换手率已提供）,False,2026-07-29,2.82,2.62,2.505,True,True,True,True,2.81,0.35587188612098886,True,60.575995564099095,-0.016411272644274888,-0.06824585856388088,0.10366917183921198,True,False,False,False,2026-07-16,9.0,23.420625891792152,16.32522995799118,37.611417759394094,False,False,2026-07-22,5.0,True,2587647.0,1329923.0,1.945711894598409,True,749964000.0,6.6,113.6309090909091,5.617977528089879,4.8689138576778985,12.574850299401197,0.0,7.692307692307534,False,3.71,False,False,False,False,True,False
313,000848,承德露露,C 制造业,腾讯前复权日K回退（成交额、换手率已提供）,False,2026-07-29,8.87,8.314,8.200999999999999,True,True,True,True,8.58,3.37995337995337,True,71.0432783031226,0.14573685955016202,0.10472167473826714,0.08203036962378976,True,False,False,False,2026-07-28,1.0,81.54651954190774,74.64117396766952,95.35721069038419,False,False,,,False,408135.0,142160.6,2.8709431445843645,True,360013300.0,4.04,89.11220297029703,4.722550177095619,6.493506493506501,8.157541763199617,9.090909090909207,90.90909090909079,True,8.65,True,False,False,False,False,False
314,000850,华茂股份,C 制造业,腾讯前复权日K回退（成交额、换手率已提供）,False,2026-07-29,4.01,3.972,3.848,True,True,True,True,4.14,-3.140096618357486,False,59.00433577526418,0.05837312433268549,0.030225406046955366,0.056295436571460244,True,False,False,False,,,34.55412572086329,31.05991521729923,41.542546727991414,False,False,,,False,60890.0,72653.0,0.8380934028876991,False,24485400.0,0.65,37.66984615384615,0.24999999999999467,1.9999999999999907,4.209979209979208,50.00000000000028,49.99999999999972,False,4.55,False,False,False,False,True,False
315,000852,石化机械,C 制造业,腾讯前复权日K回退（成交额、换手率已提供）,False,2026-07-29,5.2,5.164,5.0569999999999995,True,True,True,True,5.4,-3.703703703703707,False,49.6761447260988,-0.07846719013075631,-0.13456963447406387,0.1122048886866151,True,False,False,False,2026-07-03,18.0,11.978471784810523,10.13535230308013,15.664710748271311,False,False,,,False,110461.0,159080.6,0.6943712809732927,False,57289900.0,1.16,49.387844827586214,1.1673151750972943,2.3346303501945544,2.8277634961439726,25.000000000000185,74.99999999999982,True,7.55,False,False,False,False,True,False
316,000856,冀东装备,C 制造业,腾讯前复权日K回退（成交额、换手率已提供）,False,2026-07-29,7.36,7.142,7.2090000000000005,True,True,False,True,7.8,-5.641025641025635,False,48.897580799652616,-0.22921676410935188,-0.30966904050579447,0.16090455279288518,True,False,False,False,2026-07-02,19.0,11.996865511328345,9.785002323552218,16.420591886880597,False,False,,,False,50355.0,50166.2,1.0037634901587125,False,36935600.0,2.22,16.637657657657655,2.506963788300842,3.7604456824512473,2.0946039672631405,25.925925925925743,74.07407407407426,True,10.99,False,False,False,False,True,False
317,000858,五 粮 液,C 制造业,腾讯前复权日K回退（成交额、换手率已提供）,False,2026-07-29,75.17,74.45599999999999,72.46950000000001,True,True,True,True,76.76,-2.0713913496612864,False,54.34870679097103,-0.029381901185416837,-0.6516378153544078,1.244511828337982,True,False,False,False,,,18.8473080124076,17.755820929916194,21.03028217739041,False,False,,,False,407417.0,321537.8,1.2670889705658246,False,3070589200.0,1.05,2924.3706666666662,0.4946524064171287,1.5641711229946547,3.726395242136334,58.9743589743587,41.025641025641306,False,95.37,False,False,False,False,True,False
318,000859,国风新材,C 制造业,腾讯前复权日K回退（成交额、换手率已提供）,False,2026-07-29,7.87,7.696,8.1525,True,False,False,True,10.7,-26.448598130841116,False,43.034137941491366,-0.6296758435330236,-0.7168075027122844,0.1742633183585216,True,False,False,False,2026-07-28,1.0,23.242687793157426,18.024846501968053,33.67837037553617,False,False,2026-07-21,6.0,True,620241.0,287427.0,2.1579079209677587,True,488926500.0,6.92,70.65411849710982,-6.7535545023696635,7.5829383886256,-3.4651947255443085,0.0,32.812499999999964,False,12.19,False,False,False,False,False,True
319,000860,顺鑫农业,C 制造业,腾讯前复权日K回退（成交额、换手率已提供）,False,2026-07-29,10.84,10.652,10.486500000000001,True,True,True,False,11.32,-4.240282685512371,False,54.82209627001228,0.07495401156222847,0.03167097152093459,0.08656608008258776,True,False,False,False,,,26.866968501807253,25.809106929941052,28.98269164553966,True,False,,,False,132998.0,95746.2,1.3890681823403959,False,144317300.0,1.79,80.62418994413407,1.4031805425631427,2.9934518241346915,3.371000810565952,34.374999999999986,65.62500000000003,False,12.88,False,False,False,False,False,False
320,000862,银星能源,D 水电煤气,腾讯前复权日K回退（成交额、换手率已提供）,False,2026-07-29,5.73,5.836,5.1095,False,True,True,True,6.24,-8.17307692307692,False,56.07662526791705,0.09615875905352222,-0.06716702689498238,0.3266515718970092,True,False,False,False,2026-07-08,15.0,25.039131195734914,21.971705348990966,31.173982889222813,False,False,,,False,608609.0,828661.8,0.7344479979649116,False,346778900.0,9.69,35.78729618163055,-2.051282051282033,4.273504273504273,12.144045405617003,19.99999999999993,60.00000000000014,False,7.72,False,False,False,False,False,True
321,000863,三湘印象,K 房地产,腾讯前复权日K回退（成交额、换手率已提供）,False,2026-07-29,3.85,3.6719999999999997,3.9775,True,False,False,True,4.77,-19.287211740041922,False,43.612328269159384,-0.2141786788638096,-0.22128934381427282,0.01422132990092645,True,False,True,False,,,10.565671065837163,8.131126118138708,15.434760961234073,False,False,2026-07-28,1.0,True,207168.0,163598.4,1.2663204530117655,False,79423000.0,1.78,44.619662921348315,2.6666666666666616,6.133333333333333,-3.2055311125078556,43.47826086956526,56.521739130434746,False,6.05,False,False,False,False,True,False
322,000868,安凯客车,C 制造业,腾讯前复权日K回退（成交额、换手率已提供）,False,2026-07-29,3.6,3.4519999999999995,3.4065,True,True,True,True,3.56,1.1235955056179785,True,57.69628529143276,-0.03626651476524412,-0.07468715128475333,0.07684127303901842,True,False,False,False,2026-07-03,18.0,18.038762072878516,14.49603695991864,25.12421229879827,False,False,2026-07-27,2.0,True,123894.0,107515.0,1.1523415337394782,False,44272200.0,1.32,33.539545454545454,3.151862464183375,2.865329512893985,5.68031704095113,0.0,100.0,True,4.53,False,False,False,False,False,False
323,000869,张 裕Ａ,C 制造业,腾讯前复权日K回退（成交额、换手率已提供）,False,2026-07-29,17.46,16.994,16.6695,True,True,True,True,17.39,0.40253018976423394,True,59.92261819867345,0.06986001243169682,-0.04988434259230765,0.23948871004800892,True,False,False,False,2026-07-06,17.0,42.146541801858156,37.36002981648341,51.71956577260765,False,False,,,False,14206.0,13021.6,1.0909565644774835,False,24800000.0,0.31,80.0,1.5116279069767424,2.383720930232559,4.742193827049411,21.95121951219508,78.04878048780492,True,19.25,False,False,False,False,False,False
324,000875,电投绿能,D 水电煤气,腾讯前复权日K回退（成交额、换手率已提供）,False,2026-07-29,5.32,5.1819999999999995,5.037999999999999,True,True,True,True,5.34,-0.37453183520598454,False,52.33876282274799,-0.1091379784893034,-0.18723414646829944,0.1561923359579921,True,False,False,False,2026-07-14,11.0,15.710372513357962,13.27418718097899,20.58274317811591,False,False,2026-07-15,10.0,True,927324.0,494591.8,1.8749279709044915,True,487553100.0,2.77,176.01194945848377,4.7244094488189115,5.905511811023619,5.597459309249722,23.333333333333144,76.66666666666686,True,7.38,False,False,False,False,False,False
325,000876,新 希 望,C 制造业,腾讯前复权日K回退（成交额、换手率已提供）,False,2026-07-29,6.9,6.858,7.027500000000001,True,False,False,False,7.47,-7.6305220883534055,False,47.97509873236164,-0.02987009561348053,-0.021156071062741696,-0.017428049101477668,False,True,False,False,,,33.4629810950986,34.48083063308341,31.42728201912898,False,False,,,False,273528.0,268995.2,1.0168508583052782,False,188739900.00000003,0.61,309.4096721311476,0.5830903790087438,1.8950437317784241,-1.8143009605122786,46.15384615384589,53.84615384615411,False,8.85,False,False,False,False,False,False
326,000877,天山股份,C 制造业,腾讯前复权日K回退（成交额、换手率已提供）,False,2026-07-29,3.74,3.6439999999999997,3.661,True,True,False,True,3.79,-1.319261213720312,False,49.70362319320016,-0.07561701552868261,-0.10186377969958042,0.05249352834179563,True,False,False,False,2026-07-06,17.0,7.243484901635661,5.532767491490581,10.66491972192582,True,False,2026-07-29,0.0,True,214948.0,121271.4,1.7724541812826438,False,80240500.0,0.3,267.46833333333336,3.03030303030305,4.407713498622582,2.15788036055723,24.99999999999979,75.00000000000021,True,4.88,False,False,False,False,False,False
327,000878,云南铜业,C 制造业,腾讯前复权日K回退（成交额、换手率已提供）,False,2026-07-29,15.53,15.431999999999999,15.252,True,True,True,False,16.55,-6.163141993957712,False,48.345544243739624,-0.3749094245477185,-0.5237374369617731,0.29765602482810927,True,False,False,False,2026-07-22,5.0,18.58017880654461,15.845591332900645,24.049353753832538,False,False,2026-07-21,6.0,True,304597.0,412813.6,0.7378560202473949,False,468904900.0,1.52,308.4900657894737,2.0367936925098418,3.942181340341653,1.8227117755048432,23.333333333333442,76.66666666666656,True,20.92,False,False,False,False,False,False
328,000880,潍柴重机,C 制造业,腾讯前复权日K回退（成交额、换手率已提供）,False,2026-07-29,21.61,21.418,22.145,True,False,False,True,24.98,-13.49079263410729,False,43.01936177537311,-1.0379337636615134,-1.1876728771373335,0.2994782269516403,True,False,False,False,2026-07-23,4.0,10.547727485316484,9.404764788992955,12.83365287796354,False,False,2026-07-22,5.0,True,109618.0,87130.8,1.2580855449508095,False,231709800.0,4.83,47.97304347826087,2.3685457129322574,5.163429654192325,-2.4158952359449093,3.6697247706421243,96.33027522935788,True,37.13,False,False,False,False,False,False
329,000881,中广核技,C 制造业,腾讯前复权日K回退（成交额、换手率已提供）,False,2026-07-29,6.37,6.284,6.2545,True,True,True,True,6.68,-4.640718562874246,False,48.212487547118954,-0.13362781843833194,-0.19366069357033,0.12006575026399613,True,False,False,False,2026-07-06,17.0,12.117270351492005,9.898177740885544,16.55545557270493,False,False,2026-07-23,4.0,True,74293.0,76799.6,0.9673618091760894,False,47180900.0,0.82,57.53768292682927,1.2718600953895098,1.4308426073131935,1.8466703973139331,22.22222222222178,77.77777777777821,True,8.26,False,False,False,False,True,False
330,000882,华联股份,L 商务服务,腾讯前复权日K回退（成交额、换手率已提供）,False,2026-07-29,1.41,1.3719999999999999,1.354,True,True,True,True,1.45,-2.758620689655175,False,55.12240848465487,-0.005081836100583548,-0.014332068583142272,0.01850046496511745,True,False,False,False,2026-07-08,15.0,20.08894533330968,16.889515805297176,26.48780438933469,False,False,2026-07-28,1.0,True,707761.0,498960.8,1.4184701483563438,False,99683200.0,2.59,38.48772200772201,2.1739130434782705,3.623188405797105,4.135893648449026,40.0,60.0,False,1.67,False,False,False,False,False,False
331,000883,湖北能源,D 水电煤气,腾讯前复权日K回退（成交额、换手率已提供）,False,2026-07-29,4.72,4.688,4.495,True,True,True,True,4.84,-2.4793388429752086,False,58.21729102162832,0.04185877113198533,0.0030918450444403093,0.07753385217509004,True,False,False,False,2026-07-09,14.0,47.94936912138721,45.4832419466361,52.88162347088942,False,False,,,False,346552.0,393024.2,0.8817574083224392,False,162968700.0,0.53,307.48811320754714,2.386117136659416,3.4707158351410006,5.005561735261393,18.75000000000014,81.24999999999987,True,5.31,False,False,False,False,True,False
332,000885,城发环境,N 公共环保,腾讯前复权日K回退（成交额、换手率已提供）,False,2026-07-29,12.77,12.654,12.4865,True,True,True,True,12.84,-0.5451713395638652,False,55.87735435225814,0.019127188289683517,-0.028231605929744528,0.09471758843885608,True,False,False,False,2026-07-06,17.0,31.340218938954223,28.20925851946806,37.602139777926546,False,False,,,False,55063.0,46400.6,1.1866872411132614,False,70247500.0,0.86,81.68313953488372,1.2688342585249757,2.22045995241871,2.2704520882553165,32.14285714285717,67.85714285714283,False,14.05,False,False,False,False,True,False
333,000886,海南高速,G 运输仓储,腾讯前复权日K回退（成交额、换手率已提供）,False,2026-07-29,4.54,4.482,4.3275,True,True,True,True,4.59,-1.0893246187363796,False,58.07410438635788,0.025873537665635382,-0.015621443647391937,0.08298996262605464,True,False,False,False,,,24.789096453110357,22.183802830416695,29.999683698497677,False,False,,,False,136451.0,127638.6,1.0690418102360884,False,62116200.0,1.4,44.36871428571429,0.6651884700665134,2.660753880266058,4.910456383593307,50.0,50.0,False,5.57,False,False,False,False,True,False
334,000887,中鼎股份,C 制造业,腾讯前复权日K回退（成交额、换手率已提供）,False,2026-07-29,17.02,16.738,17.966,True,False,False,True,20.79,-18.133718133718133,False,43.533237125957626,-0.7057253071826608,-0.5998131477626993,-0.21182431883992292,False,True,False,False,,,10.563790863783352,12.278188334821609,7.134995921706835,False,False,,,False,271604.0,254737.6,1.066210877389125,False,458682400.0,2.07,221.5857004830918,2.099580083983188,3.899220155968819,-5.2655015028387036,23.07692307692333,76.92307692307668,True,22.75,False,False,False,False,True,False
335,000888,峨眉山Ａ,N 公共环保,腾讯前复权日K回退（成交额、换手率已提供）,False,2026-07-29,9.61,9.424000000000001,9.307500000000001,True,True,True,True,9.94,-3.319919517102617,False,54.43890739214155,-0.010320895956404286,-0.07025152322527171,0.11986125453773486,True,False,False,False,2026-07-01,20.0,18.74543214793182,17.412715210528788,21.410866022737878,False,False,2026-07-28,1.0,True,73937.0,77138.2,0.9585004576202193,False,71198600.0,1.4,50.856142857142856,0.9453781512605008,2.1008403361344463,3.2500671501477134,30.000000000000355,69.99999999999964,False,11.76,False,False,False,False,False,False
336,000889,中嘉博创,I 信息技术,腾讯前复权日K回退（成交额、换手率已提供）,False,2026-07-29,3.67,3.6879999999999997,3.3649999999999998,False,True,True,False,4.16,-11.778846153846159,False,53.5101718867359,0.032385839819207174,-0.04001034358654525,0.14479236681150484,True,False,False,False,2026-07-15,10.0,26.914899677439905,25.623659353207994,29.497380325903727,False,False,2026-07-15,10.0,True,573738.0,1194317.8,0.48038972541479324,False,207657200.0,6.6,31.463212121212123,0.0,4.90463215258856,9.06389301634473,11.11111111111111,77.77777777777779,True,5.89,False,False,False,False,True,False
337,000890,法尔胜,C 制造业,腾讯前复权日K回退（成交额、换手率已提供）,False,2026-07-29,6.65,6.614,6.9735,True,False,False,True,9.02,-26.27494456762749,False,37.85734531653473,-0.6675424367042435,-0.7926443267017071,0.25020377999492727,True,False,False,False,2026-07-22,5.0,8.242111948699206,7.073228124383778,10.579879597330063,False,False,2026-07-22,5.0,True,148281.0,170162.8,0.871406676429866,False,98120900.0,3.53,27.79628895184136,0.45317220543807935,3.7764350453172204,-4.638990463899035,35.99999999999994,64.00000000000006,False,17.0,False,True,False,False,True,False
338,000892,欢瑞世纪,R 文化传播,腾讯前复权日K回退（成交额、换手率已提供）,False,2026-07-29,3.51,3.21,3.5625,True,False,False,True,4.62,-24.02597402597403,False,49.08278597201507,-0.14973415003063506,-0.13256938083799513,-0.034329538385279856,False,True,False,False,,,9.162465174309016,7.737772506716181,12.011850509494687,True,False,2026-07-29,0.0,True,484361.0,706564.0,0.6855161032829298,False,168795300.0,6.81,24.78638766519824,10.03134796238243,6.269592476489019,-1.473684210526322,0.0,100.0,True,5.07,False,False,False,False,True,True
339,000893,亚钾国际,C 制造业,腾讯前复权日K回退（成交额、换手率已提供）,False,2026-07-29,51.33,49.388,44.269999999999996,True,True,True,True,51.29,0.07798791187365792,True,63.32163527752871,1.5022778190275616,0.38005357205145807,2.2444484939522074,True,False,False,False,2026-07-15,10.0,40.32640464990282,32.68718288686341,55.60484817598163,False,False,2026-07-15,10.0,True,166372.0,205449.2,0.8097962902751629,False,844983100.0,2.05,412.1868780487805,1.583217890362154,5.778745299821892,15.947594307657562,22.602739726027508,77.39726027397249,True,56.2,False,False,False,False,False,False
340,000895,双汇发展,C 制造业,腾讯前复权日K回退（成交额、换手率已提供）,False,2026-07-29,26.07,25.363999999999997,24.244,True,True,True,True,25.85,0.8510638297872295,True,71.73985238769883,0.4706380697692758,0.23045564016652273,0.48036485920550615,True,False,False,False,2026-07-01,20.0,50.21059925821597,44.32600530175197,61.97978717114397,False,False,,,False,143842.0,137918.0,1.0429530590640816,False,373970600.0,0.42,890.4061904761905,1.4396887159533023,2.023346303501958,7.53176043557169,19.230769230769386,80.76923076923062,True,28.03,False,False,False,False,True,False
341,000897,津滨发展,K 房地产,腾讯前复权日K回退（成交额、换手率已提供）,False,2026-07-29,1.75,1.714,1.6895,True,True,True,True,1.78,-1.6853932584269677,False,53.35721916984295,-0.017747285754126096,-0.03270226973922043,0.02990996797018866,True,False,False,False,2026-07-06,17.0,16.671917078274912,13.615796056696738,22.78415912143126,False,False,2026-07-27,2.0,True,303400.0,238749.4,1.2707885339188287,False,52996200.0,1.88,28.189468085106384,1.744186046511631,2.9069767441860495,3.5809411068363417,40.0,60.0,False,2.19,False,False,False,False,False,False
342,000898,鞍钢股份,C 制造业,腾讯前复权日K回退（成交额、换手率已提供）,False,2026-07-29,2.05,2.01,1.94,True,True,True,True,2.05,0.0,False,61.34392716863782,0.013361453886246766,-0.0038128272805126274,0.03434856233351879,True,False,False,False,2026-07-03,18.0,26.01338924184664,20.768035233563925,36.50409725841207,False,False,,,False,510767.0,404175.8,1.2637248444859885,False,104295000.0,0.64,162.9609375,2.499999999999991,3.500000000000003,5.670103092783499,14.285714285714604,85.7142857142854,True,2.34,False,False,False,False,True,False
343,000899,赣能股份,D 水电煤气,腾讯前复权日K回退（成交额、换手率已提供）,False,2026-07-29,10.95,10.73,10.2975,True,True,True,False,11.77,-6.966864910790147,False,52.32013571578897,-0.04934667910051793,-0.19294592025819646,0.28719848231535705,True,False,False,False,2026-07-13,12.0,24.127241457247802,23.4077584295805,25.5662075125824,True,False,,,False,281740.0,320916.4,0.8779233470149858,False,303987600.0,2.89,105.18602076124567,4.385128693994278,5.910390848427083,6.336489439184268,3.2258064516131153,96.77419354838689,True,15.2,False,True,False,False,False,False
344,000900,现代投资,G 运输仓储,腾讯前复权日K回退（成交额、换手率已提供）,False,2026-07-29,3.74,3.7040000000000006,3.686,True,True,True,True,3.82,-2.0942408376963253,False,55.26241150925917,0.010795687645738905,0.0047559737626124195,0.012079427766252971,True,False,False,False,2026-07-02,19.0,39.785816503181124,37.350729512064866,44.65599048541364,False,False,,,False,142544.0,101203.4,1.408490228589158,False,53163500.0,0.94,56.55691489361703,1.3550135501354976,1.6260162601626031,1.4650027129679943,16.666666666666295,83.3333333333337,True,4.1,False,False,False,False,True,False
345,000901,航天科技,C 制造业,腾讯前复权日K回退（成交额、换手率已提供）,False,2026-07-29,14.05,13.834,15.094,True,False,False,True,18.76,-25.10660980810235,False,38.32596707070108,-1.1633839033521323,-1.2151854382722125,0.10360306984016043,True,False,True,False,,,9.657190021520414,8.069122482866376,12.833325098828489,False,False,2026-07-21,6.0,True,154747.0,164742.6,0.9393259545497036,False,214794300.0,1.94,110.71871134020618,1.73787110789283,3.6205648081100645,-6.916655624751549,11.999999999999744,88.00000000000026,True,25.08,False,False,False,False,False,False
346,000902,新洋丰,C 制造业,腾讯前复权日K回退（成交额、换手率已提供）,False,2026-07-29,13.76,13.488,12.848499999999998,True,True,True,False,13.89,-0.9359251259899264,False,61.93353108119064,0.2733130042454661,0.15806188349816838,0.23050224149459547,True,False,False,False,,,36.089856334540436,31.43498518448123,45.39959863465885,False,False,,,False,139079.0,118002.2,1.1786136190681191,False,190120200.0,1.22,155.8362295081967,2.3048327137546565,3.6431226765799276,7.094213332295615,16.326530612244905,83.67346938775509,True,15.71,False,False,False,False,False,False
347,000903,ST云动,C 制造业,腾讯前复权日K回退（成交额、换手率已提供）,False,2026-07-29,1.74,1.7120000000000002,1.7419999999999998,True,False,False,True,1.98,-12.121212121212121,False,47.49506592200155,-0.05039749100165247,-0.06271937371743994,0.024643765431574927,True,False,False,False,2026-07-27,2.0,16.857758157939433,13.354393804413858,23.864486864990585,False,False,2026-07-22,5.0,True,138478.0,184073.2,0.7522985421017291,False,24076900.0,0.72,33.44013888888889,1.1627906976744207,2.9069767441860495,-0.11481056257174396,60.0,40.0,False,2.25,False,True,False,False,True,False
348,000905,厦门港务,F 批发零售,腾讯前复权日K回退（成交额、换手率已提供）,False,2026-07-29,8.48,8.468,8.091,True,True,True,True,8.6,-1.3953488372092933,False,53.998677250294826,-0.03089002641363159,-0.14651964210870663,0.2312592313901501,True,False,False,False,2026-07-01,20.0,18.247579875543483,15.728352850392746,23.28603392584496,False,False,,,False,111368.0,141908.0,0.7847901457282183,False,94214700.0,1.5,62.8098,0.23640661938533203,3.42789598108746,4.80781114818936,0.0,62.06896551724146,False,11.82,False,False,False,False,False,False
349,000906,浙商中拓,L 商务服务,腾讯前复权日K回退（成交额、换手率已提供）,False,2026-07-29,5.41,5.3,5.326,True,True,False,True,5.65,-4.247787610619472,False,51.278088260729966,-0.05038429779367526,-0.06993082383693867,0.03909305208652683,True,False,False,False,2026-07-03,18.0,21.40112753367224,20.700797672177462,22.801787256661804,True,False,,,False,79225.0,59107.2,1.3403612419468356,False,42778600.0,1.13,37.85716814159292,2.075471698113218,3.207547169811319,1.577168606834407,23.529411764705912,76.47058823529409,True,6.82,False,False,False,False,True,False
350,000908,石药景峰,C 制造业,腾讯前复权日K回退（成交额、换手率已提供）,False,2026-07-29,6.15,6.252000000000001,6.6450000000000005,False,False,False,False,7.84,-21.556122448979586,False,44.42720063944428,-0.07250377134572705,-0.012738758311051314,-0.11953002606935148,False,True,False,False,,,35.41851424098029,41.25144399324214,23.75265473645659,False,False,,,False,202373.0,225890.4,0.8958902193276032,False,124832300.0,2.3,54.27491304347827,-1.9138755980861122,3.9872408293460926,-7.449209932279912,27.99999999999976,20.000000000000284,False,7.99,False,False,False,False,False,False
351,000909,*ST数源,K 房地产,腾讯前复权日K回退（成交额、换手率已提供）,False,2026-07-29,4.38,4.068,4.0925,True,True,False,True,4.67,-6.209850107066382,False,57.23192845516307,-0.02786606902056299,-0.08810942637487028,0.12048671470861458,True,False,False,False,2026-07-28,1.0,20.558307501942366,15.93952766828042,29.79586716926626,False,False,2026-07-27,2.0,True,157689.0,44664.6,3.5305140984135086,True,71674200.0,3.6,19.9095,-1.3513513513513598,12.612612612612603,7.025045815516179,66.07142857142864,17.857142857142804,False,5.36,False,False,False,False,False,True
352,000910,大亚圣象,C 制造业,腾讯前复权日K回退（成交额、换手率已提供）,False,2026-07-29,5.05,4.944,5.188000000000001,True,False,False,True,5.6,-9.821428571428568,False,40.55381492997987,-0.19799939462482907,-0.20751803180066952,0.0190372743516809,True,False,True,False,,,7.195301910036508,6.30512317785158,8.975659374406364,True,False,2026-07-29,0.0,True,64122.0,61417.0,1.044043180226973,False,32420400.0,1.17,27.70974358974359,1.2024048096192397,2.404809619238479,-2.6599845797995525,50.00000000000037,49.99999999999963,False,7.49,False,False,False,False,True,False
353,000911,*ST广糖,C 制造业,腾讯前复权日K回退（成交额、换手率已提供）,False,2026-07-29,4.19,4.0760000000000005,4.0565,True,True,True,True,4.38,-4.337899543378984,False,50.09917805761949,-0.11585697273086915,-0.18150745093704315,0.131300956412348,True,False,False,False,2026-07-03,18.0,17.67083148564264,15.399177772560373,22.21413891180718,False,False,2026-07-27,2.0,True,29642.0,28333.6,1.0461783889092808,False,12367100.0,0.74,16.712297297297297,0.0,3.5799522673031112,3.2910144212991645,39.999999999999645,60.000000000000355,False,6.52,False,False,False,False,True,False
354,000912,泸天化,C 制造业,腾讯前复权日K回退（成交额、换手率已提供）,False,2026-07-29,3.64,3.56,3.446,True,True,True,True,3.66,-0.5464480874316944,False,56.62999707702966,0.0003961757092003637,-0.03784797243053409,0.0764882962794689,True,False,False,False,2026-07-01,20.0,13.261308402907892,11.136701312194367,17.51052258433494,False,False,,,False,251376.0,208072.6,1.2081167823154033,False,91377300.0,1.6,57.1108125,3.116147308781869,4.532577903682724,5.6297156123041185,25.0,75.0,True,5.15,False,False,False,False,True,False
355,000913,钱江摩托,C 制造业,腾讯前复权日K回退（成交额、换手率已提供）,False,2026-07-29,11.36,10.928,10.690000000000001,True,True,True,True,11.27,0.7985803016858904,True,59.647588559799374,-0.006522022699639862,-0.11151433635247177,0.2099846273056638,True,False,False,False,2026-07-08,15.0,17.137025380518285,14.558497030880597,22.294082079793665,False,False,2026-07-27,2.0,True,71275.0,48070.6,1.4827150066776782,False,80498800.0,1.37,58.75824817518247,3.085299455535395,3.629764065335757,6.267539756782021,10.000000000000222,89.99999999999979,True,13.05,False,False,False,False,True,False
356,000915,华特达因,C 制造业,腾讯前复权日K回退（成交额、换手率已提供）,False,2026-07-29,25.52,25.166,25.167,True,True,False,True,26.3,-2.965779467680613,False,52.06094087958265,-0.07789988084748245,-0.1038320893978867,0.051864417100808496,True,False,True,False,,,17.415015134893974,16.549322498765203,19.14640040715151,True,False,2026-07-29,0.0,True,36149.0,19974.2,1.8097846221625897,True,92542900.00000001,1.54,60.092792207792215,1.8762475049900251,2.954091816367259,1.4026304287360352,48.648648648648674,51.351351351351326,False,27.57,False,False,False,False,True,False
357,000917,电广传媒,I 信息技术,腾讯前复权日K回退（成交额、换手率已提供）,False,2026-07-29,6.78,6.556,6.5465,True,True,True,True,7.04,-3.693181818181815,False,50.955748540391355,-0.14227157685933722,-0.20824994425894966,0.13195673479922487,True,False,False,False,2026-07-09,14.0,11.268463253869756,9.176595614093936,15.452198533421399,False,False,2026-07-27,2.0,True,300462.0,227169.0,1.3226364512763624,False,202226400.0,2.12,95.38981132075472,2.4169184290030232,3.32326283987915,3.566791415260066,22.72727272727267,77.27272727272732,True,9.06,False,False,False,False,False,False
358,000919,金陵药业,C 制造业,腾讯前复权日K回退（成交额、换手率已提供）,False,2026-07-29,6.25,6.156000000000001,6.1825,True,True,False,True,6.57,-4.870624048706245,False,52.35876013004419,-0.004414939032283627,-0.009476012981707081,0.010122147898846908,True,False,True,False,,,12.685065182008932,12.390006860949496,13.275181824127802,True,False,2026-07-29,0.0,True,101215.0,115502.2,0.8763036548221592,False,63179500.0,1.63,38.760429447852765,1.296596434359798,1.6207455429497655,1.091791346542659,30.00000000000009,69.9999999999999,False,7.34,False,False,False,False,True,False
359,000920,沃顿科技,C 制造业,腾讯前复权日K回退（成交额、换手率已提供）,False,2026-07-29,11.25,11.646,12.5925,False,False,False,False,16.16,-30.383663366336634,False,40.11858251891604,-0.47603696923106753,-0.26447474950645533,-0.4231244394492244,False,True,False,False,,,18.588358808508424,24.810775704136415,6.143525017252443,False,False,,,False,171471.0,181173.0,0.9464489741848952,False,191218800.0,3.63,52.67735537190082,-1.488616462346759,4.903677758318743,-10.661107802263247,10.714285714285793,57.14285714285714,False,16.6,False,False,False,False,False,False
360,000921,海信家电,C 制造业,腾讯前复权日K回退（成交额、换手率已提供）,False,2026-07-29,26.49,25.467999999999996,25.566,True,True,False,True,27.43,-3.4269048487058016,False,54.790364684739984,-0.14804222182714355,-0.21272811024249455,0.129371776830702,True,False,True,False,,,43.91823975611802,41.53648947541262,48.681740317528806,False,False,,,False,149986.0,152619.4,0.9827453128501358,False,395522300.00000006,1.62,244.14956790123458,2.6346377373111185,4.765594730724527,3.614175076273173,24.390243902439074,75.60975609756093,True,31.8,False,False,False,False,False,False
361,000922,佳电股份,C 制造业,腾讯前复权日K回退（成交额、换手率已提供）,False,2026-07-29,10.76,10.628,11.513,True,False,False,False,14.15,-23.95759717314488,False,39.76817863414591,-0.677896338498087,-0.6299334319822351,-0.09592581303170378,False,True,False,False,,,10.691346560130489,11.358355521599227,9.35732863719301,False,False,,,False,132761.0,120855.0,1.0985147490794753,False,141297500.0,1.88,75.15824468085107,2.769818529130852,5.062082139446047,-6.540432554503606,22.641509433962405,77.3584905660376,True,15.08,False,False,False,False,True,False
362,000923,河钢资源,B 采矿业,腾讯前复权日K回退（成交额、换手率已提供）,False,2026-07-29,15.0,14.485999999999999,13.4405,True,True,True,True,14.94,0.4016064257028146,True,62.20257737160441,0.22899274021973248,-0.039799494475649434,0.5375844693907639,True,False,False,False,2026-07-03,18.0,33.63753910111128,26.204284137903453,48.504049027526925,False,False,,,False,143323.0,196707.6,0.7286093674062415,False,214770500.0,2.28,94.19758771929826,0.9421265141319024,2.9609690444145444,11.602990960157731,50.0,50.0,False,17.98,False,True,False,False,True,False
363,000925,众合科技,C 制造业,腾讯前复权日K回退（成交额、换手率已提供）,False,2026-07-29,6.93,6.862,7.717999999999999,True,False,False,True,10.74,-35.47486033519554,False,39.080602639739446,-0.5085675246249357,-0.4545908963787221,-0.10795325649242726,False,True,False,False,,,12.681900548908487,11.947915352904266,14.14987094091693,False,False,2026-07-28,1.0,True,271721.0,249265.2,1.0900879866102449,False,185711500.0,4.05,45.854691358024695,-1.1412268188302432,4.13694721825963,-10.209898937548582,27.586206896551747,72.41379310344826,True,11.83,False,False,False,False,True,False
364,000926,福星股份,K 房地产,腾讯前复权日K回退（成交额、换手率已提供）,False,2026-07-29,2.11,2.0380000000000003,1.9855,True,True,True,True,2.15,-1.8604651162790715,False,59.604253298879044,-0.0011614215112660808,-0.02375262892698277,0.04518241483143338,True,False,False,False,2026-07-14,11.0,22.704051579637866,18.206528353646114,31.699098031621375,False,False,,,False,240296.0,267644.8,0.8978168079484451,False,50537299.99999999,1.53,33.03091503267973,1.9323671497584627,2.898550724637684,6.270460841097952,33.33333333333333,66.66666666666666,False,2.74,False,True,False,False,False,False
365,000927,中国铁物,L 商务服务,腾讯前复权日K回退（成交额、换手率已提供）,False,2026-07-29,2.5,2.46,2.402,True,True,True,True,2.49,0.40160642570280264,True,58.10362419061866,0.007853256734801306,-0.009087550456142793,0.0338816143818882,True,False,False,False,2026-07-02,19.0,18.88415356451284,17.362729396111135,21.927001901316245,False,False,,,False,591347.0,444506.0,1.3303464970101642,False,147675800.0,0.98,150.6895918367347,1.6260162601626105,2.8455284552845463,4.079933388842625,28.571428571428665,71.42857142857135,True,2.86,False,False,False,False,False,False
366,000928,中钢国际,E 建筑业,腾讯前复权日K回退（成交额、换手率已提供）,False,2026-07-29,5.13,5.046000000000001,4.9765,True,True,True,True,5.16,-0.5813953488372141,False,49.67642979605511,-0.092323489828388,-0.1426677279712598,0.10068847628574357,True,False,False,False,2026-07-14,11.0,11.886640978478574,10.593462492978864,14.472997949477996,False,False,,,False,204747.0,148418.8,1.3795220012559057,False,104422300.0,1.43,73.02258741258741,1.7857142857142794,2.3809523809523827,3.0844971365417506,8.333333333333147,91.66666666666686,True,6.85,False,False,False,True,False,False
367,000929,兰州黄河,C 制造业,腾讯前复权日K回退（成交额、换手率已提供）,False,2026-07-29,8.02,7.8,8.327,True,False,False,True,9.36,-14.316239316239315,False,39.645043480032285,-0.4436033418121994,-0.4555058416215282,0.023804999618657563,True,False,True,False,,,13.51981188598863,11.364167914353127,17.83109982925964,False,False,2026-07-23,4.0,True,33785.0,34914.6,0.9676467724103957,False,26881300.0,1.82,14.769945054945055,2.2959183673469274,3.188775510204093,-3.6868019694968224,16.000000000000313,83.99999999999969,True,12.02,False,True,False,False,True,False
368,000930,中粮科技,C 制造业,腾讯前复权日K回退（成交额、换手率已提供）,False,2026-07-29,4.66,4.57,4.514,True,True,True,True,4.73,-1.4799154334038114,False,52.87267445569011,-0.03875562950782818,-0.0732592650542848,0.06900727109291324,True,False,False,False,2026-07-03,18.0,11.162496036293383,9.87313563616762,13.741216836544911,False,False,2026-07-27,2.0,True,214579.0,159533.4,1.3450412264767129,False,99529300.0,1.16,85.80112068965518,2.8697571743929284,3.752759381898453,3.234381922906511,11.764705882352695,88.2352941176473,True,6.06,False,False,False,False,False,False
369,000931,中 关 村,C 制造业,腾讯前复权日K回退（成交额、换手率已提供）,False,2026-07-29,4.18,4.1339999999999995,4.198,True,False,False,True,4.53,-7.726269315673301,False,48.903901258642925,-0.028808898668275518,-0.024078546719659037,-0.009460703897232962,False,True,False,False,,,15.216512506606156,15.421932153524965,14.805673212768536,False,False,,,False,65122.0,59769.2,1.0895578324622046,False,27181600.0,0.87,31.243218390804596,0.9661835748792313,2.1739130434782576,-0.4287756074321267,33.33333333333366,66.66666666666634,False,4.79,False,False,False,False,True,False
370,000932,华菱钢铁,C 制造业,腾讯前复权日K回退（成交额、换手率已提供）,False,2026-07-29,3.92,3.808,3.6354999999999995,True,True,True,True,3.91,0.2557544757033194,True,63.62662660470414,0.04351861278126634,0.002374797151501026,0.08228763125953063,True,False,False,False,,,25.44465494214442,20.835089066547912,34.663786693337435,False,False,,,False,1559234.0,1008366.4,1.546297060274916,False,605669200.0,2.28,265.6443859649123,4.533333333333323,5.86666666666666,7.825608582038248,18.18181818181822,81.81818181818178,True,4.64,False,False,False,False,True,False
371,000933,神火股份,C 制造业,腾讯前复权日K回退（成交额、换手率已提供）,False,2026-07-29,25.75,25.488,23.9125,True,True,True,True,26.84,-4.061102831594635,False,55.28799492171108,0.2169740858819793,-0.13921374129777841,0.7123756543595154,True,False,False,False,2026-07-06,17.0,31.690192981034073,28.297137210414586,38.47630452227305,False,False,,,False,596761.0,670236.2,0.8903741695837976,False,1525962300.0,2.66,573.670037593985,2.589641434262946,2.5896414342629566,7.6842655514897995,15.384615384615552,84.61538461538444,True,32.56,False,False,False,False,True,False
372,000935,四川双马,C 制造业,腾讯前复权日K回退（成交额、换手率已提供）,False,2026-07-29,22.5,22.582,25.037,False,False,False,False,28.13,-20.01421969427657,False,38.020392372969546,-1.1525051707378147,-0.8603898456479266,-0.584230650179776,False,True,False,False,,,7.874679779685846,11.316437377783826,0.991164583489887,False,False,,,False,57244.0,82753.4,0.6917419707226531,False,128059800.0,0.75,170.7464,1.5801354401805856,4.96613995485328,-10.133003155330108,27.272727272727305,72.72727272727269,True,34.13,False,False,False,False,False,False
373,000936,华西股份,C 制造业,腾讯前复权日K回退（成交额、换手率已提供）,False,2026-07-29,5.03,4.884,4.9945,True,True,False,True,5.51,-8.7114337568058,False,44.30810246404136,-0.22411062611348953,-0.28062002261344265,0.11301879299990625,True,False,False,False,2026-07-01,20.0,5.940174286184671,4.2460837521193815,9.328355354315251,False,False,2026-07-27,2.0,True,135053.0,122089.6,1.1061793961156396,False,67570500.0,1.52,44.45427631578947,1.8218623481781382,3.0364372469635517,0.7107818600460479,13.333333333333098,86.6666666666669,True,8.27,False,False,False,False,False,False
374,000937,冀中能源,B 采矿业,腾讯前复权日K回退（成交额、换手率已提供）,False,2026-07-29,4.78,4.7700000000000005,4.4965,True,True,True,True,4.98,-4.016064257028116,False,59.06623228797852,0.07486407352111435,0.025034903909374545,0.09965833922347961,True,False,False,False,2026-07-06,17.0,58.39258462254685,55.67660791335813,63.82453804092428,False,False,,,False,254374.0,287710.0,0.8841333286990373,False,120825900.0,0.67,180.33716417910446,3.0172413793103647,3.663793103448275,6.304903814077617,11.764705882352695,88.2352941176473,True,5.29,False,True,False,False,False,False
375,000938,紫光股份,C 制造业,腾讯前复权日K回退（成交额、换手率已提供）,False,2026-07-29,37.33,40.836,37.2335,False,True,True,False,45.8,-18.493449781659386,False,52.56294501885348,2.9006238619502653,2.9521177028813366,-0.10298768186214247,False,True,False,True,,,75.67315933025569,81.60905470022611,63.80136859031484,False,False,,,False,3494249.0,4363910.4,0.8007151109243672,False,13273184900.0,12.22,1086.1853436988542,-10.004821600771452,9.209257473481196,0.2591752051244146,7.591623036649192,0.0,False,45.8,False,False,False,False,True,False
376,000948,南天信息,I 信息技术,腾讯前复权日K回退（成交额、换手率已提供）,False,2026-07-29,14.46,13.575999999999999,13.352,True,True,True,True,14.98,-3.471295060080104,False,58.63798272880306,0.2776173757635547,0.2254495891518801,0.10433557322334924,True,False,False,False,2026-07-28,1.0,48.3441297053753,44.53794441330809,55.95650028950972,True,False,,,False,431999.0,161067.0,2.6821074459696894,True,644245200.0,11.1,58.04010810810811,2.771855010660995,8.386638237384505,8.298382264829243,64.40677966101694,13.559322033898322,False,15.67,False,False,False,False,False,True
377,000949,新乡化纤,C 制造业,腾讯前复权日K回退（成交额、换手率已提供）,False,2026-07-29,5.97,5.814,5.717499999999999,True,True,True,True,7.04,-15.19886363636364,False,50.260819449721254,-0.19284962506930192,-0.27824420381882753,0.17078915749905121,True,False,False,False,2026-07-22,5.0,18.94368191120314,16.356693178009817,24.11765937758978,False,False,2026-07-21,6.0,True,485779.0,559981.2,0.8674916229330557,False,285398300.0,2.93,97.40556313993173,4.370629370629375,6.2937062937062995,4.416265850459124,5.555555555555679,94.44444444444431,True,8.89,False,False,False,False,True,False
378,000950,重药控股,F 批发零售,腾讯前复权日K回退（成交额、换手率已提供）,False,2026-07-29,5.43,5.324,5.321,True,True,True,True,5.8,-6.379310344827588,False,53.29794553461437,-0.0007936463007522931,-0.016736109274681853,0.03188492594785912,True,False,False,False,,,21.898659800025737,21.21131363400288,23.273352132071444,True,False,,,False,239442.0,248520.2,0.9634709774094822,False,129636100.0,1.4,92.59721428571429,1.6853932584269593,2.6217228464419415,2.048487126479985,21.428571428571654,78.57142857142834,True,6.97,False,True,False,False,True,False
379,000951,中国重汽,C 制造业,腾讯前复权日K回退（成交额、换手率已提供）,False,2026-07-29,23.23,22.474,21.7845,True,True,True,True,23.05,0.7809110629067233,True,60.743663833550926,0.332713764731011,0.157026483828607,0.35137456180480797,True,False,False,False,2026-07-21,6.0,50.98644559389579,46.172101688406634,60.6151334048741,False,False,,,False,173801.0,89598.8,1.9397692826243207,True,395956700.0,1.49,265.74275167785237,5.399274047186942,7.667876588021769,6.635451812068209,24.852071005917082,75.14792899408292,True,23.14,True,False,False,False,True,False
380,000952,广济药业,C 制造业,腾讯前复权日K回退（成交额、换手率已提供）,False,2026-07-29,5.51,5.398,5.5255,True,False,False,True,6.04,-8.774834437086097,False,46.25261399811967,-0.16802808871380392,-0.20096697272071506,0.06587776801382228,True,False,False,False,2026-07-27,2.0,14.348454751363752,12.306019356075423,18.43332554194041,False,False,2026-07-27,2.0,True,64132.0,93224.2,0.6879329616129718,False,35476100.0,1.86,19.073172043010754,0.0,3.085299455535389,-0.2805176002171802,70.58823529411774,29.41176470588226,False,7.74,False,True,False,False,True,False
381,000953,中哲精化,C 制造业,腾讯前复权日K回退（成交额、换手率已提供）,False,2026-07-29,5.38,5.264,5.2905,True,True,False,True,5.8,-7.2413793103448265,False,49.11565830543252,-0.11585239538365588,-0.15844716512679707,0.08518953948628238,True,False,False,False,2026-07-02,19.0,13.911060294737633,11.650516093594142,18.432148697024616,False,False,2026-07-28,1.0,True,52592.0,72970.0,0.7207345484445663,False,28429699.999999996,1.44,19.742847222222217,1.1278195488721776,2.819548872180441,1.691711558453835,60.00000000000012,39.99999999999988,False,7.18,False,False,False,False,True,False
382,000955,欣龙控股,C 制造业,腾讯前复权日K回退（成交额、换手率已提供）,False,2026-07-29,3.86,3.7340000000000004,4.059,True,False,False,True,4.91,-21.38492871690428,False,43.437363579642195,-0.19600005009783672,-0.1789822924570781,-0.034035515281517215,False,True,False,False,,,15.647750724073143,12.633807888440527,21.675636395338376,False,False,2026-07-27,2.0,True,112950.0,113733.6,0.993110215450843,False,43128300.0,2.1,20.537285714285712,2.3872679045092715,3.4482758620689626,-4.902685390490276,15.38461538461541,84.6153846153846,True,5.28,False,False,False,False,True,False
383,000957,中通客车,C 制造业,腾讯前复权日K回退（成交额、换手率已提供）,False,2026-07-29,10.4,10.006,9.691500000000001,True,True,True,True,10.07,3.277060575968223,True,61.729565037275464,0.037967956186019336,-0.0699489517689071,0.21583381590985287,True,False,False,False,2026-07-15,10.0,31.77158556210689,27.715476751502095,39.88380318331647,False,False,2026-07-15,10.0,True,155668.0,76397.0,2.03761927824391,True,160419700.0,2.63,60.996083650190116,3.688933200398803,4.586241276171495,7.310529845741103,15.21739130434786,84.78260869565214,True,12.26,False,False,False,False,False,False
384,000958,电投产融,D 水电煤气,腾讯前复权日K回退（成交额、换手率已提供）,False,2026-07-29,5.43,5.4,5.4295,True,True,False,True,5.72,-5.069930069930071,False,45.32074758273995,-0.09975133386531532,-0.12290858111565191,0.04631449450067318,True,False,False,False,2026-07-20,7.0,12.71387239444838,11.867348851911027,14.406919479523086,False,False,2026-07-28,1.0,True,121101.0,174974.6,0.6921061685524642,False,65606700.0,0.22,298.2122727272727,0.5555555555555536,1.1111111111111203,0.009208951100464553,16.666666666667656,83.33333333333235,True,6.64,False,False,False,False,True,False
385,000959,首钢股份,C 制造业,腾讯前复权日K回退（成交额、换手率已提供）,False,2026-07-29,3.92,3.85,3.6515,True,True,True,True,3.91,0.2557544757033194,True,63.084857232125316,0.10317022526655828,0.06855352173347443,0.06923340706616771,True,False,False,False,,,31.12854366660707,27.925877058092002,37.5338768836372,False,False,,,False,698823.0,414066.6,1.6877067602168347,False,276192900.0,0.94,293.8222340425532,0.7712082262210762,4.884318766066836,7.353142544159934,68.42105263157892,31.57894736842109,False,4.65,False,False,False,False,True,False
386,000960,锡业股份,C 制造业,腾讯前复权日K回退（成交额、换手率已提供）,False,2026-07-29,32.0,31.844,34.3185,True,False,False,True,44.79,-28.555481134181736,False,42.94860279317873,-2.20745134042334,-2.1168806783207152,-0.18114132420524953,False,True,False,False,,,19.48522674908124,18.99875405508702,20.45817213706968,True,False,,,False,524813.0,509803.2,1.0294423416722374,False,1662816200.0,3.19,521.2589968652038,3.4928848641655907,7.082794307891324,-6.755831402887656,33.33333333333323,66.66666666666677,False,48.77,False,False,False,False,False,False
387,000962,东方钽业,C 制造业,腾讯前复权日K回退（成交额、换手率已提供）,False,2026-07-29,45.31,48.408,58.211,False,False,False,False,95.5,-52.55497382198953,False,35.20262593000933,-5.432116894875719,-3.863879285082553,-3.136475219586332,False,True,False,False,,,14.077724517479256,18.10487624138224,6.02342106967329,False,False,,,False,237750.0,211629.4,1.1234261402243735,False,1071091300.0,4.72,226.92612288135592,-1.5428074750108656,6.4754454584963135,-22.162477882187208,41.61073825503357,53.35570469798662,False,96.24,False,True,False,False,False,False
388,000963,华东医药,F 批发零售,腾讯前复权日K回退（成交额、换手率已提供）,False,2026-07-29,29.25,29.195999999999998,29.896499999999996,True,False,False,False,32.5,-10.0,False,47.816592167741454,0.048049508568926314,0.2288135722361187,-0.3615281273343848,False,True,False,False,,,33.79223409343867,37.16768494710928,27.04133238609745,False,False,,,False,185265.0,214678.8,0.8629869367632016,False,543700800.0,1.06,512.9252830188678,1.1760636457972984,2.248356969906602,-2.1624604886859538,50.769230769230624,49.23076923076938,False,33.52,False,False,False,False,True,False
389,000965,天保基建,K 房地产,腾讯前复权日K回退（成交额、换手率已提供）,False,2026-07-29,3.13,3.0740000000000003,3.0435000000000003,True,True,True,True,3.18,-1.5723270440251655,False,52.88219179490465,-0.02258317599876758,-0.04177015103034139,0.038373950063147616,True,False,False,False,2026-07-08,15.0,15.08229307102574,13.782559697599778,17.681759817877666,False,False,2026-07-28,1.0,True,135175.0,115666.4,1.168662636686194,False,42290600.00000001,1.22,34.6644262295082,1.9543973941368087,3.257328990228016,2.8421225562674413,40.0,60.0,False,3.79,False,False,False,False,True,False
390,000966,长源电力,D 水电煤气,腾讯前复权日K回退（成交额、换手率已提供）,False,2026-07-29,4.31,4.286,4.0805,True,True,True,False,4.51,-4.4345898004434625,False,52.23509056059007,-0.013369013774369165,-0.0713324791821525,0.11592693081556668,True,False,False,False,2026-07-14,11.0,26.951587696895356,25.80885192668609,29.237059237313886,False,False,,,False,521971.0,773387.8,0.6749149650408243,False,224865600.0,1.5,149.9104,0.936768149882905,2.8103044496486937,5.624310746232075,33.333333333333584,66.66666666666642,False,5.81,False,False,False,False,False,False
391,000967,盈峰环境,C 制造业,腾讯前复权日K回退（成交额、换手率已提供）,False,2026-07-29,7.51,7.276000000000001,8.247,True,False,False,True,10.72,-29.944029850746272,False,37.915633857036184,-0.807443657643999,-0.8279071389901709,0.04092696269234386,True,False,True,False,,,7.7331851780402365,6.517922612990305,10.163710308140098,False,False,2026-07-27,2.0,True,1068243.0,739796.0,1.4439696889412756,False,772364400.0,3.18,242.8818867924528,1.4864864864864824,7.837837837837839,-8.936582999878745,5.17241379310349,94.82758620689651,True,16.96,False,False,False,False,True,True
392,000968,蓝焰控股,B 采矿业,腾讯前复权日K回退（成交额、换手率已提供）,False,2026-07-29,6.86,6.876,6.6105,False,True,True,False,7.43,-7.6716016150740165,False,51.782885189634115,0.01814964041445588,-0.033319218448376965,0.10293771772566569,True,False,False,False,2026-07-03,18.0,14.563576110028421,14.89000910457104,13.910710120943182,False,False,,,False,472456.0,548075.4,0.8620273779848538,False,324758500.0,4.88,66.54887295081967,3.782148260211793,5.143721633888046,3.7742984645639557,61.764705882352956,38.235294117647044,False,9.31,False,True,False,False,True,False
393,000969,安泰科技,C 制造业,腾讯前复权日K回退（成交额、换手率已提供）,False,2026-07-29,15.96,15.795999999999998,18.360999999999997,True,False,False,True,25.97,-38.54447439353099,False,32.37989619067049,-1.9595918256767675,-1.8506340167211028,-0.2179156179113293,False,True,False,False,,,8.17236863693932,7.788914569182697,8.939276772452567,True,False,2026-07-29,0.0,True,270692.0,241104.2,1.1227178954161727,False,423979900.0,2.6,163.0691923076923,2.2421524663677195,5.060858424087118,-13.076629813190985,5.063291139240404,94.9367088607596,True,27.62,False,True,False,False,True,False
394,000970,中科三环,C 制造业,腾讯前复权日K回退（成交额、换手率已提供）,False,2026-07-29,12.86,13.12,14.476499999999998,False,False,False,False,17.13,-24.927028604786923,False,43.48693912636663,-0.36725489284938106,-0.1110408646026014,-0.5124280564935593,False,True,False,False,,,36.78355657086449,40.135064302009226,30.08054110857502,False,False,,,False,578418.0,589951.2,0.9804505864213855,False,746828700.0,4.76,156.89678571428573,0.15576323987538387,4.828660436137066,-11.166373087417531,16.12903225806448,48.38709677419344,False,17.13,False,False,False,False,False,False
395,000972,中基健康,C 制造业,腾讯前复权日K回退（成交额、换手率已提供）,False,2026-07-29,3.32,3.338,3.4824999999999995,False,False,False,False,3.76,-11.702127659574467,False,39.638580157167006,-0.054054021928433116,-0.038955375256343974,-0.030197293344178283,False,True,False,False,,,28.335929689394536,31.35971962868719,22.28834981080923,False,False,,,False,89540.0,95900.8,0.9336731288998632,False,30066100.0,1.16,25.91905172413793,-0.30030030030030463,3.603603603603607,-4.666188083273501,91.66666666666686,8.333333333333147,False,3.98,False,True,True,False,True,False
396,000973,佛塑科技,C 制造业,腾讯前复权日K回退（成交额、换手率已提供）,False,2026-07-29,12.38,12.175999999999998,12.3935,True,False,False,True,15.25,-18.819672131147534,False,45.868800916995404,-0.6494218776163816,-0.801238440087816,0.30363312494286876,True,False,False,False,2026-07-24,3.0,10.999711589206731,9.037978954040327,14.923176859539538,False,False,2026-07-23,4.0,True,451392.0,415508.8,1.0863596631407084,False,553002600.0,4.67,118.41597430406853,2.229562345169289,7.844756399669689,-0.10892806713195413,29.47368421052627,70.52631578947373,True,22.24,False,False,False,False,True,False
397,000975,山金国际,B 采矿业,腾讯前复权日K回退（成交额、换手率已提供）,False,2026-07-29,22.45,22.288,20.320999999999998,True,True,True,False,23.66,-5.114116652578195,False,59.17226851397361,0.45912126783193585,0.0097651214606852,0.8987122927425013,True,False,False,False,2026-07-03,18.0,35.47363868040633,31.784151691291044,42.8526126586369,False,False,,,False,527416.0,871481.2,0.6051949256048209,False,1174929500.0,2.09,562.1672248803828,2.324521422060144,4.3755697356426495,10.476846611879344,13.541666666666602,86.4583333333334,True,29.41,False,False,False,True,True,False
398,000977,浪潮信息,C 制造业,腾讯前复权日K回退（成交额、换手率已提供）,False,2026-07-29,74.94,82.612,80.7805,False,False,True,False,96.37,-22.23721075023348,False,45.99409714589004,3.377340099517795,4.5212137393623255,-2.2877472796890608,False,True,False,False,,,62.70049594614739,70.2944904201126,47.51250699821699,False,False,,,False,1053349.0,1249607.4,0.8429439518363928,False,7891273000.0,7.18,1099.0630919220057,-6.149029430181585,9.893550407013157,-7.23008646888792,4.177215189873393,33.03797468354428,False,96.37,False,False,False,False,False,False
399,000978,桂林旅游,N 公共环保,腾讯前复权日K回退（成交额、换手率已提供）,False,2026-07-29,5.8,5.702,5.500500000000001,True,True,True,True,5.8,0.0,False,55.9988907194274,-0.014012042324810459,-0.08805307450252157,0.14808206435542223,True,False,False,False,2026-07-03,18.0,17.407713611761533,15.051061634176895,22.121017566930806,False,False,2026-07-15,10.0,True,127220.0,108486.2,1.1726837146107063,False,74265700.0,2.72,27.303566176470586,0.17271157167528806,2.245250431778943,5.444959549131882,76.92307692307688,23.07692307692313,False,6.88,False,False,False,False,True,False
400,000980,众泰汽车,C 制造业,腾讯前复权日K回退（成交额、换手率已提供）,False,2026-07-29,1.64,1.5859999999999999,1.6810000000000003,True,False,False,True,2.09,-21.531100478468897,False,40.20776080132563,-0.14639524331479992,-0.1708488994731631,0.04890731231672635,True,False,False,False,2026-07-24,3.0,12.02740076193256,9.73926763950937,16.603667006778938,False,False,2026-07-21,6.0,True,1274206.0,1285013.4,0.9915896596875955,False,208114400.0,2.53,82.25865612648222,2.499999999999991,4.99999999999999,-2.439024390243924,25.00000000000007,74.99999999999993,True,2.99,False,False,False,False,False,False
401,000981,山子高科,C 制造业,腾讯前复权日K回退（成交额、换手率已提供）,False,2026-07-29,2.57,2.5119999999999996,2.5995,True,False,False,True,3.04,-15.46052631578948,False,40.81763594497667,-0.16598267957920898,-0.19934878314197585,0.06673220712553374,True,False,False,False,2026-07-21,6.0,8.527572330179254,6.945411656887022,11.691893676763717,False,False,2026-07-21,6.0,True,2141051.0,1687578.8,1.2687117188246262,False,546836200.0,2.25,243.0383111111111,2.39043824701195,3.585657370517923,-1.1348336218503592,22.22222222222228,77.77777777777773,True,4.58,False,False,False,False,True,False
402,000983,山西焦煤,B 采矿业,腾讯前复权日K回退（成交额、换手率已提供）,False,2026-07-29,6.5,6.394,6.2204999999999995,True,True,True,True,6.59,-1.3657056145675244,False,54.7726672967049,-0.0034453612422451485,-0.056616764788075015,0.10634280709165973,True,False,False,False,2026-07-10,13.0,31.220456898725832,29.10616353333116,35.44904362951518,False,False,,,False,828081.0,622529.0,1.3301886337825226,False,533183600.0,1.46,365.1942465753425,3.338632750397452,4.928457869634334,4.493207941483812,19.35483870967732,80.64516129032269,True,7.98,False,True,False,True,False,False
403,000985,大庆华科,C 制造业,腾讯前复权日K回退（成交额、换手率已提供）,False,2026-07-29,14.24,14.062000000000001,14.2985,True,False,False,True,15.17,-6.1305207646671045,False,44.41688783725526,-0.42705000094272805,-0.5124521387921741,0.17080427569889212,True,False,False,False,2026-07-03,18.0,9.905749897444363,8.374803596605586,12.967642499121915,False,False,2026-07-23,4.0,True,15968.0,16613.8,0.9611287002371522,False,22711000.0,1.23,18.464227642276423,1.2802275960170695,2.2048364153627347,-0.40913382522642544,51.61290322580642,48.38709677419358,False,20.54,False,True,False,False,True,False
404,000987,越秀资本,J 金融业,腾讯前复权日K回退（成交额、换手率已提供）,False,2026-07-29,7.76,7.651999999999999,7.7844999999999995,True,False,False,True,8.43,-7.947805456702254,False,50.09902219169537,-0.0680038339061877,-0.06474102352288655,-0.006525620766602291,False,True,False,False,,,28.78245017659832,27.825004765032052,30.697340999730862,True,False,,,False,394655.0,299500.4,1.317711094876668,False,303537000.0,0.79,384.22405063291137,2.645502645502651,3.042328042328036,-0.31472798509859007,4.347826086956438,95.65217391304355,True,9.12,False,False,False,False,True,False
405,000988,华工科技,C 制造业,腾讯前复权日K回退（成交额、换手率已提供）,False,2026-07-29,100.26,106.54,132.54149999999998,False,False,False,False,187.66,-46.573590536075876,False,31.183754589835445,-14.574759769303881,-10.880128276097288,-7.389262986413186,False,True,False,False,,,11.97525899442646,18.079755797754846,-0.23373461223031455,False,False,,,False,643352.0,515081.0,1.249030734971781,False,6303668000.0,6.4,984.948125,-0.31815470272419377,7.675482203221315,-24.355767816117957,13.082901554404213,82.38341968911918,True,187.66,False,True,False,False,False,False
406,000989,九芝堂,C 制造业,腾讯前复权日K回退（成交额、换手率已提供）,False,2026-07-29,9.01,9.034,8.8455,False,True,True,False,10.32,-12.693798449612407,False,54.02953410970803,0.21632156370077205,0.2294062065241626,-0.026169285646781115,False,True,False,False,,,56.370636753046476,57.14747659997246,54.81695705919451,False,False,,,False,310480.0,415677.8,0.7469246613603132,False,281474700.0,4.47,62.969731543624164,-0.551876379690952,2.0971302428256013,1.8597026736758842,57.89473684210511,15.78947368421023,False,10.32,False,False,False,False,False,False
407,000990,诚志股份,C 制造业,腾讯前复权日K回退（成交额、换手率已提供）,False,2026-07-29,9.08,8.974,8.974,True,True,False,True,9.68,-6.198347107438013,False,50.739642233601465,-0.027824813226381195,-0.041296488717902764,0.026943350983043138,True,False,False,False,2026-07-01,20.0,18.07755880393048,18.651245019138344,16.93018637351475,False,False,,,False,394236.0,455244.6,0.8659872077560063,False,355709900.0,3.24,109.78700617283951,2.714932126696845,4.864253393665155,1.1811901047470457,23.255813953488307,76.7441860465117,True,13.07,False,False,False,False,False,False
408,000993,闽东电力,D 水电煤气,腾讯前复权日K回退（成交额、换手率已提供）,False,2026-07-29,10.2,10.134,9.9605,True,True,True,False,10.81,-5.642923219241454,False,47.20830779980859,-0.25068126746895203,-0.38184797645096885,0.26233341796403364,True,False,False,False,2026-07-10,13.0,11.782513752091683,11.73169641494025,11.88414842639455,True,False,2026-07-29,0.0,True,99567.0,148202.6,0.6718303187663374,False,101134000.0,2.17,46.605529953917056,1.6949152542372836,3.7886340977068693,2.4044977661763927,21.05263157894744,78.94736842105256,True,15.45,False,False,False,False,False,False
409,000995,皇台酒业,C 制造业,腾讯前复权日K回退（成交额、换手率已提供）,False,2026-07-29,10.15,9.716,9.7065,True,True,True,True,10.44,-2.7777777777777697,False,51.49519954950953,-0.26791250871381855,-0.4081404107950899,0.2804558041625427,True,False,False,False,2026-07-02,19.0,13.636859098393275,10.321610281196703,20.26735673278642,False,False,2026-07-27,2.0,True,172997.0,111999.0,1.544629862766632,False,174858800.0,9.75,17.934235897435897,0.4950495049504955,3.6633663366336555,4.569103178282596,32.43243243243229,67.5675675675677,False,15.5,False,False,False,False,True,False
410,000997,新 大 陆,I 信息技术,腾讯前复权日K回退（成交额、换手率已提供）,False,2026-07-29,17.61,16.89,16.523,True,True,True,True,18.28,-3.665207877461716,False,54.457733605266476,-0.17975886097821459,-0.3983011070472369,0.4370844921380447,True,False,False,False,2026-07-03,18.0,18.15096803001785,16.233828485422336,21.98524711920888,False,False,2026-07-28,1.0,True,275113.0,223153.6,1.2328414150611955,False,477541200.0,2.73,174.9235164835165,4.634581105169344,5.525846702317289,6.578708466985413,12.903225806451724,87.09677419354827,True,25.53,False,False,False,False,False,False
411,000998,隆平高科,A 农林牧渔,腾讯前复权日K回退（成交额、换手率已提供）,False,2026-07-29,8.27,8.179999999999998,7.995,True,True,True,True,8.36,-1.0765550239234434,False,58.25252105876216,0.039442356737655615,-0.007063266087133514,0.09301124564957826,True,False,False,False,2026-07-02,19.0,25.546189823419464,23.271988223350473,30.094593023557444,False,False,,,False,168796.0,163599.0,1.0317666978404514,False,139046800.0,1.28,108.6303125,1.9728729963008673,2.466091245376092,3.439649781113189,15.000000000000488,84.9999999999995,True,9.23,False,False,False,True,True,False
412,000999,华润三九,C 制造业,腾讯前复权日K回退（成交额、换手率已提供）,False,2026-07-29,25.47,25.056,24.673499999999997,True,True,True,True,26.0,-2.0384615384615428,False,59.006947695749034,0.3190804329519743,0.2682152400952458,0.10173038571345705,True,False,False,False,2026-07-02,19.0,45.119472672261054,43.73890426455603,47.88060948767111,False,False,,,False,138810.0,119816.2,1.1585244733182993,False,352661300.0,0.83,424.89313253012045,1.9207683073229287,2.7210884353741487,3.2281597665511654,16.17647058823522,83.82352941176478,True,26.0,False,False,False,False,True,False
413,001201,东瑞股份,A 农林牧渔,腾讯前复权日K回退（成交额、换手率已提供）,False,2026-07-29,11.26,11.16,11.4705,True,False,False,True,12.06,-6.63349917081261,False,47.320205349827965,-0.0719757277376889,-0.036105376182024626,-0.07174070311132855,False,True,False,False,,,20.294353166809085,20.453532209076187,19.975995082274878,False,False,,,False,22680.0,20066.6,1.1302363130774522,False,25458400.0,1.07,23.792897196261684,1.1680143755615324,2.156334231805916,-1.8351423216075995,8.33333333333321,87.50000000000018,True,13.66,False,True,False,False,True,False
414,001202,炬申股份,G 运输仓储,腾讯前复权日K回退（成交额、换手率已提供）,False,2026-07-29,12.32,13.338,13.795499999999999,False,False,False,False,15.32,-19.5822454308094,False,37.75727235174962,-0.40072314383440677,-0.2800905242352898,-0.24126523919823395,False,True,False,False,,,11.119810464771497,17.90378401892748,-2.4481366435404723,False,False,,,False,41728.0,77090.2,0.5412879976962053,False,51262500.0,3.57,14.359243697478993,0.24410089503661414,1.7087062652563128,-10.69551665398136,33.33333333333333,66.66666666666666,False,17.55,False,True,False,False,False,False
415,001203,大中矿业,B 采矿业,腾讯前复权日K回退（成交额、换手率已提供）,False,2026-07-29,26.76,26.758,28.0425,True,False,False,True,33.95,-21.178203240058913,False,39.20314573005556,-2.010440888891001,-2.3076567454337455,0.5944317130854895,True,False,False,False,2026-07-23,4.0,8.527155986386447,7.256296783695009,11.068874391769322,False,False,2026-07-22,5.0,True,179912.0,186802.2,0.9631149954336725,False,477296600.00000006,1.38,345.8671014492754,1.2485811577752637,6.469920544835419,-4.573415351698311,23.39181286549698,76.60818713450301,True,54.45,False,False,False,False,True,False
416,001205,盛航股份,G 运输仓储,腾讯前复权日K回退（成交额、换手率已提供）,False,2026-07-29,13.26,12.644,13.0495,True,True,False,True,14.1,-5.957446808510637,False,51.4784646435238,-0.3282326564141975,-0.3613844704585205,0.06630362808864598,True,False,True,False,,,17.70383721949439,11.27966761952508,30.552176419433007,False,False,2026-07-27,2.0,True,31612.0,22478.0,1.4063528783699617,False,41274000.0,1.9,21.723157894736843,4.739336492891,5.055292259083732,1.6130886240852116,6.2500000000001386,93.74999999999987,True,15.57,False,False,False,False,False,False
417,001206,依依股份,C 制造业,腾讯前复权日K回退（成交额、换手率已提供）,False,2026-07-29,16.36,17.116,19.568499999999997,False,False,False,False,25.6,-36.09375000000001,False,38.60290688676422,-0.37563080895383294,0.2958672179964899,-1.3429960539006456,False,True,False,False,,,18.931032299759146,33.62292123586266,-10.452745572447888,False,False,,,False,89679.0,109382.4,0.8198668158680007,False,146395400.0,8.39,17.448796185935635,1.6149068322981242,4.2236024844720585,-16.3962490737665,35.29411764705904,64.70588235294096,False,25.6,False,True,False,False,False,False
418,001207,联科科技,C 制造业,腾讯前复权日K回退（成交额、换手率已提供）,False,2026-07-29,14.82,14.492,14.938500000000001,True,False,False,True,16.56,-10.507246376811585,False,44.39319255449957,-0.5798128265368909,-0.6690849557062835,0.17854425833878507,True,False,False,False,2026-07-08,15.0,6.476430318574231,5.523477639207004,8.382335677308683,True,False,2026-07-29,0.0,True,31744.0,25786.0,1.231055611572171,False,46776400.0,1.08,43.31148148148148,2.4896265560165887,4.287690179806369,-0.7932523345717504,38.70967741935481,61.29032258064518,False,21.9,False,False,False,False,True,False
419,001208,华菱线缆,C 制造业,腾讯前复权日K回退（成交额、换手率已提供）,False,2026-07-29,13.88,13.752,13.810999999999998,True,True,False,True,16.07,-13.627878033602983,False,48.01001456933512,-0.4658509683614618,-0.6171085030843657,0.30251506944580786,True,False,False,False,2026-07-24,3.0,18.06513885239032,14.730655688718173,24.734105179734613,False,False,2026-07-23,4.0,True,187492.0,266180.8,0.7043783774036294,False,257609400.0,5.88,43.811122448979596,0.4341534008683201,3.61794500723589,0.4996017667077158,16.000000000000014,83.99999999999999,True,20.78,False,True,False,False,True,False
420,001209,洪兴股份,C 制造业,腾讯前复权日K回退（成交额、换手率已提供）,False,2026-07-29,15.6,15.15,15.7405,True,False,False,True,17.23,-9.460243760882186,False,43.75360779213761,-0.6916930093973122,-0.7991324200151589,0.21487882123569357,True,False,False,False,2026-07-27,2.0,12.014948677573097,9.461977190161276,17.12089165239674,False,False,2026-07-27,2.0,True,18781.0,17190.6,1.0925156771724083,False,29294200.0,1.95,15.022666666666668,1.4304291287386084,3.185955786736022,-0.8926018868523946,40.81632653061244,59.18367346938756,False,23.04,False,False,False,False,True,False
421,001210,金房能源,D 水电煤气,腾讯前复权日K回退（成交额、换手率已提供）,False,2026-07-29,17.58,17.787999999999997,19.375,False,False,False,True,24.15,-27.204968944099384,False,36.86601412578331,-1.1426000709959645,-0.9910742936964477,-0.30305155459903355,False,True,False,False,,,32.51860349785112,34.50979876501258,28.536212963528186,False,False,,,False,42952.0,45050.8,0.953412592007245,False,75007000.0,3.22,23.294099378881988,-0.5656108597285159,3.7895927601809847,-9.264516129032268,22.388059701492388,61.19402985074592,False,26.93,False,False,False,False,False,False
422,001211,双枪科技,C 制造业,腾讯前复权日K回退（成交额、换手率已提供）,False,2026-07-29,18.81,18.816000000000003,20.401500000000002,False,False,False,True,24.68,-23.78444084278769,False,32.86316098228609,-2.416759803079863,-2.6813115781670316,0.5291035501743373,True,False,False,False,2026-07-23,4.0,4.319332176311463,4.696673830333983,3.564648868266426,False,False,,,False,31523.0,61139.4,0.5155922367573119,False,58914000.0,3.38,17.4301775147929,0.15974440894568342,3.248136315228964,-7.8008969928681875,16.393442622950484,73.77049180327863,True,44.4,False,True,False,False,False,False
423,001212,中旗新材,C 制造业,腾讯前复权日K回退（成交额、换手率已提供）,False,2026-07-29,33.26,33.936,36.712,False,False,False,True,47.85,-30.49111807732498,False,33.23167860339538,-3.515101812579168,-3.823536327425548,0.6168690296927597,True,False,False,False,2026-07-27,2.0,17.442834104867572,14.8019942586876,22.724513797227516,False,False,2026-07-21,6.0,True,66325.0,54844.6,1.209325986514625,False,223503700.0,3.82,58.5088219895288,-5.77903682719546,8.611898016997166,-9.402920026149502,4.934210526315744,19.078947368421,False,60.29,False,False,False,False,False,False
424,001213,中铁特货,G 运输仓储,腾讯前复权日K回退（成交额、换手率已提供）,False,2026-07-29,3.56,3.5140000000000002,3.5005,True,True,True,True,3.63,-1.9283746556473784,False,53.42581288904758,-0.009655281502666035,-0.02090176320579212,0.02249296340625217,True,False,False,False,2026-07-02,19.0,21.382513731779643,20.324664850039202,23.498211495260527,True,False,,,False,87144.0,79379.6,1.0978135440339836,False,30956300.0,0.2,154.7815,1.4245014245014342,1.9943019943019897,1.6997571775460616,14.285714285714013,85.71428571428599,True,4.0,False,False,False,False,False,False
425,001215,千味央厨,C 制造业,腾讯前复权日K回退（成交额、换手率已提供）,False,2026-07-29,31.72,30.887999999999998,33.4775,True,False,False,True,39.85,-20.401505646173153,False,41.90365320405332,-2.1414195042658655,-2.1365714655594603,-0.009696077412810311,False,True,False,False,,,13.92275404030191,11.6031464637866,18.56196919333253,False,False,2026-07-24,3.0,True,25281.0,29187.0,0.8661732963305582,False,79966100.0,2.61,30.638352490421457,2.820097244732578,5.251215559157215,-5.24979463818983,37.0370370370371,62.9629629629629,False,49.8,False,False,False,False,True,False
426,001216,华瓷股份,C 制造业,腾讯前复权日K回退（成交额、换手率已提供）,False,2026-07-29,13.53,13.447999999999999,13.744499999999999,True,False,False,False,14.86,-8.950201884253028,False,40.93794465389769,-0.5088397007409409,-0.5769710011058066,0.1362626007297314,True,False,False,False,2026-07-21,6.0,6.769864758908952,5.667954642382976,8.973684991960903,False,False,2026-07-27,2.0,True,29760.0,27596.6,1.0783937151678107,False,40375600.0,1.21,33.36826446280992,0.6696428571428603,2.232142857142849,-1.5606242496998748,56.66666666666684,43.33333333333316,False,19.0,False,False,False,False,True,False
427,001217,华尔泰,C 制造业,腾讯前复权日K回退（成交额、换手率已提供）,False,2026-07-29,9.76,9.1,8.761,True,True,True,True,9.79,-0.3064351378958055,False,65.45114140617451,-0.03480697816576672,-0.20620027930978457,0.3427866022880357,True,False,False,False,2026-07-01,20.0,21.86533666664599,13.86891828192533,37.85817343608731,False,False,2026-07-23,4.0,True,82591.0,42908.6,1.9248122753946761,True,79726200.0,2.52,31.63738095238095,3.940362087326932,5.218317358892422,11.402807898641715,6.122448979591725,93.87755102040828,True,12.07,False,False,False,False,False,False
428,001218,丽臣实业,C 制造业,腾讯前复权日K回退（成交额、换手率已提供）,False,2026-07-29,21.7,21.206,22.6185,True,False,False,True,26.25,-17.333333333333336,False,44.46967552350465,-0.767715259046156,-0.6775305412811576,-0.18036943552999674,False,True,False,False,,,14.606065192581987,14.078568520454317,15.661058536837327,True,False,2026-07-29,0.0,True,20837.0,20587.0,1.0121435857580026,False,44704000.0,1.74,25.691954022988504,3.3333333333333215,3.952380952380944,-4.060835157061704,19.277108433734995,80.72289156626499,True,28.73,False,False,False,False,False,False
429,001219,青岛食品,C 制造业,腾讯前复权日K回退（成交额、换手率已提供）,False,2026-07-29,12.41,11.952,12.022499999999999,True,True,False,True,12.62,-1.664025356576855,False,54.935240477135665,-0.13816254208723677,-0.2043488012852146,0.13237251839595565,True,False,False,False,2026-07-03,18.0,17.61381135895218,15.432802931117067,21.97582821462241,True,False,,,False,38693.0,18948.2,2.042040932647956,True,47448600.0,2.03,23.37369458128079,3.76254180602007,4.1806020066889635,3.2231233104595645,3.9999999999999147,96.00000000000009,True,15.89,False,False,False,False,False,False
431,001221,悍高集团,C 制造业,腾讯前复权日K回退（成交额、换手率已提供）,False,2026-07-29,39.66,38.065999999999995,38.139500000000005,True,True,False,True,42.65,-7.010550996483006,False,50.23019844121286,-1.4744868144223204,-2.0961686230984635,1.2433636173522862,True,False,False,False,2026-07-15,10.0,8.734946425626479,6.543895930981635,13.117047414916167,False,False,2026-07-22,5.0,True,33392.0,21386.4,1.5613661018217184,False,131204500.0,9.27,14.153667745415317,4.340962904498813,7.498026835043414,3.986680475622363,38.94736842105284,61.05263157894716,False,65.32,False,False,False,False,True,False
432,001222,源飞宠物,C 制造业,腾讯前复权日K回退（成交额、换手率已提供）,False,2026-07-29,14.03,13.388,13.504499999999998,True,True,False,True,14.55,-3.573883161512036,False,52.92578553166123,-0.2663330778494899,-0.39188594800118404,0.2511057403033883,True,False,False,False,2026-07-01,20.0,10.94070439077556,8.2202386395115,16.38163589330368,False,False,2026-07-28,1.0,True,52330.0,39203.6,1.334826393494475,False,72859300.0,4.63,15.73634989200864,2.334062727935793,3.1363967906637464,3.8912954940945688,6.976744186046781,93.02325581395323,True,19.1,False,False,False,False,False,False
433,001223,欧克科技,C 制造业,腾讯前复权日K回退（成交额、换手率已提供）,False,2026-07-29,31.5,29.856,33.9425,True,False,False,True,52.86,-40.40862656072645,False,38.163436203186244,-3.893008266011254,-3.951977467931818,0.11793840384112819,True,False,True,False,,,15.581937539634438,12.373486633096803,21.99883935270971,False,False,2026-07-27,2.0,True,22055.0,18978.4,1.162110609956582,False,68276600.0,3.16,21.606518987341772,1.9417475728155331,6.504854368932032,-7.195993223834433,17.91044776119402,82.08955223880598,True,54.99,False,False,False,False,True,True
434,001225,和泰机电,C 制造业,腾讯前复权日K回退（成交额、换手率已提供）,False,2026-07-29,39.69,38.94,38.846000000000004,True,True,True,True,44.81,-11.426020977460398,False,49.602425656244876,-1.1823780219869562,-1.7489989774560892,1.133241910938266,True,False,False,False,2026-07-24,3.0,20.780015359963937,16.52333650728706,29.293373065317688,False,False,2026-07-21,6.0,True,11355.0,15307.6,0.7417883926938252,False,44764399.99999999,5.4,8.289703703703701,-1.071784646061813,5.80757726819541,2.1726818720073986,6.437768240343292,50.21459227467792,False,64.74,False,False,False,False,True,False
435,001226,拓山重工,C 制造业,腾讯前复权日K回退（成交额、换手率已提供）,False,2026-07-29,39.93,38.57,42.887,True,False,False,True,50.3,-20.616302186878723,False,40.94112963529044,-2.7407512383805894,-2.4527088735283216,-0.5760847297045357,False,True,False,False,,,20.494504924580806,19.46661792226637,22.550278929209675,True,False,,,False,9478.0,7393.2,1.2819888546231673,False,37053400.0,2.79,13.280788530465948,4.31034482758621,5.7210031347962325,-6.894863245272462,6.392694063926974,93.60730593607303,True,55.67,False,True,True,False,True,False
436,001227,兰州银行,J 金融业,腾讯前复权日K回退（成交额、换手率已提供）,False,2026-07-29,2.18,2.1439999999999997,2.0925000000000002,True,True,True,True,2.19,-0.4566210045662003,False,65.17067990209448,0.02106422190419499,0.010826096413980434,0.020476250980429114,True,False,False,False,2026-07-06,17.0,47.64835015882005,40.74421240732617,61.45662566180782,False,False,,,False,968316.0,745190.2,1.2994212752663683,False,210893500.0,2.3,91.69282608695652,1.3953488372093092,2.3255813953488293,4.1816009557945,19.999999999999645,80.00000000000036,True,2.22,True,False,False,True,False,False
437,001228,永泰运,L 商务服务,腾讯前复权日K回退（成交额、换手率已提供）,False,2026-07-29,26.71,26.49,26.636000000000003,True,True,False,True,29.41,-9.18055083304998,False,50.581993949016365,-0.23407248962422855,-0.33326410822205393,0.19838323719565076,True,False,False,False,2026-07-24,3.0,21.136407588033308,19.63183349946667,24.145555765166584,False,False,,,False,7564.0,9596.2,0.7882286738500656,False,20081000.0,0.95,21.137894736842107,1.520334473584195,2.6605853287723273,0.27781949241627146,5.714285714285598,94.2857142857144,True,32.09,False,True,False,False,False,False
438,001229,魅视科技,C 制造业,腾讯前复权日K回退（成交额、换手率已提供）,False,2026-07-29,34.99,37.116,38.8745,False,False,False,False,49.6,-29.455645161290324,False,47.55803791781914,1.0592210048115618,1.8671656625175617,-1.6158893154119998,False,True,False,False,,,49.88809581917758,52.41766852346526,44.82895041060222,False,False,,,False,67020.0,90904.2,0.7372596645699538,False,237828100.0,9.09,26.163707370737075,-6.743070362473347,8.768656716417908,-9.99241147796112,15.197568389057755,18.23708206686935,False,49.6,False,False,False,False,True,False
439,001230,劲旅环境,N 公共环保,腾讯前复权日K回退（成交额、换手率已提供）,False,2026-07-29,17.27,17.095999999999997,17.298,True,False,False,True,20.87,-17.24964063248683,False,49.2828220550791,-0.07947309256714874,-0.07638674949985025,-0.006172686134596983,False,True,False,False,,,38.73886784931707,38.88973070927651,38.43714212939817,False,False,,,False,54162.0,74125.4,0.7306807113351159,False,93598600.0,4.92,19.024105691056914,-0.5184331797234987,4.60829493087556,-0.16186842409526359,32.499999999999865,52.49999999999996,False,20.87,False,False,False,False,False,False
440,001231,农心科技,C 制造业,腾讯前复权日K回退（成交额、换手率已提供）,False,2026-07-29,18.03,17.476000000000003,18.0915,True,False,False,True,19.54,-7.727737973387912,False,45.79812190805759,-0.6548656191644717,-0.7563517440021357,0.2029722496753279,True,False,False,False,2026-07-27,2.0,14.21708249729364,11.382517013016374,19.886213465848176,False,False,2026-07-27,2.0,True,12095.0,13780.8,0.8776703819807269,False,21741200.0,2.37,9.173502109704641,2.037351443123936,2.65987549518958,-0.33993864522012424,27.659574468084962,72.34042553191505,True,25.85,False,False,False,False,False,False
441,001233,海安集团,C 制造业,腾讯前复权日K回退（成交额、换手率已提供）,False,2026-07-29,43.34,43.166000000000004,42.9635,True,True,True,True,48.3,-10.269151138716344,False,45.49553057101143,-1.3988682236208163,-1.897639684899947,0.9975429225582615,True,False,False,False,2026-07-14,11.0,10.425992172549703,9.476109682219871,12.325757153209366,False,False,2026-07-22,5.0,True,10414.0,14631.4,0.7117569063794306,False,45213600.0,2.76,16.381739130434784,0.5801810164771437,2.181480621954044,0.8763252528308915,60.63829787233984,39.36170212766015,False,62.95,False,True,False,False,True,False
442,001234,泰慕士,C 制造业,腾讯前复权日K回退（成交额、换手率已提供）,False,2026-07-29,19.29,18.644,19.383000000000003,True,False,False,True,21.38,-9.775491113189897,False,44.550328773773884,-0.8733630565134405,-1.0112902700970636,0.2758544271672463,True,False,False,False,2026-07-27,2.0,7.443809654578845,5.725877038936599,10.879674885863336,False,False,2026-07-23,4.0,True,12136.0,12779.4,0.9496533483575129,False,23319500.0,1.33,17.53345864661654,2.279957582184511,2.810180275715788,-0.4798018882526106,20.754716981132063,79.24528301886794,True,32.31,False,False,False,False,True,False
443,001236,弘业期货,J 金融业,腾讯前复权日K回退（成交额、换手率已提供）,False,2026-07-29,7.52,7.236,7.100499999999999,True,True,True,True,7.5,0.266666666666661,True,56.0916753033749,-0.0795506147719518,-0.1688202408925195,0.17853925224113543,True,False,False,False,2026-07-01,20.0,15.778125028002085,12.582237812537905,22.169899458930445,False,False,2026-07-27,2.0,True,164261.0,125839.2,1.3053245729470626,False,122668300.0,2.17,56.52917050691244,3.1550068587105518,3.4293552812071333,5.908034645447508,12.0000000000001,87.9999999999999,True,10.15,False,False,False,False,False,False
445,001238,浙江正特,C 制造业,腾讯前复权日K回退（成交额、换手率已提供）,False,2026-07-29,23.81,23.386000000000003,25.371,True,False,False,True,29.2,-18.458904109589046,False,36.963045839950496,-1.4441878966282466,-1.4142740452776779,-0.059827702701137575,False,True,False,False,,,6.695319551622961,5.721477597335999,8.643003460196885,False,False,2026-07-28,1.0,True,4194.0,5265.4,0.7965206821893874,False,10014800.0,0.29,34.533793103448275,1.4486578610992673,4.4737963357477515,-6.152694020732332,25.714285714285744,74.28571428571425,True,35.26,False,True,False,False,True,False
446,001239,永达股份,C 制造业,腾讯前复权日K回退（成交额、换手率已提供）,False,2026-07-29,11.04,11.110000000000001,12.051,False,False,False,False,13.64,-19.06158357771262,False,32.204218473205316,-0.6935468532361035,-0.6283551891743779,-0.13038332812345121,False,True,False,False,,,5.225557176205297,5.272590533629484,5.131490461356924,False,False,,,False,34820.0,35917.0,0.9694573600245009,False,38528900.0,3.05,12.632426229508198,0.1814882032667775,2.177858439201454,-8.389345282549174,58.33333333333351,41.66666666666648,False,15.56,False,False,False,False,True,False
448,001255,博菲电气,C 制造业,腾讯前复权日K回退（成交额、换手率已提供）,False,2026-07-29,23.04,22.407999999999998,23.467,True,False,False,True,27.15,-15.138121546961326,False,40.79942041920279,-1.4353542249955424,-1.662711956539071,0.4547154630870569,True,False,False,False,2026-07-27,2.0,10.190952753411148,7.8263034447429725,14.9202513707475,False,False,2026-07-23,4.0,True,11624.0,12633.4,0.9201006854845093,False,26521000.0,1.5,17.680666666666667,2.2182786157941337,2.8393966282165066,-1.8195764264712133,9.375000000000346,90.62499999999966,True,37.06,False,False,False,False,True,False
449,001256,炜冈科技,C 制造业,腾讯前复权日K回退（成交额、换手率已提供）,False,2026-07-29,22.7,22.514000000000003,25.2415,True,False,False,True,33.0,-31.212121212121215,False,40.92770761235737,-1.0126203214672813,-0.6792906137897692,-0.6666594153550243,False,True,False,False,,,18.107697052038194,19.12954624460235,16.06399866690989,False,False,,,False,20141.0,22707.0,0.8869951997181486,False,45675000.0,1.88,24.295212765957444,1.475189986589176,4.202056325435858,-10.068736010142025,44.680851063829905,55.319148936170095,False,33.0,False,False,False,False,True,False
451,001258,立新能源,D 水电煤气,腾讯前复权日K回退（成交额、换手率已提供）,False,2026-07-29,11.61,12.796,8.865499999999999,False,True,True,True,15.73,-26.191989828353467,False,62.712437979240825,1.3095339845352392,0.7103588059402722,1.1983503571899339,True,False,False,False,2026-07-06,17.0,71.60559144505275,70.18027316331414,74.45622800852996,False,False,,,False,1809961.0,1299167.0,1.3931703930287638,False,2145924000.0,19.39,110.67168643630737,-10.000000000000009,8.914728682170544,30.957080818904753,100.0,0.0,False,15.73,False,True,True,False,False,True
452,001259,利仁科技,C 制造业,腾讯前复权日K回退（成交额、换手率已提供）,False,2026-07-29,41.82,43.798,52.770500000000006,False,False,False,False,67.3,-37.86032689450223,False,26.953503052806084,-5.89201336487767,-4.953422408241681,-1.8771819132719774,False,True,False,False,,,23.2991871050327,26.165684591235504,17.566192132627094,False,False,,,False,15576.0,16747.8,0.9300326012968868,False,64678300.0,3.28,19.718993902439024,-2.2897196261682184,8.177570093457945,-20.751177267602174,14.285714285714285,52.000000000000014,False,89.88,False,False,False,False,False,False
453,001260,坤泰股份,C 制造业,腾讯前复权日K回退（成交额、换手率已提供）,False,2026-07-29,15.46,15.002,15.620999999999999,True,False,False,True,17.32,-10.739030023094685,False,44.39116215675788,-0.6381742318013739,-0.7239733456031973,0.17159822760364674,True,False,False,False,2026-07-27,2.0,15.303366489288237,11.94810730222594,22.01388486341283,False,False,,,False,9285.0,11752.4,0.7900513937578708,False,14234600.0,0.81,17.57358024691358,2.2486772486772555,2.843915343915342,-1.0306638499455723,9.302325581395158,90.69767441860485,True,22.79,False,False,False,False,True,False
454,001266,宏英智能,C 制造业,腾讯前复权日K回退（成交额、换手率已提供）,False,2026-07-29,30.72,31.113999999999997,36.5995,False,False,False,True,49.61,-38.077000604716794,False,31.776312364048522,-4.221656810589309,-3.941080887115206,-0.5611518469482055,False,True,False,False,,,15.302937729792525,15.883463171839955,14.141886845697666,False,False,,,False,24702.0,29008.2,0.8515523196889155,False,74947500.0,4.25,17.63470588235294,-1.412066752246477,5.616174582798459,-16.064427109659967,0.0,62.85714285714273,False,56.16,False,True,True,False,True,False
455,001267,汇绿生态,C 制造业,腾讯前复权日K回退（成交额、换手率已提供）,False,2026-07-29,30.12,31.598000000000003,37.964999999999996,False,False,False,False,53.85,-44.06685236768802,False,30.36295728018972,-5.419715607525205,-5.057693593418873,-0.7240440282126652,False,True,False,False,,,7.476748391300338,9.131025915965699,4.168193341969616,False,False,,,False,332606.0,265842.2,1.2511407143034476,False,998649500.0,5.47,182.56846435100547,-3.119974268253456,10.0997105178514,-20.663769261161587,12.42038216560511,44.90445859872611,False,69.72,False,False,False,False,False,True
456,001268,联合精密,C 制造业,腾讯前复权日K回退（成交额、换手率已提供）,False,2026-07-29,17.25,17.934,21.8775,False,False,False,False,30.49,-43.4240734667104,False,27.07184704333777,-2.613565953249527,-2.328523116448018,-0.5700856736030175,False,True,False,False,,,11.080267029065746,12.360498835004748,8.519803417187745,False,False,,,False,30050.0,30668.0,0.9798487022303378,False,51908200.0,3.19,16.27216300940439,-2.652370203160259,6.7720090293453685,-21.15186835790196,16.666666666666618,45.83333333333342,False,33.59,False,False,False,False,True,False
457,001269,欧晶科技,C 制造业,腾讯前复权日K回退（成交额、换手率已提供）,False,2026-07-29,17.77,17.369999999999997,18.4905,True,False,False,True,22.98,-22.671888598781553,False,39.62485656352582,-1.454635005258929,-1.615005519094098,0.32074102767033796,True,False,False,False,2026-07-27,2.0,12.300739103346908,10.162782701349727,16.576651907341272,False,False,2026-07-21,6.0,True,27204.0,23560.0,1.1546689303904925,False,47818600.0,1.41,33.91390070921986,1.8922018348623837,3.784403669724771,-3.8965955490657427,13.636363636363614,86.36363636363639,True,31.22,False,False,False,False,True,False
458,001270,铖昌科技,C 制造业,腾讯前复权日K回退（成交额、换手率已提供）,False,2026-07-29,95.22,98.426,127.49499999999998,False,False,False,False,180.64,-47.28742249778565,False,34.13111264324901,-12.584200386252647,-8.867750386768968,-7.432899998967358,False,True,False,False,,,10.132078689197101,14.384866803557175,1.626502460476953,False,False,,,False,77776.0,96830.4,0.8032188238404468,False,731717600.0,3.8,192.55726315789474,-0.8021668923846148,6.781956453797276,-25.314718224244075,2.611367127496184,54.68509984639016,False,180.64,False,False,False,False,False,False
459,001277,速达股份,C 制造业,腾讯前复权日K回退（成交额、换手率已提供）,False,2026-07-29,26.68,26.014,26.813,True,False,False,True,29.19,-8.598835217540259,False,44.229242390703334,-1.0048540358726257,-1.168471467152055,0.3272348625588588,True,False,False,False,2026-07-23,4.0,8.58329183261102,6.426411417514825,12.897052662803409,False,False,2026-07-27,2.0,True,8256.0,7875.0,1.0483809523809524,False,21900200.0,1.81,12.099558011049723,1.67682926829269,3.2012195121951215,-0.4960280460970392,20.238095238095443,79.76190476190456,True,38.06,False,False,False,False,False,False
460,001278,一彬科技,C 制造业,腾讯前复权日K回退（成交额、换手率已提供）,False,2026-07-29,14.1,13.85,14.553999999999998,True,False,False,True,16.74,-15.77060931899641,False,39.2076054364309,-0.8217710078501472,-0.9224187134647797,0.20129541122926486,True,False,False,False,2026-07-27,2.0,10.119887039156373,8.167541028850412,14.024579059768293,False,False,2026-07-21,6.0,True,18985.0,21462.6,0.8845619822388714,False,26825200.0,2.23,12.029237668161436,1.3659237958303372,3.1631919482386737,-3.1194173423113845,52.27272727272742,47.72727272727258,False,24.15,False,True,False,False,True,False
461,001279,强邦新材,C 制造业,腾讯前复权日K回退（成交额、换手率已提供）,False,2026-07-29,23.74,23.472,25.4405,True,False,False,True,28.93,-17.939854821984106,False,37.591071318173135,-1.1490978427872385,-1.0243532920056277,-0.24948910156322146,False,True,False,False,,,6.486087094355892,5.5765262563706415,8.305208770326395,False,False,2026-07-28,1.0,True,6873.0,6592.2,1.0425957950304907,False,16277600.0,1.72,9.463720930232558,1.2366737739871958,2.430703624733477,-6.684223973585432,22.807017543860088,77.19298245613992,True,35.08,False,True,False,False,False,False
462,001280,中国铀业,B 采矿业,腾讯前复权日K回退（成交额、换手率已提供）,False,2026-07-29,60.6,61.35,61.2605,False,False,True,False,69.52,-12.830840046029913,False,43.03260476244705,-2.130528734581695,-2.6493012107853624,1.0375449524073348,True,False,False,False,2026-07-22,5.0,15.62670143933103,14.248596572986756,18.382911172019583,False,False,2026-07-21,6.0,True,59092.0,90882.4,0.6502028995713142,False,358693100.0,3.4,105.4979705882353,1.2531328320801949,3.508771929824564,-1.0781825156503766,38.09523809523793,61.90476190476206,False,87.3,False,True,False,False,False,False
463,001282,三联锻造,C 制造业,腾讯前复权日K回退（成交额、换手率已提供）,False,2026-07-29,15.1,14.681999999999999,16.144,True,False,False,True,20.69,-27.017883035282754,False,38.74711231666156,-1.2011298671509696,-1.1758717477253733,-0.05051623885119261,False,True,False,False,,,10.550141471103169,8.250314940885152,15.149794531539204,False,False,2026-07-27,2.0,True,22537.0,22145.0,1.01770151275683,False,33735500.0,1.48,22.79425675675676,1.8893387314439902,2.6990553306342804,-6.46679881070366,12.500000000000167,87.49999999999983,True,23.01,False,False,False,False,False,False
464,001283,豪鹏科技,C 制造业,腾讯前复权日K回退（成交额、换手率已提供）,False,2026-07-29,43.85,41.942,44.4055,True,False,False,True,53.36,-17.822338830584705,False,46.76138668439573,-2.2831346629507436,-2.493706577878708,0.4211438298559287,True,False,True,False,,,15.277342616268788,12.295180063234552,21.241667722337258,False,False,2026-07-23,4.0,True,36480.0,25011.4,1.4585349080819145,False,156993800.0,3.53,44.47416430594901,5.383321316991108,7.354001441961072,-1.2509711634820058,10.784313725490133,89.21568627450986,True,63.68,False,False,False,False,True,False
465,001285,瑞立科密,C 制造业,腾讯前复权日K回退（成交额、换手率已提供）,False,2026-07-29,40.23,39.838,40.4285,True,False,False,True,44.41,-9.412294528259402,False,44.45814068158556,-1.0602835654921918,-1.304249259319568,0.4879313876547524,True,False,False,False,2026-07-15,10.0,7.3010332608054895,6.425914794845703,9.051270192725063,False,False,2026-07-27,2.0,True,10708.0,6705.2,1.5969695161963848,False,43016600.0,2.58,16.6731007751938,1.1566507417651417,2.263012320844854,-0.49099026676726265,22.222222222222573,77.77777777777743,True,54.2,False,False,False,False,True,False
466,001286,陕西能源,D 水电煤气,腾讯前复权日K回退（成交额、换手率已提供）,False,2026-07-29,10.48,10.486,10.3875,False,True,True,False,10.88,-3.676470588235297,False,48.381265526557236,-0.10416331257493638,-0.15838878554294797,0.10845094593602317,True,False,False,False,2026-07-15,10.0,21.320550885321655,21.355917541049976,21.249817573865016,False,False,,,False,249039.0,245627.6,1.0138885043863148,False,259747800.0,1.84,141.16728260869564,1.1583011583011782,2.1235521235521126,0.8904933814681217,18.18181818181789,81.81818181818211,True,13.38,False,False,False,False,True,False
467,001287,中电港,F 批发零售,腾讯前复权日K回退（成交额、换手率已提供）,False,2026-07-29,20.99,21.834,25.668,False,False,False,False,32.64,-35.69240196078432,False,34.0204713505146,-1.956546217969617,-1.4284241239220208,-1.0562441880951923,False,True,False,False,,,19.367480913972035,23.10210781055771,11.89822712080069,False,False,,,False,262506.0,306907.8,0.8553252801004081,False,541643700.0,3.45,156.99817391304347,-0.9438414346389923,5.332704105710236,-18.225027271310584,0.8849557522122141,73.45132743362824,True,32.64,False,False,False,False,False,False
468,001288,运机集团,C 制造业,腾讯前复权日K回退（成交额、换手率已提供）,False,2026-07-29,25.59,25.509999999999998,24.034,True,True,True,False,26.48,-3.361027190332328,False,54.67948091914251,0.11409152835609149,-0.2812220025652124,0.7906270618426078,True,False,False,False,2026-07-21,6.0,41.269501766821854,34.19971655456609,55.40907219133338,False,False,2026-07-20,7.0,True,43175.0,48028.2,0.8989510329348175,False,107368799.99999999,2.84,37.80591549295774,-0.6213592233009768,7.922330097087389,6.47416160439378,27.941176470588214,67.156862745098,False,30.53,False,True,False,False,True,False
469,001289,龙源电力,D 水电煤气,腾讯前复权日K回退（成交额、换手率已提供）,False,2026-07-29,16.27,16.318,16.047,False,True,True,False,16.85,-3.4421364985163314,False,48.93045248421343,-0.08359221262650962,-0.16098539462425457,0.1547863639954899,True,False,False,False,2026-07-15,10.0,25.705017799009823,26.02459113304016,25.065871130949148,False,False,,,False,55237.0,85407.2,0.6467487518616698,False,89818900.0,0.11,816.5354545454545,0.43209876543210957,1.7283950617284023,1.3896678506885958,42.85714285714304,57.14285714285696,False,20.17,False,False,False,False,False,False
470,001296,长江材料,C 制造业,腾讯前复权日K回退（成交额、换手率已提供）,False,2026-07-29,16.98,16.491999999999997,17.5785,True,False,False,True,20.79,-18.32611832611832,False,44.27446634744477,-0.8687280381769611,-0.8941117909881942,0.050767505622466125,True,False,True,False,,,12.893726564796486,10.569511605389415,17.542156483610626,False,False,2026-07-27,2.0,True,22327.0,20337.2,1.0978404106760025,False,37803300.0,2.9,13.035620689655174,1.981981981981984,3.843843843843848,-3.404727365816184,37.49999999999972,62.50000000000028,False,23.47,False,False,False,False,True,False
471,001298,好上好,F 批发零售,腾讯前复权日K回退（成交额、换手率已提供）,False,2026-07-29,16.09,16.07,18.283,True,False,False,True,22.18,-27.45716862037872,False,32.43506117988045,-1.302666100026375,-1.1146816395823733,-0.3759689208880035,False,True,False,False,,,9.202138796894102,9.910620452177719,7.785175486326867,False,False,,,False,80756.0,80847.6,0.9988670040916489,False,127742200.0,1.98,64.51626262626263,1.2586532410320928,3.7759597230962956,-11.994749220587437,1.6666666666669234,98.33333333333307,True,25.28,False,False,False,False,True,False
472,001299,美能能源,D 水电煤气,腾讯前复权日K回退（成交额、换手率已提供）,False,2026-07-29,9.61,9.407999999999998,9.7935,True,False,False,True,10.6,-9.339622641509436,False,43.8855904048952,-0.3600047630285772,-0.3865174709467938,0.053025415836433165,True,False,False,False,2026-07-28,1.0,13.532894790772367,11.938630645709464,16.721423080898173,False,False,2026-07-27,2.0,True,31712.0,27898.6,1.1366878624733858,False,30463800.0,1.12,27.199821428571425,1.8008474576271194,4.237288135593224,-1.87369173431358,57.50000000000005,42.49999999999994,False,13.83,False,False,False,False,True,False
473,001300,三柏硕,C 制造业,腾讯前复权日K回退（成交额、换手率已提供）,False,2026-07-29,10.15,9.904,10.804,True,False,False,True,12.06,-15.837479270315091,False,34.17808789609376,-0.9326238126264599,-1.0070076810686694,0.14876773688441913,True,False,False,False,2026-07-27,2.0,8.337413454797316,6.928684604789702,11.154871154812545,False,False,2026-07-23,4.0,True,31085.0,36557.2,0.850311292987428,False,31327399.999999996,1.28,24.474531249999995,1.7034068136272618,3.8076152304609296,-6.0533135875601625,21.052631578947345,78.94736842105266,True,19.19,False,False,False,False,True,False
474,001301,尚太科技,C 制造业,腾讯前复权日K回退（成交额、换手率已提供）,False,2026-07-29,55.15,54.63399999999999,53.89,True,True,True,True,66.8,-17.44011976047904,False,48.752381306640686,-1.809373059012124,-2.362066507023928,1.1053868960236084,True,False,False,False,2026-07-23,4.0,30.245092875816855,27.582086550235882,35.571105526978805,False,False,,,False,71771.0,70256.0,1.0215639945342747,False,385789900.0,2.76,139.77894927536235,5.4493307839388105,8.470363288718943,2.3380961217294454,9.93227990970664,90.06772009029336,True,69.73,False,False,False,False,False,False
475,001306,夏厦精密,C 制造业,腾讯前复权日K回退（成交额、换手率已提供）,False,2026-07-29,47.41,46.344,51.019,True,False,False,True,65.09,-27.16239053618068,False,38.57004805257217,-3.545517816704006,-3.615175057297284,0.1393144811865561,True,False,True,False,,,11.472632542947004,9.785811490012206,14.8462746488166,False,False,2026-07-22,5.0,True,7225.0,6037.8,1.1966279108284474,False,34182800.0,4.66,7.335364806866952,1.5203426124196895,4.1755888650963655,-7.073835237852569,27.69230769230797,72.30769230769202,True,77.13,False,False,False,False,True,False
476,001308,康冠科技,C 制造业,腾讯前复权日K回退（成交额、换手率已提供）,False,2026-07-29,17.25,16.932,18.3095,True,False,False,True,21.65,-20.32332563510392,False,36.69833022272334,-0.91184467010914,-0.8475937761011652,-0.1285017880159498,False,True,False,False,,,5.945156996425627,5.320450066319511,7.19457085663786,True,False,2026-07-29,0.0,True,28576.0,21241.8,1.3452720579235282,False,48864900.0,0.59,82.82186440677967,2.678571428571419,3.0952380952380927,-5.786613506649553,9.61538461538476,90.38461538461524,True,23.17,False,False,False,False,False,False
477,001309,德明利,C 制造业,腾讯前复权日K回退（成交额、换手率已提供）,False,2026-07-29,354.58,390.502,630.8025,False,False,False,False,976.0,-63.67008196721312,False,25.894494645259797,-103.1149466174266,-66.28344078997907,-73.66301165489506,False,True,False,False,,,13.565736620458635,21.754999585072227,-2.8127893087685507,False,False,,,False,247036.0,235681.6,1.0481768623430934,False,8624816000.0,14.97,576.1400133600534,-1.8979637007525474,8.023461708720674,-43.78906234518728,6.896551724137931,70.96551724137925,True,980.0,False,True,False,False,True,False
478,001311,多利科技,C 制造业,腾讯前复权日K回退（成交额、换手率已提供）,False,2026-07-29,16.0,14.924000000000001,16.288999999999998,True,False,False,True,20.0,-20.0,False,46.71293319994547,-0.9306661120733253,-0.9869316060293964,0.11253098791214233,True,False,True,False,,,10.854675028802795,7.708126814792379,17.147771456823627,False,False,2026-07-27,2.0,True,87917.0,40902.0,2.1494547943865827,True,138398900.0,4.96,27.903004032258064,6.951871657753994,8.89037433155079,-1.7742034501810913,9.774436090225503,90.2255639097745,True,24.58,False,False,False,False,False,False
480,001313,粤海饲料,C 制造业,腾讯前复权日K回退（成交额、换手率已提供）,False,2026-07-29,7.1,7.045999999999999,7.505,True,False,False,True,8.88,-20.045045045045057,False,43.80796418065024,-0.19570880211691222,-0.15865330726603682,-0.07411098970175078,False,True,False,False,,,18.03997556198939,19.540601008102183,15.038724669763802,False,False,,,False,127751.0,86725.0,1.4730585183049871,False,90548100.0,1.83,49.47983606557377,1.573676680972813,3.0042918454935617,-5.39640239840107,33.33333333333348,66.66666666666653,False,9.96,False,False,False,False,False,False
481,001314,亿道信息,C 制造业,腾讯前复权日K回退（成交额、换手率已提供）,False,2026-07-29,48.02,48.788,55.583000000000006,False,False,False,True,67.88,-29.257513258691798,False,37.0681492981379,-2.390863333549767,-1.2297522381488428,-2.322222190801848,False,True,False,False,,,38.07020100610672,43.42475391822746,27.361095181865252,False,False,,,False,66536.0,100408.8,0.66265108237525,False,323787300.0,5.36,60.408078358208954,-3.7868162692846985,6.391504708475251,-13.606678300919347,31.347962382445164,12.852664576802633,False,67.88,False,False,False,False,True,False
482,001316,润贝航科,F 批发零售,腾讯前复权日K回退（成交额、换手率已提供）,False,2026-07-29,25.52,25.058,27.9235,True,False,False,True,34.82,-26.708788052843197,False,33.301996549974035,-2.5666786152267314,-2.612689805813879,0.09202238117429573,True,False,True,False,,,9.711343196403865,8.277753584290261,12.57852242063107,False,False,2026-07-22,5.0,True,22699.0,20784.4,1.0921171647966743,False,57572500.0,1.51,38.12748344370861,2.6548672566371723,3.419147224456965,-8.60744534173725,32.94117647058831,67.05882352941168,False,45.1,False,False,False,False,True,False
483,001317,三羊马,G 运输仓储,腾讯前复权日K回退（成交额、换手率已提供）,False,2026-07-29,52.5,50.477999999999994,47.040499999999994,True,True,True,True,54.99,-4.528096017457723,False,59.78722914986783,1.043229837895609,0.12374731725806705,1.838965041275084,True,False,False,False,2026-07-03,18.0,53.28021783812252,46.60814577073671,66.62436197289412,False,False,,,False,81569.0,75388.0,1.0819891759961797,False,430682200.0,9.54,45.14488469601678,1.4884979702300516,3.827566209162956,11.6059565693392,65.15151515151521,34.84848484848479,False,61.98,False,False,False,False,True,True
484,001318,阳光乳业,C 制造业,腾讯前复权日K回退（成交额、换手率已提供）,False,2026-07-29,11.1,10.062000000000001,10.1785,True,True,False,True,11.08,0.18050541516245103,True,61.94129231758891,-0.1534537885348044,-0.2539552570289218,0.2010029369882348,True,False,False,False,2026-07-28,1.0,17.350011141770306,10.463855729302955,31.122321966705005,False,False,2026-07-28,1.0,True,116226.0,33473.0,3.472231350640815,True,125666299.99999999,4.11,30.575742092457414,10.009910802775025,9.811694747274531,9.053396865942918,0.0,100.0,True,13.34,False,False,False,False,False,True
485,001319,铭科精技,C 制造业,腾讯前复权日K回退（成交额、换手率已提供）,False,2026-07-29,18.24,17.532,19.666500000000003,True,False,False,True,23.64,-22.842639593908636,False,39.80536117345941,-1.1728292443357518,-1.0797809536616827,-0.1860965813481381,False,True,False,False,,,10.979684857146381,8.78820081696427,15.362652937510603,False,False,2026-07-28,1.0,True,19116.0,21395.0,0.8934797849964945,False,34536400.0,2.33,14.822489270386267,3.1091011871113405,3.61786319954777,-7.25345130043477,17.18750000000045,82.81249999999955,True,26.3,False,False,False,False,True,False
486,001322,箭牌家居,C 制造业,腾讯前复权日K回退（成交额、换手率已提供）,False,2026-07-29,6.08,5.998,6.1945,True,False,False,True,6.78,-10.324483775811212,False,46.804757009317484,-0.07984545528759313,-0.06865286162886072,-0.022385187317464805,False,True,False,False,,,15.053427549545754,15.106960300861997,14.946362046913269,False,False,,,False,72598.0,30548.2,2.3765066354155073,True,44216400.0,0.92,48.06130434782608,1.6722408026755842,4.1806020066889635,-1.8484139155702577,51.99999999999996,48.00000000000004,False,7.76,False,False,False,False,True,False
487,001323,慕思股份,C 制造业,腾讯前复权日K回退（成交额、换手率已提供）,False,2026-07-29,17.17,15.860000000000003,16.2,True,True,False,True,17.02,0.8813160987074156,True,55.5152856326093,-0.4951702066021433,-0.6584983470034155,0.3266562808025444,True,False,False,False,2026-07-03,18.0,10.336540783681171,6.438384518915316,18.132853313212877,False,False,2026-07-28,1.0,True,56162.0,26122.0,2.149988515427609,True,92565500.0,1.8,51.42527777777778,9.993593850096104,9.545163356822563,5.987654320987669,0.0,100.0,True,23.87,False,False,False,False,True,True
488,001324,长青科技,C 制造业,腾讯前复权日K回退（成交额、换手率已提供）,False,2026-07-29,18.95,18.354,18.8295,True,True,False,True,20.45,-7.334963325183375,False,53.238625796794196,-0.18052258134759924,-0.2031427393434539,0.0452403159917093,True,False,True,False,,,39.141371381824705,33.16992864087967,51.08425686371477,False,False,,,False,16442.0,20510.6,0.8016342769104756,False,30993200.0,1.19,26.044705882352943,0.052798310454060804,3.0623020063357878,0.6399532648238129,39.655172413793295,60.344827586206705,False,21.78,False,False,False,False,True,False
490,001326,联域股份,C 制造业,腾讯前复权日K回退（成交额、换手率已提供）,False,2026-07-29,44.15,46.007999999999996,51.230500000000006,False,False,False,False,63.96,-30.9724828017511,False,32.29853293656629,-4.376602825589664,-4.083034835545279,-0.587135980088771,False,True,False,False,,,11.619185863439656,12.767737139350208,9.322083311618552,False,True,,,False,11635.0,13255.4,0.8777554807851895,False,51927400.0,4.84,10.728801652892562,-4.021739130434787,5.869565217391295,-13.820868427987248,15.92592592592594,15.185185185185082,False,75.5,False,False,False,False,False,False
491,001328,登康口腔,C 制造业,腾讯前复权日K回退（成交额、换手率已提供）,False,2026-07-29,32.08,30.637999999999998,28.1115,True,True,True,True,32.21,-0.40360136603540064,False,67.84278550143785,0.8774288198352949,0.27170943531921365,1.2114387690321624,True,False,False,False,2026-07-03,18.0,60.88919689834316,49.96351566127908,82.74055937247131,False,False,,,False,33645.0,30176.8,1.1149293496991066,False,107978300.0,2.08,51.91264423076923,0.8170961659333731,2.859836580766814,14.116998381445311,21.978021978022287,42.85714285714252,False,32.21,True,False,False,False,False,True
493,001331,胜通能源,D 水电煤气,腾讯前复权日K回退（成交额、换手率已提供）,False,2026-07-29,38.7,42.86,52.0995,False,False,False,False,68.0,-43.088235294117645,False,36.67038397871926,-1.5756590482194,0.45240928955781623,-4.056136675554432,False,True,False,False,,,34.79883349437249,40.94352986894066,22.509440745236148,False,False,,,False,115683.0,105169.6,1.0999661499140436,False,459724600.0,4.05,113.51224691358024,-9.89522700814901,11.26891734575088,-25.719056804767792,14.46280991735542,0.8264462809918641,False,68.0,False,False,False,False,False,False
494,001332,锡装股份,C 制造业,腾讯前复权日K回退（成交额、换手率已提供）,False,2026-07-29,29.91,29.424,30.8545,True,False,False,True,39.27,-23.8349885408709,False,35.64637441478175,-2.9797994811694366,-3.4590366058211726,0.9584742493034719,True,False,False,False,2026-07-24,3.0,13.302861484409751,10.642484102069881,18.62361624908949,False,False,2026-07-21,6.0,True,16917.0,19388.4,0.8725320294609147,False,50377500.0,2.52,19.99107142857143,0.20100502512563345,3.115577889447235,-3.0611418107569444,25.806451612903064,74.19354838709693,True,53.88,False,False,False,False,False,False
495,001333,光华股份,C 制造业,腾讯前复权日K回退（成交额、换手率已提供）,False,2026-07-29,17.93,17.554,18.488000000000003,True,False,False,True,20.38,-12.0215897939156,False,42.56054440902157,-0.748183811659743,-0.8012240049906139,0.10608038666174169,True,False,False,False,2026-07-28,1.0,10.079747826363644,8.700994843715195,12.83725379166054,False,False,2026-07-27,2.0,True,9128.0,9725.0,0.9386118251928021,False,16272000.0,0.71,22.91830985915493,1.759364358683313,2.951191827468783,-3.018173950670723,17.307692307692292,82.69230769230771,True,27.44,False,True,False,False,True,False
496,001335,信凯科技,F 批发零售,腾讯前复权日K回退（成交额、换手率已提供）,False,2026-07-29,29.94,29.47,32.184000000000005,True,False,False,True,48.35,-38.076525336091,False,31.78446197643271,-3.5972509647591266,-3.8210583998882264,0.44761487025819946,True,False,False,False,2026-07-28,1.0,10.232059103131439,8.57960454586802,13.536968217658274,False,False,2026-07-21,6.0,True,7115.0,8546.0,0.8325532412824713,False,21081700.0,2.79,7.556164874551971,1.6638370118845502,3.089983022071308,-6.972408650261008,12.087912087912024,87.91208791208798,True,51.24,False,False,False,False,False,False
497,001336,楚环科技,C 制造业,腾讯前复权日K回退（成交额、换手率已提供）,False,2026-07-29,16.22,15.589999999999998,16.167,True,True,False,True,18.05,-10.138504155124664,False,46.201150175033135,-0.7257586761394421,-0.8508206679164629,0.25012398355404164,True,False,False,False,2026-07-27,2.0,16.77209584054673,13.042043054360065,24.232201412920062,False,False,,,False,18572.0,14110.4,1.3161923120535208,False,29840900.0,2.89,10.325570934256055,2.658227848101258,3.797468354430389,0.3278282922001439,13.333333333333611,86.66666666666639,True,23.58,False,False,False,False,False,False
498,001337,四川黄金,B 采矿业,腾讯前复权日K回退（成交额、换手率已提供）,False,2026-07-29,38.99,38.728,37.0175,True,True,True,True,42.9,-9.114219114219106,False,51.35630017085753,-0.8960593289723775,-1.7005131392651716,1.6089076205855881,True,False,False,False,2026-07-21,6.0,22.221301066900196,18.434459972222474,29.79498325625564,False,False,2026-07-21,6.0,True,141073.0,197661.6,0.7137096937391987,False,545391700.0,3.36,162.31895833333334,1.5893694632621136,4.898384575299641,5.32856081583036,32.44680851063823,67.55319148936178,False,60.71,False,False,False,False,False,False
499,001338,永顺泰,C 制造业,腾讯前复权日K回退（成交额、换手率已提供）,False,2026-07-29,8.66,8.39,8.538,True,True,False,True,8.95,-3.240223463687142,False,47.27392520175466,-0.26592403913789475,-0.34361141652078103,0.15537475476577256,True,False,False,False,2026-07-01,20.0,6.863594910277118,4.890560344184007,10.809664042463337,False,False,2026-07-28,1.0,True,49634.0,43695.8,1.1358986447210029,False,43026000.0,0.99,43.46060606060606,2.1226415094339535,3.7735849056603805,1.428906066994611,43.75000000000014,56.249999999999865,False,13.48,False,False,False,False,True,False
500,001339,智微智能,C 制造业,腾讯前复权日K回退（成交额、换手率已提供）,False,2026-07-29,68.64,73.208,85.6885,False,False,False,False,105.39,-34.87048107031028,False,32.54743519635696,-5.018865180390378,-2.667767598242007,-4.702195164296742,False,True,False,False,,,43.954191695265244,49.00692508804453,33.84872490970666,False,False,,,False,114773.0,103688.6,1.1069008550602477,False,781517300.0,7.09,110.22811001410436,-3.7172113900967974,8.654790293168748,-19.895902017190174,8.103727714748782,49.2706645056727,False,109.67,False,False,False,False,False,False
501,001356,富岭股份,C 制造业,腾讯前复权日K回退（成交额、换手率已提供）,False,2026-07-29,8.42,8.35,8.494,True,False,False,False,9.06,-7.064017660044156,False,43.163862860417815,-0.1840134519224783,-0.21510733867720258,0.06218777350944854,True,False,False,False,2026-07-03,18.0,7.845848563409558,8.83719762756924,5.863150435090194,False,False,,,False,47564.0,32718.6,1.4537296828103892,False,39973800.0,2.25,17.766133333333332,1.0804321728691502,1.8007202881152504,-0.8712032022604174,40.000000000000234,59.999999999999766,False,12.02,False,True,False,False,True,False
502,001358,兴欣新材,C 制造业,腾讯前复权日K回退（成交额、换手率已提供）,False,2026-07-29,26.98,22.9,23.281,True,True,False,True,28.85,-6.481802426343157,False,64.19674870486989,-0.5375436385168939,-1.0270336027088793,0.9789799283839709,True,False,False,False,2026-07-28,1.0,39.26715547140849,23.705961406603688,70.38954360101809,False,False,2026-07-23,4.0,True,121626.0,18423.2,6.601784706239958,False,318396600.0,23.86,13.344367141659681,9.98777007745617,6.97105584997962,15.888492762338396,0.0,100.0,True,31.1,False,False,False,False,False,True
503,001359,平安电工,C 制造业,腾讯前复权日K回退（成交额、换手率已提供）,False,2026-07-29,77.44,83.656,100.75699999999999,False,False,False,False,128.25,-39.617933723196884,False,35.9161994628527,-5.4528687686630235,-1.6834429741226953,-7.5388515890806564,False,True,False,False,,,38.85724288024519,44.36099593353512,27.849736773665313,False,False,,,False,55280.0,38164.6,1.4484627115180035,False,426548100.0,9.17,46.5156052344602,-5.5609756097561025,12.865853658536583,-23.14181644947745,18.104265402843573,34.50236966824646,False,134.04,False,False,False,False,False,False
504,001360,南矿集团,C 制造业,腾讯前复权日K回退（成交额、换手率已提供）,False,2026-07-29,14.23,13.882,14.9325,True,False,False,True,18.72,-23.98504273504273,False,36.64891763712558,-1.2445792998926724,-1.350426925729567,0.2116952516737891,True,False,False,False,2026-07-28,1.0,15.161339985375042,12.034184970297646,21.41565001552983,False,False,2026-07-21,6.0,True,41536.0,36585.8,1.1353038610608486,False,58645800.0,3.31,17.717764350453173,1.4978601997146956,3.9942938659058527,-4.704503599531216,1.785714285714246,71.42857142857143,True,23.05,False,False,False,False,False,False
506,001366,播恩集团,C 制造业,腾讯前复权日K回退（成交额、换手率已提供）,False,2026-07-29,10.73,10.468,10.886000000000001,True,False,False,True,11.8,-9.067796610169493,False,42.88753848101376,-0.5079301117036863,-0.5859731600546435,0.15608609670191442,True,False,False,False,2026-07-03,18.0,8.914591952080372,7.71983954148759,11.304096773265934,False,False,2026-07-27,2.0,True,29584.0,35725.4,0.8280942970547566,False,31477300.0,1.84,17.107228260869565,1.8026565464895672,2.9411764705882235,-1.43303325372038,16.12903225806424,83.87096774193577,True,18.61,False,False,False,False,True,False
507,001367,海森药业,C 制造业,腾讯前复权日K回退（成交额、换手率已提供）,False,2026-07-29,17.95,17.532,18.597,True,False,False,True,21.27,-15.608838740009404,False,43.30099516214012,-0.6485619776120473,-0.6193825401780921,-0.05835887486791025,False,True,False,False,,,7.7237541553781766,7.182747444413149,8.805767577308231,True,False,2026-07-29,0.0,True,11133.0,14784.6,0.753013270565318,False,19906800.0,0.92,21.63782608695652,1.7573696145124718,2.6643990929705352,-3.4790557616820026,21.276595744681043,78.72340425531895,True,24.75,False,True,False,False,True,False
508,001368,通达创智,C 制造业,腾讯前复权日K回退（成交额、换手率已提供）,False,2026-07-29,19.96,19.558,20.5395,True,False,False,True,22.6,-11.68141592920354,False,41.99841439365341,-0.8286259330579959,-0.8856842590462488,0.11411665197650578,True,False,False,False,2026-07-28,1.0,7.330598600273156,6.489561085748856,9.012673629321755,False,False,2026-07-28,1.0,True,12316.0,13181.4,0.9343468827286935,False,24602600.000000004,1.14,21.58122807017544,1.3197969543147225,2.7411167512690313,-2.821392925825845,53.70370370370363,46.29629629629637,False,30.82,False,True,False,False,True,False
510,001373,翔腾新材,C 制造业,腾讯前复权日K回退（成交额、换手率已提供）,False,2026-07-29,25.02,24.434000000000005,26.3585,True,False,False,True,31.98,-21.763602251407132,False,35.3536443582438,-2.185470041087491,-2.374211398023409,0.37748271387183596,True,False,False,False,2026-07-27,2.0,11.618999817824198,9.885059199668738,15.08688105413512,False,False,2026-07-21,6.0,True,29342.0,15363.6,1.9098388398552422,True,73159600.0,6.99,10.466323319027182,2.289452166802941,6.214227309893702,-5.07805831136066,51.315789473684305,48.6842105263157,False,42.77,False,False,False,False,True,False
511,001376,百通能源,D 水电煤气,腾讯前复权日K回退（成交额、换手率已提供）,False,2026-07-29,11.36,10.559999999999999,10.122499999999999,True,True,True,True,11.15,1.8834080717488706,True,58.28680987615278,-0.24220583098091453,-0.5213531400168344,0.5582946180718398,True,False,False,False,2026-07-03,18.0,15.180290777363822,9.4339862188656,26.672899894360267,False,False,2026-07-22,5.0,True,503469.0,167846.0,2.9995889088807597,True,563054400.0,23.52,23.939387755102043,1.883408071748871,6.367713004484313,12.225240800197588,15.492957746479025,84.50704225352096,True,16.1,False,False,False,False,False,True
512,001378,德冠新材,C 制造业,腾讯前复权日K回退（成交额、换手率已提供）,False,2026-07-29,16.36,16.178,18.482499999999998,True,False,False,True,21.63,-24.364308830328245,False,37.98930723808544,-0.9567945477644244,-0.6631743445229898,-0.5872404064828691,False,True,False,False,,,11.450873659011727,15.83054122942019,2.6915385181948004,False,False,,,False,31978.0,38114.4,0.8390004827571731,False,51933300.0,3.79,13.702717678100264,1.3003095975232304,2.1671826625386865,-11.48383606113891,11.428571428571255,88.57142857142874,True,22.08,False,False,False,False,True,False
513,001379,腾达科技,C 制造业,腾讯前复权日K回退（成交额、换手率已提供）,False,2026-07-29,14.84,14.598000000000003,15.064000000000002,True,False,False,True,16.69,-11.08448172558419,False,42.09497943533545,-0.6425637614782609,-0.7485773515992123,0.21202718024190292,True,False,False,False,2026-07-01,20.0,7.399576633212234,5.964041402041751,10.270647095553201,False,False,2026-07-27,2.0,True,15554.0,17902.8,0.8688026453962508,False,22966800.0,2.31,9.942337662337662,1.2278308321964415,1.8417462482946887,-1.4869888475836561,14.814814814815083,85.18518518518492,True,22.99,False,True,False,False,False,False
514,001380,华纬科技,C 制造业,腾讯前复权日K回退（成交额、换手率已提供）,False,2026-07-29,15.72,15.39,15.854999999999999,True,False,False,True,17.52,-10.27397260273972,False,47.32355913013331,-0.3373561078740952,-0.36704837434800847,0.05938453294782653,True,False,True,False,,,8.589911787973351,7.489630937770492,10.790473488379071,True,False,2026-07-29,0.0,True,13031.0,15577.8,0.8365109322240625,False,20385600.0,0.56,36.402857142857144,1.81347150259068,2.979274611398958,-0.8514664143803092,13.043478260869312,86.9565217391307,True,20.3,False,False,False,False,True,False
515,001382,新亚电缆,C 制造业,腾讯前复权日K回退（成交额、换手率已提供）,False,2026-07-29,18.02,17.142000000000003,15.769499999999999,True,True,True,True,18.0,0.11111111111110875,True,62.23096437746787,-0.1690174874350916,-0.6397731793527461,0.9415113838353091,True,False,False,False,2026-07-15,10.0,23.760712354174434,17.02975481930805,37.222627423907205,False,False,,,False,106471.0,80472.4,1.3230747436388128,False,187107900.0,16.9,11.071473372781067,6.124852767962308,7.184923439340414,14.271219759662646,2.4590163934427114,97.54098360655729,True,23.76,False,False,False,False,True,False
516,001386,马可波罗,C 制造业,腾讯前复权日K回退（成交额、换手率已提供）,False,2026-07-29,14.98,14.746,14.460999999999999,True,True,True,True,14.96,0.13368983957218966,True,53.210571176041825,-0.14377324422245508,-0.2923922411704062,0.2972379938959022,True,False,False,False,2026-07-03,18.0,11.928965122772125,9.819120285276925,16.14865479776252,False,False,,,False,45459.0,36094.6,1.25944047031966,False,68125300.0,4.23,16.10527186761229,0.9433962264151052,2.156334231805932,3.588963418850715,31.24999999999986,68.75000000000013,False,19.87,False,False,False,False,False,False
517,001387,雪祺电气,C 制造业,腾讯前复权日K回退（成交额、换手率已提供）,False,2026-07-29,11.48,10.854,11.7095,True,False,False,True,14.35,-19.999999999999996,False,46.95949917592845,-0.4793490763924044,-0.4588725216627009,-0.040953109459407,False,True,False,False,,,16.04466859380265,11.729031533280462,24.675942714847025,False,False,2026-07-28,1.0,True,36915.0,27683.6,1.3334609660593275,False,41782200.0,3.17,13.180504731861198,4.458598726114649,5.641492265696081,-1.959947051539347,3.2258064516128386,96.77419354838716,True,14.65,False,False,False,False,False,False
518,001388,信通电子,C 制造业,腾讯前复权日K回退（成交额、换手率已提供）,False,2026-07-29,20.69,21.830000000000002,20.880000000000003,False,False,True,False,26.75,-22.65420560747663,False,48.065217063390826,0.4658848195548906,0.5071046142411169,-0.08243958937245255,False,True,False,True,2026-07-01,20.0,31.9724486910479,35.657767093604406,24.601811885934893,False,False,,,False,99726.0,118729.2,0.8399450177378438,False,201171200.0,7.97,25.241053952321206,-2.2211720226843035,7.230623818525525,-0.9099616858237607,11.764705882352914,83.66013071895426,True,26.76,False,True,False,False,False,False
519,001389,广合科技,C 制造业,腾讯前复权日K回退（成交额、换手率已提供）,False,2026-07-29,146.0,157.054,176.012,False,False,False,False,235.94,-38.11986098160549,False,37.44719313725313,-9.518023547692252,-5.876601172101674,-7.282844751181155,False,True,False,False,,,41.48525956618948,46.73679445680042,30.982189784967588,False,False,,,False,119517.0,81748.4,1.462010265644343,False,1703643100.0,7.84,217.3014158163265,-3.1573361634385733,7.21676837357389,-17.051110151580573,26.378676470588285,73.52941176470591,True,237.61,False,True,False,False,False,False
520,001390,古麒绒材,C 制造业,腾讯前复权日K回退（成交额、换手率已提供）,False,2026-07-29,17.7,17.387999999999998,18.1615,True,False,False,True,20.47,-13.53199804592086,False,46.16402061244619,-0.4149719726662404,-0.3897613392262742,-0.050421266879932425,False,True,False,False,,,18.16774856829376,16.446613604820058,21.610018495241164,False,False,2026-07-28,1.0,True,8702.0,8672.0,1.0034594095940959,False,15456600.0,0.73,21.173424657534248,0.9122006841505215,1.9954389965792556,-2.541089667703664,65.71428571428557,34.285714285714434,False,21.38,False,False,False,False,True,False
521,001391,国货航,G 运输仓储,腾讯前复权日K回退（成交额、换手率已提供）,False,2026-07-29,4.34,4.278,4.2395000000000005,True,True,True,True,4.47,-2.908277404921698,False,51.093800861718144,-0.03987681921023878,-0.07251239039576149,0.06527114237104542,True,False,False,False,2026-07-03,18.0,22.288772402302886,21.036790052874576,24.79273710115951,False,False,,,False,229977.0,224163.6,1.0259337376808724,False,99558100.0,1.51,65.93251655629139,1.6393442622950838,1.6393442622950678,2.370562566340355,14.285714285714105,85.7142857142859,True,5.54,False,True,False,False,False,False
523,001395,亚联机械,C 制造业,腾讯前复权日K回退（成交额、换手率已提供）,False,2026-07-29,28.24,28.006,28.2935,True,False,False,False,34.54,-18.239722061378114,False,50.39091988891634,0.5737256009587064,0.8265972138204531,-0.5057432257234935,False,True,False,False,,,47.86733168002652,53.50367354875413,36.594647942571285,False,False,,,False,30914.0,55799.8,0.5540163226391492,False,86819000.0,5.94,14.615993265993266,1.0737294201861092,2.863278453829637,-0.18908936681571106,21.250000000000195,78.74999999999982,True,34.54,False,False,False,False,True,False
526,001400,江顺科技,C 制造业,腾讯前复权日K回退（成交额、换手率已提供）,False,2026-07-29,65.52,67.782,86.21849999999999,False,False,False,False,132.23,-50.44997353096876,False,29.608632164094715,-12.037640045351509,-10.832432524884535,-2.410415040933948,False,True,False,False,,,6.584613173485032,7.379296117857393,4.995247284740309,False,False,,,False,14070.0,18683.6,0.7530668607762958,False,92187700.0,3.04,30.324901315789475,-2.0627802690583064,5.73991031390135,-24.007028653943177,20.05208333333358,35.93749999999985,False,160.43,False,False,False,False,False,False
527,001696,宗申动力,C 制造业,腾讯前复权日K回退（成交额、换手率已提供）,False,2026-07-29,14.54,14.648,16.782500000000002,False,False,False,False,21.94,-33.72835004557886,False,35.4985995877838,-1.4126478613461213,-1.1649783576396762,-0.4953390074128903,False,True,False,False,,,7.521162640913513,10.215965894092495,2.1315561345555487,False,False,,,False,383450.0,319681.0,1.1994769786130548,False,549428900.0,4.3,127.77416279069769,1.0423905489923557,3.544127866574008,-13.362133174437677,7.843137254902145,92.15686274509785,True,25.74,False,False,False,False,False,False
528,001872,招商港口,G 运输仓储,腾讯前复权日K回退（成交额、换手率已提供）,False,2026-07-29,21.65,21.296,20.950499999999998,True,True,True,False,22.93,-5.58220671609246,False,55.737156722920716,0.4021913490851041,0.37256527495583514,0.05925214825853797,True,False,False,False,2026-07-02,19.0,62.88770098010118,63.20764435694765,62.24781422640824,False,False,,,False,55147.0,48944.4,1.1267274703541161,False,119844100.0,0.24,499.3504166666667,1.5478424015009207,4.784240150093807,3.3388224624710654,55.882352941176514,44.11764705882348,False,23.29,False,False,False,False,True,False
529,001896,豫能控股,D 水电煤气,腾讯前复权日K回退（成交额、换手率已提供）,False,2026-07-29,13.16,14.238,14.514500000000002,False,False,False,False,18.0,-26.88888888888889,False,39.07699305526419,-0.9263606857909004,-0.9460842324489651,0.0394470933161295,True,False,False,False,2026-07-22,5.0,14.560413865301177,18.258156509385582,7.164928577132365,False,False,,,False,862851.0,1465654.6,0.5887137392397909,False,1146602600.0,5.66,202.57996466431095,-2.51851851851852,5.777777777777773,-9.332047263081755,42.30769230769235,30.76923076923082,False,24.04,False,False,False,False,True,False
530,001914,招商积余,K 房地产,腾讯前复权日K回退（成交额、换手率已提供）,False,2026-07-29,9.07,8.814,8.520999999999999,True,True,True,True,8.97,1.1148272017837195,True,61.32823266122554,0.05530021397656526,-0.03376990685971261,0.17814024167255574,True,False,False,False,2026-07-06,17.0,37.063618468683785,32.400239373507354,46.39037665903665,False,False,,,False,80053.0,79545.8,1.006376200880499,False,72407300.0,0.76,95.27276315789474,1.7957351290684542,2.693602693602696,6.442905762234495,16.666666666666295,83.3333333333337,True,10.58,False,False,False,False,False,False
531,001965,招商公路,G 运输仓储,腾讯前复权日K回退（成交额、换手率已提供）,False,2026-07-29,10.56,10.355999999999998,9.8795,True,True,True,True,10.65,-0.8450704225352099,False,68.01159207529682,0.21068686830354721,0.1314590074286969,0.15845572174970063,True,False,False,False,2026-07-09,14.0,91.79266383182055,87.60520812433596,100.16757524678971,False,False,,,False,188813.0,134563.4,1.4031527146311702,False,198256400.0,0.28,708.0585714285713,0.5714285714285783,1.8095238095238046,6.888000404878793,15.78947368421023,84.21052631578976,True,10.65,True,False,False,False,False,False
532,001979,招商蛇口,K 房地产,腾讯前复权日K回退（成交额、换手率已提供）,False,2026-07-29,7.15,6.95,6.696000000000001,True,True,True,False,7.27,-1.6506189821182837,False,54.49215877567585,-0.06530494979898016,-0.17459104394848718,0.21857218829901404,True,False,False,False,2026-07-08,15.0,21.363098741793873,19.284837205174043,25.51962181503353,False,False,2026-07-15,10.0,True,1236159.0,611213.8,2.0224657885669464,True,886110600.0,1.39,637.4896402877698,3.0259365994236287,6.051873198847261,6.7801672640382264,45.23809523809513,54.76190476190488,False,9.98,False,False,False,False,True,False
533,002001,新 和 成,C 制造业,腾讯前复权日K回退（成交额、换手率已提供）,False,2026-07-29,30.3,30.172000000000004,29.6245,True,True,True,False,32.0,-5.312499999999998,False,52.674866712586116,0.05558241038242073,-0.05539307976615934,0.22195098029716015,True,False,False,False,2026-07-17,8.0,25.010665439644043,24.10525187901005,26.821492560912027,True,False,,,False,344550.0,316110.8,1.0899659233408032,False,1029740700.0000001,1.13,911.2749557522127,3.802672147995878,6.063720452209659,2.2802072608820385,16.384180790960407,83.61581920903959,True,34.5,False,False,False,False,False,False
534,002003,伟星股份,C 制造业,腾讯前复权日K回退（成交额、换手率已提供）,False,2026-07-29,10.83,10.342,9.3775,True,True,True,True,10.58,2.3629489603024574,True,77.2634595888214,0.43736555414241884,0.2578243272585329,0.3590824537677719,True,False,False,False,2026-07-02,19.0,94.44059164852483,88.8494228031455,105.62292933928347,False,False,,,False,209570.0,138626.0,1.5117654696810123,False,226171000.0,2.05,110.32731707317073,2.4597918637653704,4.44654683065278,15.489202879232211,25.531914893616918,74.46808510638309,True,10.58,True,False,False,False,False,False
535,002004,华邦健康,C 制造业,腾讯前复权日K回退（成交额、换手率已提供）,False,2026-07-29,4.35,4.284000000000001,4.2455,True,True,True,True,4.48,-2.9017857142857313,False,55.107142384597104,0.019908625120711676,0.008855846586809341,0.02210555706780467,True,False,False,False,2026-07-02,19.0,29.594957488599903,27.445355135859604,33.8941621940805,False,False,,,False,220684.0,231671.0,0.9525749878059835,False,95955100.0,1.17,82.01290598290599,1.635514018691575,2.3364485981308327,2.4614297491461503,30.000000000000355,69.99999999999964,False,4.88,False,False,False,False,False,False
536,002005,德豪润达,C 制造业,腾讯前复权日K回退（成交额、换手率已提供）,False,2026-07-29,2.21,2.252,2.3475,False,False,False,False,2.63,-15.969581749049427,False,34.792068577121796,-0.09543747169562389,-0.09721437489810579,0.003553806404963805,True,False,False,False,2026-07-23,4.0,12.362776042436812,15.177816447200092,6.732695232910249,False,False,,,False,171309.0,165199.8,1.0369806743107437,False,37497300.0,0.98,38.26255102040816,0.0,3.1674208144796308,-5.857294994675193,14.285714285714013,71.42857142857135,True,3.04,False,False,False,False,True,False
537,002006,精工科技,C 制造业,腾讯前复权日K回退（成交额、换手率已提供）,False,2026-07-29,13.31,12.988,13.911000000000001,True,False,False,True,15.96,-16.604010025062657,False,42.01609411965978,-0.6024484577646732,-0.5995231983936118,-0.005850518742122723,False,True,False,False,,,6.178465285089557,4.6938560888353456,9.14768367759798,True,False,2026-07-29,0.0,True,93910.0,73560.8,1.2766310317451686,False,123039500.0,1.81,67.97762430939225,2.7799227799227832,3.9382239382239366,-4.320322047300703,3.9215686274508985,96.0784313725491,True,19.1,False,False,False,False,True,False
538,002007,华兰生物,C 制造业,腾讯前复权日K回退（成交额、换手率已提供）,False,2026-07-29,13.26,13.004,13.025,True,True,False,True,13.73,-3.423160961398402,False,54.422578073102294,0.03995312357927716,0.032496002041585634,0.014914243075383055,True,False,True,False,,,45.239783008906045,43.497537515631755,48.724273995454624,True,False,,,False,140804.0,115750.2,1.2164471422079617,False,186389000.0,0.89,209.42584269662922,2.2359290670778575,2.775636083269078,1.804222648752395,16.66666666666683,83.33333333333317,True,14.54,False,False,False,False,True,False
539,002008,大族激光,C 制造业,腾讯前复权日K回退（成交额、换手率已提供）,False,2026-07-29,91.0,99.10999999999999,112.965,False,False,False,False,150.49,-39.53086583826168,False,32.64419801145809,-9.3610207106709,-7.385778609668395,-3.9504842020050095,False,True,False,False,,,35.07305152489128,38.940958585507666,27.337237403658506,False,False,,,False,524942.0,438899.0,1.1960428253425048,False,4741551600.0,5.49,863.6706010928962,-3.3662525220346184,9.896994796644359,-19.444075598636747,21.244635193133103,45.81545064377682,False,168.08,False,False,False,False,False,False
540,002009,天奇股份,C 制造业,腾讯前复权日K回退（成交额、换手率已提供）,False,2026-07-29,16.5,16.092,17.549,True,False,False,True,22.39,-26.306386779812417,False,39.3726626371006,-1.2702444144510778,-1.349493652717445,0.1584984765327344,True,False,False,False,2026-07-28,1.0,10.457961774882358,8.57463434411863,14.224616636409817,False,False,2026-07-21,6.0,True,131999.0,113418.2,1.1638255588609236,False,215505800.00000003,3.73,57.77635388739947,1.3513513513513375,3.562653562653574,-5.977548578266565,17.241379310345017,82.75862068965498,True,29.91,False,True,False,False,True,False
541,002010,传化智联,L 商务服务,腾讯前复权日K回退（成交额、换手率已提供）,False,2026-07-29,4.72,4.586,4.5865,True,True,False,True,4.76,-0.8403361344537823,False,53.519079051549696,-0.05335818781343704,-0.0842357394904909,0.06175510335410772,True,False,False,False,2026-07-02,19.0,14.777608398728146,12.007668027138777,20.317489141906883,False,False,2026-07-27,2.0,True,271987.0,215636.0,1.261324639670556,False,127643000.0,0.99,128.93232323232323,3.056768558951961,3.493449781659392,2.91071623242123,18.75000000000014,81.24999999999987,True,5.81,False,False,False,False,False,False
542,002011,盾安环境,C 制造业,腾讯前复权日K回退（成交额、换手率已提供）,False,2026-07-29,10.52,10.378,10.3285,True,True,True,True,11.09,-5.139765554553655,False,51.02496236540783,-0.14433997576461977,-0.21793787059040315,0.14719578965156677,True,False,False,False,,,13.38595613755678,11.001768887124818,18.154330638420703,False,False,2026-07-23,4.0,True,141155.0,130843.2,1.0788103623268157,False,147287300.0,1.33,110.74233082706766,2.5341130604288553,2.7290448343079863,1.854093043520352,7.1428571428570065,92.85714285714299,True,13.23,False,False,False,False,True,False
543,002012,凯恩股份,C 制造业,腾讯前复权日K回退（成交额、换手率已提供）,False,2026-07-29,5.46,5.584,5.785500000000001,False,False,False,True,6.82,-19.94134897360704,False,40.28069502135842,-0.3420522178382175,-0.384487416790841,0.08487039790524697,True,False,False,False,2026-07-27,2.0,12.581048615139403,10.773060055382027,16.197025734654158,False,False,2026-07-21,6.0,True,181166.0,215479.8,0.8407563029109921,False,98502300.0,3.87,25.452790697674416,-0.9074410163339319,3.2667876588021727,-5.62613430127043,27.77777777777772,72.22222222222227,True,9.65,False,True,False,False,False,False
544,002014,永新股份,C 制造业,腾讯前复权日K回退（成交额、换手率已提供）,False,2026-07-29,10.8,10.794,10.855500000000001,True,False,False,False,11.24,-3.9145907473309567,False,49.7589063194728,0.008365303848190564,0.01640658075998183,-0.016082553823582535,False,True,False,False,,,43.5462383656267,42.29598507325293,46.04674495037425,False,False,,,False,48624.0,24524.8,1.9826461377870563,True,53205900.0,0.81,65.68629629629629,-0.27700831024930483,2.3084025854108954,-0.5112615724747853,59.99999999999943,8.00000000000054,False,11.48,False,False,False,False,True,False
545,002015,协鑫能科,D 水电煤气,腾讯前复权日K回退（成交额、换手率已提供）,False,2026-07-29,14.17,14.716,14.5525,False,False,True,False,16.98,-16.54888103651355,False,41.801294831882466,-0.811989953345563,-1.009613642906278,0.39524737912143015,True,False,False,False,2026-07-21,6.0,11.56358666197625,12.412658181261081,9.865443623406588,False,False,,,False,636518.0,1077847.2,0.5905456728931522,False,887758900.0,3.92,226.46910714285713,0.6392045454545414,5.8238636363636385,-2.6284143617935083,21.95121951219508,78.04878048780492,True,25.53,False,False,False,False,True,False
546,002016,世荣兆业,K 房地产,腾讯前复权日K回退（成交额、换手率已提供）,False,2026-07-29,4.22,4.13,4.0985,True,True,True,True,4.55,-7.2527472527472545,False,51.06223345128281,-0.05992070945062533,-0.09364987132614663,0.0674583237510426,True,False,False,False,2026-07-06,17.0,10.835653814269897,9.886570829927736,12.733819782954217,False,False,2026-07-28,1.0,True,105204.0,96367.6,1.0916947189719366,False,44417000.0,1.3,34.16692307692308,1.9323671497584627,4.106280193236714,2.9644992070269653,35.29411764705913,64.70588235294088,False,5.49,False,False,False,False,False,False
547,002017,东信和平,C 制造业,腾讯前复权日K回退（成交额、换手率已提供）,False,2026-07-29,13.3,12.844,13.144499999999999,True,True,False,True,14.89,-10.678307588985895,False,44.5818331758514,-0.6503382251305396,-0.8083938685617921,0.3161112868625049,True,False,False,False,2026-07-23,4.0,8.836760819766488,6.051795446789438,14.406691565720585,False,False,2026-07-27,2.0,True,143011.0,135966.4,1.051811329857965,False,188606300.0,2.47,76.35882591093117,1.9157088122605304,3.601532567049813,1.1830042983757598,19.14893617021271,80.8510638297873,True,20.16,False,False,False,False,False,False
548,002019,亿帆医药,C 制造业,腾讯前复权日K回退（成交额、换手率已提供）,False,2026-07-29,10.24,10.062000000000001,10.114,True,True,False,True,11.05,-7.330316742081452,False,52.22143897722275,0.013143481787796674,0.014368416242332701,-0.0024498689090720546,False,True,False,False,,,20.759522184621925,19.9753579428675,22.327850668130772,True,False,,,False,115200.0,124509.6,0.9252298617937893,False,116773600.0,1.37,85.23620437956204,2.605210420841675,2.7054108216432824,1.2457979038955846,0.0,100.0,True,11.19,False,False,False,False,False,False
549,002020,京新药业,C 制造业,腾讯前复权日K回退（成交额、换手率已提供）,False,2026-07-29,13.88,13.788,14.319999999999999,True,False,False,False,15.88,-12.594458438287154,False,50.32041286065459,0.11787923347461593,0.23814714170551865,-0.24053581646180544,False,True,False,False,,,44.28330716726504,46.42716704404703,39.995587413701074,False,False,,,False,132315.0,165859.6,0.7977530393175915,False,182481600.0,1.83,99.71672131147541,1.9838354151359372,2.9390154298310094,-3.0726256983240066,14.999999999999666,85.00000000000033,True,15.88,False,False,False,False,False,False
550,002021,中捷资源,C 制造业,腾讯前复权日K回退（成交额、换手率已提供）,False,2026-07-29,2.56,2.37,2.378,True,True,False,True,2.67,-4.1198501872659135,False,57.170205977460625,-0.05054393746702068,-0.08133445445277748,0.0615810339715136,True,False,False,False,2026-07-27,2.0,21.154289319240892,13.816466466006917,35.82993502570885,False,False,2026-07-23,4.0,True,530431.0,291256.6,1.8211810479144508,True,135123800.0,4.44,30.433288288288285,4.918032786885251,8.606557377049178,7.653490328006725,38.09523809523814,61.90476190476186,False,3.4,False,False,False,False,False,False
551,002022,科华生物,C 制造业,腾讯前复权日K回退（成交额、换手率已提供）,False,2026-07-29,5.05,4.934,4.936,True,True,False,True,5.39,-6.307977736549162,False,52.49561393924803,-0.018546451103538253,-0.03870756319711924,0.04032222418716197,True,False,False,False,2026-07-03,18.0,28.46654694729314,27.094220215980858,31.2112004099177,False,False,,,False,58565.0,73732.6,0.7942890932911628,False,29645100.000000004,1.14,26.004473684210534,0.5976095617529875,1.7928286852589614,2.309562398703401,55.55555555555544,44.44444444444456,False,6.26,False,False,False,False,True,False
552,002023,海特高新,C 制造业,腾讯前复权日K回退（成交额、换手率已提供）,False,2026-07-29,9.1,8.902,10.2055,True,False,False,True,13.67,-33.43087051938552,False,36.52437292665437,-0.9038413093639033,-0.8433876227533825,-0.1209073732210415,False,True,False,False,,,13.066232225190758,11.518035080086046,16.16262651540018,False,False,2026-07-27,2.0,True,186956.0,185051.4,1.0102922755515495,False,168336500.0,2.52,66.8001984126984,2.2471910112359383,3.595505617977531,-10.8323942971927,12.500000000000277,87.49999999999972,True,14.24,False,False,False,False,False,False
553,002024,ST易购,F 批发零售,腾讯前复权日K回退（成交额、换手率已提供）,False,2026-07-29,1.2,1.184,1.1975,True,True,False,True,1.27,-5.511811023622052,False,50.54383024122202,-0.008180471187980043,-0.009602575252222705,0.002844208128485324,True,False,True,False,,,18.396018859868672,16.766343427387117,21.65536972483178,False,False,2026-07-28,1.0,True,225805.0,145705.2,1.5497387876342092,False,26852900.0,0.24,111.88708333333334,1.6949152542372836,1.6949152542372898,0.2087682672233776,0.0,100.0,True,1.36,False,True,False,False,False,False
554,002025,航天电器,C 制造业,腾讯前复权日K回退（成交额、换手率已提供）,False,2026-07-29,61.08,64.494,73.8545,False,False,False,False,95.75,-36.2088772845953,False,38.178720017376854,-2.552139640945242,-0.9535757559563107,-3.197127769977863,False,True,False,False,,,19.895999887375552,27.20833597497379,5.27132771217908,False,False,,,False,148114.0,189651.2,0.7809810852765497,False,898504600.0000001,3.26,275.6149079754602,-0.8763388510223957,7.611165206101924,-17.2968471792511,21.108742004264414,59.27505330490401,False,95.75,False,False,False,False,False,False
555,002026,山东威达,C 制造业,腾讯前复权日K回退（成交额、换手率已提供）,False,2026-07-29,9.8,9.556000000000001,10.1125,True,False,False,True,11.62,-15.662650602409627,False,39.50027486653692,-0.5289568349948404,-0.570086718346825,0.08225976670396928,True,False,False,False,2026-07-28,1.0,12.34069719541545,9.116937318020952,18.788216950204443,False,False,2026-07-23,4.0,True,49949.0,41640.2,1.1995379465036191,False,48634000.0,1.13,43.038938053097354,2.2964509394572064,3.4446764091858046,-3.0902348578491963,12.12121212121186,87.87878787878815,True,13.53,False,False,False,False,True,False
556,002027,分众传媒,L 商务服务,腾讯前复权日K回退（成交额、换手率已提供）,False,2026-07-29,5.47,5.238,4.976,True,True,True,True,5.39,1.4842300556586285,True,68.26594129314842,0.08683004806911399,0.016923519014549516,0.13981305810912895,True,False,False,False,2026-07-02,19.0,37.5005632805999,31.449763883889318,49.60216207402107,False,False,,,False,2215001.0,1300461.2,1.7032426649868524,False,1208245800.0,1.53,789.7031372549019,2.242990654205612,2.9906542056074796,9.927652733118967,18.75000000000014,81.24999999999987,True,6.29,False,False,False,False,False,False
557,002028,思源电气,C 制造业,腾讯前复权日K回退（成交额、换手率已提供）,False,2026-07-29,165.66,164.504,159.576,True,True,True,True,179.1,-7.504187604690116,False,50.06551764230583,-3.775676308239298,-6.018740048566058,4.48612748065352,True,False,False,False,2026-07-22,5.0,20.605332796172238,17.5475764549374,26.72084547864192,False,False,2026-07-21,6.0,True,100236.0,128347.4,0.7809741373802664,False,1628627600.0,1.64,993.0656097560976,2.7157738095238138,4.830109126984122,3.8126033990073713,9.114249037227326,90.88575096277268,True,219.11,False,False,False,False,False,False
558,002029,七 匹 狼,C 制造业,腾讯前复权日K回退（成交额、换手率已提供）,False,2026-07-29,8.05,7.712000000000001,7.8925,True,True,False,True,9.08,-11.343612334801755,False,51.48155501132078,-0.1699942396521985,-0.22759187162953984,0.11519526395468266,True,False,False,False,2026-07-27,2.0,16.531395296930814,12.848539682357767,23.89710652607691,False,False,,,False,255964.0,213950.4,1.1963707476125307,False,205695400.0,3.85,53.42737662337662,2.287166454891998,3.9390088945362196,1.9955654101995648,32.25806451612886,67.74193548387113,False,11.8,False,True,False,False,False,True
559,002030,达安基因,C 制造业,腾讯前复权日K回退（成交额、换手率已提供）,False,2026-07-29,5.45,5.35,5.207,True,True,True,True,5.63,-3.197158081705146,False,54.22632576364827,-0.029242218845870305,-0.09083254639743557,0.12318065510313053,True,False,False,False,2026-07-03,18.0,18.9397456131129,16.65477835480162,23.509680129735457,False,False,2026-07-22,5.0,True,205369.0,238359.8,0.8615924329522009,False,111635500.0,1.46,76.46267123287672,0.36832412523020164,1.8416206261510064,4.666794699443064,50.0,50.0,False,7.79,False,True,False,False,True,False
560,002031,巨轮智能,C 制造业,腾讯前复权日K回退（成交额、换手率已提供）,False,2026-07-29,4.77,4.662,5.130000000000001,True,False,False,True,6.3,-24.285714285714292,False,40.93991869302862,-0.34200006453897114,-0.34266580184939216,0.0013314746208420436,True,False,True,False,,,7.105525824036249,6.0638536770008455,9.188870118107056,False,False,2026-07-27,2.0,True,659626.0,518525.8,1.272117992971613,False,313563600.0,3.45,90.888,2.3605150214592197,3.8626609442060027,-7.017543859649145,44.44444444444456,55.55555555555544,False,8.8,False,False,False,False,True,False
561,002032,苏 泊 尔,C 制造业,腾讯前复权日K回退（成交额、换手率已提供）,False,2026-07-29,42.74,42.812,43.293,False,False,False,False,46.85,-8.772678762006402,False,48.09042932561008,0.0679266858827745,0.20518782631104165,-0.2745222808565343,False,True,False,False,,,45.86974394634444,51.19607421617403,35.21708340668526,False,False,,,False,41088.0,27989.0,1.4680052877916325,False,176493100.0,0.51,346.0649019607843,3.0127741624487836,4.579416726922146,-1.2773427574896572,34.73684210526301,65.263157894737,False,47.76,False,True,False,False,False,False
562,002033,丽江股份,N 公共环保,腾讯前复权日K回退（成交额、换手率已提供）,False,2026-07-29,8.58,8.43,8.373999999999999,True,True,True,True,8.6,-0.23255813953487878,False,55.27128478256153,-0.015842242053908606,-0.051991288647240244,0.07229809318666328,True,False,False,False,2026-07-15,10.0,13.936297893499017,11.807518960862234,18.19385575877258,False,False,,,False,169430.0,133070.6,1.2732339074145604,False,145948300.0,3.08,47.38581168831169,1.0600706713780994,2.1201413427561806,2.459995223310262,50.0,50.0,False,9.38,False,False,False,False,True,False
563,002034,旺能环境,D 水电煤气,腾讯前复权日K回退（成交额、换手率已提供）,False,2026-07-29,14.2,14.056000000000001,14.2775,True,False,False,True,16.38,-13.30891330891331,False,41.35528692447729,-0.7048118427424868,-0.8741429744121885,0.3386622633394034,True,False,False,False,2026-07-16,9.0,5.211503328844216,4.507673708829353,6.619162568873943,False,False,2026-07-23,4.0,True,78209.0,69889.0,1.1190459156662709,False,110482300.0,1.52,72.68572368421053,1.646385110952031,2.4337866857551886,-0.5428121169672602,23.529411764705912,76.47058823529409,True,23.8,False,True,False,False,False,False
564,002035,华帝股份,C 制造业,腾讯前复权日K回退（成交额、换手率已提供）,False,2026-07-29,4.83,4.71,4.6865,True,True,True,True,5.01,-3.592814371257479,False,54.43486282658713,-0.0218695677920282,-0.04838995934974671,0.053040783115437015,True,False,False,False,2026-07-01,20.0,17.12780348281846,15.848979842832074,19.68545076279123,False,False,2026-07-28,1.0,True,84440.0,81130.2,1.0407961523575684,False,40709800.0,1.08,37.694259259259255,1.4705882352941346,2.5210084033613285,3.0619865571321974,16.66666666666642,83.33333333333358,True,5.85,False,False,False,False,False,False
566,002037,保利联合,C 制造业,腾讯前复权日K回退（成交额、换手率已提供）,False,2026-07-29,6.72,6.138,6.0685,True,True,True,True,6.52,3.06748466257669,True,61.32946684231909,-0.12718245886783652,-0.22852934189010118,0.20269376604452932,True,False,False,False,2026-07-02,19.0,15.826849623166488,10.13081383184636,27.218921205806744,False,False,2026-07-27,2.0,True,75235.0,65394.0,1.1504878123375233,False,49531899.99999999,1.55,31.956064516129025,9.983633387888702,10.147299509001638,10.735766663920236,0.0,100.0,True,8.85,False,False,False,False,False,True
567,002038,双鹭药业,C 制造业,腾讯前复权日K回退（成交额、换手率已提供）,False,2026-07-29,5.49,5.486,6.05,True,False,False,False,7.32,-25.0,False,44.31879031246596,-0.12066458345227637,-0.02559703202016331,-0.19013510286422614,False,True,False,False,,,15.953740903066537,18.23483927984201,11.391544149515589,False,False,,,False,307139.0,360376.6,0.8522723173480188,False,168644000.0,3.61,46.71578947368422,0.0,2.550091074681249,-9.256198347107432,42.85714285714304,42.85714285714304,False,7.32,False,False,False,False,False,False
568,002039,黔源电力,D 水电煤气,腾讯前复权日K回退（成交额、换手率已提供）,False,2026-07-29,19.9,19.64,19.633999999999997,True,True,True,True,20.75,-4.096385542168682,False,51.59631974268935,-0.08744064792806583,-0.13273032977083274,0.09057936368553382,True,False,False,False,2026-07-17,8.0,34.595811966652455,34.723490890421,34.340454119115364,False,False,,,False,106936.0,87720.8,1.2190495298720485,False,211080099.99999997,2.5,84.43203999999999,3.4841393655746122,4.004160166406654,1.354792706529499,12.98701298701318,87.01298701298683,True,23.29,False,False,False,False,False,False
569,002040,南 京 港,G 运输仓储,腾讯前复权日K回退（成交额、换手率已提供）,False,2026-07-29,8.09,7.976000000000001,7.755,True,True,True,True,8.02,0.872817955112223,True,54.568050068425684,-0.057959223423035944,-0.1490168524090293,0.1821152579719867,True,False,False,False,2026-07-06,17.0,19.43902994360374,16.727611334282276,24.86186716224666,False,False,,,False,62180.0,63669.8,0.9766011515663626,False,50197400.0,1.28,39.21671875,1.251564455569465,1.7521902377972316,4.319793681495809,21.428571428571157,78.57142857142885,True,10.88,False,False,False,False,False,False
570,002041,登海种业,A 农林牧渔,腾讯前复权日K回退（成交额、换手率已提供）,False,2026-07-29,8.53,8.459999999999999,8.315999999999999,True,True,True,True,8.67,-1.6147635524798218,False,53.80375733916478,0.003938867179718031,-0.03816041858972538,0.08419857153888682,True,False,False,False,2026-07-02,19.0,18.50932652519108,16.36747289867561,22.793033778222018,False,False,,,False,102643.0,130366.0,0.7873448598560975,False,87379100.0,1.17,74.68299145299146,1.1862396204033177,1.8979833926453162,2.5733525733525786,18.750000000000693,81.24999999999932,True,10.53,False,False,False,False,True,False
571,002042,华孚时尚,C 制造业,腾讯前复权日K回退（成交额、换手率已提供）,False,2026-07-29,3.68,3.6079999999999997,3.6365000000000003,True,True,False,True,3.86,-4.663212435233153,False,49.66079115520114,-0.05525627670415645,-0.07581161039101793,0.04111066737372296,True,False,False,False,2026-07-01,20.0,15.676230060403038,15.252771783584498,16.52314661404012,True,False,2026-07-29,0.0,True,283580.0,246323.0,1.1512526235877283,False,103477700.0,1.67,61.96269461077845,1.939058171745156,3.3240997229916927,1.1962051423071598,8.333333333333147,91.66666666666686,True,5.59,False,False,False,False,False,False
572,002043,兔 宝 宝,C 制造业,腾讯前复权日K回退（成交额、换手率已提供）,False,2026-07-29,13.73,12.698,11.836500000000001,True,True,True,True,12.96,5.941358024691355,True,69.69128513889723,0.2695025450780477,0.023973961377879018,0.4910571674003374,True,False,False,False,2026-07-03,18.0,40.981931134099646,32.141017157442,58.66375908741493,False,False,2026-07-15,10.0,True,221075.0,112531.4,1.9645627798107907,True,298468300.0,2.74,108.93003649635037,6.931464174454827,8.489096573208723,15.99712752925273,10.091743119266004,89.908256880734,True,16.08,False,False,False,False,False,False
573,002044,美年健康,Q 卫生,腾讯前复权日K回退（成交额、换手率已提供）,False,2026-07-29,4.55,4.452,4.5405,True,True,False,True,5.22,-12.835249042145595,False,45.578382441088976,-0.17055589478980515,-0.19980342964480471,0.058495069709999126,True,False,False,False,2026-07-17,8.0,9.067318269915447,8.263455652947238,10.675043503851864,True,False,2026-07-29,0.0,True,781733.0,686423.2,1.138849910667355,False,353270100.0,2.02,174.88618811881187,2.0179372197309364,2.690582959641258,0.20922805858385785,16.666666666667037,83.33333333333296,True,6.72,False,False,False,False,True,False
574,002045,国光电器,C 制造业,腾讯前复权日K回退（成交额、换手率已提供）,False,2026-07-29,8.48,7.712000000000001,7.724000000000001,True,True,False,True,8.82,-3.8548752834467104,False,57.81516951169976,-0.17965873871851734,-0.29247903443028206,0.22564059142352944,True,False,False,False,2026-07-01,20.0,12.84831418205841,9.137989727003223,20.268963092168782,True,False,,,False,222340.0,249905.2,0.889697373243934,False,185000300.0,3.96,46.717247474747474,9.987029831387817,9.597924773022052,9.787674779906775,0.0,100.0,True,11.76,False,False,False,False,False,True
575,002046,国机精工,C 制造业,腾讯前复权日K回退（成交额、换手率已提供）,False,2026-07-29,45.3,47.529999999999994,56.8375,False,False,False,False,75.92,-40.331928345626984,False,32.84799838908965,-4.518164285506238,-3.204580279981585,-2.6271680110493056,False,True,False,False,,,17.745919454499234,22.831773436156222,7.57421149118526,False,False,,,False,135268.0,142075.8,0.9520833245352129,False,606912600.0,2.55,238.0049411764706,-3.842071746975173,8.32095096582467,-20.299098306575765,13.265306122448873,46.428571428571416,False,76.95,False,False,False,False,False,False
576,002047,宝鹰股份,E 建筑业,腾讯前复权日K回退（成交额、换手率已提供）,False,2026-07-29,3.19,3.2079999999999997,3.6709999999999994,False,False,False,True,4.92,-35.16260162601626,False,28.213390794265607,-0.3608218303238995,-0.3480073813397713,-0.025628897968256292,False,True,False,False,,,10.630637044047104,9.327820603746277,13.236269924648756,False,False,2026-07-21,6.0,True,216790.0,218728.4,0.9911378677848875,False,68768900.0,1.43,48.090139860139864,-1.846153846153853,5.538461538461544,-13.10269681285752,11.11111111111111,44.44444444444444,False,5.88,False,False,False,False,False,False
577,002048,宁波华翔,C 制造业,腾讯前复权日K回退（成交额、换手率已提供）,False,2026-07-29,18.21,18.157999999999998,21.008499999999998,True,False,False,False,26.51,-31.30894002263297,False,32.20016506404491,-1.9148834429843866,-1.8016340078429873,-0.22649887028279858,False,True,False,False,,,5.392645948599472,5.227825486961531,5.722286871875353,False,False,2026-07-28,1.0,True,175645.0,182863.8,0.9605236246867888,False,320669700.0,2.48,129.30229838709676,-0.27382256297919794,2.957283680175242,-13.320798724325854,35.18518518518548,42.59259259259274,False,30.73,False,False,False,False,False,False
578,002049,紫光国微,C 制造业,腾讯前复权日K回退（成交额、换手率已提供）,False,2026-07-29,64.86,64.876,73.55350000000001,False,False,False,False,91.79,-29.338707920252755,False,36.832327505109916,-4.396239129713507,-3.391339553977746,-2.0097991514715225,False,True,False,False,,,16.025895554470335,18.141471423591526,11.79474381622795,False,False,,,False,219047.0,269051.2,0.8141461550812633,False,1400535200.0,2.6,538.6673846153845,1.629583202757745,3.8075838295205373,-11.819288001250808,9.465020576131824,90.53497942386818,True,91.79,False,False,False,False,False,False
579,002050,三花智控,C 制造业,腾讯前复权日K回退（成交额、换手率已提供）,False,2026-07-29,36.02,35.974000000000004,40.509,True,False,False,False,49.13,-26.684306940769385,False,36.24563689376686,-2.412022407778622,-2.023553741934775,-0.7769373316876935,False,True,False,False,,,5.122601523085322,6.326505667051014,2.714793235153939,False,False,,,False,578176.0,663630.8,0.8712314136113031,False,2065726000.0,1.57,1315.7490445859873,1.2366498032602813,3.541315345699826,-11.081488064380748,22.22222222222178,77.77777777777821,True,55.72,False,True,True,False,False,False
580,002051,中工国际,E 建筑业,腾讯前复权日K回退（成交额、换手率已提供）,False,2026-07-29,9.03,8.736,8.9615,True,True,False,True,11.64,-22.422680412371143,False,44.98011923714308,-0.6027578696940843,-0.7107748653926846,0.2160339913972007,True,False,False,False,2026-07-27,2.0,15.025058239207482,12.693146329790759,19.688882058040928,False,False,2026-07-27,2.0,True,388827.0,315851.2,1.2310448717623994,False,346151400.0,3.17,109.19602523659306,2.3809523809523725,3.968253968253984,0.7643809630084275,5.714285714286077,94.28571428571392,True,13.89,False,False,False,False,False,True
581,002052,同洲电子,C 制造业,腾讯前复权日K回退（成交额、换手率已提供）,False,2026-07-29,8.83,8.634,8.2365,True,True,True,True,9.27,-4.746494066882411,False,56.4437500819434,-0.024640211227136888,-0.16885158935596947,0.28842275625766517,True,False,False,False,2026-07-02,19.0,23.39816462459329,19.62444357182417,30.945606730131523,False,False,,,False,121462.0,128136.6,0.9479102770012626,False,105731400.0,1.76,60.07465909090909,0.68415051311288,5.131128848346648,7.205730589449409,15.55555555555558,84.44444444444443,True,12.23,False,True,False,True,False,False
582,002053,云南能投,D 水电煤气,腾讯前复权日K回退（成交额、换手率已提供）,False,2026-07-29,9.55,9.39,9.408,True,True,False,True,11.0,-13.181818181818175,False,48.63429513194807,-0.18046518176987192,-0.24537606306599263,0.12982176259224143,True,False,False,False,2026-07-01,20.0,17.57592467791329,17.430605822873734,17.866562387992396,True,False,2026-07-29,0.0,True,91717.0,92916.6,0.9870894974633165,False,86789300.0,1.0,86.7893,2.3579849946409492,3.0010718113611934,1.5093537414966118,10.71428571428551,89.28571428571449,True,12.86,False,True,False,False,True,False
583,002054,德美化工,C 制造业,腾讯前复权日K回退（成交额、换手率已提供）,False,2026-07-29,6.9,6.636,6.7715000000000005,True,True,False,True,7.18,-3.8997214484679574,False,50.11692277577322,-0.17072904512878218,-0.20436403985411,0.06726998945065565,True,False,False,False,2026-07-09,14.0,10.388774714497659,7.800049282968367,15.566225577556244,False,False,2026-07-28,1.0,True,178567.0,110717.6,1.6128149454106664,False,121195700.0,4.65,26.06359139784946,5.022831050228316,4.261796042617965,1.8976593073912695,0.0,100.0,True,8.93,False,True,False,False,False,False
584,002055,ST得润,C 制造业,腾讯前复权日K回退（成交额、换手率已提供）,False,2026-07-29,5.3,5.308,6.0225,False,False,False,True,7.23,-26.694329183955745,False,35.93453371348659,-0.3256217690596781,-0.24600970040182465,-0.1592241373157069,False,True,False,False,,,14.918549232787463,16.19887399967753,12.357899699007326,False,False,,,False,136741.0,107257.0,1.274891149295617,False,72075900.0,2.3,31.33734782608696,-0.375939849624074,3.1954887218045096,-11.996679119966794,0.0,64.70588235294088,False,8.31,False,False,False,False,False,False
585,002056,横店东磁,C 制造业,腾讯前复权日K回退（成交额、换手率已提供）,False,2026-07-29,20.88,21.377999999999997,25.3755,False,False,False,False,33.73,-38.096649866587605,False,36.47265158117967,-1.6192436944220887,-1.0232048905866933,-1.1920776076707909,False,True,False,False,,,25.78647242706884,29.96360753523678,17.43220221073296,False,False,,,False,291404.0,311937.0,0.9341758111413523,False,601054500.0,1.79,335.7846368715084,-0.23889154323937234,4.682274247491641,-17.715907075722644,24.48979591836754,70.40816326530586,True,33.73,False,True,False,False,False,False
586,002057,中钢天源,C 制造业,腾讯前复权日K回退（成交额、换手率已提供）,False,2026-07-29,7.99,7.830000000000001,9.1025,True,False,False,True,13.37,-40.23934181002243,False,36.6931434544801,-0.8742251789891071,-0.808828529959054,-0.1307932980601063,False,True,False,False,,,6.71671238743221,6.2991093041497,7.551918553997231,True,False,2026-07-29,0.0,True,237448.0,242233.6,0.9802438637744723,False,187439000.0,3.15,59.504444444444445,2.5673940949935803,3.7227214377406823,-12.221917055753902,13.793103448275609,86.20689655172438,True,13.45,False,True,False,False,True,False
587,002058,威尔泰,C 制造业,腾讯前复权日K回退（成交额、换手率已提供）,False,2026-07-29,15.5,15.315999999999999,17.0385,True,False,False,True,21.2,-26.88679245283019,False,33.237382620912925,-1.6660796263323476,-1.7348663095458263,0.1375733664269574,True,False,False,False,2026-07-28,1.0,8.815553349134921,7.617233260735077,11.212193525934609,False,False,2026-07-21,6.0,True,20641.0,19639.4,1.0509995213703065,False,31621800.0,1.44,21.959583333333335,1.4397905759162333,3.9267015706806263,-9.029550723361792,13.333333333333353,86.66666666666664,True,28.52,False,False,False,False,False,False
588,002059,云南旅游,N 公共环保,腾讯前复权日K回退（成交额、换手率已提供）,False,2026-07-29,4.35,4.287999999999999,4.29,True,True,False,True,4.45,-2.2471910112359668,False,51.90579878203578,-0.025334054266450856,-0.04110845287675788,0.031548797220614044,True,False,False,False,2026-07-02,19.0,21.135455966145575,19.48164346825874,24.44308096191925,False,False,,,False,96512.0,71083.6,1.3577252699638171,False,42187100.0,0.98,43.04806122448979,0.6944444444444198,2.3148148148148064,1.3986013986013894,70.00000000000053,29.999999999999467,False,4.96,False,False,False,False,True,False
589,002060,广东建工,E 建筑业,腾讯前复权日K回退（成交额、换手率已提供）,False,2026-07-29,3.29,3.2399999999999998,3.1935,True,True,True,True,3.31,-0.6042296072507558,False,56.25399701396442,0.00045191620511575437,-0.01694284133398897,0.034789515078209446,True,False,False,False,2026-07-06,17.0,26.038693376487547,23.50931546937368,31.097449190715288,False,False,,,False,189631.0,154378.4,1.2283518937882503,False,62280700.0,1.21,51.47165289256199,1.5432098765431945,2.469135802469138,3.021762956004392,25.0,75.0,True,3.74,False,False,False,False,False,False
590,002061,浙江交科,E 建筑业,腾讯前复权日K回退（成交额、换手率已提供）,False,2026-07-29,3.63,3.55,3.5519999999999996,True,True,False,True,3.67,-1.0899182561307912,False,57.91364926569959,0.010697171437429098,0.006533384680095646,0.008327573514666904,True,False,True,False,,,40.429949970309046,35.80102996814651,49.687789974634114,False,False,,,False,220526.0,159835.0,1.37971032627397,False,79269000.0,0.85,93.25764705882352,3.125,3.4090909090909123,2.1959459459459545,0.0,100.0,True,3.83,False,True,False,False,True,False
591,002062,宏润建设,E 建筑业,腾讯前复权日K回退（成交额、换手率已提供）,False,2026-07-29,7.49,7.362,7.294,True,True,True,True,8.14,-7.985257985257989,False,51.04865613001648,-0.11878091912015165,-0.1881222820070972,0.13868272577389112,True,False,False,False,2026-07-15,10.0,21.189945846593474,18.957302663289095,25.655232213202233,False,False,2026-07-23,4.0,True,115301.0,164202.0,0.7021899855056577,False,85509599.99999999,1.03,83.01902912621357,2.602739726027403,3.835616438356168,2.6871401151631567,14.285714285714285,85.71428571428571,True,10.48,False,False,False,False,True,False
592,002063,远光软件,I 信息技术,腾讯前复权日K回退（成交额、换手率已提供）,False,2026-07-29,5.42,5.318,5.2490000000000006,True,True,True,True,5.62,-3.5587188612099676,False,53.8815902896807,-0.010611051197858323,-0.0457725861373663,0.07032306987901596,True,False,False,False,2026-07-01,20.0,18.49422951730023,17.294999971842604,20.892688608215487,False,False,2026-07-28,1.0,True,280914.0,287277.8,0.977847922811996,False,151435500.0,1.59,95.24245283018867,1.3084112149532867,2.24299065420561,3.257763383501607,8.333333333333147,91.66666666666686,True,6.7,False,False,False,False,False,False
593,002064,华峰化学,C 制造业,腾讯前复权日K回退（成交额、换手率已提供）,False,2026-07-29,11.22,11.014,10.501,True,True,True,True,11.4,-1.5789473684210502,False,58.39761874967882,0.1829052052060618,0.07855066859909213,0.20870907321393933,True,False,False,False,2026-07-21,6.0,62.87818829946833,56.23779702643123,76.15897084554253,False,False,,,False,366443.0,474802.0,0.771780658042721,False,408254100.00000006,0.74,551.6947297297298,2.1857923497267784,4.73588342440801,6.846966955528057,23.076923076922945,76.92307692307705,True,12.05,False,False,False,False,False,False
594,002065,东华软件,I 信息技术,腾讯前复权日K回退（成交额、换手率已提供）,False,2026-07-29,6.92,6.8199999999999985,6.919,True,True,False,False,7.31,-5.335157318741446,False,47.46758568667464,-0.10647446998078625,-0.12154760555444884,0.030146271147325182,True,False,False,False,2026-07-08,15.0,13.431908428118845,11.291645782705217,17.7124337189461,False,False,2026-07-28,1.0,True,407518.0,427788.0,0.9526167166914453,False,281282400.0,1.4,200.916,1.1695906432748648,2.3391812865497097,0.014452955629431045,25.0,75.0,True,8.98,False,False,False,False,False,False
595,002066,瑞泰科技,C 制造业,腾讯前复权日K回退（成交额、换手率已提供）,False,2026-07-29,20.56,20.434,20.352,True,True,True,True,22.35,-8.00894854586131,False,48.13129337113682,-0.4228400622608923,-0.6031860471196231,0.36069196971746154,True,False,False,False,2026-07-22,5.0,26.399994276807046,24.582200298843457,30.03558223273422,False,False,,,False,33761.0,36067.8,0.936042675183959,False,69376300.0,1.46,47.51801369863014,-1.4853857211308163,4.216578821274569,1.0220125786163443,9.090909090909275,30.681818181818045,False,28.23,False,False,False,False,True,False
596,002067,景兴纸业,C 制造业,腾讯前复权日K回退（成交额、换手率已提供）,False,2026-07-29,4.28,4.224,4.0385,True,True,True,True,4.4,-2.7272727272727297,False,56.341623329282626,0.011519912731829507,-0.05226307584781618,0.12756597715929135,True,False,False,False,2026-07-03,18.0,30.030068064572504,26.389174133961433,37.311855925794646,False,False,,,False,500156.0,713257.0,0.7012283090106372,False,213316600.0,3.74,57.036524064171125,0.7058823529411784,1.8823529411764721,5.979943048161453,24.999999999999446,75.00000000000055,True,5.73,False,True,False,False,True,False
597,002068,黑猫股份,C 制造业,腾讯前复权日K回退（成交额、换手率已提供）,False,2026-07-29,7.36,7.465999999999999,9.7225,False,False,False,False,15.99,-53.97123202001251,False,31.735960634069485,-1.187324698518271,-0.9269781924997897,-0.5206930120369626,False,True,False,False,,,8.297888173660334,9.78932453733058,5.315015446319844,False,False,,,False,271915.0,290211.8,0.9369536317958126,False,198177700.0,3.7,53.56154054054054,-0.5405405405405461,4.4594594594594605,-24.29930573412188,27.272727272727227,72.72727272727278,True,15.99,False,True,False,False,True,False
598,002069,獐子岛,A 农林牧渔,腾讯前复权日K回退（成交额、换手率已提供）,False,2026-07-29,3.11,3.05,3.085,True,True,False,True,3.33,-6.606606606606611,False,49.704894136310976,-0.03889330283951953,-0.04837671039027602,0.01896681510151299,True,False,False,False,2026-07-02,19.0,16.9955794053914,15.155621127424702,20.6754959613248,False,False,2026-07-28,1.0,True,90888.0,99972.0,0.9091345576761494,False,28316700.0,1.28,22.122421875,1.6339869281045694,2.6143790849673225,0.8103727714748756,50.0,50.0,False,3.93,False,False,False,False,True,False
599,002072,凯瑞德,F 批发零售,腾讯前复权日K回退（成交额、换手率已提供）,False,2026-07-29,6.69,6.812,7.322,False,False,False,True,10.6,-36.88679245283018,False,40.86901210376785,-0.4179593071371066,-0.4019919668516571,-0.03193468057089899,False,True,False,False,,,15.973506218694068,15.034531636724942,17.851455382632317,False,False,2026-07-23,4.0,True,58357.0,93454.6,0.6244422425434382,False,39193300.0,1.59,24.649874213836476,-2.0497803806734938,3.513909224011716,-8.631521442228895,16.666666666666664,25.000000000000185,False,10.6,False,True,False,False,True,False
600,002073,软控股份,C 制造业,腾讯前复权日K回退（成交额、换手率已提供）,False,2026-07-29,5.65,5.4879999999999995,5.364,True,True,True,True,5.58,1.2544802867383564,True,59.59575405031349,0.007604409627964159,-0.04193737058777713,0.09908356043148257,True,False,False,False,,,19.43242683576291,17.21909643254393,23.85908764220087,False,False,,,False,182660.0,143268.8,1.2749461152742259,False,102514000.0,1.8,56.952222222222225,2.7272727272727337,2.9090909090909114,5.331841909023126,12.499999999999723,87.50000000000028,True,6.89,False,False,False,False,False,False
601,002074,国轩高科,C 制造业,腾讯前复权日K回退（成交额、换手率已提供）,False,2026-07-29,28.29,27.574,26.660000000000004,True,True,True,True,29.09,-2.7500859401856332,False,53.52825722672765,-0.3361169000353321,-0.7193751028097138,0.7665164055487634,True,False,False,False,2026-07-15,10.0,20.06177423409056,18.56233705814816,23.060648585975358,False,False,2026-07-15,10.0,True,460505.0,321609.4,1.4318766802214113,False,1285286600.0,2.65,485.0138113207547,4.622781065088755,6.47189349112426,6.114028507126764,9.714285714285811,90.28571428571419,True,39.29,False,False,False,False,True,False
602,002075,沙钢股份,C 制造业,腾讯前复权日K回退（成交额、换手率已提供）,False,2026-07-29,3.63,3.508,3.4435000000000002,True,True,True,True,3.57,1.6806722689075646,True,56.4116709580068,-0.02848013036973418,-0.06385468710398917,0.07074911346850998,True,False,False,False,2026-07-01,20.0,15.040200198782088,12.144508931743735,20.831582732858795,False,False,,,False,460518.0,276531.0,1.6653395098560377,False,166334500.0,2.1,79.20690476190475,3.418803418803429,4.558404558404563,5.416001161608818,18.75000000000014,81.24999999999987,True,4.8,False,False,False,False,False,False
603,002076,星光股份,C 制造业,腾讯前复权日K回退（成交额、换手率已提供）,False,2026-07-29,1.93,1.8699999999999999,2.0305,True,False,False,True,2.53,-23.715415019762844,False,40.83540405213265,-0.1363616096242719,-0.1402565628582493,0.007789906467954799,True,False,True,False,,,13.004045984662392,10.992584063672334,17.02696982664251,False,False,2026-07-28,1.0,True,266897.0,282176.2,0.9458522724453727,False,51197100.0,2.56,19.9988671875,1.5789473684210575,3.157894736842108,-4.94951982270377,33.33333333333333,66.66666666666666,False,2.83,False,False,False,False,True,False
604,002077,大港股份,C 制造业,腾讯前复权日K回退（成交额、换手率已提供）,False,2026-07-29,11.61,11.866,15.342500000000001,False,False,False,False,20.3,-42.80788177339902,False,27.359601331098816,-1.6845957989827038,-1.2517594473409637,-0.8656727032834803,False,True,False,False,,,10.683831283565489,13.673179748511886,4.705134353672694,False,False,,,False,357392.0,387596.6,0.9220720718396395,False,409420700.0,6.16,66.46439935064934,-1.0230179028133057,5.029838022165387,-24.327847482483307,13.559322033898322,71.18644067796612,True,20.3,False,False,False,False,False,False
605,002078,太阳纸业,C 制造业,腾讯前复权日K回退（成交额、换手率已提供）,False,2026-07-29,14.52,14.382,13.597500000000002,True,True,True,False,15.07,-3.649635036496355,False,66.08966474969014,0.42450858989401574,0.3174988964789946,0.2140193868300423,True,False,False,False,2026-07-02,19.0,66.98652711156001,58.696981682947104,83.56561796878582,False,False,,,False,243678.0,183584.8,1.3273321102836402,False,355567500.0,0.88,404.05397727272725,0.48442906574395206,2.6989619377162546,6.7843353557639094,64.1025641025643,35.8974358974357,False,15.07,False,False,False,False,True,False
606,002079,苏州固锝,C 制造业,腾讯前复权日K回退（成交额、换手率已提供）,False,2026-07-29,9.01,8.856,11.1425,True,False,False,True,15.2,-40.723684210526315,False,32.8121258520316,-1.2068537596814064,-0.9807917006259851,-0.45212411811084263,False,True,False,False,,,13.63273847215366,14.898613419528656,11.100988577403665,False,False,,,False,481908.0,448460.4,1.0745831738989662,False,425581300.0,5.94,71.6466835016835,1.122334455667784,6.060606060606051,-19.13843392416424,20.370370370370296,79.6296296296297,True,15.2,False,False,False,False,True,False
607,002080,中材科技,C 制造业,腾讯前复权日K回退（成交额、换手率已提供）,False,2026-07-29,43.62,47.926,62.6755,False,False,False,False,94.2,-53.69426751592356,False,32.33195476968412,-7.660310041976793,-5.487836360646448,-4.3449473626606885,False,True,False,False,,,15.25672789611915,20.469445541456192,4.831292605445064,False,False,,,False,758999.0,429828.8,1.7658169950454694,False,3345345100.0,4.52,740.1205973451328,-6.6951871657754065,9.561497326203206,-30.403427176488425,16.554809843400335,31.319910514541366,False,102.22,False,False,False,False,False,True
608,002081,金 螳 螂,E 建筑业,腾讯前复权日K回退（成交额、换手率已提供）,False,2026-07-29,3.73,3.662,3.8474999999999993,True,False,False,True,4.57,-18.380743982494536,False,39.98037359838561,-0.30547203128322664,-0.3543453996805378,0.09774673679462231,True,False,False,False,2026-07-23,4.0,11.8479056808443,11.629131893848447,12.28545325483601,True,False,2026-07-29,0.0,True,1016858.0,811674.0,1.2527911452134723,False,375284800.00000006,3.85,97.47657142857145,1.91256830601092,4.918032786885238,-3.0539311241065445,27.77777777777772,72.22222222222227,True,8.47,False,True,False,False,False,False
609,002082,ST万邦,C 制造业,腾讯前复权日K回退（成交额、换手率已提供）,False,2026-07-29,10.18,9.464,10.994,True,False,False,True,13.33,-23.630907726931735,False,40.23798763185825,-0.9985124559583145,-1.023494009021052,0.049963106125475054,True,False,True,False,,,4.001688607432632,3.038426811311199,5.928212199675498,False,False,2026-07-28,1.0,True,245666.0,180822.0,1.3586068066938757,False,258514100.0,4.33,59.703025404157046,1.495513459621134,8.27517447657029,-7.404038566490814,86.7469879518073,3.614457831325224,False,29.85,False,True,True,False,False,True
610,002083,孚日股份,C 制造业,腾讯前复权日K回退（成交额、换手率已提供）,False,2026-07-29,11.88,11.334,10.1765,True,True,True,True,12.67,-6.235201262825566,False,60.37670485672088,0.2883885749092254,0.060748863756906336,0.4552794223046382,True,False,False,False,2026-07-23,4.0,47.471339105282084,39.19839070854042,64.0172358987654,False,False,,,False,1210541.0,1119202.4,1.0816104397202866,False,1362780600.0,12.79,106.55047693510555,10.000000000000009,11.851851851851862,16.739546995528915,0.0,100.0,True,12.71,False,False,False,False,False,True
611,002084,海鸥住工,C 制造业,腾讯前复权日K回退（成交额、换手率已提供）,False,2026-07-29,3.44,3.346,3.5284999999999997,True,False,False,True,3.93,-12.468193384223923,False,48.61980918250952,-0.05443925836841057,-0.0313749811113794,-0.04612855451406234,False,True,False,False,,,29.8427893094682,27.487095054106337,34.55417782019192,True,False,,,False,150935.0,144368.8,1.0454821263320053,False,51798000.0,2.34,22.135897435897437,2.3809523809523725,3.8690476190476155,-2.5081479382173675,53.84615384615377,46.15384615384623,False,3.93,False,False,False,False,True,False
612,002085,万丰奥威,C 制造业,腾讯前复权日K回退（成交额、换手率已提供）,False,2026-07-29,10.35,10.166,10.369,True,False,False,True,11.72,-11.68941979522185,False,43.76886945986808,-0.4404931797989402,-0.5272352045162171,0.17348404943455376,True,False,False,False,2026-07-22,5.0,8.122061332895655,6.741784538735554,10.882614921215856,False,False,2026-07-21,6.0,True,317354.0,207716.4,1.527823513213208,False,325971900.0,1.49,218.77308724832216,2.678571428571419,3.174603174603177,-0.1832384993731327,15.625000000000208,84.37499999999979,True,14.47,False,False,False,False,True,False
613,002086,东方海洋,A 农林牧渔,腾讯前复权日K回退（成交额、换手率已提供）,False,2026-07-29,1.8,1.752,1.7449999999999999,True,True,True,True,1.83,-1.6393442622950833,False,54.88869936522602,-0.0080565645385402,-0.018344128657912545,0.02057512823874469,True,False,False,False,2026-07-02,19.0,22.065270946550566,17.770384467832457,30.65504390398678,False,False,2026-07-27,2.0,True,297647.0,322934.8,0.9216937908209335,False,53442600.0,1.88,28.426914893617024,1.6949152542372836,2.25988700564972,3.1518624641833908,25.0,75.0,True,2.1,False,False,False,False,False,False
614,002088,鲁阳节能,C 制造业,腾讯前复权日K回退（成交额、换手率已提供）,False,2026-07-29,7.21,7.159999999999999,7.408500000000001,True,False,False,True,8.05,-10.43478260869566,False,43.273693689173975,-0.27807933085229575,-0.29169149606616673,0.027224330427741972,True,False,True,False,,,7.461226321932692,6.628388921991541,9.126901121814994,True,False,2026-07-29,0.0,True,48793.0,54973.4,0.8875747179545016,False,35006400.0,0.96,36.465,2.853067047075619,2.567760342368054,-2.679354795167726,11.11111111111133,88.88888888888867,True,9.86,False,False,False,False,False,False
615,002090,金智科技,C 制造业,腾讯前复权日K回退（成交额、换手率已提供）,False,2026-07-29,9.26,8.802,8.8895,True,True,False,True,9.74,-4.928131416837787,False,53.81111723396211,-0.17883522639467309,-0.2544883853454377,0.15130631790152926,True,False,False,False,2026-07-27,2.0,20.334191657828296,14.562902813943671,31.87676934559754,False,False,2026-07-23,4.0,True,112843.0,66136.0,1.7062265634450224,False,102660800.0,2.83,36.27590106007067,4.3968432919955,5.749718151071024,4.167838461105798,11.764705882353043,88.23529411764696,True,11.7,False,False,False,False,False,False
616,002091,江苏国泰,F 批发零售,腾讯前复权日K回退（成交额、换手率已提供）,False,2026-07-29,7.74,7.575999999999999,7.456,True,True,True,True,7.74,0.0,False,56.734619181222534,-0.024512610976799465,-0.0836471970714053,0.11826917218921168,True,False,False,False,2026-07-02,19.0,20.42022753523332,18.107136437888446,25.046409729923063,False,False,2026-07-15,10.0,True,177048.0,106601.2,1.6608443432156486,False,136586600.0,1.1,124.16963636363636,2.652519893899208,3.5809018567639197,3.809012875536478,22.22222222222211,77.77777777777789,True,9.5,False,False,False,True,False,False
617,002092,中泰化学,C 制造业,腾讯前复权日K回退（成交额、换手率已提供）,False,2026-07-29,4.44,4.409999999999999,4.1659999999999995,True,True,True,True,4.58,-3.056768558951958,False,56.49945660877089,0.021487873188299034,-0.0432571647465202,0.12949007586963845,True,False,False,False,,,15.727459760672446,13.680534555210826,19.821310171595684,False,False,,,False,621134.0,758483.4,0.8189157468706632,False,274252800.0,2.41,113.79784232365145,2.3041474654378113,3.6866359447004644,6.577052328372562,25.0,75.0,True,6.99,False,False,False,False,False,False
618,002093,国脉科技,I 信息技术,腾讯前复权日K回退（成交额、换手率已提供）,False,2026-07-29,6.76,6.531999999999999,6.3885,True,True,True,True,6.67,1.349325337331332,True,55.08738958164421,-0.07324801120542368,-0.16013676456872317,0.17377750672659897,True,False,False,False,2026-07-01,20.0,12.939833180667165,10.198358701949758,18.42278213810198,False,False,2026-07-15,10.0,True,174568.0,163038.0,1.0707197095155732,False,117725300.0,1.73,68.0493063583815,1.9607843137254832,1.659125188536958,5.815136573530565,27.27272727272742,72.72727272727259,True,8.8,False,False,False,False,False,False
619,002094,青岛金王,C 制造业,腾讯前复权日K回退（成交额、换手率已提供）,False,2026-07-29,4.56,4.372,4.3635,True,True,True,True,4.58,-0.4366812227074336,False,53.30291157721093,-0.09646587471187207,-0.14756429366348758,0.10219683790323103,True,False,False,False,2026-07-02,19.0,8.826881590687838,6.20071880880429,14.079207154454933,False,False,2026-07-27,2.0,True,248115.0,204289.4,1.2145270386030798,False,112715800.0,3.59,31.39715877437326,3.4013605442176686,4.081632653061218,4.503265727053958,22.22222222222228,77.77777777777773,True,6.42,False,False,False,False,False,False
620,002095,生 意 宝,I 信息技术,腾讯前复权日K回退（成交额、换手率已提供）,False,2026-07-29,13.6,13.294,13.117499999999998,True,True,True,True,13.8,-1.4492753623188481,False,53.91516757920978,-0.06174307081968777,-0.15975349350700851,0.19602084537464148,True,False,False,False,2026-07-01,20.0,14.590108313837677,12.45463322561801,18.86105849027701,False,False,2026-07-28,1.0,True,24760.0,25265.8,0.9799808436700995,False,33654200.0,0.98,34.34102040816327,0.8154188287620379,2.1497405485544787,3.678292357537654,34.48275862068964,65.51724137931036,False,16.8,False,False,False,False,False,False
621,002096,易普力,C 制造业,腾讯前复权日K回退（成交额、换手率已提供）,False,2026-07-29,9.38,9.182,8.858500000000001,True,True,True,True,9.34,0.42826552462527756,True,56.80193212238717,-0.023320192430004383,-0.1339801418430218,0.2213198988260348,True,False,False,False,2026-07-03,18.0,18.02909972410802,15.0061466061089,24.075005960106253,False,False,2026-07-15,10.0,True,113295.0,65698.2,1.7244764696749684,False,106260000.0,0.91,116.76923076923076,2.5136612021857907,3.93442622950819,5.887001185302247,30.555555555555447,69.44444444444456,False,12.19,False,False,False,False,False,False
622,002097,山河智能,C 制造业,腾讯前复权日K回退（成交额、换手率已提供）,False,2026-07-29,7.15,6.9719999999999995,6.993,True,True,False,True,7.53,-5.046480743691897,False,47.69472798868221,-0.23273707455518355,-0.3165374924926886,0.16760083587501007,True,False,False,False,2026-07-10,13.0,9.674083513346863,7.185522843300842,14.651204853438903,False,False,2026-07-21,6.0,True,219237.0,186546.6,1.1752398596382887,False,156071100.0,2.04,76.50544117647058,2.4355300859598916,2.5787965616045803,2.2451022451022453,11.11111111111089,88.88888888888911,True,10.44,False,False,False,False,False,False
623,002098,浔兴股份,C 制造业,腾讯前复权日K回退（成交额、换手率已提供）,False,2026-07-29,6.56,6.366,6.4395,True,True,False,True,6.81,-3.671071953010279,False,50.30563220002065,-0.1285347298992896,-0.1706452608375122,0.08422106187644518,True,False,False,False,2026-07-01,20.0,9.791241022153761,7.823646510145214,13.726430046170853,False,False,2026-07-28,1.0,True,30509.0,31960.2,0.9545935256975864,False,20001100.0,0.85,23.530705882352944,1.8633540372670732,3.105590062111804,1.8712632968398142,30.00000000000022,69.99999999999977,False,8.75,False,False,False,False,False,False
624,002099,海翔药业,C 制造业,腾讯前复权日K回退（成交额、换手率已提供）,False,2026-07-29,5.47,5.208,5.211,True,True,False,True,5.6,-2.32142857142857,False,56.991931843107245,-0.050182042574636654,-0.08947237506115108,0.07858066497302885,True,False,False,False,2026-07-27,2.0,13.790470172026545,10.407113656236552,20.55718320360653,False,False,2026-07-27,2.0,True,307644.0,185921.6,1.6546974638772471,False,166324700.0,1.9,87.53931578947369,4.789272030651337,6.704980842911872,4.970255229322576,22.8571428571429,77.1428571428571,True,6.55,False,False,False,False,False,False
625,002100,天康生物,C 制造业,腾讯前复权日K回退（成交额、换手率已提供）,False,2026-07-29,7.03,7.026000000000001,6.8075,True,True,True,False,7.36,-4.483695652173914,False,57.44042589229053,0.1600477138916716,0.13828982837371473,0.04351577103591375,True,False,False,False,,,50.50202565978037,50.07977144158169,51.346534096177734,False,False,,,False,150478.0,210900.0,0.7135040303461356,False,105287300.0,1.1,95.71572727272726,0.7163323782234832,1.7191977077363911,3.268453911127435,8.333333333333147,91.66666666666686,True,8.1,False,False,False,False,False,False
626,002101,广东鸿图,C 制造业,腾讯前复权日K回退（成交额、换手率已提供）,False,2026-07-29,8.76,8.532,8.889,True,False,False,True,9.45,-7.301587301587296,False,48.509831801796246,-0.09502375878928326,-0.0468905393605209,-0.09626643885752473,False,True,False,False,,,22.077591287553037,21.94153029145178,22.349713279755555,True,False,,,False,64235.0,64967.8,0.9887205661881732,False,56276200.0,0.97,58.01670103092784,2.3364485981308247,3.5046728971962695,-1.4512318596017502,20.000000000000117,79.99999999999989,True,9.88,False,False,False,False,False,False
627,002102,ST能特,C 制造业,腾讯前复权日K回退（成交额、换手率已提供）,False,2026-07-29,2.31,2.3280000000000003,2.3760000000000003,False,False,False,True,2.61,-11.494252873563212,False,47.46371662880712,0.0006942216942404933,0.011875193588456795,-0.022361943788432603,False,True,False,False,,,18.460221058677526,18.462179264574168,18.45630464688424,False,False,,,False,105428.0,124248.8,0.8485232855367617,False,24111900.0,0.49,49.207959183673466,0.0,1.731601731601733,-2.7777777777777892,0.0,100.0,True,2.7,False,True,False,False,True,False
628,002103,广博股份,C 制造业,腾讯前复权日K回退（成交额、换手率已提供）,False,2026-07-29,6.34,6.124,6.0685,True,True,True,True,6.41,-1.0920436817472743,False,55.095164773317755,-0.05778908433705521,-0.11652944418842566,0.1174807197027409,True,False,False,False,2026-07-01,20.0,16.42288403824912,13.833686134333497,21.60127984608036,False,False,2026-07-28,1.0,True,86293.0,64712.4,1.333484772624721,False,54514000.0,2.22,24.555855855855857,2.4232633279482885,3.2310177705977265,4.473922715662844,25.0,75.0,True,8.39,False,False,False,False,False,False
629,002104,恒宝股份,C 制造业,腾讯前复权日K回退（成交额、换手率已提供）,False,2026-07-29,10.08,9.628,9.680499999999999,True,True,False,True,10.9,-7.522935779816516,False,50.35319050481584,-0.36599841145790357,-0.5206916464644749,0.30938647001314257,True,False,False,False,2026-07-21,6.0,10.176563672122805,6.776450170646679,16.97679067507506,False,False,2026-07-27,2.0,True,440033.0,389062.0,1.1310099675630105,False,440438300.0,7.34,60.00521798365123,0.9009009009008917,4.104104104104105,4.126852951810356,26.82926829268278,73.17073170731722,True,15.62,False,False,False,False,False,False
630,002105,信隆健康,C 制造业,腾讯前复权日K回退（成交额、换手率已提供）,False,2026-07-29,5.25,5.018,5.022,True,True,False,True,5.46,-3.846153846153846,False,53.47132156444856,-0.08992753295809042,-0.14008510187478568,0.10031513783339052,True,False,False,False,2026-07-02,19.0,20.08426706299787,14.768079102078909,30.716642984835797,False,False,2026-07-27,2.0,True,79446.0,83970.2,0.9461213621022696,False,41412600.0,2.18,18.996605504587155,2.941176470588247,4.313725490196074,4.5400238948626,22.72727272727267,77.27272727272732,True,6.86,False,False,False,False,False,False
631,002106,莱宝高科,C 制造业,腾讯前复权日K回退（成交额、换手率已提供）,False,2026-07-29,9.81,9.596,11.0655,True,False,False,True,18.35,-46.53950953678474,False,39.13178694029837,-1.0282948539271821,-0.9142683231436202,-0.2280530615671239,False,True,False,False,,,6.906401705178189,6.924834399923152,6.869536315688263,False,False,,,False,213899.0,205848.6,1.0391083543925002,False,205780600.0,3.03,67.9143894389439,2.9380902413431498,5.246589716684156,-11.346075640504266,3.9999999999999147,96.00000000000009,True,18.35,False,True,True,False,False,False
632,002107,沃华医药,C 制造业,腾讯前复权日K回退（成交额、换手率已提供）,False,2026-07-29,6.04,5.978,6.254,True,False,False,True,6.96,-13.218390804597698,False,46.86577875034646,-0.07327201673343797,-0.03875793347328448,-0.06902816652030698,False,True,False,False,,,17.94287963326697,19.45826104065878,14.912116818483348,False,False,,,False,90628.0,110632.2,0.8191828418850932,False,54683200.0,1.59,34.39194968553459,1.342281879194629,2.1812080536912735,-3.421810041573386,38.46153846153836,61.53846153846164,False,7.6,False,True,False,False,True,False
633,002108,沧州明珠,C 制造业,腾讯前复权日K回退（成交额、换手率已提供）,False,2026-07-29,4.33,4.247999999999999,4.1795,True,True,True,True,4.42,-2.036199095022621,False,50.832322099581106,-0.06944782375045033,-0.11327093636483482,0.08764622522876897,True,False,False,False,2026-07-14,11.0,14.08739602347095,12.624640419914877,17.012907230583092,False,False,2026-07-27,2.0,True,242730.0,207416.2,1.1702557466581684,False,104159900.0,1.47,70.85707482993197,1.6431924882629234,2.5821596244131535,3.600909199665034,0.0,100.0,True,6.39,False,False,False,False,False,False
634,002109,ST兴化,C 制造业,腾讯前复权日K回退（成交额、换手率已提供）,False,2026-07-29,2.56,2.5279999999999996,2.5805000000000002,True,False,False,True,2.86,-10.489510489510485,False,47.16594441903,-0.05200446382293311,-0.06633970556647811,0.028670483487090004,True,False,False,False,,,8.609177951759536,8.088189233963483,9.651155387351643,False,False,2026-07-28,1.0,True,70040.0,48833.4,1.434264253564159,False,17888200.0,0.55,32.523999999999994,0.7874015748031482,2.7559055118110174,-0.7944196861073507,42.85714285714268,57.14285714285733,False,4.06,False,False,False,False,False,False
635,002110,三钢闽光,C 制造业,腾讯前复权日K回退（成交额、换手率已提供）,False,2026-07-29,3.1,3.036,2.9680000000000004,True,True,True,True,3.12,-0.6410256410256416,False,58.3817671481299,0.011286090756743139,-0.009120836792629572,0.040813855098745425,True,False,False,False,,,19.33308385868195,16.194636503060725,25.6099785699244,False,False,2026-07-15,10.0,True,310407.0,181938.0,1.7061141707614682,False,95636600.0,1.28,74.71609375,2.6490066225165476,3.642384105960275,4.447439353099719,18.181818181818148,81.81818181818186,True,3.5,False,False,False,False,True,False
636,002111,威海广泰,C 制造业,腾讯前复权日K回退（成交额、换手率已提供）,False,2026-07-29,9.5,9.319999999999999,9.085,True,True,True,True,9.45,0.5291005291005366,True,57.53426282580191,0.021651372232442512,-0.05642723593688082,0.15615721633864665,True,False,False,False,2026-07-03,18.0,33.7653541480037,30.78830360210537,39.719455239800375,False,False,,,False,76296.0,78655.0,0.9700082639374483,False,72175000.0,1.56,46.266025641025635,1.7130620985010614,2.676659528907923,4.567969179966969,11.999999999999744,88.00000000000026,True,11.45,False,False,False,False,False,False
637,002112,三变科技,C 制造业,腾讯前复权日K回退（成交额、换手率已提供）,False,2026-07-29,16.19,15.12,14.8465,True,True,True,True,16.96,-4.540094339622639,False,55.89642452785654,-0.5160445662985609,-0.8082452429484153,0.5844013532997088,True,False,False,False,2026-07-24,3.0,21.18563673989233,15.245199006198476,33.06651220728004,False,False,2026-07-21,6.0,True,251397.0,273176.6,0.9202728198535307,False,388762900.0,9.59,40.53836287799791,9.98641304347827,10.869565217391314,9.04927087192268,0.0,100.0,True,23.24,False,False,False,False,False,True
638,002114,罗平锌电,C 制造业,腾讯前复权日K回退（成交额、换手率已提供）,False,2026-07-29,6.48,6.298,6.4125,True,True,False,True,7.66,-15.40469973890339,False,46.49381487263804,-0.29954300302138215,-0.3697954709664895,0.14050493589021473,True,False,False,False,2026-07-23,4.0,14.679969028874618,11.915603983528674,20.208699119566507,False,False,2026-07-21,6.0,True,81762.0,69593.8,1.1748460351353138,False,52515300.0,2.53,20.757035573122533,2.694136291600646,3.645007923930262,1.0526315789473808,13.043478260869312,86.9565217391307,True,10.16,False,False,False,False,False,False
639,002115,三维通信,L 商务服务,腾讯前复权日K回退（成交额、换手率已提供）,False,2026-07-29,10.7,10.712,10.738000000000001,False,False,False,False,12.0,-10.83333333333334,False,46.86011943842292,-0.12876309027077326,-0.16744047754527547,0.07735477454900441,True,False,False,False,2026-07-10,13.0,19.89080784639406,21.373817272298485,16.924788994585214,False,False,,,False,472826.0,769927.6,0.6141174832542696,False,502565000.0,6.34,79.26892744479495,-1.1090573012939142,3.6968576709796546,-0.35388340473088126,42.500000000000135,57.499999999999865,False,15.98,False,True,False,False,True,False
640,002116,中国海诚,E 建筑业,腾讯前复权日K回退（成交额、换手率已提供）,False,2026-07-29,6.99,6.892,6.883500000000001,True,True,True,True,7.18,-2.6462395543175417,False,50.777146816863834,-0.060661939826800015,-0.08884510083669231,0.05636632201978459,True,False,False,False,2026-07-14,11.0,15.199649187193183,13.459158082749694,18.680631396080162,False,False,2026-07-28,1.0,True,33373.0,28101.6,1.1875836251316652,False,23353100.0,0.61,38.28377049180328,1.4513788098693858,1.8867924528301872,1.5471780344301531,30.76923076923082,69.23076923076917,False,8.08,False,False,False,True,True,False
641,002117,东港股份,C 制造业,腾讯前复权日K回退（成交额、换手率已提供）,False,2026-07-29,7.87,7.68,7.83,True,True,False,True,8.42,-6.532066508313537,False,46.99264279014515,-0.22737968934948682,-0.28069751554156214,0.10663565238415063,True,False,False,False,2026-07-06,17.0,9.003740820171672,6.714356070936913,13.582510318641189,False,False,2026-07-28,1.0,True,70433.0,64615.2,1.0900376382027759,False,55340600.00000001,1.35,40.99303703703704,1.2870012870012992,2.187902187902187,0.5108556832694768,29.41176470588226,70.58823529411774,True,10.48,False,True,False,False,True,False
642,002119,康强电子,C 制造业,腾讯前复权日K回退（成交额、换手率已提供）,False,2026-07-29,20.94,21.98,28.1145,False,False,False,False,41.8,-49.90430622009569,False,31.71596935603759,-2.764815565188691,-1.8904145298953514,-1.7488020705866791,False,True,False,False,,,13.023586650448138,17.12249762374387,4.82576470385667,False,False,,,False,451827.0,426276.2,1.059939541546068,False,937878700.0,12.04,77.89690199335548,-4.81818181818181,9.72727272727273,-25.51886037453982,20.560747663551457,45.79439252336449,False,41.8,False,False,False,False,False,False
643,002120,韵达股份,G 运输仓储,腾讯前复权日K回退（成交额、换手率已提供）,False,2026-07-29,6.83,6.720000000000001,6.749,True,True,False,True,7.09,-3.6671368124118446,False,56.441897161601084,0.02680171493856065,0.019317286417331922,0.014968857042457456,True,False,True,False,,,33.29228465918457,31.440297059809577,36.996259857934554,False,False,,,False,372887.0,301442.4,1.2370091267850838,False,254768700.0,1.32,193.00659090909087,1.0355029585798814,2.3668639053254457,1.2001778041191349,25.0,75.0,True,7.93,False,False,False,False,False,False
644,002121,科陆电子,C 制造业,腾讯前复权日K回退（成交额、换手率已提供）,False,2026-07-29,4.94,4.822000000000001,4.9235,True,True,False,True,5.6,-11.785714285714272,False,43.54085719062632,-0.29280787461797164,-0.36426341919838806,0.14291108916083284,True,False,False,False,2026-07-10,13.0,7.444773096011942,6.029911882096478,10.27449552384287,False,False,2026-07-23,4.0,True,334765.0,276190.0,1.212082262210797,False,163285400.0,2.37,68.89679324894514,3.131524008350728,5.427974947807929,0.3351274499847796,19.23076923076918,80.76923076923083,True,8.78,False,True,False,False,False,False
645,002122,ST汇洲,C 制造业,腾讯前复权日K回退（成交额、换手率已提供）,False,2026-07-29,2.37,2.33,2.375,True,False,False,True,2.67,-11.235955056179769,False,47.60957450924581,-0.050603567696896334,-0.06553455067552023,0.0298619659572478,True,False,False,False,2026-07-24,3.0,25.90759402634221,23.77413442104773,30.17451323693117,False,False,,,False,133655.0,117420.8,1.138256595083665,False,31750500.0,0.67,47.38880597014925,0.4237288135593209,2.9661016949152477,-0.2105263157894692,71.42857142857135,28.571428571428665,False,3.0,False,False,False,False,True,False
646,002123,梦网科技,I 信息技术,腾讯前复权日K回退（成交额、换手率已提供）,False,2026-07-29,8.24,7.953999999999999,8.194,True,True,False,True,9.52,-13.445378151260497,False,51.88811295910408,-0.04883815046906825,-0.05306375121472687,0.008451201491317228,True,False,True,False,,,23.46646398091852,21.23326255468648,27.932866833382597,False,False,,,False,228700.0,255032.8,0.8967473987659627,False,188726500.0,3.17,59.53517350157729,0.3654080389768444,2.6796589524969625,0.5613863802782446,63.63636363636371,36.363636363636296,False,10.48,False,True,False,False,True,False
647,002124,天邦食品,A 农林牧渔,腾讯前复权日K回退（成交额、换手率已提供）,False,2026-07-29,2.19,2.1759999999999997,2.246,True,False,False,False,2.45,-10.612244897959194,False,45.464856529799185,-0.04209825281049673,-0.04295815910627268,0.0017198125915519058,True,False,True,False,,,12.203453413551822,12.777593400223354,11.055173440208758,False,False,,,False,487788.0,471807.2,1.0338714627500385,False,106777600.0,2.47,43.2297975708502,0.4587155963302614,2.293577981651368,-2.4933214603740006,40.00000000000018,59.99999999999982,False,3.07,False,False,False,False,False,False
648,002125,湘潭电化,C 制造业,腾讯前复权日K回退（成交额、换手率已提供）,False,2026-07-29,12.22,11.924000000000001,12.0565,True,True,False,True,14.23,-14.125087842586085,False,44.01362938613736,-0.7377126060787944,-0.8890290044791389,0.302632796800689,True,False,False,False,2026-07-21,6.0,9.893306527608937,9.309353923201314,11.061211736424184,True,False,2026-07-29,0.0,True,266848.0,198878.4,1.3417646159663392,False,320246100.0,4.24,75.52974056603773,4.0000000000000036,6.978723404255321,1.3561149587359589,13.41463414634139,86.58536585365862,True,20.86,False,False,False,False,True,False
649,002126,银轮股份,C 制造业,腾讯前复权日K回退（成交额、换手率已提供）,False,2026-07-29,39.71,40.748000000000005,47.25,False,False,False,False,58.53,-32.1544507090381,False,37.481510083402,-2.8384239010203416,-1.9364120136392273,-1.8040237747622285,False,True,False,False,,,7.780320862701068,11.525324611664468,0.29031336477426706,False,False,,,False,212344.0,215297.6,0.9862813147940339,False,826573500.0,2.67,309.57808988764043,1.9512195121951237,6.726572528883176,-15.957671957671957,17.175572519083822,82.82442748091617,True,61.88,False,False,False,False,False,False
650,002127,南极电商,L 商务服务,腾讯前复权日K回退（成交额、换手率已提供）,False,2026-07-29,3.07,2.9959999999999996,2.9235,True,True,True,True,3.33,-7.807807807807815,False,59.02985404323426,0.06070046597491352,0.050486250754154416,0.02042843044151821,True,False,False,False,,,58.763187331717596,56.391914457249065,63.50573308065465,False,False,,,False,495477.0,578109.8,0.8570638311268897,False,151211200.0,2.48,60.972258064516126,1.320132013201314,2.640264026402643,5.01111681204035,25.0,75.0,True,3.38,False,False,False,False,False,False
651,002128,电投能源,B 采矿业,腾讯前复权日K回退（成交额、换手率已提供）,False,2026-07-29,26.76,26.613999999999997,25.3615,True,True,True,True,27.89,-4.051631409107203,False,54.3933847735127,0.16269015765539407,-0.11300088672894656,0.5513820887686813,True,False,False,False,2026-07-06,17.0,36.05228290701851,34.30308113688483,39.55068644728587,False,False,,,False,125032.0,153199.6,0.816137901143345,False,333613399.99999994,0.56,595.7382142857141,2.5287356321838983,3.486590038314177,5.514263746229529,28.57142857142835,71.42857142857166,True,32.49,False,True,False,False,True,False
652,002129,TCL中环,C 制造业,腾讯前复权日K回退（成交额、换手率已提供）,False,2026-07-29,8.62,8.636,9.649,False,False,False,False,12.44,-30.707395498392287,False,38.6657876570026,-0.46890773811023934,-0.3218401618814153,-0.2941351524576481,False,True,False,False,,,13.128448038287772,16.74384290177058,5.897658311322154,False,False,,,False,1001133.0,1026041.8,0.9757234062004101,False,848412899.9999999,2.48,342.10197580645155,0.8187134502923854,3.8596491228070176,-10.664317545859674,3.0303030303035032,96.9696969696965,True,12.44,False,False,False,False,True,False
653,002130,沃尔核材,C 制造业,腾讯前复权日K回退（成交额、换手率已提供）,False,2026-07-29,16.48,15.912,16.485500000000002,True,False,False,True,19.2,-14.16666666666666,False,45.52071357355089,-0.878416108787178,-1.0245556782288505,0.292279138883345,True,False,False,False,2026-07-23,4.0,8.502690061584957,6.423943630662163,12.660182923430545,False,False,2026-07-21,6.0,True,620192.0,261596.2,2.3707989642051372,True,1010136100.0,5.41,186.71646950092423,6.048906048906066,9.202059202059202,-0.0333626520275478,26.573426573426513,73.4265734265735,True,23.94,False,False,False,False,False,False
654,002131,利欧股份,L 商务服务,腾讯前复权日K回退（成交额、换手率已提供）,False,2026-07-29,4.09,3.996,4.1485,True,False,False,True,4.99,-18.036072144288585,False,40.106983863347516,-0.30686227919368214,-0.3674932221044913,0.12126188582161834,True,False,False,False,2026-07-21,6.0,7.99966859407919,6.568760744227904,10.861484293781762,False,False,2026-07-21,6.0,True,2533395.0,2498243.8,1.0140703641494078,False,1022667200.0,4.33,236.1818013856813,1.2376237623762387,4.207920792079206,-1.4101482463541144,17.647058823529566,82.35294117647044,True,7.56,False,False,False,False,True,False
655,002132,恒星科技,C 制造业,腾讯前复权日K回退（成交额、换手率已提供）,False,2026-07-29,4.01,4.104,4.811,False,False,False,False,6.14,-34.69055374592834,False,33.77493535842862,-0.3403004961135041,-0.25812247609446753,-0.16435604003807314,False,True,False,False,,,22.666122532816008,26.828851992216467,14.340663614015092,False,False,,,False,502907.0,698251.6,0.7202375189688073,False,199612200.0,3.59,55.60228412256267,-0.7425742574257432,4.207920792079195,-16.649345250467682,11.764705882352725,70.58823529411767,True,6.32,False,False,False,False,False,False
656,002133,广宇集团,K 房地产,腾讯前复权日K回退（成交额、换手率已提供）,False,2026-07-29,2.5,2.418,2.458,True,True,False,True,2.63,-4.942965779467677,False,49.789284176632876,-0.05905068851792317,-0.07547820049618191,0.03285502395651749,True,False,False,False,2026-07-02,19.0,11.077747398798747,8.547753194434108,16.137735807528024,False,False,2026-07-28,1.0,True,134783.0,124188.2,1.0853124531960363,False,33665400.0,1.75,19.23737142857143,2.0408163265306145,4.081632653061227,1.7087062652562983,40.0,60.0,False,3.51,False,False,False,False,False,False
657,002134,天津普林,C 制造业,腾讯前复权日K回退（成交额、换手率已提供）,False,2026-07-29,19.39,20.0,24.1665,False,False,False,False,31.08,-37.61261261261261,False,26.543228467164795,-2.348226304324779,-1.8956599616476768,-0.9051326853542045,False,True,False,False,,,12.19160117607394,16.095364468855298,4.384074590511226,False,False,,,False,103633.0,85699.6,1.209258853016817,False,198500900.0,4.18,47.48825358851675,-1.0714285714285787,5.714285714285719,-19.764963896302728,0.8928571428569645,72.32142857142871,True,33.66,False,False,False,False,False,False
658,002135,东南网架,C 制造业,腾讯前复权日K回退（成交额、换手率已提供）,False,2026-07-29,5.91,5.796,6.0495,True,False,False,True,6.9,-14.347826086956525,False,42.04006068403152,-0.31462912504295115,-0.3505377374143428,0.07181722474278329,True,False,False,False,2026-07-27,2.0,10.853527788317933,9.127571944878058,14.305439475197684,False,False,2026-07-23,4.0,True,116846.0,113147.4,1.0326883339785096,False,68570200.0,1.12,61.22339285714285,1.1986301369863117,4.452054794520544,-2.3059757004711123,30.76923076923082,69.23076923076917,False,9.65,False,False,False,False,True,False
659,002136,安 纳 达,C 制造业,腾讯前复权日K回退（成交额、换手率已提供）,False,2026-07-29,11.93,11.894,11.9535,True,False,False,True,13.98,-14.66380543633763,False,46.15325080803414,-0.33065064602394045,-0.4089626028118603,0.1566239135758397,True,False,False,False,2026-07-24,3.0,22.34253400896779,19.76555996928147,27.49648208834043,False,False,,,False,64173.0,66966.0,0.9582922677179464,False,76555900.0,2.99,25.603979933110367,0.25210084033613356,2.2689075630252216,-0.19659513949889404,48.148148148148195,51.851851851851805,False,15.86,False,False,False,False,True,False
660,002137,实益达,C 制造业,腾讯前复权日K回退（成交额、换手率已提供）,False,2026-07-29,7.14,6.965999999999999,8.939,True,False,False,True,12.57,-43.19809069212411,False,35.81302524737745,-0.9218298165344407,-0.6886789002464884,-0.46630183257590474,False,True,False,False,,,9.566386431585343,11.181048466938611,6.337062360878807,False,False,,,False,274320.0,322874.8,0.8496172510211388,False,192572700.0,6.92,27.828424855491328,0.5633802816901401,3.6619718309859253,-20.12529365700862,3.8461538461540954,96.1538461538459,True,12.57,False,False,False,False,False,False
661,002138,顺络电子,C 制造业,腾讯前复权日K回退（成交额、换手率已提供）,False,2026-07-29,43.15,43.114,49.8495,True,False,False,False,79.72,-45.87305569493226,False,40.31798735990146,-4.482018632853759,-3.770258386445493,-1.4235204928165315,False,True,False,False,,,23.223459440801918,24.24678421696417,21.176809888477415,False,False,,,False,496071.0,452223.0,1.0969610125977671,False,2098794700.0,6.56,319.9382164634147,3.526871401151621,7.197696737044145,-13.439452752785886,11.666666666666714,88.33333333333329,True,79.72,False,False,False,False,False,False
662,002139,拓邦股份,C 制造业,腾讯前复权日K回退（成交额、换手率已提供）,False,2026-07-29,9.79,9.558,9.7715,True,True,False,True,10.41,-5.955811719500489,False,50.12623363032877,-0.10133384371420284,-0.10601591397428851,0.009364140520171343,True,False,True,False,,,18.768199390617443,18.678335996997834,18.947926177856665,True,False,2026-07-29,0.0,True,206648.0,162660.8,1.2704228677099831,False,200700900.0,1.93,103.99010362694301,3.0526315789473513,4.526315789473681,0.18932610141738235,11.62790697674436,88.37209302325564,True,11.75,False,False,False,False,False,False
663,002140,东华科技,E 建筑业,腾讯前复权日K回退（成交额、换手率已提供）,False,2026-07-29,8.83,8.702000000000002,8.8335,True,False,False,True,9.44,-6.461864406779655,False,44.1700863336577,-0.24394795587260099,-0.293311347555546,0.09872678336589003,True,False,False,False,2026-07-15,10.0,4.802096762975732,3.761551875910492,6.883186537106211,False,False,2026-07-28,1.0,True,56089.0,63658.8,0.8810879250001571,False,49495700.0,0.79,62.65278481012658,1.4942528735632177,2.413793103448286,-0.03962189392653789,28.57142857142869,71.4285714285713,True,12.71,False,False,False,False,False,False
664,002141,贤丰控股,C 制造业,腾讯前复权日K回退（成交额、换手率已提供）,False,2026-07-29,6.3,5.702,5.4365000000000006,True,True,True,True,6.5,-3.0769230769230793,False,62.04916162241283,0.31922150133257343,0.3068796068363645,0.024683788992417854,True,False,True,False,,,80.32228088645554,74.3777997963615,92.21124306664365,False,False,,,False,2698143.0,2861989.0,0.9427510028864542,False,1646373500.0,26.12,63.03114471669219,9.947643979057585,13.96160558464223,15.883380851650863,0.0,100.0,True,6.5,False,False,False,False,False,True
665,002142,宁波银行,J 金融业,腾讯前复权日K回退（成交额、换手率已提供）,False,2026-07-29,31.92,31.898000000000003,31.0135,True,True,True,True,32.74,-2.504581551618816,False,59.242788154275665,0.45082139256662757,0.36281064528867496,0.1760214945559052,True,False,False,False,2026-07-08,15.0,75.34443975278329,73.14611162214483,79.74109601406022,False,False,,,False,273324.0,311299.6,0.8780094802563191,False,873763600.0,0.41,2131.1307317073174,0.314267756128217,1.5084852294154631,2.922920663581992,74.99999999999982,25.000000000000185,False,32.74,False,True,False,False,True,False
666,002144,宏达高科,C 制造业,腾讯前复权日K回退（成交额、换手率已提供）,False,2026-07-29,9.87,9.584,9.9435,True,False,False,True,10.95,-9.863013698630137,False,45.699857704428624,-0.3542140576280808,-0.40058930963639977,0.09275050401663798,True,False,False,False,2026-07-28,1.0,9.388424354745032,7.50900504547948,13.147262973276135,False,False,2026-07-28,1.0,True,34478.0,45040.2,0.765493936527813,False,33855200.0,2.5,13.54208,1.6477857878475666,2.9866117404737293,-0.7391763463569268,20.689655172414025,79.31034482758598,True,14.35,False,False,False,False,False,False
667,002145,钛能化学,C 制造业,腾讯前复权日K回退（成交额、换手率已提供）,False,2026-07-29,4.63,4.508,4.4625,True,True,True,True,4.98,-7.028112449799206,False,55.35667353677745,-0.010612582220548283,-0.033340331668225434,0.0454554988953543,True,False,False,False,2026-07-27,2.0,38.16520508197417,28.415533243339368,57.664548759243786,False,False,,,False,526727.0,524144.8,1.0049265012263786,False,242335500.0,1.38,175.6054347826087,1.758241758241752,2.857142857142855,3.7535014005602134,23.076923076923286,76.92307692307672,True,5.04,False,False,False,False,False,False
668,002146,荣盛发展,K 房地产,腾讯前复权日K回退（成交额、换手率已提供）,False,2026-07-29,1.11,1.092,1.0930000000000002,True,True,False,True,1.17,-5.128205128205114,False,48.84520670452366,-0.021072950694156045,-0.02882662662601536,0.015507351863718627,True,False,False,False,2026-07-10,13.0,17.922692364495678,15.951345816230587,21.865385461025863,False,False,2026-07-27,2.0,True,1151756.0,730504.0,1.576659402275689,False,127483900.0,2.94,43.361870748299324,1.8348623853211121,3.6697247706422047,1.555352241537045,25.0,75.0,True,1.4,False,False,False,False,True,False
669,002148,北纬科技,I 信息技术,腾讯前复权日K回退（成交额、换手率已提供）,False,2026-07-29,6.17,5.930000000000001,6.1115,True,True,False,True,7.14,-13.585434173669464,False,50.83983638070239,-0.12986446447804845,-0.1571428206806826,0.054556712405268326,True,False,False,False,2026-07-28,1.0,16.553676692710493,13.936721679725215,21.787586718681045,False,False,2026-07-28,1.0,True,222959.0,146163.4,1.5254092337753502,False,135841700.0,4.94,27.49831983805668,3.005008347245397,3.6727879799666066,0.9572118137936603,0.0,100.0,True,8.35,False,False,False,False,False,False
670,002149,西部材料,C 制造业,腾讯前复权日K回退（成交额、换手率已提供）,False,2026-07-29,32.19,32.688,38.0055,False,False,False,True,54.4,-40.82720588235295,False,30.511973802584066,-5.5201114485789375,-5.709752163286583,0.3792814294152915,True,False,False,False,2026-07-28,1.0,7.951804347129147,7.427634745154183,9.000143551079073,False,False,2026-07-22,5.0,True,231427.0,263912.4,0.8769083983928,False,741004600.0000001,4.74,156.33008438818567,-2.0389531345100464,5.112598904443091,-15.30173264395943,7.142857142856991,51.78571428571415,False,78.77,False,False,False,False,False,False
671,002150,正泰电源,C 制造业,腾讯前复权日K回退（成交额、换手率已提供）,False,2026-07-29,20.99,21.796,23.36,False,False,False,False,28.25,-25.699115044247794,False,33.55009819689978,-1.3484178114882432,-1.3154636014231413,-0.06590842013020382,False,True,False,False,,,7.313470678233396,8.023789215372103,5.892833603955982,False,True,,,False,78664.0,104681.8,0.7514582286510166,False,164910099.99999997,2.19,75.30141552511414,-1.2235294117647122,3.6235294117647205,-10.145547945205484,28.57142857142877,53.24675324675305,False,36.2,False,False,False,False,False,False
672,002151,北斗星通,C 制造业,腾讯前复权日K回退（成交额、换手率已提供）,False,2026-07-29,28.05,27.528,29.083,True,False,False,True,33.94,-17.354154390100167,False,42.01562117944348,-1.494794199775317,-1.5935353073909408,0.19748221523124787,True,False,False,False,2026-07-28,1.0,7.160709102422859,5.772038038374997,9.938051230518584,False,False,2026-07-21,6.0,True,155759.0,127232.2,1.2242105378984252,False,431372500.0,3.52,122.54900568181819,2.037104401600587,4.183339396144061,-3.5519031736753353,10.43478260869572,89.56521739130429,True,44.85,False,False,False,False,False,False
673,002152,广电运通,C 制造业,腾讯前复权日K回退（成交额、换手率已提供）,False,2026-07-29,9.87,9.796,9.9085,True,False,False,False,11.0,-10.272727272727279,False,48.39236690926408,-0.05341208808318676,-0.044773146725459456,-0.017277882715454607,False,True,False,False,,,18.313505178303114,19.57269046791558,15.795134599078175,False,False,,,False,368849.0,365755.0,1.0084592145015105,False,360623100.0,1.49,242.02892617449666,2.0682523267838704,4.033092037228548,-0.3885552808195072,12.820512820512983,87.17948717948701,True,12.08,False,False,False,False,True,False
674,002153,石基信息,I 信息技术,腾讯前复权日K回退（成交额、换手率已提供）,False,2026-07-29,7.95,7.686,7.5735,True,True,True,True,8.02,-0.8728179551122119,False,55.4408985298173,-0.022942288684686396,-0.10292854782677911,0.15997251828418543,True,False,False,False,2026-07-01,20.0,21.46301202572664,17.95705690557482,28.474922266030283,False,False,,,False,332537.0,275215.0,1.2082807986483295,False,265568900.0,2.08,127.67735576923077,-0.5006257822277815,3.128911138923655,4.971281441869678,80.00000000000007,19.99999999999993,False,10.74,False,False,False,False,True,False
675,002154,报 喜 鸟,C 制造业,腾讯前复权日K回退（成交额、换手率已提供）,False,2026-07-29,3.82,3.6979999999999995,3.7325000000000004,True,True,False,True,3.97,-3.7783375314861547,False,53.77123717630918,-0.037273022337455775,-0.05090873874353748,0.027271432812163404,True,False,False,False,2026-07-28,1.0,32.73556768717652,29.96944256512167,38.267817931286224,False,False,,,False,410218.0,278956.0,1.4705473264600868,False,157786200.0,3.48,45.34086206896552,2.96495956873315,5.9299191374663005,2.3442732752846474,45.454545454545546,54.545454545454454,False,4.53,False,False,False,False,False,False
676,002155,湖南黄金,B 采矿业,腾讯前复权日K回退（成交额、换手率已提供）,False,2026-07-29,22.81,22.683999999999997,22.902,True,False,False,False,26.6,-14.248120300751891,False,47.532161098778566,-0.6116344582854758,-0.7432143460748406,0.2631597755787296,True,False,False,False,2026-07-23,4.0,18.32845003146659,15.876311862616042,23.232726369167693,False,False,2026-07-21,6.0,True,376607.0,496123.0,0.759100061879816,False,849910200.0,2.41,352.6598340248962,2.2411474675033682,4.706409681757063,-0.4017116409047345,22.85714285714303,77.14285714285697,True,30.58,False,True,False,False,True,False
677,002156,通富微电,C 制造业,腾讯前复权日K回退（成交额、换手率已提供）,False,2026-07-29,62.1,70.846,70.559,False,False,True,False,84.7,-26.68240850059032,False,42.908492205852674,0.4434138044133107,1.3387745605381096,-1.7907215122495979,False,True,False,False,,,64.63423135224843,70.2896389693105,53.3234161181243,False,False,,,False,1981737.0,2281633.2,0.8685607309711306,False,12485172200.0,13.06,955.985620214395,-9.999999999999998,6.376811594202897,-11.988548590541244,14.090909090909198,0.0,False,84.7,False,False,False,False,False,False
678,002157,正邦科技,A 农林牧渔,腾讯前复权日K回退（成交额、换手率已提供）,False,2026-07-29,2.9,2.882,2.9275,True,False,False,False,3.05,-4.918032786885243,False,46.80844479058356,-0.03130978230488557,-0.032619619665501996,0.0026196747212328536,True,False,True,False,,,19.184337889830278,19.840912668383748,17.871188332723342,False,False,,,False,905316.0,932913.8,0.9704176312966963,False,262701900.0,1.16,226.46715517241384,1.0452961672473782,2.0905923344947754,-0.9393680614859198,50.00000000000037,49.99999999999963,False,3.68,False,True,False,False,True,False
679,002158,汉钟精机,C 制造业,腾讯前复权日K回退（成交额、换手率已提供）,False,2026-07-29,25.8,25.96,30.540000000000003,False,False,False,False,40.79,-36.749203236087276,False,38.71578458503068,-1.904972592155918,-1.2997544347435865,-1.2104363148246629,False,True,False,False,,,26.215625489149275,28.789622137200364,21.067632193047096,False,False,,,False,176817.0,130040.4,1.35970821375511,False,443899500.0,3.31,134.10861027190333,-1.338432122370925,7.992351816443607,-15.520628683693522,9.090909090909136,70.33492822966507,True,40.79,False,False,False,False,False,True
680,002159,三特索道,N 公共环保,腾讯前复权日K回退（成交额、换手率已提供）,False,2026-07-29,12.83,12.588,12.671000000000001,True,True,False,True,13.46,-4.68053491827638,False,49.09329321873765,-0.24719766997530002,-0.3372657933983112,0.18013624684602236,True,False,False,False,2026-07-02,19.0,7.2854976560830025,5.987926189170537,9.880640589907934,False,False,2026-07-28,1.0,True,32449.0,27670.6,1.172688702088137,False,41754500.0,2.34,17.84380341880342,1.1032308904649346,2.2852639873916543,1.2548338726225152,55.172413793103324,44.82758620689668,False,16.63,False,False,False,False,True,False
681,002160,常铝股份,C 制造业,腾讯前复权日K回退（成交额、换手率已提供）,False,2026-07-29,3.76,3.696,3.6345,True,True,True,True,3.87,-2.84237726098192,False,48.6845524868899,-0.1127552531553686,-0.16799061125571157,0.11047071620068594,True,False,False,False,2026-07-14,11.0,11.39504970574766,9.393603467094005,15.397942183054969,False,False,,,False,162849.0,197403.4,0.8249553959050351,False,61289000.0,1.58,38.790506329113924,0.8042895442359255,2.680965147453086,3.4530196725821907,50.00000000000022,49.99999999999978,False,5.06,False,False,False,False,True,False
682,002161,远 望 谷,C 制造业,腾讯前复权日K回退（成交额、换手率已提供）,False,2026-07-29,5.36,5.0600000000000005,5.0985,True,True,False,True,5.94,-9.764309764309765,False,52.484605933024994,-0.17823459003873854,-0.25537356120914295,0.15427794234080883,True,False,False,False,2026-07-27,2.0,17.984732294392156,12.48770217396355,28.978792535249365,False,False,2026-07-23,4.0,True,282699.0,174292.2,1.6219830835803322,False,151757200.0,3.82,39.727015706806284,1.3232514177693888,4.536862003780722,5.128959497891551,41.66666666666648,58.33333333333351,False,7.28,False,False,False,False,False,False
683,002162,悦心健康,C 制造业,腾讯前复权日K回退（成交额、换手率已提供）,False,2026-07-29,3.96,3.864,3.732,True,True,True,True,4.02,-1.4925373134328264,False,60.253208125542,0.05785469203043592,0.023949342669124588,0.06781069872262266,True,False,False,False,,,35.69096973540059,30.674841394764993,45.7232264166718,False,False,,,False,186453.0,184482.4,1.0106817777739232,False,74140300.0,2.03,36.52231527093596,0.0,2.0202020202020106,6.109324758842437,49.99999999999972,25.00000000000014,False,4.55,False,False,False,False,False,False
684,002163,海南发展,E 建筑业,腾讯前复权日K回退（成交额、换手率已提供）,False,2026-07-29,7.95,7.644,7.814,True,True,False,True,9.27,-14.239482200647243,False,46.76247011754158,-0.3839376362564826,-0.4942219608537764,0.22056864919458763,True,False,False,False,2026-07-10,13.0,10.527977640016074,7.656901155279148,16.270130609489925,False,False,2026-07-21,6.0,True,282219.0,238125.6,1.185168667291547,False,222984300.0,3.51,63.5282905982906,2.448453608247436,3.8659793814432852,1.740465830560534,26.66666666666649,73.3333333333335,True,13.15,False,False,False,False,False,False
685,002164,宁波东力,C 制造业,腾讯前复权日K回退（成交额、换手率已提供）,False,2026-07-29,10.86,10.452,10.9715,True,False,False,True,13.2,-17.727272727272727,False,45.520578066987746,-0.5236073268563342,-0.581326569061718,0.11543848441076765,True,False,False,False,2026-07-28,1.0,14.304237656377197,12.264597963746326,18.38351704163894,True,False,2026-07-29,0.0,True,123702.0,64152.0,1.928264122708567,True,132042600.0,2.58,51.179302325581396,5.029013539651839,6.479690522243713,-1.0162694253292737,19.402985074626987,80.59701492537302,True,15.26,False,False,False,False,True,False
686,002165,红 宝 丽,C 制造业,腾讯前复权日K回退（成交额、换手率已提供）,False,2026-07-29,6.55,6.480000000000001,6.0125,True,True,True,True,6.79,-3.534609720176734,False,53.59234405958623,-0.10032267842543074,-0.25692013720252016,0.31319491755417883,True,False,False,False,2026-07-17,8.0,16.082156251318327,12.09623020126577,24.054008351423445,False,False,2026-07-15,10.0,True,889833.0,922893.0,0.964177862439091,False,585384100.0,12.23,47.86460343417825,-0.3044140030441511,6.088280060882792,8.939708939708932,65.00000000000003,34.999999999999964,False,10.2,False,False,False,False,True,False
687,002166,莱茵生物,C 制造业,腾讯前复权日K回退（成交额、换手率已提供）,False,2026-07-29,6.61,6.448,6.5045,True,True,False,True,7.37,-10.312075983717772,False,48.20889409327731,-0.15790787563117448,-0.20786922809345793,0.0999227049245669,True,False,False,False,2026-07-06,17.0,12.782621510944429,12.261426810983691,13.825010910865903,True,False,2026-07-29,0.0,True,177382.0,128281.2,1.38275912604497,False,116482600.0,2.4,48.53441666666667,2.0061728395061706,2.7777777777777732,1.621954031824124,11.11111111111089,88.88888888888911,True,9.35,False,False,False,False,True,False
688,002167,东方锆业,C 制造业,腾讯前复权日K回退（成交额、换手率已提供）,False,2026-07-29,15.44,15.928,18.664,False,False,False,False,26.85,-42.4953445065177,False,40.72484162889016,-0.7189403737862854,-0.20710959000392776,-1.0236615675647154,False,True,False,False,,,28.234299610410673,31.49998906243597,21.702920706360082,False,False,,,False,770792.0,1203887.0,0.6402527811995644,False,1180614300.0,10.16,116.20219488188977,0.32488628979856493,5.912930474333984,-17.273896270895854,29.670329670329814,70.3296703296702,True,26.85,False,True,False,False,True,False
689,002168,ST惠程,C 制造业,腾讯前复权日K回退（成交额、换手率已提供）,False,2026-07-29,3.67,3.564,3.601,True,True,False,True,3.91,-6.138107416879801,False,53.81271726388337,-0.03461500099058279,-0.04863705573446877,0.02804410948777196,True,False,False,False,2026-07-28,1.0,15.81968423124483,11.622772839530297,24.213507014673898,False,False,2026-07-27,2.0,True,59463.0,44750.2,1.3287761842405175,False,21796400.0,0.76,28.679473684210524,1.6620498614958512,4.4321329639889235,1.9161344071091349,31.25000000000014,68.74999999999987,False,4.42,False,False,False,False,True,False
690,002169,智光电气,C 制造业,腾讯前复权日K回退（成交额、换手率已提供）,False,2026-07-29,11.03,10.953999999999999,12.150500000000001,True,False,False,True,14.8,-25.47297297297298,False,35.178892984935345,-0.9930368150100293,-0.9589148922147955,-0.06824384559046748,False,True,False,False,,,11.542280687677495,10.263773541587893,14.099294979856698,False,False,2026-07-22,5.0,True,213683.0,198156.0,1.0783574557419406,False,232936900.0,2.82,82.60173758865248,1.1926605504587018,5.596330275229352,-9.22184272252172,22.95081967213126,77.04918032786874,True,19.78,False,True,False,False,False,False
691,002170,芭田股份,C 制造业,腾讯前复权日K回退（成交额、换手率已提供）,False,2026-07-29,11.65,11.28,10.993,True,True,True,True,11.57,0.6914433880726022,True,58.10745898294603,-0.003073384292411774,-0.11595708343721764,0.22576739828961173,True,False,False,False,2026-07-21,6.0,27.96019889893782,21.047452192043878,41.7856923127257,False,False,2026-07-21,6.0,True,279980.0,180298.2,1.5528718534072996,False,323332800.0,3.55,91.079661971831,3.0973451327433565,4.5132743362831835,5.97653051942145,19.60784313725484,80.39215686274515,True,13.61,False,False,False,False,False,False
692,002171,楚江新材,C 制造业,腾讯前复权日K回退（成交额、换手率已提供）,False,2026-07-29,9.17,9.08,10.576,True,False,False,True,14.27,-35.739313244569026,False,34.6642686282126,-1.091654763542957,-0.9959277999030728,-0.1914539272797684,False,True,False,False,,,6.28590763640013,6.317844747183469,6.222033414833453,False,False,,,False,443758.0,421435.4,1.0529680230944054,False,399846400.0,2.75,145.3986909090909,2.1158129175946394,4.899777282850794,-13.294251134644483,11.363636363636493,88.63636363636351,True,16.47,False,False,False,False,False,False
693,002172,澳洋健康,Q 卫生,腾讯前复权日K回退（成交额、换手率已提供）,False,2026-07-29,3.16,3.096,3.0305,True,True,True,True,3.34,-5.389221556886219,False,54.664802222960255,0.0025268584159512386,-0.023788804120530013,0.052631325072962504,True,False,False,False,2026-07-01,20.0,25.23684561695192,22.0364071611498,31.63772252855616,False,False,,,False,179006.0,178037.2,1.005441559404439,False,56904399.99999999,2.34,24.318119658119656,0.0,3.1645569620253196,4.27322224055437,70.00000000000021,20.0,False,3.88,False,True,False,False,False,False
694,002173,创新医疗,Q 卫生,腾讯前复权日K回退（成交额、换手率已提供）,False,2026-07-29,20.48,20.300000000000004,18.187,True,True,True,True,22.76,-10.017574692442887,False,56.90158272407201,0.5798269012101755,0.02371880896950876,1.1122161844813336,True,False,False,False,,,34.39286821240596,25.90916956104225,51.36026551513337,False,False,2026-07-17,8.0,True,1180481.0,535631.2,2.203906344514659,True,2546171300.0,28.05,90.7725953654189,-10.017574692442889,15.465729349736376,12.607906746577221,0.0,0.0,False,25.39,False,True,False,True,False,True
695,002174,游族网络,I 信息技术,腾讯前复权日K回退（成交额、换手率已提供）,False,2026-07-29,11.4,11.026,11.7785,True,False,False,True,13.33,-14.478619654913727,False,48.28810743053065,-0.20729730121561651,-0.10235766370906083,-0.20987927501311138,False,True,False,False,,,52.03744797533198,52.043494312979256,52.02535530003742,False,False,,,False,429887.0,341085.0,1.2603515252796225,False,482078399.99999994,4.39,109.81284738041002,1.9677996422182487,7.155635062611814,-3.213482192129719,22.499999999999947,77.50000000000006,True,13.33,False,False,False,False,False,True
696,002175,*ST东智,C 制造业,腾讯前复权日K回退（成交额、换手率已提供）,False,2026-07-29,2.37,2.434,2.5845,False,False,False,False,3.0,-20.999999999999996,False,42.39596625230302,-0.0308286972906604,-0.006440861384516418,-0.048775671812287966,False,True,False,False,,,22.62131575891624,24.884657839444355,18.09463159786001,False,False,,,False,208551.0,244611.0,0.852582263266983,False,48827200.0,1.63,29.955337423312884,-0.42016806722687816,3.781512605042011,-8.299477655252456,11.11111111111089,88.88888888888911,True,3.0,False,False,False,False,False,False
697,002176,江特电机,C 制造业,腾讯前复权日K回退（成交额、换手率已提供）,False,2026-07-29,8.21,7.976000000000001,8.4345,True,False,False,True,10.52,-21.958174904942954,False,40.1385675526277,-0.7007860962195522,-0.8119071684787703,0.22224214451843616,True,False,False,False,2026-07-24,3.0,7.539154444778387,5.869615529805354,10.878232274724455,False,False,2026-07-23,4.0,True,693723.0,601492.0,1.1533370352390389,False,560340600.0,4.08,137.33838235294118,3.400503778337538,6.801007556675052,-2.661687118382821,14.814814814814522,85.18518518518547,True,16.97,False,True,True,False,True,False
698,002177,御银股份,C 制造业,腾讯前复权日K回退（成交额、换手率已提供）,False,2026-07-29,5.6,5.4,5.3055,True,True,True,True,5.89,-4.923599320882853,False,51.07683300020773,-0.17108287956527413,-0.2673303096255453,0.1924948601205424,True,False,False,False,2026-07-15,10.0,12.301542573236864,8.883640364719161,19.137346990272267,False,False,2026-07-20,7.0,True,272170.0,315916.2,0.8615259363084261,False,151860100.0,4.03,37.68240694789082,1.6333938294010864,3.085299455535389,5.550843464329456,23.529411764705912,76.47058823529409,True,8.28,False,False,False,False,True,False
699,002178,延华智能,I 信息技术,腾讯前复权日K回退（成交额、换手率已提供）,False,2026-07-29,4.43,4.286,4.2785,True,True,True,True,4.56,-2.8508771929824537,False,48.65174820543611,-0.15744990656287605,-0.221961732948771,0.1290236527717899,True,False,False,False,2026-07-10,13.0,11.484537092405,8.418498617356814,17.616614042501375,False,False,2026-07-23,4.0,True,98732.0,113270.0,0.8716518054206762,False,43390500.0,1.39,31.216187050359718,1.3729977116704761,2.2883295194507927,3.540960617038671,0.0,100.0,True,6.42,False,False,False,False,False,False
700,002179,中航光电,C 制造业,腾讯前复权日K回退（成交额、换手率已提供）,False,2026-07-29,33.67,33.618,36.766000000000005,True,False,False,False,46.57,-27.700236203564522,False,39.38885597734762,-1.8291404245667664,-1.5451882897622666,-0.5679042696089995,False,True,False,False,,,11.789472788796433,13.557163743211063,8.254090879967173,False,False,,,False,230486.0,236793.4,0.9733632778616296,False,765289700.0,1.1,695.717909090909,2.3093284715892004,2.947432391370401,-8.420823587009746,2.061855670102685,97.93814432989731,True,47.21,False,False,False,False,False,False
701,002180,奔图科技,C 制造业,腾讯前复权日K回退（成交额、换手率已提供）,False,2026-07-29,16.79,16.746000000000002,16.3925,True,True,True,False,17.6,-4.60227272727274,False,55.0642399088998,0.29827397235459685,0.23552285533417586,0.125502234040842,True,False,False,False,,,59.00021035903853,57.14425435937087,62.71212235837386,False,False,,,False,99506.0,176012.2,0.565335811949399,False,166993400.0,0.73,228.7580821917808,0.5991611743559,2.0970641102456646,2.424889431142296,54.28571428571443,45.714285714285566,False,19.49,False,False,False,False,True,False
702,002181,粤 传 媒,L 商务服务,腾讯前复权日K回退（成交额、换手率已提供）,False,2026-07-29,8.19,8.022,8.436499999999999,True,False,False,True,10.54,-22.296015180265652,False,37.081592658163295,-0.9309927589428835,-1.1207325116760374,0.3794795054663078,True,False,False,False,2026-07-13,12.0,6.175886888577012,5.09875829744351,8.330144070844018,False,False,2026-07-21,6.0,True,324517.0,340073.6,0.9542551965221647,False,262694600.0,2.86,91.85125874125876,1.7391304347825987,3.7267080745341588,-2.9218277721803987,16.666666666666913,83.33333333333309,True,21.66,False,False,False,False,False,False
703,002182,宝武镁业,C 制造业,腾讯前复权日K回退（成交额、换手率已提供）,False,2026-07-29,11.82,11.346,12.3515,True,False,False,True,16.09,-26.53822249844624,False,44.00594410150985,-0.7301997944284828,-0.7413354984525691,0.022271408048172514,True,False,True,False,,,11.236826499825318,7.927265173826165,17.855949151823623,False,False,2026-07-23,4.0,True,266688.0,165152.6,1.6147974661010482,False,308658300.0,3.08,100.21373376623377,5.066666666666664,7.200000000000005,-4.303121078411524,13.580246913580169,86.41975308641983,True,16.83,False,False,False,False,False,False
704,002183,怡 亚 通,L 商务服务,腾讯前复权日K回退（成交额、换手率已提供）,False,2026-07-29,4.54,4.416,4.5965,True,False,False,True,5.68,-20.070422535211264,False,42.12792387183834,-0.28268311101324617,-0.32442833669862103,0.08349045137074973,True,False,False,False,2026-07-21,6.0,5.617790001441459,4.64947934333309,7.554411317658195,False,False,2026-07-28,1.0,True,524005.0,447982.0,1.169701014772915,False,235091500.0,2.02,116.38193069306931,2.0224719101123556,3.370786516853921,-1.2291961274883014,6.666666666666549,93.33333333333346,True,7.93,False,False,False,False,False,False
705,002184,海得控制,C 制造业,腾讯前复权日K回退（成交额、换手率已提供）,False,2026-07-29,9.62,9.284,9.350999999999999,True,True,False,True,10.95,-12.146118721461189,False,50.56588308995897,-0.2644842741648876,-0.37548659436397486,0.22200464039817447,True,False,False,False,2026-07-15,10.0,17.234684077298436,13.694547438628206,24.314957354638892,False,False,2026-07-22,5.0,True,75461.0,57100.0,1.3215586690017513,False,71749700.0,3.14,22.850222929936304,2.2316684378320906,2.6567481402763016,2.87669767939258,0.0,100.0,True,13.28,False,False,False,False,False,False
706,002185,华天科技,C 制造业,腾讯前复权日K回退（成交额、换手率已提供）,False,2026-07-29,16.57,17.782,20.3615,False,False,False,False,26.81,-38.194703468854904,False,39.6138324472207,-0.6850331747035696,-0.06339491253701572,-1.2432765243331079,False,True,False,False,,,41.221663879349826,46.40757355225215,30.84984453354518,False,False,,,False,4198630.0,5013127.6,0.8375270559640254,False,6994983900.0,12.64,553.400625,-5.1516886090440694,10.76130509444762,-18.620926749011613,11.702127659574414,27.659574468085097,False,26.81,False,False,False,False,False,False
707,002186,全 聚 德,H 住宿餐饮,腾讯前复权日K回退（成交额、换手率已提供）,False,2026-07-29,9.12,8.886,8.7595,True,True,True,True,9.25,-1.4054054054054137,False,56.07726012351168,-0.009171517594520395,-0.07565403476106242,0.13296503433308404,True,False,False,False,2026-07-02,19.0,26.785440349327484,23.568665444471176,33.218990159040096,False,False,,,False,48794.0,34276.6,1.4235367568545305,False,44744799.99999999,1.59,28.141383647798733,0.8849557522123908,2.765486725663717,4.115531708430847,64.00000000000006,35.99999999999994,False,11.23,False,False,False,False,True,False
708,002187,广百股份,F 批发零售,腾讯前复权日K回退（成交额、换手率已提供）,False,2026-07-29,5.17,4.917999999999999,4.8475,True,True,True,True,5.23,-1.1472275334608124,False,58.35358780117644,-0.03814644401723832,-0.09104543897754092,0.10579798992060518,True,False,False,False,2026-07-03,18.0,20.05472961039736,15.860769852284486,28.442649126623106,False,False,2026-07-28,1.0,True,222376.0,103982.8,2.138584458198856,True,114607900.00000001,3.17,36.1539116719243,4.024144869215296,5.432595573440654,6.652913873130475,22.222222222222367,77.77777777777763,True,6.24,False,False,False,False,False,False
709,002188,中天服务,K 房地产,腾讯前复权日K回退（成交额、换手率已提供）,False,2026-07-29,4.74,4.5280000000000005,4.714,True,True,False,True,5.23,-9.36902485659656,False,46.651974712764385,-0.22762481193070982,-0.26863953751395453,0.08202945116648941,True,False,False,False,2026-07-27,2.0,15.781438115688003,12.480171646857926,22.383971053348155,False,False,2026-07-23,4.0,True,117616.0,109721.0,1.0719552319063808,False,54932800.0,4.57,12.020306345733042,3.493449781659397,3.9301310043668063,0.5515485787017352,5.555555555555445,94.44444444444456,True,7.35,False,False,False,False,False,False
710,002189,中光学,C 制造业,腾讯前复权日K回退（成交额、换手率已提供）,False,2026-07-29,18.73,18.798,19.0405,False,False,False,True,22.79,-17.814831066257124,False,46.60164262661043,-0.5647952816278696,-0.690054187680003,0.2505178121042668,True,False,False,False,2026-07-27,2.0,30.822199542046892,25.446011987985617,41.574574650169446,False,False,,,False,43105.0,63645.2,0.6772702419035529,False,79726900.0,1.65,48.31933333333334,-0.37234042553191404,3.563829787234051,-1.6307344870145273,20.895522388059735,79.10447761194027,True,24.58,False,False,False,False,False,False
711,002190,成飞集成,C 制造业,腾讯前复权日K回退（成交额、换手率已提供）,False,2026-07-29,22.73,22.78,22.247500000000002,False,True,True,True,24.71,-8.012950222581953,False,46.95354203263441,-0.6904110908178431,-1.049352823168686,0.7178834647016856,True,False,False,False,2026-07-22,5.0,13.742070492456415,11.212414566146556,18.801382345076135,False,False,2026-07-21,6.0,True,55570.0,96325.0,0.576901116013496,False,125966500.0,1.55,81.26870967741935,0.044014084507049134,3.3450704225352186,2.1687830093268823,48.684210526315816,51.315789473684184,False,36.38,False,True,False,False,True,False
712,002191,劲嘉股份,C 制造业,腾讯前复权日K回退（成交额、换手率已提供）,False,2026-07-29,3.75,3.71,3.7235,True,True,False,True,4.03,-6.947890818858567,False,49.95673933060383,-0.03658522288409527,-0.044675178244895496,0.016179910721600452,True,False,False,False,2026-07-28,1.0,31.72068211478492,28.925790898443193,37.31046454746838,False,False,,,False,89065.0,81911.2,1.0873360419576321,False,33297500.0,0.63,52.8531746031746,0.2673796791443861,1.3368983957219203,0.7116959849603859,0.0,80.00000000000036,True,4.27,False,False,False,False,False,False
713,002192,融捷股份,B 采矿业,腾讯前复权日K回退（成交额、换手率已提供）,False,2026-07-29,65.54,64.176,72.297,True,False,False,True,101.0,-35.1089108910891,False,42.11031991005678,-5.920908917452834,-5.805211451914589,-0.23139493107649045,False,True,False,False,,,19.87361414230385,19.182237883002422,21.256366660906707,True,False,,,False,214294.0,215744.2,0.9932781506988368,False,1386865200.0,8.27,167.69833131801693,1.9284603421461988,8.211508553654745,-9.346169273967096,23.484848484848385,76.51515151515162,True,114.78,False,False,False,False,True,False
714,002193,ST如意,C 制造业,腾讯前复权日K回退（成交额、换手率已提供）,False,2026-07-29,3.83,3.7119999999999997,3.9725,True,False,False,True,4.72,-18.855932203389823,False,43.552728893470686,-0.2295509694548068,-0.24579859956548772,0.032495260221361844,True,False,True,False,,,12.7689646025076,10.384734661514642,17.537424484493513,False,False,2026-07-22,5.0,True,36323.0,44221.6,0.8213859290482479,False,13858599.999999998,1.39,9.970215827338128,1.8617021276595924,4.255319148936175,-3.587161736941474,37.5,62.5,False,7.01,False,False,False,False,True,False
715,002194,武汉凡谷,C 制造业,腾讯前复权日K回退（成交额、换手率已提供）,False,2026-07-29,8.8,8.422,8.57,True,True,False,True,9.9,-11.111111111111107,False,44.671083169136246,-0.5842545437163196,-0.7276463827264135,0.2867836780201878,True,False,False,False,2026-07-23,4.0,12.282218155047962,8.958668669699437,18.929317125745012,False,False,2026-07-23,4.0,True,208078.0,136813.4,1.520889035723109,False,180323100.0,4.07,44.30542997542997,2.3255813953488413,4.534883720930219,2.6837806301050224,12.820512820512587,87.17948717948741,True,13.4,False,False,False,False,False,False
716,002195,岩山科技,I 信息技术,腾讯前复权日K回退（成交额、换手率已提供）,False,2026-07-29,6.69,6.331999999999999,6.165000000000001,True,True,True,True,6.83,-2.0497803806734947,False,55.26399399509491,-0.14521757241612487,-0.28154599039923506,0.27265683596622037,True,False,False,False,2026-07-21,6.0,17.260820858399818,11.304547218098326,29.1733681390028,False,False,2026-07-21,6.0,True,4918921.0,1928987.2,2.5500018870005983,True,3302290300.0000005,8.76,376.9737785388129,-2.0497803806734938,6.881405563689615,8.51581508515814,0.0,27.659574468085236,False,9.21,False,False,False,False,False,True
717,002196,方正电机,C 制造业,腾讯前复权日K回退（成交额、换手率已提供）,False,2026-07-29,10.25,10.014,11.080000000000002,True,False,False,True,14.2,-27.8169014084507,False,39.893664927200156,-0.8058532437817973,-0.8164689677624721,0.02123144796134957,True,False,True,False,,,11.33165727892522,9.577013368115756,14.84094510054415,False,False,2026-07-22,5.0,True,220927.0,165199.6,1.3373337465708148,False,224993400.0,4.52,49.77730088495576,1.990049751243772,3.7810945273631913,-7.490974729241892,31.578947368420785,55.26315789473695,False,17.77,False,False,False,False,True,False
718,002197,证通电子,I 信息技术,腾讯前复权日K回退（成交额、换手率已提供）,False,2026-07-29,6.62,6.942,6.09,False,True,True,False,7.67,-13.689700130378094,False,54.5396193196133,0.16634736975483122,0.02771039778057009,0.2772739439485223,True,False,False,False,2026-07-01,20.0,39.14454486076135,36.46398326340617,44.5056680554717,False,False,2026-07-15,10.0,True,658272.0,809813.0,0.8128691438640773,False,431884600.0,12.33,35.02713706407137,-0.6006006006005982,6.756756756756746,8.702791461412156,26.666666666666533,57.777777777777814,False,8.76,False,False,False,False,True,False
719,002198,ST嘉应,C 制造业,腾讯前复权日K回退（成交额、换手率已提供）,False,2026-07-29,3.19,3.0919999999999996,3.2445,True,False,False,True,3.68,-13.315217391304355,False,45.388125681590815,-0.13795457538787614,-0.16399100899148678,0.05207286720722126,True,False,False,False,,,4.364183334490608,3.9418881278054188,5.208773747860987,False,False,2026-07-28,1.0,True,59864.0,44874.2,1.3340404954294451,False,19222100.0,1.18,16.28991525423729,0.6309148264984188,3.4700315457413216,-1.6797657574356601,54.54545454545465,27.272727272727128,False,6.31,False,False,False,False,False,False
720,002199,东晶电子,C 制造业,腾讯前复权日K回退（成交额、换手率已提供）,False,2026-07-29,13.39,11.830000000000002,11.6075,True,True,True,True,13.6,-1.544117647058817,False,60.86301620868689,-0.1597438879405928,-0.38120052395978155,0.4429132720383775,True,False,False,False,2026-07-28,1.0,56.3749646495884,49.184036548671834,70.75682085142152,False,False,,,False,202888.0,88699.0,2.2873764078512724,True,256238700.0,8.79,29.15116040955632,10.024650780608058,15.529991783073136,15.356450570751676,0.0,100.0,True,16.0,False,False,False,False,False,True
721,002200,交投生态,E 建筑业,腾讯前复权日K回退（成交额、换手率已提供）,False,2026-07-29,6.52,6.247999999999999,6.344,True,True,False,True,6.87,-5.094614264919949,False,52.79472312016485,-0.0865956705176778,-0.12273175412222204,0.07227216720908847,True,False,False,False,2026-07-28,1.0,29.66555504520926,26.172350838713083,36.651963458201614,False,False,,,False,33406.0,42944.6,0.7778859274507156,False,21771300.0,1.71,12.731754385964914,2.3547880690737655,4.238618524332817,2.774274905422435,3.703703703703947,66.66666666666646,False,8.13,False,False,False,True,True,False
722,002201,九鼎新材,C 制造业,腾讯前复权日K回退（成交额、换手率已提供）,False,2026-07-29,7.63,7.522,8.22,True,False,False,True,11.01,-30.699364214350588,False,35.67086306060365,-0.917905554377481,-0.9876666016665656,0.13952209457816922,True,False,False,False,2026-07-28,1.0,9.605385005817427,7.959358837058587,12.897437343335108,False,False,2026-07-21,6.0,True,166152.0,160638.8,1.03432047550156,False,125524200.0,2.76,45.47978260869566,0.5270092226614009,3.425559947299075,-7.177615571776164,15.38461538461541,84.6153846153846,True,14.82,False,True,False,False,False,False
723,002202,金风科技,C 制造业,腾讯前复权日K回退（成交额、换手率已提供）,False,2026-07-29,18.08,18.041999999999998,19.707500000000003,True,False,False,True,25.06,-27.853152434158023,False,40.14019233061791,-1.3092248949535765,-1.3014668212919525,-0.01551614732324813,False,True,False,False,,,9.167371514520882,7.841221232554008,11.819672078454632,False,False,2026-07-23,4.0,True,758524.0,929420.4,0.8161258349827484,False,1356973000.0,2.26,600.4305309734514,0.5002779321845452,3.7798777098387983,-8.25827730559434,17.647058823529566,82.35294117647044,True,28.99,False,False,False,False,True,False
724,002203,海亮股份,C 制造业,腾讯前复权日K回退（成交额、换手率已提供）,False,2026-07-29,17.76,17.844,18.907000000000004,False,False,False,False,23.28,-23.711340206185564,False,42.868412531749534,-0.970198821809138,-0.8679960491551699,-0.2044055453079361,False,True,False,False,,,37.70084221438251,39.347126997066816,34.40827264901391,False,False,,,False,414259.0,320035.0,1.294417798053338,False,722472300.0,1.87,386.3488235294118,5.777248362120324,7.385348421679562,-6.0665362035225145,25.806451612902997,74.19354838709701,True,26.87,False,False,False,False,True,False
725,002204,大连重工,C 制造业,腾讯前复权日K回退（成交额、换手率已提供）,False,2026-07-29,5.37,5.238,5.2005,True,True,True,True,5.52,-2.717391304347817,False,53.12555099492713,-0.0766220362908907,-0.12225025019510978,0.09125642780843815,True,False,False,False,2026-07-15,10.0,14.13867587554443,10.676114224427451,21.063799177778392,False,False,2026-07-21,6.0,True,276924.0,255719.2,1.0829222052939318,False,147748300.0,1.43,103.32048951048952,2.6768642447418722,3.0592734225621268,3.2593019901932543,12.499999999999792,87.50000000000021,True,6.83,False,False,False,False,True,False
726,002205,国统股份,C 制造业,腾讯前复权日K回退（成交额、换手率已提供）,False,2026-07-29,9.65,9.411999999999999,9.817,True,False,False,True,11.03,-12.511332728921115,False,42.99799450363939,-0.48262998768675835,-0.55427935273578,0.14329873009804328,True,False,False,False,2026-07-27,2.0,12.983203517045418,10.2965069726162,18.356596605903853,False,False,2026-07-23,4.0,True,19815.0,24280.2,0.8160970667457434,False,19063400.0,1.07,17.81626168224299,1.6859852476290849,3.266596417281354,-1.7011306916573272,32.25806451612886,67.74193548387113,False,14.6,False,False,False,False,True,False
727,002206,海 利 得,C 制造业,腾讯前复权日K回退（成交额、换手率已提供）,False,2026-07-29,5.33,5.228,5.2524999999999995,True,True,False,True,5.57,-4.308797127468585,False,52.173290857078484,-0.04373830366410836,-0.060679167655922725,0.033881727983628734,True,False,False,False,2026-07-28,1.0,13.29280680980824,9.149722839112917,21.57897475119889,False,False,2026-07-28,1.0,True,98030.0,114560.0,0.8557087988826816,False,52094300.0,0.93,56.015376344086015,0.7561436672967936,1.5122873345935741,1.4754878629224288,12.499999999999723,87.50000000000028,True,6.05,False,False,False,False,True,False
728,002207,*ST准油,B 采矿业,腾讯前复权日K回退（成交额、换手率已提供）,False,2026-07-29,5.66,5.388,5.707,True,False,False,True,7.06,-19.830028328611892,False,45.15390478232487,-0.45734715669549697,-0.5299871588669323,0.14528000434287058,True,False,False,False,2026-07-27,2.0,11.134867601636806,8.2824043582673,16.839794088375818,False,False,2026-07-23,4.0,True,140541.0,153314.6,0.9166837339692371,False,77859200.0,5.39,14.445120593692025,6.591337099811678,5.461393596986818,-0.8235500262835064,10.34482758620698,89.65517241379301,True,10.63,False,True,False,False,True,False
729,002208,合肥城建,K 房地产,腾讯前复权日K回退（成交额、换手率已提供）,False,2026-07-29,11.88,12.722,15.843,False,False,False,False,21.56,-44.897959183673464,False,35.60394180763302,-1.4580848086407237,-1.026738062878702,-0.8626934915240434,False,True,False,False,,,10.293500713690158,14.15268320400127,2.575135733067931,False,False,,,False,937369.0,936921.6,1.0004775212781944,False,1112550700.0,11.67,95.33425021422451,-6.530291109362707,8.49724626278521,-25.01420185570914,1.8518518518518121,40.740740740740854,False,26.36,False,False,False,False,True,False
730,002209,达 意 隆,C 制造业,腾讯前复权日K回退（成交额、换手率已提供）,False,2026-07-29,10.66,10.132000000000001,10.2255,True,True,False,True,11.08,-3.7906137184115516,False,52.32943097189884,-0.2889813455427568,-0.4169108821274777,0.2558590731694418,True,False,False,False,,,10.634107054157282,7.58439992633753,16.733521309796785,False,False,2026-07-27,2.0,True,38236.0,41120.0,0.929863813229572,False,40566400.0,2.42,16.76297520661157,2.205177372962619,3.9309683604985635,4.249180969145762,34.14634146341476,65.85365853658523,False,15.64,False,False,False,False,False,False
731,002210,飞马国际,L 商务服务,腾讯前复权日K回退（成交额、换手率已提供）,False,2026-07-29,2.24,2.2039999999999997,2.1580000000000004,True,True,True,True,2.36,-5.08474576271185,False,51.01723004688678,-0.04246577793114481,-0.07335892942087748,0.06178630297946533,True,False,False,False,2026-07-03,18.0,12.393310718028872,10.379092976719948,16.42174620064672,False,False,2026-07-23,4.0,True,591264.0,671243.8,0.8808483594187387,False,132597200.0,2.23,59.46062780269058,0.9009009009008917,3.6036036036035863,3.79981464318813,49.99999999999972,50.00000000000028,False,3.43,False,False,False,False,True,False
732,002211,ST宏达,C 制造业,腾讯前复权日K回退（成交额、换手率已提供）,False,2026-07-29,3.96,3.694,3.6575,True,True,True,True,4.47,-11.409395973154359,False,57.26701023898212,-0.028750479988118638,-0.09362840246379192,0.12975584495134657,True,False,False,False,2026-07-28,1.0,53.47523788303465,37.68900235842435,85.04770893225526,False,False,,,False,333910.0,83832.0,3.983085218055158,False,133303000.0,7.72,17.26722797927461,-4.807692307692313,8.89423076923077,8.270676691729316,13.51351351351346,32.43243243243245,False,4.47,False,True,False,False,False,False
733,002212,天融信,I 信息技术,腾讯前复权日K回退（成交额、换手率已提供）,False,2026-07-29,6.6,5.792,5.6315,True,True,True,True,6.05,9.090909090909088,True,65.4469825996128,-0.05560309662676133,-0.18152671492115743,0.2518472365887922,True,False,False,False,2026-07-08,15.0,26.12147165158562,16.48313845799751,45.398138038761836,False,False,2026-07-20,7.0,True,751935.0,358358.6,2.0982753030065417,True,494175300.0,6.44,76.7352950310559,9.999999999999986,4.499999999999993,17.197904643523035,0.0,100.0,True,7.79,False,False,False,False,False,True
734,002213,大为股份,C 制造业,腾讯前复权日K回退（成交额、换手率已提供）,False,2026-07-29,26.75,27.206,29.551499999999997,False,False,False,False,38.38,-30.302240750390837,False,39.434808869450706,-2.541016087926696,-2.5884556485884938,0.09487912132359533,True,False,True,False,,,23.636527010196616,22.24766528697369,26.41425045664247,False,False,2026-07-22,5.0,True,129395.0,176257.6,0.7341243725093273,False,341461700.0,6.26,54.54659744408946,-0.5206396429899618,6.1732986240238015,-9.48006023382907,0.0,63.253012048192815,False,46.3,False,True,False,False,False,False
735,002214,*ST大立,C 制造业,腾讯前复权日K回退（成交额、换手率已提供）,False,2026-07-29,13.26,12.784,13.058499999999999,True,True,False,True,14.99,-11.541027351567715,False,47.69486610525779,-0.5507068228580572,-0.7051966909800174,0.3089797362439204,True,False,False,False,2026-07-27,2.0,18.725897954003546,14.616522738451136,26.94464838510837,False,False,2026-07-21,6.0,True,33036.0,39226.4,0.8421879142618236,False,43314600.0,0.69,62.77478260869566,0.0,3.469079939668168,1.5430562468890083,23.913043478260796,76.0869565217392,True,20.14,False,False,False,False,False,False
736,002215,诺 普 信,C 制造业,腾讯前复权日K回退（成交额、换手率已提供）,False,2026-07-29,9.11,8.72,8.7775,True,True,False,True,9.4,-3.085106382978733,False,55.26842737665213,-0.06662406279544619,-0.10357224909823298,0.07389637260557358,True,False,False,False,2026-07-28,1.0,26.62467960696127,21.62138220760802,36.631274405667774,False,False,,,False,250801.0,140118.0,1.7899270614767553,False,227667100.0,3.1,73.441,3.640500568828209,5.574516496018205,3.788094559954424,28.571428571428676,71.42857142857133,True,10.74,False,False,False,False,False,False
737,002216,三全食品,C 制造业,腾讯前复权日K回退（成交额、换手率已提供）,False,2026-07-29,13.37,13.012,12.6915,True,True,True,True,13.11,1.9832189168573593,True,63.891744342585916,0.21096054525534313,0.14897718455546133,0.12396672139976361,True,False,False,False,2026-07-01,20.0,61.025851758942366,56.78699805693899,69.50355916294912,False,False,,,False,101561.0,72335.2,1.4040328913170905,False,135291000.0,1.61,84.03167701863353,2.295332823259355,3.4429992348890535,5.346097781980063,17.77777777777782,82.22222222222217,True,14.15,False,False,False,False,False,False
738,002217,ST合力泰,C 制造业,腾讯前复权日K回退（成交额、换手率已提供）,False,2026-07-29,1.43,1.408,1.5465,True,False,False,True,1.93,-25.90673575129534,False,32.66077698052496,-0.20584453925397606,-0.23036708853622853,0.04904509856450495,True,False,False,False,2026-07-21,6.0,1.8355223118530797,1.9160787236134758,1.6744094883322878,False,False,,,False,1453604.0,1215264.4,1.1961216011923004,False,206449400.0,2.0,103.2247,2.1428571428571352,3.5714285714285747,-7.533139346912386,20.0,80.0,True,3.76,False,False,False,False,False,False
739,002218,拓日新能,C 制造业,腾讯前复权日K回退（成交额、换手率已提供）,False,2026-07-29,4.06,4.069999999999999,3.7095,False,True,True,True,4.55,-10.769230769230774,False,55.93927131769436,-0.02794795567132713,-0.13571943047310248,0.2155429496035507,True,False,False,False,2026-07-01,20.0,16.245789536915574,12.977646782827065,22.78207504509259,False,False,2026-07-21,6.0,True,1223373.0,1436398.8,0.8516945294022802,False,491242300.00000006,8.82,55.69640589569161,0.7444168734491052,4.466501240694793,9.448712764523517,11.111111111111358,88.88888888888864,True,6.46,False,False,False,False,False,False
740,002219,新里程,Q 卫生,腾讯前复权日K回退（成交额、换手率已提供）,False,2026-07-29,2.11,2.0620000000000003,1.9605000000000001,True,True,True,True,2.16,-2.314814814814827,False,60.29836170139638,0.03329458352519321,0.008848452001177117,0.04889226304803219,True,False,False,False,2026-07-03,18.0,42.620761521524535,38.525729250293914,50.81082606398577,False,False,,,False,965672.0,927105.0,1.041599387340161,False,203813900.0,2.95,69.08945762711863,-0.4716981132075526,2.8301886792452855,7.625605712828347,49.99999999999963,33.33333333333333,False,2.39,False,False,False,False,False,False
741,002221,东华能源,F 批发零售,腾讯前复权日K回退（成交额、换手率已提供）,False,2026-07-29,5.51,5.404,5.359,True,True,True,True,5.64,-2.3049645390070905,False,48.72754951173517,-0.13897519624104593,-0.20169842972750718,0.1254464669729225,True,False,False,False,2026-07-03,18.0,8.014318546142091,7.248190319693177,9.546574999039917,True,False,,,False,303990.0,286364.0,1.0615510329510693,False,166816200.0,2.08,80.20009615384615,3.183520599250933,4.494382022471897,2.817689867512592,20.833333333333318,79.16666666666669,True,8.4,False,False,False,False,False,False
742,002222,福晶科技,C 制造业,腾讯前复权日K回退（成交额、换手率已提供）,False,2026-07-29,52.56,56.30800000000001,67.66150000000002,False,False,False,False,92.06,-42.90679991310015,False,29.501764035545776,-9.112281424671231,-8.518595898764586,-1.1873710518132903,False,True,False,False,,,8.335063413251513,10.096941888163366,4.811306463427808,False,False,,,False,406518.0,301713.0,1.3473665370733114,False,2160551600.0,8.68,248.9114746543779,-9.999999999999998,6.79794520547945,-22.319191859476973,0.0,0.0,False,124.5,False,False,False,False,False,False
743,002223,鱼跃医疗,C 制造业,腾讯前复权日K回退（成交额、换手率已提供）,False,2026-07-29,27.71,27.118000000000002,26.851499999999998,True,True,True,False,28.48,-2.703651685393257,False,57.52027567665209,0.26245089073789174,0.21500036261391114,0.09490105624796119,True,False,False,False,,,29.126807805452483,27.904100924062856,31.572221568231733,True,False,,,False,151899.0,99080.2,1.5330913744623043,False,419142200.0,1.61,260.3367701863354,3.011152416356877,4.089219330855024,3.1972143083254307,22.727272727272698,77.27272727272731,True,29.76,False,False,False,False,False,False
744,002224,三 力 士,C 制造业,腾讯前复权日K回退（成交额、换手率已提供）,False,2026-07-29,3.45,3.368,3.347,True,True,True,True,3.48,-0.8620689655172358,False,52.834220182037605,-0.03917256381728018,-0.06581379835745674,0.05328246908035311,True,False,False,False,2026-07-02,19.0,11.316190819844794,9.306600141963743,15.335372175606896,False,False,2026-07-28,1.0,True,142501.0,90236.6,1.579192921719125,False,49015300.0,1.77,27.692259887005648,1.7699115044247815,2.06489675516225,3.077382730803711,28.57142857142848,71.42857142857152,True,4.39,False,False,False,False,False,False
745,002225,濮耐股份,C 制造业,腾讯前复权日K回退（成交额、换手率已提供）,False,2026-07-29,3.55,3.4939999999999998,3.9075,True,False,False,True,4.9,-27.551020408163275,False,39.245214316006695,-0.23228717959917367,-0.19306827471586083,-0.07843780976662568,False,True,False,False,,,9.863931974925258,9.072911663534144,11.445972597707485,False,False,2026-07-28,1.0,True,279538.0,221468.6,1.2622015039603809,False,98257400.0,2.95,33.30759322033898,2.011494252873569,3.160919540229881,-9.149072296865013,18.18181818181822,81.81818181818178,True,4.9,False,False,False,False,False,False
746,002226,江南化工,C 制造业,腾讯前复权日K回退（成交额、换手率已提供）,False,2026-07-29,4.88,4.734,4.6145,True,True,True,True,4.79,1.8789144050104356,True,59.7548464940895,-0.00721171172729651,-0.05837597078985799,0.10232851812512296,True,False,False,False,2026-07-03,18.0,23.258564120361523,20.182135771926696,29.411420817231175,False,False,2026-07-15,10.0,True,275169.0,208878.4,1.3173645527732882,False,132889500.0,1.04,127.77836538461538,3.1712473572938604,4.439746300211415,5.753602773864998,19.04761904761907,80.95238095238093,True,6.54,False,False,False,True,False,False
747,002227,*ST特迅,C 制造业,腾讯前复权日K回退（成交额、换手率已提供）,False,2026-07-29,6.0,5.8420000000000005,6.1450000000000005,True,False,False,True,7.1,-15.492957746478869,False,42.9397281305242,-0.35164657428728496,-0.39968388650445974,0.09607462443434955,True,False,False,False,2026-07-27,2.0,15.048219561864556,11.645460457959581,21.853737769674506,False,False,2026-07-22,5.0,True,20416.0,28529.4,0.7156126662320272,False,12106099.999999998,0.83,14.585662650602407,1.8675721561969505,2.54668930390493,-2.359641985353954,0.0,100.0,True,9.51,False,True,False,False,False,False
748,002228,合兴包装,C 制造业,腾讯前复权日K回退（成交额、换手率已提供）,False,2026-07-29,3.04,2.9699999999999998,3.0085,True,True,False,True,3.18,-4.402515723270444,False,49.764448117789954,-0.04995125357670416,-0.06276788887714603,0.025633270600883745,True,False,False,False,2026-07-27,2.0,12.905716403749912,10.4608654030978,17.795418405054132,False,False,2026-07-27,2.0,True,191644.0,180412.0,1.0622574995011418,False,58090500.0,1.58,36.76613924050633,1.333333333333342,2.6666666666666687,1.0470334053514994,25.0,75.0,True,3.92,False,False,False,False,False,False
749,002229,鸿博股份,C 制造业,腾讯前复权日K回退（成交额、换手率已提供）,False,2026-07-29,10.02,9.940000000000001,9.71,True,True,True,True,10.97,-8.659981768459444,False,45.47080364061345,-0.5602218851438838,-0.7977736369609717,0.47510350363417575,True,False,False,False,2026-07-09,14.0,10.964245386544262,9.228768180828858,14.435199797975066,False,False,2026-07-21,6.0,True,315146.0,326069.6,0.9664991768628539,False,314410400.0,6.39,49.20350547730829,0.8048289738430636,3.420523138832997,3.1925849639546726,29.41176470588226,70.58823529411774,True,19.16,False,False,False,False,False,False
750,002230,科大讯飞,I 信息技术,腾讯前复权日K回退（成交额、换手率已提供）,False,2026-07-29,40.07,39.79600000000001,40.9505,True,False,False,False,44.2,-9.343891402714938,False,43.44591566542082,-0.7769154943161851,-0.7622573393016963,-0.02931631002897772,False,True,False,False,,,10.538090259117652,11.039452340850389,9.53536609565218,False,False,,,False,305619.0,342527.4,0.8922468684257083,False,1219474300.0,1.4,871.0530714285715,0.6531022356191851,2.461693041949269,-2.150156896741182,21.428571428571427,78.57142857142857,True,50.89,False,False,False,False,True,False
751,002232,启明信息,I 信息技术,腾讯前复权日K回退（成交额、换手率已提供）,False,2026-07-29,13.88,13.572,13.928,True,False,False,True,15.33,-9.458577951728632,False,46.9561374202457,-0.3530920063711509,-0.4202564328303185,0.13432885291833518,True,False,False,False,2026-07-27,2.0,12.894749537382737,10.792661461641819,17.098925688864572,False,False,2026-07-28,1.0,True,35341.0,36624.0,0.9649683267802533,False,49008100.00000001,0.87,56.33114942528737,0.9454545454545604,2.3272727272727165,-0.3446295232624931,46.87499999999977,53.12500000000022,False,18.64,False,False,False,False,False,False
752,002233,塔牌集团,C 制造业,腾讯前复权日K回退（成交额、换手率已提供）,False,2026-07-29,7.61,7.295999999999999,7.4159999999999995,True,True,False,True,7.88,-3.4263959390862886,False,55.2982374675881,-0.08096670618394786,-0.10852200276756359,0.055110593167231464,True,False,False,False,2026-07-28,1.0,18.641689713195507,16.21774347400989,23.489582191566747,True,False,,,False,191035.0,107278.6,1.7807372579433363,False,144461100.0,1.63,88.62644171779142,4.965517241379325,5.793103448275861,2.6159654800431613,11.904761904761864,88.09523809523813,True,8.96,False,True,False,False,True,False
753,002234,民和股份,A 农林牧渔,腾讯前复权日K回退（成交额、换手率已提供）,False,2026-07-29,6.9,6.856,7.042,True,False,False,True,7.44,-7.258064516129033,False,46.49450376827641,-0.07858941539878295,-0.06674512019897291,-0.02368859039962007,False,True,False,False,,,18.986747516867403,19.010007302396215,18.94022794580978,False,False,,,False,39562.0,40604.4,0.974327905350159,False,27292800.000000004,1.31,20.834198473282445,1.024890190336758,2.6354319180087935,-2.016472593013341,44.444444444444336,55.55555555555567,False,8.97,False,True,False,False,True,False
754,002235,安妮股份,C 制造业,腾讯前复权日K回退（成交额、换手率已提供）,False,2026-07-29,7.5,7.2299999999999995,8.316500000000001,True,False,False,True,9.75,-23.076923076923077,False,42.05869066272154,-0.5041228758533389,-0.4314037441863037,-0.1454382633340705,False,True,False,False,,,13.328180144662342,12.09579494794611,15.792950538094807,False,False,2026-07-28,1.0,True,302492.0,357070.4,0.8471494696844095,False,226709900.00000003,5.46,41.52195970695971,-2.34375,4.817708333333323,-9.817832020681792,5.405405405405301,27.02702702702699,False,12.68,False,False,False,False,False,True
755,002236,大华股份,C 制造业,腾讯前复权日K回退（成交额、换手率已提供）,False,2026-07-29,16.42,16.558,16.6115,False,False,False,False,17.84,-7.959641255605371,False,47.77871772966828,-0.04422372403391961,-0.04247316103124024,-0.0035011260053587345,False,True,False,True,2026-07-23,4.0,22.007952578957447,23.11807796532746,19.787701806217427,False,False,,,False,453783.0,393990.4,1.1517615657640388,False,742231500.0,1.9,390.64815789473687,0.30543677458767515,2.504581551618816,-1.1528158203653962,26.82926829268278,73.17073170731722,True,18.49,False,True,False,False,True,False
756,002237,恒邦股份,C 制造业,腾讯前复权日K回退（成交额、换手率已提供）,False,2026-07-29,13.21,12.937999999999999,12.889000000000001,True,True,True,True,14.77,-10.561949898442782,False,50.76251804914239,-0.20999741874791766,-0.2904279556270215,0.16086107375820768,True,False,False,False,2026-07-22,5.0,14.425935239253159,12.865802849494855,17.546200018769767,False,False,2026-07-21,6.0,True,220136.0,251755.6,0.8744035882419299,False,286641300.0,1.85,154.94124324324324,3.1225604996096834,5.386416861826693,2.490495771588174,21.73913043478242,78.26086956521759,True,17.39,False,False,False,False,False,False
757,002238,天威视讯,I 信息技术,腾讯前复权日K回退（成交额、换手率已提供）,False,2026-07-29,5.91,5.692,5.5785,True,True,True,True,5.9,0.1694915254237252,True,55.676862803089776,-0.05147623083277608,-0.12011476821999491,0.13727707477443765,True,False,False,False,2026-07-03,18.0,18.813581253149362,14.58285040699261,27.27504294546286,False,False,2026-07-27,2.0,True,58152.0,51260.6,1.134438535639458,False,34253200.0,0.72,47.573888888888895,1.546391752577314,3.6082474226804115,5.942457649905891,28.57142857142839,71.4285714285716,True,7.64,False,False,False,False,False,False
758,002239,奥特佳,C 制造业,腾讯前复权日K回退（成交额、换手率已提供）,False,2026-07-29,2.55,2.488,2.4535,True,True,True,True,2.56,-0.390625000000009,False,56.557502555744456,-0.006117463791352584,-0.023456456762915225,0.03467798594312528,True,False,False,False,2026-07-14,11.0,19.56943234705845,15.403071562512993,27.902153916149356,False,False,2026-07-23,4.0,True,662589.0,517049.4,1.2814810345007652,False,167890099.99999997,2.03,82.70448275862068,2.0000000000000018,2.400000000000002,3.933156714897078,16.666666666667037,83.33333333333296,True,2.92,False,False,False,False,False,False
759,002240,盛新锂能,C 制造业,腾讯前复权日K回退（成交额、换手率已提供）,False,2026-07-29,29.08,29.118000000000002,32.9675,False,False,False,True,46.43,-37.36808098212363,False,36.13086178944128,-4.102880967733444,-4.257271096398856,0.3087802573308238,True,False,True,False,,,10.53404708390444,9.275087497833114,13.051966256047091,False,False,2026-07-22,5.0,True,592209.0,537370.4,1.1020499082197306,False,1707631000.0,6.49,263.1172573189522,2.1426062521952893,8.921671935370563,-11.791916281186026,29.527559055118118,70.47244094488188,True,63.13,False,True,False,False,True,False
760,002241,歌尔股份,C 制造业,腾讯前复权日K回退（成交额、换手率已提供）,False,2026-07-29,23.69,22.913999999999998,22.304,True,True,True,True,23.87,-0.7540846250523657,False,56.960013938088814,-0.008342339466903326,-0.2098700049959663,0.40305533105812597,True,False,False,False,2026-07-13,12.0,32.65245477273357,29.776408480553357,38.404547357094,False,False,,,False,1396937.0,893412.6,1.563596707724964,False,3290107800.0000005,4.44,741.0152702702704,3.6761487964989126,4.595185995623635,6.214131994261132,27.61904761904752,72.38095238095248,True,28.98,False,False,False,False,True,False
761,002242,九阳股份,C 制造业,腾讯前复权日K回退（成交额、换手率已提供）,False,2026-07-29,9.16,8.703999999999999,8.3255,True,True,True,True,9.18,-0.21786492374727207,False,64.72938686867448,0.07831480531386781,-0.05847073117197388,0.27357107297168337,True,False,False,False,2026-07-01,20.0,23.970922433643256,18.483886374360264,34.944994552209245,False,False,,,False,172860.0,111649.6,1.5482366260156775,False,156881000.0,2.27,69.11057268722466,1.439645625692143,2.8792912513842728,10.023422016695697,7.692307692307534,92.30769230769246,True,11.33,False,False,False,False,False,True
762,002243,力合科创,C 制造业,腾讯前复权日K回退（成交额、换手率已提供）,False,2026-07-29,6.91,6.728,6.691,True,True,True,True,7.45,-7.248322147651007,False,50.048277037167644,-0.1413490392588388,-0.21434881826894242,0.14599955802020725,True,False,False,False,2026-07-03,18.0,14.112964945469846,12.650059433136347,17.038775970136843,False,False,2026-07-28,1.0,True,152781.0,146012.8,1.046353470380679,False,104831900.0,1.27,82.5448031496063,1.9174041297935096,3.097345132743362,3.2730533552533303,14.285714285714407,85.7142857142856,True,9.58,False,False,False,False,True,False
763,002244,滨江集团,K 房地产,腾讯前复权日K回退（成交额、换手率已提供）,False,2026-07-29,9.45,8.912,8.3865,True,True,True,True,9.14,3.3916849015317143,True,62.934063834969905,0.12795323566541938,-0.020172682146578372,0.2962518356239955,True,False,False,False,2026-07-03,18.0,37.17212294017738,32.911007287498194,45.69435424553575,False,False,,,False,534624.0,234562.8,2.279236093702838,True,500749600.0,1.94,258.11835051546393,6.179775280898858,8.876404494382012,12.681094616347696,18.987341772151964,81.01265822784804,True,11.97,False,True,False,False,True,False
764,002245,蔚蓝锂芯,C 制造业,腾讯前复权日K回退（成交额、换手率已提供）,False,2026-07-29,16.05,16.491999999999997,18.509999999999998,False,False,False,False,22.52,-28.73001776198934,False,40.01329197243158,-0.9656242694485293,-0.6825830817419938,-0.566082375413071,False,True,False,False,,,44.69318921045016,48.17072691866955,37.73811379401137,False,False,,,False,875885.0,741802.0,1.1807530850550416,False,1375927900.0,5.45,252.46383486238534,-0.06226650062265415,6.72478206724781,-13.290113452187994,15.740740740740595,84.2592592592594,True,23.21,False,False,False,False,True,False
765,002246,北化股份,C 制造业,腾讯前复权日K回退（成交额、换手率已提供）,False,2026-07-29,20.28,19.592000000000002,18.479000000000003,True,True,True,True,20.39,-0.539480137322214,False,59.79496028682739,-0.03844922502727499,-0.41245088211405057,0.7480033141735511,True,False,False,False,2026-07-13,12.0,23.6296660903561,18.38153537381343,34.12592752344144,False,False,2026-07-22,5.0,True,183054.0,198837.6,0.9206206472015352,False,363802600.0,3.33,109.25003003003002,4.160246533127898,5.136106831022086,9.746198387358614,1.9999999999999574,98.00000000000004,True,27.15,False,False,False,False,False,False
766,002247,聚力文化,C 制造业,腾讯前复权日K回退（成交额、换手率已提供）,False,2026-07-29,2.12,2.044,2.105,True,True,False,True,2.28,-7.01754385964911,False,47.88959846910569,-0.0714150647567049,-0.08474582921761739,0.026661528921824995,True,False,False,False,2026-07-27,2.0,13.720289518824373,10.645747874630343,19.869372807212432,False,False,,,False,257771.0,242966.0,1.0609344517339874,False,54242000.0,4.01,13.526683291770576,2.9126213592232997,3.883495145631071,0.7125890736342102,25.0,75.0,True,2.97,False,False,False,False,False,False
767,002248,华东数控,C 制造业,腾讯前复权日K回退（成交额、换手率已提供）,False,2026-07-29,8.4,8.116,8.436,True,False,False,True,9.74,-13.757700205338807,False,45.201386610817586,-0.4119453520651515,-0.49419833309971484,0.1645059620691267,True,False,False,False,2026-07-24,3.0,11.184118038526934,8.420927524267816,16.710499067045173,False,False,2026-07-21,6.0,True,85198.0,60917.4,1.398582342647585,False,70884400.0,2.77,25.59003610108303,2.1897810218977964,3.041362530413625,-0.426742532005685,7.9999999999998295,92.00000000000017,True,14.05,False,False,False,False,False,False
768,002249,大洋电机,C 制造业,腾讯前复权日K回退（成交额、换手率已提供）,False,2026-07-29,7.23,7.0,7.226000000000001,True,True,False,True,8.78,-17.65375854214122,False,47.808192991913934,-0.27708701169453676,-0.3388808235892493,0.12358762378942512,True,False,False,False,2026-07-27,2.0,14.727387754508237,11.452288165794876,21.277586931934962,False,False,2026-07-21,6.0,True,521678.0,387479.4,1.3463373794839157,False,373740500.0,2.8,133.47875,3.1383737517831856,3.8516405135520753,0.05535566011624078,18.51851851851842,81.48148148148158,True,10.05,False,False,False,False,False,False
769,002250,联化科技,C 制造业,腾讯前复权日K回退（成交额、换手率已提供）,False,2026-07-29,15.63,15.565999999999999,15.398,True,True,True,False,17.17,-8.969132207338387,False,52.86110148795744,0.3658186558935288,0.38520291886672664,-0.03876852594639568,False,True,False,True,,,63.32011884214264,65.014418574729,59.9315193769699,False,False,,,False,182978.0,216541.6,0.8450016070815031,False,284052100.0,2.04,139.2412254901961,0.7087628865979356,4.961340206185576,1.5066891804130478,32.467532467532415,67.53246753246759,False,17.17,False,False,False,False,True,False
770,002251,步步高,F 批发零售,腾讯前复权日K回退（成交额、换手率已提供）,False,2026-07-29,3.7,3.5599999999999996,3.492,True,True,True,True,3.83,-3.394255874673626,False,53.69222945585167,-0.05622278311344475,-0.10476348698241578,0.09708140773794205,True,False,False,False,2026-07-14,11.0,16.186354259318033,12.887483608264612,22.784095561424873,False,False,2026-07-27,2.0,True,1256818.0,945525.8,1.3292265530988154,False,467422000.0,5.84,80.03801369863014,1.9283746556473913,4.1322314049586755,5.956471935853385,53.33333333333312,46.666666666666885,False,5.2,False,False,False,False,True,False
771,002252,上海莱士,C 制造业,腾讯前复权日K回退（成交额、换手率已提供）,False,2026-07-29,5.15,5.074,4.8725000000000005,True,True,True,False,5.34,-3.5580524344569193,False,59.29906388216149,0.09114831298876336,0.05575568759664798,0.07078525078423076,True,False,False,False,2026-07-03,18.0,45.715409454375724,43.82579819926639,49.49463196459439,False,False,,,False,551504.0,605049.2,0.9115027339925416,False,283275100.0,0.84,337.2322619047619,1.980198019801982,2.9702970297029774,5.695228322216518,13.333333333333016,86.66666666666698,True,5.71,False,True,False,False,False,False
772,002253,川大智胜,I 信息技术,腾讯前复权日K回退（成交额、换手率已提供）,False,2026-07-29,8.92,8.686,9.2405,True,False,False,True,10.65,-16.244131455399064,False,40.6555111638487,-0.4993014533080391,-0.5204179340730457,0.04223296153001321,True,False,True,False,,,16.754696618209746,14.021124548095537,22.22184075843816,False,False,2026-07-21,6.0,True,44758.0,45163.8,0.9910149278847218,False,39955800.0,2.13,18.758591549295776,2.0594965675057253,5.263157894736832,-3.46842703316921,60.86956521739128,39.13043478260872,False,12.38,False,False,False,False,True,False
773,002254,泰和新材,C 制造业,腾讯前复权日K回退（成交额、换手率已提供）,False,2026-07-29,11.5,11.468,13.035,True,False,False,True,18.39,-37.46601413811854,False,35.84325043511747,-1.2582766469447098,-1.1618545528696176,-0.19284418815018434,False,True,False,False,,,13.990684579800897,14.918017802968919,12.136018133464852,False,False,,,False,261045.0,265730.0,0.9823693222443834,False,296553300.0,3.07,96.59716612377852,0.17421602787455193,3.4843205574912925,-11.775987725354815,12.500000000000167,87.49999999999983,True,21.5,False,False,False,False,False,False
774,002255,海陆重工,C 制造业,腾讯前复权日K回退（成交额、换手率已提供）,False,2026-07-29,8.3,8.07,8.3155,True,False,False,True,9.96,-16.666666666666664,False,46.007084490513144,-0.35348246945224204,-0.41781927182601253,0.12867360474754097,True,False,False,False,2026-07-27,2.0,12.797252815063397,9.132157651511234,20.127443142167724,False,False,2026-07-23,4.0,True,208536.0,157851.0,1.321093943022217,False,171918400.0,3.27,52.574434250764526,2.4691358024691468,5.0617283950617304,-0.18639889363236609,34.14634146341432,65.85365853658567,False,11.53,False,False,False,False,True,False
775,002256,兆新股份,D 水电煤气,腾讯前复权日K回退（成交额、换手率已提供）,False,2026-07-29,3.32,3.284,3.3165,True,True,False,True,3.88,-14.432989690721651,False,43.71247942090094,-0.1678149078120703,-0.20922426201569766,0.0828187084072547,True,False,False,False,2026-07-22,5.0,12.604566706780895,10.59080128403503,16.63209755227263,False,False,2026-07-21,6.0,True,673958.0,848125.2,0.7946444699438244,False,222175400.0,3.35,66.32101492537313,1.8404907975460238,3.98773006134969,0.10553294135383195,15.38461538461541,84.6153846153846,True,5.75,False,True,False,False,True,False
776,002258,利尔化学,C 制造业,腾讯前复权日K回退（成交额、换手率已提供）,False,2026-07-29,14.71,14.303999999999998,13.673999999999998,True,True,True,True,14.67,0.27266530334015626,True,59.88376158753428,0.2774692292448915,0.162805062829967,0.22932833282984894,True,False,False,False,2026-07-23,4.0,68.34443252202146,53.69606700121498,97.64116356363444,False,False,,,False,302689.0,295389.8,1.02471039961434,False,433586000.0,3.79,114.40263852242744,4.6975088967971645,6.334519572953741,7.576422407488689,3.370786516853858,96.62921348314613,True,14.67,True,False,False,False,False,False
777,002259,升达林业,D 水电煤气,腾讯前复权日K回退（成交额、换手率已提供）,False,2026-07-29,3.65,3.532,3.6115000000000004,True,True,False,True,4.02,-9.20398009950248,False,44.34713617184943,-0.18529121661655434,-0.23178385513881458,0.09298527704452048,True,False,False,False,2026-07-14,11.0,12.672825246176126,10.120187420560818,17.778100897406745,False,False,2026-07-21,6.0,True,172489.0,173622.4,0.9934720404740403,False,62393600.0,2.29,27.246113537117907,2.8169014084507005,4.507042253521131,1.0660390419493155,25.0,75.0,True,6.12,False,False,False,False,True,False
778,002261,拓维信息,I 信息技术,腾讯前复权日K回退（成交额、换手率已提供）,False,2026-07-29,26.26,27.0,29.069,False,False,False,False,33.88,-22.491145218417945,False,40.02134886047054,-0.8980929530175139,-0.6156556015950834,-0.5648747028448611,False,True,False,False,,,7.369161588284993,9.52906972108767,3.049345322679642,False,False,,,False,540984.0,632915.8,0.8547487675295828,False,1408869700.0,4.72,298.48934322033904,-1.31529500187898,5.5618188650883145,-9.663215108878866,24.32432432432428,59.459459459459616,False,38.38,False,False,False,False,False,False
779,002262,恩华药业,C 制造业,腾讯前复权日K回退（成交额、换手率已提供）,False,2026-07-29,22.0,21.486,20.7155,True,True,True,True,21.95,0.22779043280182557,True,62.3363968205384,0.5100900528283248,0.4081316036399523,0.20391689837674487,True,False,False,False,,,71.2795047016931,66.9663939712277,79.90572616262389,False,False,,,False,198743.0,131550.6,1.5107722807801711,False,437321600.00000006,2.25,194.36515555555556,3.383458646616533,4.417293233082696,6.200670995148567,21.276595744680826,78.72340425531917,True,22.22,True,False,False,True,False,False
780,002263,大东南,C 制造业,腾讯前复权日K回退（成交额、换手率已提供）,False,2026-07-29,2.92,2.8400000000000003,2.876,True,True,False,True,3.34,-12.574850299401197,False,42.87301654011848,-0.20328302988489133,-0.2530022865486588,0.09943851332753495,True,False,False,False,2026-07-23,4.0,10.098521543460324,7.943117428481433,14.409329773418106,False,False,2026-07-22,5.0,True,524592.0,528066.4,0.9934205243885996,False,152035400.0,2.79,54.49297491039427,1.7421602787456303,3.4843205574912925,1.5299026425591113,20.0,80.0,True,4.45,False,False,False,False,False,False
781,002264,新 华 都,I 信息技术,腾讯前复权日K回退（成交额、换手率已提供）,False,2026-07-29,6.27,6.144,6.0145,True,True,True,True,6.45,-2.790697674418614,False,54.560817291974836,-0.017431085529173274,-0.08226933702126946,0.12967650298419237,True,False,False,False,2026-07-01,20.0,21.32654102992451,18.247338479244164,27.4849461312852,False,False,,,False,197862.0,156801.0,1.2618669523791302,False,125097500.0,3.04,41.15049342105263,0.0,2.232854864433821,4.248067171003402,78.57142857142848,7.142857142856962,False,8.65,False,False,False,False,False,False
782,002265,建设工业,C 制造业,腾讯前复权日K回退（成交额、换手率已提供）,False,2026-07-29,18.45,18.721999999999998,17.3885,False,True,True,True,20.72,-10.955598455598455,False,53.536587251818,-0.06711807550297877,-0.4522085433386141,0.7701809356712707,True,False,False,False,2026-07-20,7.0,22.2312338787391,18.11618736682415,30.461326902569,False,False,2026-07-23,4.0,True,200166.0,245323.0,0.8159283882880937,False,368418600.0,1.94,189.90649484536084,0.10851871947910041,5.642973412913723,6.104609368260625,61.53846153846164,38.46153846153836,False,26.22,False,True,False,False,True,False
783,002266,浙富控股,N 公共环保,腾讯前复权日K回退（成交额、换手率已提供）,False,2026-07-29,4.6,4.532,4.883,True,False,False,True,5.82,-20.962199312714784,False,44.694450414216654,-0.14927994697356706,-0.11001138247649583,-0.07853712899414245,False,True,False,False,,,30.144134838732345,31.68761794184293,27.05716863251118,False,False,,,False,996679.0,767094.4,1.299291195451303,False,453475600.0,2.06,220.133786407767,2.9082774049216997,5.369127516778528,-5.795617448289993,29.166666666666757,70.83333333333324,True,5.82,False,False,False,False,False,False
784,002267,陕天然气,D 水电煤气,腾讯前复权日K回退（成交额、换手率已提供）,False,2026-07-29,7.29,7.246,7.083,True,True,True,True,7.35,-0.8163265306122396,False,61.11589052056025,0.07920825458796621,0.05105282890666302,0.056310851362606384,True,False,False,False,2026-07-02,19.0,50.67986143276505,47.499425597756954,57.040733102781246,False,False,,,False,67350.0,67556.8,0.9969388721786704,False,49194300.0,0.61,80.64639344262295,1.3908205841446364,1.6689847009735759,2.922490470139769,33.33333333333333,66.66666666666666,False,7.95,False,False,False,False,True,False
785,002268,电科网安,I 信息技术,腾讯前复权日K回退（成交额、换手率已提供）,False,2026-07-29,14.2,13.972,14.2755,True,False,False,False,15.9,-10.691823899371075,False,51.02234924065779,0.022659926131670005,0.05662037138595658,-0.06792089050857315,False,True,False,False,,,29.21231095335305,27.476894145704915,32.68314456864932,False,False,,,False,126466.0,149790.4,0.84428641621893,False,179184400.0,1.5,119.45626666666666,1.0676156583629748,3.70106761565836,-0.5288781478757305,53.84615384615411,46.15384615384589,False,16.55,False,True,False,False,True,False
786,002269,美邦服饰,C 制造业,腾讯前复权日K回退（成交额、换手率已提供）,False,2026-07-29,1.38,1.3459999999999999,1.349,True,True,False,True,1.43,-3.4965034965034993,False,51.27677288237381,-0.0197471903188684,-0.028279842745812363,0.017065304853887922,True,False,False,False,2026-07-03,18.0,14.357605625528672,12.48005571228362,18.112705452018776,False,False,2026-07-28,1.0,True,542835.0,417205.8,1.3011204542218733,False,74629800.0,2.32,32.16801724137931,2.2222222222222143,2.962962962962949,2.2979985174203055,25.00000000000014,74.99999999999986,True,1.74,False,False,False,False,True,False
787,002270,华明装备,C 制造业,腾讯前复权日K回退（成交额、换手率已提供）,False,2026-07-29,19.89,19.152,18.4485,True,True,True,True,20.97,-5.15021459227467,False,56.11585865188977,-0.26431562722369506,-0.6360912621407336,0.7435512698340772,True,False,False,False,2026-07-20,7.0,16.092545947867794,10.744502932157403,26.78863197928858,False,False,,,False,347734.0,262051.6,1.3269676659100726,False,684682000.0,3.88,176.46443298969075,1.6871165644171793,4.703476482617578,7.813643385641117,20.652173913043274,79.34782608695673,True,26.48,False,True,False,False,False,True
788,002271,东方雨虹,C 制造业,腾讯前复权日K回退（成交额、换手率已提供）,False,2026-07-29,11.85,11.432,11.3415,True,True,True,True,12.55,-5.577689243027897,False,52.76483284573633,-0.24815021556935868,-0.3930827831827898,0.2898651352268622,True,False,False,False,2026-07-21,6.0,14.63817774326739,11.759098494409534,20.3963362409831,False,False,2026-07-21,6.0,True,500853.0,347550.0,1.4410962451445835,False,590051400.0,2.62,225.2104580152672,3.493449781659397,4.803493449781666,4.483533924084114,21.81818181818197,78.18181818181803,True,17.25,False,False,False,False,False,False
789,002272,川润股份,C 制造业,腾讯前复权日K回退（成交额、换手率已提供）,False,2026-07-29,13.85,14.947999999999999,19.148500000000002,False,False,False,False,25.99,-46.710273181993074,False,25.73083986724869,-1.970302000143839,-1.3497916015941342,-1.2410207970994094,False,True,False,False,,,7.69814451241065,13.375065617155352,-3.655697697078754,False,False,,,False,364675.0,287840.0,1.266936492495831,False,500219900.0,8.94,55.953008948545865,-3.7526059763724917,8.130646282140376,-27.670574718646378,3.4188034188033463,50.42735042735041,False,25.99,False,False,False,False,False,False
790,002273,水晶光电,C 制造业,腾讯前复权日K回退（成交额、换手率已提供）,False,2026-07-29,26.35,26.907999999999998,30.099,False,False,False,False,42.18,-37.529634898055946,False,37.70629649059955,-2.2679908369077744,-2.0862684293967617,-0.3634448150220253,False,True,False,False,,,22.771716326299664,24.84683114302128,18.62148669285643,False,False,,,False,502832.0,523110.2,0.9612353190589669,False,1310739800.0,3.69,355.2140379403794,0.9578544061302763,4.444444444444445,-12.455563307751085,28.44827586206882,71.55172413793119,True,44.1,False,False,False,False,True,False
791,002274,华昌化工,C 制造业,腾讯前复权日K回退（成交额、换手率已提供）,False,2026-07-29,5.55,5.468,5.3225,True,True,True,True,5.9,-5.932203389830517,False,56.78696562290134,0.058060073441135174,0.02529527235080687,0.06552960218065661,True,False,False,False,2026-07-02,19.0,34.653850413473,30.69603788195865,42.5694754765017,False,False,,,False,198486.0,230900.6,0.859616648895672,False,109725200.0,2.12,51.75716981132075,1.4625228519195677,2.925045703839125,4.274307186472523,12.500000000000277,87.49999999999972,True,6.74,False,True,False,False,False,False
792,002275,桂林三金,C 制造业,腾讯前复权日K回退（成交额、换手率已提供）,False,2026-07-29,13.22,13.128,13.255500000000001,True,False,False,True,13.9,-4.89208633093525,False,51.656219053106696,0.05997091321148851,0.08505452487858929,-0.050167223334201566,False,True,False,False,,,49.74370965649013,50.663017278563096,47.90509441234421,False,False,,,False,19873.0,22025.6,0.9022682696498621,False,26354500.0,0.36,73.20694444444445,0.6854531607006775,1.6755521706016803,-0.267813360491877,49.999999999999595,50.0000000000004,False,14.42,False,False,False,False,True,False
793,002276,万马股份,C 制造业,腾讯前复权日K回退（成交额、换手率已提供）,False,2026-07-29,10.06,9.748000000000001,9.713000000000001,True,True,True,True,10.94,-8.043875685557577,False,50.611966668118825,-0.2884530670089003,-0.417437243934895,0.25796835385198946,True,False,False,False,2026-07-16,9.0,11.159568401768267,8.172112972208003,17.134479260888792,False,False,2026-07-21,6.0,True,365836.0,201932.6,1.8116737961082063,True,364686800.0,3.63,100.46468319559229,3.9256198347107585,4.028925619834698,3.5725316586018687,12.820512820512587,87.17948717948741,True,13.93,False,False,False,False,True,False
794,002277,友阿股份,F 批发零售,腾讯前复权日K回退（成交额、换手率已提供）,False,2026-07-29,5.74,5.378,5.6775,True,True,False,True,6.78,-15.339233038348082,False,50.26998986816152,-0.20950579663689695,-0.2238050557877793,0.028598518301764686,True,False,True,False,,,20.329955532719108,16.19269896405005,28.604468670057223,False,False,,,False,496448.0,123025.2,4.035335849890917,False,284733400.0,3.56,79.98129213483146,7.8947368421052655,9.962406015037581,1.1008366358432407,20.754716981131992,79.24528301886801,True,7.56,False,False,False,False,False,False
795,002278,神开股份,C 制造业,腾讯前复权日K回退（成交额、换手率已提供）,False,2026-07-29,7.67,7.589999999999999,7.5115,True,True,True,True,8.02,-4.3640897755610935,False,48.17478246248892,-0.19935312542950445,-0.28925571569807884,0.17980518053714878,True,False,False,False,2026-07-02,19.0,10.806603098582292,8.463783187197764,15.492242921351345,False,False,2026-07-21,6.0,True,109198.0,157893.4,0.691593188822332,False,83523600.0,3.04,27.474868421052633,1.3210039630118908,2.6420079260237803,2.1100978499633904,30.00000000000022,69.99999999999977,False,11.14,False,False,False,False,True,False
796,002279,久其软件,I 信息技术,腾讯前复权日K回退（成交额、换手率已提供）,False,2026-07-29,6.67,6.17,5.849,True,True,True,True,6.47,3.0911901081916566,True,62.84484679511443,-0.015886498234419122,-0.1514191332588199,0.27106527004880154,True,False,False,False,2026-07-10,13.0,25.001399144632472,17.84457780892269,39.31504181605204,False,False,,,False,1222952.0,342175.2,3.574052123005992,True,831443600.0,15.37,54.09522446324008,3.091190108191655,8.346213292117465,14.036587450846294,81.48148148148154,18.51851851851845,False,8.47,False,True,False,False,True,True
797,002281,光迅科技,C 制造业,腾讯前复权日K回退（成交额、换手率已提供）,False,2026-07-29,169.26,182.59,204.06,False,False,False,False,264.88,-36.09936575052855,False,37.43964381057103,-12.520819594334114,-8.311564300568012,-8.418510587532204,False,True,False,False,,,51.05491114964986,54.78316600252267,43.59840144390425,False,False,,,False,435598.0,399651.2,1.0899454324170677,False,7238583700.0,5.58,1297.237222222222,-2.4831480094486436,9.316126058650681,-17.053807703616588,6.431663574520672,67.77983920841056,False,279.0,False,False,False,False,False,False
798,002282,博深股份,C 制造业,腾讯前复权日K回退（成交额、换手率已提供）,False,2026-07-29,5.73,5.65,5.696,True,True,False,True,5.98,-4.1806020066889635,False,48.134823273029234,-0.0871190234617405,-0.10708832488318891,0.039938602842896825,True,False,False,False,2026-07-14,11.0,11.074772400175362,8.805981898070314,15.612353404385459,False,False,2026-07-28,1.0,True,41313.0,35631.4,1.1594548628456922,False,23634899.999999996,0.82,28.8230487804878,1.5957446808510856,2.1276595744680873,0.5969101123595628,24.999999999999446,75.00000000000055,True,6.87,False,False,False,False,False,False
799,002283,天润工业,C 制造业,腾讯前复权日K回退（成交额、换手率已提供）,False,2026-07-29,8.11,8.022,8.598,True,False,False,True,10.74,-24.487895716946003,False,42.46367160926507,-0.5586636088193231,-0.6030076028485927,0.08868798805853917,True,False,False,False,2026-07-28,1.0,19.325589294792408,16.461791788205385,25.053184307966454,False,False,2026-07-23,4.0,True,265150.0,315027.6,0.8416722852219933,False,214344600.0,2.64,81.19113636363636,1.2484394506866447,5.3682896379525555,-5.675738543847421,39.53488372093024,60.465116279069754,False,13.24,False,False,False,False,True,False
800,002284,亚太股份,C 制造业,腾讯前复权日K回退（成交额、换手率已提供）,False,2026-07-29,9.51,9.024,9.2615,True,True,False,True,10.5,-9.42857142857143,False,50.24290677274707,-0.3686724720803216,-0.47493143353230044,0.21251792290395766,True,False,False,False,2026-07-23,4.0,9.51699597041096,6.399155439926852,15.752677031379177,False,False,2026-07-27,2.0,True,258918.0,136705.0,1.8939907099228266,True,242547000.0,3.54,68.51610169491525,5.315614617940212,7.973421926910287,2.6831506775360356,26.38888888888886,73.61111111111114,True,14.08,False,False,False,False,False,False
801,002285,世联行,K 房地产,腾讯前复权日K回退（成交额、换手率已提供）,False,2026-07-29,2.09,2.026,2.0309999999999997,True,True,False,True,2.19,-4.566210045662104,False,48.35718483152927,-0.07126724955503017,-0.09797466430181068,0.05341482949356102,True,False,False,False,2026-07-03,18.0,8.07342094526439,6.343253785992286,11.5337552638086,False,False,2026-07-27,2.0,True,386747.0,418085.2,0.9250435078782985,False,80588400.0,1.96,41.116530612244894,2.450980392156854,3.921568627450984,2.904972919743977,37.50000000000028,62.49999999999972,False,3.37,False,False,False,False,True,False
802,002286,保龄宝,C 制造业,腾讯前复权日K回退（成交额、换手率已提供）,False,2026-07-29,8.15,7.5120000000000005,7.877,True,True,False,True,8.82,-7.596371882086167,False,52.619519147111774,-0.2878362841748512,-0.3186727175334757,0.06167286671724903,True,False,True,False,,,13.761928592674503,7.9769294094828735,25.33192695905776,False,False,2026-07-28,1.0,True,183636.0,47670.6,3.852185623843627,False,146849400.0,4.97,29.547162977867202,9.986504723346833,8.771929824561408,3.4657864669290412,0.0,100.0,True,10.43,False,False,False,False,False,True
803,002287,奇正藏药,C 制造业,腾讯前复权日K回退（成交额、换手率已提供）,False,2026-07-29,20.68,20.384,20.596,True,True,False,True,22.13,-6.552191595119744,False,52.0094273787793,0.07707543666152006,0.11832792553346257,-0.08250497774388502,False,True,False,False,,,39.94771354987841,39.32753729204975,41.18806606553572,True,False,,,False,25134.0,25965.8,0.9679655546911707,False,51828800.0,0.44,117.79272727272728,2.073050345508376,2.8134254689042457,0.40784618372499337,15.789473684210492,84.21052631578951,True,22.77,False,False,False,False,False,False
804,002289,宇顺电子,C 制造业,腾讯前复权日K回退（成交额、换手率已提供）,False,2026-07-29,31.72,33.094,39.5105,False,False,False,False,50.98,-37.7795213809337,False,32.51467662835243,-2.7876894374585817,-1.8723147912249072,-1.830749292467349,False,True,False,False,,,31.248924305550663,35.82997871843812,22.08681547977575,False,False,,,False,42390.0,41433.8,1.0230777770805477,False,134181500.0,1.54,87.13084415584416,-2.9969418960244743,5.045871559633033,-19.717543437820332,10.303030303030393,42.42424242424232,False,51.0,False,False,False,False,True,False
805,002290,禾盛新材,C 制造业,腾讯前复权日K回退（成交额、换手率已提供）,False,2026-07-29,53.5,55.766,69.84,False,False,False,False,96.16,-44.36356073211314,False,29.629652184491405,-8.212345763707617,-6.742196206649829,-2.940299114115577,False,True,False,False,,,10.571230331428048,14.140455550324544,3.432779893635054,False,False,,,False,110480.0,85774.8,1.2880239883975246,False,582160400.0,4.47,130.237225950783,0.6774557771923151,8.97628904779826,-23.396334478808708,21.174004192872093,68.97274633123693,False,108.7,False,True,False,False,False,False
806,002291,遥望科技,I 信息技术,腾讯前复权日K回退（成交额、换手率已提供）,False,2026-07-29,4.93,4.806,4.8095,True,True,False,True,5.23,-5.736137667304028,False,49.00801165165799,-0.1076455698422274,-0.15357422075533936,0.09185730182622392,True,False,False,False,2026-07-03,18.0,12.588786873588417,11.373459003348911,15.019442614067426,False,False,2026-07-28,1.0,True,248464.0,222760.0,1.1153887592027294,False,122280600.0,2.86,42.75545454545455,1.4403292181069727,2.880658436213985,2.5054579478116192,28.571428571428665,71.42857142857135,True,7.05,False,False,False,False,False,False
807,002292,奥飞娱乐,C 制造业,腾讯前复权日K回退（成交额、换手率已提供）,False,2026-07-29,8.08,7.622,7.586000000000001,True,True,True,True,8.09,-0.12360939431396523,False,60.113924791542175,0.15298763261513315,0.11474394438040139,0.07648737646946352,True,False,False,False,2026-07-28,1.0,69.20123825807529,59.43486255154638,88.7339896711331,False,False,,,False,838198.0,722018.0,1.1609101158142872,False,677463000.0,8.23,82.31628189550425,2.020202020202011,3.661616161616162,6.5119957817031215,34.48275862068953,65.51724137931048,False,8.39,False,False,False,False,True,True
808,002293,罗莱生活,C 制造业,腾讯前复权日K回退（成交额、换手率已提供）,False,2026-07-29,11.29,11.187999999999999,11.034,True,True,True,True,11.85,-4.725738396624477,False,57.29922740187717,0.24039735930298534,0.2324173875523669,0.015959943501236862,True,False,False,False,2026-07-28,1.0,80.41674517234632,79.65735346816713,81.9355285807047,False,False,,,False,82262.0,109380.4,0.7520725833878831,False,93410800.0,0.99,94.35434343434343,-0.9649122807017685,2.1052631578947385,2.3201015044408053,25.000000000000185,12.499999999999723,False,11.85,False,False,False,False,False,False
809,002294,信立泰,C 制造业,腾讯前复权日K回退（成交额、换手率已提供）,False,2026-07-29,33.08,33.286,36.275999999999996,False,False,False,False,44.0,-24.818181818181824,False,44.30248713947117,-0.46463639359813413,0.048743123961587115,-1.0267590351194424,False,True,False,False,,,10.335067999250233,12.38921541941677,6.226773158917158,False,False,,,False,215318.0,286644.8,0.7511666006151168,False,717231500.0,1.93,371.6225388601036,0.6082725060827077,3.892944038929443,-8.810232660712312,78.90625000000033,21.09374999999967,False,51.7,False,True,False,False,True,False
810,002295,精艺股份,C 制造业,腾讯前复权日K回退（成交额、换手率已提供）,False,2026-07-29,8.03,7.81,8.1095,True,False,False,True,9.01,-10.876803551609328,False,43.26978928021668,-0.40007301807445206,-0.4620747412367441,0.12400344632458404,True,False,False,False,2026-07-27,2.0,14.056042049249347,11.130510880235185,19.90710438727767,False,False,,,False,27192.0,38367.0,0.7087340683399797,False,21767600.000000004,1.09,19.9702752293578,1.6455696202531511,2.531645569620255,-0.9803317097231794,25.000000000000334,74.99999999999967,True,12.24,False,False,False,False,True,False
811,002296,辉煌科技,C 制造业,腾讯前复权日K回退（成交额、换手率已提供）,False,2026-07-29,8.98,8.702,8.7795,True,True,False,True,9.42,-4.670912951167723,False,50.7131444854305,-0.18942596083299534,-0.25400174539929526,0.12915156913259984,True,False,False,False,2026-07-02,19.0,9.128091831971561,6.578993715555803,14.22628806480308,False,False,2026-07-28,1.0,True,95072.0,66665.4,1.4261070960348248,False,84954900.0,2.74,31.005437956204375,2.9816513761467878,4.013761467889903,2.2837291417506678,14.285714285713997,85.714285714286,True,12.25,False,False,False,False,False,False
812,002297,博云新材,C 制造业,腾讯前复权日K回退（成交额、换手率已提供）,False,2026-07-29,16.2,16.908,20.9975,False,False,False,False,30.33,-46.58753709198813,False,30.347795212998705,-2.4331702161091613,-1.9506872673862061,-0.9649658974459103,False,True,False,False,,,26.278902169241587,28.885445725376215,21.065815056972326,False,False,,,False,415924.0,418773.0,0.9931967915792088,False,669551000.0,7.26,92.22465564738293,-2.644230769230782,7.1514423076923155,-22.847958090248838,22.689075630252038,43.697478991596554,False,35.9,False,False,False,False,False,False
813,002298,中电鑫龙,C 制造业,腾讯前复权日K回退（成交额、换手率已提供）,False,2026-07-29,8.77,8.129999999999999,7.2909999999999995,True,True,True,True,8.6,1.976744186046511,True,63.34728544874337,0.00470476230178285,-0.2678200537849563,0.5450496321734783,True,False,False,False,2026-07-14,11.0,25.724628486701477,18.673157229631414,39.8275710008416,False,False,2026-07-21,6.0,True,1062534.0,671958.6,1.5812492019597637,False,906954600.0000001,16.08,56.402649253731354,10.037641154328725,10.664993726474274,20.285283225894943,0.0,100.0,True,12.01,False,False,False,False,False,True
814,002299,圣农发展,C 制造业,腾讯前复权日K回退（成交额、换手率已提供）,False,2026-07-29,16.37,16.056,16.068,True,True,False,True,16.87,-2.9638411381149967,False,54.31475812042692,-0.038647766038973685,-0.08693864662885235,0.09658176117975734,True,False,False,False,2026-07-01,20.0,28.98378850549402,27.264218430015216,32.422928656451624,True,False,,,False,114591.0,96356.8,1.1892362552513158,False,186233300.00000003,0.94,198.1205319148937,3.1505986137366104,4.158790170132315,1.8795120736868283,18.18181818181784,81.81818181818215,True,19.1,False,True,False,False,True,False
815,002300,太阳电缆,C 制造业,腾讯前复权日K回退（成交额、换手率已提供）,False,2026-07-29,7.27,7.07,6.416499999999999,True,True,True,True,7.8,-6.794871794871798,False,59.07096899519205,-0.072572125388505,-0.2966423094240494,0.4481403680710888,True,False,False,False,2026-07-02,19.0,23.07201809920373,17.2892607975129,34.637532702585396,False,False,2026-07-21,6.0,True,768914.0,623473.4,1.2332747475674182,False,547613000.0,10.65,51.419061032863844,2.8288543140028155,7.637906647807638,13.301644198550619,24.07407407407422,75.92592592592578,True,11.66,False,False,False,False,False,False
816,002301,齐心集团,C 制造业,腾讯前复权日K回退（成交额、换手率已提供）,False,2026-07-29,6.82,6.831999999999999,7.646499999999999,False,False,False,False,8.64,-21.064814814814817,False,37.32007686085204,-0.25277581091036705,-0.1243262072178273,-0.2568992073850795,False,True,False,False,,,19.606259870238212,27.28652828229382,4.245723046126997,False,False,,,False,167575.0,172710.4,0.9702658322834062,False,114440800.0,2.33,49.116223175965665,0.0,3.9589442815249334,-10.80886680180473,51.85185185185197,40.74074074074079,False,8.7,False,True,False,False,False,False
817,002302,西部建设,C 制造业,腾讯前复权日K回退（成交额、换手率已提供）,False,2026-07-29,4.56,4.462000000000001,4.429,True,True,True,True,4.63,-1.5118790496760321,False,51.889218635670964,-0.0561424101814012,-0.09215589751849465,0.0720269746741869,True,False,False,False,2026-07-06,17.0,11.753990213394752,9.692327727754245,15.87731518467577,False,False,2026-07-28,1.0,True,58433.0,69592.2,0.8396486962619374,False,26570000.0,0.46,57.76086956521739,1.5590200445434244,2.0044543429844066,2.9577782795213214,22.222222222222772,77.77777777777723,True,5.86,False,False,False,False,False,False
818,002303,美盈森,C 制造业,腾讯前复权日K回退（成交额、换手率已提供）,False,2026-07-29,4.44,4.484,4.4079999999999995,False,True,True,True,5.19,-14.45086705202312,False,54.34395067600717,0.16257720940341258,0.1906806841413458,-0.05620694947586646,False,True,False,False,,,68.53118112963882,67.92748879237122,69.73856580417404,False,False,,,False,744451.0,752185.2,0.9897176918663118,False,329013800.0,7.7,42.72906493506493,-3.056768558951961,4.36681222707424,0.7259528130671715,24.99999999999989,50.00000000000022,False,5.19,False,True,False,False,True,False
819,002304,洋河股份,C 制造业,腾讯前复权日K回退（成交额、换手率已提供）,False,2026-07-29,40.49,39.980000000000004,39.322500000000005,True,True,True,False,41.87,-3.295915930260319,False,53.67542912217627,-0.009785728219448231,-0.25353376775069497,0.4874960790624935,True,False,False,False,2026-07-02,19.0,22.614230849434918,21.548799054520156,24.74509443926444,False,False,,,False,102943.0,66723.8,1.5428228008596632,False,418374500.0,0.68,615.2566176470588,0.9222333000997063,2.4675972083748805,2.9690380825227205,50.505050505050406,49.494949494949594,False,48.36,False,False,False,False,True,False
820,002305,*ST南置,K 房地产,腾讯前复权日K回退（成交额、换手率已提供）,False,2026-07-29,1.95,1.904,1.9449999999999998,True,True,False,True,2.09,-6.698564593301431,False,48.39997762441536,-0.043316709434786604,-0.051507392539838104,0.016381366210103,True,False,False,False,2026-07-06,17.0,25.10111291166628,24.229253385076333,26.84483196484618,True,False,,,False,209265.0,126184.6,1.6584036403808389,False,40626000.0,1.21,33.57520661157025,2.6315789473684292,5.263157894736848,0.2570694087403659,40.0,60.0,False,2.49,False,False,False,False,False,False
821,002306,ST云网,H 住宿餐饮,腾讯前复权日K回退（成交额、换手率已提供）,False,2026-07-29,1.71,1.698,1.825,True,False,False,True,2.11,-18.957345971563978,False,35.38185464386842,-0.09279441685146228,-0.09288383104882426,0.00017882839472396772,True,False,True,False,,,12.74319947018432,10.891765650356916,16.446067109839127,False,False,2026-07-23,4.0,True,82395.0,71085.6,1.1590955130152942,False,14015500.0,1.01,13.876732673267327,0.0,1.7543859649122824,-6.301369863013698,33.33333333333333,66.66666666666666,False,2.46,False,False,False,False,True,False
822,002307,北新路桥,E 建筑业,腾讯前复权日K回退（成交额、换手率已提供）,False,2026-07-29,3.0,2.9259999999999997,2.9275,True,True,False,True,3.11,-3.5369774919614105,False,44.898087945198654,-0.13139257503435786,-0.17620650190395043,0.08962785373918514,True,False,False,False,2026-07-13,12.0,6.718501621533297,5.34792382728967,9.45965721002055,False,False,2026-07-27,2.0,True,247415.0,205906.8,1.201587320088506,False,73914100.0,1.52,48.627697368421046,2.3890784982935065,3.0716723549488005,2.4765157984628448,22.22222222222228,77.77777777777773,True,4.47,False,False,False,False,False,False
823,002309,中利集团,C 制造业,腾讯前复权日K回退（成交额、换手率已提供）,False,2026-07-29,3.28,3.084,2.7635,True,True,True,True,3.37,-2.6706231454006026,False,59.75043280104286,0.017900915241570114,-0.08852246791396373,0.2128467663110677,True,False,False,False,2026-07-14,11.0,25.13345497884431,19.81150619982571,35.7773525368815,False,False,,,False,4957107.0,2326828.6,2.130413473514981,True,1606696300.0,20.6,77.99496601941746,-2.670623145400597,6.231454005934717,18.690066944092624,23.80952380952394,76.19047619047606,True,5.34,False,True,False,False,True,True
824,002310,东方新能,D 水电煤气,腾讯前复权日K回退（成交额、换手率已提供）,False,2026-07-29,2.62,2.45,2.284,True,True,True,True,2.65,-1.1320754716981059,False,59.104988896321736,0.025763624752522585,-0.03221389196331719,0.11595503343167955,True,False,False,False,2026-07-01,20.0,24.090770603585117,19.61112189614808,33.05006801845919,False,False,2026-07-27,2.0,True,5307307.0,2129286.8,2.4925280145445887,True,1404685200.0,12.06,116.4747263681592,-1.1320754716981019,10.18867924528302,14.71103327495623,48.14814814814811,40.740740740740854,False,3.7,False,False,False,False,False,True
825,002311,海大集团,C 制造业,腾讯前复权日K回退（成交额、换手率已提供）,False,2026-07-29,48.18,48.2,46.9825,False,True,True,False,50.13,-3.889886295631364,False,60.744944575105706,1.0005150228277628,0.9295696726730356,0.1418907003094545,True,False,False,False,,,50.220086599817385,47.42435105351337,55.81155769242541,False,False,,,False,93968.0,84068.6,1.1177538343685989,False,456016900.0,0.57,800.0296491228072,0.2705515088449628,3.3922996878251723,2.5488213696589113,82.82208588957043,15.950920245398695,False,50.13,False,True,False,False,True,False
826,002312,川发龙蟒,C 制造业,腾讯前复权日K回退（成交额、换手率已提供）,False,2026-07-29,8.34,8.212,8.373999999999999,True,False,False,True,9.75,-14.461538461538462,False,46.056397912532276,-0.2549150506988944,-0.2976277709984411,0.0854254405990934,True,False,False,False,2026-07-27,2.0,7.800647819963828,5.935315504071315,11.531312451748855,False,False,2026-07-23,4.0,True,240854.0,202478.4,1.189529352266711,False,200339900.00000003,1.28,156.515546875,1.831501831501825,3.174603174603172,-0.4060186290900277,26.923076923077055,73.07692307692295,True,11.14,False,True,False,False,True,False
827,002313,日海智能,C 制造业,腾讯前复权日K回退（成交额、换手率已提供）,False,2026-07-29,7.88,7.640000000000001,7.7204999999999995,True,True,False,True,8.4,-6.190476190476195,False,50.738970080807064,-0.140728355111027,-0.19346590491258298,0.10547509960311197,True,False,False,False,2026-07-03,18.0,23.632773173688445,21.10652370473876,28.685272111587814,False,False,2026-07-27,2.0,True,74708.0,82222.2,0.9086110563813666,False,58475000.0,2.0,29.2375,1.546391752577314,3.737113402061856,2.065928372514739,24.137931034482854,75.86206896551715,True,10.54,False,False,False,False,False,False
828,002314,南山控股,K 房地产,腾讯前复权日K回退（成交额、换手率已提供）,False,2026-07-29,2.09,2.042,2.028,True,True,True,True,2.12,-1.4150943396226532,False,51.94003493343636,-0.029218976487182857,-0.04692723267962852,0.035416512384891324,True,False,False,False,2026-07-06,17.0,14.697344100472032,12.716941483655477,18.658149334105143,False,False,2026-07-28,1.0,True,244524.0,166679.0,1.467035439377486,False,51048200.0,1.83,27.8951912568306,1.4563106796116498,3.398058252427198,3.0571992110453565,42.85714285714304,57.14285714285696,False,2.75,False,False,False,False,False,False
829,002315,焦点科技,I 信息技术,腾讯前复权日K回退（成交额、换手率已提供）,False,2026-07-29,25.31,24.556,24.0505,True,True,True,True,26.04,-2.8033794162826435,False,55.160287180031375,-0.038547189589213104,-0.30242271996836856,0.5277510607583109,True,False,False,False,2026-07-01,20.0,23.64791345105303,21.102911775869394,28.737916801420297,False,False,2026-07-27,2.0,True,85035.0,83327.2,1.0204951084399811,False,214646500.0,3.23,66.45402476780185,0.7964954201513219,2.2700119474313034,5.236897361801207,29.82456140350906,70.17543859649095,True,33.72,False,False,False,False,False,False
830,002316,亚联发展,I 信息技术,腾讯前复权日K回退（成交额、换手率已提供）,False,2026-07-29,4.09,3.8739999999999997,3.9579999999999997,True,True,False,True,4.37,-6.407322654462249,False,50.717432077175324,-0.14768304002344923,-0.1936008471713229,0.09183561429574733,True,False,False,False,2026-07-27,2.0,20.21899465679297,15.174026258398271,30.30893145358236,False,False,2026-07-22,5.0,True,143799.0,170183.6,0.8449639095659041,False,58086800.0,4.22,13.764644549763034,2.7638190954773822,4.522613065326637,3.3350176856998517,11.111111111111358,88.88888888888864,True,5.8,False,False,False,False,False,False
831,002317,众生药业,C 制造业,腾讯前复权日K回退（成交额、换手率已提供）,False,2026-07-29,26.19,26.880000000000003,28.130000000000003,False,False,False,False,34.27,-23.577473008462217,False,47.933510347046536,0.5659071303130077,1.0865574955651924,-1.0413007305043696,False,True,False,False,,,58.82721710723297,62.593721195849646,51.29420892999961,False,False,,,False,284941.0,413665.4,0.6888199979983822,False,749616600.0,3.74,200.43224598930482,-1.132502831257065,4.492261230653068,-6.896551724137935,27.7310924369747,42.016806722689154,False,34.27,False,False,False,False,False,False
832,002318,久立特材,C 制造业,腾讯前复权日K回退（成交额、换手率已提供）,False,2026-07-29,20.32,19.806,19.85,True,True,False,True,24.18,-15.963606286186929,False,48.14342163894762,-0.8898508554612654,-1.2112455527458792,0.6427893945692276,True,False,False,False,2026-07-23,4.0,18.613926763737567,14.777202711414807,26.287374868383086,False,False,2026-07-17,8.0,True,108532.0,156423.6,0.6938339227584585,False,219221000.0,1.14,192.29912280701757,2.5227043390514625,3.9858728557013077,2.367758186397979,22.784810126582265,77.21518987341773,True,29.98,False,False,False,False,False,False
833,002319,乐通股份,C 制造业,腾讯前复权日K回退（成交额、换手率已提供）,False,2026-07-29,10.15,10.604000000000001,10.666,False,False,False,False,11.62,-12.650602409638545,False,43.748251355653224,-0.14331112229224807,-0.14809573586759908,0.00956922715070202,True,False,False,False,2026-07-22,5.0,32.50446146092651,32.60962936769531,32.294125647388896,False,True,,,False,107660.0,123817.4,0.8695062244886422,False,110092300.0,5.14,21.418735408560313,-1.742497579864466,3.4849951597289395,-4.837802362647666,36.111111111110894,22.22222222222228,False,12.6,False,False,False,False,False,False
834,002320,海峡股份,G 运输仓储,腾讯前复权日K回退（成交额、换手率已提供）,False,2026-07-29,6.6,6.417999999999999,6.3495,True,True,True,True,6.8,-2.941176470588238,False,53.04983997716025,-0.10460379924010521,-0.1750854972788253,0.14096339607744018,True,False,False,False,2026-07-02,19.0,10.74693602787113,7.9739036369146845,16.29300080978402,False,False,,,False,215327.0,184976.0,1.1640807456102413,False,141218900.0,0.96,147.10302083333335,2.4844720496894235,3.5714285714285783,3.9451925348452592,21.739130434782876,78.26086956521712,True,8.72,False,False,False,False,False,False
835,002321,华英农业,A 农林牧渔,腾讯前复权日K回退（成交额、换手率已提供）,False,2026-07-29,1.86,1.846,1.8470000000000002,True,True,False,True,1.96,-5.102040816326523,False,52.50233334864659,0.004544196608835982,0.002816639776500518,0.0034551136646709278,True,False,False,False,2026-07-01,20.0,28.488613606278886,28.14006333709138,29.185714144653893,True,False,,,False,238150.0,212832.6,1.118954521064912,False,44397100.0,1.12,39.64026785714285,0.540540540540535,2.162162162162152,0.7038440714672387,49.99999999999972,50.00000000000028,False,2.16,False,False,False,False,True,False
836,002322,理工能科,I 信息技术,腾讯前复权日K回退（成交额、换手率已提供）,False,2026-07-29,10.47,10.092,10.011,True,True,True,True,10.5,-0.28571428571427965,False,56.41723189165663,-0.08319813748877003,-0.16502555264385876,0.16365483031017747,True,False,False,False,2026-07-03,18.0,13.888024506517331,11.68579626583623,18.292480987879532,False,False,2026-07-28,1.0,True,44439.0,28031.6,1.5853179982591077,False,46239700.0,1.26,36.6981746031746,3.3563672260612076,4.343534057255689,4.584956547797437,18.181818181818148,81.81818181818186,True,12.35,False,False,False,False,False,False
837,002323,*ST雅博,E 建筑业,腾讯前复权日K回退（成交额、换手率已提供）,False,2026-07-29,1.31,1.294,1.3595,True,False,False,True,1.56,-16.025641025641026,False,45.38366594993319,-0.03143938097025489,-0.028450535122815285,-0.005977691694879217,False,True,False,False,,,10.818748429384721,10.947106016185678,10.562033255782808,False,False,,,False,318030.0,371651.8,0.8557203274678072,False,41462100.0,1.5,27.6414,0.7692307692307665,2.3076923076923097,-3.6410445016550117,33.33333333333333,66.66666666666666,False,1.67,False,True,False,False,True,False
838,002324,普利特,C 制造业,腾讯前复权日K回退（成交额、换手率已提供）,False,2026-07-29,8.93,8.654,9.730500000000001,True,False,False,True,12.5,-28.560000000000002,False,33.64987793847972,-0.9334131180481844,-0.9517720914955587,0.03671794689474872,True,False,True,False,,,5.780824340654245,4.075863982436721,9.190745057089293,False,False,2026-07-27,2.0,True,327555.0,298043.4,1.0990177940528123,False,286987100.0,4.22,68.00642180094788,2.408256880733939,6.192660550458705,-8.226709829916254,12.962962962963037,87.03703703703697,True,16.15,False,False,False,False,True,False
839,002326,永太科技,C 制造业,腾讯前复权日K回退（成交额、换手率已提供）,False,2026-07-29,18.86,18.392000000000003,19.81,True,False,False,True,28.62,-34.10202655485675,False,44.700205199293876,-1.2867492486323293,-1.3901258311523994,0.20675316504014019,True,False,False,False,2026-07-28,1.0,22.599254524512233,17.730859343866346,32.33604488580401,False,False,2026-07-23,4.0,True,510204.0,573995.4,0.8888642661596242,False,946625300.0,6.31,150.01985736925516,1.8358531317494542,7.505399568034561,-4.795557799091365,17.26618705035985,82.73381294964015,True,28.62,False,False,False,False,False,True
840,002327,富安娜,C 制造业,腾讯前复权日K回退（成交额、换手率已提供）,False,2026-07-29,6.5,6.356,6.343999999999999,True,True,True,True,6.56,-0.9146341463414575,False,56.544062405507795,-0.0037148037751064678,-0.02671358118868188,0.04599755482715082,True,False,False,False,2026-07-03,18.0,30.22484220498069,27.701772281708752,35.27098205152456,False,False,,,False,67018.0,50243.6,1.333861427127037,False,43639500.0,1.36,32.08786764705882,1.0886469673405896,2.6438569206842915,2.4590163934426323,47.058823529411825,52.94117647058817,False,7.54,False,False,False,False,True,False
841,002328,新朋股份,C 制造业,腾讯前复权日K回退（成交额、换手率已提供）,False,2026-07-29,6.57,6.444,6.8745,True,False,False,True,7.92,-17.04545454545454,False,39.049848497120294,-0.4360814636432515,-0.4736473256208079,0.0751317239551128,True,False,False,False,2026-07-28,1.0,7.853921189027312,7.432991461890377,8.695780643301182,True,False,2026-07-29,0.0,True,283463.0,263536.4,1.0756123252803027,False,184601400.0,4.97,37.14313883299799,2.1772939346812015,3.4214618973561532,-4.429413048221688,18.181818181818148,81.81818181818186,True,11.25,False,False,False,False,True,False
842,002329,皇氏集团,C 制造业,腾讯前复权日K回退（成交额、换手率已提供）,False,2026-07-29,3.29,3.226,3.242,True,True,False,True,3.61,-8.864265927977835,False,51.389973169658234,-0.020189637070636923,-0.0400046194335734,0.03962996472587295,True,False,False,False,2026-07-01,20.0,28.803562544760997,28.255890916738863,29.898905800805267,True,False,,,False,474161.0,333160.8,1.4232196584952372,False,154991100.0,7.28,21.289986263736264,1.8575851393188847,3.405572755417953,1.4805675508945109,9.090909090908909,90.90909090909109,True,4.92,False,False,False,False,True,False
843,002330,得利斯,C 制造业,腾讯前复权日K回退（成交额、换手率已提供）,False,2026-07-29,3.76,3.658,3.6705000000000005,True,True,False,True,3.98,-5.527638190954779,False,52.16172156779341,-0.036716735730083716,-0.05467116531850037,0.03590885917683331,True,False,False,False,2026-07-01,20.0,15.323477399711045,13.570760610591156,18.828910977950823,True,False,2026-07-29,0.0,True,98917.0,103947.8,0.9516026313207205,False,37022200.0,1.56,23.732179487179483,2.1739130434782483,2.9891304347826053,2.4383598964718494,18.18181818181822,81.81818181818178,True,4.83,False,False,False,False,False,False
844,002331,皖通科技,I 信息技术,腾讯前复权日K回退（成交额、换手率已提供）,False,2026-07-29,6.6,6.545999999999999,6.7265,True,False,False,True,7.56,-12.698412698412698,False,36.79672304621851,-0.350165355534541,-0.40760226430724306,0.11487381754540416,True,False,False,False,2026-07-24,3.0,11.224206328377596,9.346521050199875,14.979576884733035,False,False,2026-07-21,6.0,True,82730.0,68163.8,1.213694072220152,False,54473600.0,2.06,26.443495145631065,0.15174506828528056,3.3383915022761723,-1.88062142273099,31.818181818181984,54.545454545454255,False,10.74,False,True,False,False,False,False
845,002332,仙琚制药,C 制造业,腾讯前复权日K回退（成交额、换手率已提供）,False,2026-07-29,8.47,8.362,8.417,True,True,False,True,8.88,-4.617117117117118,False,52.6412146157244,0.01400102945964754,0.020035413546368317,-0.012068768173441553,False,True,False,False,,,38.81667990361185,38.75196120451673,38.946117301802076,True,False,,,False,111679.0,118863.6,0.9395559279712208,False,94866299.99999999,1.13,83.95247787610619,0.9535160905840279,2.02622169249106,0.629678032553176,41.17647058823443,58.82352941176556,False,8.88,False,False,False,False,False,False
846,002333,罗普斯金,C 制造业,腾讯前复权日K回退（成交额、换手率已提供）,False,2026-07-29,5.32,5.212000000000001,4.933,True,True,True,True,5.33,-0.1876172607879885,False,64.53825344265047,0.07826587091510007,0.010577888291718636,0.13537596524676287,True,False,False,False,2026-07-22,5.0,35.56110491035971,28.83938368130571,49.004547368467705,False,False,2026-07-22,5.0,True,85430.0,148617.8,0.5748302020350188,False,45206800.0,1.28,35.3178125,1.526717557251911,2.099236641221363,7.84512467058586,18.18181818181789,81.81818181818211,True,5.58,False,True,False,False,False,False
847,002334,英威腾,C 制造业,腾讯前复权日K回退（成交额、换手率已提供）,False,2026-07-29,6.45,6.272,6.6095,True,False,False,True,7.31,-11.764705882352935,False,39.773805410985425,-0.40273563941829416,-0.4461958636022241,0.08692044836785984,True,False,False,False,2026-07-27,2.0,10.935823146280605,8.266125960265024,16.275217518311766,False,False,2026-07-21,6.0,True,128938.0,113701.6,1.1340033913331033,False,82426900.0,1.75,47.101085714285716,2.5437201907790197,3.1796502384737706,-2.4131931310991686,15.00000000000011,84.99999999999989,True,9.6,False,False,False,False,False,False
848,002335,科华数据,C 制造业,腾讯前复权日K回退（成交额、换手率已提供）,False,2026-07-29,28.8,29.622000000000003,32.9105,False,False,False,False,43.4,-33.6405529953917,False,30.177070838403964,-2.6137716755506233,-2.398059741992083,-0.4314238671170809,False,True,False,False,,,6.0719605758494835,6.874565147240227,4.466751433067996,False,False,,,False,242794.0,212237.2,1.1439747603153452,False,684349200.0,3.68,185.96445652173912,0.34843205574912606,5.087108013937285,-12.489934823232703,6.164383561643822,93.83561643835617,True,49.81,False,True,False,False,False,False
849,002337,赛象科技,C 制造业,腾讯前复权日K回退（成交额、换手率已提供）,False,2026-07-29,4.35,4.25,4.352,True,False,False,True,4.72,-7.83898305084746,False,45.27536263876629,-0.153404098445586,-0.18582737278649344,0.06484654868181489,True,False,False,False,2026-07-03,18.0,8.979878883867638,6.860512866122093,13.218610919358728,False,False,2026-07-27,2.0,True,81507.0,90423.4,0.9013927810721561,False,35417700.0,1.39,25.48035971223022,1.635514018691575,3.037383177570091,-0.04595588235295652,23.076923076923286,76.92307692307672,True,6.42,False,False,False,False,False,False
850,002338,奥普光电,C 制造业,腾讯前复权日K回退（成交额、换手率已提供）,False,2026-07-29,39.94,39.806,46.087,True,False,False,True,59.18,-32.510983440351474,False,36.81787433333404,-3.9700206249297665,-3.7360920973805514,-0.46785705509843023,False,True,False,False,,,11.516875846448386,9.875950240049145,14.798727059246868,False,False,2026-07-28,1.0,True,161915.0,45247.8,3.5784060219502383,True,643934700.0,6.75,95.39773333333333,-7.5890791300323945,8.954187875983335,-13.33781760583246,0.0,26.356589147286734,False,67.89,False,False,False,False,False,False
851,002339,积成电子,C 制造业,腾讯前复权日K回退（成交额、换手率已提供）,False,2026-07-29,7.17,7.0280000000000005,6.718500000000001,True,True,True,True,7.25,-1.1034482758620698,False,53.8773587664821,-0.1476712229231918,-0.2909920226651861,0.2866415994839886,True,False,False,False,2026-07-02,19.0,13.033277038380211,10.00726204870814,19.08530701772435,False,False,2026-07-21,6.0,True,255848.0,316005.6,0.8096312217251846,False,183071699.99999997,5.34,34.28308988764044,1.128349788434413,3.102961918194637,6.720250055816019,36.36363636363644,63.636363636363555,False,10.62,False,False,False,False,False,False
852,002340,格林美,C 制造业,腾讯前复权日K回退（成交额、换手率已提供）,False,2026-07-29,6.69,6.5840000000000005,6.513,True,True,True,True,7.08,-5.508474576271182,False,49.98026355320365,-0.13759057393039953,-0.20439782750136337,0.13361450714192769,True,False,False,False,2026-07-08,15.0,12.155961331657949,10.228596387274608,16.01069122042463,False,False,2026-07-21,6.0,True,1433518.0,1003683.0,1.4282577267922243,False,949646700.0,2.82,336.7541489361702,2.9230769230769393,3.9999999999999964,2.717641639797336,11.538461538461302,88.46153846153871,True,9.29,False,False,False,False,False,False
853,002342,巨力索具,C 制造业,腾讯前复权日K回退（成交额、换手率已提供）,False,2026-07-29,7.27,7.258,8.662,True,False,False,True,11.88,-38.80471380471381,False,35.203485528327036,-1.048734889222378,-1.0447344676092496,-0.008000843226256826,False,True,False,False,,,5.551546325388543,4.911946107176978,6.830746761811673,False,False,2026-07-22,5.0,True,532078.0,621183.0,0.856555958550057,False,383058100.0,5.57,68.77165170556553,-0.6830601092896238,4.234972677595636,-16.07019164165321,22.580645161290377,67.74193548387085,False,23.99,False,True,False,False,False,False
854,002343,慈文传媒,R 文化传播,腾讯前复权日K回退（成交额、换手率已提供）,False,2026-07-29,4.81,4.5600000000000005,4.5825000000000005,True,True,False,True,5.11,-5.870841487279857,False,54.39084911850948,-0.0668835752913095,-0.1074584511405395,0.08114975169845998,True,False,False,False,2026-07-02,19.0,16.77585396494602,13.377675561462526,23.572210771913003,False,False,2026-07-28,1.0,True,154334.0,122483.6,1.260038078567253,False,73622300.0,3.26,22.583527607361965,3.4408602150537426,3.6559139784946217,4.9645390070921795,11.764705882353217,88.23529411764677,True,6.38,False,False,False,False,False,False
855,002344,海宁皮城,L 商务服务,腾讯前复权日K回退（成交额、换手率已提供）,False,2026-07-29,3.73,3.654,3.6364999999999994,True,True,True,True,3.85,-3.1168831168831197,False,53.1827612089019,-0.017890046009468197,-0.03546431943504303,0.03514854685114967,True,False,False,False,2026-07-02,19.0,25.530416118272026,23.06214915995352,30.466950034909033,False,False,,,False,117000.0,81180.0,1.441241685144124,False,43892100.0,0.91,48.23307692307692,1.6348773841961872,3.2697547683923736,2.571153581740701,50.0,50.0,False,4.58,False,False,False,False,True,False
856,002345,潮宏基,C 制造业,腾讯前复权日K回退（成交额、换手率已提供）,False,2026-07-29,10.66,10.328,10.1575,True,True,True,True,10.82,-1.478743068391868,False,59.23635257645377,0.20561509908034736,0.16662005676499705,0.07799008463070062,True,False,False,False,2026-07-27,2.0,68.68343116166943,63.20335412944809,79.64358522611212,False,False,,,False,272794.0,265335.6,1.02810930760893,False,290246900.0,3.15,92.14187301587302,2.401536983669539,4.41882804995196,4.947083435884809,28.260869565217234,71.73913043478277,True,11.31,False,False,False,False,False,False
857,002346,柘中股份,C 制造业,腾讯前复权日K回退（成交额、换手率已提供）,False,2026-07-29,16.5,16.830000000000002,18.6215,False,False,False,False,22.39,-26.306386779812417,False,38.749803715314385,-0.7319780447250324,-0.41076692297966977,-0.6424222434907252,False,True,False,False,,,17.1558749674826,22.11063203240963,7.2463608376285364,False,False,,,False,45595.0,55404.4,0.8229490798564735,False,75016800.0,1.16,64.6696551724138,-1.4925373134328401,4.716417910447756,-11.392744945358864,35.44303797468328,31.645569620253198,False,24.24,False,False,False,False,False,False
858,002347,泰尔股份,C 制造业,腾讯前复权日K回退（成交额、换手率已提供）,False,2026-07-29,5.51,5.3,5.442500000000001,True,True,False,True,6.35,-13.228346456692913,False,46.210595655271305,-0.27547046693960464,-0.3460231425031166,0.14110535112702394,True,False,False,False,2026-07-15,10.0,12.21118202048576,9.276179790506069,18.081186480445144,False,False,2026-07-21,6.0,True,147728.0,115661.6,1.2772432682930204,False,80556800.0,2.99,26.942073578595313,2.7985074626865503,3.5447761194029916,1.2402388608176205,10.526315789473905,89.47368421052609,True,8.76,False,False,False,False,False,False
859,002348,高乐股份,C 制造业,腾讯前复权日K回退（成交额、换手率已提供）,False,2026-07-29,9.94,10.08,10.357499999999998,False,False,False,True,11.74,-15.332197614991488,False,44.40967260264907,-0.4264977612181955,-0.4717244335550386,0.09045334467368626,True,False,False,False,2026-07-27,2.0,33.09040533142632,33.02232787698214,33.22656024031467,False,False,,,False,146207.0,266223.4,0.5491891396473788,False,144363300.0,1.62,89.11314814814814,-0.5005005005005114,5.105105105105103,-4.030895486362527,37.25490196078423,52.94117647058817,False,16.09,False,True,False,False,False,False
860,002349,精华制药,C 制造业,腾讯前复权日K回退（成交额、换手率已提供）,False,2026-07-29,6.74,6.667999999999999,6.661,True,True,True,True,7.09,-4.936530324400559,False,52.710727610946115,0.02556909427371412,0.020154677455306445,0.010828833636815353,True,False,False,False,,,29.628099837416936,29.23472476944939,30.414849973352027,True,False,,,False,93104.0,115558.8,0.8056850711499254,False,62908500.0,1.14,55.18289473684211,0.7473841554558991,1.7937219730941585,1.1860081068908668,58.333333333333215,41.66666666666679,False,7.6,False,True,False,False,True,False
861,002350,北京科锐,C 制造业,腾讯前复权日K回退（成交额、换手率已提供）,False,2026-07-29,14.07,14.528,14.451999999999998,False,False,True,True,17.1,-17.71929824561404,False,47.034938655676164,-0.043570316201851256,-0.04858648741810309,0.010032342432503671,True,False,False,False,2026-07-27,2.0,36.10922060044654,36.38643742273882,35.55478695586197,False,True,,,False,145006.0,189362.4,0.7657592003481156,False,204526800.0,2.73,74.91824175824176,-3.0991735537190035,5.371900826446277,-2.6432327705507745,11.53846153846153,33.33333333333333,False,18.35,False,False,False,False,False,False
862,002351,漫步者,C 制造业,腾讯前复权日K回退（成交额、换手率已提供）,False,2026-07-29,10.23,9.932,9.684999999999999,True,True,True,True,10.51,-2.6641294005708787,False,58.146754250330396,0.032173305991465284,-0.046114569405649036,0.15657575079422864,True,False,False,False,2026-07-09,14.0,41.92777020922369,38.975164859690246,47.832980908290565,False,False,,,False,109209.0,82193.0,1.328689791101432,False,110930400.00000001,2.1,52.82400000000001,3.229061553985879,4.0363269424823445,5.627258647392893,4.999999999999889,95.00000000000011,True,11.56,False,False,False,False,False,False
863,002352,顺丰控股,G 运输仓储,腾讯前复权日K回退（成交额、换手率已提供）,False,2026-07-29,34.74,34.096000000000004,33.2115,True,True,True,True,34.68,0.17301038062284393,True,63.09370669423579,0.34392168353262065,0.1050455893719772,0.4777521883212869,True,False,False,False,2026-07-02,19.0,50.771401309652994,46.537239335829604,59.23972525729978,False,False,,,False,237676.0,191304.8,1.2423943361588419,False,828415300.0,0.5,1656.8306,0.46269519953732186,1.7061885482938213,4.60232148502778,54.237288135592955,45.762711864407045,False,37.39,False,False,False,False,True,False
864,002353,杰瑞股份,C 制造业,腾讯前复权日K回退（成交额、换手率已提供）,False,2026-07-29,139.7,139.808,142.7015,False,False,False,True,176.59,-20.890197632935056,False,48.941817429300606,-3.985800517188096,-4.469313685119928,0.9670263358636646,True,False,False,False,2026-07-28,1.0,56.21552982188664,53.45639953132697,61.73379040300598,False,False,,,False,240303.0,241725.0,0.9941172820353708,False,3332904099.9999995,3.48,957.7310632183907,2.78104767510301,6.753972925250153,-2.1033415906630424,37.908496732026315,62.09150326797369,False,176.59,False,False,False,False,True,True
865,002354,天娱数科,I 信息技术,腾讯前复权日K回退（成交额、换手率已提供）,False,2026-07-29,6.19,6.180000000000001,7.511500000000001,True,False,False,False,10.34,-40.13539651837524,False,38.641770057756915,-0.5138749453060134,-0.3216107953735089,-0.384528299865009,False,True,False,False,,,18.30320059743102,22.118115429354045,10.67337093358497,False,False,,,False,1582626.0,1791368.2,0.8834733138614385,False,971476799.9999999,9.74,99.74094455852153,-0.6420545746388395,4.4943820224719,-17.593024029820945,21.42857142857134,57.14285714285733,False,10.34,False,False,False,False,False,False
866,002355,兴民智通,C 制造业,腾讯前复权日K回退（成交额、换手率已提供）,False,2026-07-29,4.35,4.2299999999999995,4.2045,True,True,True,True,4.78,-8.995815899581602,False,49.09171986211095,-0.13498535008692158,-0.19880783259872234,0.1276449650236015,True,False,False,False,2026-07-02,19.0,8.988594333213397,7.442617506141588,12.080547987357015,False,False,2026-07-27,2.0,True,106689.0,116850.4,0.9130392364938418,False,46267500.0,1.73,26.744219653179194,1.87353629976581,2.8103044496487146,3.4605779521940603,33.33333333333333,66.66666666666666,False,6.77,False,False,False,False,True,False
867,002356,鹏飞绿能,F 批发零售,腾讯前复权日K回退（成交额、换手率已提供）,False,2026-07-29,2.6,2.5620000000000003,2.641,True,False,False,True,2.95,-11.864406779661019,False,42.472819554027474,-0.10885923907755446,-0.12182410765688506,0.025929737158661204,True,False,False,False,2026-07-27,2.0,8.997881653414284,6.637346121977738,13.718952716287378,False,False,2026-07-23,4.0,True,153851.0,151344.0,1.0165649117242836,False,39908300.0,1.17,34.10965811965812,1.5625,2.343750000000002,-1.5524422567209362,33.33333333333333,66.66666666666666,False,3.66,False,False,False,False,True,False
868,002357,富临运业,G 运输仓储,腾讯前复权日K回退（成交额、换手率已提供）,False,2026-07-29,8.54,8.346,8.7065,True,False,False,True,9.68,-11.776859504132238,False,44.017782683824755,-0.35415464693337206,-0.3768325472391815,0.045355800611618924,True,False,True,False,,,4.701412806388677,4.188652295215923,5.726933828734184,True,False,2026-07-29,0.0,True,85323.0,71023.6,1.2013330780191371,False,71904900.0,2.72,26.435625,2.891566265060219,3.975903614457832,-1.912364325503945,15.151515151515364,84.84848484848465,True,12.94,False,False,False,False,False,False
869,002358,森源电气,C 制造业,腾讯前复权日K回退（成交额、换手率已提供）,False,2026-07-29,5.67,5.548,5.3155,True,True,True,True,5.77,-1.733102253032923,False,55.22719965285235,-0.09055053305979577,-0.18848287178246165,0.19586467744533176,True,False,False,False,2026-07-15,10.0,18.27792986952774,13.418100863357077,27.997587881869062,False,False,2026-07-23,4.0,True,373145.0,413824.2,0.901699320629388,False,210117800.0,4.01,52.398453865336656,2.9038112522685955,4.174228675136124,6.669175054087099,13.043478260869648,86.95652173913035,True,8.01,False,False,False,False,False,False
870,002360,ST同德,C 制造业,腾讯前复权日K回退（成交额、换手率已提供）,False,2026-07-29,4.86,4.890000000000001,5.186999999999999,False,False,False,False,6.04,-19.536423841059598,False,41.995821859438045,-0.14271195149842253,-0.11123923534454602,-0.06294543230775301,False,True,False,False,,,22.442725671942554,25.52329412260475,16.281588770618164,False,False,,,False,44550.0,46672.0,0.9545337675694207,False,21384400.0,1.37,15.609051094890509,0.0,2.674897119341561,-6.304222093695761,15.384615384615069,84.61538461538493,True,6.49,False,True,False,False,True,False
871,002361,神剑股份,C 制造业,腾讯前复权日K回退（成交额、换手率已提供）,False,2026-07-29,9.26,9.416,10.834999999999999,False,False,False,True,15.53,-40.373470701867355,False,32.50399233340568,-1.464636730001354,-1.52229227147508,0.11531108294745174,True,False,False,False,2026-07-28,1.0,7.893039024704631,7.393662594964833,8.891791884184228,False,False,2026-07-22,5.0,True,554191.0,636494.8,0.8706921093463764,False,510961600.00000006,6.85,74.59293430656936,-1.8027571580063628,4.347826086956523,-14.536225196123667,9.756097560975832,48.78048780487786,False,23.55,False,False,False,False,False,False
872,002362,汉王科技,C 制造业,腾讯前复权日K回退（成交额、换手率已提供）,False,2026-07-29,14.93,14.456,14.6755,True,True,False,True,15.88,-5.982367758186404,False,47.396466017819414,-0.5231358354231581,-0.659657450106302,0.27304322936628767,True,False,False,False,2026-07-22,5.0,11.168079803047002,8.25810539162289,16.98802862589523,False,False,2026-07-27,2.0,True,36865.0,28593.8,1.2892655051094992,False,54560900.0,1.78,30.652191011235953,1.7723244717109843,3.408316291751875,1.7341828217096535,26.000000000000156,73.99999999999984,True,21.16,False,False,False,False,False,False
873,002363,隆基机械,C 制造业,腾讯前复权日K回退（成交额、换手率已提供）,False,2026-07-29,6.21,6.032,6.089,True,True,False,True,6.58,-5.623100303951369,False,49.85096735480468,-0.14488350612157586,-0.1930657267888767,0.0963644413346017,True,False,False,False,2026-07-03,18.0,11.921294581923034,9.33346203193507,17.09695968189896,False,False,2026-07-27,2.0,True,53293.0,50324.6,1.0589850689324902,False,32893300.0,1.28,25.697890625,2.4752475247524774,2.9702970297029805,1.9871900147807449,16.66666666666675,83.33333333333324,True,8.58,False,False,False,False,False,False
874,002364,中恒电气,C 制造业,腾讯前复权日K回退（成交额、换手率已提供）,False,2026-07-29,36.18,37.47,45.8215,False,False,False,False,59.86,-39.55897093217507,False,35.58792964283262,-4.05210149035387,-2.8968213294065346,-2.3105603218946706,False,True,False,False,,,35.332839379004874,40.362576717952095,25.273364701110438,False,False,,,False,361483.0,352062.6,1.026757741378948,False,1278020800.0,6.48,197.22543209876542,0.47209108580950065,5.970563732296581,-21.041432515303953,5.581395348837094,94.41860465116291,True,59.87,False,False,False,False,False,True
875,002365,永安药业,C 制造业,腾讯前复权日K回退（成交额、换手率已提供）,False,2026-07-29,12.69,12.512,11.619499999999999,True,True,True,True,14.0,-9.357142857142861,False,58.2810095628247,0.42183421552320866,0.266509632129345,0.31064916678772736,True,False,False,False,2026-07-01,20.0,62.05571317367478,55.979425049635466,74.20828942175342,False,False,,,False,289937.0,270687.4,1.0711137644382411,False,370035400.0,11.82,31.305871404399323,-2.758620689655178,3.29501915708812,9.212960970781884,20.930232558139515,20.930232558139515,False,14.14,False,False,False,False,False,True
876,002366,融发核电,C 制造业,腾讯前复权日K回退（成交额、换手率已提供）,False,2026-07-29,5.78,5.494,5.3205,True,True,True,True,6.1,-5.245901639344252,False,56.4871451358458,-0.11533364228367926,-0.23207714272993948,0.23348700089252045,True,False,False,False,2026-07-20,7.0,19.607720377262755,13.84497203188368,31.133217068020908,False,False,2026-07-20,7.0,True,1072772.0,697957.8,1.537015561685821,False,610262200.0,5.8,105.21762068965516,0.521739130434784,4.869565217391308,8.636406352786397,17.857142857142776,82.14285714285722,True,7.99,False,False,False,False,False,False
877,002367,康力电梯,C 制造业,腾讯前复权日K回退（成交额、换手率已提供）,False,2026-07-29,5.28,5.1739999999999995,5.7625,True,False,False,True,7.46,-29.2225201072386,False,39.131576087483616,-0.2664348120024158,-0.20586602234975146,-0.1211375793053287,False,True,False,False,,,8.730200660318685,8.337246334203476,9.516109312549101,True,False,2026-07-29,0.0,True,113109.0,108507.6,1.042406246198423,False,59506300.0,1.42,41.90584507042254,2.1276595744680993,2.7079303675048294,-8.373101952277656,14.285714285714013,85.71428571428599,True,7.46,False,False,False,False,False,False
878,002368,太极股份,I 信息技术,腾讯前复权日K回退（成交额、换手率已提供）,False,2026-07-29,13.93,13.547999999999998,13.690000000000001,True,True,False,True,14.82,-6.005398110661273,False,46.92682708488394,-0.44718821399204955,-0.5648174134506505,0.2352583989172019,True,False,False,False,2026-07-16,9.0,9.374275977109132,7.507763063271156,13.107301804785084,False,False,2026-07-28,1.0,True,93917.0,92123.6,1.0194673243338297,False,129845100.0,1.51,85.99013245033113,0.8689355539464039,3.4033309196234525,1.753104455807147,21.276595744680826,78.72340425531917,True,18.2,False,False,False,False,False,False
879,002369,卓翼科技,C 制造业,腾讯前复权日K回退（成交额、换手率已提供）,False,2026-07-29,5.61,5.258000000000001,5.2005,True,True,True,True,5.58,0.5376344086021551,True,57.04056825918555,-0.14096918247827261,-0.2306869537372594,0.17943554251797356,True,False,False,False,2026-07-10,13.0,20.411193026228812,14.065886413897433,33.10180625089157,False,False,2026-07-21,6.0,True,716607.0,174293.4,4.111498197866356,False,404567300.00000006,12.66,31.956342812006326,4.664179104477606,9.701492537313442,7.874242861263349,55.769230769230724,44.230769230769276,False,7.62,False,False,False,False,True,False
880,002370,亚太药业,C 制造业,腾讯前复权日K回退（成交额、换手率已提供）,False,2026-07-29,4.77,4.7459999999999996,5.213,True,False,False,True,6.07,-21.41680395387151,False,39.97367199104117,-0.2257807550614519,-0.18388238022428816,-0.08379674967432749,False,True,False,False,,,9.37379810437405,10.12093915350628,7.87951600610959,False,False,,,False,187347.0,214767.8,0.8723235047339499,False,89060500.0,2.51,35.48227091633466,-0.20920502092051096,2.9288702928870225,-8.497985804718981,42.85714285714331,57.142857142856684,False,6.82,False,False,False,False,True,False
881,002371,北方华创,C 制造业,腾讯前复权日K回退（成交额、换手率已提供）,False,2026-07-29,706.39,737.678,764.1809999999999,False,False,False,False,967.24,-26.96848765559737,False,44.967869099536685,-2.6851013076238814,6.796662058362412,-18.963526731972586,False,True,False,False,,,56.318317124663054,58.03710293623143,52.880745501526306,False,False,,,False,157943.0,158302.6,0.9977284011759756,False,10929790500.0,2.18,5013.6653669724765,-1.2041958041958067,8.858741258741263,-7.562475382141135,18.598042311335597,66.89295863593303,False,967.24,False,False,False,False,False,False
882,002372,伟星新材,C 制造业,腾讯前复权日K回退（成交额、换手率已提供）,False,2026-07-29,8.72,8.267999999999999,8.1385,True,True,True,True,8.69,0.34522439585732034,True,58.278490301656554,-0.11412619034697613,-0.2346516094369497,0.24105083817994716,True,False,False,False,2026-07-17,8.0,23.673229946968206,17.928653110485527,35.162383619933564,False,False,2026-07-16,9.0,True,278703.0,123612.2,2.2546560938159828,True,241013000.0,1.89,127.52010582010583,4.431137724550904,5.149700598802392,7.145051299379494,13.953488372092734,86.04651162790726,True,10.83,False,False,False,False,False,False
883,002373,千方科技,I 信息技术,腾讯前复权日K回退（成交额、换手率已提供）,False,2026-07-29,7.65,7.452,7.2555000000000005,True,True,True,True,7.58,0.9234828496042254,True,56.93206844935201,-0.017052613438707453,-0.09370058503192556,0.15329594318643622,True,False,False,False,,,16.783722473114647,13.917852328902447,22.515462761539045,False,False,,,False,213724.0,199881.0,1.0692562074434289,False,162695300.0,1.55,104.96470967741936,1.5936254980079667,2.5232403718459544,5.437254496588792,21.052631578947345,78.94736842105266,True,9.33,False,False,False,False,False,False
884,002374,中锐股份,C 制造业,腾讯前复权日K回退（成交额、换手率已提供）,False,2026-07-29,3.06,3.014,2.9715,True,True,True,True,3.51,-12.820512820512814,False,51.00256705991952,-0.07447693780081188,-0.11402711644605032,0.07910035729047687,True,False,False,False,2026-07-24,3.0,33.500304831951645,26.669085550081466,47.16274339569201,False,False,2026-07-21,6.0,True,231878.0,268003.0,0.8652067327604541,False,70925500.0,2.14,33.14275700934579,0.3278688524590345,2.6229508196721336,2.9782937910146474,37.49999999999972,62.50000000000028,False,4.0,False,True,False,False,False,False
885,002375,亚厦股份,E 建筑业,腾讯前复权日K回退（成交额、换手率已提供）,False,2026-07-29,3.52,3.4539999999999997,3.3964999999999996,True,True,True,True,3.58,-1.6759776536312863,False,53.372429000942375,-0.03230188541994572,-0.06536784877430366,0.06613192670871587,True,False,False,False,2026-07-03,18.0,14.789784374397115,12.863651378330436,18.642050366530473,False,False,2026-07-27,2.0,True,112691.0,101501.4,1.1102408439686546,False,39577200.0,0.85,46.56141176470589,1.4409221902017322,2.0172910662824157,3.636095981157085,28.571428571428665,71.42857142857135,True,4.96,False,False,False,False,False,False
886,002376,新北洋,C 制造业,腾讯前复权日K回退（成交额、换手率已提供）,False,2026-07-29,6.23,6.1579999999999995,6.0225,True,True,True,True,6.22,0.16077170418007516,True,56.770464398693704,0.013135892577074593,-0.027794402238276006,0.0818605896307012,True,False,False,False,2026-07-03,18.0,35.44186741944008,32.00536523855431,42.31487178121161,False,False,,,False,88853.0,91249.8,0.9737336410600351,False,55416400.0,1.13,49.04106194690266,0.9724473257698651,1.9448946515396957,3.445413034454138,33.33333333333284,66.66666666666717,False,7.27,False,False,False,False,False,False
887,002377,国创高新,C 制造业,腾讯前复权日K回退（成交额、换手率已提供）,False,2026-07-29,2.55,2.504,2.6595000000000004,True,False,False,True,3.0,-15.000000000000005,False,43.49832927219372,-0.08160190156987168,-0.07497432198832427,-0.013255159163094832,False,True,False,False,,,9.629480159538936,9.324411514333773,10.239617449949261,True,False,2026-07-29,0.0,True,203975.0,206318.6,0.9886408690248965,False,51763800.0,2.34,22.12128205128205,2.0000000000000018,3.1999999999999846,-4.117315284827997,25.00000000000014,74.99999999999986,True,3.74,False,False,False,False,True,False
888,002378,章源钨业,C 制造业,腾讯前复权日K回退（成交额、换手率已提供）,False,2026-07-29,22.18,22.566,25.915,False,False,False,False,36.19,-38.71235147830892,False,34.17577403147976,-2.6740453772927317,-2.47199755813956,-0.40409563830634365,False,True,False,False,,,10.336078664885449,9.92492889649444,11.158378201667464,False,False,2026-07-21,6.0,True,275483.0,286113.0,0.9628468472246979,False,604528900.0,2.31,261.7008225108225,0.2259376412110381,5.603253502033432,-14.412502411730657,23.38709677419351,76.61290322580649,True,40.68,False,True,False,False,True,False
889,002379,宏桥控股,C 制造业,腾讯前复权日K回退（成交额、换手率已提供）,False,2026-07-29,20.52,19.776,17.243000000000002,True,True,True,True,20.45,0.34229828850855887,True,63.54063383895645,0.7266136635278535,0.2576533293638276,0.9379206683280518,True,False,False,False,2026-07-03,18.0,35.64603969904937,30.83216778292036,45.27378353130738,False,False,,,False,842461.0,801973.8,1.0504844422598343,False,1702727800.0,7.41,229.78782726045884,6.101344364012418,8.47983453981386,19.004813547526517,28.04878048780492,71.95121951219508,True,25.17,False,False,False,False,True,False
890,002380,科远智慧,I 信息技术,腾讯前复权日K回退（成交额、换手率已提供）,False,2026-07-29,27.3,27.201999999999998,29.761000000000003,True,False,False,True,36.85,-25.91587516960651,False,35.472521454532696,-2.3418625993279676,-2.3839345685754445,0.08414393849495383,True,False,True,False,,,4.257785696293497,4.539551427912112,3.6942542330562667,False,False,,,False,65500.0,53295.2,1.2290037376724359,False,179071300.0,4.61,38.84409978308026,2.2471910112359605,4.456928838951316,-8.26921138402608,40.336134453781504,59.663865546218496,False,51.06,False,True,False,False,True,False
891,002381,双箭股份,C 制造业,腾讯前复权日K回退（成交额、换手率已提供）,False,2026-07-29,5.13,5.032,5.202,True,False,False,True,5.55,-7.567567567567567,False,45.18770297824159,-0.12550813436782704,-0.13093812565343807,0.01085998257122206,True,False,True,False,,,8.47089081105475,7.1824144382642485,11.04784355663575,True,False,2026-07-29,0.0,True,44263.0,41702.2,1.0614068322534542,False,22627500.0,1.37,16.516423357664234,1.3833992094861802,2.5691699604743063,-1.3840830449827002,23.076923076923286,76.92307692307672,True,6.74,False,False,False,False,False,False
892,002382,蓝帆医疗,C 制造业,腾讯前复权日K回退（成交额、换手率已提供）,False,2026-07-29,5.82,5.6579999999999995,5.4715,True,True,True,True,6.04,-3.6423841059602604,False,55.37743784047929,0.0033963275213899635,-0.062373325369414936,0.1315393057816098,True,False,False,False,2026-07-01,20.0,17.50462123987266,15.673928011746625,21.166007696124723,False,False,2026-07-27,2.0,True,464435.0,228186.6,2.0353298572308804,True,274613900.0,4.65,59.05675268817203,2.645502645502651,8.465608465608474,6.36936854610254,41.66666666666667,14.583333333333378,False,7.65,False,True,False,False,True,False
893,002383,合众思壮,C 制造业,腾讯前复权日K回退（成交额、换手率已提供）,False,2026-07-29,6.77,6.58,6.6674999999999995,True,True,False,True,7.42,-8.760107816711594,False,49.036099879066036,-0.18869562011819063,-0.25158149534562724,0.1257717504548732,True,False,False,False,,,9.990394289849267,7.281091610703014,15.408999648141771,False,False,2026-07-23,4.0,True,101812.0,105853.8,0.9618171478019684,False,68720500.0,1.38,49.797463768115946,1.4992503748125774,2.248875562218896,1.5373078365204356,33.33333333333373,66.66666666666627,False,9.89,False,False,False,False,False,False
894,002384,东山精密,C 制造业,腾讯前复权日K回退（成交额、换手率已提供）,False,2026-07-29,179.78,197.644,229.08249999999998,False,False,False,False,280.08,-35.81119680091402,False,36.6776896952217,-11.271149276214544,-3.909467052189706,-14.723364448049676,False,True,False,False,,,54.41266212226227,61.94056090345493,39.35686455987694,False,False,,,False,1279208.0,958422.4,1.3347016931156868,False,22651578700.0,9.23,2454.1255362946913,-5.731214933668927,6.481044517854341,-21.521722523545,24.271844660194148,65.85760517799358,False,280.08,False,True,False,False,False,False
895,002385,大北农,C 制造业,腾讯前复权日K回退（成交额、换手率已提供）,False,2026-07-29,3.0,2.984,2.9815,True,True,True,False,3.13,-4.153354632587856,False,49.09006603508833,-0.01748320505485612,-0.029786382563747597,0.024606355017782952,True,False,False,False,2026-07-01,20.0,21.642520662119647,20.869176746999127,23.189208492360684,False,False,,,False,498460.0,478778.0,1.0411088228782441,False,149709100.0,1.44,103.96465277777779,0.6711409395973256,2.013422818791933,0.6204930404158968,50.0,50.0,False,3.92,False,False,False,False,True,False
896,002386,天原股份,C 制造业,腾讯前复权日K回退（成交额、换手率已提供）,False,2026-07-29,5.77,5.676,5.798,True,False,False,True,6.45,-10.542635658914739,False,48.98931739232871,-0.08119559684965427,-0.08168105927238299,0.0009709248454574382,True,False,True,False,,,16.023259574570986,15.256024298525125,17.557730126662708,True,False,2026-07-29,0.0,True,141905.0,133738.4,1.061063987605654,False,81626000.0,1.09,74.88623853211008,1.7636684303350858,2.2927689594356244,-0.48292514660228475,15.384615384615753,84.61538461538424,True,7.44,False,False,False,False,False,False
897,002387,维信诺,C 制造业,腾讯前复权日K回退（成交额、换手率已提供）,False,2026-07-29,7.2,6.553999999999999,7.175,True,True,False,True,9.11,-20.96597145993413,False,48.84641907776226,-0.46627746846787765,-0.4931180903671699,0.05368124379858452,True,False,True,False,,,23.477253272164244,15.595292267755534,39.241175280981665,False,False,,,False,428611.0,142548.2,3.006779461262927,True,296574100.0,3.07,96.60394136807817,4.956268221574334,13.119533527696783,0.3484320557491339,34.44444444444442,65.55555555555557,False,9.27,False,False,False,False,False,True
898,002388,新亚制程,C 制造业,腾讯前复权日K回退（成交额、换手率已提供）,False,2026-07-29,4.94,4.668,4.4765,True,True,True,True,5.67,-12.874779541446198,False,54.75818666564442,-0.12540454115487787,-0.2637638064428535,0.2767185305759513,True,False,False,False,2026-07-27,2.0,34.56757612146773,24.442427589057843,54.8178731862875,False,False,2026-07-23,4.0,True,1495625.0,634586.0,2.356851553611331,True,743075600.0,29.55,25.146382402707275,-6.439393939393934,9.090909090909099,10.354071261029839,52.08333333333329,27.08333333333347,False,6.99,False,False,False,False,False,True
899,002389,航天彩虹,C 制造业,腾讯前复权日K回退（成交额、换手率已提供）,False,2026-07-29,18.64,18.208000000000002,17.734,True,True,True,True,18.9,-1.3756613756613654,False,56.075625191702485,-0.08979060528895744,-0.2941490369268621,0.40871686327580936,True,False,False,False,2026-07-01,20.0,22.59223394333326,17.275502881717525,33.22569606656473,False,False,2026-07-20,7.0,True,246064.0,248696.6,0.989414410973049,False,454105899.99999994,2.5,181.64235999999997,2.9834254143646266,3.7569060773480643,5.108830495094161,5.8823529411763475,94.11764705882365,True,23.1,False,True,False,False,True,False
900,002390,信邦制药,F 批发零售,腾讯前复权日K回退（成交额、换手率已提供）,False,2026-07-29,2.97,2.938,2.894,True,True,True,True,3.2,-7.187499999999999,False,54.66357402394267,0.029666626960833664,0.02371799929051967,0.011897255340627987,True,False,False,False,2026-07-03,18.0,48.892403099612864,48.81808249610805,49.041044306622496,True,False,,,False,218710.0,214808.4,1.0181631630792838,False,64926899.99999999,1.13,57.457433628318576,1.0204081632653184,2.040816326530614,2.6261230131306172,33.33333333333333,66.66666666666666,False,3.38,False,True,False,False,False,False
901,002391,长青股份,C 制造业,腾讯前复权日K回退（成交额、换手率已提供）,False,2026-07-29,5.15,5.093999999999999,5.1085,True,True,False,True,5.34,-3.5580524344569193,False,50.655361802137854,-0.04389343304830007,-0.0624675778297992,0.03714828956299826,True,False,False,False,2026-07-01,20.0,17.237129950886736,16.06206662460764,19.587256603444928,False,False,2026-07-27,2.0,True,69837.0,58981.2,1.1840552582856911,False,35939800.0,1.5,23.959866666666667,1.5779092702169706,2.564102564102562,0.8123715376333579,38.46153846153836,61.53846153846164,False,6.51,False,False,False,False,False,False
902,002392,北京利尔,C 制造业,腾讯前复权日K回退（成交额、换手率已提供）,False,2026-07-29,7.2,6.982000000000001,7.333499999999999,True,False,False,True,8.96,-19.64285714285715,False,46.64862317514343,-0.3032720757288043,-0.33361027942961374,0.06067640740161884,True,False,False,False,2026-07-28,1.0,12.311448127323635,11.108320624582843,14.717703132805216,False,False,2026-07-28,1.0,True,144065.0,119952.4,1.201018070501299,False,102838900.0,1.24,82.93459677419355,2.710413694721825,2.995720399429386,-1.8204131724278836,19.04761904761907,80.95238095238093,True,11.3,False,False,False,False,False,False
903,002393,力生制药,C 制造业,腾讯前复权日K回退（成交额、换手率已提供）,False,2026-07-29,14.29,14.042000000000002,14.575,True,False,False,True,15.65,-8.690095846645375,False,46.76069529673705,-0.18707413733559086,-0.1309590174718872,-0.11223023972740731,False,True,False,False,,,11.834540517736647,12.91032983682522,9.6829618795595,False,False,,,False,28731.0,23535.8,1.2207360701569525,False,40986700.0,0.96,42.69447916666667,2.1443888491779806,3.6454610436025714,-1.9554030874785602,41.17647058823548,58.82352941176452,False,16.88,False,False,False,False,True,False
904,002394,联发股份,C 制造业,腾讯前复权日K回退（成交额、换手率已提供）,False,2026-07-29,8.91,8.406,8.895999999999999,True,True,False,True,10.85,-17.88018433179723,False,49.909018555030784,-0.36871763703864424,-0.43135444434401216,0.12527361461073583,True,False,False,False,2026-07-28,1.0,11.002199909125972,7.778446987374239,17.44970575262944,False,False,2026-07-24,3.0,True,71210.0,56884.6,1.2518326576964591,False,62731800.0,2.2,28.514454545454544,4.823529411764715,5.529411764705889,0.1573741007194371,14.893617021276636,85.10638297872336,True,13.68,False,False,False,False,False,False
905,002395,双象股份,C 制造业,腾讯前复权日K回退（成交额、换手率已提供）,False,2026-07-29,11.86,11.632,11.9865,True,False,False,True,12.96,-8.487654320987664,False,44.3466096439952,-0.44650285675348655,-0.5436425453813492,0.1942793772557252,True,False,False,False,2026-07-01,20.0,6.680055836486436,5.969878662365744,8.10041018472782,False,False,2026-07-28,1.0,True,25728.0,31448.4,0.8181020338077613,False,30467500.0,0.96,31.73697916666667,1.3675213675213627,2.649572649572654,-1.0553539398489973,35.48387096774227,64.51612903225772,False,21.0,False,True,False,False,False,False
906,002396,星网锐捷,C 制造业,腾讯前复权日K回退（成交额、换手率已提供）,False,2026-07-29,26.32,30.560000000000002,28.686,False,False,True,False,36.98,-28.826392644672787,False,47.38822816742988,2.0456188493464253,2.433858335842726,-0.7764789729926012,False,True,False,False,,,64.35391088702006,75.24150076625908,42.578731128542046,False,False,,,False,1368303.0,1567545.2,0.8728954035902761,False,3613775200.0,18.07,199.98755949086885,-7.094952347334971,9.989410518884569,-8.247925817471936,0.0,28.975265017667873,False,36.98,False,False,False,False,False,False
907,002397,梦洁股份,C 制造业,腾讯前复权日K回退（成交额、换手率已提供）,False,2026-07-29,3.42,3.3259999999999996,3.5529999999999995,True,False,False,True,4.12,-16.990291262135926,False,40.134025886800096,-0.22905485361990685,-0.2474857253058211,0.036861743371828515,True,False,False,False,2026-07-28,1.0,10.624787507489192,8.399190363275716,15.075981795916142,False,False,2026-07-21,6.0,True,159566.0,158700.0,1.0054568367989918,False,54556400.0,2.46,22.177398373983742,1.183431952662728,3.254437869822482,-3.7433155080213782,54.54545454545465,45.45454545454534,False,5.91,False,False,False,False,True,False
908,002398,垒知集团,C 制造业,腾讯前复权日K回退（成交额、换手率已提供）,False,2026-07-29,3.89,3.778,3.7700000000000005,True,True,True,True,3.96,-1.7676767676767637,False,51.81085713067549,-0.0703537499969169,-0.10514889410780714,0.06959028822178048,True,False,False,False,2026-07-03,18.0,11.17492822832701,8.217322902424216,17.090138880132596,False,False,2026-07-27,2.0,True,134116.0,115715.0,1.1590200060493454,False,51949600.0,2.24,23.19178571428571,2.09973753280841,3.1496062992126013,3.183023872679036,16.666666666666664,83.33333333333334,True,5.08,False,False,False,False,False,False
909,002399,海普瑞,C 制造业,腾讯前复权日K回退（成交额、换手率已提供）,False,2026-07-29,9.7,9.552000000000001,9.6435,True,True,False,True,10.41,-6.820365033621526,False,52.438284982940885,0.03756804093212551,0.05279982524766485,-0.030463568631078672,False,True,False,False,,,35.47429593236632,35.936826805819315,34.54923418546032,False,False,,,False,34662.0,39682.2,0.8734898770733478,False,33527300.0,0.28,119.74035714285714,1.783840503672618,1.9937040923399738,0.5858868668014702,21.05263157894791,78.94736842105209,True,10.93,False,False,False,False,True,False
910,002400,省广集团,L 商务服务,腾讯前复权日K回退（成交额、换手率已提供）,False,2026-07-29,6.32,6.072,6.0095,True,True,True,True,6.84,-7.602339181286544,False,50.88648930580951,-0.20200634220127078,-0.3034338801053595,0.2028550758081774,True,False,False,False,2026-07-10,13.0,11.644088312108792,9.19867675107588,16.534911434174617,False,False,2026-07-27,2.0,True,871438.0,600308.8,1.4516495510310692,False,546478100.0,5.05,108.21348514851486,3.267973856209161,3.4313725490196076,5.1668192029287,14.285714285713983,85.71428571428602,True,9.88,False,False,False,False,False,False
911,002401,中远海科,I 信息技术,腾讯前复权日K回退（成交额、换手率已提供）,False,2026-07-29,11.81,11.522,11.567499999999999,True,True,False,True,12.19,-3.1173092698933473,False,49.579462405770094,-0.2296523618679398,-0.3166593312043279,0.17401393867277615,True,False,False,False,2026-07-10,13.0,9.835849457024105,6.989988231905329,15.52757190726166,False,False,2026-07-28,1.0,True,41152.0,40383.2,1.019037619604192,False,48671400.0,1.11,43.8481081081081,0.5106382978723456,1.9574468085106267,2.0963907499459826,56.52173913043468,43.47826086956532,False,15.69,False,False,False,False,True,False
912,002402,和而泰,C 制造业,腾讯前复权日K回退（成交额、换手率已提供）,False,2026-07-29,20.03,19.944,22.643,True,False,False,False,27.77,-27.87180410514944,False,36.65478205034533,-1.5546029062451403,-1.3673849296421656,-0.37443595320594936,False,True,False,False,,,7.118613392589384,7.639594650937597,6.076650875892957,False,False,,,False,286038.0,237783.4,1.2029351081698723,False,563977600.0,3.49,161.59816618911174,1.5720081135902841,4.310344827586196,-11.53999028397297,5.88235294117615,94.11764705882385,True,33.72,False,False,False,False,False,False
913,002403,爱仕达,C 制造业,腾讯前复权日K回退（成交额、换手率已提供）,False,2026-07-29,8.48,8.187999999999999,9.189,True,False,False,True,11.78,-28.01358234295415,False,42.98348896113491,-0.4810992101672742,-0.43262975352753713,-0.09693891327947413,False,True,False,False,,,14.104898790502707,13.397968189190832,15.518759993126455,True,False,2026-07-29,0.0,True,60748.0,64588.0,0.9405462314981111,False,51526300.0,2.04,25.257990196078428,1.5568862275449291,3.5928143712574725,-7.71574708891065,46.66666666666643,53.33333333333356,False,11.96,False,False,False,False,True,False
914,002404,嘉欣丝绸,C 制造业,腾讯前复权日K回退（成交额、换手率已提供）,False,2026-07-29,5.74,5.619999999999999,5.6955,True,True,False,True,5.97,-3.852596314907865,False,47.73872452802275,-0.13532568439870651,-0.16575674314444114,0.06086211749146925,True,False,False,False,2026-07-14,11.0,10.920980605865694,8.977878811726521,14.807184194144039,False,False,2026-07-27,2.0,True,79895.0,82319.0,0.9705535781532817,False,45714000.0,1.75,26.122285714285713,1.9538188277087087,2.6642984014209494,0.7813185848476903,19.999999999999645,80.00000000000036,True,7.72,False,False,False,False,False,False
915,002405,四维图新,I 信息技术,腾讯前复权日K回退（成交额、换手率已提供）,False,2026-07-29,6.49,6.279999999999999,6.3055,True,True,False,True,6.81,-4.698972099853148,False,47.82325535589181,-0.24583609375698323,-0.33901600521937525,0.18635982292478404,True,False,False,False,2026-07-06,17.0,6.512594256150625,4.914318133548921,9.709146501354034,False,False,2026-07-21,6.0,True,470791.0,364069.2,1.2931360301832728,False,303510300.0,2.0,151.75515,2.5276461295418606,2.6856240126382294,2.926016969312503,11.764705882352695,88.2352941176473,True,9.88,False,False,False,False,False,False
916,002406,远东传动,C 制造业,腾讯前复权日K回退（成交额、换手率已提供）,False,2026-07-29,6.5,6.312,6.414,True,True,False,True,6.88,-5.523255813953487,False,49.34829046831273,-0.15641667304612739,-0.2024048092753304,0.091976272458406,True,False,False,False,2026-07-06,17.0,11.503991353150829,9.697791336776861,15.116391385898762,False,False,2026-07-28,1.0,True,141578.0,120897.0,1.1710629709587501,False,91546500.0,2.35,38.95595744680851,2.2012578616352085,2.672955974842766,1.3408169628936748,11.764705882352695,88.2352941176473,True,8.89,False,False,False,False,False,False
917,002407,多氟多,C 制造业,腾讯前复权日K回退（成交额、换手率已提供）,False,2026-07-29,31.99,32.152,37.057,False,False,False,True,57.5,-44.36521739130435,False,41.36812377682009,-2.54534071523954,-2.1758706702826203,-0.7389400899138394,False,True,False,False,,,23.651258920032785,23.078835301677856,24.79610615674264,False,False,,,False,2070474.0,1812445.2,1.1423650215741696,False,6588734700.0,19.19,343.3420896300156,-6.46198830409358,8.099415204678351,-13.673529967347609,19.855595667869963,43.68231046931405,False,57.5,False,False,False,False,True,True
918,002408,齐翔腾达,C 制造业,腾讯前复权日K回退（成交额、换手率已提供）,False,2026-07-29,5.06,4.938,4.875500000000001,True,True,True,True,5.19,-2.5048169556840225,False,54.469336173291964,-0.03199334213863203,-0.072592755084138,0.08119882589101193,True,False,False,False,2026-07-01,20.0,16.09561917914914,13.750288641744788,20.78628025395784,False,False,2026-07-23,4.0,True,348440.0,348338.6,1.0002910960772078,False,175469800.0,1.27,138.1651968503937,2.4291497975708287,3.2388663967611184,3.784227258742672,25.00000000000014,74.99999999999986,True,6.79,False,False,False,False,False,False
919,002409,雅克科技,C 制造业,腾讯前复权日K回退（成交额、换手率已提供）,False,2026-07-29,152.18,158.196,172.706,False,False,False,True,246.44,-38.24866093166693,False,45.67350780681857,-2.2989598375424123,1.004946494518325,-6.607812664121475,False,True,False,False,,,47.91002635260687,47.782381486056245,48.16531608570811,False,False,,,False,516848.0,469633.0,1.1005359504123433,False,7915962600.0,16.23,487.73645101663584,-8.56215826473592,7.817100282401021,-11.884937408080775,21.521906225980068,18.37048424289017,False,246.44,False,False,False,False,True,True
920,002410,广联达,I 信息技术,腾讯前复权日K回退（成交额、换手率已提供）,False,2026-07-29,8.96,8.751999999999999,8.5435,True,True,True,True,9.26,-3.2397408207343297,False,55.20711892225451,-0.008050488135435074,-0.09080653120201122,0.1655120861331523,True,False,False,False,2026-07-02,19.0,21.357173353077417,19.22863097000246,25.614258119227337,False,False,,,False,293791.0,274635.6,1.0697484230012424,False,262317100.0,1.87,140.27652406417113,1.9340159271900026,2.8441410693970424,4.87505120852111,19.999999999999574,80.00000000000043,True,11.35,False,False,False,False,False,False
921,002412,汉森制药,C 制造业,腾讯前复权日K回退（成交额、换手率已提供）,False,2026-07-29,6.91,7.136,6.455499999999999,False,True,True,True,8.12,-14.901477832512306,False,56.75253399238807,0.26314538728697556,0.18210493328886834,0.16208090799621444,True,False,False,False,2026-07-03,18.0,63.63479253496899,65.93272241518636,59.03893277453423,False,False,,,False,536477.0,693455.4,0.7736287005624298,False,375303300.0,10.78,34.81477736549165,-1.285714285714279,5.714285714285706,7.040508093873461,20.000000000000046,22.499999999999996,False,8.12,False,False,False,False,False,False
922,002413,雷科防务,C 制造业,腾讯前复权日K回退（成交额、换手率已提供）,False,2026-07-29,7.93,7.8180000000000005,8.388000000000002,True,False,False,True,10.54,-24.762808349146106,False,38.849833419149654,-0.6058197570438928,-0.6598306882544839,0.10802186242118217,True,False,False,False,2026-07-28,1.0,10.322975218511639,8.569737984981975,13.829449685570967,False,False,2026-07-21,6.0,True,418263.0,469237.8,0.8913668080448762,False,327691800.0,3.23,101.45256965944273,0.6345177664974555,3.4263959390862886,-5.460181211254195,11.11111111111122,88.88888888888879,True,14.26,False,False,False,False,True,False
923,002414,高德红外,C 制造业,腾讯前复权日K回退（成交额、换手率已提供）,False,2026-07-29,13.91,14.018,13.4845,False,True,True,True,14.95,-6.956521739130429,False,53.109853223792065,0.20809064434222435,0.15736614618288813,0.10144899631867244,True,False,False,False,2026-07-10,13.0,59.522868229997414,58.57026074758384,61.428083194824566,False,False,,,False,1122391.0,1418220.4,0.7914080209253795,False,1536506000.0,3.3,465.6078787878788,1.0901162790697638,4.651162790697678,3.155474804405054,12.5,87.5,True,15.52,False,False,False,True,True,False
924,002415,海康威视,C 制造业,腾讯前复权日K回退（成交额、换手率已提供）,False,2026-07-29,35.74,36.026,34.638999999999996,False,True,True,True,38.09,-6.169598319768972,False,58.02083318707891,0.8437762211844131,0.7175076458482034,0.25253715067241944,True,False,False,False,2026-07-22,5.0,80.73849397585555,81.76119042602453,78.6931010755176,False,True,,,False,1263005.0,1400635.6,0.9017370399552888,False,4494796700.0,1.4,3210.569071428572,-1.1068068622025362,4.786939679026001,3.178498224544607,2.8901734104044654,55.491329479768936,False,38.09,False,True,False,False,True,False
925,002416,爱施德,F 批发零售,腾讯前复权日K回退（成交额、换手率已提供）,False,2026-07-29,9.53,9.116,9.024000000000001,True,True,True,True,9.7,-1.7525773195876282,False,53.430308880964056,-0.20668936590746156,-0.32157161015501035,0.22976448849509756,True,False,False,False,2026-07-13,12.0,13.571362373194356,11.435306920734552,17.843473278113965,False,False,2026-07-28,1.0,True,285493.0,149230.8,1.9130970282274171,True,269070200.0,2.33,115.48077253218884,4.153005464480852,4.480874316939892,5.607269503546082,17.07317073170738,82.92682926829262,True,13.66,False,False,False,False,False,False
926,002418,康盛股份,C 制造业,腾讯前复权日K回退（成交额、换手率已提供）,False,2026-07-29,3.41,3.3579999999999997,3.4615,True,False,False,True,4.15,-17.831325301204824,False,41.103537022460095,-0.24705892670945628,-0.2999767442375031,0.10583563505609361,True,False,False,False,2026-07-23,4.0,11.29606518440312,9.314191811182175,15.259811930845014,False,False,2026-07-21,6.0,True,394962.0,385319.4,1.0250249533244367,False,133270400.00000001,3.48,38.29609195402299,0.5899705014749346,3.5398230088495604,-1.48779430882565,16.666666666666664,83.33333333333334,True,6.69,False,False,False,False,True,False
927,002419,天虹股份,F 批发零售,腾讯前复权日K回退（成交额、换手率已提供）,False,2026-07-29,4.48,4.384,4.3755,True,True,True,True,4.61,-2.819956616052058,False,51.97313862705381,-0.0413702479512601,-0.06496975371800937,0.047199011533498536,True,False,False,False,2026-07-03,18.0,17.379577767604015,16.03418550545955,20.07036229189294,True,False,,,False,95779.0,95165.2,1.006449836705014,False,42986500.0,0.84,51.17440476190477,1.3574660633484337,2.714932126696815,2.388298480173711,33.33333333333284,66.66666666666717,False,5.53,False,False,False,False,False,False
928,002420,毅昌科技,C 制造业,腾讯前复权日K回退（成交额、换手率已提供）,False,2026-07-29,5.25,5.086,5.2275,True,True,False,True,5.89,-10.86587436332767,False,47.81535641865662,-0.17456859670704628,-0.2111314449445047,0.07312569647491685,True,False,False,False,2026-07-27,2.0,12.554634728575408,9.428004001945757,18.80789618183471,False,False,2026-07-23,4.0,True,71585.0,87026.0,0.8225702663571806,False,37444600.0,1.77,21.15514124293785,1.547388781431347,2.7079303675048294,0.4304160688665703,28.571428571428665,71.42857142857135,True,7.44,False,False,False,False,False,False
929,002421,达实智能,I 信息技术,腾讯前复权日K回退（成交额、换手率已提供）,False,2026-07-29,2.82,2.77,2.9274999999999998,True,False,False,True,3.58,-21.229050279329613,False,38.722302718506256,-0.26402129113979944,-0.29769978325131297,0.06735698422302705,True,False,False,False,2026-07-27,2.0,10.128859972868637,9.717176770762142,10.952226377081626,False,False,2026-07-28,1.0,True,1276611.0,1216656.8,1.049277824280438,False,354587000.0,6.37,55.66514913657771,0.7142857142857117,3.9285714285714244,-3.6720751494449164,9.09090909090931,90.90909090909068,True,6.16,False,False,False,False,True,False
930,002422,科伦药业,C 制造业,腾讯前复权日K回退（成交额、换手率已提供）,False,2026-07-29,43.04,46.751999999999995,46.407,False,False,True,False,52.78,-18.45395983327018,False,47.465103741988806,1.8099117400246882,2.5065842983710054,-1.3933451166926343,False,True,False,False,,,68.66993178012815,74.63665891866775,56.736477503048974,False,False,,,False,563310.0,454359.8,1.2397883791655864,False,2449431300.0,4.34,564.3850921658986,-4.799823047998231,8.44945808449458,-7.255370956967694,10.471204188481638,24.083769633507895,False,52.78,False,False,False,False,True,False
931,002423,中粮资本,J 金融业,腾讯前复权日K回退（成交额、换手率已提供）,False,2026-07-29,9.18,9.048,8.9095,True,True,True,False,9.59,-4.275286757038583,False,56.59162427921086,0.07063146181026347,0.03691690861358542,0.06742910639335611,True,False,False,False,2026-07-01,20.0,30.20279461403995,27.993363937926336,34.62165596626718,True,False,,,False,180304.0,163527.4,1.102591981527255,False,165304500.0,0.78,211.92884615384614,1.661129568106312,2.7685492801771874,3.036085077726025,24.0000000000002,75.9999999999998,True,10.21,False,False,False,False,False,False
932,002424,ST百灵,C 制造业,腾讯前复权日K回退（成交额、换手率已提供）,False,2026-07-29,4.58,4.49,4.5235,True,True,False,True,4.83,-5.175983436853001,False,53.38909303530636,-0.01019778472615318,-0.015611511284533206,0.01082745311676005,True,False,True,False,,,26.546708810036517,24.021739913081323,31.5966466039469,False,False,,,False,54961.0,54714.2,1.0045107120272252,False,25166400.0,0.48,52.43,0.8810572687224738,1.5418502202643234,1.2490328285619492,57.14285714285696,42.85714285714304,False,5.18,False,True,False,False,False,False
933,002425,凯撒文化,I 信息技术,腾讯前复权日K回退（成交额、换手率已提供）,False,2026-07-29,2.68,2.57,2.634,True,True,False,True,2.9,-7.586206896551715,False,50.39970657562124,-0.06719114966830286,-0.08310598798129419,0.031829676625982656,True,False,False,False,2026-07-27,2.0,14.309869588844506,11.258387167810646,20.412834430912227,False,False,2026-07-27,2.0,True,267187.0,210611.0,1.2686279444093613,False,71210400.0,2.9,24.555310344827586,3.47490347490349,3.4749034749034866,1.7463933181473146,22.222222222222168,77.77777777777783,True,3.74,False,False,False,False,True,False
934,002426,胜利精密,C 制造业,腾讯前复权日K回退（成交额、换手率已提供）,False,2026-07-29,2.54,2.468,2.9349999999999996,True,False,False,True,4.07,-37.5921375921376,False,33.06376548245029,-0.34084250027039875,-0.3174708959181572,-0.04674320870448312,False,True,False,False,,,12.858009080935316,10.56660852053132,17.440810201743307,False,False,2026-07-21,6.0,True,1185564.0,808314.8,1.4667107419040204,False,294597200.0,3.48,84.65436781609196,3.2520325203251987,6.504065040650395,-13.458262350936955,18.749999999999915,81.25000000000009,True,4.34,False,True,False,False,True,False
935,002427,尤夫股份,C 制造业,腾讯前复权日K回退（成交额、换手率已提供）,False,2026-07-29,4.21,4.048,4.279,True,False,False,True,5.34,-21.161048689138575,False,47.28156645781204,-0.18157701391839343,-0.19635590959061683,0.029557791344446804,True,False,True,False,,,7.121268628800046,5.429949609731956,10.503906666936228,False,False,2026-07-28,1.0,True,159769.0,114937.6,1.3900499053399409,False,66522200.0,1.62,41.063086419753084,3.9506172839506304,3.4567901234567824,-1.612526291189529,0.0,100.0,True,5.96,False,False,False,False,False,False
936,002428,云南锗业,C 制造业,腾讯前复权日K回退（成交额、换手率已提供）,False,2026-07-29,66.98,74.364,87.4665,False,False,False,False,122.89,-45.495972007486365,False,33.89052899591775,-7.7558808859978825,-5.64692014198113,-4.217921488033506,False,True,False,False,,,35.721584361264405,39.48767302870562,28.18940702638197,False,False,,,False,670259.0,645132.8,1.038947329914089,False,4541968400.0,10.26,442.68697855750486,-5.847624402586449,10.06466123137475,-23.42211017932579,3.9106145251396827,25.69832402234643,False,132.87,False,False,False,False,False,False
937,002429,兆驰股份,C 制造业,腾讯前复权日K回退（成交额、换手率已提供）,False,2026-07-29,7.46,7.6819999999999995,9.067499999999999,False,False,False,False,11.7,-36.23931623931624,False,31.917771077268966,-0.9227066605874867,-0.8164314621128972,-0.2125503969491791,False,True,False,False,,,7.276925466246492,8.99695330728604,3.8368697841673978,False,False,,,False,687423.0,632547.8,1.0867526533172671,False,504261200.0,1.52,331.7507894736842,-0.2673796791443861,5.2139037433155035,-17.728149986214493,12.820512820512786,84.6153846153847,True,13.79,False,True,False,False,False,False
938,002430,杭氧股份,C 制造业,腾讯前复权日K回退（成交额、换手率已提供）,False,2026-07-29,23.35,23.174,24.809,True,False,False,True,32.31,-27.731352522438872,False,41.72983478584976,-1.1621125859933414,-1.0253274597623323,-0.27357025246201827,False,True,False,False,,,9.634319611727962,9.930760680766566,9.041437473650756,False,False,,,False,138972.0,135148.2,1.0282933845955773,False,321399100.0,1.42,226.3373943661972,2.9541446208112943,3.880070546737209,-5.8809303075496775,15.909090909090587,84.09090909090942,True,32.55,False,False,False,False,False,False
939,002431,ST棕榈,E 建筑业,腾讯前复权日K回退（成交额、换手率已提供）,False,2026-07-29,1.32,1.282,1.3035,True,True,False,True,1.43,-7.6923076923076845,False,47.838477326406824,-0.04248106567547061,-0.05659178979084949,0.028221448230757756,True,False,False,False,2026-07-02,19.0,6.086637632620938,5.604548967616867,7.050814962629081,True,False,2026-07-29,0.0,True,186125.0,153722.8,1.2107833060547948,False,24558100.0,1.03,23.842815533980584,1.538461538461533,3.0769230769230793,1.2658227848101233,50.0,50.0,False,2.08,False,False,False,False,True,False
940,002432,九安医疗,C 制造业,腾讯前复权日K回退（成交额、换手率已提供）,False,2026-07-29,66.81,69.46000000000001,67.453,False,False,True,False,87.12,-23.312672176308542,False,47.60631610839666,0.654990984924396,0.6063304707820074,0.09732102828477718,True,False,False,False,2026-07-16,9.0,39.42416010942483,46.05814720436555,26.156185919543404,False,False,,,False,318041.0,535378.4,0.5940489941320009,False,2121966900.0,6.84,310.2290789473684,-0.3282112486946098,5.803371624645682,-0.953256341452568,56.04113110539826,43.958868894601736,False,91.5,False,True,False,False,True,False
941,002434,万里扬,C 制造业,腾讯前复权日K回退（成交额、换手率已提供）,False,2026-07-29,5.51,5.364,5.7375,True,False,False,True,6.88,-19.91279069767442,False,40.00311248667575,-0.3219053535365175,-0.34374599936256134,0.04368129165208767,True,False,False,False,2026-07-28,1.0,8.167698076819269,6.130818406057048,12.241457418343709,False,False,2026-07-27,2.0,True,182309.0,168086.6,1.0846135265987888,False,99597000.0,1.39,71.65251798561151,2.607076350093096,2.607076350093104,-3.9651416122004366,7.1428571428570065,92.85714285714299,True,8.02,False,False,False,False,True,False
942,002436,兴森科技,C 制造业,腾讯前复权日K回退（成交额、换手率已提供）,False,2026-07-29,30.77,33.418,38.034000000000006,False,False,False,False,53.24,-42.205108940646134,False,37.213697393737846,-2.7896394736973207,-2.0176146871560134,-1.5440495730826145,False,True,False,False,,,37.700418645047954,41.19773077728425,30.705794380575355,False,False,,,False,1322337.0,1480416.4,0.8932196373939116,False,4019174900.0,8.71,461.44373134328356,-4.232804232804243,9.46156240273887,-19.098701162118118,13.815789473684154,56.90789473684214,False,55.0,False,False,False,False,False,False
943,002437,誉衡药业,C 制造业,腾讯前复权日K回退（成交额、换手率已提供）,False,2026-07-29,2.88,2.8579999999999997,2.9535,True,False,False,True,3.24,-11.11111111111112,False,48.97450938670419,-0.00392761588806545,0.008855778798101729,-0.025566789372334357,False,True,False,False,,,31.072809732007006,31.600256474430044,30.017916247160933,False,False,,,False,642793.0,722609.2,0.8895444453239733,False,185191100.0,3.06,60.51996732026144,0.0,2.7777777777777803,-2.488572879634336,50.0,50.0,False,3.61,False,True,False,False,True,False
944,002438,江苏神通,C 制造业,腾讯前复权日K回退（成交额、换手率已提供）,False,2026-07-29,12.58,12.306000000000001,12.895500000000002,True,False,False,True,15.14,-16.90885072655218,False,40.00776695241353,-0.7180782071498246,-0.7931111194256838,0.15006582455171835,True,False,False,False,2026-07-27,2.0,12.067884469452023,9.718879360688739,16.76589468697859,False,False,2026-07-21,6.0,True,71671.0,48199.4,1.4869687174529143,False,89352900.00000001,1.53,58.40058823529413,2.9459901800327204,4.828150572831422,-2.4465898957000647,28.813559322033893,71.18644067796612,True,18.07,False,False,False,False,True,False
945,002439,启明星辰,I 信息技术,腾讯前复权日K回退（成交额、换手率已提供）,False,2026-07-29,13.79,13.65,13.322999999999999,True,True,True,False,14.33,-3.768318213538038,False,54.50659670301325,0.07920741120856967,-0.0003988582445824118,0.15921253890630416,True,False,False,False,2026-07-01,20.0,29.045646185505962,28.023517483353643,31.089903589810604,False,False,,,False,539476.0,409522.4,1.3173296503439127,False,759528900.0,7.4,102.63904054054055,1.3225569434239581,6.0984570168993395,3.5052165428206905,77.10843373493982,3.614457831325224,False,17.15,False,False,False,False,False,False
946,002440,闰土股份,C 制造业,腾讯前复权日K回退（成交额、换手率已提供）,False,2026-07-29,13.64,12.594,11.243500000000001,True,True,True,True,13.24,3.021148036253779,True,66.61990465808094,0.6892163850957171,0.4946130130532148,0.38920674408500466,True,False,False,False,2026-07-15,10.0,83.58609590222119,72.7267216838703,105.30484433892298,False,False,,,False,824221.0,759321.2,1.0854708126152675,False,1085529300.0,8.71,124.63022962112512,10.000000000000009,10.241935483870979,21.31453728821096,0.0,100.0,True,13.24,True,False,False,False,False,True
947,002441,众业达,F 批发零售,腾讯前复权日K回退（成交额、换手率已提供）,False,2026-07-29,7.9,7.75,7.705499999999999,True,True,True,True,8.16,-3.1862745098039187,False,50.302256401447174,-0.1417771406748365,-0.21215602269592798,0.140757764042183,True,False,False,False,2026-07-14,11.0,14.592796948734398,11.56167907189902,20.655032702405155,False,False,2026-07-27,2.0,True,51831.0,53980.0,0.960188958873657,False,40923600.0,1.3,31.479692307692307,1.1523687580025754,2.1766965428937253,2.524171046655006,35.29411764705861,64.70588235294139,False,10.28,False,False,False,False,False,False
948,002442,龙星科技,C 制造业,腾讯前复权日K回退（成交额、换手率已提供）,False,2026-07-29,4.73,4.636,4.7715000000000005,True,False,False,True,5.56,-14.928057553956823,False,44.97026756839595,-0.20718561118505985,-0.2475507299987908,0.0807302376274619,True,False,False,False,2026-07-27,2.0,10.562248437267732,8.46496565156731,14.756814008668574,False,False,2026-07-21,6.0,True,97438.0,110361.2,0.8829008745827338,False,45966300.0,1.98,23.21530303030303,1.0683760683760868,2.991452991452985,-0.8697474588703781,42.85714285714268,57.14285714285733,False,8.92,False,False,False,False,True,False
949,002443,金洲管道,C 制造业,腾讯前复权日K回退（成交额、换手率已提供）,False,2026-07-29,7.91,7.904000000000001,8.8875,True,False,False,True,10.68,-25.936329588014978,False,30.40122151555788,-0.7227844916565616,-0.6905492475067468,-0.06447048829962942,False,True,False,False,,,11.315415837833996,11.889961994272818,10.16632352495635,False,False,,,False,152406.0,120312.2,1.2667543274913102,False,119456800.0,2.93,40.77023890784983,0.5082592121982143,3.557814485387551,-10.998593530239091,17.857142857142776,82.14285714285722,True,13.85,False,True,False,False,True,False
950,002444,巨星科技,C 制造业,腾讯前复权日K回退（成交额、换手率已提供）,False,2026-07-29,29.91,29.133999999999997,30.189,True,False,False,True,34.42,-13.102847181871008,False,49.264758955142945,-0.5045397133738092,-0.5274605110110282,0.045841595274437985,True,False,True,False,,,29.917153695399453,28.247675033136787,33.25611101992479,True,False,,,False,173299.0,145792.2,1.1886712732231215,False,511241200.0,1.51,338.5703311258278,1.4242115971515812,3.6961681926076637,-0.9241776806121432,12.844036697247759,87.15596330275224,True,36.45,False,False,False,False,False,False
951,002445,中南文化,C 制造业,腾讯前复权日K回退（成交额、换手率已提供）,False,2026-07-29,2.92,2.874,2.7845000000000004,True,True,True,True,2.97,-1.6835016835016925,False,51.843536865717795,-0.05967289579313295,-0.1074157026281865,0.0954856136701071,True,False,False,False,2026-07-14,11.0,15.132467791671266,11.943680510579872,21.51004235385405,False,False,2026-07-22,5.0,True,382215.0,517149.2,0.739080714037651,False,111022300.0,1.62,68.53228395061727,1.038062283737018,2.4221453287197177,4.8662237385526845,28.571428571428665,71.42857142857135,True,4.27,False,False,False,False,False,False
952,002446,盛路通信,C 制造业,腾讯前复权日K回退（成交额、换手率已提供）,False,2026-07-29,7.7,7.486,8.8325,True,False,False,True,11.6,-33.620689655172406,False,35.7897792203306,-0.8389356417081242,-0.7530578242267378,-0.17175563496277269,False,True,False,False,,,13.729457119793137,12.228348160726108,16.731675037927193,False,False,2026-07-28,1.0,True,274223.0,255532.0,1.0731454377533929,False,207358400.0,3.23,64.19764705882353,2.6666666666666616,4.533333333333331,-12.821964336258132,2.9411764705881738,97.05882352941182,True,12.22,False,False,False,False,True,False
953,002448,中原内配,C 制造业,腾讯前复权日K回退（成交额、换手率已提供）,False,2026-07-29,12.21,11.668,11.360000000000001,True,True,True,True,12.97,-5.859676175790283,False,54.74691954118052,-0.24231406165907998,-0.4683286628406962,0.4520292023632324,True,False,False,False,2026-07-24,3.0,27.031683185039228,20.264148194105818,40.56675316690605,False,False,2026-07-21,6.0,True,316572.0,287079.4,1.102733250800998,False,387581400.0,5.45,71.11585321100917,0.4111842105263275,3.6184210526315748,7.482394366197179,38.63636363636366,34.09090909090921,False,16.16,False,True,False,False,True,True
954,002449,国星光电,C 制造业,腾讯前复权日K回退（成交额、换手率已提供）,False,2026-07-29,6.26,6.0760000000000005,6.497,True,False,False,True,7.92,-20.959595959595962,False,39.150557660787314,-0.4157564489026786,-0.44195883584383955,0.0524047738823219,True,False,True,False,,,9.266072406722833,6.849124301498361,14.099968617171774,False,False,2026-07-27,2.0,True,87784.0,77643.0,1.1306106152518578,False,54401100.0,1.42,38.3106338028169,2.287581699346397,2.777777777777777,-3.6478374634446684,5.8823529411763475,94.11764705882365,True,9.1,False,False,False,False,False,False
955,002451,摩恩电气,C 制造业,腾讯前复权日K回退（成交额、换手率已提供）,False,2026-07-29,7.05,6.864,6.732000000000001,True,True,True,True,7.35,-4.081632653061222,False,51.53151979467127,-0.20670413203959281,-0.3214716556253639,0.22953504717154216,True,False,False,False,2026-07-15,10.0,17.632020044526744,12.963178004398786,26.969704124782663,False,False,2026-07-21,6.0,True,196182.0,201333.0,0.9744155205554976,False,137723900.0,4.47,30.810715883668905,2.470930232558133,5.087209302325589,4.723707664884116,31.428571428571473,68.57142857142853,False,10.47,False,False,False,False,False,False
956,002452,长高电气,C 制造业,腾讯前复权日K回退（成交额、换手率已提供）,False,2026-07-29,10.88,10.85,11.277,True,False,False,True,13.86,-21.500721500721493,False,47.065431175942095,-0.27415388825026277,-0.2535928041194991,-0.04112216826152737,False,True,False,False,,,24.78965101441516,24.294868283158237,25.779216476929008,True,False,,,False,165792.0,188795.0,0.8781588495458037,False,178735700.0,3.2,55.85490625,2.738432483474984,5.0047214353163305,-3.520439833288982,9.433962264150754,90.56603773584925,True,13.86,False,False,False,False,False,False
957,002453,华软科技,C 制造业,腾讯前复权日K回退（成交额、换手率已提供）,False,2026-07-29,4.12,4.01,4.093,True,True,False,True,4.96,-16.935483870967737,False,44.50519457380075,-0.24448081329232352,-0.3073827142590432,0.12580380193343932,True,False,False,False,2026-07-23,4.0,16.16208923532221,12.897260538564362,22.6917466288379,False,False,2026-07-21,6.0,True,131902.0,141067.0,0.9350308718552177,False,53764500.0,2.19,24.55,1.228501228501222,3.9312039312039344,0.6596628389934067,18.75000000000014,81.24999999999987,True,6.77,False,False,False,False,False,False
958,002454,松芝股份,C 制造业,腾讯前复权日K回退（成交额、换手率已提供）,False,2026-07-29,4.86,4.7,4.755000000000001,True,True,False,True,5.2,-6.538461538461536,False,48.835257438878685,-0.16154875721278028,-0.21467160966410248,0.1062457049026444,True,False,False,False,2026-07-03,18.0,8.80847390316175,6.4782689593201646,13.46888379084492,False,False,2026-07-23,4.0,True,100664.0,86305.2,1.1663723622678588,False,48650700.0,1.15,42.304956521739136,2.9661016949152685,3.38983050847456,2.2082018927444698,18.749999999999687,81.25000000000031,True,7.4,False,False,False,False,False,False
959,002455,百川股份,C 制造业,腾讯前复权日K回退（成交额、换手率已提供）,False,2026-07-29,6.5,6.272,6.524500000000001,True,False,False,True,8.03,-19.053549190535485,False,44.074802674277464,-0.4413615043440453,-0.5347632996742818,0.18680359066047303,True,False,False,False,2026-07-23,4.0,7.2310682008707765,5.374996898379938,10.943210805852454,False,False,2026-07-21,6.0,True,387055.0,332481.8,1.1641389092575896,False,249130099.99999997,5.86,42.51366894197951,2.3622047244094446,5.196850393700789,-0.3755077017396065,15.151515151515094,84.8484848484849,True,10.9,False,False,False,False,False,False
960,002456,欧菲光,C 制造业,腾讯前复权日K回退（成交额、换手率已提供）,False,2026-07-29,7.05,6.845999999999999,8.085,True,False,False,True,10.1,-30.198019801980198,False,35.693630602694896,-0.633818338931615,-0.5120190025771929,-0.24359867270884417,False,True,False,False,,,7.688139284304985,7.192178354254589,8.680061144405778,True,False,2026-07-29,0.0,True,917241.0,824022.4,1.113126293654153,False,637539400.0,2.76,230.9925362318841,3.221083455344065,4.245973645680821,-12.80148423005567,10.34482758620698,89.65517241379301,True,10.22,False,False,False,False,False,False
961,002457,青龙管业,C 制造业,腾讯前复权日K回退（成交额、换手率已提供）,False,2026-07-29,10.26,9.966,12.029,True,False,False,True,16.5,-37.81818181818182,False,39.30410615843807,-0.8477299872893838,-0.606217348758225,-0.48302527706231757,False,True,False,False,,,9.645245890310468,10.719293934271365,7.497149802388673,False,False,,,False,223115.0,225754.0,0.9883102846461193,False,225848000.0,6.69,33.75904334828102,2.293120638085755,3.9880358923230173,-14.706126860088123,7.499999999999867,92.50000000000014,True,16.5,False,False,False,False,False,False
962,002458,益生股份,A 农林牧渔,腾讯前复权日K回退（成交额、换手率已提供）,False,2026-07-29,8.56,8.504000000000001,8.731,True,False,False,False,9.84,-13.008130081300806,False,50.30922784079066,0.010099276996465179,0.07476057690903362,-0.12932259982513689,False,True,False,False,,,53.499857551826075,56.492187492581074,47.515197670316084,False,False,,,False,664665.0,617244.4,1.0768262944143356,False,556822800.0,6.88,80.93354651162791,6.203473945409432,6.575682382133986,-1.9585385408315128,5.660377358490452,94.33962264150955,True,9.84,False,False,False,False,False,False
963,002459,晶澳科技,C 制造业,腾讯前复权日K回退（成交额、换手率已提供）,False,2026-07-29,7.39,7.258,7.447,True,False,False,True,9.55,-22.617801047120427,False,44.82625656739924,-0.324922973176335,-0.39523635946373187,0.14062677257479372,True,False,False,False,2026-07-22,5.0,7.195411050656081,6.143458092021569,9.299316967925106,False,False,2026-07-21,6.0,True,496192.0,405972.2,1.2222314729924857,False,364687699.99999994,1.5,243.12513333333328,2.6388888888888795,4.166666666666676,-0.7654088894857041,16.666666666666863,83.33333333333314,True,11.39,False,False,False,False,True,False
964,002460,赣锋锂业,C 制造业,腾讯前复权日K回退（成交额、换手率已提供）,False,2026-07-29,49.92,49.852,52.9895,True,False,False,True,66.57,-25.01126633618746,False,37.22928383612423,-4.4987210641099225,-4.9645021312947915,0.931562134369738,True,False,False,False,2026-07-27,2.0,8.971280964086043,7.677252874774967,11.559337142708197,False,False,2026-07-21,6.0,True,531431.0,515265.2,1.0313737469559365,False,2620845000.0,4.39,597.0034168564921,1.794453507340954,6.525285481239811,-5.792657035827848,23.437499999999982,76.56250000000003,True,91.52,False,False,False,False,True,False
965,002461,珠江啤酒,C 制造业,腾讯前复权日K回退（成交额、换手率已提供）,False,2026-07-29,8.72,8.484,8.165000000000001,True,True,True,True,8.65,0.8092485549132981,True,61.78591895862276,0.031844053088720514,-0.06269350328217423,0.18907511274178948,True,False,False,False,2026-07-08,15.0,36.93418481895012,33.492716500013024,43.817121456824324,False,False,,,False,94657.0,72884.4,1.2987278484833518,False,81998600.0,0.43,190.6944186046512,2.951593860684776,3.187721369539546,6.797305572565826,7.407407407407261,92.59259259259274,True,10.39,False,False,False,False,True,False
966,002462,嘉事堂,F 批发零售,腾讯前复权日K回退（成交额、换手率已提供）,False,2026-07-29,11.66,11.447999999999999,11.413,True,True,True,True,12.23,-4.66067048242028,False,48.78199523224555,-0.21737214673682104,-0.3050315304488703,0.17531876742409858,True,False,False,False,2026-07-13,12.0,21.158567705779955,19.363418685534654,24.748865746270553,False,False,,,False,31662.0,30255.0,1.046504709965295,False,36926700.0,1.09,33.87770642201835,1.2152777777777901,1.736111111111105,2.1641987207570303,30.000000000000355,50.0,False,14.25,False,False,False,False,False,False
967,002463,沪电股份,C 制造业,腾讯前复权日K回退（成交额、换手率已提供）,False,2026-07-29,105.25,111.292,124.55999999999999,False,False,False,False,158.2,-33.47029077117572,False,37.83640592014781,-6.4012151128088135,-3.6559868843495966,-5.490456456918434,False,True,False,False,,,43.09591896778272,49.14667484646568,30.99440721041681,False,False,,,False,779500.0,548814.2,1.420334969466898,False,7970465900.0,4.05,1968.0162716049383,-0.47281323877068626,8.018912529550818,-15.502569043031464,7.429245283018823,92.57075471698117,True,158.2,False,False,False,False,False,False
968,002465,海格通信,C 制造业,腾讯前复权日K回退（成交额、换手率已提供）,False,2026-07-29,9.93,9.751999999999999,11.037,True,False,False,True,13.72,-27.623906705539365,False,36.3410226677122,-1.0284770272812604,-1.0301001987757128,0.0032463429889046935,True,False,True,False,,,5.475127264941153,4.8413446878236215,6.742692419176215,False,False,2026-07-27,2.0,True,657368.0,498458.4,1.318802130729465,False,642411700.0,2.65,242.41950943396228,2.4767801857585203,4.747162022703828,-10.029899429192724,8.695652173913228,91.30434782608677,True,18.5,False,False,False,False,True,False
969,002466,天齐锂业,C 制造业,腾讯前复权日K回退（成交额、换手率已提供）,False,2026-07-29,46.08,45.198,49.012,True,False,False,True,63.45,-27.3758865248227,False,40.22655927360209,-4.067521507520539,-4.275801718591111,0.41656042214114386,True,False,True,False,,,10.915753039915218,9.736651806667425,13.273955506410807,False,False,2026-07-23,4.0,True,628279.0,562538.4,1.1168641998484015,False,2847612100.0,4.26,668.453544600939,3.6903690369036957,8.550855085508545,-5.982208438749699,22.368421052631632,77.63157894736837,True,82.49,False,True,False,False,False,False
970,002467,二六三,I 信息技术,腾讯前复权日K回退（成交额、换手率已提供）,False,2026-07-29,4.57,4.464,4.4425,True,True,True,True,4.83,-5.3830227743271175,False,47.76431469761047,-0.17055295259326275,-0.23909246370852982,0.13707902223053414,True,False,False,False,2026-07-08,15.0,10.962021689916986,8.902777391665902,15.080510286419152,False,False,2026-07-22,5.0,True,479238.0,535960.0,0.8941674751847153,False,217719600.0,3.51,62.028376068376076,0.6607929515418665,3.3039647577092586,2.8700056274620236,26.66666666666663,73.33333333333337,True,7.17,False,False,False,False,True,False
971,002468,申通快递,G 运输仓储,腾讯前复权日K回退（成交额、换手率已提供）,False,2026-07-29,14.03,13.674000000000001,15.0875,True,False,False,True,17.22,-18.52497096399535,False,44.50587682271882,-0.3567858902210759,-0.18727998726397002,-0.3390118059142117,False,True,False,False,,,21.58687423094616,22.985937185168073,18.788748322502336,False,False,,,False,223298.0,198932.8,1.1224795508835146,False,311023600.0,1.53,203.28339869281044,1.3728323699421896,3.9017341040462368,-7.009113504556759,29.6296296296297,70.3703703703703,True,17.22,False,False,False,False,False,False
972,002469,三维化学,C 制造业,腾讯前复权日K回退（成交额、换手率已提供）,False,2026-07-29,5.61,5.522,5.630000000000001,True,False,False,True,6.02,-6.810631229235868,False,44.15746787364077,-0.1779374523688242,-0.2100603018938419,0.06424569905003541,True,False,False,False,2026-07-15,10.0,5.304368241379577,4.114233793411913,7.684637137314905,False,False,2026-07-28,1.0,True,57767.0,60243.2,0.9588966057579943,False,32362900.0,0.92,35.1770652173913,1.4466546112115841,2.712477396021706,-0.35523978685613605,26.66666666666663,73.33333333333337,True,7.42,False,False,False,False,False,False
973,002470,金正大,C 制造业,腾讯前复权日K回退（成交额、换手率已提供）,False,2026-07-29,1.9,1.874,1.8950000000000002,True,True,False,True,2.13,-10.798122065727698,False,45.122371477944576,-0.07595234998415923,-0.09509729566110867,0.038289891353898875,True,False,False,False,2026-07-14,11.0,7.9356567651181615,6.175347582229282,11.456275130895921,False,False,2026-07-22,5.0,True,1036144.0,955365.6,1.0845523431029964,False,196724700.0,3.15,62.452285714285715,2.1505376344086002,4.301075268817196,0.26385224274404595,37.50000000000011,62.4999999999999,False,3.17,False,False,False,False,True,False
974,002471,中超控股,C 制造业,腾讯前复权日K回退（成交额、换手率已提供）,False,2026-07-29,5.22,5.104,5.3165,True,False,False,True,6.54,-20.183486238532115,False,41.690984268115216,-0.39638231699244386,-0.47718088601771386,0.16159713805054,True,False,False,False,2026-07-23,4.0,10.748248054323746,8.563701623921423,15.117340915128391,False,False,2026-07-21,6.0,True,501932.0,540610.8,0.9284535196115208,False,259341400.0,3.73,69.5285254691689,1.1627906976744207,3.294573643410851,-1.8151039217530296,11.764705882353217,88.23529411764677,True,9.0,False,False,False,False,True,False
975,002472,双环传动,C 制造业,腾讯前复权日K回退（成交额、换手率已提供）,False,2026-07-29,36.2,36.044,40.333000000000006,True,False,False,False,49.42,-26.75030352084176,False,39.37667700542845,-1.610288536693112,-1.0689831724345178,-1.0826107285171882,False,True,False,False,,,12.371884367209043,16.80277432061087,3.510104460405394,False,False,,,False,237960.0,201182.2,1.182808419432733,False,852149500.0,3.18,267.97154088050314,1.5997754701094546,4.434465338198162,-10.247192125554761,24.68354430379742,75.31645569620258,True,49.42,False,False,False,False,False,False
976,002474,榕基软件,I 信息技术,腾讯前复权日K回退（成交额、换手率已提供）,False,2026-07-29,6.06,5.866,5.715999999999999,True,True,True,True,6.09,-0.4926108374384277,False,53.259136945860156,-0.1201392678418598,-0.22087234903684877,0.20146616238997794,True,False,False,False,2026-07-10,13.0,17.47187272976588,13.261378462361023,25.8928612645756,False,False,2026-07-21,6.0,True,346284.0,214635.6,1.6133577095318763,False,209249400.0,6.55,31.94647328244275,-0.49261083743842304,3.119868637110023,6.018194541637515,47.368421052631874,52.631578947368126,False,8.55,False,False,False,False,True,False
977,002475,立讯精密,C 制造业,腾讯前复权日K回退（成交额、换手率已提供）,False,2026-07-29,62.35,61.424,61.157000000000004,True,True,True,True,70.63,-11.723063853886442,False,49.31305907567845,-1.4759857459085026,-1.9005682144383986,0.849164937059792,True,False,False,False,2026-07-24,3.0,45.30944114641816,43.911008422939965,48.106306593374555,False,False,,,False,1426372.0,1019280.2,1.399391452909612,False,8756948700.0,1.95,4490.742923076923,3.7437603993344393,5.490848585690511,1.9507170070474318,4.545454545454506,95.4545454545455,True,81.64,False,False,False,False,False,False
978,002476,新叶股份,C 制造业,腾讯前复权日K回退（成交额、换手率已提供）,False,2026-07-29,4.33,4.2459999999999996,4.4190000000000005,True,False,False,True,5.15,-15.922330097087384,False,41.1295490894431,-0.2158363376103205,-0.24008473767230218,0.048496800123963346,True,False,False,False,2026-07-27,2.0,10.602129570715203,8.433931245779897,14.938526220585814,False,False,2026-07-21,6.0,True,90304.0,87871.2,1.0276859767477855,False,38765200.0,1.48,26.192702702702704,2.1226415094339535,2.830188679245264,-2.0140303236026345,16.66666666666642,83.33333333333358,True,6.18,False,False,False,False,True,False
979,002478,常宝股份,C 制造业,腾讯前复权日K回退（成交额、换手率已提供）,False,2026-07-29,6.23,6.0920000000000005,5.9825,True,True,True,True,6.54,-4.740061162079505,False,51.01194998274174,-0.16331397146426152,-0.25577368616564566,0.1849194294027683,True,False,False,False,,,8.815352478768355,6.698322726913162,13.049411982478745,False,False,2026-07-21,6.0,True,237809.0,201441.2,1.1805380428631282,False,147588600.0,3.29,44.859756838905774,2.8052805280528226,4.125412541254125,4.137066443794408,19.99999999999993,80.00000000000007,True,9.24,False,False,False,False,True,False
980,002479,富春环保,D 水电煤气,腾讯前复权日K回退（成交额、换手率已提供）,False,2026-07-29,5.39,5.31,4.9115,True,True,True,True,5.42,-0.5535055350553552,False,63.49268824339294,0.15630797259841156,0.08739790882020393,0.13782012755641526,True,False,False,False,2026-07-06,17.0,53.843529995787584,49.48116316184553,62.5682636636717,False,False,,,False,163127.0,241043.0,0.6767547698958277,False,87876200.00000001,1.89,46.49534391534392,0.5597014925373012,2.425373134328356,9.742441209406485,30.76923076923082,69.23076923076917,False,5.77,False,True,False,False,True,False
981,002480,新筑股份,C 制造业,腾讯前复权日K回退（成交额、换手率已提供）,False,2026-07-29,5.29,5.258000000000001,5.172,True,True,True,True,5.41,-2.2181146025878022,False,50.06733972385779,-0.0658688919293704,-0.11104852739031607,0.09035927092189133,True,False,False,False,2026-07-09,14.0,16.55546016852656,14.278704438337376,21.10897162890493,False,False,2026-07-23,4.0,True,61713.0,83190.0,0.7418319509556437,False,32461600.0,0.8,40.577,0.9541984732824416,2.099236641221363,2.2815158546017082,18.18181818181789,81.81818181818211,True,6.9,False,False,False,True,False,False
982,002481,双塔食品,C 制造业,腾讯前复权日K回退（成交额、换手率已提供）,False,2026-07-29,4.17,4.074000000000001,4.0725,True,True,True,True,4.32,-3.47222222222223,False,55.531443102356164,0.018239866465044052,0.01296267845708963,0.010554376015908844,True,False,True,False,,,35.678724718673884,32.41560918376221,42.20495578849723,False,False,,,False,90638.0,99635.2,0.9096985804213772,False,37931700.0,0.81,46.82925925925925,1.4598540145985384,2.4330900243308915,2.3941068139963204,50.0,50.0,False,4.64,False,False,False,False,True,False
983,002482,广田集团,E 建筑业,腾讯前复权日K回退（成交额、换手率已提供）,False,2026-07-29,1.25,1.226,1.2225,True,True,True,True,1.29,-3.1007751937984525,False,48.65325734455448,-0.028536755675448777,-0.040942185098105,0.02481085884531245,True,False,False,False,2026-07-06,17.0,13.773771839074108,12.094852047438215,17.131611422345895,False,False,2026-07-28,1.0,True,598754.0,476251.2,1.257223078912977,False,74675300.0,1.6,46.6720625,1.6260162601626105,3.2520325203252063,2.249488752556244,25.0,75.0,True,1.75,False,False,False,False,True,False
984,002483,润邦股份,C 制造业,腾讯前复权日K回退（成交额、换手率已提供）,False,2026-07-29,5.14,5.034000000000001,5.0245,True,True,True,True,5.25,-2.0952380952381016,False,51.34156812910125,-0.07125060548670081,-0.10970955863509163,0.07691790629678164,True,False,False,False,2026-07-03,18.0,11.2402707167153,8.941334666071059,15.838142818003778,False,False,2026-07-27,2.0,True,109256.0,97375.8,1.1220036189689842,False,56036400.0,1.23,45.5580487804878,1.380670611439827,2.1696252465483297,2.2987361926559844,27.27272727272742,72.72727272727259,True,6.46,False,False,False,False,False,False
985,002484,江海股份,C 制造业,腾讯前复权日K回退（成交额、换手率已提供）,False,2026-07-29,61.4,64.864,79.1705,False,False,False,False,113.18,-45.75013253224952,False,37.04363110400109,-6.659587218810898,-4.203449814190063,-4.912274809241671,False,True,False,False,,,44.02565816018393,47.801037968865046,36.474898542821705,False,False,,,False,560028.0,410545.0,1.364108684797038,False,3424343700.0,6.83,501.3680380673499,-2.4777636594663366,10.324015247776366,-22.445860516227643,50.76923076923083,49.23076923076917,False,115.44,False,False,False,False,True,True
986,002485,ST雪发,L 商务服务,腾讯前复权日K回退（成交额、换手率已提供）,False,2026-07-29,5.23,5.17,5.546,True,False,False,True,6.35,-17.63779527559054,False,46.999938061480826,-0.026457252248293983,0.05035559735498988,-0.1536256992065677,False,True,False,False,,,40.736248184676676,42.70679222080204,36.79516011242595,False,False,,,False,18946.0,29023.6,0.6527791176835404,False,9822900.0,0.35,28.065428571428576,0.9652509652509744,2.1235521235521295,-5.6978002163721575,9.09090909090887,90.90909090909113,True,6.35,False,True,False,False,False,False
987,002486,嘉麟杰,C 制造业,腾讯前复权日K回退（成交额、换手率已提供）,False,2026-07-29,2.25,2.192,2.237,True,True,False,True,2.4,-6.2499999999999964,False,49.34671320485828,-0.043807244582323435,-0.05164271951286095,0.015670949861075034,True,False,False,False,2026-07-28,1.0,19.02700537269192,15.896536123446593,25.28794387118258,False,False,2026-07-27,2.0,True,253877.0,235901.8,1.0761978077318615,False,56848900.0,3.09,18.397702265372168,1.3513513513513375,3.153153153153146,0.5811354492624006,28.571428571428665,71.42857142857135,True,2.97,False,False,False,False,True,False
988,002487,大金重工,C 制造业,腾讯前复权日K回退（成交额、换手率已提供）,False,2026-07-29,40.4,39.748000000000005,43.538,True,False,False,True,57.51,-29.751347591723174,False,35.285319309651854,-5.182175680882395,-5.8550585697693425,1.3457657777738952,True,False,False,False,2026-07-27,2.0,6.898367282750367,5.4881237795362585,9.718854289178582,False,False,2026-07-21,6.0,True,351721.0,339912.4,1.0347401271621746,False,1398838500.0,5.57,251.1379712746858,0.8487269096355332,7.289066400399405,-7.207496899260413,23.972602739726113,76.02739726027389,True,86.68,False,False,False,False,True,False
989,002488,金固股份,C 制造业,腾讯前复权日K回退（成交额、换手率已提供）,False,2026-07-29,8.72,8.684000000000001,8.853,True,False,False,False,9.77,-10.747185261003061,False,44.758598001157125,-0.2695809754323477,-0.31617730759757195,0.09319266433044848,True,False,False,False,2026-07-20,7.0,12.823033047166165,13.46764240785811,11.533814325782277,False,False,,,False,206179.0,222142.2,0.9281397231142934,False,177426699.99999997,2.24,79.20834821428569,2.7090694935217874,4.593639575971737,-1.5023155992318888,10.256410256410023,89.74358974358998,True,13.24,False,False,False,False,False,False
990,002489,浙江永强,C 制造业,腾讯前复权日K回退（成交额、换手率已提供）,False,2026-07-29,2.66,2.632,2.6975000000000002,True,False,False,True,2.86,-6.993006993006984,False,41.3849606942519,-0.11958523959600775,-0.1418374415790626,0.04450440396610972,True,False,False,False,2026-07-07,16.0,8.018708053768046,7.910878666831653,8.234366827640834,True,False,2026-07-29,0.0,True,310446.0,220324.8,1.4090379294568747,False,82091800.0,1.62,50.67395061728394,2.3076923076922995,3.8461538461538494,-1.3901760889712729,20.0,80.0,True,4.15,False,False,False,False,False,False
991,002490,山东墨龙,C 制造业,腾讯前复权日K回退（成交额、换手率已提供）,False,2026-07-29,7.39,7.659999999999999,7.477000000000001,False,False,True,False,9.07,-18.522601984564506,False,48.3883966162087,0.0277061513814143,0.02465609098451732,0.006100120793793962,True,False,False,False,2026-07-07,16.0,23.538373623390797,23.530380061153338,23.554360747865715,True,False,,,False,604266.0,888598.8,0.680021174910432,False,450883800.0,11.15,40.438008968609864,-0.9383378016085797,3.4852546916890055,-1.1635682760465629,23.076923076922945,23.076923076922945,False,10.58,False,False,False,False,False,False
992,002491,通鼎互联,C 制造业,腾讯前复权日K回退（成交额、换手率已提供）,False,2026-07-29,14.83,15.836000000000002,19.719,False,False,False,False,32.59,-54.49524393985886,False,29.916252125549406,-2.9379550649373627,-2.4949293332478364,-0.8860514633790526,False,True,False,False,,,21.2692835692368,24.022492902352152,15.762864903006097,False,False,,,False,1295970.0,1540706.8,0.8411529046279279,False,1905683400.0,11.02,172.9295281306715,-4.322580645161289,8.516129032258066,-24.79334651858614,3.787878787878841,49.242424242424256,False,39.71,False,False,False,False,False,False
993,002492,恒基达鑫,G 运输仓储,腾讯前复权日K回退（成交额、换手率已提供）,False,2026-07-29,5.28,5.196,5.2125,True,True,False,True,5.8,-8.965517241379303,False,47.653528941399806,-0.17243309566501708,-0.23821323991356821,0.13156028849710227,True,False,False,False,2026-07-23,4.0,16.4354559625648,12.634061877078915,24.038244133536562,False,False,2026-07-21,6.0,True,80036.0,108124.2,0.7402228178335655,False,42295400.0,2.01,21.042487562189056,-1.3084112149532645,2.616822429906553,1.2949640287769764,7.142857142857596,42.85714285714304,False,8.32,False,False,False,False,False,False
994,002493,荣盛石化,C 制造业,腾讯前复权日K回退（成交额、换手率已提供）,False,2026-07-29,12.16,11.904,11.5095,True,True,True,False,12.65,-3.873517786561266,False,56.885974509715865,0.11368297558534657,0.027612769454700644,0.17214041226129184,True,False,False,False,2026-07-17,8.0,39.24285317557131,34.828339732375326,48.071880061963284,False,False,2026-07-17,8.0,True,552014.0,604496.6,0.9131796605638477,False,663969600.0000001,0.59,1125.3722033898307,3.6658141517476484,6.3938618925831205,5.651852817237943,21.33333333333335,78.66666666666666,True,14.01,False,False,False,False,True,False
995,002494,华斯股份,C 制造业,腾讯前复权日K回退（成交额、换手率已提供）,False,2026-07-29,4.37,4.258,4.4385,True,False,False,True,4.88,-10.450819672131145,False,44.112420838327445,-0.16755986440166204,-0.1829513335214051,0.030782938239486135,True,False,False,False,2026-07-28,1.0,12.044933442437303,10.317274852729483,15.500250621852942,False,False,,,False,131772.0,154656.4,0.8520306951409706,False,56857900.0,4.6,12.360413043478262,2.3419203747072626,3.044496487119436,-1.5433141827193921,0.0,100.0,True,6.39,False,False,False,False,True,False
996,002495,佳隆股份,C 制造业,腾讯前复权日K回退（成交额、换手率已提供）,False,2026-07-29,2.18,2.116,2.137,True,True,False,True,2.29,-4.803493449781654,False,51.32617571473714,-0.033672446979305715,-0.04445816773031443,0.021571441502017424,True,False,False,False,2026-07-03,18.0,17.546247799831278,15.058871418262683,22.521000562968467,False,False,2026-07-28,1.0,True,199082.0,217728.2,0.914360197714398,False,43201200.0,2.87,15.052682926829267,2.3474178403755985,2.8169014084507067,2.0121665886757207,16.666666666666295,83.3333333333337,True,2.76,False,False,False,False,True,False
997,002496,辉丰股份,C 制造业,腾讯前复权日K回退（成交额、换手率已提供）,False,2026-07-29,1.91,1.8939999999999997,1.9939999999999998,True,False,False,True,2.3,-16.95652173913043,False,42.873034634221085,-0.07532230028584497,-0.0770536789068725,0.0034627572420550534,True,False,True,False,,,14.111547050694213,14.11674915295219,14.10114284617826,False,False,,,False,249922.0,192833.0,1.2960540986241982,False,47705800.0,2.12,22.502735849056602,1.0582010582010692,3.7037037037036953,-4.212637913741217,42.857142857142996,57.142857142857004,False,2.77,False,False,False,False,True,False
998,002497,雅化集团,C 制造业,腾讯前复权日K回退（成交额、换手率已提供）,False,2026-07-29,17.81,17.548000000000002,18.953,True,False,False,True,24.65,-27.748478701825558,False,43.01610801554994,-1.2519727907321894,-1.3366232262744395,0.16930087108450032,True,False,False,False,2026-07-28,1.0,9.978612508462158,8.44855494925128,13.038727626883915,False,False,2026-07-23,4.0,True,452762.0,430627.2,1.051401304887383,False,797133900.0,4.27,186.68241217798595,2.1801491681009644,6.712564543889855,-6.030707539703481,22.222222222222324,77.77777777777769,True,31.94,False,False,False,False,False,False
999,002498,汉缆股份,C 制造业,腾讯前复权日K回退（成交额、换手率已提供）,False,2026-07-29,7.19,6.648000000000001,6.0649999999999995,True,True,True,True,7.13,0.8415147265077207,True,59.57045584883974,-0.13668242987679058,-0.37535909040115023,0.4773533210487193,True,False,False,False,2026-07-23,4.0,24.116441112840402,17.24552625424882,37.858270830023564,False,False,2026-07-21,6.0,True,2583976.0,1575633.8,1.6399597419146503,False,1745934100.0,7.77,224.7019433719434,9.938837920489307,14.831804281345576,18.54905193734544,0.0,100.0,True,11.66,False,False,False,False,False,True
1000,002500,山西证券,J 金融业,腾讯前复权日K回退（成交额、换手率已提供）,False,2026-07-29,5.37,5.319999999999999,5.342499999999999,True,True,False,True,5.54,-3.0685920577617316,False,53.65180778090574,0.0248268613388527,0.03404279964367829,-0.018431876609651177,False,True,False,False,,,53.072140583902126,51.01941789102648,57.17758596965342,True,False,,,False,326721.0,212912.0,1.5345353949049372,False,174700500.0,0.91,191.97857142857143,2.4809160305343525,3.244274809160304,0.5147402901263594,17.647058823529566,82.35294117647044,True,5.7,False,False,False,False,False,False
1001,002501,*ST利源,C 制造业,腾讯前复权日K回退（成交额、换手率已提供）,False,2026-07-29,1.24,1.2220000000000002,1.2765,True,False,False,True,1.44,-13.888888888888888,False,43.573410139774225,-0.04515880577039044,-0.04680689436123955,0.0032961771816982094,True,False,True,False,,,3.832875979740365,4.412875816652231,2.672876305916633,False,False,,,False,196588.0,185758.2,1.0583005218612151,False,24182700.0,0.55,43.96854545454545,2.4793388429751984,3.305785123966945,-2.8593811202506836,25.0,75.0,True,1.74,False,True,False,False,False,False
1002,002506,协鑫集成,C 制造业,腾讯前复权日K回退（成交额、换手率已提供）,False,2026-07-29,2.55,2.4799999999999995,2.5675,True,False,False,True,3.27,-22.018348623853218,False,41.83143504758421,-0.18599731666446395,-0.22517506920821098,0.07835550508749406,True,False,False,False,2026-07-23,4.0,5.674052078246061,4.51745376705096,7.987248700636263,False,False,2026-07-21,6.0,True,2631354.0,2308587.4,1.1398112975926318,False,661589600.0000001,4.5,147.01991111111116,3.2388663967611198,5.668016194331971,-0.6815968841285325,14.285714285714333,85.71428571428567,True,4.9,False,True,True,False,True,False
1003,002507,涪陵榨菜,C 制造业,腾讯前复权日K回退（成交额、换手率已提供）,False,2026-07-29,11.86,11.552,11.386,True,True,True,True,11.97,-0.9189640768588238,False,62.011451767890144,0.07155936780763383,0.022151197021609746,0.09881634157204817,True,False,False,False,2026-07-06,17.0,43.08541013830121,36.14683255763012,56.96256529964339,False,False,,,False,187782.0,108389.6,1.732472488135393,False,222419199.99999997,1.63,136.45349693251532,2.329594477998276,3.019844693701464,4.163007201826807,20.0000000000001,79.99999999999989,True,12.48,False,False,False,False,False,False
1004,002508,老板电器,C 制造业,腾讯前复权日K回退（成交额、换手率已提供）,False,2026-07-29,16.45,15.804000000000002,15.481,True,True,True,True,16.34,0.673194614443081,True,60.818208489237854,0.053920702938103915,-0.08690366283842567,0.28164873155305914,True,False,False,False,2026-07-02,19.0,27.753291650390523,24.16419359519146,34.93148776078865,False,False,,,False,93714.0,86620.4,1.0818929490050844,False,153943900.0,1.0,153.9439,1.9206939281288582,3.779429987608423,6.259285575867188,22.95081967213126,77.04918032786874,True,18.67,False,False,False,False,False,False
1005,002510,天汽模,C 制造业,腾讯前复权日K回退（成交额、换手率已提供）,False,2026-07-29,5.59,5.476000000000001,5.366,True,True,True,True,6.06,-7.755775577557753,False,51.137402259739176,-0.1291328525186035,-0.21207792189632144,0.16589013875543585,True,False,False,False,2026-07-16,9.0,16.758755273626353,12.918264870431194,24.439736080016672,False,False,2026-07-21,6.0,True,204648.0,184585.0,1.1086924723027332,False,114627000.0,2.04,56.189705882352946,0.902527075812265,1.9855595667870092,4.174431606410738,54.54545454545484,45.45454545454516,False,7.66,False,True,False,False,True,False
1006,002511,中顺洁柔,C 制造业,腾讯前复权日K回退（成交额、换手率已提供）,False,2026-07-29,7.22,7.109999999999999,7.077000000000001,True,True,True,True,7.39,-2.30040595399188,False,55.2956471629088,0.02127043158983355,0.002575535450987331,0.03738979227769244,True,False,False,False,,,26.056567797362373,25.066984790363918,28.03573381135928,True,False,,,False,124246.0,124266.6,0.9998342273788773,False,89642300.0,0.98,91.47173469387755,1.2622720897615736,1.963534361851328,2.020630210541174,21.428571428571654,78.57142857142834,True,8.8,False,False,False,False,False,False
1007,002512,ST达华,C 制造业,腾讯前复权日K回退（成交额、换手率已提供）,False,2026-07-29,3.35,3.2619999999999996,3.3265000000000002,True,True,False,True,3.72,-9.946236559139788,False,46.51781699882704,-0.14124267716886107,-0.17870426038565662,0.07492316643359109,True,False,False,False,2026-07-09,14.0,15.500823920539242,13.754627717711054,18.99321632619562,False,False,2026-07-27,2.0,True,218954.0,267038.8,0.8199332831034292,False,73023100.0,2.0,36.51155,0.9036144578313365,2.40963855421687,0.7064482188486353,37.49999999999972,62.50000000000028,False,5.33,False,False,False,False,True,False
1008,002513,蓝丰生化,C 制造业,腾讯前复权日K回退（成交额、换手率已提供）,False,2026-07-29,4.69,4.564,4.6705000000000005,True,True,False,True,5.1,-8.039215686274495,False,46.53242212640625,-0.18107817294485873,-0.22161696667259073,0.081077587455464,True,False,False,False,2026-07-23,4.0,18.698314814141565,14.150652149676162,27.793640143072366,False,False,2026-07-21,6.0,True,94522.0,95308.8,0.9917447287134031,False,43854700.0,3.27,13.411223241590214,1.5151515151515138,3.2467532467532543,0.41751418477678726,13.333333333333016,86.66666666666698,True,6.75,False,False,False,False,False,False
1009,002514,*ST宝馨,C 制造业,腾讯前复权日K回退（成交额、换手率已提供）,False,2026-07-29,1.95,1.72,1.8675000000000002,True,True,False,True,2.46,-20.731707317073173,False,44.91052644352827,-0.29530919663213373,-0.36736900530943617,0.14411961735460488,True,False,False,False,2026-07-23,4.0,9.810532958032015,6.481791104151751,16.468016665792547,False,False,2026-07-23,4.0,True,664556.0,531553.6,1.2502144656719474,False,122371900.0,11.99,10.206163469557964,10.169491525423723,10.734463276836156,4.417670682730913,0.0,100.0,True,4.95,False,False,False,False,True,True
1010,002515,金字火腿,C 制造业,腾讯前复权日K回退（成交额、换手率已提供）,False,2026-07-29,7.06,7.81,8.288499999999999,False,False,False,False,10.75,-34.32558139534884,False,39.08264893141629,-0.2927351578992976,-0.17420313143722813,-0.23706405292413896,False,True,False,False,,,36.41331467301246,39.57220467828032,30.095534662476737,False,False,,,False,1112095.0,979265.2,1.1356423163000176,False,792590300.0,10.09,78.5520614469772,-9.83397190293742,9.578544061302683,-14.821740966399224,17.33333333333332,1.333333333333305,False,11.67,False,False,False,False,False,False
1011,002516,旷达科技,C 制造业,腾讯前复权日K回退（成交额、换手率已提供）,False,2026-07-29,5.22,5.13,5.281000000000001,True,False,False,True,5.87,-11.07325383304941,False,43.62647544218758,-0.15762101638849124,-0.17142945084659655,0.027616868916210624,True,False,False,False,2026-07-28,1.0,9.696927456185811,8.169675767383929,12.751430833789577,False,False,2026-07-28,1.0,True,128135.0,145566.2,0.8802524212351494,False,66631500.0,0.88,75.71761363636364,1.1627906976744207,2.325581395348839,-1.1550842643438899,33.33333333333333,66.66666666666666,False,6.83,False,False,False,False,True,False
1012,002517,恺英网络,I 信息技术,腾讯前复权日K回退（成交额、换手率已提供）,False,2026-07-29,16.69,15.538,16.323,True,True,False,True,18.15,-8.044077134986212,False,54.37985943171085,-0.07041200430078653,0.011422688590580422,-0.1636693857827339,False,True,False,False,,,29.269973886023646,27.66079462893912,32.4883324001927,True,False,,,False,1063174.0,665391.2,1.5978179452929346,False,1709110500.0,5.63,303.5720248667851,10.019775873434412,10.085695451549118,2.2483612081112594,0.0,100.0,True,19.22,False,True,False,False,False,True
1013,002518,科士达,C 制造业,腾讯前复权日K回退（成交额、换手率已提供）,False,2026-07-29,31.36,32.44,37.977999999999994,False,False,False,False,54.18,-42.11886304909561,False,30.167349613192783,-4.507447574689543,-4.247951735284807,-0.5189916788094724,False,True,False,False,,,5.9029733885945985,6.8014932935783285,4.105933578627138,False,False,,,False,112413.0,105637.4,1.0641401624803337,False,348108000.0,1.99,174.9286432160804,-1.0101010101010055,5.808080808080808,-17.425878139975765,3.804347826086972,72.82608695652173,True,65.13,False,False,False,False,False,False
1014,002519,银河电子,C 制造业,腾讯前复权日K回退（成交额、换手率已提供）,False,2026-07-29,5.21,5.086,5.2545,True,False,False,True,6.13,-15.00815660685155,False,43.41839863194364,-0.29941779413962255,-0.3602379834008985,0.12164037852255194,True,False,False,False,2026-07-24,3.0,12.896115742691293,10.36874148877814,17.9508642505176,False,False,2026-07-21,6.0,True,363579.0,386400.6,0.9409379799099692,False,187266900.0,3.25,57.620584615384615,1.7578125,3.515625000000012,-0.8468931392140109,11.11111111111133,88.88888888888867,True,9.11,False,False,False,False,True,False
1015,002520,日发精机,C 制造业,腾讯前复权日K回退（成交额、换手率已提供）,False,2026-07-29,5.52,5.392,6.1295,True,False,False,True,8.22,-32.84671532846716,False,40.61421804985459,-0.37947200555931637,-0.31977175248356055,-0.11940050615151165,False,True,False,False,,,17.916479718892454,17.12925706980419,19.49092501706898,True,False,2026-07-29,0.0,True,295694.0,322053.8,0.9181509424822809,False,162021200.0,4.12,39.32553398058252,1.4705882352941124,3.1249999999999987,-9.943714821763612,17.647058823529566,82.35294117647044,True,8.22,False,False,False,False,True,False
1016,002521,齐峰新材,C 制造业,腾讯前复权日K回退（成交额、换手率已提供）,False,2026-07-29,6.79,6.843999999999999,6.849500000000001,False,False,False,True,7.48,-9.224598930481289,False,47.40934287391159,-0.09996860863471202,-0.1329838429914224,0.06603046871342078,True,False,False,False,2026-07-24,3.0,21.9939213438065,20.799416458736413,24.382931113946675,False,False,,,False,43070.0,60304.6,0.7142075397233378,False,29375900.0,1.03,28.52029126213592,0.1474926253687281,2.06489675516225,-0.8686765457332765,71.42857142857152,21.42857142857152,False,8.41,False,True,False,False,True,False
1017,002522,浙江众成,C 制造业,腾讯前复权日K回退（成交额、换手率已提供）,False,2026-07-29,4.84,4.638,5.0275,True,False,False,True,7.99,-39.42428035043805,False,39.76571988012915,-0.5368172083177241,-0.5789558433025803,0.08427726996971252,True,False,False,False,2026-07-28,1.0,11.550882959695704,8.779794598430744,17.093059682225622,False,False,2026-07-27,2.0,True,350877.0,321541.8,1.0912329283471076,False,167458600.0,3.88,43.15943298969072,1.4675052410901612,3.5639412997903555,-3.7294878170064645,5.8823529411763475,94.11764705882365,True,8.44,False,True,False,False,True,True
1018,002523,天桥起重,C 制造业,腾讯前复权日K回退（成交额、换手率已提供）,False,2026-07-29,3.32,3.258,3.1275,True,True,True,True,3.34,-0.5988023952095813,False,56.324050933980836,0.013330625609732305,-0.02098598596800099,0.06863322315546659,True,False,False,False,2026-07-03,18.0,27.76278443163974,24.206031949238834,34.87628939644155,False,False,,,False,238579.0,255518.0,0.9337072143645457,False,78568300.0,1.69,46.49011834319527,2.4691358024691246,3.0864197530864086,6.155075939248598,0.0,100.0,True,3.91,False,False,False,False,False,False
1019,002524,光正眼科,Q 卫生,腾讯前复权日K回退（成交额、换手率已提供）,False,2026-07-29,3.61,3.5480000000000005,3.567,True,True,False,True,3.91,-7.672634271099751,False,51.303237284867556,-0.025635440274794696,-0.038683091949912166,0.02609530335023494,True,False,False,False,2026-07-27,2.0,25.16489221883083,22.486378768399174,30.52191911969414,False,False,,,False,125701.0,144867.2,0.867698140089682,False,45397299.99999999,2.46,18.454186991869914,0.8379888268156277,3.3519553072625725,1.205494813568817,41.66666666666685,58.33333333333315,False,4.55,False,True,True,False,True,False
1020,002526,山东矿机,C 制造业,腾讯前复权日K回退（成交额、换手率已提供）,False,2026-07-29,2.63,2.568,2.5555,True,True,True,True,2.73,-3.663003663003666,False,50.7269169095878,-0.055627385764161374,-0.08301574857964314,0.05477672563096353,True,False,False,False,2026-07-03,18.0,10.75369337772843,8.095897993046766,16.069284147091757,False,False,2026-07-27,2.0,True,253625.0,230718.8,1.0992818964037607,False,66496100.0,1.43,46.50076923076924,1.9379844961240345,2.713178294573637,2.9152807669731957,28.571428571428665,71.42857142857135,True,3.47,False,False,False,False,True,False
1021,002527,新时达,C 制造业,腾讯前复权日K回退（成交额、换手率已提供）,False,2026-07-29,10.65,10.288,11.131,True,False,False,True,14.34,-25.732217573221757,False,41.2368014660344,-0.8146056368208221,-0.8802188544954789,0.13122643534931355,True,False,False,False,2026-07-28,1.0,12.694402026173563,10.086315355140329,17.910575368240032,False,False,2026-07-23,4.0,True,86531.0,75412.4,1.1474372914799158,False,91233600.0,1.64,55.630243902439034,2.700096432015431,3.2786885245901627,-4.3212649357649795,0.0,100.0,True,16.93,False,False,False,False,True,False
1022,002528,*ST英飞,C 制造业,腾讯前复权日K回退（成交额、换手率已提供）,False,2026-07-29,4.66,4.39,4.406499999999999,True,True,False,True,4.89,-4.703476482617578,False,58.35807848633408,-0.018145273454036825,-0.05033821862481651,0.06438589034155937,True,False,False,False,2026-07-28,1.0,54.15187958905248,50.63895454439115,61.177729678375144,False,False,,,False,99035.0,90268.6,1.0971146112823285,False,46017200.0,0.94,48.954468085106384,2.192982456140369,4.166666666666676,5.752865085668915,5.263157894736719,52.631578947368595,False,5.42,False,False,False,False,False,True
1023,002529,海源复材,C 制造业,腾讯前复权日K回退（成交额、换手率已提供）,False,2026-07-29,6.42,6.244,6.4959999999999996,True,False,False,True,7.35,-12.653061224489793,False,44.80843833019755,-0.3038282865252375,-0.3410706089745336,0.07448464489859219,True,False,False,False,2026-07-28,1.0,19.117996955663003,15.058239677755088,27.237511511478832,False,False,2026-07-23,4.0,True,56869.0,55014.4,1.0337111738017681,False,36366900.0,2.19,16.605890410958907,2.392344497607657,3.3492822966507316,-1.1699507389162505,28.57142857142869,71.4285714285713,True,9.15,False,False,False,False,False,False
1024,002530,金财互联,C 制造业,腾讯前复权日K回退（成交额、换手率已提供）,False,2026-07-29,7.01,6.8180000000000005,6.706999999999999,True,True,True,True,7.13,-1.6830294530154295,False,52.448241742984756,-0.12755149061233162,-0.2177965952906827,0.18049020935670218,True,False,False,False,2026-07-15,10.0,16.912278319675234,13.019971310380214,24.696892338265272,False,False,2026-07-15,10.0,True,138043.0,145405.8,0.9493637805369525,False,96557800.0,1.99,48.52150753768844,0.7183908045977017,1.8678160919540214,4.5176681079469345,38.46153846153836,61.53846153846164,False,9.3,False,False,False,False,False,False
1025,002531,天顺风能,C 制造业,腾讯前复权日K回退（成交额、换手率已提供）,False,2026-07-29,6.45,6.3180000000000005,6.956,True,False,False,True,8.72,-26.03211009174312,False,33.249397442090014,-0.7411532336034963,-0.8144764934689861,0.14664651973097964,True,False,False,False,2026-07-27,2.0,6.960475021897461,5.420634994501435,10.040155076689514,False,False,2026-07-22,5.0,True,658360.0,494036.2,1.3326148974508345,False,416302200.0,3.68,113.12559782608696,0.6240249609984483,4.836193447737903,-7.274295572167916,19.35483870967732,80.64516129032269,True,12.84,False,True,False,False,True,False
1026,002532,天山铝业,C 制造业,腾讯前复权日K回退（成交额、换手率已提供）,False,2026-07-29,13.04,12.822,12.0045,True,True,True,True,13.38,-2.5411061285500867,False,55.90344499613216,0.05746419100117173,-0.15662106391774636,0.42817050983783617,True,False,False,False,2026-07-06,17.0,26.706412443109418,24.63302659129545,30.853184146737355,False,False,,,False,1042835.0,1175606.6,0.8870611988738409,False,1359500200.0,2.54,535.2362992125984,2.274509803921565,3.8431372549019627,8.625931942188338,44.89795918367358,55.102040816326415,False,17.05,False,True,False,False,False,False
1027,002533,金杯电工,C 制造业,腾讯前复权日K回退（成交额、换手率已提供）,False,2026-07-29,11.34,10.962,10.639999999999999,True,True,True,True,11.26,0.7104795737122565,True,57.2409887572343,-0.07990416258540911,-0.22872716017884762,0.297645995186877,True,False,False,False,2026-07-03,18.0,21.616193040889396,15.80392379580264,33.240731531062906,False,False,2026-07-20,7.0,True,133381.0,123441.2,1.0805225483874104,False,150085500.0,2.09,71.81124401913877,2.717391304347827,4.166666666666659,6.578947368421064,17.391304347826136,82.60869565217386,True,13.97,False,False,False,False,False,False
1028,002534,西子洁能,C 制造业,腾讯前复权日K回退（成交额、换手率已提供）,False,2026-07-29,12.55,12.644,15.219,False,False,False,False,18.6,-32.526881720430104,False,30.791978894778936,-1.6967103578018143,-1.4511008639610594,-0.49121898768150984,False,True,False,False,,,5.260790721005894,6.405675312156258,2.971021538705168,False,False,,,False,142302.0,131253.0,1.0841809330072456,False,175362500.0,1.72,101.95494186046513,0.7223113964687,5.216693418940613,-17.537288915171818,7.692307692307525,92.30769230769248,True,22.49,False,False,False,False,False,False
1029,002535,林州重机,C 制造业,腾讯前复权日K回退（成交额、换手率已提供）,False,2026-07-29,2.26,2.182,2.2305,True,True,False,True,2.42,-6.61157024793389,False,48.50925967511106,-0.07472302736570935,-0.09528141955809354,0.04111678438476837,True,False,False,False,,,10.06768362275875,8.30148226939906,13.600086329478131,False,False,2026-07-27,2.0,True,121272.0,143931.8,0.8425657151512036,False,27294400.0,1.62,16.848395061728393,2.7272727272727115,4.090909090909084,1.3225734140327117,33.33333333333366,66.66666666666634,False,3.6,False,False,False,False,True,False
1030,002536,飞龙股份,C 制造业,腾讯前复权日K回退（成交额、换手率已提供）,False,2026-07-29,40.92,46.83,49.957,False,False,False,False,58.79,-30.39632590576628,False,40.29775831528124,-0.3008847476242522,0.8922505475082281,-2.3862705902649606,False,True,False,False,,,58.73123743058622,65.76082728139902,44.672057728960624,False,False,,,False,517397.0,400745.6,1.2910859158528503,False,2115457300.0,9.5,222.67971578947368,-9.006004002668444,6.93795863909274,-18.08955701903637,18.910256410256494,14.423076923076994,False,58.79,False,False,False,False,False,False
1031,002537,海联金汇,C 制造业,腾讯前复权日K回退（成交额、换手率已提供）,False,2026-07-29,5.72,5.537999999999999,5.422,True,True,True,True,5.91,-3.2148900169204806,False,53.784740241916516,-0.06536848689597541,-0.13673656096705952,0.14273614814216823,True,False,False,False,2026-07-02,19.0,13.327519495210273,10.584324802617571,18.813908880395676,False,False,2026-07-15,10.0,True,286328.0,338069.8,0.8469493577953429,False,162492000.0,2.45,66.32326530612245,2.3255813953488413,2.862254025044725,5.496126890446331,12.500000000000277,87.49999999999972,True,7.58,False,False,False,False,False,False
1032,002538,ST司特,C 制造业,腾讯前复权日K回退（成交额、换手率已提供）,False,2026-07-29,6.36,6.284000000000001,6.15,True,True,True,True,6.54,-2.752293577981647,False,58.489761691020085,0.04887641116224373,0.009030762446980985,0.07969129743052548,True,False,False,False,2026-07-23,4.0,39.48540995213423,32.578072262991896,53.30008533041891,False,False,,,False,95134.0,80208.8,1.186079332941024,False,61093700.0,1.12,54.54794642857142,0.0,2.8301886792452784,3.414634146341463,77.77777777777773,22.22222222222228,False,7.33,False,True,False,False,True,False
1033,002539,云图控股,C 制造业,腾讯前复权日K回退（成交额、换手率已提供）,False,2026-07-29,11.79,11.334,10.654,True,True,True,True,11.66,1.114922813036012,True,58.1286006261894,-0.11942538856565932,-0.365730027803871,0.49260927847642333,True,False,False,False,2026-07-23,4.0,28.484761124153135,20.98907002097771,43.47614333050398,False,False,2026-07-21,6.0,True,280533.0,343693.6,0.8162299210692315,False,327682300.00000006,3.15,104.026126984127,1.9896193771626214,4.757785467128018,10.662661911019327,14.545454545454586,85.45454545454541,True,15.65,False,False,False,False,False,False
1034,002540,亚太科技,C 制造业,腾讯前复权日K回退（成交额、换手率已提供）,False,2026-07-29,4.94,4.772,4.7515,True,True,True,True,5.05,-2.178217821782167,False,54.510493197908495,-0.05673832729001571,-0.10207103952905063,0.09066542447806983,True,False,False,False,2026-07-02,19.0,12.26291634082961,8.759572806818191,19.269603408852447,False,False,2026-07-27,2.0,True,146138.0,146583.0,0.9969641772920461,False,72145000.0,1.7,42.438235294117646,0.8163265306122547,2.8571428571428683,3.9671682626539058,35.714285714285445,64.28571428571456,False,6.03,False,False,False,False,False,False
1035,002541,鸿路钢构,C 制造业,腾讯前复权日K回退（成交额、换手率已提供）,False,2026-07-29,20.58,20.078,19.7855,True,True,True,True,22.75,-9.538461538461545,False,58.14460058790636,0.6241972512504717,0.6807978065656894,-0.11320111063043559,False,True,False,False,,,63.89560220642431,62.19000293522046,67.30680074883199,True,False,,,False,98244.0,102779.8,0.9558687602038533,False,199532500.0,1.98,100.77398989898991,3.41708542713568,4.472361809045229,4.0155669555987945,12.35955056179808,87.64044943820191,True,22.75,False,True,False,False,False,False
1036,002542,*ST中岩,E 建筑业,腾讯前复权日K回退（成交额、换手率已提供）,False,2026-07-29,1.64,1.6219999999999999,1.4360000000000002,True,True,True,True,1.67,-1.7964071856287442,False,61.889956117712444,0.051583831088105825,0.013744172595421671,0.07567931698536831,True,False,False,False,2026-07-03,18.0,20.76673131532873,19.1276749863339,24.044843973318393,False,False,,,False,343635.0,497977.0,0.6900619908148369,False,56370500.0,1.95,28.907948717948717,2.499999999999991,4.37499999999999,14.206128133704715,42.857142857142996,57.142857142857004,False,1.91,False,True,False,False,False,False
1037,002543,万和电气,C 制造业,腾讯前复权日K回退（成交额、换手率已提供）,False,2026-07-29,6.6,6.4319999999999995,6.4719999999999995,True,True,False,True,6.91,-4.4862518089725105,False,51.914490736294326,-0.07172122056421149,-0.10443909259770948,0.06543574406699598,True,False,False,False,2026-07-02,19.0,12.432239718127448,11.21794322249022,14.860832709401905,True,False,2026-07-29,0.0,True,39788.0,38141.8,1.0431599976928199,False,26140100.000000004,0.6,43.56683333333334,2.0092735703245657,2.1638330757341526,1.9777503090234876,0.0,100.0,True,8.19,False,False,False,False,False,False
1038,002544,普天科技,I 信息技术,腾讯前复权日K回退（成交额、换手率已提供）,False,2026-07-29,15.66,15.325999999999999,16.296,True,False,False,True,19.17,-18.309859154929583,False,39.52823335762501,-1.0962742660214353,-1.2158432713231617,0.23913801060345286,True,False,False,False,2026-07-27,2.0,6.1877473770751505,5.172382490579211,8.218477150067029,False,False,2026-07-21,6.0,True,133288.0,100918.2,1.3207528473555812,False,206144300.0,1.96,105.17566326530613,2.5540275049116046,4.387688277668631,-3.902798232695135,14.925373134328307,85.0746268656717,True,28.26,False,False,False,False,True,False
1039,002545,东方铁塔,C 制造业,腾讯前复权日K回退（成交额、换手率已提供）,False,2026-07-29,18.96,18.894,17.134999999999998,True,True,True,True,19.71,-3.8051750380517504,False,57.32206493154976,0.0473606836335172,-0.43024957781683243,0.9552205229006993,True,False,False,False,2026-07-06,17.0,29.271912011175505,23.914778920224787,39.986178193076945,False,False,2026-07-21,6.0,True,282316.0,350648.8,0.8051246717513364,False,530077600.0,2.5,212.03104,0.15847860538826808,5.388272583201284,10.650714911000893,20.58823529411767,79.41176470588233,True,26.45,False,True,False,False,True,False
1040,002546,新联电子,C 制造业,腾讯前复权日K回退（成交额、换手率已提供）,False,2026-07-29,8.53,8.32,7.827000000000001,True,True,True,True,8.7,-1.9540229885057463,False,58.72103408444542,0.21994113761462142,0.15337399477154845,0.13313428568614594,True,False,False,False,2026-07-23,4.0,51.266678152097796,42.59733594067424,68.6053625749449,False,False,,,False,463658.0,488585.4,0.9489804648276432,False,388292600.0,5.79,67.06262521588947,3.3939393939393936,5.696969696969704,8.981729909288342,6.382978723404488,93.61702127659551,True,8.9,False,True,False,False,False,False
1041,002547,*ST春兴,C 制造业,腾讯前复权日K回退（成交额、换手率已提供）,False,2026-07-29,2.21,2.132,2.2615,True,False,False,True,2.75,-19.636363636363637,False,43.6281039766471,-0.1950604198812047,-0.22590825799762795,0.0616956762328465,True,False,False,False,2026-07-27,2.0,17.87018220274183,14.19490099273653,25.22074462275243,False,False,2026-07-23,4.0,True,286403.0,437687.4,0.6543551402210801,False,62814799.99999999,2.59,24.252818532818534,3.2710280373831724,4.205607476635528,-2.2772496130886526,33.3333333333335,66.6666666666665,False,3.77,False,False,False,False,True,False
1042,002548,金新农,C 制造业,腾讯前复权日K回退（成交额、换手率已提供）,False,2026-07-29,3.8,3.84,4.0015,False,False,False,False,4.48,-15.178571428571441,False,42.75242488705609,-0.053763811176531284,-0.03274931663545679,-0.042028989082148985,False,True,False,False,,,14.13000186376157,15.06247659464838,12.265052401987951,False,False,,,False,234016.0,239519.0,0.9770247871776352,False,88069500.0,2.91,30.264432989690718,0.26385224274405594,2.9023746701846935,-5.035611645632893,18.18181818181822,81.81818181818178,True,5.48,False,True,False,False,False,False
1043,002549,凯美特气,N 公共环保,腾讯前复权日K回退（成交额、换手率已提供）,False,2026-07-29,13.18,13.425999999999998,15.314999999999998,False,False,False,True,22.68,-41.88712522045856,False,37.812024597958604,-1.2666598867995944,-1.1314251098875714,-0.270469553824046,False,True,False,False,,,13.208630404351576,12.287123994875683,15.051643223303362,False,False,2026-07-27,2.0,True,503313.0,358871.6,1.4024876864037166,False,657676400.0,7.27,90.46442916093537,-5.924339757316199,7.066381156316918,-13.940581129611482,21.212121212121293,43.4343434343434,False,22.68,False,False,False,False,False,False
1044,002550,千红制药,C 制造业,腾讯前复权日K回退（成交额、换手率已提供）,False,2026-07-29,6.86,6.706,6.7935,True,True,False,True,7.4,-7.297297297297297,False,54.482914510575704,0.08025241880093059,0.10615437502706546,-0.05180391245226973,False,True,False,False,,,47.387824443939586,46.85060906458819,48.46225520264237,True,False,,,False,193962.0,202081.6,0.9598201914474153,False,132101200.00000001,2.06,64.12679611650486,2.5411061285500747,2.840059790732442,0.9788768675940304,5.263157894736719,94.73684210526329,True,7.4,False,True,False,False,False,False
1045,002551,尚荣医疗,C 制造业,腾讯前复权日K回退（成交额、换手率已提供）,False,2026-07-29,2.91,2.8619999999999997,2.8535,True,True,True,True,3.08,-5.519480519480517,False,52.09031492871414,-0.016686135244067035,-0.03117328516090091,0.028974299833667748,True,False,False,False,2026-07-01,20.0,22.465530996339194,20.524815716743998,26.34696155552958,False,False,,,False,135270.0,134994.4,1.0020415661686708,False,39523300.0,2.21,17.883846153846154,1.041666666666674,3.12500000000001,1.9800245312773863,44.444444444444336,55.55555555555567,False,3.64,False,False,False,False,True,False
1046,002552,宝鼎科技,C 制造业,腾讯前复权日K回退（成交额、换手率已提供）,False,2026-07-29,35.21,37.772,50.7475,False,False,False,False,70.99,-50.40146499506972,False,31.626485431640603,-5.962630455269519,-3.859569751256906,-4.206121408025226,False,True,False,False,,,35.95633329510858,40.871174337332235,26.126651210661265,False,False,,,False,146939.0,190159.4,0.7727148907705851,False,516736200.0,3.99,129.50781954887216,-3.666210670314629,9.220246238030109,-30.617271786787526,13.353115727003035,48.3679525222552,False,78.98,False,False,False,False,False,False
1047,002553,南方精工,C 制造业,腾讯前复权日K回退（成交额、换手率已提供）,False,2026-07-29,14.97,14.492,15.128500000000003,True,False,False,True,17.87,-16.228315612758813,False,44.11440748594576,-0.7543624310988584,-0.890552232039902,0.2723796018820872,True,False,False,False,2026-07-23,4.0,6.962448540799804,5.364660727711513,10.158024166976386,False,False,2026-07-27,2.0,True,66430.0,54176.0,1.2261887182516242,False,98797500.0,2.59,38.1457528957529,2.534246575342469,3.4931506849315057,-1.0476914433023885,21.56862745098029,78.43137254901971,True,23.48,False,False,False,False,True,False
1048,002554,惠博普,B 采矿业,腾讯前复权日K回退（成交额、换手率已提供）,False,2026-07-29,2.81,2.806,2.8865,True,False,False,True,3.15,-10.79365079365079,False,42.643974650460265,-0.09000943891950808,-0.09300491001542989,0.005990942191843623,True,False,True,False,,,8.988357807016051,7.726726752165109,11.511619916717935,False,False,2026-07-20,7.0,True,173099.0,217866.8,0.7945175676147077,False,48571100.0,1.3,37.36238461538461,1.0791366906474975,2.158273381294966,-2.6502684912523744,49.99999999999963,50.00000000000037,False,3.73,False,False,False,False,True,False
1049,002555,三七互娱,I 信息技术,腾讯前复权日K回退（成交额、换手率已提供）,False,2026-07-29,19.18,18.528,18.7875,True,True,False,True,20.06,-4.38683948155533,False,53.754120597700336,-0.06395398316126233,-0.08901476185303586,0.050121557383547066,True,False,True,False,,,26.749243510036763,23.964499977552265,32.31873057500576,True,False,,,False,775785.0,341056.0,2.274655775004691,True,1474928400.0,4.89,301.62134969325155,4.466230936819171,5.010893246187374,2.0891550232867506,18.478260869565368,81.52173913043464,True,22.1,False,False,False,False,True,False
1050,002556,辉隆股份,F 批发零售,腾讯前复权日K回退（成交额、换手率已提供）,False,2026-07-29,4.78,4.736,4.6665,True,True,True,True,4.83,-1.0351966873705967,False,51.73368145533444,-0.038451901127973365,-0.07405067502065311,0.0711975477853595,True,False,False,False,2026-07-03,18.0,14.364365819047814,12.881322341017329,17.330452775108785,False,False,,,False,103653.0,85320.8,1.2148620266101584,False,49742600.0,1.11,44.81315315315315,0.8438818565400741,1.898734177215187,2.432229722490092,66.66666666666634,33.33333333333366,False,6.34,False,True,False,False,False,False
1051,002557,洽洽食品,C 制造业,腾讯前复权日K回退（成交额、换手率已提供）,False,2026-07-29,20.71,19.458000000000002,19.65,True,True,False,True,20.4,1.5196078431372662,True,59.51968345852257,0.01706370412839675,-0.07094238391381724,0.17601217608442798,True,False,True,False,,,31.44595950609546,27.386715685277476,39.56444714773142,False,False,,,False,148810.0,66231.6,2.2468126996780993,True,305213300.0,2.95,103.46213559322032,4.754678806272139,6.069802731411226,5.394402035623422,18.33333333333325,81.66666666666676,True,22.8,False,False,False,False,False,False
1052,002558,巨人网络,I 信息技术,腾讯前复权日K回退（成交额、换手率已提供）,False,2026-07-29,26.98,25.134,27.756,True,False,False,False,31.31,-13.829447460875116,False,49.29288930004386,-0.3766006206592074,0.04731867889648876,-0.8478385991113924,False,True,False,False,,,20.395575453601435,22.746778988486827,15.693168383830645,False,False,,,False,1057227.0,1016138.0,1.0404364367831929,False,2753014300.0,5.56,495.1464568345324,9.98777007745617,9.906237260497349,-2.795791900850266,0.0,100.0,True,34.1,False,False,False,False,False,True
1053,002559,亚威股份,C 制造业,腾讯前复权日K回退（成交额、换手率已提供）,False,2026-07-29,8.92,8.975999999999999,10.852,False,False,False,False,15.38,-42.002600780234076,False,37.19120504260743,-0.708164024549097,-0.4687273740296427,-0.47887330103890857,False,True,False,False,,,10.057394075838467,12.456849890968783,5.258482445577833,False,False,,,False,336936.0,298797.4,1.1276403342197756,False,297118300.0,6.69,44.412301943198806,-0.9988901220865709,4.328523862375126,-17.803169922594915,0.0,71.79487179487185,True,15.38,False,False,False,False,True,False
1054,002560,通达股份,C 制造业,腾讯前复权日K回退（成交额、换手率已提供）,False,2026-07-29,6.14,6.023999999999999,6.336,True,False,False,True,7.78,-21.079691516709516,False,40.263161225823396,-0.5378341341451058,-0.6292629877994647,0.18285770730871764,True,False,False,False,2026-07-27,2.0,11.196765315662786,8.94753139776485,15.695233151458655,False,False,2026-07-23,4.0,True,437397.0,554747.6,0.7884612750014601,False,265304500.0,6.91,38.39428364688857,1.9933554817275656,4.817275747508306,-3.0934343434343528,13.793103448275874,86.20689655172413,True,12.9,False,False,False,False,False,False
1055,002561,徐家汇,F 批发零售,腾讯前复权日K回退（成交额、换手率已提供）,False,2026-07-29,6.49,6.340000000000001,6.3865,True,True,False,True,6.81,-4.698972099853148,False,49.9673750612282,-0.09956080062451456,-0.132677414784287,0.06623322831954487,True,False,False,False,2026-07-06,17.0,13.592881507912638,12.00025625081247,16.778132022112977,True,False,2026-07-29,0.0,True,49000.0,34431.4,1.4231195943237858,False,31805900.0,1.18,26.954152542372885,1.883830455259039,2.8257456828885354,1.6206059657089231,27.77777777777772,72.22222222222227,True,8.21,False,False,False,False,False,False
1056,002562,兄弟科技,C 制造业,腾讯前复权日K回退（成交额、换手率已提供）,False,2026-07-29,4.39,4.31,4.334,True,True,False,True,4.6,-4.565217391304347,False,47.95924283846728,-0.1024198511589649,-0.13572066675269648,0.06660163118746315,True,False,False,False,2026-07-14,11.0,7.6983643763555065,6.2625728814496,10.56994736616732,False,False,2026-07-28,1.0,True,152882.0,185063.0,0.826107865969967,False,66954900.0,1.88,35.614308510638296,1.6203703703703498,3.009259259259257,1.2921089063221056,30.76923076923082,69.23076923076917,False,5.96,False,False,False,False,False,False
1057,002563,森马服饰,C 制造业,腾讯前复权日K回退（成交额、换手率已提供）,False,2026-07-29,6.15,5.792,5.627000000000001,True,True,True,True,6.0,2.500000000000006,True,68.94822775292197,0.11306000121458215,0.05770891393446752,0.11070217456022927,True,False,False,False,2026-07-27,2.0,82.32835217963007,70.58327473653613,105.81850706581795,False,False,,,False,301963.0,229755.8,1.3142780291074263,False,184402599.99999997,1.37,134.60043795620433,3.015075376884435,4.522613065326641,9.294473076239553,14.814814814814802,85.18518518518519,True,6.03,True,False,False,False,False,False
1058,002564,天沃科技,C 制造业,腾讯前复权日K回退（成交额、换手率已提供）,False,2026-07-29,4.35,4.232,4.213,True,True,True,True,4.58,-5.0218340611353804,False,49.96599125222999,-0.12352449332517246,-0.18264845881468655,0.11824793097902819,True,False,False,False,2026-07-01,20.0,10.765087181571138,8.04765097071522,16.199959603282974,False,False,2026-07-23,4.0,True,115390.0,145995.6,0.7903662850113291,False,49789100.0,1.34,37.1560447761194,1.3986013986013957,3.2634032634032555,3.2518395442677326,14.285714285714649,85.71428571428535,True,6.48,False,False,False,False,True,False
1059,002565,顺灏股份,C 制造业,腾讯前复权日K回退（成交额、换手率已提供）,False,2026-07-29,8.44,8.745999999999999,9.883,False,False,False,False,13.16,-35.8662613981763,False,28.69130117280328,-1.211004604105467,-1.2655071368748563,0.10900506553877864,True,False,False,False,2026-07-27,2.0,5.762938697446905,5.706453301511286,5.875909489318142,False,False,2026-07-21,6.0,True,446092.0,385693.0,1.1565986419250545,False,374759300.0,4.21,89.01646080760095,-2.9885057471264354,5.74712643678161,-14.600829707578669,6.000000000000227,41.999999999999815,False,22.0,False,False,False,False,False,False
1060,002566,益盛药业,C 制造业,腾讯前复权日K回退（成交额、换手率已提供）,False,2026-07-29,6.53,6.376,6.2775,True,True,True,True,6.88,-5.087209302325577,False,53.05580401488074,-0.06430126423636384,-0.12187089980026462,0.11513927112780156,True,False,False,False,2026-07-02,19.0,23.624826334440858,19.746972704165028,31.38053359499252,False,False,,,False,123730.0,177062.2,0.6987939831313515,False,80763000.0,5.34,15.124157303370788,1.7133956386292892,2.492211838006233,4.022301871764244,37.49999999999972,62.50000000000028,False,8.35,False,False,False,False,False,False
1061,002567,唐人神,C 制造业,腾讯前复权日K回退（成交额、换手率已提供）,False,2026-07-29,3.58,3.554,3.6089999999999995,True,False,False,False,3.86,-7.25388601036269,False,50.02416700252264,0.007902495698937972,0.01771010805958686,-0.019615224721297772,False,True,False,False,,,33.81112462987901,34.05397641320332,33.325421063230394,False,False,,,False,139382.0,147319.0,0.946123717918259,False,49820700.0,0.97,51.361546391752576,1.1299435028248705,2.8248587570621493,-0.8035466888334573,40.0,60.0,False,4.27,False,False,False,False,True,False
1062,002568,百润股份,C 制造业,腾讯前复权日K回退（成交额、换手率已提供）,False,2026-07-29,19.59,18.212,17.6255,True,True,True,True,19.1,2.565445026178002,True,63.828963261974444,0.30830141043008297,0.16162928160047862,0.2933442576592087,True,False,False,False,2026-07-10,13.0,69.69637755869984,64.83655975713056,79.41601316183838,True,False,,,False,187481.0,126357.2,1.4837381645050698,False,359083200.0,2.46,145.96878048780488,9.994385176866928,9.432902863559796,11.145783098351826,0.0,100.0,True,20.41,False,False,False,False,False,True
1063,002569,*ST步森,C 制造业,腾讯前复权日K回退（成交额、换手率已提供）,False,2026-07-29,14.23,13.953999999999999,14.219,True,True,False,True,16.47,-13.600485731633263,False,49.203173138352945,-0.34575181722765436,-0.44222038442553735,0.19293713439576599,True,False,False,False,2026-07-27,2.0,30.330673688854972,26.361608561529447,38.26880394350602,False,False,,,False,6703.0,9985.6,0.6712666239384714,False,9466800.0,0.48,19.7225,-0.41987403778865895,2.4492652204338676,0.07736127716436464,0.0,62.8571428571431,False,18.12,False,False,False,False,False,False
1064,002570,贝因美,C 制造业,腾讯前复权日K回退（成交额、换手率已提供）,False,2026-07-29,4.28,4.096,4.076,True,True,True,True,4.34,-1.382488479262664,False,52.9161831668525,-0.09241699789818458,-0.13928503848340704,0.09373608117044491,True,False,False,False,2026-07-14,11.0,13.006652087553691,10.446538436346318,18.12687938996844,False,False,2026-07-28,1.0,True,466270.0,176182.2,2.6465216122854636,True,198829000.0,4.32,46.02523148148148,3.8834951456310662,4.854368932038818,5.004906771344471,14.999999999999734,85.00000000000027,True,5.97,False,False,False,False,False,False
1065,002571,德力股份,C 制造业,腾讯前复权日K回退（成交额、换手率已提供）,False,2026-07-29,10.4,10.413999999999998,10.285,False,True,True,True,11.3,-7.964601769911507,False,48.01734491633302,-0.1618838029390126,-0.2529844982811545,0.18220139068428376,True,False,False,False,2026-07-14,11.0,27.299857227518086,23.718027535595365,34.463516611363524,False,False,2026-07-22,5.0,True,43577.0,48347.6,0.9013270565653725,False,45732900.0,1.46,31.323904109589044,-1.2345679012345623,2.6590693257360036,1.1181332036947031,35.71428571428608,17.85714285714304,False,13.4,False,True,False,False,True,False
1066,002572,索菲亚,C 制造业,腾讯前复权日K回退（成交额、换手率已提供）,False,2026-07-29,8.62,8.122,7.95,True,True,True,True,8.49,1.5312131919905654,True,60.602565979452926,-0.03636892147759774,-0.1469020349348619,0.22106622691452832,True,False,False,False,2026-07-01,20.0,18.921681959687447,15.853056830104038,25.058932218854267,False,False,2026-07-28,1.0,True,263439.0,98049.6,2.6867932148626816,True,226230900.0,4.04,55.99774752475248,6.027060270602691,7.626076260762598,8.427672955974831,20.967741935484025,79.03225806451599,True,11.78,False,False,False,False,False,False
1067,002573,清新环境,N 公共环保,腾讯前复权日K回退（成交额、换手率已提供）,False,2026-07-29,3.19,3.1599999999999997,3.129,True,True,True,True,3.27,-2.4464831804281366,False,53.05133426560357,-0.006694494049852562,-0.02061891841216638,0.027848848724627638,True,False,False,False,2026-07-03,18.0,24.086761154946426,22.644302804329943,26.97167785617939,False,False,,,False,107055.0,77475.6,1.3817898796524324,False,34037800.0,0.76,44.78657894736842,1.2698412698412653,2.222222222222217,1.9495046340683906,28.571428571428665,71.42857142857135,True,3.8,False,False,False,False,False,False
1068,002574,明牌珠宝,C 制造业,腾讯前复权日K回退（成交额、换手率已提供）,False,2026-07-29,4.37,4.246,4.237,True,True,True,True,4.5,-2.8888888888888866,False,51.48629047216402,-0.08221144539253977,-0.12034374284007854,0.07626459489507753,True,False,False,False,2026-07-06,17.0,14.147265655355653,11.237628290723066,19.966540384620828,False,False,2026-07-27,2.0,True,76090.0,71185.4,1.068898959618124,False,33036100.0,1.44,22.941736111111112,2.3419203747072626,2.5761124121779937,3.1390134529147984,9.09090909090887,90.90909090909113,True,5.89,False,False,False,False,False,False
1069,002575,群兴玩具,F 批发零售,腾讯前复权日K回退（成交额、换手率已提供）,False,2026-07-29,4.85,4.799999999999999,4.794,True,True,True,True,6.08,-20.230263157894743,False,45.71861906675243,-0.2484127662011364,-0.31849640174018057,0.14016727107808835,True,False,False,False,2026-07-22,5.0,13.444940596302692,11.490839488581393,17.353142811745286,False,False,2026-07-21,6.0,True,321992.0,520245.2,0.6189235383622953,False,154704900.0,5.51,28.07711433756806,1.6771488469601747,3.5639412997903555,1.1681268251981656,23.529411764705912,76.47058823529409,True,8.16,False,False,False,False,True,False
1070,002576,通达动力,C 制造业,腾讯前复权日K回退（成交额、换手率已提供）,False,2026-07-29,14.08,13.475999999999999,13.701500000000001,True,True,False,True,15.82,-10.99873577749684,False,49.88858103802861,-0.5087928344677586,-0.6834657482555235,0.3493458275755299,True,False,False,False,2026-07-23,4.0,15.667103371710416,11.336314684930704,24.32868074526984,False,False,2026-07-23,4.0,True,41428.0,30376.0,1.3638398735844088,False,58136300.0,2.56,22.7094921875,2.1029731689630182,4.060913705583747,2.7624712622705463,50.0,50.0,False,20.27,False,False,False,False,True,False
1071,002577,雷柏科技,C 制造业,腾讯前复权日K回退（成交额、换手率已提供）,False,2026-07-29,18.77,17.368000000000002,17.826,True,True,False,True,19.92,-5.773092369477921,False,58.069349089089876,-0.22612022154829603,-0.32402843231653783,0.1958164215364836,True,False,True,False,,,55.80131098448743,46.43189855128279,74.5401358508967,False,False,,,False,65564.0,39962.8,1.6406257819772387,False,121827500.0,2.34,52.063034188034194,4.743303571428559,4.743303571428559,5.29563558846628,10.588235294117657,89.41176470588235,True,20.12,False,True,False,False,True,True
1072,002578,闽发铝业,C 制造业,腾讯前复权日K回退（成交额、换手率已提供）,False,2026-07-29,2.95,2.874,2.945,True,True,False,True,3.29,-10.334346504559267,False,44.093007549907995,-0.15084118351437015,-0.18248881194307762,0.06329525685741494,True,False,False,False,2026-07-15,10.0,11.08500717328355,8.869223996457356,15.51657352693594,False,False,2026-07-21,6.0,True,235784.0,244670.8,0.9636785427603131,False,69318600.0,2.74,25.298759124087592,2.076124567474058,3.1141868512110675,0.16977928692700636,33.33333333333317,66.66666666666683,False,4.3,False,False,False,False,False,False
1073,002579,中京电子,C 制造业,腾讯前复权日K回退（成交额、换手率已提供）,False,2026-07-29,11.55,11.996,14.734,False,False,False,False,22.49,-48.643841707425516,False,34.102868208146916,-1.6910281014649016,-1.376446335146604,-0.629163532636595,False,True,False,False,,,14.325085694381727,16.38899873444927,10.19725961424664,False,False,,,False,631832.0,800490.6,0.7893059581211822,False,719182200.0,10.83,66.40648199445982,-2.035623409669196,6.785411365564044,-21.609881905796115,3.7500000000001386,66.25000000000009,False,23.4,False,False,False,False,False,False
1074,002580,圣阳股份,C 制造业,腾讯前复权日K回退（成交额、换手率已提供）,False,2026-07-29,18.61,16.774,17.383499999999998,True,True,False,True,22.18,-16.095581605049595,False,51.412602154401924,-1.2472416846992616,-1.60134998045188,0.708216591505237,True,False,False,False,2026-07-27,2.0,18.461723447284104,16.18000666213078,23.025157017590757,False,False,2026-07-27,2.0,True,1152337.0,435753.6,2.6444692596917156,True,2022325500.0,25.48,79.36913265306123,9.988179669030718,14.36170212765957,7.0555411741018865,0.0,100.0,True,36.46,False,False,False,False,False,True
1075,002581,*ST未名,C 制造业,腾讯前复权日K回退（成交额、换手率已提供）,False,2026-07-29,3.46,3.35,3.4425000000000003,True,True,False,True,4.17,-17.026378896882495,False,46.99245808827885,-0.12008245938492701,-0.1457323356350666,0.05129975250027918,True,False,False,False,,,6.828711068412638,6.742665427674086,7.000802349889744,True,False,2026-07-29,0.0,True,49219.0,39577.6,1.243607495148771,False,17110500.0,1.23,13.910975609756099,2.6706231454005858,5.044510385756674,0.5083514887436348,52.94117647058817,47.058823529411825,False,6.75,False,False,False,False,True,False
1076,002582,好想你,C 制造业,腾讯前复权日K回退（成交额、换手率已提供）,False,2026-07-29,10.33,9.425999999999998,9.136,True,True,True,True,10.1,2.2772277227722815,True,63.172668859826885,0.060496559426079344,-0.07416865032054984,0.26933041949325837,True,False,False,False,2026-07-02,19.0,30.376273204914806,23.48807589791772,44.152667818908974,False,False,,,False,599199.0,261374.8,2.29248955905466,True,603657500.0,17.41,34.67303273980471,7.716371220020868,7.716371220020857,13.069176882662006,0.0,100.0,True,12.36,False,False,False,False,False,False
1077,002583,海能达,C 制造业,腾讯前复权日K回退（成交额、换手率已提供）,False,2026-07-29,8.1,7.934,7.941,True,True,False,True,8.42,-3.8004750593824266,False,49.803990365081326,-0.142744558813801,-0.19869308707447964,0.11189705652135729,True,False,False,False,2026-07-09,14.0,10.81239875037015,9.031220638297041,14.374754974516367,False,False,2026-07-28,1.0,True,217462.0,198783.2,1.0939656872411752,False,176054300.0,1.7,103.56135294117647,1.5037593984962294,2.1303258145363397,2.002266717038154,29.41176470588278,70.58823529411723,True,10.29,False,False,False,False,False,False
1078,002584,西陇科学,C 制造业,腾讯前复权日K回退（成交额、换手率已提供）,False,2026-07-29,7.28,7.188,8.232499999999998,True,False,False,True,11.0,-33.81818181818181,False,40.35677625257655,-0.4901470780842416,-0.3805750501230928,-0.2191440559222977,False,True,False,False,,,17.735871006186084,17.130627155977425,18.946358706603398,False,False,2026-07-28,1.0,True,360089.0,399721.4,0.9008499419845922,False,258907100.0,7.69,33.668023407022105,-0.2739726027397249,4.246575342465761,-11.569996963255367,3.2258064516128298,83.87096774193556,True,11.75,False,False,False,False,True,False
1079,002585,双星新材,C 制造业,腾讯前复权日K回退（成交额、换手率已提供）,False,2026-07-29,7.87,7.808,9.121,True,False,False,True,12.85,-38.75486381322957,False,37.2462802765986,-1.0239595238943568,-0.9264613579004857,-0.19499633198774236,False,True,False,False,,,16.14971669506589,17.594802779271934,13.259544526653805,False,False,,,False,590899.0,477827.4,1.236636911152437,False,461991200.0,6.66,69.36804804804805,1.1568123393316254,6.426735218508997,-13.715601359500058,43.99999999999995,56.00000000000005,False,15.35,False,False,False,False,True,False
1080,002586,ST围海,E 建筑业,腾讯前复权日K回退（成交额、换手率已提供）,False,2026-07-29,3.53,3.522,3.6805,True,False,False,True,4.16,-15.144230769230777,False,43.24949841852489,-0.09925578730009699,-0.09980162362080819,0.0010916726414224032,True,False,True,False,,,10.892852034301034,10.897749111361284,10.883057880180534,False,False,,,False,18364.0,33988.6,0.5402988060702707,False,6475200.0,0.17,38.08941176470588,0.0,1.4164305949008449,-4.089118326314361,40.00000000000018,59.99999999999982,False,4.79,False,True,False,False,False,False
1081,002587,奥拓电子,C 制造业,腾讯前复权日K回退（成交额、换手率已提供）,False,2026-07-29,5.31,5.162000000000001,5.622999999999999,True,False,False,True,7.88,-32.61421319796955,False,38.88102494059273,-0.42871142797690354,-0.4376156231735994,0.01780839039339177,True,False,True,False,,,11.414552281290824,9.23248277536842,15.778691293135633,False,False,2026-07-27,2.0,True,177045.0,143458.4,1.2341208322412631,False,92911299.99999999,3.32,27.9853313253012,1.9193857965450922,3.4548944337811847,-5.566423617286142,11.111111111111386,88.88888888888862,True,7.88,False,False,False,False,False,False
1082,002588,史丹利,C 制造业,腾讯前复权日K回退（成交额、换手率已提供）,False,2026-07-29,8.84,8.648,8.4225,True,True,True,True,8.76,0.9132420091324209,True,57.853990924569594,0.022157381335210502,-0.0508970030265962,0.1461087687236134,True,False,False,False,2026-07-02,19.0,19.837562860617215,17.46252500075467,24.587638580342308,False,False,2026-07-15,10.0,True,140556.0,122730.4,1.1452419286501145,False,123832000.0,1.64,75.50731707317074,2.314814814814814,3.47222222222223,4.956960522410216,20.000000000000117,79.99999999999989,True,11.05,False,False,False,False,False,False
1083,002589,瑞康医药,F 批发零售,腾讯前复权日K回退（成交额、换手率已提供）,False,2026-07-29,2.74,2.7039999999999997,2.684,True,True,True,True,2.89,-5.190311418685118,False,52.64340601745538,0.003759698636526032,-0.006332732491450462,0.020184862255952986,True,False,False,False,2026-07-02,19.0,21.399693558829313,20.82739654446222,22.544287587563495,False,False,,,False,259636.0,287861.2,0.9019485779952282,False,71174800.0,1.9,37.46042105263158,0.7352941176470562,2.2058823529411784,2.086438152011924,49.99999999999963,50.00000000000037,False,3.25,False,True,False,False,True,False
1084,002590,万安科技,C 制造业,腾讯前复权日K回退（成交额、换手率已提供）,False,2026-07-29,9.18,8.928,9.291,True,False,False,True,10.58,-13.232514177693766,False,42.26489218799524,-0.4684839742330631,-0.54282539205817,0.1486828356502139,True,False,False,False,2026-07-27,2.0,8.680548435404205,6.3740466918103,13.293551922592016,False,False,2026-07-23,4.0,True,53193.0,60536.0,0.878700277520814,False,48560600.00000001,1.07,45.383738317757015,2.4553571428571397,3.236607142857153,-1.1947045527930324,13.793103448276137,86.20689655172387,True,13.76,False,False,False,False,False,False
1085,002591,恒大高新,C 制造业,腾讯前复权日K回退（成交额、换手率已提供）,False,2026-07-29,5.74,5.582000000000001,5.881500000000001,True,False,False,True,6.65,-13.684210526315791,False,41.376661876444274,-0.34030815262821346,-0.3798390416789046,0.07906177810138226,True,False,False,False,2026-07-28,1.0,13.936947997270492,11.319948116907227,19.17094775799702,False,False,2026-07-21,6.0,True,101331.0,107404.0,0.9434564820677069,False,57785900.0,4.53,12.75626931567329,1.7730496453900901,3.3687943262411415,-2.4058488480829823,21.052631578947345,78.94736842105266,True,9.5,False,False,False,False,False,False
1086,002592,ST八菱,C 制造业,腾讯前复权日K回退（成交额、换手率已提供）,False,2026-07-29,6.04,5.764,6.01,True,True,False,True,6.87,-12.08151382823872,False,49.079332789389376,-0.2149481242595881,-0.2501396378084147,0.0703830270976532,True,False,False,False,2026-07-28,1.0,12.312313601647858,9.097454905352642,18.74203099423829,False,False,2026-07-23,4.0,True,37533.0,22712.4,1.652533417868653,False,22535900.0,1.43,15.759370629370629,3.7800687285223233,6.013745704467363,0.4991680532445965,31.428571428571473,68.57142857142853,False,8.25,False,False,False,False,False,False
1087,002593,日上集团,C 制造业,腾讯前复权日K回退（成交额、换手率已提供）,False,2026-07-29,4.26,4.18,4.132,True,True,True,True,4.47,-4.697986577181208,False,52.099637941452336,-0.041917136966713286,-0.07562928676570597,0.06742429959798538,True,False,False,False,2026-07-03,18.0,19.32438923344907,16.900018309302794,24.17313108174163,False,False,2026-07-27,2.0,True,132350.0,120083.6,1.1021488363107035,False,56021600.0,2.36,23.73796610169492,1.9138755980861344,2.631578947368408,3.0977734753146207,9.090909090908944,90.90909090909105,True,5.38,False,False,False,False,False,False
1088,002594,比亚迪,C 制造业,腾讯前复权日K回退（成交额、换手率已提供）,False,2026-07-29,94.85,93.02799999999999,90.5985,True,True,True,True,96.8,-2.0144628099173585,False,60.37645516350312,1.363862282671164,0.8469337705485032,1.0338570242453216,True,False,False,False,2026-07-03,18.0,46.23262600160533,44.27948885982796,50.13890028516009,False,False,,,False,514457.0,362789.0,1.4180611870811959,False,4891878000.0,1.48,3305.322972972973,1.6068559185859588,3.3958221746116783,4.692682549931834,44.79495268138805,55.20504731861195,False,105.45,False,True,False,False,True,False
1089,002595,豪迈科技,C 制造业,腾讯前复权日K回退（成交额、换手率已提供）,False,2026-07-29,49.37,49.209999999999994,47.438,True,True,True,True,50.59,-2.411543783356406,False,54.703847518886285,-0.07443626241681756,-0.5762940886193891,1.0037156524051432,True,False,False,False,2026-07-03,18.0,20.784826347801655,19.03189113754927,24.290696768306425,False,False,,,False,82405.0,46898.2,1.7571036841499248,False,400511200.0,0.72,556.2655555555556,2.3849025300705096,6.2629614267938685,4.072684345883037,14.900662251655708,85.0993377483443,True,62.21,False,False,False,False,False,False
1090,002596,海南瑞泽,C 制造业,腾讯前复权日K回退（成交额、换手率已提供）,False,2026-07-29,3.05,2.982,2.871,True,True,True,True,3.29,-7.294832826747727,False,52.77233425453377,-0.06953554750581192,-0.1291860943460839,0.11930109368054398,True,False,False,False,2026-07-15,10.0,26.370363727589694,20.95221752461489,37.206656133539305,False,False,,,False,259974.0,374074.6,0.6949790229007797,False,79611300.0,2.27,35.07105726872247,0.660066006600668,3.630363036303641,6.234761407175194,63.63636363636371,36.363636363636296,False,4.18,False,False,False,False,True,False
1091,002597,金禾实业,C 制造业,腾讯前复权日K回退（成交额、换手率已提供）,False,2026-07-29,21.54,19.592,19.7745,True,True,False,True,21.4,0.6542056074766383,True,60.288808223391335,-0.2106819968175806,-0.35294780566234973,0.2845316176895383,True,False,True,False,,,24.876805622045694,16.410744265791084,41.80892833455491,False,False,2026-07-28,1.0,True,180254.0,68875.6,2.617095168680926,True,376755199.99999994,3.18,118.47647798742136,10.010214504596537,10.163432073544426,8.928165061063488,0.0,100.0,True,24.74,False,False,False,False,False,True
1092,002598,ST章鼓,C 制造业,腾讯前复权日K回退（成交额、换手率已提供）,False,2026-07-29,6.4,6.276,6.4965,True,False,False,True,7.02,-8.831908831908821,False,45.85744632085065,-0.16414133389294072,-0.17917349382971876,0.030064319873556067,True,False,False,False,2026-07-28,1.0,10.070517948282886,8.779675468317231,12.652202908214196,False,False,2026-07-28,1.0,True,30786.0,28066.8,1.0968831501988114,False,19715700.0,1.07,18.425887850467287,0.15649452269170805,1.8779342723004713,-1.4854152235819258,49.99999999999963,50.00000000000037,False,8.35,False,True,False,False,False,False
1093,002599,盛通股份,C 制造业,腾讯前复权日K回退（成交额、换手率已提供）,False,2026-07-29,5.99,5.946000000000001,5.633,True,True,True,True,6.16,-2.7597402597402585,False,57.77320986555893,0.07804071649442257,0.006112727289413446,0.14385597841001824,True,False,False,False,2026-07-03,18.0,38.25569477062192,36.23496489569607,42.297154520473626,False,False,,,False,116967.0,111102.8,1.0527817480747559,False,70374600.0,2.83,24.867349823321554,0.3350083752093891,2.680067001675029,6.337653115568973,68.74999999999997,31.250000000000032,False,7.71,False,False,False,False,True,False
1094,002600,领益智造,C 制造业,腾讯前复权日K回退（成交额、换手率已提供）,False,2026-07-29,12.23,12.190000000000001,13.675,True,False,False,True,18.54,-34.03451995685005,False,39.10674058053901,-0.9809418702891133,-0.8934376712367856,-0.1750083981046553,False,True,False,False,,,15.257609833966223,15.176060004375877,15.420709493146916,True,False,2026-07-29,0.0,True,1023989.0,1013776.8,1.0100734205004493,False,1236336500.0,1.42,870.6595070422536,1.6625103906899419,4.156275976724855,-10.566727605118832,14.000000000000057,85.99999999999994,True,18.54,False,False,False,False,False,False
1095,002601,龙佰集团,C 制造业,腾讯前复权日K回退（成交额、换手率已提供）,False,2026-07-29,16.67,16.598,16.2495,True,True,True,True,17.79,-6.295671725688575,False,55.13664857567018,0.12834620494038163,0.07131399659307769,0.11406441669460787,True,False,False,False,2026-07-22,5.0,54.12892738494772,47.12492884719655,68.13692446045006,False,False,,,False,171543.0,193756.4,0.8853539805652871,False,285456500.0,0.86,331.9261627906977,0.36122817579773425,2.287778446718838,2.5877719314440473,31.57894736842046,68.42105263157954,False,18.19,False,False,False,False,False,False
1096,002602,世纪华通,I 信息技术,腾讯前复权日K回退（成交额、换手率已提供）,False,2026-07-29,13.55,12.672,13.486,True,True,False,True,15.05,-9.966777408637874,False,50.664777735667265,-0.3467085909936518,-0.3137475115058068,-0.06592215897568998,False,True,False,False,,,14.98864563117119,12.247738632206003,20.470459629101565,True,False,,,False,2538575.0,1350368.2,1.8799131970080458,True,3383054300.0,3.73,906.9850670241287,8.226837060702884,10.463258785942482,0.4745662168174407,16.79389312977092,83.20610687022908,True,16.94,False,False,False,False,False,True
1097,002603,以岭药业,C 制造业,腾讯前复权日K回退（成交额、换手率已提供）,False,2026-07-29,16.72,16.68,16.434,True,True,True,False,17.8,-6.067415730337089,False,54.334350786984615,0.3445569963679773,0.3797911329771999,-0.07046827321844518,False,True,False,False,,,70.37789843326392,72.73846074613202,65.65677380752774,False,False,,,False,223079.0,268293.8,0.8314728107768424,False,373240500.0,1.62,230.39537037037036,0.7228915662650381,1.6867469879517927,1.7402945113788353,39.28571428571443,60.71428571428557,False,17.8,False,False,False,False,False,False
1098,002605,姚记科技,I 信息技术,腾讯前复权日K回退（成交额、换手率已提供）,False,2026-07-29,17.78,17.058,18.9075,True,False,False,True,20.95,-15.13126491646777,False,44.25558399007005,-0.504882024128321,-0.22671305378080542,-0.5563379406950311,False,True,False,False,,,13.374649008809605,13.613757168208975,12.896432690010865,False,False,,,False,133381.0,99214.4,1.3443713815736427,False,233654700.0,3.94,59.30322335025381,5.082742316784872,5.437352245862873,-5.963242099695877,3.2608695652171353,96.73913043478287,True,20.95,False,False,False,False,False,False
1099,002606,大连电瓷,C 制造业,腾讯前复权日K回退（成交额、换手率已提供）,False,2026-07-29,14.66,13.931999999999999,13.2835,True,True,True,True,14.38,1.947148817802499,True,58.68560851408229,0.02404881981947682,-0.18187603273870742,0.4118497051163685,True,False,False,False,2026-07-23,4.0,44.49306796933869,39.04554940773278,55.38810509255052,False,False,,,False,525179.0,395221.2,1.3288229477568512,False,755210399.9999999,12.46,60.61078651685391,6.154960173787116,8.689355539464163,10.362479768133399,11.666666666666705,88.3333333333333,True,18.09,False,True,False,True,False,False
1100,002607,中公教育,P 教育,腾讯前复权日K回退（成交额、换手率已提供）,False,2026-07-29,2.08,1.866,1.886,True,True,False,True,2.29,-9.170305676855893,False,59.413830510827715,-0.04356193438540634,-0.07431765456115412,0.061511440351495555,True,False,False,False,2026-07-23,4.0,20.382151671979006,12.864830010722343,35.416794994492335,False,False,2026-07-23,4.0,True,3018383.0,1640530.2,1.8398826184364057,True,615829700.0,5.44,113.20398897058823,10.052910052910068,7.936507936507945,10.286320254506903,0.0,100.0,True,2.79,False,False,False,False,False,True
1101,002608,江苏国信,D 水电煤气,腾讯前复权日K回退（成交额、换手率已提供）,False,2026-07-29,7.3,7.194,6.973999999999999,True,True,True,True,7.58,-3.69393139841689,False,50.46287213382286,-0.11710266432162442,-0.20892918710279795,0.18365304556234707,True,False,False,False,2026-07-15,10.0,15.480802812739796,14.640781369396962,17.160845699425465,False,False,,,False,273034.0,300874.2,0.9074689687583714,False,199239600.0,0.72,276.7216666666667,2.2408963585434094,3.361344537815129,4.67450530542014,33.33333333333333,66.66666666666666,False,11.0,False,False,False,False,True,False
1102,002609,捷顺科技,I 信息技术,腾讯前复权日K回退（成交额、换手率已提供）,False,2026-07-29,7.54,7.388,7.3285,True,True,True,True,7.82,-3.5805626598465508,False,53.702609305589384,-0.05039012577144941,-0.09484851535254596,0.0889167791621931,True,False,False,False,2026-07-16,9.0,22.417114423448897,18.12097651982099,31.009390230704717,False,False,2026-07-15,10.0,True,47080.0,48065.0,0.9795069177155935,False,35324700.0,1.03,34.29582524271844,1.2080536912751683,2.147651006711411,2.885993040867845,18.75000000000014,81.24999999999987,True,8.79,False,False,False,True,False,False
1103,002611,东方精工,C 制造业,腾讯前复权日K回退（成交额、换手率已提供）,False,2026-07-29,15.94,14.908000000000001,15.75,True,True,False,True,18.39,-13.322457857531273,False,50.223425946074315,-0.7101733744795045,-0.8017043693465273,0.18306198973404575,True,False,True,False,,,23.232573809085626,16.872270923345283,35.953179580566314,False,False,2026-07-23,4.0,True,544289.0,279614.4,1.9465699906728693,True,850433200.0000001,5.42,156.9064944649447,5.353602115003286,8.526107072042294,1.2063492063492032,25.581395348837233,74.41860465116277,True,20.77,False,True,False,False,True,False
1104,002612,朗姿股份,C 制造业,腾讯前复权日K回退（成交额、换手率已提供）,False,2026-07-29,14.22,12.7,11.817499999999999,True,True,True,True,13.6,4.5588235294117725,True,71.22925720391612,0.22197347126229516,-0.10208212012976065,0.6481111827841116,True,False,False,False,,,39.550494763816594,28.2727453617798,62.105993567890174,False,False,,,False,275431.0,94978.6,2.8999269309086464,True,380198600.0,10.82,35.13850277264325,6.357516828721033,11.293941660433807,20.33001903955999,18.543046357615857,81.45695364238415,True,15.8,False,False,False,False,False,True
1105,002613,北玻股份,C 制造业,腾讯前复权日K回退（成交额、换手率已提供）,False,2026-07-29,3.21,3.12,3.2369999999999997,True,False,False,True,3.85,-16.623376623376625,False,41.25409619120722,-0.2684253310232245,-0.312168326233066,0.08748599041968297,True,False,False,False,2026-07-24,3.0,8.350645002073634,6.411902208471443,12.228130589278015,False,False,2026-07-23,4.0,True,283435.0,267354.0,1.0601487166827501,False,90287600.0,3.66,24.668743169398905,1.5822784810126445,2.848101265822794,-0.8341056533827523,11.11111111111133,88.88888888888867,True,5.65,False,False,False,False,False,False
1106,002614,奥佳华,C 制造业,腾讯前复权日K回退（成交额、换手率已提供）,False,2026-07-29,4.67,4.572,4.581,True,True,False,True,4.84,-3.5123966942148748,False,51.30452167926097,-0.05208920539426121,-0.07902935400097165,0.053880297213420886,True,False,False,False,2026-07-02,19.0,13.489512345932887,11.682555974010425,17.10342508977781,False,False,2026-07-28,1.0,True,60046.0,61091.6,0.9828847173752202,False,28067600.000000004,1.36,20.63794117647059,1.0822510822510845,2.164502164502157,1.942807247325901,50.0,50.0,False,5.73,False,False,False,False,False,False
1107,002615,哈尔斯,C 制造业,腾讯前复权日K回退（成交额、换手率已提供）,False,2026-07-29,6.41,6.296,6.8095,True,False,False,True,8.28,-22.584541062801925,False,41.71138302718215,-0.28166645279394764,-0.2632681667907007,-0.03679657200649389,False,True,False,False,,,8.842401156560312,9.103550381930283,8.320102705820368,False,False,,,False,62873.0,82696.2,0.760288864542748,False,40130500.0,2.08,19.293509615384615,1.9077901430842648,2.7027027027027013,-5.866803730082968,23.529411764705912,76.47058823529409,True,9.05,False,False,False,False,True,False
1108,002616,长青集团,N 公共环保,腾讯前复权日K回退（成交额、换手率已提供）,False,2026-07-29,4.72,4.676,4.667,True,True,True,True,4.84,-2.4793388429752086,False,48.96426309666745,-0.0549557838318524,-0.08080538887322214,0.05169921008273948,True,False,False,False,2026-07-03,18.0,14.518239616541104,14.55708142758072,14.440555994461874,False,False,,,False,92194.0,101066.6,0.9122103642548577,False,43183200.0,1.57,27.505222929936306,1.943844492440605,2.5917926565874754,1.1356331690593515,8.333333333333888,91.6666666666661,True,6.13,False,True,False,False,False,False
1109,002617,露笑科技,C 制造业,腾讯前复权日K回退（成交额、换手率已提供）,False,2026-07-29,6.05,5.926,7.269500000000001,True,False,False,True,10.2,-40.68627450980392,False,34.442175052347096,-0.8525658850394038,-0.7614580840016263,-0.18221560207555498,False,True,False,False,,,7.135608081402381,7.346516243431931,6.713791757343282,False,False,,,False,1072603.0,876147.2,1.2242269335563705,False,633697800.0,5.71,110.98035026269703,3.066439522998299,5.621805792163545,-16.775569158814235,0.0,100.0,True,10.87,False,True,False,False,False,False
1110,002620,*ST瑞和,E 建筑业,腾讯前复权日K回退（成交额、换手率已提供）,False,2026-07-29,4.44,4.356,4.8675,True,False,False,True,6.1,-27.21311475409835,False,36.17964356503899,-0.4398176533738365,-0.47060729178615573,0.061579276824638485,True,False,False,False,2026-07-28,1.0,6.560741620241724,5.604996594800728,8.472231671123716,False,False,2026-07-27,2.0,True,51760.0,76101.8,0.6801415998044724,False,22987300.0,1.64,14.016646341463415,0.9090909090909038,3.409090909090917,-8.782742681047752,59.999999999999766,40.000000000000234,False,10.89,False,False,False,False,True,False
1111,002622,皓宸医疗,Q 卫生,腾讯前复权日K回退（成交额、换手率已提供）,False,2026-07-29,2.22,2.088,2.1149999999999998,True,True,False,True,2.35,-5.531914893617016,False,53.76226529547728,-0.046274156003639266,-0.06554196509378314,0.03853561818028775,True,False,False,False,2026-07-27,2.0,24.97715047770144,19.628329761123613,35.67479191085709,False,False,2026-07-27,2.0,True,322092.0,348669.4,0.9237747849395443,False,70342000.0,3.83,18.366057441253265,4.225352112676073,4.694835680751178,4.9645390070922195,9.999999999999778,90.00000000000023,True,2.9,False,False,False,False,True,False
1112,002623,亚玛顿,C 制造业,腾讯前复权日K回退（成交额、换手率已提供）,False,2026-07-29,14.73,14.304000000000002,14.782499999999999,True,False,False,True,17.2,-14.360465116279064,False,46.0225769226015,-0.7344825069978516,-0.9005406168059662,0.3321162196162293,True,False,False,False,2026-07-24,3.0,13.477214400400003,10.55925713635901,19.31312892848199,False,False,2026-07-22,5.0,True,37835.0,40373.8,0.9371176356944354,False,55379900.0,1.96,28.255051020408164,1.8672199170124415,3.3886583679114812,-0.3551496702181528,24.48979591836718,73.46938775510226,True,25.6,False,True,False,False,True,False
1113,002624,完美世界,I 信息技术,腾讯前复权日K回退（成交额、换手率已提供）,False,2026-07-29,10.4,10.058000000000002,10.842500000000001,True,False,False,True,12.97,-19.814957594448728,False,41.40202700315646,-0.6851389604333757,-0.7177536578925351,0.0652293949183187,True,False,True,False,,,4.608250445512983,3.5761210295341037,6.672509277470741,False,False,2026-07-28,1.0,True,829142.0,654448.4,1.266932580169804,False,853595600.0,4.54,188.01665198237885,4.312938816449341,6.720160481444331,-4.081162093613103,28.35820895522381,71.6417910447762,True,17.67,False,True,False,False,False,False
1114,002625,光启技术,C 制造业,腾讯前复权日K回退（成交额、换手率已提供）,False,2026-07-29,31.12,30.5,29.264,True,True,True,True,32.8,-5.121951219512184,False,52.586266039564734,-0.8061310846776131,-1.482023685148254,1.3517852009412819,True,False,False,False,2026-07-21,6.0,23.76204494364187,18.58317008354147,34.119794663842676,False,False,2026-07-21,6.0,True,278676.0,356870.4,0.7808885242373702,False,858496500.0,1.29,665.5011627906977,2.09973753280841,3.2152230971128626,6.342263531984697,8.163265306122272,91.83673469387773,True,43.36,False,False,False,False,False,False
1115,002626,金达威,C 制造业,腾讯前复权日K回退（成交额、换手率已提供）,False,2026-07-29,13.83,13.520000000000001,14.0,True,False,False,True,15.5,-10.774193548387096,False,47.776894620519904,-0.1813618490603215,-0.13619577626144863,-0.09033214559774572,False,True,False,False,,,12.469035531121081,12.628614561824781,12.149877469713683,False,False,,,False,44933.0,35428.2,1.268283457810445,False,61743100.00000001,0.74,83.43662162162164,3.1319910514541416,3.4302759134973964,-1.2142857142857137,13.043478260869648,86.95652173913035,True,17.19,False,False,False,False,False,False
1116,002627,三峡旅游,N 公共环保,腾讯前复权日K回退（成交额、换手率已提供）,False,2026-07-29,6.13,5.888,5.7915,True,True,True,True,6.25,-1.9200000000000015,False,55.908562165559125,-0.08146704077308442,-0.16080088091026554,0.15866768027436223,True,False,False,False,2026-07-06,17.0,14.222985133077813,10.608451615469237,21.452052168294966,False,False,2026-07-27,2.0,True,248807.0,138326.6,1.7986923700864474,False,153471300.0,3.56,43.10991573033708,1.82724252491695,4.318936877076424,5.844772511439174,57.69230769230768,42.30769230769232,False,7.65,False,False,False,False,True,False
1117,002628,成都路桥,E 建筑业,腾讯前复权日K回退（成交额、换手率已提供）,False,2026-07-29,4.53,4.476000000000001,4.9025,True,False,False,True,5.75,-21.21739130434782,False,40.91944450226693,-0.17129555763403737,-0.12485757517960908,-0.09287596490885658,False,True,False,False,,,9.51694062455383,12.136740594737935,4.277340684185621,False,False,,,False,179761.0,179516.2,1.0013636652290991,False,80963700.0,2.38,34.018361344537816,0.8908685968819663,2.672605790645882,-7.598164201937779,16.666666666666295,83.3333333333337,True,6.47,False,True,False,False,False,False
1118,002629,仁智股份,B 采矿业,腾讯前复权日K回退（成交额、换手率已提供）,False,2026-07-29,4.27,4.212,4.3405000000000005,True,False,False,True,4.75,-10.105263157894747,False,43.97914356065164,-0.18135326386210782,-0.21546322947298627,0.0682199312217569,True,False,False,False,2026-07-01,20.0,8.937801030887327,7.740603178424462,11.332196735813055,False,False,,,False,118890.0,129038.6,0.9213522155386062,False,50620900.0,3.28,15.433201219512195,1.909307875894961,3.1026252983293525,-1.6242368390738597,38.46153846153904,61.538461538460965,False,8.04,False,True,False,False,False,False
1119,002630,*ST华西,C 制造业,腾讯前复权日K回退（成交额、换手率已提供）,False,2026-07-29,1.64,1.6460000000000001,1.7080000000000002,False,False,False,False,1.85,-11.35135135135136,False,40.495358260123744,-0.04397486674860951,-0.03777118679509674,-0.012407359907025545,False,True,False,False,,,11.907877032677943,13.405405366010612,8.912820366012603,False,False,,,False,157164.0,107887.0,1.456746410596272,False,25575600.0,1.46,17.517534246575345,1.8633540372670732,4.347826086956511,-3.9812646370023583,28.571428571428665,71.42857142857135,True,2.11,False,False,False,False,False,False
1120,002631,德尔未来,C 制造业,腾讯前复权日K回退（成交额、换手率已提供）,False,2026-07-29,6.45,6.3420000000000005,8.243500000000001,True,False,False,True,12.09,-46.650124069478906,False,32.9430200616882,-0.7577543251958749,-0.5027517056603112,-0.5100052390711274,False,True,False,False,,,8.489813516080185,11.55520973409198,2.3590210800565963,False,False,,,False,305058.0,317682.8,0.960259730775478,False,194384700.0,3.84,50.621015625,2.0569620253164445,5.063291139240497,-21.756535452174447,18.749999999999915,78.12500000000014,True,12.09,False,True,False,False,False,False
1121,002632,道明光学,C 制造业,腾讯前复权日K回退（成交额、换手率已提供）,False,2026-07-29,7.94,7.806,8.621500000000001,True,False,False,False,10.59,-25.023607176581674,False,40.77777545156132,-0.4627822916840625,-0.3835078605508676,-0.15854886226638976,False,True,False,False,,,6.225318566569371,7.120925921468957,4.434103856770198,False,False,,,False,185154.0,309307.4,0.5986083747107246,False,145575400.0,3.22,45.209751552795026,2.187902187902191,3.9897039897039965,-7.904656962245555,16.12903225806443,83.87096774193556,True,12.04,False,False,False,False,True,False
1122,002633,申科股份,C 制造业,腾讯前复权日K回退（成交额、换手率已提供）,False,2026-07-29,13.4,13.163999999999998,14.057999999999998,True,False,False,True,16.15,-17.027863777089774,False,38.1620424917383,-0.831703969429455,-0.8770318931918337,0.09065584752475742,True,False,True,False,,,15.343533577043141,12.441596658915445,21.147407413298534,False,False,2026-07-21,6.0,True,20259.0,26521.4,0.7638737019915992,False,27089699.999999996,1.36,19.918897058823525,0.6761833208114298,2.9301277235161574,-4.6806089059610025,28.205128205128016,56.41025641025649,False,21.0,False,False,False,False,False,False
1123,002634,*ST棒杰,C 制造业,腾讯前复权日K回退（成交额、换手率已提供）,False,2026-07-29,4.03,3.9440000000000004,4.074,True,False,False,True,4.72,-14.618644067796602,False,45.97079550379522,-0.1856570311506709,-0.22410355072189908,0.07689303914245638,True,False,False,False,2026-07-27,2.0,8.67847411174045,6.590043890398083,12.855334554425182,False,False,2026-07-23,4.0,True,66285.0,75975.0,0.8724580454096742,False,26137300.0,1.5,17.424866666666667,0.0,4.714640198511165,-1.0800196367206578,10.526315789473463,89.47368421052654,True,5.86,False,False,False,False,True,False
1124,002635,安洁科技,C 制造业,腾讯前复权日K回退（成交额、换手率已提供）,False,2026-07-29,13.7,13.268,16.006,True,False,False,True,24.74,-44.62409054163298,False,38.91800124467789,-1.4043737127092495,-1.1771319280507453,-0.4544835693170084,False,True,False,False,,,10.809478112804205,11.388018630218857,9.6523970779749,False,False,,,False,294898.0,211922.8,1.391535030680984,False,396434000.0,7.46,53.14128686327078,3.396226415094339,4.7547169811320815,-14.407097338498067,4.761904761904937,95.23809523809507,True,24.74,False,True,True,False,True,False
1125,002636,金安国纪,C 制造业,腾讯前复权日K回退（成交额、换手率已提供）,False,2026-07-29,54.56,59.314,83.0405,False,False,False,False,124.38,-56.134426756713296,False,31.43369885544068,-8.638533238994498,-4.077764906881787,-9.121536664225422,False,True,False,False,,,33.59294927141625,39.79468146054001,21.18948489316874,False,False,,,False,421585.0,499616.2,0.843817714477633,False,2308820500.0,5.82,396.7045532646048,-4.815073272854153,10.729239357990227,-34.297120079960976,18.6991869918699,41.62601626016264,False,124.38,False,False,False,False,False,True
1126,002637,赞宇科技,C 制造业,腾讯前复权日K回退（成交额、换手率已提供）,False,2026-07-29,9.76,9.482000000000001,10.08,True,False,False,True,11.19,-12.779267202859696,False,43.36729212691785,-0.4605609961080557,-0.4648836183285928,0.008645244441074285,True,False,True,False,,,10.653734352261454,7.379328861276728,17.202545334230905,False,False,2026-07-27,2.0,True,86959.0,76544.2,1.136062562545562,False,84304000.0,1.87,45.082352941176474,2.8451001053740654,3.266596417281354,-3.174603174603177,16.12903225806472,83.87096774193527,True,13.39,False,False,False,False,False,False
1127,002638,勤上股份,C 制造业,腾讯前复权日K回退（成交额、换手率已提供）,False,2026-07-29,3.47,3.4520000000000004,3.636,True,False,False,True,4.49,-22.717149220489976,False,41.36774719750319,-0.1705847591243277,-0.17487504064925638,0.008580563049857381,True,False,True,False,,,20.238545900614405,18.931646666823088,22.852344368197038,False,False,2026-07-24,3.0,True,211678.0,235479.0,0.8989251695480276,False,72673000.0,1.56,46.585256410256406,1.1661807580174877,4.373177842565594,-4.5654565456545635,33.333333333333236,66.66666666666676,False,5.17,False,True,False,False,True,False
1128,002639,雪人集团,C 制造业,腾讯前复权日K回退（成交额、换手率已提供）,False,2026-07-29,11.93,11.602,11.953500000000002,True,False,False,True,14.36,-16.922005571030642,False,43.73474873853673,-0.6886449292287811,-0.8373756816437337,0.2974615048299052,True,False,False,False,2026-07-23,4.0,10.169310808037944,7.942304618890954,14.623323186331925,False,False,2026-07-21,6.0,True,326111.0,249006.0,1.309651173064103,False,384185899.99999994,4.94,77.77042510121456,2.0530367835757124,5.132591958939277,-0.1965951394989089,20.000000000000117,79.99999999999989,True,19.28,False,False,False,False,True,False
1129,002640,跨境通,F 批发零售,腾讯前复权日K回退（成交额、换手率已提供）,False,2026-07-29,3.45,3.336,3.0940000000000003,True,True,True,True,3.49,-1.1461318051575942,False,57.56347390625048,0.019935638142908996,-0.04958846535597631,0.1390482069977706,True,False,False,False,2026-07-15,10.0,32.50522529016482,27.546103171642542,42.42346952720939,False,False,2026-07-15,10.0,True,1594164.0,1499741.4,1.0629592541754198,False,545497000.0,10.3,52.96087378640777,0.8771929824561431,3.801169590643272,11.506140917905618,38.46153846153836,61.53846153846164,False,4.66,False,True,False,False,True,True
1130,002641,公元股份,C 制造业,腾讯前复权日K回退（成交额、换手率已提供）,False,2026-07-29,3.79,3.758,3.906,True,False,False,True,4.17,-9.11270983213429,False,41.55689976697483,-0.08115116500823394,-0.06775349662694592,-0.026795336762576033,False,True,False,False,,,8.611168717879472,10.146012039114867,5.541482075408684,False,False,,,False,103755.0,86248.0,1.2029844170299602,False,39119500.0,0.91,42.988461538461536,1.608579088471851,1.8766756032171539,-2.9697900665642627,0.0,100.0,True,4.49,False,False,False,False,True,False
1131,002642,荣联科技,I 信息技术,腾讯前复权日K回退（成交额、换手率已提供）,False,2026-07-29,7.25,6.890000000000001,6.8515,True,True,True,True,7.62,-4.855643044619424,False,54.56634961697084,0.004359986071224675,-0.046892092420220424,0.1025041569828902,True,False,False,False,2026-07-06,17.0,30.099609223860018,28.1922235822675,33.91438050704506,True,False,,,False,524857.0,241616.0,2.1722774981789286,True,387558399.99999994,7.93,48.87243379571248,-0.13774104683195176,7.5757575757575735,5.816244617966873,1.81818181818178,9.090909090909062,False,9.59,False,False,False,False,False,True
1132,002643,万润股份,C 制造业,腾讯前复权日K回退（成交额、换手率已提供）,False,2026-07-29,12.94,12.978,16.0225,False,False,False,False,22.22,-41.764176417641764,False,30.963621925656042,-1.3737739039117933,-0.9933152818022408,-0.760917244219105,False,True,False,False,,,7.360950864363386,10.221974211893707,1.6389041693027444,False,False,,,False,252052.0,229752.0,1.0970611790104112,False,320576800.0,2.79,114.90207885304659,0.31007751937983663,4.031007751937981,-19.238570759868942,7.692307692307876,92.30769230769212,True,22.22,False,False,False,False,False,False
1133,002644,佛慈制药,C 制造业,腾讯前复权日K回退（成交额、换手率已提供）,False,2026-07-29,7.71,7.6659999999999995,7.538500000000001,True,True,True,True,8.07,-4.460966542750933,False,54.2864897224106,0.07256490616836508,0.05111927365332371,0.042891265030082754,True,False,False,False,2026-07-03,18.0,38.07912014075328,37.25754359300657,39.72227323624672,False,False,,,False,39171.0,46970.2,0.8339542944249759,False,30393600.0,0.77,39.47220779220779,-0.5161290322580614,2.1935483870967736,2.2749883929163506,58.82352941176452,17.647058823529566,False,8.49,False,False,False,False,True,False
1134,002645,华宏科技,C 制造业,腾讯前复权日K回退（成交额、换手率已提供）,False,2026-07-29,16.82,17.209999999999997,20.073,False,False,False,False,27.12,-37.97935103244838,False,32.723542576547956,-2.6477456399150796,-2.5368701617417537,-0.22175095634665176,False,True,False,False,,,20.43635010295216,22.06595855293209,17.1771332029923,False,False,,,False,304761.0,309812.0,0.9836965643680684,False,508789800.00000006,4.48,113.56915178571428,-1.3489736070381286,5.630498533724345,-16.205848652418673,3.1249999999997455,60.416666666666806,False,36.61,False,False,False,False,False,False
1135,002646,天佑德酒,C 制造业,腾讯前复权日K回退（成交额、换手率已提供）,False,2026-07-29,6.69,6.518000000000001,6.527499999999999,True,True,False,True,6.92,-3.3236994219653115,False,51.83429628808513,-0.06887752108461775,-0.10879749105837258,0.07983993994750965,True,False,False,False,2026-07-02,19.0,19.385529704366494,17.028311471978355,24.099966169142775,False,False,2026-07-28,1.0,True,80905.0,53437.6,1.5140088626734733,False,54287299.99999999,1.7,31.93370588235294,0.7530120481927804,3.012048192771087,2.4894676369207422,34.999999999999666,65.00000000000034,False,8.19,False,False,False,False,False,False
1136,002647,仁东控股,J 金融业,腾讯前复权日K回退（成交额、换手率已提供）,False,2026-07-29,9.2,8.794,9.9875,True,False,False,True,12.34,-25.445705024311188,False,42.88085900093623,-0.6764609935594379,-0.6416234547862537,-0.06967507754636837,False,True,False,False,,,18.433018741900508,16.235348535100787,22.828359155499946,False,False,,,False,367986.0,321106.0,1.1459954033870434,False,337518100.0,3.62,93.23704419889502,-3.866248693834906,6.68756530825495,-7.884856070087623,12.499999999999757,46.87499999999992,False,14.0,False,False,False,False,False,True
1137,002648,卫星化学,C 制造业,腾讯前复权日K回退（成交额、换手率已提供）,False,2026-07-29,25.04,24.69,23.826,True,True,True,True,25.54,-1.957713390759593,False,56.27685423007037,0.2011299492258516,0.006851967121411839,0.3885559642088795,True,False,False,False,2026-07-20,7.0,39.859069557460195,36.39354901764452,46.790110637091544,False,False,,,False,498066.0,525706.4,0.9474223635093656,False,1238858800.0,1.48,837.0667567567567,1.6233766233766156,3.9772727272727284,5.095274070343317,24.48979591836754,75.51020408163247,True,29.7,False,False,False,False,False,False
1138,002649,博彦科技,I 信息技术,腾讯前复权日K回退（成交额、换手率已提供）,False,2026-07-29,8.79,8.639999999999999,8.430499999999999,True,True,True,True,9.1,-3.4065934065934127,False,53.93263587090172,-0.015370246479813332,-0.09592960271761442,0.16111871247560217,True,False,False,False,2026-07-01,20.0,20.20009570118567,18.551659086086293,23.496968931384423,False,False,2026-07-15,10.0,True,114460.0,98521.8,1.1617733334145337,False,100143900.0,2.13,47.015915492957745,0.918484500574035,2.985074626865689,4.264278512543748,34.61538461538504,65.38461538461496,False,11.03,False,False,False,False,False,False
1139,002650,ST加加,C 制造业,腾讯前复权日K回退（成交额、换手率已提供）,False,2026-07-29,5.44,5.58,5.9235,False,False,False,True,6.49,-16.178736517719567,False,34.208821608272714,-0.3166433827219546,-0.31193817279036584,-0.009410419863177477,False,True,False,False,,,9.132170300286502,10.28037092581875,6.835769049222005,False,False,,,False,43342.0,46011.0,0.9419921323161853,False,23548500.0,0.39,60.380769230769225,-1.4492753623188248,3.804347826086956,-8.162403984130993,0.0,23.80952380952415,False,8.54,False,True,False,False,True,False
1140,002651,利君股份,C 制造业,腾讯前复权日K回退（成交额、换手率已提供）,False,2026-07-29,7.7,7.470000000000001,7.3565,True,True,True,True,7.92,-2.7777777777777746,False,55.79598439675459,-0.08777950982186677,-0.17294543027282228,0.170331840901911,True,False,False,False,2026-07-02,19.0,16.78209741678848,12.669258919357484,25.007774411650477,False,False,2026-07-23,4.0,True,90594.0,95132.6,0.9522918536863283,False,69511400.0,1.6,43.444625,2.6666666666666616,2.6666666666666687,4.669340039420929,15.00000000000011,84.99999999999989,True,10.25,False,False,False,False,True,False
1141,002652,扬子新材,C 制造业,腾讯前复权日K回退（成交额、换手率已提供）,False,2026-07-29,3.59,3.5199999999999996,3.822,True,False,False,True,4.61,-22.12581344902387,False,38.876875390754854,-0.30222541063508856,-0.32705149996396055,0.04965217865774396,True,False,False,False,2026-07-28,1.0,13.242914783742608,11.031192853756187,17.66635864371545,False,False,2026-07-21,6.0,True,188010.0,206039.8,0.9124936056043541,False,66997800.0,3.67,18.255531335149865,1.1267605633802802,3.9436619718309895,-6.070120355834647,35.71428571428587,64.28571428571412,False,6.77,False,False,False,False,True,False
1142,002653,海思科,C 制造业,腾讯前复权日K回退（成交额、换手率已提供）,False,2026-07-29,63.92,66.784,70.34150000000001,False,False,False,False,80.83,-20.920450327848567,False,46.53086711022309,1.7414827787822276,3.298356900093905,-3.1137482426233545,False,True,False,False,,,58.78415995799676,65.01007365649401,46.33233256100226,False,False,,,False,100056.0,123240.8,0.8118739897826044,False,647336700.0,1.86,348.0304838709677,-0.6064375680298606,5.146944487637996,-9.129034780321728,54.380664652567965,22.356495468278037,False,80.83,False,False,False,False,True,False
1143,002654,万润科技,L 商务服务,腾讯前复权日K回退（成交额、换手率已提供）,False,2026-07-29,11.39,11.524000000000001,14.86,False,False,False,False,22.46,-49.28762243989314,False,31.559304472929597,-1.6999694272491794,-1.2903214686102622,-0.8192959172778345,False,True,False,False,,,9.603179024194473,12.102196653531209,4.6051437655209995,False,False,,,False,515923.0,494750.2,1.0427949296432826,False,572224200.0,6.1,93.80724590163935,-0.26269702276706663,7.180385288966727,-23.351278600269172,14.634146341463314,84.14634146341477,True,22.46,False,True,False,False,False,False
1144,002655,共达电声,C 制造业,腾讯前复权日K回退（成交额、换手率已提供）,False,2026-07-29,23.66,25.162,32.157500000000006,False,False,False,False,47.47,-50.15799452285654,False,28.566411638094436,-4.03420148924835,-3.121154347291208,-1.8260942839142835,False,True,False,False,,,24.651271763097938,28.619500437987,16.714814413319814,False,False,,,False,320056.0,217481.6,1.471646336977473,False,750465600.0,8.8,85.28018181818182,-3.3496732026143783,9.517973856209142,-26.42462878022236,15.021459227467732,49.78540772532193,False,52.72,False,False,False,False,False,False
1145,002656,摩登大道,C 制造业,腾讯前复权日K回退（成交额、换手率已提供）,False,2026-07-29,2.72,2.652,2.781,True,False,False,True,3.09,-11.974110032362448,False,43.969793928283046,-0.11295862036925985,-0.12019343954745544,0.014469638356391173,True,False,True,False,,,18.900435007041224,16.693203076599733,23.314898867924207,False,False,2026-07-28,1.0,True,112635.0,119742.2,0.9406458207716244,False,30497300.0,1.64,18.595914634146343,2.2556390977443552,3.3834586466165524,-2.1934555915138416,22.222222222222168,77.77777777777783,True,3.61,False,True,False,False,True,False
1146,002657,中科金财,I 信息技术,腾讯前复权日K回退（成交额、换手率已提供）,False,2026-07-29,14.39,13.876,15.5815,True,False,False,True,22.84,-36.99649737302977,False,37.89511373969283,-1.5791004656259506,-1.6202091774998093,0.08221742374771734,True,False,True,False,,,9.176612875267695,7.19741504370118,13.135008538400728,False,False,2026-07-27,2.0,True,129177.0,95211.2,1.3567416438402204,False,183868300.00000003,3.84,47.882369791666676,1.6961130742049413,3.745583038869253,-7.646888938805632,9.433962264150754,90.56603773584925,True,23.98,False,False,False,False,False,False
1147,002658,雪迪龙,C 制造业,腾讯前复权日K回退（成交额、换手率已提供）,False,2026-07-29,7.18,7.174000000000001,7.278499999999999,True,False,False,True,8.57,-16.219369894982503,False,43.9675587211284,-0.23196547990046312,-0.2751319050055655,0.08633285021020476,True,False,False,False,2026-07-24,3.0,11.788578647536179,10.301430304463379,14.76287533368178,False,False,2026-07-21,6.0,True,66286.0,71496.8,0.9271184164885701,False,46991400.0,1.85,25.400756756756753,1.412429378531077,3.9548022598870096,-1.3533008174761227,21.428571428571587,78.57142857142841,True,10.5,False,False,False,False,False,False
1148,002659,凯文教育,P 教育,腾讯前复权日K回退（成交额、换手率已提供）,False,2026-07-29,4.15,3.976,3.9189999999999996,True,True,True,True,4.27,-2.8103044496486937,False,57.32166519382311,-0.03048537757205283,-0.07162026687767356,0.08226977861124146,True,False,False,False,2026-07-01,20.0,20.540559384373605,16.39534697674138,28.830984199638053,False,False,2026-07-27,2.0,True,241923.0,134084.6,1.8042564172171898,True,99909800.0,4.04,24.730148514851486,4.010025062656641,4.511278195488737,5.894360806328165,44.444444444444336,55.55555555555567,False,5.45,False,False,False,False,False,False
1149,002660,茂硕电源,C 制造业,腾讯前复权日K回退（成交额、换手率已提供）,False,2026-07-29,6.42,6.228,6.2829999999999995,True,True,False,True,6.79,-5.449189985272461,False,48.184437203105354,-0.2161066062385082,-0.28553132763575995,0.1388494427945035,True,False,False,False,2026-07-09,14.0,13.228692838454378,9.9354009570931,19.815276601176937,False,False,2026-07-23,4.0,True,53359.0,50579.0,1.0549635224104865,False,34094600.0,1.56,21.855512820512818,2.2292993630573132,3.821656050955417,2.1804870284895825,16.666666666666664,83.33333333333334,True,9.1,False,False,False,False,False,False
1150,002661,克明食品,C 制造业,腾讯前复权日K回退（成交额、换手率已提供）,False,2026-07-29,7.27,7.072,7.2299999999999995,True,True,False,True,7.67,-5.21512385919166,False,50.15827219261793,-0.10375850360756456,-0.11645159756132288,0.02538618790751665,True,False,True,False,,,17.409632306483736,16.102447895426415,20.02400112859838,True,False,,,False,36559.0,27720.2,1.3188577282992187,False,26570900.0,1.19,22.328487394957985,2.3943661971830954,3.098591549295784,0.5532503457814667,22.727272727272986,77.27272727272701,True,9.08,False,False,False,False,False,False
1151,002662,峰璟股份,C 制造业,腾讯前复权日K回退（成交额、换手率已提供）,False,2026-07-29,3.18,3.1079999999999997,3.3010000000000006,True,False,False,True,3.83,-16.971279373368144,False,43.09741629457152,-0.13147225051668654,-0.12241112071035185,-0.01812225961266939,False,True,False,False,,,11.276717737838402,10.237974665265241,13.35420388298472,True,False,2026-07-29,0.0,True,109434.0,111705.0,0.9796696656371693,False,34521500.0,0.73,47.28972602739726,2.2508038585209,2.2508038585209094,-3.6655558921539053,0.0,100.0,True,4.11,False,False,False,False,True,False
1152,002663,普邦股份,E 建筑业,腾讯前复权日K回退（成交额、换手率已提供）,False,2026-07-29,1.54,1.504,1.4729999999999999,True,True,True,True,1.59,-3.1446540880503173,False,50.75447666897988,-0.03718307651349928,-0.06081647583537099,0.04726679864374342,True,False,False,False,2026-07-01,20.0,12.957691044541386,11.064807524976267,16.743458083671626,False,False,2026-07-23,4.0,True,346993.0,352654.8,0.9839452064738663,False,53008100.00000001,2.03,26.11236453201971,1.9867549668874274,3.3112582781456985,4.548540393754255,20.0,80.0,True,2.48,False,False,False,False,True,False
1153,002664,信质集团,C 制造业,腾讯前复权日K回退（成交额、换手率已提供）,False,2026-07-29,15.59,14.930000000000001,16.3935,True,False,False,True,20.0,-22.05,False,42.52134749683781,-0.9843318601642785,-0.9914137220441301,0.014163723759703206,True,False,True,False,,,7.484663633127714,5.4576643252054895,11.538662248972164,False,False,2026-07-28,1.0,True,62580.0,47602.2,1.314645121443967,False,97012000.0,1.55,62.588387096774184,3.725881570192957,6.187624750499,-4.901332845335039,32.25806451612912,67.74193548387089,False,24.22,False,False,False,False,False,False
1154,002666,德联集团,C 制造业,腾讯前复权日K回退（成交额、换手率已提供）,False,2026-07-29,3.95,3.8579999999999997,3.8905000000000003,True,True,False,True,4.17,-5.275779376498795,False,48.332575364734545,-0.09951839859485068,-0.12996540923938368,0.060894021289066014,True,False,False,False,2026-07-03,18.0,8.548284345416915,6.499031152676481,12.646790730897782,False,False,2026-07-27,2.0,True,89317.0,100609.6,0.8877582258551867,False,35209800.0,1.78,19.780786516853933,1.804123711340222,2.8350515463917607,1.5293664053463534,36.363636363636296,63.63636363636371,False,5.29,False,False,False,False,False,False
1155,002667,*ST威领,C 制造业,腾讯前复权日K回退（成交额、换手率已提供）,False,2026-07-29,10.65,9.478,10.129999999999999,True,True,False,True,13.67,-22.09217264081931,False,45.76977028053265,-1.5309767199677164,-1.9588321065495942,0.8557107731637554,True,False,False,False,2026-07-06,17.0,8.51042876390209,5.997992879261589,13.535300533183088,False,False,2026-07-23,4.0,True,202990.0,186399.0,1.0890079882402803,False,206218600.0,8.58,24.034801864801864,10.0206611570248,10.743801652892571,5.133267522211268,0.0,100.0,True,34.38,False,False,False,False,True,True
1156,002668,TCL智家,C 制造业,腾讯前复权日K回退（成交额、换手率已提供）,False,2026-07-29,10.59,10.3,10.431500000000002,True,True,False,True,11.36,-6.7781690140845035,False,55.360820143016184,0.03577636679062479,0.0447297857249658,-0.01790683786868201,False,True,False,False,,,67.86264235876996,63.171346628862615,77.24523381858465,False,False,,,False,156122.0,215634.4,0.7240124952233966,False,166619600.0,1.44,115.70805555555555,0.9532888465204836,4.194470924690176,1.5194363226764922,56.81818181818188,43.181818181818116,False,11.36,False,True,False,False,True,False
1157,002669,康达新材,C 制造业,腾讯前复权日K回退（成交额、换手率已提供）,False,2026-07-29,11.39,11.228,12.853,True,False,False,True,18.83,-39.511417950079654,False,36.83405926989865,-1.3058865611617527,-1.2669855268514156,-0.07780206862067418,False,True,False,False,,,14.460999663161767,13.507784489890504,16.367430009704293,False,False,2026-07-27,2.0,True,135404.0,135149.0,1.001886806413662,False,151476200.0,4.47,33.887293064876964,1.4247551202137165,4.541406945681209,-11.382556601571611,7.843137254901797,92.1568627450982,True,19.13,False,False,False,False,True,False
1158,002670,国盛证券,J 金融业,腾讯前复权日K回退（成交额、换手率已提供）,False,2026-07-29,11.91,11.642,11.779,True,True,False,True,13.17,-9.567198177676536,False,51.94769886229027,-0.03080182354666583,-0.033934556802177204,0.006265466511022749,True,False,True,False,,,19.776956642724983,18.679868351485656,21.971133225203637,True,False,,,False,299951.0,247391.2,1.2124562231801292,False,353643100.0,1.85,191.15843243243245,3.8360941586748076,5.231037489102002,1.1121487392817746,18.33333333333325,81.66666666666676,True,13.17,False,False,False,False,False,False
1159,002671,龙泉股份,C 制造业,腾讯前复权日K回退（成交额、换手率已提供）,False,2026-07-29,3.67,3.5740000000000003,3.7024999999999997,True,False,False,True,3.95,-7.088607594936715,False,45.32257901123759,-0.11738981049166464,-0.13014127184465807,0.025502922705986864,True,False,False,False,2026-07-28,1.0,7.726396415877093,6.237484139946374,10.70422096773853,False,False,2026-07-28,1.0,True,117625.0,117671.8,0.9996022836397506,False,43064300.0,2.13,20.217981220657276,1.9444444444444375,3.333333333333336,-0.8777852802160636,33.33333333333333,66.66666666666666,False,5.08,False,False,False,False,False,False
1160,002672,东江环保,C 制造业,腾讯前复权日K回退（成交额、换手率已提供）,False,2026-07-29,3.42,3.3160000000000003,3.3455,True,True,False,True,3.61,-5.263157894736841,False,50.18313065185645,-0.07942424049375152,-0.10310852844810675,0.047368575908710464,True,False,False,False,2026-07-27,2.0,13.905686260318822,11.665612354597954,18.385834071760556,False,False,,,False,93627.0,96187.4,0.9733811289212517,False,32007000.0,1.03,31.074757281553396,2.0895522388059584,3.5820895522388088,2.2268719175011213,41.66666666666685,58.33333333333315,False,4.51,False,False,False,False,True,False
1161,002673,西部证券,J 金融业,腾讯前复权日K回退（成交额、换手率已提供）,False,2026-07-29,6.69,6.606,6.6095,True,True,False,True,6.85,-2.3357664233576534,False,53.26927755953275,0.0009287656695038393,-0.002461562483741011,0.0067806563064897,True,False,True,False,,,31.445920611618323,29.913224208138498,34.51131341857798,True,False,,,False,389535.0,242090.2,1.6090490238762245,False,258948700.0,0.87,297.642183908046,2.6073619631902023,3.220858895705521,1.2179438686738888,14.285714285713983,85.71428571428602,True,7.29,False,False,False,False,False,False
1162,002674,兴业科技,C 制造业,腾讯前复权日K回退（成交额、换手率已提供）,False,2026-07-29,22.14,22.996000000000002,26.093,False,False,False,True,33.88,-34.6517119244392,False,45.74395731209487,-0.10200936586164744,0.6959212252475439,-1.5958611822183826,False,True,False,False,,,50.60814680406815,51.69055698695939,48.44332643828565,False,True,,,False,302429.0,287582.4,1.0516255514941109,False,677936300.0,10.34,65.56443907156674,-9.999999999999998,6.747967479674796,-15.149656996129227,18.072289156626546,0.0,False,33.88,False,False,False,False,False,False
1163,002675,东诚药业,C 制造业,腾讯前复权日K回退（成交额、换手率已提供）,False,2026-07-29,12.71,12.580000000000002,12.7575,True,False,False,True,13.67,-7.022677395757125,False,49.9445230823226,-0.03162339274560999,-0.006633608336448494,-0.049979568818322995,False,True,False,False,,,17.674405748386263,18.048829716314096,16.9255578125306,False,False,,,False,67551.0,76455.6,0.8835324031202423,False,85726900.0,0.91,94.20538461538462,1.194267515923575,1.9108280254776944,-0.3723300019596271,33.33333333333284,66.66666666666717,False,13.67,False,False,False,False,False,False
1164,002676,顺威股份,C 制造业,腾讯前复权日K回退（成交额、换手率已提供）,False,2026-07-29,4.83,4.692,4.842499999999999,True,False,False,True,5.45,-11.376146788990829,False,46.77439187748344,-0.16831598653577995,-0.2021850173869331,0.06773806170230628,True,False,False,False,2026-07-27,2.0,6.433538514933427,4.879891108766711,9.540833327266858,False,False,2026-07-27,2.0,True,116908.0,107131.8,1.0912539507410497,False,56230800.0,1.62,34.71037037037037,1.6842105263157992,2.5263157894736867,-0.25813113061433746,25.000000000000185,74.99999999999982,True,8.22,False,False,False,False,False,False
1165,002677,浙江美大,C 制造业,腾讯前复权日K回退（成交额、换手率已提供）,False,2026-07-29,6.43,6.331999999999999,6.269,True,True,True,True,8.2,-21.585365853658534,False,49.125549962803746,-0.04961366605842077,-0.07841446685275222,0.0576016015886629,True,False,False,False,2026-07-03,13.0,27.97049489210257,27.67752536741476,28.55643394147819,True,False,,,False,116819.0,180790.4,0.6461570968370002,False,75451500.0,2.12,35.59033018867924,0.6259780907668322,3.59937402190924,2.5681926942095963,65.21739130434786,34.78260869565214,False,8.49,False,False,False,False,True,False
1166,002678,珠江钢琴,C 制造业,腾讯前复权日K回退（成交额、换手率已提供）,False,2026-07-29,4.32,4.152,4.148999999999999,True,True,True,True,4.43,-2.483069977426624,False,48.86171360552358,-0.18375406334794775,-0.2594555759082522,0.15140302512060888,True,False,False,False,2026-07-09,14.0,16.331650658335434,12.270911873823266,24.45312822735977,False,False,2026-07-22,5.0,True,78858.0,100575.4,0.7840684700234849,False,34074800.0,0.58,58.749655172413796,2.127659574468077,3.3096926713947914,4.121475054229964,49.99999999999968,50.00000000000032,False,6.47,False,False,False,False,True,False
1167,002679,福建金森,A 农林牧渔,腾讯前复权日K回退（成交额、换手率已提供）,False,2026-07-29,8.38,8.088,8.032,True,True,True,True,8.62,-2.784222737819008,False,54.13972932934958,-0.12726762917848156,-0.21472916705989664,0.17492307576283017,True,False,False,False,2026-07-01,20.0,18.237867371291998,14.28781367727097,26.137974759334053,False,False,2026-07-23,4.0,True,38443.0,34748.0,1.1063370553700933,False,32234200.0,1.63,19.77558282208589,2.1951219512195363,4.268292682926825,4.332669322709172,42.85714285714249,57.14285714285751,False,11.41,False,False,False,False,True,False
1168,002681,奋达科技,C 制造业,腾讯前复权日K回退（成交额、换手率已提供）,False,2026-07-29,4.38,4.236000000000001,4.5409999999999995,True,False,False,False,5.26,-16.730038022813687,False,44.32415740868982,-0.1612597786727168,-0.13468508895307846,-0.05314937943927667,False,True,False,False,,,13.830176540981645,14.09279641657023,13.304936789804472,False,False,,,False,637667.0,532836.4,1.1967406881361708,False,274956300.0,4.06,67.72322660098523,5.035971223021574,5.7553956834532425,-3.5454745650737634,12.500000000000092,87.49999999999991,True,5.96,False,False,False,False,False,False
1169,002682,龙洲股份,G 运输仓储,腾讯前复权日K回退（成交额、换手率已提供）,False,2026-07-29,4.19,4.086,4.154,True,True,False,True,4.7,-10.851063829787229,False,46.24150474262292,-0.15474326917117942,-0.19522123329451224,0.08095592824666564,True,False,False,False,2026-07-02,19.0,16.137694398864834,13.058047790658627,22.296987615277246,False,False,,,False,203639.0,205486.8,0.9910076948981639,False,84926100.0,3.62,23.46024861878453,2.1951219512195363,3.4146341463414775,0.8666345690900452,28.57142857142848,71.42857142857152,True,6.33,False,False,False,False,True,False
1170,002683,广东宏大,B 采矿业,腾讯前复权日K回退（成交额、换手率已提供）,False,2026-07-29,27.84,26.784,27.595,True,True,False,True,31.77,-12.370160528800755,False,48.88086823467896,-0.9824628863817217,-1.2232479485893046,0.4815701244151658,True,False,False,False,2026-07-27,2.0,10.23796780425907,7.6477478087682185,15.41840779524077,False,False,2026-07-23,4.0,True,121283.0,93918.8,1.291360196254637,False,333771800.0,1.82,183.3910989010989,4.779826872412496,5.080918328942421,0.8878420003623883,7.407407407407505,92.5925925925925,True,41.8,False,False,False,False,False,False
1171,002685,华东重机,C 制造业,腾讯前复权日K回退（成交额、换手率已提供）,False,2026-07-29,5.23,5.096000000000001,5.441000000000001,True,False,False,True,6.54,-20.030581039755347,False,38.233825043794496,-0.43622885722639104,-0.48884752979038304,0.105237345127984,True,False,False,False,2026-07-27,2.0,9.584650659598486,7.642640682439722,13.468670613916013,False,False,2026-07-21,6.0,True,304249.0,282717.8,1.076157921432609,False,157338600.0,3.02,52.09887417218543,2.3483365949119372,3.9138943248532323,-3.877963609630588,24.99999999999989,75.00000000000011,True,9.98,False,False,False,False,False,False
1172,002686,亿利达,C 制造业,腾讯前复权日K回退（成交额、换手率已提供）,False,2026-07-29,5.28,5.186,5.3245,True,False,False,True,5.75,-8.173913043478256,False,44.88226837794598,-0.1581607536015195,-0.1851708460548821,0.05402018490672522,True,False,False,False,2026-07-03,18.0,8.732642007904916,8.880996134388553,8.435933754937643,False,False,,,False,59775.0,63823.8,0.936562849595292,False,31435200.0,1.14,27.574736842105263,1.7341040462427681,2.6974951830443095,-0.8357592262184115,21.42857142857102,78.57142857142898,True,8.23,False,True,False,False,False,False
1173,002687,乔治白,C 制造业,腾讯前复权日K回退（成交额、换手率已提供）,False,2026-07-29,4.95,4.92,5.267,True,False,False,True,6.0,-17.499999999999996,False,48.184451470056416,0.017094342424957,0.08522021387866485,-0.1362517429074157,False,True,False,False,,,49.86471038486953,50.70306127504917,48.188008604510244,False,False,,,False,486150.0,147627.4,3.293087868512214,True,236314400.0,11.76,20.094761904761906,-6.6037735849056585,10.000000000000005,-6.018606417315363,7.5471698113207575,33.9622641509435,False,6.0,False,False,False,False,False,True
1174,002688,金河生物,C 制造业,腾讯前复权日K回退（成交额、换手率已提供）,False,2026-07-29,5.0,4.912000000000001,4.962,True,True,False,True,5.25,-4.761904761904762,False,50.76778715000793,-0.03589920901348975,-0.04707327288549712,0.022348127744014734,True,False,False,False,2026-07-01,20.0,20.38277498727194,18.732539616929817,23.683245727956184,False,False,2026-07-28,1.0,True,56718.0,64444.6,0.8801047721608948,False,28323800.0,0.76,37.268157894736845,1.2145748987854255,1.8218623481781346,0.7658202337767082,22.22222222222178,77.77777777777821,True,6.0,False,False,False,False,False,False
1175,002689,ST远智,C 制造业,腾讯前复权日K回退（成交额、换手率已提供）,False,2026-07-29,2.58,2.512,2.605,True,False,False,True,2.85,-9.473684210526317,False,46.12553251737072,-0.07647182244309736,-0.08692522891719703,0.02090681294819935,True,False,False,False,2026-07-27,2.0,7.855538353192341,7.534739634717429,8.497135790142167,True,False,2026-07-29,0.0,True,64362.0,72702.4,0.8852802658509211,False,16502400.0,0.62,26.616774193548387,1.976284584980248,2.766798418972326,-0.9596928982725494,14.285714285714013,85.71428571428599,True,3.61,False,False,False,False,False,False
1176,002690,美亚光电,C 制造业,腾讯前复权日K回退（成交额、换手率已提供）,False,2026-07-29,15.7,15.14,14.721,True,True,True,True,15.4,1.9480519480519412,True,62.832127265788515,0.11653471538595817,-0.020002367882703317,0.27307416653732297,True,False,False,False,,,37.11019706002741,30.554352612749494,50.221885954583236,False,False,,,False,98591.0,73549.8,1.3404659156109193,False,154110000.0,2.27,67.8898678414097,2.614379084967311,3.202614379084957,6.650363426397658,18.36734693877554,81.63265306122446,True,17.83,False,False,False,False,False,False
1177,002691,*ST冀凯,C 制造业,腾讯前复权日K回退（成交额、换手率已提供）,False,2026-07-29,3.74,3.664,3.901,True,False,False,True,4.49,-16.70378619153675,False,41.05784754453426,-0.2552282439538325,-0.28706939331573655,0.06368229872380815,True,False,False,False,2026-07-27,2.0,9.68913276091832,7.744483561511925,13.578431159731108,False,False,2026-07-23,4.0,True,32280.0,34863.6,0.9258940556913228,False,12203100.0,0.96,12.7115625,0.8086253369272267,3.7735849056603805,-4.127146885413986,78.57142857142841,21.428571428571587,False,6.17,False,False,False,False,True,False
1178,002692,远程股份,C 制造业,腾讯前复权日K回退（成交额、换手率已提供）,False,2026-07-29,3.84,3.724,3.6825,True,True,True,True,3.95,-2.784810126582286,False,50.816047705742356,-0.11394908162612127,-0.17573178013104196,0.12356539700984137,True,False,False,False,,,10.149282766128643,7.7565680256174,14.934712247151127,False,False,2026-07-23,4.0,True,122659.0,169215.4,0.7248690131040083,False,46963500.0,1.71,27.464035087719296,1.5873015873015817,4.232804232804237,4.276985743380848,43.75000000000014,56.249999999999865,False,5.84,False,False,False,False,True,False
1179,002693,双成药业,C 制造业,腾讯前复权日K回退（成交额、换手率已提供）,False,2026-07-29,8.5,8.482,9.497499999999999,True,False,False,False,11.27,-24.578527062999107,False,41.347422679850055,-0.2907728488139316,-0.13143337504164831,-0.3186789475445666,False,True,False,False,,,21.525259839117826,26.253692078716423,12.068395359920636,False,False,,,False,133512.0,160483.8,0.8319344382423647,False,112639000.0,3.25,34.658153846153844,0.591715976331364,3.550295857988174,-10.502763885232943,23.33333333333337,73.33333333333337,True,12.43,False,True,True,False,False,False
1180,002694,*ST顾地,C 制造业,腾讯前复权日K回退（成交额、换手率已提供）,False,2026-07-29,1.98,1.8920000000000001,2.011,True,False,False,True,2.33,-15.021459227467815,False,46.37167949965755,-0.10228560910361795,-0.11209464963130919,0.019618081055382486,True,False,True,False,,,14.937988509815915,11.240665416616693,22.332634696214356,False,False,2026-07-23,4.0,True,57658.0,51045.2,1.1295479300698206,False,11276099.999999998,0.8,14.095124999999996,3.125,4.1666666666666705,-1.5415216310293456,25.0,75.0,True,3.03,False,False,False,False,False,False
1181,002695,煌上煌,C 制造业,腾讯前复权日K回退（成交额、换手率已提供）,False,2026-07-29,9.37,8.816,9.661999999999999,True,False,False,True,10.98,-14.663023679417133,False,45.36231503996385,-0.5819468523832345,-0.5785269793723079,-0.006839746021853221,False,True,False,False,,,22.205829579945217,17.465353358952495,31.68678202193066,False,False,2026-07-27,2.0,True,135586.0,138555.6,0.9785674487353813,False,125207900.00000001,2.65,47.248264150943406,3.765227021040962,7.087486157253606,-3.0221486234733996,34.375000000000064,65.62499999999993,False,13.3,False,False,False,False,False,False
1182,002696,百洋股份,C 制造业,腾讯前复权日K回退（成交额、换手率已提供）,False,2026-07-29,5.17,4.949999999999999,5.15,True,True,False,True,5.78,-10.553633217993085,False,49.540755211940095,-0.14468745906624658,-0.16422557472952337,0.03907623132655358,True,False,True,False,,,14.044702330984856,10.754379264198674,20.625348464557224,False,False,2026-07-28,1.0,True,95087.0,90808.2,1.0471190927691552,False,49064300.0,2.84,17.276161971830987,2.9880478087649376,4.780876494023909,0.3883495145630985,29.166666666666757,70.83333333333324,True,6.89,False,False,False,False,True,False
1183,002697,红旗连锁,F 批发零售,腾讯前复权日K回退（成交额、换手率已提供）,False,2026-07-29,4.63,4.529999999999999,4.496,True,True,True,True,4.78,-3.138075313807539,False,57.265435706845125,0.017690703232375427,0.0020095682779628756,0.031362269908825104,True,False,False,False,2026-07-02,19.0,33.93755769958794,31.68369221085292,38.44528867705798,False,False,,,False,217349.0,146165.2,1.487009219704827,False,100969200.0,1.9,53.141684210526314,1.758241758241752,2.63736263736264,2.980427046263333,41.66666666666648,58.33333333333351,False,5.12,False,False,False,False,False,False
1184,002698,博实股份,C 制造业,腾讯前复权日K回退（成交额、换手率已提供）,False,2026-07-29,13.38,12.738000000000001,12.531,True,True,True,True,13.85,-3.3935018050541434,False,60.13606470039759,0.1467251446228559,0.0402382235598515,0.2129738421260088,True,False,False,False,2026-07-24,3.0,48.497258698784414,41.626357664071854,62.23906076820954,False,False,,,False,220386.0,162643.2,1.3550274465824577,False,290435900.0,2.61,111.278122605364,3.881987577639756,5.745341614906834,6.775197510174767,12.16216216216214,87.83783783783787,True,15.15,False,False,False,False,False,False
1185,002700,万憬能源,D 水电煤气,腾讯前复权日K回退（成交额、换手率已提供）,False,2026-07-29,5.64,5.632,5.669,True,False,False,True,6.66,-15.315315315315322,False,41.17905780193462,-0.39585360713455753,-0.4890111717883054,0.18631512930749572,True,False,False,False,2026-07-24,3.0,15.038580677790891,12.28564616217095,20.544449709030776,False,False,2026-07-21,6.0,True,100753.0,145962.8,0.6902649168144213,False,57183100.00000001,2.46,23.24516260162602,-0.8787346221441283,2.460456942003509,-0.5115540659728333,50.00000000000032,21.42857142857102,False,9.7,False,False,False,False,False,False
1186,002701,奥瑞金,C 制造业,腾讯前复权日K回退（成交额、换手率已提供）,False,2026-07-29,4.95,4.776000000000001,4.6785,True,True,True,True,4.88,1.4344262295082026,True,64.0276459583289,0.05109685006817699,0.018694876229003794,0.0648039476783464,True,False,False,False,2026-07-01,20.0,50.21377658213037,44.53324108261393,61.574847581163255,False,False,,,False,376024.0,278490.2,1.3502234549007468,False,186011100.0,1.47,126.53816326530612,2.0618556701031077,3.0927835051546464,5.803142032702801,20.000000000000117,79.99999999999989,True,5.48,False,False,False,False,False,False
1187,002702,海欣食品,C 制造业,腾讯前复权日K回退（成交额、换手率已提供）,False,2026-07-29,4.49,4.262,4.3795,True,True,False,True,4.67,-3.8543897216274026,False,50.19464625628916,-0.15412599592163012,-0.18731690211582652,0.0663818123883928,True,False,False,False,2026-07-27,2.0,15.650832565332697,11.613474191317886,23.72554931336232,False,False,2026-07-23,4.0,True,433883.0,153976.6,2.817850244777453,True,194595400.0,9.46,20.570338266384777,5.152224824355978,7.025761124121777,2.5231190775202657,36.6666666666665,63.3333333333335,False,6.2,False,False,False,False,False,False
1188,002703,浙江世宝,C 制造业,腾讯前复权日K回退（成交额、换手率已提供）,False,2026-07-29,13.28,12.658000000000001,12.961000000000002,True,True,False,True,15.4,-13.766233766233773,False,47.38413144580077,-0.746072493411635,-0.959985853623023,0.42782672042277614,True,False,False,False,2026-07-23,4.0,11.088523734466124,8.09048702115129,17.084597161095793,False,False,2026-07-21,6.0,True,308791.0,203525.2,1.5172126105268535,False,406387000.0,5.27,77.11328273244783,3.5074045206547,5.455962587685121,2.4612298433762616,28.57142857142868,71.42857142857132,True,22.58,False,False,False,False,True,False
1189,002705,新宝股份,C 制造业,腾讯前复权日K回退（成交额、换手率已提供）,False,2026-07-29,11.5,11.309999999999999,11.354499999999998,True,True,False,True,11.8,-2.542372881355938,False,50.74587457675592,-0.1106683345649806,-0.16726620282892848,0.11319573652789577,True,False,False,False,,,8.907222962181145,8.475939811113983,9.769789264315467,True,False,2026-07-29,0.0,True,90781.0,59391.4,1.5285209643146986,False,104417400.0,1.12,93.22982142857141,1.3215859030837107,1.938325991189433,1.281430269937047,31.818181818181856,68.18181818181814,False,15.77,False,False,False,False,False,False
1190,002706,良信股份,C 制造业,腾讯前复权日K回退（成交额、换手率已提供）,False,2026-07-29,8.89,8.898,9.5545,False,False,False,True,11.09,-19.83769161406672,False,38.35786309110722,-0.6621685498871628,-0.6638794419729906,0.0034217841716557285,True,False,True,False,,,5.211091505256885,6.403649889551634,2.825974736667387,False,False,,,False,228333.0,197834.2,1.1541634358467847,False,200568800.0,2.5,80.22752,2.1839080459770344,3.7931034482758634,-6.954838034434039,9.090909090908896,90.9090909090911,True,15.4,False,False,False,False,False,False
1191,002707,众信旅游,L 商务服务,腾讯前复权日K回退（成交额、换手率已提供）,False,2026-07-29,5.08,4.930000000000001,4.8454999999999995,True,True,True,True,5.07,0.1972386587771161,True,54.18448618179831,-0.060235349855058296,-0.11920984074944643,0.11794898178877627,True,False,False,False,2026-07-09,14.0,16.168341272079136,12.357922071850355,23.7891796725367,False,False,2026-07-27,2.0,True,203325.0,213191.2,0.9537213543523372,False,103722500.0,2.35,44.13723404255319,0.7936507936507908,2.182539682539689,4.839541842947077,63.63636363636371,36.363636363636296,False,6.35,False,False,False,False,True,False
1192,002708,光洋股份,C 制造业,腾讯前复权日K回退（成交额、换手率已提供）,False,2026-07-29,9.82,9.581999999999999,10.6785,True,False,False,True,14.27,-31.1843027330063,False,37.085819686843806,-1.0393196857102573,-1.0716533370674024,0.06466730271429011,True,False,True,False,,,12.23034952928762,10.510692683019201,15.669663221824457,False,False,2026-07-23,4.0,True,222595.0,145163.8,1.5334057113412574,False,218198500.0,4.31,50.62610208816706,3.8054968287526414,5.285412262156448,-8.03951865898768,46.000000000000085,53.999999999999915,False,16.5,False,True,False,False,True,False
1193,002709,天赐材料,C 制造业,腾讯前复权日K回退（成交额、换手率已提供）,False,2026-07-29,36.79,37.327999999999996,40.503499999999995,False,False,False,True,56.8,-35.22887323943662,False,37.88534420096716,-3.543658890353427,-3.765011177047119,0.4427045733873838,True,False,False,False,2026-07-28,1.0,13.315532292876206,12.032572733118776,15.881451412391066,False,False,2026-07-23,4.0,True,798269.0,790217.4,1.0101890947984693,False,2903613100.0,5.29,548.8871644612476,-1.3408420488066453,8.527755430410297,-9.168343476489678,27.67295597484285,64.1509433962264,False,64.98,False,True,False,False,False,False
1194,002712,思美传媒,L 商务服务,腾讯前复权日K回退（成交额、换手率已提供）,False,2026-07-29,4.37,4.202,4.2225,True,True,False,True,4.62,-5.411255411255411,False,51.46237426173416,-0.09094330483591229,-0.13010569949976444,0.07832478932770431,True,False,False,False,2026-07-08,15.0,14.355574922815785,11.739359163440083,19.58800644156719,False,False,2026-07-28,1.0,True,143581.0,132787.8,1.0812815635171305,False,62137900.0,2.65,23.448264150943398,2.3419203747072626,3.2786885245901565,3.49319123741859,14.285714285714013,85.71428571428599,True,5.91,False,False,False,False,False,False
1195,002713,东易日盛,E 建筑业,腾讯前复权日K回退（成交额、换手率已提供）,False,2026-07-29,9.06,9.315999999999999,10.4195,False,False,False,True,12.95,-30.03861003861003,False,37.80842267430674,-0.6956850394015266,-0.5968311124841978,-0.1977078538346575,False,True,False,False,,,13.408930278570182,13.999924177442532,12.226942480825482,False,False,,,False,217434.0,223303.4,0.9737155815809343,False,196281300.0,4.13,47.52573849878935,2.604756511891293,7.021517553793896,-13.047651038917405,41.93548387096764,58.06451612903236,False,14.49,False,False,False,False,True,False
1196,002714,牧原股份,A 农林牧渔,腾讯前复权日K回退（成交额、换手率已提供）,False,2026-07-29,38.88,39.178000000000004,38.791999999999994,False,True,True,False,41.55,-6.425992779783381,False,53.016131987408414,0.7014222448761629,0.744071698825381,-0.0852989078984363,False,True,False,True,,,40.34893849665152,40.05318884084258,40.940437808269394,False,False,,,False,536829.0,489544.4,1.0965889917237333,False,2095392800.0,1.64,1277.678536585366,-1.0687022900763177,3.1552162849872825,0.2268508970922048,44.35483870967769,21.774193548387313,False,44.96,False,False,False,False,True,False
1197,002715,登云股份,C 制造业,腾讯前复权日K回退（成交额、换手率已提供）,False,2026-07-29,12.83,12.56,13.5695,True,False,False,True,15.55,-17.491961414791,False,41.58201710868173,-0.5553598308807199,-0.5075673027869673,-0.09558505618750535,False,True,False,False,,,15.595915577585872,14.823253725249751,17.141239282258116,True,False,2026-07-29,0.0,True,22686.0,26053.0,0.8707634437492803,False,28641000.0,1.64,17.464024390243903,1.825396825396819,4.206349206349201,-5.449721802571942,0.0,100.0,True,18.98,False,False,False,False,True,False
1198,002716,湖南白银,C 制造业,腾讯前复权日K回退（成交额、换手率已提供）,False,2026-07-29,7.8,7.606,7.645999999999999,True,True,False,True,9.28,-15.94827586206896,False,48.23495418567527,-0.3238253729504059,-0.43583102536262486,0.22401130482443787,True,False,False,False,2026-07-22,5.0,13.09622339228297,10.505635989242009,18.277398198364892,False,False,2026-07-21,6.0,True,1309377.0,1497862.0,0.8741639750524414,False,1009522800.0,5.64,178.99340425531918,3.31125827814569,5.960264900662255,2.014125032696846,22.22222222222233,77.77777777777767,True,13.3,False,False,False,False,True,False
1199,002717,*ST岭南,N 公共环保,腾讯前复权日K回退（成交额、换手率已提供）,False,2026-07-29,1.01,1.004,1.0155,True,False,False,True,1.12,-9.82142857142858,False,48.11551229753028,-0.013919650917695758,-0.018165570880824978,0.008491839926258439,True,False,False,False,2026-07-02,19.0,16.049390394941174,15.791903702602754,16.564363779618017,True,False,2026-07-29,0.0,True,365234.0,435065.2,0.8394925634134838,False,36851600.0,2.13,17.301220657276996,1.0000000000000009,2.0000000000000018,-0.5416051206302374,50.0,50.0,False,1.43,False,True,False,False,True,False
1200,002718,友邦吊顶,C 制造业,腾讯前复权日K回退（成交额、换手率已提供）,False,2026-07-29,81.95,83.01200000000001,96.3365,False,False,False,False,115.7,-29.170267934312875,False,34.640402887199755,-5.311314332519231,-3.024966868556879,-4.5726949279247044,False,True,False,False,,,45.59257938875633,49.30293073105736,38.17187670415427,False,False,,,False,14784.0,16846.2,0.8775866367489403,False,120050700.0,1.57,76.46541401273885,-3.075103489059716,8.432879952690712,-14.933592148354982,11.500701262272003,45.72230014025255,False,121.0,False,False,False,False,False,False
1201,002719,ST麦趣,C 制造业,腾讯前复权日K回退（成交额、换手率已提供）,False,2026-07-29,5.73,5.640000000000001,5.6850000000000005,True,True,False,True,6.42,-10.747663551401862,False,46.56218543492046,-0.25988131286859595,-0.33615371843319075,0.1525448111291896,True,False,False,False,2026-07-23,4.0,17.453139828730603,14.79470627182819,22.77000694253543,False,False,2026-07-23,4.0,True,55687.0,52556.0,1.0595745490524393,False,31863600.0,3.44,9.262674418604652,2.1390374331550888,5.169340463458111,0.7915567282321887,44.827586206896505,55.172413793103495,False,8.35,False,False,False,False,False,False
1202,002721,金一文化,C 制造业,腾讯前复权日K回退（成交额、换手率已提供）,False,2026-07-29,2.36,2.3,2.263,True,True,True,True,2.36,0.0,False,53.715019777235554,-0.024537949957606386,-0.04979670093283942,0.05051750195046607,True,False,False,False,2026-07-01,20.0,16.03665594075479,13.284643885537854,21.540680051188666,False,False,2026-07-27,2.0,True,441515.0,359588.6,1.2278336966188583,False,104249200.0,1.66,62.80072289156627,1.2875536480686511,3.0042918454935745,4.286345558992487,42.85714285714304,57.14285714285696,False,3.2,False,False,False,False,False,False
1203,002722,物产金轮,C 制造业,腾讯前复权日K回退（成交额、换手率已提供）,False,2026-07-29,12.19,11.898,11.955,True,True,False,True,12.52,-2.6357827476038342,False,51.47340350361584,-0.17516919109267448,-0.2526434778154363,0.1549485734455236,True,False,False,False,2026-07-02,19.0,15.295248197869489,12.9942423147307,19.897259964147064,False,False,2026-07-28,1.0,True,28805.0,31927.2,0.9022087749630409,False,35016100.0,1.3,26.93546153846154,1.3300083125519446,1.9118869492934367,1.9657047260560385,17.391304347826456,82.60869565217355,True,15.85,False,False,False,False,False,False
1204,002723,小崧股份,C 制造业,腾讯前复权日K回退（成交额、换手率已提供）,False,2026-07-29,6.65,6.7299999999999995,7.794,False,False,False,True,9.74,-31.72484599589322,False,30.734643490955406,-0.5823919726678097,-0.46648572006721145,-0.23181250520119656,False,True,False,False,,,8.838500572746346,8.584279125551133,9.346943467136771,False,False,2026-07-23,4.0,True,82802.0,101666.0,0.8144512423032282,False,54393800.0,2.61,20.840536398467435,0.3016591251885359,4.223227752639521,-14.677957403130604,28.57142857142857,71.42857142857143,True,11.26,False,True,False,False,True,False
1205,002724,海洋王,C 制造业,腾讯前复权日K回退（成交额、换手率已提供）,False,2026-07-29,5.23,5.0760000000000005,4.9275,True,True,True,True,5.28,-0.9469696969696936,False,58.048225676304604,-0.015876341192803345,-0.08098728476334657,0.13022188714108646,True,False,False,False,2026-07-01,20.0,13.171732100081655,10.013254721418013,19.48868685740894,False,False,2026-07-23,4.0,True,67400.0,73560.2,0.9162563451431617,False,35159200.0,1.19,29.545546218487395,1.3565891472868241,2.13178294573644,6.139015728056828,18.18181818181774,81.81818181818225,True,6.37,False,False,False,False,True,False
1206,002725,跃岭股份,C 制造业,腾讯前复权日K回退（成交额、换手率已提供）,False,2026-07-29,10.93,10.992,11.002500000000001,False,False,False,True,12.94,-15.533230293663058,False,43.934852181960245,-0.5854059674240517,-0.7592221690350608,0.34763240322201816,True,False,False,False,2026-07-23,4.0,19.09454238570823,15.911620223610234,25.460386709904224,False,False,2026-07-21,6.0,True,76369.0,97897.8,0.7800890316227739,False,82792400.0,3.07,26.968208469055376,-0.8166969147005432,4.2649727767695165,-0.6589411497387099,29.787234042553273,53.19148936170206,False,18.13,False,False,False,False,False,False
1207,002726,ST龙大,C 制造业,腾讯前复权日K回退（成交额、换手率已提供）,False,2026-07-29,2.08,1.906,1.7395,True,True,True,True,2.21,-5.882352941176466,False,63.59930751601897,0.09970814290046515,0.06953108912434769,0.060354107552234915,True,False,False,False,,,28.558393236920043,26.494957028139,32.68526565448213,False,False,,,False,1362188.0,809177.6,1.6834227739373904,False,275478900.0,10.01,27.52036963036963,10.052910052910068,10.582010582010593,19.5745903995401,0.0,100.0,True,2.86,False,False,False,False,False,True
1208,002727,一心堂,F 批发零售,腾讯前复权日K回退（成交额、换手率已提供）,False,2026-07-29,11.59,11.306000000000001,10.874500000000001,True,True,True,True,11.7,-0.9401709401709355,False,60.298764195293586,0.17647389566534777,0.08471014682897976,0.18352749767273602,True,False,False,False,2026-07-06,17.0,54.58667700462422,50.67123487175913,62.4175612703544,False,False,,,False,96525.0,99802.2,0.9671630485099527,False,111926100.0,2.46,45.498414634146336,2.0246478873239493,2.992957746478872,6.579612855763471,29.41176470588226,70.58823529411774,True,12.94,False,False,False,False,True,False
1209,002728,特一药业,C 制造业,腾讯前复权日K回退（成交额、换手率已提供）,False,2026-07-29,8.75,8.786,9.242,False,False,False,True,10.51,-16.745956232159845,False,46.36263387642761,-0.06037201039040596,0.03711284577105445,-0.19496971232292082,False,True,False,False,,,29.58434097357311,31.777999711905267,25.1970234969088,False,False,,,False,164481.0,221177.8,0.743659625875653,False,144222300.0,3.28,43.97021341463415,-0.9060022650056676,2.2650056625141683,-5.323523046959541,34.99999999999995,25.00000000000022,False,10.51,False,True,False,False,True,False
1210,002729,好利科技,C 制造业,腾讯前复权日K回退（成交额、换手率已提供）,False,2026-07-29,13.19,12.684000000000001,13.918000000000001,True,False,False,True,19.74,-33.18135764944275,False,38.78734744073859,-1.3979771036719288,-1.5143612397193906,0.23276827209492357,True,False,False,False,2026-07-28,1.0,12.284112077527611,9.46301981815273,17.926296596277375,False,False,2026-07-23,4.0,True,55849.0,39074.2,1.4293062941787678,False,72876800.0,3.18,22.917232704402515,2.4068322981366297,5.8229813664596275,-5.23063658571635,37.333333333333485,62.666666666666515,False,21.86,False,False,False,False,True,False
1211,002730,电光科技,C 制造业,腾讯前复权日K回退（成交额、换手率已提供）,False,2026-07-29,21.1,21.574,24.714,False,False,False,False,30.14,-29.99336429993364,False,33.09720663895294,-2.10877430992727,-1.823980293028724,-0.5695880337970918,False,True,False,False,,,16.98258709101414,20.502727516030912,9.942306240980592,False,False,,,False,117296.0,110502.4,1.0614792076914168,False,246693000.0,3.39,72.770796460177,-2.5854108956602007,6.971375807940912,-14.623290442664066,15.23178807947021,47.68211920529812,False,35.9,False,True,False,False,False,False
1212,002731,*ST萃华,C 制造业,腾讯前复权日K回退（成交额、换手率已提供）,False,2026-07-29,1.87,1.794,2.7125,True,False,False,False,5.22,-64.17624521072797,False,21.717311341579716,-1.104807101290787,-1.1881585464917075,0.16670289040184105,True,False,False,False,2026-07-27,2.0,1.1171052862648596,1.0733342254413847,1.2046474079118097,True,False,2026-07-29,0.0,True,506735.0,542364.4,0.9343072664798795,False,91964700.0,22.06,4.168844061650046,5.0561797752809,11.797752808988763,-31.059907834101374,38.09523809523803,61.904761904761976,False,9.27,False,True,False,False,False,True
1213,002732,燕塘乳业,C 制造业,腾讯前复权日K回退（成交额、换手率已提供）,False,2026-07-29,13.07,12.512,12.6935,True,True,False,True,13.63,-4.1085840058694085,False,52.689666904096015,-0.23986776036207402,-0.31440501536249277,0.1490745100008375,True,False,False,False,2026-07-03,18.0,11.29297263058408,8.362377157673869,17.1541635764045,False,False,2026-07-28,1.0,True,53975.0,16742.8,3.2237738012757724,True,71082300.0,3.45,20.603565217391303,3.8950715421303572,6.438791732909384,2.9660850041359756,39.506172839506185,60.493827160493815,False,16.52,False,False,False,False,False,False
1214,002733,雄韬股份,C 制造业,腾讯前复权日K回退（成交额、换手率已提供）,False,2026-07-29,17.95,18.118,21.1465,False,False,False,True,30.99,-42.078089706356884,False,31.48026050902807,-3.1665866841229686,-3.1443074545099616,-0.04455845922601398,False,True,False,False,,,8.263221361022735,8.023489578144499,8.742684926779205,False,False,2026-07-23,4.0,True,133163.0,130432.6,1.0209334169525104,False,236672100.0,3.61,65.56013850415513,0.39149888143177325,4.586129753914991,-15.115976639160147,20.731707317073372,79.26829268292663,True,37.98,False,True,False,False,False,False
1215,002734,利民股份,C 制造业,腾讯前复权日K回退（成交额、换手率已提供）,False,2026-07-29,13.31,13.112,14.8345,True,False,False,True,18.4,-27.663043478260864,False,35.692330754929685,-1.0399228070641087,-0.8993158556203119,-0.2812139028875935,False,True,False,False,,,16.01112717425984,13.151056443213122,21.731268636353278,False,False,2026-07-23,4.0,True,98605.0,114907.2,0.8581272539927872,False,130487700.0,2.26,57.737920353982304,0.7570022710068125,3.482210446631346,-10.27671980855438,34.78260869565214,65.21739130434786,False,19.58,False,True,False,False,True,False
1216,002735,王子新材,C 制造业,腾讯前复权日K回退（成交额、换手率已提供）,False,2026-07-29,10.8,10.453999999999999,11.6155,True,False,False,True,17.45,-38.10888252148997,False,36.84158917953418,-1.4640485161625563,-1.5584486762074108,0.18880032008970904,True,False,False,False,2026-07-28,1.0,13.60918836479022,11.030981727772359,18.765601638825945,False,False,2026-07-21,6.0,True,183540.0,181213.4,1.012839006386945,False,195506300.0,6.44,30.35812111801242,2.2727272727272707,4.166666666666662,-7.020791184193535,6.818181818181681,93.18181818181831,True,21.44,False,False,False,False,True,False
1217,002736,国信证券,J 金融业,腾讯前复权日K回退（成交额、换手率已提供）,False,2026-07-29,10.21,10.146,10.2155,True,False,False,True,10.57,-3.4058656575212813,False,51.02786545423115,0.0030486838782461945,0.0183413983476364,-0.030585428938780412,False,True,False,False,,,24.903286947416376,23.009229946934113,28.691400948380902,False,False,,,False,320091.0,259471.4,1.233627289944094,False,325626200.0,0.33,986.7460606060605,1.5920398009950265,2.0895522388059784,-0.0538397533160356,14.285714285713924,85.71428571428608,True,10.61,False,False,False,False,False,False
1218,002737,葵花药业,C 制造业,腾讯前复权日K回退（成交额、换手率已提供）,False,2026-07-29,13.72,13.418000000000001,12.959999999999999,True,True,True,True,14.02,-2.139800285306697,False,64.16776193029656,0.3432850573805606,0.28350524132985455,0.11955963210141207,True,False,False,False,2026-07-03,18.0,79.06915293613021,75.01503932731661,87.17738015375741,False,False,,,False,65025.0,65440.0,0.9936583129584352,False,88811800.0,1.11,80.01063063063063,1.2546125461254665,2.4354243542435428,5.864197530864209,24.24242424242426,75.75757575757575,True,14.2,False,False,False,True,True,False
1219,002738,中矿资源,C 制造业,腾讯前复权日K回退（成交额、换手率已提供）,False,2026-07-29,48.7,48.858000000000004,52.242999999999995,False,False,False,True,68.18,-28.571428571428577,False,41.38132670284409,-3.4078060082580777,-3.658073589640702,0.5005351627652486,True,False,False,False,2026-07-27,2.0,11.24961908074326,9.953362719982474,13.842131802264834,False,False,2026-07-22,5.0,True,260950.0,335537.2,0.7777081050923712,False,1267075500.0,3.67,345.2521798365123,1.9895287958115349,7.204188481675403,-6.781769806481237,36.337209302325526,63.66279069767447,False,94.1,False,True,False,False,True,False
1220,002739,儒意电影,R 文化传播,腾讯前复权日K回退（成交额、换手率已提供）,False,2026-07-29,8.72,8.86,9.4025,False,False,False,False,11.26,-22.557726465364112,False,44.563668746667936,-0.08540296247568513,0.03112882911629989,-0.23306358318397002,False,True,False,False,,,35.692458341804134,41.253867933552215,24.56963915830798,False,False,,,False,676480.0,1119107.6,0.6044816423371622,False,591672400.0,3.22,183.74919254658383,0.5767012687428075,2.6528258362168446,-7.258707790481246,56.52173913043425,43.47826086956575,False,11.26,False,True,False,False,True,False
1221,002741,光华科技,C 制造业,腾讯前复权日K回退（成交额、换手率已提供）,False,2026-07-29,21.59,22.2,27.122500000000002,False,False,False,False,36.96,-41.58549783549784,False,34.749070876777495,-2.702840750059778,-2.0425715038894863,-1.3205384923405834,False,True,False,False,,,23.222329430749266,26.41062453848927,16.845739215269255,False,False,,,False,258372.0,239301.0,1.0796946105532363,False,553247000.0,6.01,92.05440931780367,-1.3704888076747412,5.9387848332571815,-20.39819338187852,23.8461538461538,56.923076923076934,False,42.15,False,False,False,False,False,False
1222,002742,冀衡医药,C 制造业,腾讯前复权日K回退（成交额、换手率已提供）,False,2026-07-29,3.47,3.3840000000000003,3.4989999999999997,True,False,False,True,3.88,-10.567010309278343,False,46.928325226512825,-0.10668538333491195,-0.12208618776029409,0.030801608850764273,True,False,False,False,2026-07-27,2.0,10.759078785492614,10.213253488202815,11.850729380072213,True,False,2026-07-29,0.0,True,89114.0,75095.2,1.1866803737123013,False,30791700.0,1.7,18.112764705882356,2.6627218934911268,3.8461538461538427,-0.8288082309231057,23.076923076922945,76.92307692307705,True,5.26,False,True,True,False,True,False
1223,002743,富煌钢构,C 制造业,腾讯前复权日K回退（成交额、换手率已提供）,False,2026-07-29,3.61,3.438,3.693,True,False,False,True,4.18,-13.636363636363633,False,43.7698895966099,-0.22356766365088676,-0.24132317972217693,0.035511032142580334,True,False,True,False,,,11.466788410373715,7.878640891358522,18.6430834484041,False,False,2026-07-21,6.0,True,101656.0,93268.4,1.0899297082398756,False,36237000.0,2.34,15.485897435897437,4.335260115606943,4.913294797687859,-2.247495261305177,11.764705882352956,88.23529411764704,True,5.58,False,False,False,False,True,False
1224,002745,木林森,C 制造业,腾讯前复权日K回退（成交额、换手率已提供）,False,2026-07-29,10.55,10.672,11.3975,False,False,False,False,13.98,-24.535050071530755,False,44.87322472723921,-0.1827497945042289,-0.026532936985907148,-0.3124337150366435,False,True,False,False,,,46.721176243105425,48.90760469312928,42.348319343057724,False,False,,,False,689322.0,692874.6,0.9948726652701658,False,715908000.0,6.48,110.47962962962963,-0.7525870178739402,5.268109125117596,-7.4358411932441335,7.142857142857302,71.42857142857143,True,13.98,False,True,True,False,False,False
1225,002746,仙坛股份,C 制造业,腾讯前复权日K回退（成交额、换手率已提供）,False,2026-07-29,6.0,5.96,5.746,True,True,True,True,6.33,-5.213270142180096,False,61.071860039380006,0.1336681276464926,0.10944794074163093,0.04844037380972335,True,False,False,False,2026-07-02,19.0,73.8585826609884,71.68193556611315,78.21187685073889,False,False,,,False,108807.0,132676.2,0.820094334929701,False,65386899.99999999,1.53,42.73653594771241,0.5025125628140836,2.1775544388609696,4.42046641141663,53.84615384615411,46.15384615384589,False,6.33,False,False,False,False,True,False
1226,002747,埃斯顿,C 制造业,腾讯前复权日K回退（成交额、换手率已提供）,False,2026-07-29,31.06,30.859999999999996,38.120999999999995,True,False,False,False,49.0,-36.61224489795919,False,40.75050916310724,-1.5134268661711658,-0.16689852449070863,-2.6930566833609144,False,True,False,False,,,41.15316994689446,45.60897156831322,32.241566704056936,False,False,,,False,885479.0,727657.2,1.2168903159344813,False,2757759400.0,11.32,243.61832155477032,2.373104812129201,10.184574818721172,-18.52259909236378,70.55016181229776,29.449838187702237,False,49.0,False,True,False,False,True,False
1227,002748,世龙实业,C 制造业,腾讯前复权日K回退（成交额、换手率已提供）,False,2026-07-29,10.52,9.918000000000001,10.5475,True,False,False,True,12.2,-13.770491803278686,False,50.283945633201064,-0.29227138020034005,-0.26863970814648036,-0.047263344107719374,False,True,False,False,,,21.38001773305811,16.608404389734442,30.923244419705448,False,False,2026-07-28,1.0,True,67274.0,43261.2,1.5550655090473682,False,69908300.0,2.8,24.96725,4.572564612326024,5.467196819085494,-0.26072529035316294,9.090909090909207,90.90909090909079,True,13.0,False,False,False,False,True,False
1228,002749,国光股份,C 制造业,腾讯前复权日K回退（成交额、换手率已提供）,False,2026-07-29,9.02,8.687999999999999,8.257,True,True,True,True,9.05,-0.33149171270719485,False,66.68775550031448,0.062286944422780266,-0.07183205002308576,0.26823798889173206,True,False,False,False,2026-07-01,20.0,29.372198227140075,22.089244109949124,43.938106461521976,False,False,2026-07-23,4.0,True,48802.0,48295.4,1.010489611847091,False,44016500.0,0.9,48.907222222222224,1.6910935738444266,2.931228861330325,9.24064430180453,38.46153846153836,61.53846153846164,False,10.5,False,False,False,False,False,False
1229,002752,昇兴股份,C 制造业,腾讯前复权日K回退（成交额、换手率已提供）,False,2026-07-29,5.93,5.828,5.959,True,False,False,True,6.45,-8.062015503875976,False,48.076722228462,-0.10462816623228655,-0.11729521384457925,0.025334095224585407,True,False,False,False,2026-07-28,1.0,17.42216330399773,16.446501313313288,19.373487285366615,True,False,2026-07-29,0.0,True,103481.0,111916.8,0.9246243638131183,False,61341200.0,1.06,57.869056603773586,1.3675213675213627,2.2222222222222205,-0.48665883537506155,46.15384615384657,53.84615384615342,False,7.7,False,False,False,False,True,False
1230,002753,永东股份,C 制造业,腾讯前复权日K回退（成交额、换手率已提供）,False,2026-07-29,6.02,5.906,5.916,True,True,False,True,6.19,-2.7463651050080906,False,50.92102960133664,-0.07812080045581116,-0.11495718974668505,0.07367277858174778,True,False,False,False,2026-07-06,17.0,15.795029466946199,13.627098386843025,20.130891627152547,False,False,2026-07-27,2.0,True,27614.0,28953.2,0.9537460453421384,False,16591099.999999998,0.93,17.839892473118276,0.8375209380234505,1.8425460636515818,1.7579445571331846,27.272727272727636,72.72727272727236,True,7.5,False,False,False,False,False,False
1231,002755,奥赛康,C 制造业,腾讯前复权日K回退（成交额、换手率已提供）,False,2026-07-29,13.08,12.907999999999998,13.924000000000001,True,False,False,False,15.69,-16.634799235181642,False,43.26059090375246,-0.3018651153753513,-0.18316407611687371,-0.23740207851695522,False,True,False,False,,,16.301943328708713,18.54868888556524,11.808452214995654,False,False,,,False,92561.0,115208.6,0.8034209251739887,False,120219599.99999999,1.0,120.21959999999999,1.3953488372093092,3.56589147286821,-6.061476587187597,23.913043478260796,76.0869565217392,True,17.98,False,True,False,False,True,False
1232,002756,永兴材料,C 制造业,腾讯前复权日K回退（成交额、换手率已提供）,False,2026-07-29,46.94,45.81,48.5295,True,False,False,True,64.6,-27.337461300309595,False,42.34680018945642,-3.838807291854309,-4.452750913003624,1.22788724229863,True,False,False,False,2026-07-27,2.0,11.94439772438428,9.504384520971682,16.824424131209472,False,False,2026-07-22,5.0,True,156320.0,163517.0,0.9559862277316732,False,723753500.0,4.04,179.14690594059405,3.5517317449812458,6.48577101257445,-3.275327378192648,17.006802721088448,82.99319727891155,True,89.49,False,True,False,False,False,False
1233,002757,南兴股份,C 制造业,腾讯前复权日K回退（成交额、换手率已提供）,False,2026-07-29,15.73,15.524000000000001,16.5685,True,False,False,True,19.2,-18.07291666666666,False,37.775474037450124,-1.2854433874478293,-1.4257549589366794,0.2806231429777002,True,False,False,False,2026-07-24,3.0,8.706585115700936,7.590860626381281,10.938034094340244,False,False,2026-07-21,6.0,True,97296.0,87365.8,1.1136623255324165,False,150531200.0,3.45,43.63223188405797,1.6149870801033694,4.328165374677002,-5.060808160062768,10.447761194029894,89.5522388059701,True,32.6,False,False,False,False,True,False
1234,002758,浙农股份,F 批发零售,腾讯前复权日K回退（成交额、换手率已提供）,False,2026-07-29,7.87,7.746,7.7010000000000005,True,True,True,True,8.06,-2.357320099255588,False,52.73916340307456,-0.03098051521960432,-0.059779890204289546,0.05759874996937045,True,False,False,False,2026-07-14,11.0,15.811099725430068,13.533304331494667,20.36669051330087,False,False,2026-07-28,1.0,True,50912.0,49959.6,1.0190634032298098,False,39962000.0,0.98,40.77755102040816,1.1568123393316254,1.5424164524421609,2.194520192182828,25.000000000000185,74.99999999999982,True,9.11,False,False,False,False,False,False
1235,002759,ST天际,C 制造业,腾讯前复权日K回退（成交额、换手率已提供）,False,2026-07-29,14.89,14.52,18.267,True,False,False,True,27.27,-45.39787312064539,False,34.17083147916932,-3.290263638806005,-3.4369252191598045,0.29332316070759923,True,False,False,False,2026-07-28,1.0,9.500516535563785,6.804284046073253,14.89298151454485,False,False,2026-07-22,5.0,True,619210.0,676058.2,0.9159122690916256,False,933052300.0,12.36,75.48966828478964,-6.411062225015707,11.816467630421112,-18.486888925384566,10.638297872340393,30.319148936170244,False,41.9,False,False,False,False,False,True
1236,002760,凤形股份,C 制造业,腾讯前复权日K回退（成交额、换手率已提供）,False,2026-07-29,16.13,15.61,16.181,True,False,False,True,19.29,-16.38154484188699,False,46.69468680426287,-0.6107950389238219,-0.7097581038244891,0.1979261298013344,True,False,False,False,2026-07-27,2.0,14.77761340850592,12.756245420344051,18.820349384829655,False,False,2026-07-27,2.0,True,35467.0,45289.8,0.7831123122645717,False,56629200.0,3.28,17.265,2.088607594936698,3.5443037974683573,-0.31518447561956575,14.285714285714604,85.7142857142854,True,26.5,False,False,False,False,False,False
1237,002761,浙江建投,E 建筑业,腾讯前复权日K回退（成交额、换手率已提供）,False,2026-07-29,7.26,7.048,6.897,True,True,True,True,7.16,1.3966480446927325,True,59.1796705472617,-0.010150353289287928,-0.0763294727578138,0.13235823893705173,True,False,False,False,2026-07-03,18.0,24.222911694660798,21.092626639342473,30.48348180529745,False,False,,,False,144206.0,100056.8,1.4412413748990573,False,103940100.0,1.33,78.15045112781955,2.9787234042553123,3.9716312056737624,5.263157894736835,10.714285714285793,89.2857142857142,True,9.23,False,False,False,False,False,False
1238,002762,金发拉比,C 制造业,腾讯前复权日K回退（成交额、换手率已提供）,False,2026-07-29,8.18,7.912000000000001,7.811,True,True,True,True,8.94,-8.50111856823266,False,55.041157467304465,-0.15058331351992127,-0.24672209176054985,0.19227755648125716,True,False,False,False,2026-07-27,2.0,43.68170604153514,37.13026826399371,56.78458159661801,False,False,,,False,43607.0,65281.4,0.66798506159488,False,35538600.0,2.06,17.251747572815532,3.0226700251889005,3.400503778337537,4.724107028549478,22.222222222222367,77.77777777777763,True,9.84,False,False,False,False,True,False
1239,002763,汇洁股份,C 制造业,腾讯前复权日K回退（成交额、换手率已提供）,False,2026-07-29,7.04,6.7780000000000005,6.9385,True,True,False,True,7.42,-5.121293800539082,False,50.53705627110118,-0.1615512375950221,-0.19136413356573173,0.05962579194141926,True,False,False,False,2026-07-28,1.0,22.092122005333664,20.46999194232027,25.336382131360452,True,False,,,False,101242.0,59841.0,1.6918500693504452,False,71444700.0,3.33,21.454864864864863,3.529411764705892,6.323529411764701,1.4628522014844663,48.837209302325604,51.162790697674396,False,9.5,False,False,False,False,True,False
1240,002765,蓝黛科技,C 制造业,腾讯前复权日K回退（成交额、换手率已提供）,False,2026-07-29,6.48,6.314,6.840000000000001,True,False,False,True,8.19,-20.87912087912087,False,39.17027741178801,-0.40076113408361813,-0.41587062131298114,0.03021897445872601,True,False,True,False,,,6.694002960161543,5.4847527397907045,9.11250340090322,False,False,2026-07-28,1.0,True,124791.0,77121.8,1.6181027932439336,False,80556700.0,2.09,38.54387559808613,2.5316455696202445,3.3227848101265813,-5.263157894736846,28.57142857142839,71.4285714285716,True,10.24,False,False,False,False,True,False
1241,002766,索菱股份,C 制造业,腾讯前复权日K回退（成交额、换手率已提供）,False,2026-07-29,3.82,3.624,3.5975,True,True,True,True,4.0,-4.5000000000000036,False,53.09190556828873,-0.0770253787278925,-0.1293936940665988,0.10473663067741262,True,False,False,False,2026-07-03,18.0,16.67883792189951,13.76225982029995,22.511994125098628,False,False,2026-07-28,1.0,True,252042.0,233044.0,1.081521086146822,False,95711200.00000001,2.94,32.5548299319728,3.2432432432432323,4.054054054054052,6.18485059068797,13.333333333333353,86.66666666666664,True,5.55,False,False,False,False,False,False
1242,002767,先锋电子,C 制造业,腾讯前复权日K回退（成交额、换手率已提供）,False,2026-07-29,15.86,15.657999999999998,17.164499999999997,True,False,False,True,21.39,-25.85320243104255,False,41.28681483825048,-0.6256567558387829,-0.454246039648397,-0.3428214323807718,False,True,False,False,,,9.975685999663762,10.868435335935589,8.19018732712011,False,False,,,False,36385.0,30864.2,1.1788739056900874,False,57341700.0,2.79,20.55258064516129,2.3225806451612874,3.9354838709677384,-7.599988348043913,34.42622950819689,65.5737704918031,False,21.39,False,True,False,False,True,False
1243,002768,国恩股份,C 制造业,腾讯前复权日K回退（成交额、换手率已提供）,False,2026-07-29,47.76,48.041999999999994,52.67100000000001,False,False,False,False,62.66,-23.779125438876473,False,44.908545600979956,-0.8321426673207171,0.18699681310909871,-2.0382789608596315,False,True,False,False,,,55.99195376544909,58.5808352616798,50.81419077298766,False,False,,,False,110108.0,110139.2,0.9997167221116551,False,516139900.0,4.26,121.15960093896715,0.5897219882055715,7.729570345408597,-9.323916386626433,27.520435967302582,72.47956403269743,True,62.66,False,False,False,False,True,False
1244,002769,普路通,L 商务服务,腾讯前复权日K回退（成交额、换手率已提供）,False,2026-07-29,6.55,6.344,6.412999999999999,True,True,False,True,6.9,-5.0724637681159495,False,47.71895621247375,-0.24338324506654985,-0.32429415121951366,0.16182181230592763,True,False,False,False,2026-07-02,19.0,8.262207041333493,6.200608462592778,12.385404198814923,False,False,2026-07-23,4.0,True,55837.0,63724.2,0.8762291248850516,False,36400200.0,1.5,24.2668,1.8662519440124425,3.4214618973561395,2.136285669733361,18.18181818181822,81.81818181818178,True,10.22,False,False,False,False,False,False
1245,002771,真视通,I 信息技术,腾讯前复权日K回退（成交额、换手率已提供）,False,2026-07-29,11.71,11.598,12.294500000000001,True,False,False,True,14.59,-19.739547635366684,False,40.462568594979885,-0.6655492693015947,-0.7241118729470827,0.11712520729097586,True,False,False,False,2026-07-28,1.0,11.722117179283593,10.298303362270703,14.569744813309374,False,False,2026-07-22,5.0,True,73443.0,70970.2,1.0348427931723456,False,85621500.0,4.21,20.337648456057007,-0.08532423208190698,3.1569965870307097,-4.754158363495874,37.83783783783759,62.1621621621624,False,17.98,False,True,False,False,True,False
1246,002772,众兴菌业,A 农林牧渔,腾讯前复权日K回退（成交额、换手率已提供）,False,2026-07-29,10.17,9.728,11.34,True,False,False,True,14.06,-27.667140825035563,False,39.58579718093249,-0.8874768615408932,-0.8078549478478061,-0.15924382738617426,False,True,False,False,,,6.26255467224028,5.244620955718742,8.298422105283356,True,False,2026-07-29,0.0,True,166134.0,145534.6,1.1415429732860776,False,167891100.0,4.47,37.559530201342284,3.5641547861507084,4.073319755600818,-10.317460317460316,20.0,80.0,True,17.15,False,False,False,False,False,False
1247,002773,康弘药业,C 制造业,腾讯前复权日K回退（成交额、换手率已提供）,False,2026-07-29,21.64,21.410000000000004,22.308500000000002,True,False,False,False,24.13,-10.319104848736007,False,48.58650983453726,0.009806628571244147,0.18292180143769057,-0.34623034573289285,False,True,False,False,,,23.907659294944633,25.528348269579684,20.666281345674527,False,False,,,False,66518.0,87238.2,0.7624870756159573,False,144231400.0,0.97,148.6921649484536,1.5485687470671028,2.627874237447202,-2.996615639778567,42.85714285714268,57.14285714285733,False,24.37,False,False,False,False,False,False
1248,002774,快意电梯,C 制造业,腾讯前复权日K回退（成交额、换手率已提供）,False,2026-07-29,14.97,16.157999999999998,15.372499999999999,False,False,True,False,17.65,-15.1841359773371,False,50.32140173571317,0.6352241800252614,0.7586186222000464,-0.24678888434957003,False,True,False,False,,,76.71552435135901,81.11589442313955,67.91478420779791,False,False,,,False,125582.0,150827.2,0.832621702186343,False,188714199.99999997,4.46,42.31260089686098,-2.8552887735236787,6.359506813757303,-2.6183119206374896,56.12244897959189,36.73469387755113,False,17.65,False,True,False,False,True,False
1249,002775,文科股份,E 建筑业,腾讯前复权日K回退（成交额、换手率已提供）,False,2026-07-29,3.83,3.7339999999999995,3.397,True,True,True,True,4.16,-7.932692307692308,False,58.71439726534791,0.01854823003232431,-0.07976510213801925,0.19662666434068712,True,False,False,False,2026-07-22,5.0,53.42289048882335,40.62230669793894,79.02405807059216,False,False,2026-07-22,5.0,True,378287.0,294697.4,1.2836455292785072,False,141924900.0,6.51,21.8010599078341,-1.2886597938144284,7.989690721649486,12.746541065646166,12.903225806451621,70.96774193548391,True,4.33,False,False,False,False,False,True
1250,002777,久远银海,I 信息技术,腾讯前复权日K回退（成交额、换手率已提供）,False,2026-07-29,12.6,12.29,12.2405,True,True,True,True,12.91,-2.4012393493415995,False,50.787985652336765,-0.1914321756763382,-0.30225927658839213,0.2216542018241079,True,False,False,False,2026-07-03,18.0,10.673723339638856,9.135530473501232,13.750109071914107,False,False,2026-07-28,1.0,True,77849.0,67955.4,1.1455896073012595,False,98296900.0,1.92,51.19630208333334,0.5586592178770999,2.474062250598567,2.936971528940801,48.38709677419358,35.483870967741694,False,17.5,False,False,False,False,False,False
1251,002778,中晟高科,C 制造业,腾讯前复权日K回退（成交额、换手率已提供）,False,2026-07-29,14.5,14.232,14.681999999999999,True,False,False,True,16.6,-12.650602409638562,False,43.166000915417044,-0.681648929927805,-0.7934901682227662,0.22368247658992235,True,False,False,False,2026-07-24,3.0,13.450295432412531,10.820804410366042,18.70927747650551,False,False,2026-07-23,4.0,True,33323.0,19204.8,1.7351391318836957,False,48555300.0,2.7,17.983444444444444,0.2766251728907321,4.011065006915629,-1.2396131317259136,62.06896551724127,37.931034482758726,False,21.21,False,True,True,False,True,False
1252,002779,中坚科技,C 制造业,腾讯前复权日K回退（成交额、换手率已提供）,False,2026-07-29,57.31,56.882000000000005,67.1275,True,False,False,True,86.7,-33.89850057670127,False,34.258784347894334,-5.43874969930927,-4.524188358082293,-1.8291226824539528,False,True,False,False,,,5.1204507703020505,5.728637506900768,3.9040772971046174,False,False,,,False,23178.0,22702.6,1.0209403328253153,False,130767099.99999999,1.4,93.40507142857142,1.4336283185840681,4.955752212389376,-14.625153625563286,17.499999999999837,82.50000000000016,True,87.57,False,False,False,False,True,False
1253,002780,三夫户外,F 批发零售,腾讯前复权日K回退（成交额、换手率已提供）,False,2026-07-29,12.73,12.33,12.501,True,True,False,True,13.78,-7.619738751814216,False,50.73272963521382,-0.2450080081673267,-0.31563006624922496,0.1412441161637965,True,False,False,False,2026-07-28,1.0,19.067402390918748,15.844440264287575,25.513326644181095,False,False,2026-07-27,2.0,True,84753.0,84213.6,1.0064051412123456,False,108311400.0,6.49,16.688967642526965,1.031746031746028,4.920634920634914,1.83185345172387,62.9032258064515,37.096774193548505,False,17.42,False,False,False,False,True,False
1254,002782,可立克,C 制造业,腾讯前复权日K回退（成交额、换手率已提供）,False,2026-07-29,13.99,14.144,16.049,False,False,False,False,21.58,-35.171455050973115,False,29.331141365477308,-2.1395673734045957,-2.231744778107752,0.18435480940631255,True,False,False,False,2026-07-28,1.0,8.167996306564328,7.562869782765309,9.378249354162369,False,False,2026-07-21,6.0,True,100886.0,108061.6,0.9335971334868259,False,139525500.0,2.06,67.73082524271845,0.28673835125447855,3.7992831541218597,-12.829459779425505,16.98113207547169,83.01886792452831,True,31.23,False,True,False,False,True,False
1255,002783,凯龙股份,C 制造业,腾讯前复权日K回退（成交额、换手率已提供）,False,2026-07-29,7.26,7.118,7.085000000000001,True,True,True,True,7.55,-3.841059602649007,False,51.78863353331691,-0.10389454159041733,-0.1622488714078941,0.11670865963495353,True,False,False,False,2026-07-16,9.0,14.866630218637944,12.03572760688285,20.528435442148133,False,False,2026-07-23,4.0,True,55279.0,53197.2,1.0391336386125587,False,39930500.0,1.2,33.27541666666667,1.8232819074333717,1.963534361851328,2.470007057163005,7.1428571428570065,92.85714285714299,True,9.24,False,False,False,False,False,False
1256,002785,万里石,C 制造业,腾讯前复权日K回退（成交额、换手率已提供）,False,2026-07-29,33.0,33.018,36.808,False,False,False,True,46.79,-29.47210942509083,False,35.13586429302717,-2.5286300744720975,-2.307237204335148,-0.44278574027389883,False,True,False,False,,,7.347148414758597,7.674622048733955,6.692201146807882,False,False,,,False,45652.0,47457.6,0.9619534068305182,False,149683200.0,2.36,63.42508474576271,-0.7518796992481258,4.451127819548863,-10.345577048467725,20.945945945946143,58.78378378378374,False,57.3,False,False,False,False,False,False
1257,002786,银宝山新,C 制造业,腾讯前复权日K回退（成交额、换手率已提供）,False,2026-07-29,7.41,7.25,7.532000000000001,True,False,False,True,8.19,-9.523809523809517,False,46.35259732447731,-0.18456881945758408,-0.1809057773208347,-0.007326084273498734,False,True,False,False,,,17.06618518665323,17.266925412806774,16.664704734346138,False,False,,,False,74369.0,94275.2,0.7888500899494247,False,55030300.0,1.51,36.44390728476821,1.091405184174632,2.319236016371077,-1.61975570897505,47.058823529411825,52.94117647058817,False,9.7,False,False,False,False,True,False
1258,002787,华源控股,C 制造业,腾讯前复权日K回退（成交额、换手率已提供）,False,2026-07-29,19.25,20.618000000000002,24.531,False,False,False,False,34.99,-44.98428122320664,False,33.177735245827876,-2.032808565524885,-1.4552140612315085,-1.1551890085867527,False,True,False,False,,,39.60377769340708,43.33231143692834,32.14671020636456,False,False,,,False,220693.0,153268.6,1.4399100663801978,False,419941500.0,8.9,47.18443820224719,-4.985192497532087,10.414610069101675,-21.527862704333288,11.848341232227492,47.39336492890997,False,34.99,False,False,False,False,False,False
1259,002788,鹭燕医药,F 批发零售,腾讯前复权日K回退（成交额、换手率已提供）,False,2026-07-29,9.97,9.776,10.21,True,False,False,True,12.31,-19.008935824532898,False,46.47715210158591,-0.28657242483751943,-0.28221613859729655,-0.008712572480445768,False,True,False,False,,,8.179368135029685,7.990496771479525,8.557110862130008,True,False,2026-07-29,0.0,True,161723.0,226856.6,0.7128864666048949,False,161297000.0,4.24,38.04174528301886,0.504032258064524,2.6209677419354818,-2.3506366307541646,42.30769230769212,53.84615384615411,False,15.29,False,True,False,False,False,False
1260,002789,*ST建艺,E 建筑业,腾讯前复权日K回退（成交额、换手率已提供）,False,2026-07-29,8.97,8.862,9.8235,True,False,False,True,12.26,-26.83523654159869,False,36.15767829408955,-0.9317786721848922,-0.9417889695939936,0.02002059481820284,True,False,True,False,,,12.640271636955218,10.92651801272639,16.06777888541287,False,False,2026-07-24,3.0,True,19412.0,24536.6,0.7911446573689916,False,17380400.0,1.24,14.016451612903225,1.2415349887133331,4.514672686230233,-8.688349366315453,57.499999999999865,42.500000000000135,False,15.61,False,False,False,False,True,False
1261,002790,瑞尔特,C 制造业,腾讯前复权日K回退（成交额、换手率已提供）,False,2026-07-29,5.54,5.442,5.494,True,True,False,True,5.82,-4.8109965635738865,False,48.12363923511059,-0.12368763052032161,-0.16159735064752118,0.07581944025439913,True,False,False,False,2026-07-02,19.0,9.592016251139363,8.108646570845154,12.55875561172778,False,False,2026-07-27,2.0,True,56551.0,45057.4,1.2550879544758464,False,31444699.999999996,2.17,14.490645161290322,1.6513761467889854,3.302752293577976,0.8372770294867176,55.55555555555544,44.44444444444456,False,7.65,False,True,False,False,True,False
1262,002791,坚朗五金,C 制造业,腾讯前复权日K回退（成交额、换手率已提供）,False,2026-07-29,15.38,14.116,14.2745,True,True,False,True,15.65,-1.7252396166134158,False,59.60131383370081,-0.10149846522477368,-0.19723943465521587,0.19148193886088438,True,False,True,False,,,17.47833728792591,13.831398617075473,24.772214629626784,True,False,,,False,63998.0,37086.6,1.725636752897273,False,95446800.0,2.94,32.46489795918367,10.014306151645203,9.942775393419174,7.744579494903507,0.0,100.0,True,19.63,False,False,False,False,False,True
1263,002792,通宇通讯,C 制造业,腾讯前复权日K回退（成交额、换手率已提供）,False,2026-07-29,23.97,24.82,28.788,False,False,False,False,37.16,-35.495156081808396,False,30.013061495514492,-3.338904474428915,-3.2991849688712724,-0.0794390111152854,False,True,False,False,,,9.127177662055402,8.819312421360197,9.742908143445813,False,False,2026-07-21,6.0,True,158419.0,150406.0,1.0532758001675464,False,378975000.0,4.69,80.8049040511727,-3.541247484909471,5.472837022132794,-16.736140058357655,22.058823529411825,36.029411764705785,False,54.38,False,False,False,False,False,False
1264,002793,罗欣药业,C 制造业,腾讯前复权日K回退（成交额、换手率已提供）,False,2026-07-29,4.76,4.834,4.662,False,True,True,False,5.23,-8.986615678776303,False,54.36097688292708,0.12817622438700038,0.11782535790188517,0.020701732970230424,True,False,False,False,,,52.99482018872163,52.49956444564111,53.98533167488267,False,False,,,False,408325.0,653185.6,0.6251286005080333,False,193531200.0,3.76,51.471063829787234,-0.6263048016701522,3.340292275574097,2.102102102102099,50.00000000000028,43.74999999999983,False,5.62,False,True,False,False,False,False
1265,002795,永和智控,C 制造业,腾讯前复权日K回退（成交额、换手率已提供）,False,2026-07-29,6.07,5.6659999999999995,5.9855,True,True,False,True,7.45,-18.5234899328859,False,47.62430610147616,-0.41044363737868217,-0.4957640491000212,0.17064082344267806,True,False,False,False,2026-07-28,1.0,17.806364250203337,13.086628855011858,27.245835040586297,False,False,,,False,422276.0,191519.8,2.2048686349923092,True,250233500.0,9.72,25.74418724279835,0.33057851239670644,11.074380165289256,1.411745050538806,19.40298507462685,65.67164179104485,False,10.8,False,False,False,False,False,True
1266,002796,世嘉科技,C 制造业,腾讯前复权日K回退（成交额、换手率已提供）,False,2026-07-29,25.5,26.857999999999997,30.581,False,False,False,False,41.8,-38.995215311004785,False,28.907642558788766,-3.706956392714126,-3.7326305172287,0.05134824902914836,True,False,False,False,2026-07-28,1.0,8.150706698833226,8.235862711101493,7.98039467429669,False,True,,,False,95619.0,78535.0,1.217533583752467,False,243860000.0,4.2,58.06190476190476,-4.135338345864669,7.518796992481203,-16.614891599359076,18.99999999999995,42.50000000000007,False,60.0,False,False,False,False,False,False
1267,002797,第一创业,J 金融业,腾讯前复权日K回退（成交额、换手率已提供）,False,2026-07-29,6.53,6.4799999999999995,6.519,True,True,False,False,6.87,-4.9490538573507985,False,49.09136969553173,-0.03914929747240947,-0.04671891134097341,0.015139227737127878,True,False,False,False,,,21.86357774114617,22.63283320059351,20.325066822251486,False,False,,,False,520913.0,452770.2,1.1505019544130775,False,337628600.0,1.24,272.2811290322581,1.8720748829953227,2.3400936037441413,0.16873753643196995,13.333333333333098,86.6666666666669,True,8.0,False,False,False,False,False,False
1268,002798,帝欧水华,C 制造业,腾讯前复权日K回退（成交额、换手率已提供）,False,2026-07-29,5.3,5.022,5.1354999999999995,True,True,False,True,5.93,-10.623946037099492,False,50.123295246000154,-0.2096468784073915,-0.2849072363175984,0.15052071582041382,True,False,False,False,2026-07-03,18.0,12.29238944380068,9.405477136668944,18.06621405806415,False,False,2026-07-27,2.0,True,112973.0,95125.0,1.1876268068331144,False,59098700.0,2.19,26.985707762557077,2.9126213592232997,4.854368932038835,3.2031934573069876,19.99999999999993,80.00000000000007,True,8.77,False,False,False,False,False,False
1269,002799,环球印务,C 制造业,腾讯前复权日K回退（成交额、换手率已提供）,False,2026-07-29,6.25,6.064,6.0805,True,True,False,True,6.51,-3.99385560675883,False,49.61996839001355,-0.15713380999174653,-0.22247799569508372,0.1306883714066744,True,False,False,False,2026-07-03,18.0,12.901063429658015,10.080254827200271,18.5426806345735,False,False,2026-07-27,2.0,True,48082.0,51838.8,0.9275291866324066,False,30013800.0,1.5,20.0092,1.296596434359798,2.431118314424627,2.787599703971716,39.99999999999988,60.00000000000012,False,9.0,False,False,False,False,False,False
1270,002800,天顺股份,G 运输仓储,腾讯前复权日K回退（成交额、换手率已提供）,False,2026-07-29,12.24,11.868,12.3585,True,False,False,True,14.25,-14.105263157894735,False,44.46447186171738,-0.668748638558144,-0.786870130581725,0.23624298404716182,True,False,False,False,2026-07-27,2.0,10.837663500328183,8.863371254148655,14.78624799268724,False,False,2026-07-21,6.0,True,29673.0,35097.2,0.8454520588536978,False,36228900.0,2.01,18.024328358208958,1.4925373134328401,3.233830845771149,-0.9588542298822605,35.89743589743599,64.102564102564,False,19.2,False,False,False,False,True,False
1271,002801,微光股份,C 制造业,腾讯前复权日K回退（成交额、换手率已提供）,False,2026-07-29,27.23,26.634000000000004,27.433000000000003,True,False,False,True,31.99,-14.879649890590803,False,46.81228214510351,-0.8190007868707099,-0.9523386451017046,0.2666757164619895,True,False,False,False,2026-07-27,2.0,14.980663666958355,12.554607447982072,19.83277610491092,False,False,2026-07-27,2.0,True,12570.0,9063.2,1.3869273545767498,False,33957900.0,1.09,31.154036697247705,2.214714714714705,2.8528528528528456,-0.7399846899719423,17.10526315789465,82.89473684210536,True,35.73,False,False,False,False,False,False
1272,002802,洪汇新材,C 制造业,腾讯前复权日K回退（成交额、换手率已提供）,False,2026-07-29,10.45,10.294,10.452499999999999,True,False,False,True,11.36,-8.010563380281692,False,45.35173077844863,-0.35018361393213837,-0.4282245876148563,0.1560819473654359,True,False,False,False,2026-07-10,13.0,8.522672501954455,7.554154664147408,10.459708177568551,False,False,2026-07-27,2.0,True,19845.0,25449.0,0.7797948838854178,False,20694300.0,1.33,15.559624060150375,1.2596899224806002,2.519379844961238,-0.023917723032762524,42.307692307692804,57.69230769230719,False,14.95,False,True,False,False,False,False
1273,002803,吉宏股份,F 批发零售,腾讯前复权日K回退（成交额、换手率已提供）,False,2026-07-29,18.22,18.080000000000002,20.977999999999998,True,False,False,True,27.0,-32.518518518518526,False,35.485682798796915,-1.4037219706397224,-1.0161993731769905,-0.7750451949254638,False,True,False,False,,,22.93809300456134,26.189060010722216,16.436158992239584,False,False,,,False,101169.0,97318.6,1.039564893042029,False,180971300.0,3.4,53.226852941176475,1.2222222222222134,5.055555555555556,-13.147106492515967,8.791208791208993,91.20879120879101,True,28.0,False,False,False,False,True,False
1274,002805,丰元股份,C 制造业,腾讯前复权日K回退（成交额、换手率已提供）,False,2026-07-29,17.34,17.084,20.6395,True,False,False,True,29.36,-40.940054495912804,False,35.96959033985404,-2.079267598793759,-1.749394491605153,-0.6597462143772126,False,True,False,False,,,15.641353738221895,16.42136943218798,14.081322350289724,False,False,,,False,209964.0,197022.4,1.065685932157968,False,359293200.0,7.53,47.71490039840637,1.760563380281699,9.683098591549308,-15.986336878315857,30.909090909090963,69.09090909090904,False,30.58,False,False,False,False,True,False
1275,002806,华锋股份,C 制造业,腾讯前复权日K回退（成交额、换手率已提供）,False,2026-07-29,12.82,12.402,14.569999999999999,True,False,False,True,19.74,-35.05572441742654,False,33.024383534663684,-1.5289776901515921,-1.3898012054977729,-0.27835296930763853,False,True,False,False,,,12.19842248847254,12.355127179170326,11.885013107076968,False,False,,,False,112236.0,104674.6,1.0722371998555522,False,141669800.0,6.45,21.96431007751938,2.5600000000000067,3.680000000000007,-12.010981468771437,0.0,100.0,True,22.18,False,False,False,False,False,False
1276,002807,江阴银行,J 金融业,腾讯前复权日K回退（成交额、换手率已提供）,False,2026-07-29,4.05,3.976,3.935,True,True,True,True,4.07,-0.49140049140050274,False,60.004128071810236,0.019500199370212634,0.007430523339360865,0.02413935206170354,True,False,False,False,2026-07-06,17.0,54.689405395061044,50.051859025605516,63.9644981339721,False,False,,,False,575350.0,384142.8,1.4977503157679906,False,232683800.0,2.13,109.241220657277,1.5037593984962294,2.0050125313283225,2.9224904701397656,25.000000000000554,74.99999999999945,True,4.15,False,False,False,False,False,False
1277,002809,红墙股份,C 制造业,腾讯前复权日K回退（成交额、换手率已提供）,False,2026-07-29,7.54,7.31,7.3950000000000005,True,True,False,True,8.03,-6.102117061021162,False,48.699409710837244,-0.24865570613370291,-0.32423511938004945,0.15115882649269308,True,False,False,False,2026-07-02,19.0,12.377767199780179,8.733037056188854,19.667227486962826,False,False,2026-07-23,4.0,True,55978.0,87886.8,0.6369329637670276,False,41843600.0,3.29,12.718419452887538,2.4456521739130377,2.853260869565217,1.9607843137254843,9.523809523809321,90.47619047619068,True,11.89,False,False,False,False,False,False
1278,002810,山东赫达,C 制造业,腾讯前复权日K回退（成交额、换手率已提供）,False,2026-07-29,19.59,19.496000000000002,20.754,True,False,False,True,25.92,-24.4212962962963,False,40.88180676255462,-1.135951951632837,-1.1670939689614483,0.062284034657222875,True,False,True,False,,,15.30752159453433,14.836245512853258,16.250073757896477,False,False,2026-07-27,2.0,True,64181.0,55177.2,1.163179719159363,False,125630800.0,1.99,63.131055276381915,0.8234688625836428,4.580545548121447,-5.608557386527905,44.9438202247191,55.05617977528091,False,29.43,False,False,False,False,True,False
1279,002811,郑中设计,M 科研服务,腾讯前复权日K回退（成交额、换手率已提供）,False,2026-07-29,9.76,9.55,10.319500000000001,True,False,False,True,12.25,-20.326530612244902,False,39.17731642007397,-0.5724795019615669,-0.5639184470101137,-0.017122109902906413,False,True,False,False,,,14.321113761886759,11.025299543907751,20.912742197844775,False,False,2026-07-23,4.0,True,52038.0,41913.8,1.241548129732928,False,50839700.0,1.84,27.630271739130436,0.7223942208462342,3.9215686274509705,-5.4217743107708865,47.368421052631625,52.631578947368375,False,14.15,False,False,False,False,True,False
1280,002812,恩捷股份,C 制造业,腾讯前复权日K回退（成交额、换手率已提供）,False,2026-07-29,53.36,52.536,55.432,True,False,False,True,70.6,-24.419263456090647,False,42.94427543718342,-3.6812775117206513,-4.117052976628756,0.871550929816209,True,False,False,False,2026-07-27,2.0,13.033677756786687,10.47916230550573,18.142708659348603,False,False,2026-07-23,4.0,True,264462.0,260670.6,1.0145447933138605,False,1407179100.0,3.21,438.3735514018692,1.987767584097866,8.4862385321101,-3.737913118776163,41.44144144144148,58.55855855855852,False,87.71,False,True,False,False,True,False
1281,002813,路畅科技,C 制造业,腾讯前复权日K回退（成交额、换手率已提供）,False,2026-07-29,20.33,19.128000000000004,18.884,True,True,True,True,20.43,-0.48947626040137754,False,58.48473074434535,-0.3626189628528209,-0.653588498301109,0.5819390708965761,True,False,False,False,2026-07-02,19.0,17.859786467525367,12.64722069399121,28.284918014593682,False,False,2026-07-23,4.0,True,24206.0,13178.8,1.836737790997663,True,48139600.0,2.02,23.83148514851485,5.118924508790057,6.049638055842822,7.657276000847267,7.692307692307973,92.30769230769202,True,27.96,False,False,False,False,False,False
1282,002815,崇达技术,C 制造业,腾讯前复权日K回退（成交额、换手率已提供）,False,2026-07-29,11.39,11.732,14.3095,False,False,False,False,18.87,-39.63963963963964,False,32.267912086241225,-1.453196307482381,-1.1193077976726626,-0.6677770196194368,False,True,False,False,,,6.893848401792803,10.353911340270182,-0.026277475161954555,False,False,,,False,382829.0,430278.6,0.8897235419098232,False,428414800.00000006,4.93,86.89955375253551,-0.4370629370629264,5.069930069930071,-20.402529787903138,17.241379310344765,81.03448275862078,True,20.7,False,True,False,False,False,False
1283,002816,*ST和科,C 制造业,腾讯前复权日K回退（成交额、换手率已提供）,False,2026-07-29,23.3,22.506,25.817500000000003,True,False,False,True,31.3,-25.559105431309902,False,41.458315961859874,-1.2969556722943594,-0.8421726905296938,-0.9095659635293312,False,True,False,False,,,24.068992586799045,26.26034499338812,19.686287773620897,False,False,,,False,19372.0,23895.4,0.8106999673577341,False,44193700.0,1.94,22.780257731958763,1.3484123531970482,3.697259678120929,-9.751137794131894,0.0,100.0,True,31.3,False,False,False,False,True,False
1284,002817,黄山胶囊,C 制造业,腾讯前复权日K回退（成交额、换手率已提供）,False,2026-07-29,6.02,5.843999999999999,5.997,True,True,False,True,6.4,-5.937500000000012,False,48.12973147402062,-0.15034332252229454,-0.17642175479028668,0.05215686453598428,True,False,False,False,2026-07-28,1.0,12.416648256617867,10.822972291829124,15.60400018619535,False,False,2026-07-28,1.0,True,63933.0,72285.6,0.884450014940735,False,38426500.0,2.2,17.466590909090908,1.8612521150592087,2.5380710659898535,0.38352509588126876,40.000000000000234,59.999999999999766,False,8.4,False,False,False,False,True,False
1285,002818,富森美,L 商务服务,腾讯前复权日K回退（成交额、换手率已提供）,False,2026-07-29,10.93,10.697999999999999,10.591,True,True,True,True,10.88,0.45955882352940197,True,56.63502012559498,-0.03811597975463421,-0.08880597311146701,0.1013799867136656,True,False,False,False,2026-07-15,10.0,27.208517372248593,23.010664010611293,35.60422409552319,False,False,,,False,48911.0,32992.2,1.4825019246973528,False,53382100.0,1.64,32.55006097560976,1.6744186046511622,2.4186046511627888,3.200830894155419,23.076923076923286,76.92307692307672,True,12.22,False,False,False,False,False,False
1286,002819,东方中科,F 批发零售,腾讯前复权日K回退（成交额、换手率已提供）,False,2026-07-29,20.12,19.688,19.8285,True,True,False,True,22.68,-11.287477954144615,False,47.35860265977943,-0.636782456861166,-0.8474938794062952,0.4214228450902584,True,False,False,False,2026-07-24,3.0,14.398943776542788,10.874786611600094,21.44725810642818,False,False,2026-07-23,4.0,True,32977.0,25004.8,1.3188267852572306,False,65674399.99999999,1.39,47.24776978417266,-1.3241785188818023,4.1687101520353185,1.4701061603247991,31.76470588235284,68.23529411764716,False,29.04,False,True,False,False,True,False
1287,002820,桂发祥,C 制造业,腾讯前复权日K回退（成交额、换手率已提供）,False,2026-07-29,8.7,8.216,8.416500000000001,True,True,False,True,9.15,-4.918032786885258,False,52.728683384702926,-0.201567310107853,-0.26001803698380266,0.11690145375189931,True,False,False,False,2026-07-28,1.0,16.48401137969307,12.567533316609769,24.316967505859665,False,False,2026-07-28,1.0,True,99917.0,61396.0,1.627418724346863,False,86831200.00000001,4.97,17.471066398390345,3.44827586206895,7.372175980975042,3.368383532347155,17.741935483871135,82.25806451612887,True,11.73,False,False,False,False,False,False
1288,002821,凯莱英,C 制造业,腾讯前复权日K回退（成交额、换手率已提供）,False,2026-07-29,155.01,159.416,164.23700000000002,False,False,False,False,200.0,-22.495000000000005,False,49.01494755631585,4.8549293812211545,8.085741650955342,-6.4616245394683745,False,True,False,False,,,63.13383535693216,66.81734416152202,55.76681774775244,False,False,,,False,79148.0,94107.8,0.8410354933384905,False,1252152500.0,2.5,500.861,-1.4933909506863352,6.304016268429072,-5.618100671590465,40.52419354838725,9.374999999999794,False,200.0,False,False,False,False,True,False
1289,002822,ST中装,E 建筑业,腾讯前复权日K回退（成交额、换手率已提供）,False,2026-07-29,2.94,2.8619999999999997,3.0305,True,False,False,True,3.53,-16.713881019830026,False,49.88258509601764,-0.033866706885605335,-0.01357658536502716,-0.04058024304115635,False,True,False,False,,,42.8948243368493,42.1729194244238,44.338634161700284,True,False,,,False,144229.0,67067.4,2.1505082946409138,True,42957299.99999999,1.35,31.820222222222213,3.157894736842093,7.719298245614041,-2.9863058901171433,54.54545454545454,45.45454545454545,False,3.53,False,True,False,False,True,False
1290,002823,凯中精密,C 制造业,腾讯前复权日K回退（成交额、换手率已提供）,False,2026-07-29,12.76,12.352,13.2125,True,False,False,True,15.87,-19.59672337744171,False,40.964985303173684,-0.8871822645656238,-0.9756572913143653,0.17695005349748305,True,False,False,False,2026-07-28,1.0,9.721067047603723,7.534261651874975,14.094677839061218,False,False,,,False,48175.0,48120.8,1.0011263320643047,False,60818800.0,2.2,27.64490909090909,2.079999999999993,2.960000000000008,-3.4247871333964093,13.51351351351367,86.48648648648634,True,21.35,False,False,False,False,False,False
1291,002824,和胜股份,C 制造业,腾讯前复权日K回退（成交额、换手率已提供）,False,2026-07-29,20.73,22.184,26.038999999999998,False,False,False,False,35.91,-42.272347535505425,False,33.98866254269794,-2.5501978959316745,-2.049812586701778,-1.0007706184597929,False,True,False,False,,,21.556687798513504,24.88623130320967,14.89760078912117,False,False,,,False,187935.0,163344.2,1.1505459024562854,False,388098000.0,8.31,46.70252707581227,-2.2630834512022635,6.88354549740687,-20.38864779753446,26.027397260273954,55.47945205479453,False,41.91,False,False,False,False,False,False
1292,002825,纳尔股份,C 制造业,腾讯前复权日K回退（成交额、换手率已提供）,False,2026-07-29,7.86,7.659999999999999,7.9415000000000004,True,False,False,True,8.52,-7.746478873239428,False,42.487160012398185,-0.3345951608321762,-0.3822381398468411,0.09528595802932971,True,False,False,False,2026-07-07,16.0,8.405716686535799,6.826239681629367,11.564670696348664,False,False,2026-07-28,1.0,True,31030.0,28527.6,1.0877185602714565,False,24254000.0,1.21,20.044628099173554,2.34375,2.3437499999999964,-1.0262544859283527,11.11111111111089,88.88888888888911,True,11.47,False,False,False,False,True,False
1293,002826,易明医药,C 制造业,腾讯前复权日K回退（成交额、换手率已提供）,False,2026-07-29,15.99,15.982,16.610999999999997,True,False,False,True,19.8,-19.242424242424246,False,46.167194098933045,-0.2689085485943039,-0.23653807831726828,-0.06474094055407126,False,True,False,False,,,18.758122990695934,18.467510280497077,19.339348411093646,False,False,2026-07-27,2.0,True,24367.0,34149.8,0.7135327293278437,False,39038900.0,1.32,29.574924242424242,0.5660377358490454,2.3270440251572277,-3.7384865450604843,62.16216216216193,37.83783783783807,False,20.16,False,False,False,False,True,False
1294,002827,高争民爆,C 制造业,腾讯前复权日K回退（成交额、换手率已提供）,False,2026-07-29,28.59,25.851999999999997,24.3815,True,True,True,True,26.21,9.08050362457077,True,65.82594263702265,0.10441560083317825,-0.44981636894568616,1.108463939557729,True,False,False,False,2026-07-14,11.0,31.225828329265493,22.280022214319857,49.11744055915676,False,False,,,False,22737.0,51423.2,0.4421545139158979,False,65006100.0,0.82,79.27573170731708,10.003847633705277,0.0,17.261038082152456,0.0,100.0,True,33.76,False,False,False,False,False,False
1296,002829,星网宇达,C 制造业,腾讯前复权日K回退（成交额、换手率已提供）,False,2026-07-29,20.44,20.404,19.21,True,True,True,False,23.23,-12.010331467929397,False,53.035418986912,0.29284904040323667,0.03402882082851354,0.5176404391494462,True,False,False,False,2026-07-09,14.0,37.838590977892544,37.24031756765434,39.03513779836895,False,False,,,False,166961.0,221257.4,0.7546007500766077,False,343616400.0,11.43,30.062677165354334,-0.1953125,4.833984374999992,6.40291514836023,51.515151515151395,48.484848484848605,False,27.7,False,True,False,False,True,False
1297,002830,名雕股份,E 建筑业,腾讯前复权日K回退（成交额、换手率已提供）,False,2026-07-29,11.96,11.79,14.1885,True,False,False,True,18.52,-35.421166306695454,False,35.276370351530375,-1.25189095176807,-1.0287526325378546,-0.44627663846043086,False,True,False,False,,,18.437158916087718,17.184704265073343,20.942068218116468,False,False,2026-07-27,2.0,True,38791.0,44977.0,0.8624630366631834,False,46045700.0,4.18,11.015717703349283,0.16750418760469454,3.3500837520938056,-15.70638192902702,29.999999999999776,70.00000000000021,True,18.52,False,True,False,False,True,False
1298,002831,裕同科技,C 制造业,腾讯前复权日K回退（成交额、换手率已提供）,False,2026-07-29,26.26,26.788,28.064000000000004,False,False,False,False,37.15,-29.3135935397039,False,40.875044794828305,-1.2347203578476282,-1.0844751889530142,-0.30049033778922807,False,True,False,False,,,29.157817328959187,31.110798027382227,25.25185593211311,False,False,,,False,97074.0,96968.0,1.0010931441300224,False,252308800.0,1.36,185.52117647058822,1.9805825242718456,5.436893203883489,-6.428164196123154,34.99999999999993,65.00000000000009,False,38.46,False,False,False,False,True,False
1299,002832,比音勒芬,C 制造业,腾讯前复权日K回退（成交额、换手率已提供）,False,2026-07-29,24.28,23.8,21.798,True,True,True,True,26.0,-6.6153846153846105,False,64.7359064586356,0.9321883396606054,0.5979741776572522,0.6684283240067064,True,False,False,False,2026-07-15,10.0,88.37450225080833,90.81160576021556,83.50029523199387,False,True,,,False,346259.0,165080.0,2.097522413375333,True,875002300.0,8.89,98.42545556805399,-4.2209072978303785,12.22879684418145,11.386365721625852,57.09677419354841,15.48387096774196,False,26.0,False,False,False,False,False,False
1300,002833,弘亚数控,C 制造业,腾讯前复权日K回退（成交额、换手率已提供）,False,2026-07-29,18.14,16.714,16.908499999999997,True,True,False,True,19.49,-6.926629040533597,False,58.51381787913289,-0.34436304154857567,-0.49843977272214846,0.3081534623471456,True,False,False,False,2026-07-28,1.0,21.791387888797477,14.26092814194414,36.85230738250415,False,False,2026-07-24,3.0,True,129467.0,46521.8,2.7829318727994186,True,225614100.0,4.42,51.04391402714933,10.006064281382665,10.491206791995152,7.2833190407191895,0.0,100.0,True,21.92,False,False,False,False,True,True
1301,002835,同为股份,C 制造业,腾讯前复权日K回退（成交额、换手率已提供）,False,2026-07-29,11.57,11.226,11.4155,True,True,False,True,12.49,-7.365892714171336,False,48.99012880577287,-0.27086255424711503,-0.3461629167037653,0.15060072491330057,True,False,False,False,2026-07-01,20.0,8.383516156655183,6.845820598512934,11.458907272939681,True,False,2026-07-29,0.0,True,24986.0,28976.0,0.8622998343456654,False,28832900.0,1.96,14.710663265306122,2.661934338952987,3.016858917480034,1.3534229775305553,32.35294117647044,67.64705882352956,False,15.58,False,False,False,False,False,False
1302,002836,新宏泽,C 制造业,腾讯前复权日K回退（成交额、换手率已提供）,False,2026-07-29,8.71,8.508,8.936,True,False,False,True,10.06,-13.419483101391647,False,41.316989580734344,-0.45597648313624894,-0.5064343676939582,0.10091576911541855,True,False,False,False,2026-07-27,2.0,10.742365508793625,8.64103590178572,14.945024722809436,False,False,2026-07-23,4.0,True,20022.0,30659.4,0.6530460478678644,False,17439700.0,0.87,20.045632183908044,1.7523364485981352,2.9205607476635516,-2.5290957923007955,43.99999999999977,56.00000000000023,False,13.46,False,False,False,False,True,False
1303,002837,英维克,C 制造业,腾讯前复权日K回退（成交额、换手率已提供）,False,2026-07-29,52.39,57.718,65.42699999999999,False,False,False,False,80.49,-34.911169089327856,False,33.47764453760391,-4.790959375576385,-3.596706583720978,-2.3885055837108142,False,True,False,False,,,14.273326472288153,17.83761857987876,7.144742257106934,False,False,,,False,389842.0,403075.8,0.9671679619565352,False,2035907700.0,3.45,590.1181739130434,-4.970070741882826,6.457464175584985,-19.926024424167384,9.550561797752898,45.22471910112355,False,89.69,False,False,False,False,False,False
1304,002838,道恩股份,C 制造业,腾讯前复权日K回退（成交额、换手率已提供）,False,2026-07-29,25.89,26.410000000000004,30.0965,False,False,False,False,35.99,-28.063350930814117,False,36.73373005209204,-1.8550995880967882,-1.379912379114505,-0.9503744179645666,False,True,False,False,,,22.963321317550296,28.382409590719856,12.125144771211176,False,False,,,False,80009.0,54127.2,1.478166245436675,False,203362400.00000003,1.9,107.03284210526317,1.2118842845973532,7.388584831899925,-13.976708255112715,29.629629629629555,70.37037037037045,True,38.21,False,False,False,False,True,False
1305,002839,张家港行,J 金融业,腾讯前复权日K回退（成交额、换手率已提供）,False,2026-07-29,4.49,4.384,4.2505,True,True,True,True,4.45,0.8988764044943828,True,68.16957929380868,0.06611757405435892,0.04093427091746004,0.05036660627379776,True,False,False,False,2026-07-06,17.0,67.34698403120355,61.31849340707566,79.40396527945934,False,False,,,False,390476.0,264745.4,1.4749113676762655,False,174918000.0,1.6,109.32375,2.0454545454545503,2.7272727272727093,5.634631219856499,24.99999999999963,75.00000000000037,True,4.52,True,False,False,False,False,False
1306,002840,华统股份,C 制造业,腾讯前复权日K回退（成交额、换手率已提供）,False,2026-07-29,7.52,7.337999999999999,7.642,True,False,False,True,8.38,-10.262529832935574,False,45.97703510601575,-0.2361025437501576,-0.2632412067016504,0.05427732590298562,True,False,False,False,,,6.173014547590459,6.010539572315877,6.497964498139625,True,False,2026-07-29,0.0,True,157210.0,184399.2,0.8525525056507837,False,117290200.0,1.97,59.538172588832495,2.1739130434782483,3.2608695652173822,-1.596440722324009,16.66666666666673,83.33333333333327,True,13.3,False,False,False,False,False,False
1307,002841,视源股份,C 制造业,腾讯前复权日K回退（成交额、换手率已提供）,False,2026-07-29,44.62,45.23,46.172,False,False,False,False,55.98,-20.292961772061453,False,52.4561009268296,1.8278290449870696,2.576395097814977,-1.4971321056558153,False,True,False,False,,,56.98600243779756,60.86919598458024,49.219615344232196,False,False,,,False,117602.0,163881.4,0.7176043162921479,False,521452300.00000006,2.26,230.7311061946903,0.42763898266935385,3.7587215845149715,-3.361344537815125,46.706586826347326,53.293413173652674,False,55.98,False,True,False,False,True,False
1308,002842,翔鹭钨业,C 制造业,腾讯前复权日K回退（成交额、换手率已提供）,False,2026-07-29,30.29,30.904000000000003,35.242000000000004,False,False,False,False,50.17,-39.62527406816823,False,38.06969188052495,-2.8845778022942667,-2.3862114961168084,-0.9967326123549167,False,True,False,False,,,15.37869748543209,16.507890210433743,13.120312035428782,False,False,,,False,229763.0,246823.6,0.9308793810640473,False,687359299.9999999,8.56,80.29898364485979,-0.5581089954038165,5.58108995403808,-14.051415924181388,20.0,69.9999999999999,False,54.44,False,True,False,False,False,False
1309,002843,泰嘉股份,C 制造业,腾讯前复权日K回退（成交额、换手率已提供）,False,2026-07-29,15.84,16.78,20.0235,False,False,False,False,24.89,-36.35998392928887,False,29.172411740758463,-1.6128391079747146,-1.239963721132841,-0.7457507736837474,False,True,False,False,,,10.870215826049792,13.09244426803216,6.425758942085054,False,False,,,False,113500.0,116130.0,0.9773529665030569,False,179781400.0,4.54,39.59942731277533,-3.3557046979865834,6.223306894447821,-20.89295078283017,9.803921568627263,36.274509803921575,False,29.93,False,False,False,False,False,False
1310,002845,同兴达,C 制造业,腾讯前复权日K回退（成交额、换手率已提供）,False,2026-07-29,12.23,12.033999999999999,13.885,True,False,False,True,17.5,-30.11428571428571,False,35.27785737433945,-0.9482049668128312,-0.7491469908761569,-0.3981159518733486,False,True,False,False,,,14.111202613211558,15.450835396753162,11.43193704612835,False,False,,,False,98943.0,91978.4,1.07571995164082,False,119212800.0,3.95,30.180455696202532,1.6625103906899419,3.9068994181213688,-11.919337414476049,4.255319148936073,95.74468085106392,True,17.5,False,False,False,False,True,False
1311,002846,英联股份,C 制造业,腾讯前复权日K回退（成交额、换手率已提供）,False,2026-07-29,9.76,9.466,9.7655,True,False,False,True,10.96,-10.94890510948906,False,43.23674253299325,-0.5431858313231164,-0.6549790594270161,0.22358645620779938,True,False,False,False,2026-07-23,4.0,8.236508046695128,6.269120696283076,12.171282747519234,False,False,2026-07-23,4.0,True,57667.0,48908.0,1.1790913551975137,False,55987200.0,2.22,25.219459459459458,1.9853709508881767,3.761755485893411,-0.05632072090522366,27.77777777777772,72.22222222222227,True,16.1,False,False,False,False,True,False
1312,002847,盐津铺子,C 制造业,腾讯前复权日K回退（成交额、换手率已提供）,False,2026-07-29,52.49,48.559999999999995,47.351,True,True,True,True,51.4,2.120622568093392,True,61.87720475924636,0.06922844378215842,-0.6553353619141897,1.4491276113926963,True,False,False,False,2026-07-03,18.0,36.363095469267854,28.11605229965045,52.85718180850267,False,False,,,False,108912.0,33873.0,3.2153042246036665,True,571769300.0,4.47,127.91259507829979,2.9417532849578265,5.353990978623267,10.852991489092107,49.45054945054943,50.54945054945057,False,60.87,False,False,False,False,True,True
1313,002848,高斯贝尔,C 制造业,腾讯前复权日K回退（成交额、换手率已提供）,False,2026-07-29,12.23,12.084,13.029000000000002,True,False,False,False,15.07,-18.845388188453878,False,38.95524255373299,-0.5899516872376882,-0.5292349251370242,-0.12143352420132802,False,True,False,False,,,6.541043817865841,9.16025451183003,1.3026224299374647,False,False,,,False,75533.0,40433.0,1.8681027873271832,True,90241600.0,4.57,19.74652078774617,4.351535836177467,5.716723549488053,-6.132473712487537,16.417910447761113,83.5820895522389,True,17.92,False,False,False,False,True,False
1314,002849,威星智能,C 制造业,腾讯前复权日K回退（成交额、换手率已提供）,False,2026-07-29,14.0,13.626,14.520500000000002,True,False,False,True,17.5,-20.0,False,42.78685925139431,-0.7559203595199886,-0.7676869999022645,0.023533280764551856,True,False,True,False,,,20.793537959343443,17.340255487040295,27.70010290394974,False,False,2026-07-21,6.0,True,41543.0,36810.8,1.1285546633053343,False,57789000.0,1.9,30.41526315789474,2.941176470588247,4.70588235294118,-3.5845873075996133,21.87500000000007,78.12499999999993,True,19.74,False,False,False,False,True,False
1315,002850,科达利,C 制造业,腾讯前复权日K回退（成交额、换手率已提供）,False,2026-07-29,174.24,177.27,191.1455,False,False,False,False,237.77,-26.719098288261765,False,42.97802647040147,-4.955385969801881,-2.967907442094485,-3.9749570554147926,False,True,False,False,,,36.22900670187018,39.126637934824,30.43374423596255,False,False,,,False,40827.0,58351.4,0.6996747293124073,False,709962600.0,1.95,364.0833846153846,1.3023255813953583,4.470930232558138,-8.84430970124852,43.0429128738622,56.95708712613779,False,237.77,False,False,False,False,True,False
1316,002851,麦格米特,C 制造业,腾讯前复权日K回退（成交额、换手率已提供）,False,2026-07-29,107.52,121.152,142.2615,False,False,False,False,176.5,-39.082152974504254,False,34.6566731891495,-9.420940103095688,-4.99186974911179,-8.858140707967797,False,True,False,False,,,27.27794261805018,35.70548361078267,10.422860632585198,False,False,,,False,385700.0,244862.2,1.5751716679830532,False,4126988400.0000005,8.36,493.6588995215312,-8.548099004848176,6.285617079186869,-24.420872829261615,23.27469553450607,23.139377537212365,False,189.95,False,False,False,False,False,False
1317,002852,道道全,C 制造业,腾讯前复权日K回退（成交额、换手率已提供）,False,2026-07-29,7.59,7.3740000000000006,7.4405,True,True,False,True,7.97,-4.767879548306147,False,52.3484424071559,-0.07610680712717244,-0.10709352640265538,0.061973438550965876,True,False,False,False,2026-07-27,2.0,9.823530383746144,7.916270411583777,13.638050328070877,False,False,2026-07-28,1.0,True,35195.0,31801.4,1.106712283107033,False,26807900.0,1.23,21.795040650406502,1.4705882352941124,2.941176470588232,2.0092735703245714,50.0000000000002,49.9999999999998,False,9.28,False,False,False,False,True,False
1318,002853,皮阿诺,C 制造业,腾讯前复权日K回退（成交额、换手率已提供）,False,2026-07-29,19.4,19.46,20.657999999999998,False,False,False,True,24.6,-21.13821138211383,False,39.91488381026285,-0.8233345182409728,-0.7637676665796271,-0.11913370332269135,False,True,False,False,,,15.894357814972267,15.977945174041139,15.727183096834523,False,True,,,False,15310.0,18602.8,0.8229943879416002,False,29964400.0,1.19,25.18016806722689,-1.6227180527383367,3.0425963488843886,-6.089650498596182,28.33333333333355,14.999999999999941,False,30.49,False,True,True,False,False,False
1319,002855,捷荣技术,C 制造业,腾讯前复权日K回退（成交额、换手率已提供）,False,2026-07-29,9.54,9.014,9.072,True,True,False,True,9.82,-2.851323828920582,False,52.19763779195296,-0.3221804582629364,-0.44884595687346046,0.2533309972210481,True,False,False,False,2026-07-10,13.0,19.050911244548292,13.895239264329556,29.362255204985768,False,False,2026-07-21,6.0,True,57643.0,37118.6,1.5529411130807735,False,54437299.99999999,2.34,23.263803418803416,3.9215686274509665,5.555555555555554,5.158730158730159,15.68627450980394,84.31372549019606,True,13.4,False,False,False,False,True,False
1320,002856,*ST美芝,E 建筑业,腾讯前复权日K回退（成交额、换手率已提供）,False,2026-07-29,14.58,13.868,15.429000000000002,True,False,False,True,21.43,-31.964535697620157,False,43.89509345034537,-1.5447696823408243,-1.6591760934941788,0.22881282230670896,True,False,True,False,,,19.696332470163316,18.08774390389912,22.91350960269171,False,False,2026-07-28,1.0,True,69419.0,71499.0,0.9709086840375389,False,97970000.0,5.6,17.494642857142857,4.142857142857137,9.071428571428568,-5.502624927085371,7.086614173228338,92.91338582677167,True,28.34,False,True,False,False,False,False
1321,002857,三晖电气,C 制造业,腾讯前复权日K回退（成交额、换手率已提供）,False,2026-07-29,15.5,14.718,15.347000000000003,True,True,False,True,19.1,-18.84816753926702,False,47.837462359433935,-0.7569896265037919,-0.8861375751481834,0.258295897288783,True,False,False,False,2026-07-27,2.0,9.302286704850735,6.560090306440283,14.786679501671637,False,False,2026-07-27,2.0,True,43067.0,37350.0,1.1530655957161982,False,65335000.0,3.35,19.502985074626867,6.6758430832759785,6.469373709566412,0.9969375122173512,1.0638297872340206,98.93617021276599,True,23.48,False,True,True,False,False,False
1322,002858,力盛体育,R 文化传播,腾讯前复权日K回退（成交额、换手率已提供）,False,2026-07-29,10.88,10.516,10.5835,True,True,False,True,11.45,-4.978165938864616,False,48.77519740190651,-0.3802917795668037,-0.5073494480750732,0.254115337016539,True,False,False,False,2026-07-03,18.0,10.504963931612009,8.456291258440318,14.602309277955388,False,False,2026-07-23,4.0,True,63422.0,76046.8,0.8339864399290963,False,68895800.0,4.3,16.022279069767443,2.835538752362954,4.820415879017012,2.8015306845561483,37.25490196078423,62.74509803921576,False,17.45,False,False,False,False,False,False
1323,002859,洁美科技,C 制造业,腾讯前复权日K回退（成交额、换手率已提供）,False,2026-07-29,59.59,60.36800000000001,72.049,False,False,False,False,115.91,-48.58942282805624,False,38.014257229631404,-6.934043473165147,-5.400495433813018,-3.0670960787042585,False,True,False,False,,,29.226236289634837,31.246614345026106,25.185480178852295,False,False,,,False,215902.0,164646.8,1.3113039548901042,False,1270141800.0,5.04,252.01226190476189,1.5680927220044438,8.419976137719445,-17.292398228983057,30.971659919028234,69.02834008097176,False,115.91,False,False,False,False,True,False
1324,002860,星帅尔,C 制造业,腾讯前复权日K回退（成交额、换手率已提供）,False,2026-07-29,19.33,18.454,16.8725,True,True,True,True,19.88,-2.7665995975855164,False,70.94699579307468,1.0964718121907033,0.8515218010782604,0.48990002222488593,True,False,False,False,2026-07-24,3.0,92.75723919440061,89.51502407996351,99.24166942327483,False,False,,,False,352678.0,320367.4,1.100854831047104,False,665216400.0,10.25,64.89916097560976,-2.225594334850789,7.587253414264036,14.565120758630906,23.333333333333428,76.66666666666657,True,19.88,False,True,False,False,True,False
1325,002861,瀛通通讯,C 制造业,腾讯前复权日K回退（成交额、换手率已提供）,False,2026-07-29,14.49,14.942000000000002,18.329500000000003,False,False,False,False,23.7,-38.860759493670884,False,26.237026206211937,-1.4656742606667201,-0.9670940349323152,-0.9971604514688099,False,True,False,False,,,9.641340139507518,15.53957871939776,-2.155137020272967,False,False,,,False,78047.0,81936.6,0.9525291505871613,False,113124800.0,5.2,21.754769230769227,-0.5490734385724116,5.216197666437885,-20.947107122398332,26.315789473684358,46.052631578947334,False,23.7,False,False,False,False,False,False
1326,002862,实丰文化,C 制造业,腾讯前复权日K回退（成交额、换手率已提供）,False,2026-07-29,12.88,12.312000000000001,12.555499999999999,True,True,False,True,13.51,-4.663212435233153,False,48.51670546302547,-0.507291718588057,-0.6581743448911546,0.30176525260619513,True,False,False,False,2026-07-06,17.0,13.279423495782268,10.11431929253111,19.609631902284583,False,False,2026-07-22,5.0,True,33382.0,29504.2,1.131432135085852,False,42583200.0,2.6,16.378153846153847,3.0399999999999983,3.679999999999992,2.5845247102863467,8.695652173912876,91.30434782608712,True,19.67,False,False,False,False,False,False
1327,002863,今飞凯达,C 制造业,腾讯前复权日K回退（成交额、换手率已提供）,False,2026-07-29,4.3,4.192,4.2585,True,True,False,True,4.57,-5.908096280087538,False,47.899448511813944,-0.11488717567952378,-0.1439774345743931,0.05818051778973865,True,False,False,False,2026-07-03,18.0,11.477458950574954,8.860436514120922,16.711503823483017,False,False,2026-07-27,2.0,True,100731.0,105636.6,0.9535615496901642,False,43085400.0,1.68,25.646071428571428,1.8957345971563955,3.0805687203791448,0.9745215451450063,23.076923076923286,76.92307692307672,True,5.76,False,False,False,False,False,False
1328,002864,盘龙药业,C 制造业,腾讯前复权日K回退（成交额、换手率已提供）,False,2026-07-29,20.65,20.733999999999998,21.759,False,False,False,False,25.19,-18.023025009924584,False,44.83634354744949,-0.15958472653264977,0.05236444500275683,-0.4238983430708132,False,True,False,False,,,26.048410114297553,30.884575663021167,16.376079016850326,False,False,,,False,27659.0,39623.0,0.6980541604623577,False,57180900.0,2.81,20.349074733096085,0.14548981571289588,1.8428709990300631,-5.096741578197536,44.73684210526279,39.473684210526045,False,25.19,False,True,False,False,False,False
1329,002865,钧达股份,C 制造业,腾讯前复权日K回退（成交额、换手率已提供）,False,2026-07-29,41.5,42.128,47.363,False,False,False,False,61.99,-33.05371834166802,False,30.896652961023648,-5.906498969644105,-6.3383743566661455,0.8637507740440817,True,False,False,False,2026-07-27,2.0,6.021096323026725,5.588893109857639,6.885502749364898,False,False,2026-07-21,6.0,True,78517.0,85289.8,0.9205907388691261,False,323502900.0,3.51,92.16606837606838,-0.8363201911589013,4.68339307048983,-12.378861136330045,24.489795918367268,66.32653061224497,False,110.63,False,True,False,False,False,False
1330,002866,传艺科技,C 制造业,腾讯前复权日K回退（成交额、换手率已提供）,False,2026-07-29,14.61,14.156,14.5125,True,True,False,True,16.69,-12.462552426602766,False,44.29904603262844,-0.8416593614594152,-1.0477434409001605,0.4121681588814905,True,False,False,False,2026-07-20,7.0,6.036667723189168,5.706029728828597,6.697943711910309,True,False,2026-07-29,0.0,True,136470.0,168257.6,0.8110777759815901,False,197037599.99999997,7.53,26.167011952191228,3.177966101694918,5.084745762711869,0.6718346253229984,8.333333333333396,91.6666666666666,True,30.0,False,False,False,False,True,False
1331,002867,周大生,F 批发零售,腾讯前复权日K回退（成交额、换手率已提供）,False,2026-07-29,12.45,12.27,11.815,True,True,True,True,12.7,-1.968503937007874,False,66.34576416322525,0.26654694234992604,0.2032822409715003,0.12652940275685148,True,False,False,False,2026-07-03,18.0,64.44648313840581,61.40474509370313,70.52995922781116,False,False,,,False,88246.0,73562.4,1.1996074081324155,False,109530800.0,0.82,133.5741463414634,1.549755301794442,2.4469820554649324,5.3745239102835365,16.666666666666863,83.33333333333314,True,13.32,False,False,False,False,True,False
1332,002868,绿康生化,C 制造业,腾讯前复权日K回退（成交额、换手率已提供）,False,2026-07-29,22.2,22.574,23.5365,False,False,False,True,27.5,-19.272727272727273,False,39.47618419249383,-1.0661883294449872,-1.2023362301744065,0.2722958014588386,True,False,False,False,,,6.981944708626288,7.057817294328153,6.830199537222558,False,True,,,False,14769.0,16638.4,0.8876454466775651,False,32803500.0,1.38,23.770652173913046,-1.5084294587400127,3.504880212954743,-5.678414377668731,16.455696202531538,41.77215189873401,False,44.62,False,False,False,False,False,False
1333,002869,金溢科技,C 制造业,腾讯前复权日K回退（成交额、换手率已提供）,False,2026-07-29,15.67,14.652000000000001,14.873500000000002,True,True,False,True,16.97,-7.660577489687678,False,51.25041212791559,-0.7074575225049173,-0.9675226034499421,0.5201301618900496,True,False,False,False,2026-07-27,2.0,12.811671446240487,8.269519210179425,21.89597591836261,False,False,2026-07-23,4.0,True,76660.0,36895.2,2.0777770550098658,True,117289700.0,4.87,24.084127310061604,-0.6341154090044321,4.819277108433734,5.35516186506201,0.0,88.15789473684212,True,21.4,False,False,False,False,False,True
1334,002870,香山股份,C 制造业,腾讯前复权日K回退（成交额、换手率已提供）,False,2026-07-29,38.59,39.166000000000004,38.8255,False,False,True,False,42.98,-10.214053047929255,False,47.917590818085,-0.11060666874766412,-0.18204060689728707,0.1428678762992459,True,False,False,False,2026-07-22,5.0,43.68504121120315,44.038230541806065,42.97866254999731,False,True,,,False,17827.0,46183.8,0.38600115191907114,False,69081600.0,1.37,50.42452554744525,-0.9751090582499233,2.591737233769561,-0.6065601215695734,45.54455445544572,23.762376237624004,False,44.79,False,False,False,False,False,False
1335,002871,伟隆股份,C 制造业,腾讯前复权日K回退（成交额、换手率已提供）,False,2026-07-29,15.63,15.596,17.935000000000002,True,False,False,True,23.76,-34.217171717171716,False,34.84931507566017,-1.381167004348999,-1.1818126750170603,-0.3987086586638773,False,True,False,False,,,17.833216355567473,18.484869375099603,16.529910316503212,False,False,,,False,29943.0,31766.4,0.9425997280145059,False,46257400.0,2.01,23.013631840796023,-0.8248730964466988,4.378172588832484,-12.851965430722059,7.2463768115943115,72.46376811594209,True,23.76,False,False,False,False,False,False
1336,002872,ST天圣,C 制造业,腾讯前复权日K回退（成交额、换手率已提供）,False,2026-07-29,4.93,4.816,4.835,True,True,False,True,5.11,-3.522504892367918,False,53.15064279609636,-0.034005518549944824,-0.05995465035460378,0.051898263609317916,True,False,False,False,2026-07-27,2.0,39.54165419442563,35.67258402643075,47.2797945304154,False,False,,,False,17086.0,20324.6,0.8406561506745521,False,8435900.0,0.8,10.544875,0.6122448979591688,2.2448979591836618,1.9648397104446693,36.36363636363658,63.63636363636341,False,5.65,False,True,False,False,True,False
1337,002873,新天药业,C 制造业,腾讯前复权日K回退（成交额、换手率已提供）,False,2026-07-29,7.63,7.459999999999999,7.6720000000000015,True,False,False,True,8.51,-10.340775558166863,False,47.74835077038883,-0.1505199292448749,-0.16438802819707482,0.02773619790439985,True,False,False,False,2026-07-28,1.0,8.122096666687478,8.023917441661238,8.318455116739958,True,False,2026-07-29,0.0,True,64109.0,82739.0,0.7748341169218869,False,48920800.0,2.67,18.32239700374532,1.059602649006619,2.7814569536423956,-0.5474452554744732,47.61904761904768,52.380952380952316,False,10.17,False,False,False,False,True,False
1338,002875,安奈儿,C 制造业,腾讯前复权日K回退（成交额、换手率已提供）,False,2026-07-29,12.28,11.76,12.6625,True,False,False,True,15.74,-21.982210927573067,False,38.067016768815876,-1.265557062120049,-1.4672242299898905,0.40333433573968325,True,False,False,False,2026-07-24,3.0,7.8958945712493005,5.903360144952184,11.880963423843534,False,False,2026-07-21,6.0,True,50384.0,49433.6,1.0192257897462456,False,61274100.0,2.37,25.85405063291139,1.9087136929460513,4.9792531120331915,-3.0207305034550864,36.6666666666668,63.33333333333321,False,26.8,False,False,False,False,False,False
1339,002876,三利谱,C 制造业,腾讯前复权日K回退（成交额、换手率已提供）,False,2026-07-29,27.11,26.284000000000002,28.2745,True,False,False,True,35.27,-23.135809469804375,False,42.91512452734432,-1.4321994458080205,-1.3550534445534468,-0.15429200250914743,False,True,False,False,,,27.66376375762775,25.70352150181691,31.58424826924943,False,False,,,False,47744.0,40746.8,1.1717239145159863,False,127818600.0,3.21,39.8188785046729,2.109227871939723,7.495291902071558,-4.118552052202515,17.0854271356784,82.9145728643216,True,35.54,False,False,False,False,False,False
1340,002877,智能自控,C 制造业,腾讯前复权日K回退（成交额、换手率已提供）,False,2026-07-29,6.89,6.75,6.919,True,False,False,True,7.49,-8.010680907877177,False,45.12833513740195,-0.2246361173349456,-0.2657844001244983,0.08229656557910536,True,False,False,False,2026-07-23,4.0,12.555428672740069,9.587905178809095,18.490475660602016,False,False,2026-07-23,4.0,True,41032.0,48942.4,0.8383732714374448,False,28195400.0,1.71,16.48853801169591,1.4727540500736325,2.356406480117822,-0.41913571325335913,31.250000000000416,68.74999999999959,False,9.48,False,False,False,False,True,False
1341,002878,元隆雅图,L 商务服务,腾讯前复权日K回退（成交额、换手率已提供）,False,2026-07-29,11.76,11.362,11.342,True,True,True,True,12.32,-4.545454545454549,False,48.489139211747315,-0.44156900689231726,-0.6340486462634639,0.3849592787422933,True,False,False,False,2026-07-03,18.0,7.651716027597343,5.9813983107928905,10.992351461206248,False,False,2026-07-28,1.0,True,68935.0,60048.0,1.147998268052225,False,80897200.0,2.92,27.704520547945204,1.6421780466724156,2.9386343993085555,3.685417034032792,32.35294117647044,67.64705882352956,False,20.5,False,False,False,False,True,False
1342,002879,长缆科技,C 制造业,腾讯前复权日K回退（成交额、换手率已提供）,False,2026-07-29,17.93,18.229999999999997,14.449000000000002,False,True,True,True,20.86,-14.046021093000958,False,65.1320999813318,0.9845212777574712,0.22204569067664476,1.5249511741616528,True,False,False,False,2026-07-01,20.0,53.70084036686336,42.32379227433724,76.45493655191561,False,False,2026-07-21,6.0,True,400665.0,363712.6,1.1015978000212256,False,718429900.0,29.22,24.58692334017796,-5.132275132275121,10.529100529100521,24.091632638936936,53.76884422110558,46.23115577889442,False,20.86,False,True,False,False,True,True
1343,002880,卫光生物,C 制造业,腾讯前复权日K回退（成交额、换手率已提供）,False,2026-07-29,19.68,19.29,20.628999999999998,True,False,False,False,22.56,-12.765957446808507,False,40.6552970390471,-0.7649919168937878,-0.7032434630906028,-0.12349690760636989,False,True,False,False,,,6.9928611959419165,6.9848888042628445,7.00880597930006,True,False,2026-07-29,0.0,True,13716.0,15975.8,0.8585485546889671,False,26921800.0,0.6,44.86966666666667,2.2869022869022926,3.222453222453228,-4.600319937951419,19.354838709677548,80.64516129032245,True,26.99,False,False,False,False,False,False
1344,002881,美格智能,C 制造业,腾讯前复权日K回退（成交额、换手率已提供）,False,2026-07-29,37.7,38.46,38.2125,False,False,True,False,43.86,-14.044687642498852,False,46.48286024086521,-0.25757054459830897,-0.3357398253571717,0.1563385615177254,True,False,False,False,2026-07-16,9.0,28.55421710774804,32.41846922029042,20.825712882663282,False,False,,,False,77731.0,130438.0,0.5959229672334749,False,290248400.0,4.27,67.97386416861828,0.9641135511515797,4.820567755757892,-1.3411841674844507,33.33333333333307,66.66666666666693,False,49.89,False,True,False,False,True,False
1345,002882,金龙羽,C 制造业,腾讯前复权日K回退（成交额、换手率已提供）,False,2026-07-29,19.65,17.904,17.7035,True,True,True,True,19.94,-1.454363089267817,False,58.443471900331716,-0.6264484176327656,-1.0062821022423463,0.7596673692191613,True,False,False,False,2026-07-21,6.0,13.105339176874095,8.280047669162894,22.755922192296495,False,False,,,False,75739.0,46811.2,1.6179674949584715,False,143125000.0,3.07,46.62052117263843,10.022396416573343,10.918253079507275,10.995000988505101,0.0,100.0,True,27.47,False,False,False,False,False,True
1346,002883,*ST中设,M 科研服务,腾讯前复权日K回退（成交额、换手率已提供）,False,2026-07-29,8.51,8.419999999999998,8.494499999999999,True,True,False,True,9.15,-6.994535519125689,False,48.591915841552996,-0.12883938415114216,-0.15983947685346556,0.0620001854046468,True,False,False,False,2026-07-24,3.0,16.476104089992848,14.376508390356852,20.675295489264844,False,False,2026-07-27,2.0,True,6358.0,13179.6,0.4824122128137424,False,5389200.0,0.41,13.144390243902441,1.4302741358760418,1.6686531585220357,0.18247101065396648,14.285714285714105,85.7142857142859,True,10.43,False,True,False,False,False,False
1347,002884,凌霄泵业,C 制造业,腾讯前复权日K回退（成交额、换手率已提供）,False,2026-07-29,16.47,16.247999999999998,16.051,True,True,True,True,16.58,-0.6634499396863658,False,59.84435374134079,0.06732569888917439,-0.005127210263742061,0.1449058183058329,True,False,False,False,2026-07-02,19.0,40.91431275132797,37.303683350084356,48.1355715538152,False,False,,,False,21374.0,19058.0,1.1215237695455977,False,35146200.0,0.78,45.059230769230766,0.9191176470588092,1.531862745098039,2.610429256744131,12.000000000000455,87.99999999999955,True,18.18,False,False,False,False,False,False
1348,002885,京泉华,C 制造业,腾讯前复权日K回退（成交额、换手率已提供）,False,2026-07-29,24.38,25.16,30.405999999999995,False,False,False,False,44.95,-45.76195773081202,False,30.576939796802293,-4.052908851259019,-3.7672376057035573,-0.571342491110924,False,True,False,False,,,10.84412293069787,12.644412103347276,7.243544585399054,False,False,,,False,167748.0,142028.2,1.1810893892902958,False,407438100.0,7.07,57.6291513437058,0.8271298593879317,8.560794044665014,-19.818456883509825,48.79227053140103,51.20772946859896,False,55.77,False,False,False,False,True,False
1349,002886,沃特股份,C 制造业,腾讯前复权日K回退（成交额、换手率已提供）,False,2026-07-29,17.63,17.741999999999997,20.803,False,False,False,True,29.33,-39.890896692806,False,30.665891169703997,-2.585511506663657,-2.4877021725237287,-0.19561866827985686,False,True,False,False,,,11.08869045111465,10.685430493997456,11.895210365349033,False,False,2026-07-27,2.0,True,92972.0,87809.6,1.0587908383593592,False,161777600.0,4.45,36.35451685393258,-0.5079006772009009,4.1196388261851045,-15.252607796952372,21.917808219178088,78.0821917808219,True,34.75,False,True,False,False,True,False
1350,002887,绿茵生态,N 公共环保,腾讯前复权日K回退（成交额、换手率已提供）,False,2026-07-29,9.68,9.684,10.028,False,False,False,True,11.08,-12.635379061371843,False,41.09654181563277,-0.4470204479144435,-0.5004076212842976,0.1067743467397082,True,False,False,False,2026-07-21,6.0,11.955696059540763,11.685992950787947,12.495102277046396,False,False,2026-07-21,6.0,True,37244.0,37886.8,0.9830336687183926,False,35752500.0,1.71,20.907894736842106,1.680672268907557,3.886554621848731,-3.4702832070203504,27.02702702702699,72.97297297297301,True,15.7,False,False,False,False,True,False
1351,002888,惠威科技,C 制造业,腾讯前复权日K回退（成交额、换手率已提供）,False,2026-07-29,15.9,15.460000000000003,17.052500000000002,True,False,False,True,22.15,-28.21670428893905,False,39.62409130734836,-1.2909363980634545,-1.2773153317767645,-0.02724213257338004,False,True,False,False,,,16.709335889653012,13.1440595827829,23.839888503393237,False,False,2026-07-23,4.0,True,29844.0,39268.0,0.7600081491290618,False,46852299.99999999,3.98,11.771934673366832,1.0807374443738027,4.640813731722825,-6.758539803547876,20.54794520547949,79.4520547945205,True,25.61,False,False,False,False,False,False
1352,002889,东方嘉盛,L 商务服务,腾讯前复权日K回退（成交额、换手率已提供）,False,2026-07-29,12.78,11.681999999999999,11.532,True,True,True,True,12.35,3.4817813765182164,True,67.92131515438697,0.12489520806085608,-0.008805090975873467,0.26740059807345906,True,False,False,False,2026-07-28,1.0,47.81254223895206,37.71575157641498,68.00612356402623,False,False,,,False,252488.0,27972.0,9.026455026455027,False,330634400.0,10.05,32.89894527363184,3.565640194489461,8.833063209076174,10.822060353798122,61.46788990825688,27.52293577981642,False,14.11,False,False,False,False,False,True
1353,002890,弘宇股份,C 制造业,腾讯前复权日K回退（成交额、换手率已提供）,False,2026-07-29,13.41,12.876,13.683999999999997,True,False,False,True,16.23,-17.375231053604438,False,47.2535511885377,-0.5287744692995258,-0.5787531051500926,0.09995727170113367,True,False,True,False,,,23.88096867924339,18.956330736554836,33.7302445646205,False,False,2026-07-27,2.0,True,25727.0,22085.0,1.1649083088068826,False,35217300.0,1.59,22.149245283018864,-0.8869179600886845,6.060606060606063,-2.0023384975153276,75.60975609756107,9.756097560975615,False,17.79,False,False,False,False,False,False
1354,002891,中宠股份,C 制造业,腾讯前复权日K回退（成交额、换手率已提供）,False,2026-07-29,31.6,30.198,28.54,True,True,True,True,31.75,-0.47244094488188526,False,61.48113900856352,0.6567797246814777,0.2086830852834849,0.8961932787959856,True,False,False,False,,,30.193701384514927,25.43541170212535,39.710280749294085,False,False,2026-07-15,10.0,True,196348.0,147152.6,1.334315533670489,False,624903900.0,6.1,102.44326229508198,-0.28400126222782873,4.2600189334174745,10.721793973370715,57.03703703703683,42.96296296296317,False,34.73,False,False,False,False,True,False
1355,002892,科力尔,C 制造业,腾讯前复权日K回退（成交额、换手率已提供）,False,2026-07-29,9.33,9.072,9.185,True,True,False,True,10.1,-7.62376237623762,False,49.47219530994478,-0.20663996337235346,-0.2708813833519466,0.1284828399591863,True,False,False,False,2026-07-06,17.0,14.535757813097936,12.803651104606127,17.999971230081552,True,False,2026-07-29,0.0,True,92948.0,64617.4,1.4384360868744333,False,86138300.0,1.85,46.56124324324324,2.5274725274725407,2.857142857142855,1.5786608600979812,3.846153846153767,96.15384615384623,True,12.33,False,False,False,False,False,False
1356,002893,京能热力,D 水电煤气,腾讯前复权日K回退（成交额、换手率已提供）,False,2026-07-29,9.54,9.434000000000001,9.4185,True,True,True,True,9.97,-4.312938816449362,False,47.98349102714569,-0.17320356459762465,-0.2361257877971047,0.12584444639896009,True,False,False,False,2026-07-09,14.0,11.4568258276164,10.966253099744298,12.437971283360607,True,False,2026-07-29,0.0,True,63978.0,61009.0,1.0486649510727926,False,60796800.0,3.16,19.239493670886077,1.705756929637503,2.345415778251606,1.2900143334925867,18.18181818181855,81.81818181818144,True,12.99,False,False,False,False,False,False
1357,002895,川恒股份,C 制造业,腾讯前复权日K回退（成交额、换手率已提供）,False,2026-07-29,35.16,34.452,31.532,True,True,True,True,35.5,-0.957746478873249,False,65.54397803090593,0.9407976126571214,0.3284979790217668,1.2245992672707091,True,False,False,False,2026-07-15,10.0,54.576790798662415,44.26013958667485,75.21009322263754,False,False,2026-07-15,10.0,True,90696.0,75860.2,1.1955676362572205,False,317160200.0,1.51,210.03986754966888,-0.05685048322912056,3.63843092666288,11.505771914245834,26.562500000000245,73.43749999999976,True,36.1,False,False,False,False,True,False
1358,002896,中大力德,C 制造业,腾讯前复权日K回退（成交额、换手率已提供）,False,2026-07-29,62.15,61.54200000000001,69.8885,True,False,False,False,88.48,-29.75813743218807,False,38.09128428427236,-4.509015698245889,-3.8614789580171287,-1.2950734804575212,False,True,False,False,,,7.481191082506001,7.853808183720535,6.735956880076934,False,False,,,False,63908.0,55039.8,1.1611234052449317,False,394843900.0,3.25,121.49043076923077,1.1226814188089795,2.8148389196225136,-11.072637129141413,29.47976878612711,70.5202312138729,True,95.28,False,False,False,False,True,False
1359,002897,意华股份,C 制造业,腾讯前复权日K回退（成交额、换手率已提供）,False,2026-07-29,54.97,58.56,70.6215,False,False,False,False,91.0,-39.59340659340659,False,33.9580690947319,-6.742258411371374,-5.138467054437834,-3.2075827138670796,False,True,False,False,,,12.339577841358514,17.01177018490765,2.9951931542602424,False,False,,,False,110414.0,137819.6,0.8011487480735686,False,601121700.0,5.99,100.35420701168613,-2.759596674332221,8.154961967097115,-22.16251424849373,14.316702819956545,51.84381778741868,False,104.0,False,False,False,False,False,False
1360,002899,英派斯,C 制造业,腾讯前复权日K回退（成交额、换手率已提供）,False,2026-07-29,17.95,18.18,19.7935,False,False,False,False,23.76,-24.45286195286196,False,32.305778810908336,-1.5826086262968602,-1.6321518906788337,0.09908652876394708,True,False,False,False,2026-07-28,1.0,6.504010861029659,6.384416478812053,6.743199625464872,False,False,2026-07-22,5.0,True,39012.0,44030.4,0.8860242014608088,False,69694800.0,2.64,26.399545454545454,-0.11129660545352582,3.2832498608792426,-9.313663576426617,32.2033898305087,67.7966101694913,False,35.8,False,False,False,False,True,False
1361,002900,哈三联,C 制造业,腾讯前复权日K回退（成交额、换手率已提供）,False,2026-07-29,11.8,12.164,10.707,False,True,True,True,13.61,-13.299044819985294,False,56.29558057189163,0.5545391809348175,0.33035821631440765,0.44836192924081963,True,False,False,False,2026-07-02,19.0,69.87904008757279,64.27433356419839,81.08845313432161,False,False,,,False,344279.0,267967.0,1.2847813350151325,False,413968100.0,21.37,19.371459990641085,-9.090909090909093,7.087827426810477,10.20827496030634,49.99999999999991,13.043478260869673,False,13.61,False,False,False,False,True,True
1362,002901,大博医疗,C 制造业,腾讯前复权日K回退（成交额、换手率已提供）,False,2026-07-29,44.44,43.886,44.805499999999995,True,False,False,True,48.74,-8.822322527697999,False,52.4849722826469,0.4100889936597696,0.7099687509369019,-0.5997595145542647,False,True,False,False,,,52.77142689880105,54.687344158575684,48.93959237925179,False,False,,,False,17582.0,22040.6,0.7977096812246491,False,77830700.0,0.61,127.59131147540984,2.1844102092434925,2.8972177512071693,-0.8157480666435981,8.7301587301587,91.2698412698413,True,48.74,False,False,False,False,False,False
1363,002902,铭普光磁,C 制造业,腾讯前复权日K回退（成交额、换手率已提供）,False,2026-07-29,21.27,21.838,24.1525,False,False,False,False,31.55,-32.58320126782885,False,33.559665294894444,-2.3999182265788477,-2.3966396437450435,-0.0065571656676084444,False,True,False,False,,,12.980578058208726,14.085239177395566,10.771255819835044,False,False,,,False,112267.0,122906.8,0.9134319663354672,False,235759300.0,6.32,37.30368670886076,-0.9315323707498768,4.937121564974394,-11.93458234137253,20.75471698113226,73.5849056603773,True,43.03,False,True,False,False,False,False
1364,002903,宇环数控,C 制造业,腾讯前复权日K回退（成交额、换手率已提供）,False,2026-07-29,25.25,23.758,30.165,True,False,False,True,47.5,-46.8421052631579,False,33.93812973528878,-5.285570434854002,-5.158210054833119,-0.25472076004176536,False,True,False,False,,,11.173262391697785,10.547041904506434,12.425703366080487,True,False,2026-07-29,0.0,True,37504.0,85781.6,0.4372033163289097,False,92452700.0,3.52,26.26497159090909,10.02178649237473,8.453159041394342,-16.293717884966018,0.0,100.0,True,54.9,False,False,False,False,False,True
1365,002905,金逸影视,R 文化传播,腾讯前复权日K回退（成交额、换手率已提供）,False,2026-07-29,7.32,7.138,7.1995000000000005,True,True,False,True,7.97,-8.155583437892089,False,50.75292163627803,-0.08905087616036855,-0.12622310349692686,0.07434445467311662,True,False,False,False,2026-07-01,20.0,11.905788131292036,11.179214416120589,13.358935561634933,True,False,2026-07-29,0.0,True,47553.0,45897.4,1.0360717600561251,False,34660900.0,1.36,25.48595588235294,1.8080667593880273,2.7816411682892928,1.6737273421765377,40.0,60.0,False,9.79,False,False,False,False,True,False
1366,002906,华阳集团,C 制造业,腾讯前复权日K回退（成交额、换手率已提供）,False,2026-07-29,24.98,23.985999999999997,24.2195,True,True,False,True,26.84,-6.9299552906110256,False,51.45340507442757,-0.669803375798768,-0.9114025387245074,0.4831983258514787,True,False,False,False,2026-07-21,6.0,15.90171568730049,12.041896053991861,23.62135495391775,False,False,2026-07-21,6.0,True,87628.0,43946.4,1.9939744780004733,True,215780800.00000003,1.67,129.21005988023956,4.257095158597668,4.966611018363945,3.1400317925638443,11.764705882352976,88.23529411764703,True,32.68,False,False,False,False,False,False
1367,002907,华森制药,C 制造业,腾讯前复权日K回退（成交额、换手率已提供）,False,2026-07-29,12.61,12.498,13.4495,True,False,False,True,15.13,-16.655651024454734,False,44.08135319300548,-0.21363406961335407,-0.02845012155231849,-0.37036789612207116,False,True,False,False,,,31.70273044547125,36.22909765102143,22.649996034370886,False,False,,,False,37708.0,58974.0,0.6394004137416489,False,47490200.00000001,1.12,42.40196428571429,0.8799999999999919,1.9199999999999873,-6.241867727424818,37.500000000000185,62.49999999999981,False,15.13,False,False,False,False,True,False
1368,002908,德生科技,I 信息技术,腾讯前复权日K回退（成交额、换手率已提供）,False,2026-07-29,6.59,6.411999999999999,6.416500000000001,True,True,False,True,6.96,-5.3160919540229905,False,50.470956463822255,-0.1327241119803917,-0.19438763001712164,0.1233270360734599,True,False,False,False,2026-07-02,19.0,10.057154900988637,8.083171467192525,14.005121768580864,False,False,2026-07-28,1.0,True,49158.0,46977.2,1.0464225198606985,False,32428300.0,1.53,21.194967320261437,0.7645259938837912,1.9877675840978575,2.7039663367879507,53.84615384615411,46.15384615384589,False,8.76,False,False,False,False,True,False
1369,002909,集泰股份,C 制造业,腾讯前复权日K回退（成交额、换手率已提供）,False,2026-07-29,4.71,4.58,4.682499999999999,True,True,False,True,5.16,-8.720930232558143,False,45.66675506992424,-0.20285194786571914,-0.25000196724932605,0.09430003876721382,True,False,False,False,2026-07-24,3.0,14.061398299633032,10.75384572752843,20.676503443842233,False,False,2026-07-23,4.0,True,76993.0,79782.6,0.9650349825651207,False,36044100.0,2.02,17.84361386138614,1.5086206896551824,3.0172413793103576,0.5872931126535131,21.42857142857152,78.57142857142848,True,7.16,False,False,False,False,True,False
1370,002910,庄园牧场,C 制造业,腾讯前复权日K回退（成交额、换手率已提供）,False,2026-07-29,8.52,8.174,9.626000000000001,True,False,False,True,12.87,-33.7995337995338,False,40.55291605133835,-0.7670216194577648,-0.647601363268041,-0.2388405123794477,False,True,False,False,,,12.266636173422716,11.148818031553459,14.50227245716123,True,False,2026-07-29,0.0,True,203682.0,88219.2,2.3088171282441916,True,172460600.0,11.91,14.48031905961377,4.539877300613493,7.607361963190174,-11.489715354248926,38.70967741935492,61.290322580645075,False,13.41,False,False,False,False,False,False
1371,002911,佛燃能源,D 水电煤气,腾讯前复权日K回退（成交额、换手率已提供）,False,2026-07-29,11.4,11.248,10.5355,True,True,True,True,11.49,-0.7832898172323747,False,65.04266992320603,0.20694018291425742,0.05324562756150148,0.3073891107055119,True,False,False,False,2026-07-01,20.0,31.62813068322092,27.8669868439088,39.15041836184516,False,False,,,False,86571.0,103288.8,0.8381450844622069,False,98121600.0,0.68,144.29647058823528,2.517985611510798,2.6978417266187114,8.205590622182141,6.666666666666508,93.33333333333348,True,12.68,False,False,False,False,False,False
1372,002912,中新赛克,I 信息技术,腾讯前复权日K回退（成交额、换手率已提供）,False,2026-07-29,18.48,18.076,17.969,True,True,True,True,19.26,-4.04984423676013,False,50.63981150028298,-0.4130405210537518,-0.6396289532934103,0.45317686447931704,True,False,False,False,,,12.531829761910918,9.367979074834976,18.859531136062802,False,False,2026-07-22,5.0,True,23300.0,30159.6,0.7725566652077615,False,42996000.0,1.44,29.858333333333334,0.05414185165133478,3.3026529507309124,2.8437865212310043,40.98360655737709,37.704918032786985,False,25.09,False,False,False,False,False,False
1373,002913,奥士康,C 制造业,腾讯前复权日K回退（成交额、换手率已提供）,False,2026-07-29,40.78,43.721999999999994,48.785,False,False,False,False,66.3,-38.49170437405731,False,34.412464049890275,-4.111197819555407,-3.566866877929509,-1.0886618832517962,False,True,False,False,,,20.28213855396994,21.50205389980749,17.842307862294838,False,True,,,False,65371.0,75238.8,0.8688469247250089,False,265437599.99999997,2.14,124.03626168224297,-3.3649289099526136,7.843601895734602,-16.408732192272208,14.501510574018022,48.03625377643512,False,70.66,False,False,False,False,False,False
1374,002915,中欣氟材,C 制造业,腾讯前复权日K回退（成交额、换手率已提供）,False,2026-07-29,15.88,15.738,17.4375,True,False,False,True,23.6,-32.71186440677966,False,38.60904181255146,-1.1898556453607796,-1.1447651791911504,-0.09018093233925839,False,True,False,False,,,11.574510620859057,10.643290999090647,13.436949864395874,False,False,2026-07-23,4.0,True,65620.0,61208.0,1.072082080773755,False,102597400.0,2.28,44.998859649122814,0.6337135614702172,4.3092522179974635,-8.931899641577058,1.4705882352940869,98.52941176470591,True,25.41,False,False,False,False,True,False
1375,002916,深南电路,C 制造业,腾讯前复权日K回退（成交额、换手率已提供）,False,2026-07-29,316.01,331.56600000000003,377.4375,False,False,False,False,484.57,-34.78547991002332,False,37.7073157541738,-22.41839192775194,-15.186000956521518,-14.464781942460846,False,True,False,False,,,43.75619325317595,47.57977892137463,36.10902191677859,False,False,,,False,155138.0,96217.0,1.6123761913175427,False,4721628000.0,2.33,2026.4497854077251,-0.6570260924237736,9.886828041496381,-16.274879947011097,10.937996820349758,89.06200317965023,True,484.57,False,False,False,False,False,False
1376,002917,金奥博,C 制造业,腾讯前复权日K回退（成交额、换手率已提供）,False,2026-07-29,10.1,9.854000000000001,10.0465,True,True,False,True,11.34,-10.934744268077603,False,45.38369321762597,-0.39680625235793343,-0.5042607154878227,0.21490892625977853,True,False,False,False,2026-07-03,18.0,8.667414483308407,6.676078598719383,12.650086252486458,False,False,2026-07-27,2.0,True,29043.0,29331.0,0.9901810371279534,False,29262700.0,1.11,26.362792792792792,2.020202020202011,2.3232323232323275,0.5325237644950944,21.739130434782876,78.26086956521712,True,15.0,False,False,False,False,False,False
1377,002918,蒙娜丽莎,C 制造业,腾讯前复权日K回退（成交额、换手率已提供）,False,2026-07-29,9.38,9.032,9.204,True,True,False,True,10.53,-10.921177587844241,False,46.532629205919136,-0.5068390428391822,-0.6578601400306037,0.30204219438284285,True,False,False,False,2026-07-16,9.0,9.988437582553525,7.7289521531927505,14.507408441275075,False,False,2026-07-22,5.0,True,171617.0,104876.2,1.6363769854361618,False,159542800.0,8.01,19.917952559300872,1.8458197611292082,3.4744842562431972,1.9122120817036088,21.874999999999638,78.12500000000037,True,18.55,False,False,False,False,False,True
1378,002919,名臣健康,I 信息技术,腾讯前复权日K回退（成交额、换手率已提供）,False,2026-07-29,16.15,16.162,18.095000000000002,False,False,False,False,22.65,-28.697571743929362,False,37.55295947255943,-1.1796035212578424,-1.06312341039289,-0.23296022172990494,False,True,False,False,,,8.065773846565593,8.871616160503066,6.4540892186906476,False,False,,,False,44410.0,37200.0,1.1938172043010753,False,71276600.0,1.68,42.426547619047625,1.508485229415446,4.651162790697687,-10.748825642442682,39.18918918918945,60.81081081081056,False,27.32,False,False,False,False,True,False
1379,002920,德赛西威,C 制造业,腾讯前复权日K回退（成交额、换手率已提供）,False,2026-07-29,85.85,83.50399999999999,84.04749999999999,True,True,False,True,91.35,-6.0207991242474,False,51.0827477600478,-1.325046621584022,-1.92603811858038,1.2019829939927162,True,False,False,False,2026-07-03,18.0,18.295462396728265,16.238070239417237,22.410246711350318,False,False,2026-07-28,1.0,True,95454.0,51835.2,1.841489952773405,True,819077899.9999999,1.6,511.92368749999986,2.373002623419973,3.2077271643214855,2.1446206014456224,30.11152416356888,69.88847583643111,False,114.96,False,False,False,False,False,False
1380,002921,联诚精密,C 制造业,腾讯前复权日K回退（成交额、换手率已提供）,False,2026-07-29,20.1,20.098000000000003,24.16,True,False,False,False,30.5,-34.0983606557377,False,36.68921084330729,-1.718758298235123,-1.2262591926001585,-0.9849982112699291,False,True,False,False,,,9.10802558060557,11.872150703179429,3.579775335457853,False,False,,,False,99054.0,57856.8,1.7120545899531256,False,202670700.0,7.71,26.28673151750973,1.106639839034207,9.708249496981889,-16.8046357615894,70.4663212435233,29.533678756476707,False,33.26,False,True,False,False,True,False
1381,002922,伊戈尔,C 制造业,腾讯前复权日K回退（成交额、换手率已提供）,False,2026-07-29,24.03,24.416,26.404500000000002,False,False,False,True,33.03,-27.24795640326975,False,35.76462916985301,-2.643082160689552,-2.862456999439609,0.4387496775001143,True,False,False,False,2026-07-27,2.0,11.647245154261844,10.574389218715368,13.792957025354795,False,False,2026-07-21,6.0,True,159146.0,177576.6,0.8962104241211961,False,376926300.0,4.22,89.31902843601897,0.8392782207301774,4.741921947125468,-8.992785320683979,10.619469026548456,89.38053097345154,True,48.57,False,False,False,False,False,False
1382,002923,润都股份,C 制造业,腾讯前复权日K回退（成交额、换手率已提供）,False,2026-07-29,10.47,10.49,10.734,False,False,False,True,12.14,-13.75617792421746,False,48.049011336227146,-0.020633017903824324,0.0087550947063922,-0.05877622522043305,False,True,False,False,,,15.14539992516408,15.61803167042322,14.200136434645803,False,False,,,False,75926.0,91333.8,0.8313023218129542,False,79468800.0,2.94,27.030204081632654,-1.03969754253308,3.4971644612476296,-2.4594745667970876,27.02702702702699,37.83783783783807,False,13.45,False,False,False,False,False,False
1383,002925,盈趣科技,C 制造业,腾讯前复权日K回退（成交额、换手率已提供）,False,2026-07-29,22.8,21.832,21.803,True,True,True,True,26.55,-14.124293785310735,False,54.659650568537025,-0.13933291409549042,-0.26795452251521196,0.25724321683944307,True,False,False,False,2026-07-28,1.0,46.892827112578324,39.543934370332096,61.59061259707079,False,False,,,False,238953.0,159064.2,1.5022424907678784,False,525200000.0,3.27,160.61162079510703,1.9677996422182487,7.692307692307704,4.572765215795991,2.9069767441860836,97.09302325581392,True,26.55,False,False,False,False,False,True
1384,002926,华西证券,J 金融业,腾讯前复权日K回退（成交额、换手率已提供）,False,2026-07-29,8.32,8.3,8.283,True,True,True,False,8.69,-4.257767548906781,False,52.55852901159193,0.05068149337680694,0.06381678656650057,-0.026270586379387256,False,True,False,False,,,67.36688930046523,68.39345628182446,65.31375533774678,False,False,,,False,177636.0,173524.8,1.023692290669691,False,147155700.0,0.68,216.40544117647056,1.9607843137254832,2.450980392156854,0.44669805625981907,19.999999999999645,80.00000000000036,True,8.69,False,False,False,True,False,False
1385,002927,泰永长征,C 制造业,腾讯前复权日K回退（成交额、换手率已提供）,False,2026-07-29,14.71,14.342000000000002,15.6375,True,False,False,True,19.79,-25.669530065689734,False,38.856632696086066,-1.4211530345508567,-1.49271823179907,0.1431303944964264,True,False,True,False,,,13.88949852632606,11.447120186421117,18.774255206135948,False,False,2026-07-22,5.0,True,63266.0,66150.2,0.9563992247944829,False,91551800.0,2.87,31.8995818815331,2.867132867132871,4.475524475524479,-5.931254996003188,6.2499999999998614,93.75000000000013,True,25.62,False,False,False,False,True,False
1386,002928,华夏航空,G 运输仓储,腾讯前复权日K回退（成交额、换手率已提供）,False,2026-07-29,6.43,6.276,6.3735,True,True,False,True,7.59,-15.283267457180502,False,47.156518856498565,-0.22704750047997724,-0.28169249536416874,0.109289989768383,True,False,False,False,2026-07-27,2.0,11.99264514057816,8.683614398102405,18.61070662552967,False,False,2026-07-23,4.0,True,326674.0,332154.0,0.983501628762562,False,208022900.0,2.56,81.2589453125,1.2598425196850505,4.094488188976375,0.8864830940613442,15.38461538461541,84.6153846153846,True,8.55,False,False,False,False,False,False
1387,002929,润建股份,I 信息技术,腾讯前复权日K回退（成交额、换手率已提供）,False,2026-07-29,47.26,49.91799999999999,56.1185,False,False,False,False,74.17,-36.28151543750843,False,33.02040468584683,-4.246432171119977,-3.7509058672524134,-0.9910526077351278,False,True,False,False,,,8.382359373172989,11.167406250687412,2.812265618144142,False,False,,,False,143255.0,141791.0,1.0103250558921228,False,676112100.0000001,6.61,102.28624810892589,-4.25445705024311,7.921393841166944,-15.785347078058038,12.787723785166227,33.75959079283885,False,100.03,False,False,False,False,False,False
1388,002930,宏川智慧,G 运输仓储,腾讯前复权日K回退（成交额、换手率已提供）,False,2026-07-29,8.44,8.216000000000001,8.6435,True,False,False,True,10.6,-20.37735849056604,False,42.661675399704876,-0.483277164446708,-0.559391257131197,0.15222818536897798,True,False,False,False,,,6.373799763631176,5.384046116739602,8.353307057414325,False,False,2026-07-23,4.0,True,88974.0,79349.4,1.121293922827394,False,74139500.0,2.05,36.16560975609757,3.4313725490195957,4.779411764705889,-2.3543703360907045,10.256410256410478,89.74358974358952,True,16.88,False,False,False,False,True,False
1389,002931,锋龙股份,C 制造业,腾讯前复权日K回退（成交额、换手率已提供）,False,2026-07-29,43.55,43.7,54.38600000000001,False,False,False,True,81.85,-46.792913866829565,False,34.13096696528535,-6.0191353758969015,-5.203160616168709,-1.6319495194563842,False,True,False,False,,,9.005576417493097,8.502379203959052,10.01197084456119,False,False,2026-07-27,2.0,True,106033.0,96217.6,1.1020125216176666,False,465455400.0,5.23,88.9972084130019,-2.3323615160349975,6.99708454810495,-19.9242452101644,32.05128205128208,30.12820512820508,False,83.57,False,True,True,False,True,False
1390,002932,*ST明德,C 制造业,腾讯前复权日K回退（成交额、换手率已提供）,False,2026-07-29,14.66,14.292000000000002,14.397500000000003,True,True,False,True,15.3,-4.183006535947715,False,52.50491557594503,-0.17386684131678187,-0.252000559169499,0.15626743570543422,True,False,False,False,2026-07-27,2.0,12.603478087801903,9.904482301459407,18.001469660486897,False,False,2026-07-27,2.0,True,9676.0,9839.8,0.9833533201894348,False,14176800.0,0.62,22.8658064516129,1.1034482758620623,1.7241379310344827,1.8232332002083518,28.000000000000114,71.99999999999989,True,17.5,False,False,False,False,False,False
1391,002933,新兴装备,C 制造业,腾讯前复权日K回退（成交额、换手率已提供）,False,2026-07-29,24.77,24.406,25.283499999999997,True,False,False,True,28.08,-11.787749287749284,False,42.54758008414782,-0.8885931291191334,-0.9754700786414552,0.17375389904464367,True,False,False,False,2026-07-28,1.0,10.792750924555959,8.636650468534967,15.104951836597941,False,False,2026-07-24,3.0,True,8243.0,10476.0,0.7868461244749905,False,20320400.0,0.71,28.62028169014085,1.267375306623042,1.7988552739166035,-2.0309688136531614,15.909090909090928,84.09090909090907,True,31.88,False,False,False,False,True,False
1392,002935,天奥电子,C 制造业,腾讯前复权日K回退（成交额、换手率已提供）,False,2026-07-29,15.2,14.91,17.9655,True,False,False,True,24.1,-36.929460580912874,False,32.921479023563904,-1.6692581156818544,-1.4267560541671744,-0.48500412302936,False,True,False,False,,,13.301660538203961,12.590602145139371,14.723777324333142,True,False,2026-07-29,0.0,True,50751.0,51677.8,0.9820658000147064,False,75774900.0,1.22,62.1105737704918,1.7402945113788482,4.283801874163324,-15.393392891931757,1.562500000000243,98.43749999999976,True,24.1,False,True,False,False,True,False
1393,002936,郑州银行,J 金融业,腾讯前复权日K回退（成交额、换手率已提供）,False,2026-07-29,1.82,1.784,1.739,True,True,True,True,1.81,0.5524861878453043,True,64.75372679221121,0.017111819834956465,0.007068640853337816,0.020086357963237298,True,False,False,False,2026-07-06,17.0,49.11426470352234,41.88591411436888,63.57096588182925,False,False,,,False,1156384.0,883850.8,1.3083475174769315,False,209581900.0,1.65,127.01933333333334,1.6759776536312776,2.793296089385477,4.6578493387004,20.0,80.0,True,1.85,True,False,False,False,False,False
1394,002937,兴瑞科技,C 制造业,腾讯前复权日K回退（成交额、换手率已提供）,False,2026-07-29,27.89,30.958,38.0975,False,False,False,False,46.3,-39.762419006479476,False,26.78069016470647,-2.649710525062943,-1.284631027775846,-2.7301589945741944,False,True,False,False,,,35.13908110518252,44.42104680802297,16.57514969950161,False,False,,,False,173078.0,97834.8,1.7690842113440206,False,475242699.99999994,5.49,86.56515482695808,-6.125883540895327,9.289801413665437,-26.793096659885812,15.942028985507283,41.66666666666672,False,46.3,False,True,False,False,True,False
1395,002938,鹏鼎控股,C 制造业,腾讯前复权日K回退（成交额、换手率已提供）,False,2026-07-29,84.5,87.55,93.9675,False,False,False,False,112.62,-24.968922038714265,False,40.03962317790047,-3.809078166763115,-2.553234129459986,-2.5116880746062575,False,True,False,False,,,53.33002127130113,56.952612092175606,46.08483962955218,False,False,,,False,329156.0,260284.4,1.264601336076999,False,2719612000.0,1.42,1915.2197183098592,0.6431634111481843,7.7060505002382085,-10.075291989251605,23.18392581143741,76.8160741885626,True,123.1,False,False,False,False,False,False
1396,002939,长城证券,J 金融业,腾讯前复权日K回退（成交额、换手率已提供）,False,2026-07-29,8.26,8.197999999999999,8.153,True,True,True,True,8.57,-3.61726954492416,False,51.629149099017134,-0.022704930285467384,-0.04326213571414109,0.041114410857347405,True,False,False,False,2026-07-20,7.0,21.662616403946647,21.054613098654873,22.8786230145302,True,False,,,False,243922.0,212952.0,1.145431834403997,False,200587599.99999997,0.68,294.98176470588226,1.7241379310344973,2.216748768472903,1.3124003434318572,16.666666666666337,83.33333333333366,True,9.97,False,False,False,False,False,False
1397,002940,昂利康,C 制造业,腾讯前复权日K回退（成交额、换手率已提供）,False,2026-07-29,24.06,24.443999999999996,26.630000000000003,False,False,False,False,31.92,-24.624060150375946,False,39.50645133049705,-1.4223164649004438,-1.3047345364608447,-0.23516385687919827,False,True,False,False,,,4.5374447225328,5.7870579187412,2.0382183301159973,False,False,,,False,95840.0,119237.6,0.8037733064067039,False,231205200.0,5.17,44.7205415860735,-2.1553477023180223,4.554697031313546,-9.650769808486682,5.357142857143056,23.214285714285516,False,45.5,False,True,False,False,True,False
1398,002941,新疆交建,E 建筑业,腾讯前复权日K回退（成交额、换手率已提供）,False,2026-07-29,10.43,9.994,9.6335,True,True,True,True,10.21,2.154750244857971,True,58.69877699386533,-0.11763522041470154,-0.29821203979430483,0.3611536387592066,True,False,False,False,2026-07-03,18.0,14.440470868648873,11.330603272543158,20.660206060860304,False,False,2026-07-15,10.0,True,203431.0,113746.6,1.7884578528061497,False,211433100.0,2.79,75.78247311827957,3.063241106719383,4.347826086956535,8.268023044584004,29.545454545454636,70.45454545454535,True,14.14,False,False,False,False,False,False
1399,002942,新农股份,C 制造业,腾讯前复权日K回退（成交额、换手率已提供）,False,2026-07-29,14.37,13.926000000000002,14.354999999999999,True,True,False,True,15.53,-7.469414037347072,False,46.94437333379578,-0.45579036607697354,-0.5323959700089926,0.1532112078640382,True,False,False,False,2026-07-28,1.0,9.450138085508554,6.769019304816446,14.812375646892768,False,False,2026-07-28,1.0,True,14730.0,16369.4,0.8998497195987636,False,21137600.000000004,1.06,19.941132075471703,1.5547703180212036,2.614840989399288,0.10449320794148778,40.54054054054072,59.459459459459275,False,20.1,False,False,False,False,False,False
1400,002943,宇晶股份,C 制造业,腾讯前复权日K回退（成交额、换手率已提供）,False,2026-07-29,28.26,30.22,36.8625,False,False,False,False,48.88,-42.18494271685761,False,28.35616534735567,-5.2981010463969085,-4.911270263998637,-0.7736615647965426,False,True,False,False,,,5.637700113897032,7.486504838439486,1.9400906648121232,False,False,,,False,129812.0,102914.8,1.2613540520896898,False,365725500.0,6.87,53.23515283842794,-3.318508381799512,6.60280533698255,-23.336724313326542,1.5544041450777792,54.40414507772026,False,73.67,False,False,False,False,False,False
1401,002945,华林证券,J 金融业,腾讯前复权日K回退（成交额、换手率已提供）,False,2026-07-29,14.37,13.378,13.231,True,True,True,True,14.25,0.8421052631578891,True,60.49625116080531,-0.09589940521948925,-0.22377344466921661,0.2557480788994547,True,False,False,False,2026-07-20,7.0,24.768227401003333,17.556052802984357,39.19257659704129,True,False,,,False,349058.0,86282.2,4.045538940824411,False,485611200.0,1.29,376.4427906976744,10.03062787136293,9.418070444104124,8.608570780742191,0.0,100.0,True,16.33,False,True,False,False,True,True
1402,002946,新乳业,C 制造业,腾讯前复权日K回退（成交额、换手率已提供）,False,2026-07-29,16.94,15.937999999999999,15.1915,True,True,True,True,16.55,2.3564954682779486,True,65.0930358516965,0.1932495210340459,-0.03373260313613189,0.4539642483403556,True,False,False,False,2026-07-06,17.0,47.74995802012226,42.32199400875746,58.605886042851864,False,False,,,False,174809.0,66931.8,2.6117480778942146,True,296919000.0,2.05,144.83853658536586,4.310344827586232,5.60344827586207,11.509725833525339,35.16483516483519,64.8351648351648,False,19.69,False,True,False,False,False,False
1403,002947,恒铭达,C 制造业,腾讯前复权日K回退（成交额、换手率已提供）,False,2026-07-29,54.58,56.004,63.528499999999994,False,False,False,False,78.11,-30.124183843297914,False,32.01279356064987,-6.564915924484396,-6.2482676158172845,-0.6332966173342225,False,True,False,False,,,18.53977528589921,21.03593798617015,13.54744988535733,False,False,,,False,89575.0,74254.0,1.2063323187976405,False,476166400.0,4.52,105.34654867256637,1.6387337057728102,7.54189944134079,-14.085804009224201,12.592592592592705,87.40740740740729,True,105.0,False,False,False,False,False,False
1404,002948,青岛银行,J 金融业,腾讯前复权日K回退（成交额、换手率已提供）,False,2026-07-29,5.86,5.772,5.5765,True,True,True,True,5.79,1.2089810017271208,True,63.78723097596355,0.10066317007145553,0.0728833142927934,0.055559711557324254,True,False,False,False,2026-07-07,16.0,80.70413893780898,76.82754735122249,88.45732211098195,False,False,,,False,356483.0,320715.4,1.1115244232113581,False,208048300.00000003,1.01,205.9884158415842,1.736111111111116,2.256944444444443,5.083833946023493,15.384615384615069,84.61538461538493,True,6.0,False,False,False,False,True,False
1405,002949,华阳国际,M 科研服务,腾讯前复权日K回退（成交额、换手率已提供）,False,2026-07-29,9.77,9.49,9.8465,True,False,False,True,10.78,-9.369202226345081,False,44.092437423799375,-0.3999034601050724,-0.46270864274345885,0.12561036527677294,True,False,False,False,2026-07-02,19.0,8.595222170215315,6.97002996768776,11.845606575270425,False,False,2026-07-28,1.0,True,26757.0,27388.2,0.9769535785484259,False,26061800.0,1.76,14.80784090909091,2.1966527196652708,2.8242677824267735,-0.7769258112019612,25.925925925926073,74.07407407407392,True,14.72,False,False,False,False,True,False
1406,002950,奥美医疗,C 制造业,腾讯前复权日K回退（成交额、换手率已提供）,False,2026-07-29,9.11,8.83,8.972,True,True,False,True,9.62,-5.3014553014553,False,49.863472895594725,-0.18363079054289777,-0.22872990487891254,0.09019822867202953,True,False,False,False,,,8.889241931265296,8.200453875962102,10.266818041871684,True,False,2026-07-29,0.0,True,108646.0,71765.2,1.513909248493699,False,99603500.0,2.53,39.368972332015815,3.054298642533926,4.977375565610854,1.5381185911725357,59.09090909090911,40.90909090909089,False,14.66,False,False,False,False,True,False
1407,002951,金时科技,C 制造业,腾讯前复权日K回退（成交额、换手率已提供）,False,2026-07-29,13.13,12.184000000000001,13.020500000000002,True,True,False,True,17.12,-23.306074766355138,False,47.934072892299504,-0.8746547435292715,-1.033402128829916,0.31749477060128894,True,False,False,False,2026-07-28,1.0,13.35794469874559,9.712058313658359,20.64971746892005,False,False,2026-07-27,2.0,True,115049.0,74495.8,1.5443689442894766,False,147680400.0,2.87,51.456585365853655,2.258566978193155,4.8286604361370795,0.8409815291271364,0.0,100.0,True,24.79,False,False,False,False,True,True
1408,002952,亚世光电,C 制造业,腾讯前复权日K回退（成交额、换手率已提供）,False,2026-07-29,18.64,18.174,19.253,True,False,False,True,22.57,-17.41249446167479,False,39.81278372750866,-1.2761635387293033,-1.4252587232867424,0.2981903691148782,True,False,False,False,2026-07-27,2.0,12.03185359566639,9.83922206522397,16.417116656551233,False,False,2026-07-21,6.0,True,29622.0,39938.2,0.7416959201967039,False,54912200.0,2.25,24.405422222222224,1.3043478260869712,3.423913043478256,-3.1839193891860984,38.09523809523791,61.9047619047621,False,33.69,False,False,False,False,False,False
1409,002953,日丰股份,C 制造业,腾讯前复权日K回退（成交额、换手率已提供）,False,2026-07-29,9.59,9.72,9.083499999999999,False,True,True,False,10.8,-11.203703703703711,False,54.017325399040644,0.038928396900695716,-0.10576123692236805,0.28937926764612754,True,False,False,False,2026-07-03,18.0,25.483498367021756,22.56962257479242,31.311249951480434,False,False,2026-07-21,6.0,True,122261.0,222841.8,0.5486448233679678,False,117186500.0,4.51,25.983702882483374,0.10438413361169019,2.192066805845502,5.5760444762481525,38.0952380952383,61.904761904761706,False,12.05,False,True,False,False,True,False
1410,002955,鸿合科技,C 制造业,腾讯前复权日K回退（成交额、换手率已提供）,False,2026-07-29,32.5,32.498000000000005,31.732499999999998,True,True,True,True,39.15,-16.985951468710088,False,55.15548864074589,0.2018737709169649,-0.00497310797664495,0.41369375778721973,True,False,False,False,2026-07-27,2.0,57.223885936192204,52.35651279267831,66.95863222322,False,False,,,False,94090.0,117926.2,0.7978718893680964,False,307454000.0,4.81,63.91975051975053,-0.5812174977057105,6.546344447843379,2.4186559520995887,70.09345794392522,29.906542056074787,False,39.15,False,False,False,False,True,False
1411,002956,西麦食品,C 制造业,腾讯前复权日K回退（成交额、换手率已提供）,False,2026-07-29,18.24,16.654,18.624000000000002,True,False,False,True,22.1,-17.466063348416302,False,47.11858194537239,-1.1455591579641613,-1.0720517822151667,-0.14701475149798915,False,True,False,False,,,16.00373379596378,11.230412136609749,25.550377114671836,True,False,,,False,110937.0,61179.6,1.8133005119353511,True,194581400.0,3.55,54.811661971830986,10.012062726176119,10.25331724969843,-2.0618556701031134,0.0,100.0,True,24.57,False,False,False,False,False,True
1412,002957,科瑞技术,C 制造业,腾讯前复权日K回退（成交额、换手率已提供）,False,2026-07-29,34.16,36.236000000000004,40.82299999999999,False,False,False,False,55.69,-38.660441731010955,False,35.71149193965637,-4.238535328270942,-3.9255654679684135,-0.6259397206050563,False,True,False,False,,,25.330100904562467,27.61455056587795,20.761201581931502,False,False,,,False,167846.0,185101.8,0.9067767034140133,False,569818500.0,4.01,142.0993765586035,-2.8993746446844937,8.669698692438878,-16.321681405090263,18.68852459016396,49.836065573770405,False,72.15,False,False,False,False,False,False
1413,002958,青农商行,J 金融业,腾讯前复权日K回退（成交额、换手率已提供）,False,2026-07-29,3.09,3.0119999999999996,2.896,True,True,True,True,3.07,0.6514657980456032,True,74.27792104161472,0.0729931381445863,0.05710609473549236,0.031774086818187885,True,False,False,False,2026-07-06,17.0,88.22932609273408,81.67163327848972,101.34471172122281,False,False,,,False,857852.0,708436.8,1.2109082983831443,False,263539700.0,1.58,166.79727848101265,1.980198019801982,2.640264026402643,6.6988950276243076,12.500000000000277,87.49999999999972,True,3.07,True,False,False,False,True,False
1414,002959,小熊电器,C 制造业,腾讯前复权日K回退（成交额、换手率已提供）,False,2026-07-29,33.98,33.001999999999995,32.9065,True,True,True,True,34.15,-0.4978038067349977,False,55.10729992139589,-0.20568671738536182,-0.4147090441606986,0.41804465355067355,True,False,False,False,2026-07-01,20.0,19.632737712024248,18.048976122590545,22.80026089089165,False,False,2026-07-28,1.0,True,11322.0,10141.4,1.11641390735007,False,38353300.0,0.81,47.34975308641975,2.2569966897381777,2.8287691844718776,3.2622734110282035,20.212765957447218,79.78723404255278,True,40.53,False,False,False,False,False,False
1415,002960,青鸟智控,C 制造业,腾讯前复权日K回退（成交额、换手率已提供）,False,2026-07-29,7.82,7.624,8.0885,True,False,False,True,8.78,-10.933940774487462,False,42.42659790505048,-0.27289230958283106,-0.2534396011389719,-0.038905416887718314,False,True,False,False,,,10.097410337479337,7.722332095366112,14.847566821705785,False,False,2026-07-28,1.0,True,102976.0,135477.2,0.7600983781772873,False,80109500.0,1.06,75.575,1.822916666666674,2.9947916666666723,-3.319527724547191,21.739130434782492,78.2608695652175,True,10.46,False,False,False,False,False,False
1416,002961,瑞达期货,J 金融业,腾讯前复权日K回退（成交额、换手率已提供）,False,2026-07-29,19.32,18.674,18.964,True,True,False,True,20.88,-7.471264367816086,False,49.917089327940985,-0.47181716321882305,-0.58017500305261,0.216715679667574,True,False,False,False,2026-07-21,6.0,8.148723317108313,6.7573352970303775,10.931499357264185,True,False,2026-07-29,0.0,True,82972.0,52730.6,1.5735076027960995,False,158256700.0,1.74,90.95212643678161,4.545454545454541,5.357142857142849,1.8772410883779882,13.131313131313052,86.86868686868695,True,26.98,False,False,False,False,True,False
1417,002962,五方光电,C 制造业,腾讯前复权日K回退（成交额、换手率已提供）,False,2026-07-29,12.03,11.842,13.556999999999999,True,False,False,True,21.18,-43.201133144475925,False,35.0867233158538,-1.6348716647311843,-1.6445188521050047,0.01929437474764084,True,False,True,False,,,11.88118573887361,10.400480537234847,14.842596142151134,False,False,2026-07-23,4.0,True,96322.0,103958.8,0.9265401293589384,False,114032500.0,4.6,24.78967391304348,0.33361134278564464,3.669724770642198,-11.263553883602563,2.272727272727227,97.72727272727278,True,22.39,False,False,False,False,True,False
1418,002963,豪尔赛,E 建筑业,腾讯前复权日K回退（成交额、换手率已提供）,False,2026-07-29,12.92,13.180000000000001,16.3335,False,False,False,True,21.78,-40.67952249770432,False,29.3231869990624,-1.7242391801249042,-1.3420209336825237,-0.7644364928847609,False,True,False,False,,,9.571822592985802,11.873104990939291,4.969257797078821,False,False,,,False,54859.0,52840.6,1.0381979008565383,False,69778300.0,4.46,15.645358744394619,-0.5388760585065433,12.548113933795232,-20.898766339118993,24.539877300613508,75.46012269938649,True,24.58,False,False,False,False,False,False
1419,002965,祥鑫科技,C 制造业,腾讯前复权日K回退（成交额、换手率已提供）,False,2026-07-29,32.82,38.62,46.493,False,False,False,False,57.86,-43.27687521603871,False,26.89077199682886,-1.9980585347988935,-0.03519090605756392,-3.925735257482659,False,True,False,False,,,33.63593448982549,44.24356945685821,12.420664555760041,False,False,,,False,218435.0,129882.8,1.6817854250139357,False,727672700.0,11.47,63.441386224934604,-10.008225939128046,7.074307650123385,-29.408728195642357,22.480620155038707,0.0,False,57.86,False,False,False,False,False,False
1420,002966,苏州银行,J 金融业,腾讯前复权日K回退（成交额、换手率已提供）,False,2026-07-29,8.34,8.126000000000001,7.7595,True,True,True,True,8.25,1.0909090909090893,True,71.64201150456684,0.1500953436398369,0.08167112462174747,0.13684843803617885,True,False,False,False,2026-07-07,16.0,67.87599575196185,62.45622093704939,78.71554538178678,False,False,,,False,775451.0,393063.8,1.9728374884687931,True,644696300.0,1.76,366.3047159090909,2.7093596059113434,3.694581280788187,7.48115213609124,16.666666666666863,83.33333333333314,True,8.47,True,False,False,False,False,False
1421,002967,广电计量,M 科研服务,腾讯前复权日K回退（成交额、换手率已提供）,False,2026-07-29,16.73,16.32,17.317500000000003,True,False,False,True,19.55,-14.42455242966752,False,42.35719435708785,-0.6847472739034757,-0.6846232484775563,-0.00024805085183876585,False,True,False,False,,,7.811471135754732,6.5219242101768815,10.390564986910432,True,False,2026-07-29,0.0,True,50080.0,51885.2,0.9652078049231766,False,82751100.0,0.92,89.94684782608697,3.0807147258163914,4.128157732593972,-3.3925220153024513,13.432835820895466,86.56716417910452,True,23.0,False,False,False,False,False,False
1422,002968,新大正,K 房地产,腾讯前复权日K回退（成交额、换手率已提供）,False,2026-07-29,8.44,8.196,8.336,True,True,False,True,8.94,-5.592841163310962,False,47.614502522275615,-0.2586212999001578,-0.32240565964671464,0.12756871949311366,True,False,False,False,2026-07-01,20.0,10.07395340687153,7.9371080332225885,14.34764415416941,False,False,2026-07-27,2.0,True,41758.0,37571.4,1.1114305029889757,False,34973600.0,1.96,17.843673469387756,3.4313725490195957,3.3088235294117814,1.247600767754309,11.111111111111477,88.88888888888853,True,12.43,False,True,False,False,True,False
1423,002969,嘉美包装,C 制造业,腾讯前复权日K回退（成交额、换手率已提供）,False,2026-07-29,13.14,11.672,12.071,True,True,False,True,14.69,-10.551395507147712,False,52.03312181311718,-0.953809682940042,-1.304367080863436,0.701114795846788,True,False,False,False,2026-07-27,2.0,12.5085159039659,8.3579355241941,20.809676663509503,False,False,2026-07-21,6.0,True,1623005.0,251417.4,6.455420348790498,False,2014674700.0,14.85,135.66832996632996,4.203013481364004,17.922283901665345,8.855935713693984,0.44247787610618533,70.35398230088495,True,24.1,False,False,False,False,False,True
1424,002970,锐明技术,I 信息技术,腾讯前复权日K回退（成交额、换手率已提供）,False,2026-07-29,46.2,46.472,50.8755,False,False,False,False,61.98,-25.459825750242004,False,37.588687443560644,-3.708376841420872,-3.6036553994069718,-0.20944288402780042,False,True,False,False,,,10.160115809311351,10.379674887022617,9.720997653888823,False,True,,,False,34805.0,34805.0,1.0,False,158178300.0,2.75,57.51938181818182,0.2169197396963085,4.967462039045551,-9.190081669959016,10.480349344977945,89.51965065502205,True,80.3,False,True,False,False,True,False
1425,002971,和远气体,C 制造业,腾讯前复权日K回退（成交额、换手率已提供）,False,2026-07-29,36.25,37.459999999999994,48.641,False,False,False,False,78.88,-54.04411764705882,False,32.865821017727484,-5.227240017233214,-3.68182026142707,-3.0908395116122884,False,True,False,False,,,20.136379857648823,22.99068855348194,14.427762465982589,False,False,,,False,185691.0,181898.0,1.020852345820185,False,661898500.0,11.53,57.40663486556809,-1.2799564270152497,6.427015250544661,-25.474394029728003,5.084745762711758,74.15254237288137,True,78.88,False,False,False,False,False,False
1426,002972,科安达,C 制造业,腾讯前复权日K回退（成交额、换手率已提供）,False,2026-07-29,12.56,13.14,15.607499999999998,False,False,False,False,19.97,-37.10565848773159,False,31.56972962747588,-0.8591878321103117,-0.40720529792486526,-0.9039650683708929,False,True,False,False,,,28.380239950530612,33.48343629148656,18.173847268618715,False,False,,,False,71882.0,83805.8,0.8577210646518498,False,90378100.0,5.34,16.924737827715358,-3.9755351681957207,6.804281345565739,-19.525868973250027,13.48314606741566,37.07865168539332,False,19.97,False,False,False,False,False,False
1427,002973,侨银股份,N 公共环保,腾讯前复权日K回退（成交额、换手率已提供）,False,2026-07-29,9.08,9.097999999999999,9.7835,False,False,False,False,11.1,-18.198198198198195,False,32.551698918167816,-0.626662292788744,-0.6238852742005666,-0.00555403717635472,False,True,False,False,,,4.092096006160006,4.592852620925561,3.090582776628894,False,False,,,False,55665.0,50682.8,1.0983015934399836,False,50314100.0,1.75,28.750914285714288,0.4424778761062065,3.207964601769922,-7.1906781826544695,24.13793103448278,75.86206896551721,True,14.3,False,True,False,False,True,False
1428,002975,博杰股份,C 制造业,腾讯前复权日K回退（成交额、换手率已提供）,False,2026-07-29,77.04,83.22400000000002,102.3385,False,False,False,False,143.39,-46.272403933328675,False,32.61797291075273,-12.56789097884446,-10.102495843979689,-4.930790269729542,False,True,False,False,,,29.744666395572853,34.0439752358495,21.14604871501956,False,False,,,False,106860.0,91587.6,1.1667518310338953,False,817928400.0,7.78,105.13218508997429,-3.337515683814296,8.971141781681293,-24.720413138750313,5.174825174825045,46.293706293706386,False,157.97,False,False,False,False,False,False
1429,002976,瑞玛精密,C 制造业,腾讯前复权日K回退（成交额、换手率已提供）,False,2026-07-29,18.95,19.162,22.682,False,False,False,False,28.28,-32.991513437057996,False,35.27951343627397,-1.606931833260525,-1.1615074963910947,-0.8908486737388603,False,True,False,False,,,8.559128411588839,13.527441505002704,-1.37749777523889,False,False,,,False,39967.0,46158.4,0.8658662345315262,False,74822300.0,3.28,22.811676829268293,-0.7333682556312282,5.500261917234158,-16.4535755224407,14.28571428571448,61.90476190476173,False,29.98,False,False,False,False,False,False
1430,002977,*ST天箭,C 制造业,腾讯前复权日K回退（成交额、换手率已提供）,False,2026-07-29,21.54,22.544,22.8885,False,False,False,True,26.5,-18.716981132075475,False,44.35728934126745,-0.5669769507615463,-0.7090580670765099,0.2841622326299271,True,False,False,False,2026-07-27,2.0,29.878616717224542,27.267134657543924,35.101580836585775,False,False,,,False,33519.0,18674.2,1.7949363292671172,False,74264900.0,5.03,14.764393638170974,-9.798994974874375,7.872696817420446,-5.891604954453116,52.65957446808513,2.6595744680851405,False,31.35,False,False,False,False,False,False
1431,002978,安宁股份,B 采矿业,腾讯前复权日K回退（成交额、换手率已提供）,False,2026-07-29,26.4,26.122000000000003,25.857,True,True,True,True,27.69,-4.6587215601300205,False,51.94886795258945,-0.14244260026346822,-0.28216942125141353,0.2794536419758906,True,False,False,False,2026-07-14,11.0,14.884236849828028,12.714687876419873,19.223334796644338,False,False,2026-07-15,10.0,True,29855.0,28256.8,1.0565598369242095,False,78417200.0,0.81,96.81135802469136,1.8518518518518379,2.854938271604946,2.100011602274043,22.972972972973142,77.02702702702686,True,31.93,False,False,False,False,False,False
1432,002979,雷赛智能,C 制造业,腾讯前复权日K回退（成交额、换手率已提供）,False,2026-07-29,57.65,58.696000000000005,61.44,False,False,False,False,76.26,-24.40335693679518,False,48.530118296079955,0.15077668905249197,0.7256562692726556,-1.1497591604403272,False,True,False,False,,,57.030561977489754,57.66982928060255,55.75202737126416,False,False,,,False,134523.0,140035.0,0.960638411825615,False,773157800.0,6.04,128.0062582781457,0.5406348099058267,4.918032786885246,-6.168619791666666,27.304964539007198,60.28368794326225,False,76.26,False,False,False,False,False,False
1433,002980,华盛昌,C 制造业,腾讯前复权日K回退（成交额、换手率已提供）,False,2026-07-29,70.59,79.526,93.1085,False,False,False,False,116.59,-39.45449867055493,False,33.75400051099092,-8.164865995556582,-5.913827563857611,-4.502076863397942,False,True,False,False,,,43.82927817041832,49.497960654592,32.49191320207096,False,False,,,False,128486.0,75095.8,1.7109611988952778,False,913065000.0,12.69,71.951536643026,-7.179487179487176,9.125575279421449,-24.18522476465629,3.890489913544809,30.69164265129692,False,135.95,False,False,False,False,False,False
1434,002981,朝阳科技,C 制造业,腾讯前复权日K回退（成交额、换手率已提供）,False,2026-07-29,22.62,22.384000000000004,21.345000000000002,True,True,True,True,22.94,-1.3949433304272025,False,55.75493754628786,0.016936416915854124,-0.3234003956178807,0.6806736250674696,True,False,False,False,2026-07-06,17.0,37.58661301326374,34.674680859762226,43.410477320266764,False,False,,,False,22153.0,25832.0,0.8575797460514091,False,50335400.0,1.82,27.65681318681319,0.3994673768308976,2.7075011096315995,5.97329585382993,55.73770491803282,44.26229508196718,False,29.84,False,False,False,False,True,False
1435,002982,湘佳股份,A 农林牧渔,腾讯前复权日K回退（成交额、换手率已提供）,False,2026-07-29,11.47,11.366,11.784,True,False,False,True,12.4,-7.499999999999997,False,45.13409843525439,-0.2238217603083097,-0.210592226920819,-0.026459066774981388,False,True,False,False,,,17.026722682510727,18.148907320623824,14.782353406284535,False,False,,,False,32004.0,32103.8,0.9968913337361932,False,36727200.0,2.46,14.929756097560976,1.0572687224669641,2.907488986784142,-2.6646300067888666,45.45454545454501,54.54545454545499,False,14.61,False,False,False,False,False,False
1436,002983,芯瑞达,C 制造业,腾讯前复权日K回退（成交额、换手率已提供）,False,2026-07-29,18.34,17.922,20.91,True,False,False,True,28.41,-35.44526575149595,False,35.5700099675379,-1.8623751957026293,-1.6420909126633687,-0.44056856607852124,False,True,False,False,,,13.284385218187076,11.807669975393962,16.237815703773304,False,False,2026-07-28,1.0,True,22482.0,21201.8,1.0603816657076286,False,40870500.0,1.75,23.35457142857143,1.2141280353200834,3.3112582781457034,-12.290769966523197,16.666666666666863,83.33333333333314,True,28.41,False,False,False,False,True,False
1437,002984,森麒麟,C 制造业,腾讯前复权日K回退（成交额、换手率已提供）,False,2026-07-29,14.36,14.079999999999998,13.8625,True,True,True,True,14.55,-1.3058419243986341,False,55.451014201377355,-0.031027530476345433,-0.13185469489081392,0.20165432882893697,True,False,False,False,2026-07-06,17.0,24.05378048737215,21.57379518414683,29.01375109382279,False,False,,,False,160269.0,86674.4,1.8490926963440186,True,230689500.0,2.24,102.98638392857141,1.412429378531077,2.401129943502824,3.5888187556356983,38.23529411764731,61.7647058823527,False,17.5,False,False,False,False,False,False
1438,002985,北摩高科,C 制造业,腾讯前复权日K回退（成交额、换手率已提供）,False,2026-07-29,25.45,24.712,25.238,True,True,False,True,29.1,-12.542955326460486,False,46.196734164168674,-1.0427845500288626,-1.299577966763199,0.5135868334686728,True,False,False,False,2026-07-24,3.0,7.575845736331047,5.337070100441234,12.053397008110673,False,False,2026-07-27,2.0,True,49052.0,46742.0,1.0494202216422062,False,124106100.0,1.48,83.85547297297298,2.290996784565924,3.4163987138263727,0.8400031698232814,22.3529411764707,77.6470588235293,True,37.03,False,False,False,False,False,False
1439,002986,宇新股份,C 制造业,腾讯前复权日K回退（成交额、换手率已提供）,False,2026-07-29,11.83,11.706,11.859,True,False,False,True,12.86,-8.009331259720058,False,49.48319877947276,-0.13679884444897716,-0.15365711567659657,0.03371654245523881,True,False,True,False,,,15.130795785798952,12.94428407219909,19.503819212998675,False,False,2026-07-24,3.0,True,48308.0,54346.8,0.8888839821295825,False,57668200.0,1.6,36.042625,0.3392705682782049,3.647158608990668,-0.24454001180537915,62.79069767441855,18.604651162790724,False,14.98,False,False,False,False,False,False
1440,002987,京北方,I 信息技术,腾讯前复权日K回退（成交额、换手率已提供）,False,2026-07-29,10.91,10.722,10.0245,True,True,True,True,11.08,-1.5342960288808658,False,57.49319368709437,0.004324391544017203,-0.19827284682519897,0.40519447673843234,True,False,False,False,2026-07-14,11.0,26.896203556376406,22.40400177550053,35.88060711812816,False,False,2026-07-15,10.0,True,197355.0,294320.2,0.6705452089255172,False,214378600.0,1.95,109.93774358974359,1.2059369202226389,2.133580705009264,8.833358272233033,17.391304347825816,82.60869565217418,True,13.15,False,False,False,False,False,False
1441,002988,豪美新材,C 制造业,腾讯前复权日K回退（成交额、换手率已提供）,False,2026-07-29,20.09,19.6,20.779999999999998,True,False,False,True,25.8,-22.131782945736436,False,40.632474545198065,-1.4031776997566787,-1.6279104307202308,0.4494654619271041,True,False,False,False,2026-07-23,4.0,7.1105503236558905,5.757399124844972,9.816852721277728,False,False,2026-07-23,4.0,True,38030.0,32321.0,1.1766343863123048,False,75643000.0,1.52,49.765131578947376,2.499999999999991,3.7755102040816246,-3.320500481231943,20.27027027027012,79.72972972972988,True,35.86,False,False,False,False,True,False
1442,002989,中天精装,E 建筑业,腾讯前复权日K回退（成交额、换手率已提供）,False,2026-07-29,20.33,21.011999999999997,25.8795,False,False,False,False,34.24,-40.625000000000014,False,33.70909447256692,-2.8799965111607477,-2.305861719796773,-1.1482695827279494,False,True,False,False,,,7.407053896752111,10.395751002653842,1.4296596849486498,False,False,,,False,85799.0,72326.0,1.1862815584990183,False,173055600.0,4.34,39.87456221198157,-0.14734774066798018,5.795677799607072,-21.443613671052383,40.67796610169496,53.3898305084745,False,39.38,False,True,False,False,False,False
1443,002990,盛视科技,I 信息技术,腾讯前复权日K回退（成交额、换手率已提供）,False,2026-07-29,41.95,46.178,56.327,False,False,False,False,81.03,-48.229050968776995,False,29.629956119654267,-4.346985487295548,-2.577045745122051,-3.5398794843469936,False,True,False,False,,,33.30055419795655,38.61915932133618,22.66334395119729,False,False,,,False,92849.0,77765.0,1.1939690091943675,False,392048100.0,6.73,58.25380386329866,-6.922564899045924,9.318837364100279,-25.524171356543036,0.47619047619038196,25.476190476190506,False,81.62,False,False,False,False,False,False
1444,002991,甘源食品,C 制造业,腾讯前复权日K回退（成交额、换手率已提供）,False,2026-07-29,42.4,40.494,41.163000000000004,True,True,False,True,43.44,-2.3941068139963146,False,54.91626725618654,-0.42541721511375385,-0.6003815019321974,0.3499285736368871,True,False,False,False,2026-07-28,1.0,18.24701722215478,15.580788707168162,23.57947425212802,True,False,,,False,12456.0,8403.8,1.4821866298579216,False,52591700.0,2.49,21.121164658634537,2.5145067698259194,3.409090909090901,3.005125962636335,15.60283687943258,84.39716312056743,True,52.09,False,False,False,False,False,False
1445,002992,宝明科技,C 制造业,腾讯前复权日K回退（成交额、换手率已提供）,False,2026-07-29,32.95,33.751999999999995,36.983999999999995,False,False,False,False,44.3,-25.62076749435665,False,32.22785665814875,-2.5621789871066625,-2.386422948909172,-0.3515120763949806,False,True,False,False,,,5.165571684467737,6.707626584672994,2.081461884057223,False,False,,,False,14454.0,15901.2,0.908988000905592,False,47428100.00000001,0.93,50.99795698924732,0.1519756838905817,3.0091185410334407,-10.90741942461603,25.252525252525203,74.7474747474748,True,54.27,False,True,False,False,True,False
1446,002993,奥海科技,C 制造业,腾讯前复权日K回退（成交额、换手率已提供）,False,2026-07-29,35.4,37.262,48.68599999999999,False,False,False,False,75.66,-53.21173671689136,False,25.260054736105303,-7.145908941152733,-6.04246887082969,-2.2068801406460867,False,True,False,False,,,7.260793919592953,9.993750691514736,1.7948803757493899,False,False,,,False,86803.0,77966.4,1.1133385663567896,False,302106000.0,3.64,82.99615384615385,-1.6120066703724234,6.7259588660366925,-27.289159101178978,12.3966942148762,66.94214876033043,False,75.66,False,False,False,False,False,False
1447,002995,天地在线,L 商务服务,腾讯前复权日K回退（成交额、换手率已提供）,False,2026-07-29,16.43,15.728,16.1255,True,True,False,True,19.68,-16.51422764227642,False,46.9461556339326,-0.9422140688431906,-1.2264447085628505,0.5684612794393198,True,False,False,False,2026-07-23,4.0,15.8635225581325,11.828725100523073,23.933117473351352,False,False,2026-07-21,6.0,True,168914.0,63969.2,2.6405520156575353,True,275250300.0,15.03,18.313393213572855,-3.1820860341779555,4.537418974661164,1.8883135406654112,0.0,51.948051948051784,False,27.62,False,False,False,False,False,True
1448,002996,顺博合金,C 制造业,腾讯前复权日K回退（成交额、换手率已提供）,False,2026-07-29,6.17,6.08,6.101,True,True,False,True,6.45,-4.341085271317833,False,50.30561314647933,-0.06567036177774188,-0.09089441349613783,0.0504481034367919,True,False,False,False,2026-07-02,19.0,18.08509136609443,15.576007065067406,23.103259968148482,False,False,2026-07-27,2.0,True,79602.0,73353.0,1.0851907897427508,False,49040400.0,1.74,28.184137931034485,1.6474464579901094,2.141680395387148,1.130962137354531,23.076923076923286,76.92307692307672,True,7.56,False,False,False,False,True,False
1449,002997,瑞鹄模具,C 制造业,腾讯前复权日K回退（成交额、换手率已提供）,False,2026-07-29,26.2,25.669999999999998,27.3325,True,False,False,True,31.0,-15.48387096774194,False,42.88445313638153,-1.040279346765665,-0.9956943686526928,-0.08916995622594448,False,True,False,False,,,12.079110250369562,11.08128341624622,14.074763918616245,True,False,2026-07-29,0.0,True,26313.0,22261.0,1.18202237096267,False,68920800.0,1.26,54.699047619047626,1.8266614846482732,2.9926156237854626,-4.143419006677034,38.96103896103907,61.03896103896093,False,35.56,False,False,False,False,True,False
1450,002998,优彩资源,C 制造业,腾讯前复权日K回退（成交额、换手率已提供）,False,2026-07-29,7.36,7.215999999999999,7.161,True,True,True,True,7.8,-5.641025641025635,False,52.202876697295544,-0.05895152588755348,-0.12107266425271132,0.12424227673031568,True,False,False,False,2026-07-02,19.0,25.262982465286182,23.455097325203862,28.878752745450818,False,False,,,False,124872.0,144138.4,0.866334023410833,False,91801400.0,4.62,19.8704329004329,1.6574585635359185,2.7624309392265216,2.7789414886189183,44.99999999999989,55.000000000000114,False,10.28,False,False,False,False,False,False
1451,002999,天禾股份,F 批发零售,腾讯前复权日K回退（成交额、换手率已提供）,False,2026-07-29,5.51,5.388,5.4635,True,True,False,True,5.89,-6.451612903225805,False,48.74114876033614,-0.11457126658078653,-0.14262351400008627,0.05610449483859947,True,False,False,False,2026-07-02,19.0,11.302905972452129,9.24899958643554,15.410718744485305,False,False,2026-07-28,1.0,True,47743.0,57550.4,0.8295858934082126,False,26231300.0,1.39,18.871438848920864,2.037037037037037,2.407407407407405,0.851102772947744,23.076923076923286,76.92307692307672,True,7.37,False,False,False,False,False,False
1452,003000,劲仔食品,C 制造业,腾讯前复权日K回退（成交额、换手率已提供）,False,2026-07-29,10.6,10.216,10.2325,True,True,False,True,10.73,-1.2115563839701844,False,58.30395346386303,-0.011261915622496232,-0.04941547648562638,0.0763071217262603,True,False,False,False,2026-07-28,1.0,53.20823988117744,45.58543809320892,68.45384345711449,False,False,,,False,62754.0,45377.0,1.3829473081076316,False,66821899.99999999,2.04,32.75583333333333,1.4354066985645897,2.6794258373205855,3.591497678964082,46.428571428571516,53.571428571428484,False,11.11,False,False,False,False,False,False
1453,003001,中岩大地,E 建筑业,腾讯前复权日K回退（成交额、换手率已提供）,False,2026-07-29,19.43,19.128,16.366,True,True,True,True,21.52,-9.711895910780669,False,59.12171256122987,1.0594052038972919,0.6858098935889685,0.7471906206166468,True,False,False,False,2026-07-03,18.0,56.437255525379406,53.17849984879957,62.954766878539075,False,False,,,False,182389.0,273960.8,0.6657485304466917,False,340725800.0,15.95,21.362119122257052,10.02265005662515,13.36353340883352,18.72174019308322,0.0,100.0,True,23.67,False,False,False,False,False,True
1454,003002,壶化股份,C 制造业,腾讯前复权日K回退（成交额、换手率已提供）,False,2026-07-29,15.71,15.307999999999998,16.2285,True,False,False,True,18.77,-16.302610548747996,False,38.470853105779526,-1.2238296478974604,-1.3794119113419836,0.3111645268890464,True,False,False,False,2026-07-23,4.0,6.840793943705111,5.342754867215198,9.836872096684937,False,False,2026-07-23,4.0,True,31666.0,37086.0,0.8538532060615865,False,49398700.0,1.73,28.554161849710983,3.4233048057932924,4.081632653061231,-3.194996456850599,17.741935483870847,82.25806451612915,True,27.82,False,False,False,False,True,False
1455,003003,天元股份,C 制造业,腾讯前复权日K回退（成交额、换手率已提供）,False,2026-07-29,9.87,9.552,9.936,True,False,False,True,10.83,-8.864265927977847,False,46.00719052736271,-0.3380701610216601,-0.3772758381257276,0.07841135420813505,True,False,False,False,2026-07-28,1.0,11.565117148201622,9.578479109520265,15.538393225564338,False,False,2026-07-28,1.0,True,31867.0,39003.2,0.8170355252902327,False,31215900.0,2.71,11.518782287822878,2.1739130434782483,2.898550724637693,-0.6642512077294759,10.714285714286078,89.28571428571392,True,14.0,False,False,False,False,False,False
1456,003004,声迅股份,I 信息技术,腾讯前复权日K回退（成交额、换手率已提供）,False,2026-07-29,58.61,58.534000000000006,69.2835,True,False,False,True,89.45,-34.47736165455562,False,39.96470105749564,-2.9130251579032063,-0.8802405871647375,-4.065569141476938,False,True,False,False,,,51.27362265134399,53.56401183768789,46.69284427865618,False,False,,,False,21167.0,19695.2,1.0747288679475202,False,122698500.0,3.08,39.83717532467532,-2.0718462823726025,8.688387635756062,-15.40554388851603,18.461538461538467,50.19230769230766,False,89.45,False,True,False,False,True,False
1457,003005,竞业达,I 信息技术,腾讯前复权日K回退（成交额、换手率已提供）,False,2026-07-29,12.24,11.826,12.4555,True,False,False,True,13.98,-12.446351931330474,False,43.10969613389995,-0.6210078472235363,-0.6973267201025432,0.1526377457580137,True,False,False,False,2026-07-28,1.0,8.17920530815777,7.309203236757838,9.91920945095763,True,False,2026-07-29,0.0,True,30918.0,32327.6,0.9563963919375394,False,37696200.0,2.43,15.512839506172838,2.0000000000000018,2.750000000000001,-1.7301593673477618,24.24242424242426,75.75757575757575,True,18.81,False,False,False,False,False,False
1458,003006,百亚股份,C 制造业,腾讯前复权日K回退（成交额、换手率已提供）,False,2026-07-29,14.33,13.852,13.873,True,True,False,True,15.25,-6.032786885245901,False,52.443316708952906,-0.2763391314347565,-0.421817622419778,0.29095698197004294,True,False,False,False,2026-07-22,5.0,21.428323058205752,17.66131899973359,28.962331175150076,False,False,2026-07-15,10.0,True,56383.0,51815.4,1.088151399004929,False,80984100.0,1.32,61.35159090909091,1.7033356990773685,3.8325053229240535,3.2941685287969493,38.88888888888878,61.111111111111214,False,18.4,False,False,False,False,True,False
1459,003007,直真科技,I 信息技术,腾讯前复权日K回退（成交额、换手率已提供）,False,2026-07-29,33.09,33.068,35.907500000000006,True,False,False,False,43.45,-23.843498273878016,False,36.96715898616397,-1.9858875619631178,-1.9407970475864487,-0.09018102875333822,False,True,False,False,,,11.065432214636926,10.424271041255615,12.347754561399547,False,False,2026-07-22,5.0,True,16534.0,18114.0,0.9127746494424203,False,54330900.0,2.28,23.829342105263162,-0.3613369467027949,3.824149352604625,-7.84655016361485,30.708661417322414,69.29133858267758,False,56.97,False,True,False,False,True,False
1460,003008,开普检测,M 科研服务,腾讯前复权日K回退（成交额、换手率已提供）,False,2026-07-29,17.23,16.773999999999997,17.167,True,True,False,True,18.29,-5.7955166757791075,False,47.947041382453314,-0.4489389776125172,-0.5317971826499373,0.16571641007484006,True,False,False,False,2026-07-27,2.0,11.068863185515065,8.274642889114979,16.65730377831524,False,False,2026-07-27,2.0,True,11799.0,12636.8,0.933701570017726,False,20305100.0,1.52,13.358618421052633,1.9526627218934944,2.721893491124266,0.3669831653754228,30.43478260869572,69.56521739130427,False,23.5,False,False,False,False,False,False
1461,003009,中天火箭,C 制造业,腾讯前复权日K回退（成交额、换手率已提供）,False,2026-07-29,47.2,49.488,55.54699999999999,False,False,False,False,65.0,-27.38461538461538,False,36.23442621148551,-2.557003934554359,-1.4759374914925734,-2.1621328861235716,False,True,False,False,,,9.741533987530525,15.30340132349348,-1.3822006843953822,False,False,,,False,41028.0,56407.0,0.72735653376354,False,191635900.0,2.49,76.96220883534136,0.2548853016142827,3.844519966015298,-15.026914144778274,16.574585635358936,83.42541436464106,True,69.38,False,True,False,False,False,False
1462,003010,若羽臣,I 信息技术,腾讯前复权日K回退（成交额、换手率已提供）,False,2026-07-29,25.83,24.759999999999998,24.486,True,True,True,True,27.3,-5.384615384615393,False,55.72502083814088,0.20993132036236162,0.043548903495615916,0.3327648337334914,True,False,False,False,2026-07-15,10.0,31.782364289149353,29.629533434551362,36.08802599834533,False,False,,,False,128411.0,136236.6,0.9425587544022678,False,331637600.0,5.68,58.38690140845071,1.333856414280099,4.354648881914475,5.48885077186963,43.2432432432433,56.7567567567567,False,32.7,False,False,False,False,True,False
1463,003011,海象新材,C 制造业,腾讯前复权日K回退（成交额、换手率已提供）,False,2026-07-29,17.28,17.036,17.8965,True,False,False,True,21.01,-17.753450737743933,False,43.40098941634959,-0.7372817319388609,-0.7946013126195905,0.11463916136145924,True,False,False,False,2026-07-28,1.0,13.815043729606325,11.652609476569532,18.139912235679912,False,False,2026-07-22,5.0,True,22572.0,21032.2,1.0732115518110326,False,38995500.0,2.94,13.263775510204082,0.9345794392523477,3.679906542056069,-3.44480764395272,44.44444444444413,55.55555555555587,False,26.38,False,False,False,False,True,False
1464,003012,东鹏控股,C 制造业,腾讯前复权日K回退（成交额、换手率已提供）,False,2026-07-29,4.73,4.5280000000000005,4.574,True,True,False,True,4.83,-2.0703933747411933,False,55.34308235101621,-0.04286971671471829,-0.06276836977549967,0.039797306121562764,True,False,False,False,2026-07-02,19.0,14.891228213741675,12.79873430319323,19.076216034838563,True,False,2026-07-29,0.0,True,129235.0,90897.2,1.4217709676425676,False,60662200.0,1.14,53.21245614035089,4.415011037527594,4.635761589403972,3.410581547879331,4.761904761904661,95.23809523809534,True,5.72,False,False,False,False,False,False
1465,003013,地铁设计,M 科研服务,腾讯前复权日K回退（成交额、换手率已提供）,False,2026-07-29,17.1,16.582,15.4255,True,True,True,True,17.62,-2.951191827468783,False,59.15929963862782,0.4120750126732169,0.20162554573236646,0.42089893388170085,True,False,False,False,2026-07-27,2.0,81.51463639416598,71.50758345484917,101.5287422727996,False,False,,,False,62523.0,98824.2,0.6326689211751778,False,105585400.00000001,1.55,68.11961290322581,1.0041346721795685,3.1896042528056863,10.855401769796776,0.0,100.0,True,17.62,False,False,False,False,False,False
1466,003015,日久光电,C 制造业,腾讯前复权日K回退（成交额、换手率已提供）,False,2026-07-29,10.55,10.376,10.998000000000001,True,False,False,True,13.16,-19.83282674772036,False,37.42993554073508,-0.5705482713732319,-0.590438587646508,0.039780632546552175,True,False,True,False,,,10.72092871186343,8.72367727072177,14.715431594146747,False,False,2026-07-21,6.0,True,82133.0,58478.0,1.4045110981907727,False,85481200.00000001,3.32,25.74734939759037,1.1505273250239867,2.972195589645259,-4.07346790325514,12.903225806451319,87.09677419354868,True,15.23,False,False,False,False,True,False
1467,003016,欣贺股份,C 制造业,腾讯前复权日K回退（成交额、换手率已提供）,False,2026-07-29,6.58,6.374,6.391,True,True,False,True,6.94,-5.187319884726229,False,52.24871211183945,-0.09135128207589371,-0.13778163388042317,0.0928607036090589,True,False,False,False,2026-07-02,19.0,17.476235258836454,15.262790447541613,21.903124881426134,False,False,2026-07-28,1.0,True,35300.0,47399.6,0.7447320230550469,False,23156600.0,0.86,26.926279069767443,1.8575851393188847,3.250773993808049,2.957283680175247,23.80952380952373,76.19047619047628,True,8.64,False,False,False,False,False,False
1468,003017,大洋生物,C 制造业,腾讯前复权日K回退（成交额、换手率已提供）,False,2026-07-29,20.66,20.168,21.404,True,False,False,True,25.17,-17.918156535558207,False,44.107769063177635,-0.7064217781690907,-0.6628511327872143,-0.08714129076375277,False,True,False,False,,,13.94222459248084,11.730561902950328,18.365549971541867,False,False,2026-07-27,2.0,True,20833.0,16489.6,1.2634023869590532,False,42834799.99999999,2.51,17.065657370517926,2.1760633036597588,2.6706231454005893,-3.47598579704728,25.925925925926073,74.07407407407392,True,28.9,False,True,False,False,False,False
1469,003018,金富科技,C 制造业,腾讯前复权日K回退（成交额、换手率已提供）,False,2026-07-29,32.05,35.93,46.338499999999996,False,False,False,False,64.46,-50.27924294135898,False,29.036979029323376,-4.950916927536014,-3.190504569057802,-3.5208247169564233,False,True,False,False,,,33.132141922434116,39.114941279311836,21.166543208678675,False,False,,,False,178922.0,101197.8,1.7680423882732628,False,577228800.0,6.29,91.76928457869634,-6.587000874380666,9.997085397843202,-30.835050767720144,10.78717201166193,34.11078717201158,False,67.74,False,False,False,False,False,False
1470,003019,宸展光电,C 制造业,腾讯前复权日K回退（成交额、换手率已提供）,False,2026-07-29,22.24,22.482,25.011499999999998,False,False,False,True,33.03,-32.66727217680897,False,31.88367865307744,-2.586639527130224,-2.601348883595836,0.029418712931224,True,False,True,False,,,5.951811214169936,5.7392799359767634,6.376873770556282,False,False,2026-07-23,4.0,True,50824.0,59544.6,0.8535450737766314,False,112392099.99999999,2.97,37.8424579124579,0.7246376811594235,3.125000000000006,-11.080902784719028,27.536231884058104,72.46376811594189,True,46.99,False,False,False,False,True,False
1471,003020,立方制药,C 制造业,腾讯前复权日K回退（成交额、换手率已提供）,False,2026-07-29,16.63,16.594,17.4015,True,False,False,True,22.56,-26.2854609929078,False,48.15922223614846,0.020152666799805985,0.2157653382111367,-0.3912253428226614,False,True,False,False,,,30.479110261390918,32.406101440747044,26.62512790267867,False,False,,,False,137475.0,138390.6,0.9933839437071592,False,229971300.0,8.16,28.182757352941174,-2.118893466745142,4.120070629782221,-4.433525845473089,22.8571428571429,25.7142857142857,False,22.56,False,False,False,False,False,True
1472,003021,兆威机电,C 制造业,腾讯前复权日K回退（成交额、换手率已提供）,False,2026-07-29,75.35,75.17,82.5125,True,False,False,False,103.0,-26.844660194174764,False,38.09322454221603,-5.0554546791546215,-4.84127299391083,-0.4283633704875829,False,True,False,False,,,6.205632664983341,6.95143915730588,4.714019680338263,False,False,,,False,22943.0,23517.4,0.9755755313087331,False,171455500.0,1.11,154.4644144144144,1.2632710657169754,3.023787125386373,-8.680502954097873,18.222222222222705,81.77777777777729,True,117.12,False,False,False,False,False,False
1473,003022,联泓新科,C 制造业,腾讯前复权日K回退（成交额、换手率已提供）,False,2026-07-29,18.95,18.735999999999997,20.057499999999997,True,False,False,True,26.33,-28.02886441321686,False,38.752663322971486,-1.5706924304353187,-1.634446425568707,0.12750799026677662,True,False,True,False,,,12.082417633211449,11.282814851371606,13.681623196891135,False,False,2026-07-27,2.0,True,113848.0,110075.2,1.0342747503524863,False,212845099.99999997,0.85,250.40599999999995,1.8817204301075252,4.569892473118287,-5.521625327184337,11.764705882353088,88.23529411764692,True,28.7,False,False,False,False,False,False
1474,003023,彩虹集团,C 制造业,腾讯前复权日K回退（成交额、换手率已提供）,False,2026-07-29,19.8,18.694,18.8685,True,True,False,True,21.08,-6.072106261859571,False,51.46341201346107,-0.8335614017923341,-1.1940069455804472,0.7208910875762262,True,False,False,False,2026-07-23,4.0,15.399927258505784,10.900780058370401,24.39822165877655,False,False,2026-07-21,6.0,True,55069.0,28138.2,1.9570903611460577,True,110306800.0,5.24,21.05091603053435,1.22699386503069,8.537832310838436,4.936799427617456,64.6706586826347,35.3293413173653,False,33.95,False,False,False,False,True,False
1475,003025,思进智能,C 制造业,腾讯前复权日K回退（成交额、换手率已提供）,False,2026-07-29,11.56,11.234,12.2605,True,False,False,True,15.57,-25.75465639049454,False,38.79685796467924,-0.8928326133901194,-0.9138731422586315,0.042081057737024086,True,False,True,False,,,9.676148455008033,7.555572827395207,13.917299710233683,False,False,2026-07-23,4.0,True,50333.0,36884.4,1.3646148507227986,False,57630200.00000001,2.22,25.95954954954955,2.03000882612534,2.6478375992939163,-5.713470086864319,3.333333333333254,96.66666666666674,True,18.62,False,False,False,False,False,False
1476,003026,中晶科技,C 制造业,腾讯前复权日K回退（成交额、换手率已提供）,False,2026-07-29,26.28,27.108000000000004,32.6885,False,False,False,False,49.8,-47.22891566265059,False,35.24285583672169,-2.6416145166063743,-1.7783505761039398,-1.726527881004869,False,True,False,False,,,18.602852831593495,22.468818314533056,10.870921865714372,False,False,,,False,95052.0,99257.8,0.9576275113895331,False,244977500.0,6.58,37.23062310030395,-1.1286681715575564,5.906696764484576,-19.60475396546185,3.184713375796223,82.80254777070067,True,49.8,False,False,False,False,False,False
1477,003027,同兴科技,N 公共环保,腾讯前复权日K回退（成交额、换手率已提供）,False,2026-07-29,15.29,15.016,15.7095,True,False,False,True,19.17,-20.239958268127296,False,39.41286756532974,-1.0615081013390846,-1.2263043299328533,0.3295924571875375,True,False,False,False,2026-07-23,4.0,8.915839569717898,7.069242607824601,12.609033493504493,False,False,,,False,16576.0,19018.2,0.8715861648315824,False,25261500.0,1.58,15.988291139240506,1.2582781456953684,2.384105960264909,-2.6703587001495976,30.55555555555579,69.44444444444422,False,27.55,False,False,False,False,True,False
1478,003028,振邦智能,C 制造业,腾讯前复权日K回退（成交额、换手率已提供）,False,2026-07-29,21.2,20.726000000000003,21.6935,True,False,False,True,25.0,-15.200000000000003,False,41.8801389907827,-0.9352613964330452,-1.0466879380526755,0.22285308323926056,True,False,False,False,2026-07-27,2.0,8.75039944853165,7.2112734548633695,11.828651435868212,False,False,2026-07-27,2.0,True,7967.0,7543.4,1.056155049447199,False,16804000.0,1.13,14.870796460176992,1.6786570743405171,2.3980815347721824,-2.2748749625463893,14.000000000000057,85.99999999999994,True,31.9,False,False,False,False,True,False
1479,003029,吉大正元,I 信息技术,腾讯前复权日K回退（成交额、换手率已提供）,False,2026-07-29,16.35,15.632,15.747,True,True,False,True,17.69,-7.574901074053137,False,51.82175979923712,-0.4355932682996375,-0.6133486042892807,0.35551067197928643,True,False,False,False,2026-07-06,17.0,11.230759215538734,7.689785082371052,18.3127074818741,False,False,2026-07-27,2.0,True,41331.0,25524.0,1.6192994828396803,False,66858700.0,2.35,28.45051063829787,2.251407129455907,2.8767979987492236,3.8293008192036675,8.695652173912842,91.30434782608717,True,22.3,False,False,False,False,False,False
1480,003030,祖名股份,C 制造业,腾讯前复权日K回退（成交额、换手率已提供）,False,2026-07-29,21.31,21.652,22.3985,False,False,False,True,26.15,-18.508604206500955,False,46.14391494846236,-0.30649509154132915,-0.2607755983582439,-0.09143898636617054,False,True,False,False,,,42.1911374059543,41.73279864266855,43.10781493252581,False,False,,,False,46741.0,37367.4,1.2508496711036892,False,101160500.0,5.77,17.532149046793762,-7.388092133854862,9.995654063450676,-4.859700426367836,8.260869565217446,13.478260869565156,False,27.15,False,False,False,False,True,True
1481,003031,中瓷电子,C 制造业,腾讯前复权日K回退（成交额、换手率已提供）,False,2026-07-29,98.55,104.18599999999999,125.70599999999999,False,False,False,False,181.2,-45.61258278145695,False,31.652791085103928,-14.639158589994807,-12.189609586846402,-4.899098006296811,False,True,False,False,,,23.8387931725923,27.142947594784218,17.230484328208462,False,False,,,False,100703.0,96315.0,1.0455588433784977,False,982909200.0,2.96,332.0639189189189,-1.7251695253290844,8.82528919026726,-21.602787456445988,23.276836158192094,55.25423728813554,False,205.95,False,False,False,False,False,False
1482,003032,传智教育,P 教育,腾讯前复权日K回退（成交额、换手率已提供）,False,2026-07-29,7.28,6.198,5.5385,True,True,True,True,6.62,9.969788519637463,True,74.42004264996065,0.14488529792544558,-0.08526546342518629,0.46030152270126373,True,False,False,False,2026-07-10,13.0,55.95895208048062,37.72282835313876,92.43119953516434,False,False,2026-07-15,10.0,True,106260.0,172420.6,0.6162836691207431,False,77357300.0,3.74,20.683770053475936,9.969788519637458,0.0,31.44353164214138,0.0,100.0,True,7.61,False,False,False,False,False,True
1483,003033,征和工业,C 制造业,腾讯前复权日K回退（成交额、换手率已提供）,False,2026-07-29,61.2,65.326,65.9905,False,False,False,False,71.71,-14.656254357830138,False,46.16422098519651,1.447610617928838,2.352371641850763,-1.80952204784385,False,True,False,False,,,66.67933943706043,74.23874283426812,51.56053264264506,False,False,,,False,21130.0,21318.8,0.9911439668274012,False,125829300.0,2.62,48.02645038167939,-1.7025377449405688,7.2598779312560175,-7.25937824383812,4.64601769911491,71.68141592920365,True,71.71,False,False,False,False,False,False
1484,003035,南网能源,M 科研服务,腾讯前复权日K回退（成交额、换手率已提供）,False,2026-07-29,5.52,5.538,5.463,False,True,True,False,5.89,-6.2818336162988135,False,45.681696642529566,-0.16764708036327036,-0.23281632618031753,0.13033849163409433,True,False,False,False,2026-07-15,10.0,8.114223842426926,7.4039336992381655,9.534804128804447,False,False,2026-07-20,7.0,True,373300.0,574470.0,0.6498163524640103,False,203407000.0,0.99,205.46161616161618,2.2222222222222143,4.444444444444448,1.0433827567270637,8.333333333333519,91.66666666666649,True,8.33,False,False,False,False,False,False
1485,003036,泰坦股份,C 制造业,腾讯前复权日K回退（成交额、换手率已提供）,False,2026-07-29,45.5,49.472,66.286,False,False,False,False,94.04,-51.616333475116974,False,28.969326006725638,-8.615701522260018,-6.036207884172019,-5.158987276175997,False,True,False,False,,,35.47707372908112,40.07858243089541,26.274056325452534,False,False,,,False,77926.0,63872.6,1.220022357004412,False,358822900.0,3.6,99.67302777777776,-5.562474055624744,13.117476131174763,-31.358054491144436,20.569620253164622,25.63291139240502,False,104.79,False,False,False,False,False,False
1486,003037,三和管桩,C 制造业,腾讯前复权日K回退（成交额、换手率已提供）,False,2026-07-29,5.47,5.345999999999999,5.657,True,False,False,True,6.58,-16.869300911854108,False,42.501491419018095,-0.2197362135498162,-0.22712098724981078,0.014769547399989147,True,False,True,False,,,10.134114676352864,8.500740315151731,13.400863398755128,False,False,2026-07-28,1.0,True,36634.0,33648.0,1.0887422729434142,False,19961900.0,0.61,32.7244262295082,1.8621973929236368,2.7932960893854815,-3.3056390312886736,20.000000000000117,79.99999999999989,True,7.56,False,False,False,False,False,False
1487,003038,鑫铂股份,C 制造业,腾讯前复权日K回退（成交额、换手率已提供）,False,2026-07-29,10.11,9.818000000000001,10.3465,True,False,False,True,11.54,-12.39168110918544,False,40.08605106517244,-0.5573439568864025,-0.6107614930196605,0.10683507226651612,True,False,False,False,2026-07-28,1.0,5.587867141325488,4.005958324889909,8.751684774196645,False,False,2026-07-27,2.0,True,50768.0,33512.0,1.514920028646455,False,50901800.0,3.1,16.419935483870965,2.7439024390243816,3.150406504065046,-2.285797129464082,12.90322580645189,87.09677419354811,True,15.0,False,False,False,False,True,False
1488,003039,顺控发展,D 水电煤气,腾讯前复权日K回退（成交额、换手率已提供）,False,2026-07-29,11.58,11.404,11.318999999999999,True,True,True,True,11.78,-1.6977928692699433,False,51.29643293316655,-0.1134532247438429,-0.18844619421395353,0.14998593894022128,True,False,False,False,2026-07-03,18.0,11.368665153806,10.255351972523725,13.595291516370555,False,False,2026-07-15,10.0,True,43086.0,33930.2,1.2698422054688745,False,49721300.0,0.7,71.03042857142857,2.29681978798586,2.8268551236748984,2.3058574078982335,12.499999999999792,87.50000000000021,True,14.52,False,False,False,False,True,False
1489,003040,楚天龙,C 制造业,腾讯前复权日K回退（成交额、换手率已提供）,False,2026-07-29,10.81,10.510000000000002,10.329,True,True,True,True,11.05,-2.1719457013574677,False,50.777305629025186,-0.2875051794596324,-0.460213050752342,0.3454157425854192,True,False,False,False,2026-07-09,14.0,10.394064942455408,7.907570407822746,15.367054011720732,False,False,2026-07-21,6.0,True,162777.0,124802.6,1.3042757122047137,False,176918300.00000003,3.56,49.69615168539327,0.7455731593662529,5.87138863000931,4.656791557750023,61.904761904761806,23.809523809523903,False,15.28,False,False,False,False,False,False
1490,003041,真爱美家,C 制造业,腾讯前复权日K回退（成交额、换手率已提供）,False,2026-07-29,36.24,35.262,39.064499999999995,True,False,False,True,48.0,-24.499999999999996,False,37.77628868200238,-2.986877190003561,-3.0514887522239214,0.12922312444072048,True,False,True,False,,,8.7871883469476,7.149423795189726,12.062717450463346,False,False,2026-07-21,6.0,True,20823.0,17917.4,1.162166385747932,False,74323400.0,1.52,48.89697368421053,0.8066759388039024,5.25730180806676,-7.2303498060899125,29.100529100528945,70.89947089947105,True,71.0,False,True,False,False,True,False
1491,003042,中农联合,C 制造业,腾讯前复权日K回退（成交额、换手率已提供）,False,2026-07-29,12.22,11.836,12.136,True,True,False,True,13.06,-6.431852986217457,False,47.1873355102885,-0.42002708405245137,-0.5095799585478513,0.1791057489907999,True,False,False,False,2026-07-02,19.0,9.295488441008544,7.34747831704514,13.191508688935352,False,False,2026-07-27,2.0,True,30409.0,30889.0,0.9844604875522031,False,36879200.0,2.47,14.930850202429149,3.0354131534570117,3.625632377740301,0.6921555702043624,6.976744186046367,93.02325581395363,True,17.41,False,False,False,False,True,False
1492,003043,华亚智能,C 制造业,腾讯前复权日K回退（成交额、换手率已提供）,False,2026-07-29,61.96,66.42800000000001,80.4515,False,False,False,False,108.07,-42.66679004349033,False,36.755022687665516,-5.108409685505265,-2.751972159174813,-4.712875052660904,False,True,False,False,,,34.00403635034164,37.625495166377654,26.76111871826963,False,False,,,False,75276.0,82889.6,0.9081477048990464,False,466353900.0,8.01,58.221460674157306,-6.035790112223227,10.67637245981195,-22.984655351360754,8.096590909090812,35.51136363636364,False,108.07,False,False,False,False,False,False
1493,003816,中国广核,D 水电煤气,腾讯前复权日K回退（成交额、换手率已提供）,False,2026-07-29,4.08,4.07,3.934,True,True,True,False,4.2,-2.8571428571428594,False,55.0552874316415,0.008490113133062138,-0.022597297691799512,0.0621748216497233,True,False,False,False,2026-07-09,14.0,30.962484769988965,29.887357136229586,33.11274003750773,False,False,,,False,855321.0,1040155.2,0.8223013258021495,False,347458200.0,0.22,1579.3554545454544,1.4925373134328401,2.2388059701492504,3.711235383833246,22.22222222222178,77.77777777777821,True,4.85,False,False,False,True,False,False
