序号,股票代码,股票名称,所属行业,数据来源,缓存命中,数据日期,收盘价,MA5,MA20,站上MA5,站上MA20,MA5高于MA20,MA5上行,前20日平台最高价,平台突破幅度（%）,收盘突破前20日平台,RSI14,MACD_DIF,MACD_DEA,MACD柱,MACD多头,MACD空头,MACD金叉,MACD死叉,最近MACD金叉日期,最近MACD金叉距今交易日数,"KDJ_K(89,3,3)","KDJ_D(89,3,3)","KDJ_J(89,3,3)",KDJ金叉,KDJ死叉,最近KDJ健康金叉日期,最近KDJ健康金叉距今交易日数（0=当日）,KDJ金叉且状态良好,当日成交量,5日均量,量比,放量,当日成交额,换手率,估算流通市值（亿元）,当日涨跌幅,振幅,BIAS20,上影线比例,收盘日内位置（%）,收盘位于日内高位,60日最高价,触及60日高点压力,近3日十字星,近3日倒T字星,近3日吊颈线,近3日长上影阳线,近3日极端大阳线
1,000001,平安银行,J 金融业,腾讯前复权日K回退（成交额、换手率已提供）,False,2026-08-06,11.27,11.442,11.072999999999999,False,True,True,False,11.66,-3.3447684391080665,False,58.34910784841591,0.21463795324173418,0.19852201555867285,0.03223187536612265,True,False,False,False,,,83.62364137976427,88.07387967756428,74.72316478416425,False,False,,,False,1046343.0,1719235.6,0.6086094308424046,False,1171011800.0,0.54,2168.54037037037,0.1777777777777656,1.4222222222222236,1.779102320960905,6.2499999999998614,93.75000000000013,True,11.66,False,False,False,False,False,False
2,000002,万 科Ａ,K 房地产,腾讯前复权日K回退（成交额、换手率已提供）,False,2026-08-06,3.26,3.3,3.1875,False,True,True,False,3.4,-4.117647058823533,False,54.21902538687565,0.039954857044965486,0.022034620875733817,0.03584047233846334,True,False,False,False,,,30.271775955074222,28.441189598971718,33.932948667279234,False,False,2026-07-27,8.0,True,1312120.0,1493446.4,0.8785852642585633,False,425181500.0,1.35,314.94925925925924,-0.6097560975609762,2.743902439024386,2.274509803921562,22.22222222222228,66.66666666666634,False,4.1,False,False,False,False,False,False
3,000006,深振业Ａ,K 房地产,腾讯前复权日K回退（成交额、换手率已提供）,False,2026-08-06,6.83,6.692,6.414499999999999,True,True,True,True,7.39,-7.577807848443838,False,51.948741193543825,-0.16596413076600935,-0.30943400658457315,0.2869397516371276,True,False,False,False,2026-07-27,8.0,19.66014662778355,17.101442979397195,24.777553924556265,False,False,,,False,204918.0,193573.2,1.0586072865458647,False,138271800.0,1.52,90.96828947368421,0.589101620029453,3.38733431516936,6.47751188713073,8.695652173912876,91.30434782608712,True,11.25,False,False,False,False,False,False
4,000007,全新好,K 房地产,腾讯前复权日K回退（成交额、换手率已提供）,False,2026-08-06,9.82,9.408,9.489500000000001,True,True,False,True,11.42,-14.01050788091068,False,46.17219679661446,-0.6071089013851569,-0.7776333080231199,0.34104881327592595,True,False,False,False,2026-07-31,4.0,13.652772791053565,11.513607793934327,17.93110278529204,False,False,2026-07-31,4.0,True,83283.0,89580.2,0.9297032156659619,False,80146100.0,2.4,33.39420833333333,2.827225130890043,4.502617801047117,3.4827967753833065,2.3255813953487894,97.67441860465121,True,14.75,False,False,False,False,False,False
5,000008,神州高铁,C 制造业,腾讯前复权日K回退（成交额、换手率已提供）,False,2026-08-06,2.44,2.4219999999999997,2.3725,True,True,True,True,2.86,-14.685314685314681,False,53.93898032965738,-0.007060333196292401,-0.027619150206059064,0.041117634019533326,True,False,False,False,2026-07-28,7.0,17.345101115286656,15.635169603835854,20.764964138188265,False,False,2026-07-28,7.0,True,359440.0,313118.2,1.1479371049015994,False,86922000.0,1.32,65.85,0.8264462809917328,2.892561983471086,2.8451001053740734,14.285714285714556,85.71428571428544,True,2.87,False,False,False,False,False,False
6,000009,中国宝安,J 金融业,腾讯前复权日K回退（成交额、换手率已提供）,False,2026-08-06,7.5,7.76,6.617,False,True,True,True,8.15,-7.97546012269939,False,64.7950996794634,0.29776067085977953,0.1060324002575154,0.38345654120452827,True,False,False,False,,,47.29424467150752,40.92891537723853,60.02490326004549,False,False,2026-07-27,8.0,True,490059.0,940049.8,0.5213117432714734,False,368687800.0,1.9,194.0462105263158,-1.8324607329842868,4.188481675392662,13.344415898443405,21.874999999999854,31.24999999999995,False,8.45,False,False,False,False,False,False
7,000010,*ST美丽,E 建筑业,腾讯前复权日K回退（成交额、换手率已提供）,False,2026-08-06,1.57,1.598,1.5895,False,False,True,True,1.89,-16.931216931216923,False,43.06566318900952,-0.08721361060072907,-0.11632791553786231,0.05822860987426648,True,False,False,False,2026-07-29,6.0,5.667324876072551,5.1204628692730045,6.761048889671644,False,False,2026-07-28,7.0,True,217902.0,256668.0,0.8489644209640469,False,34092400.0,2.37,14.384978902953586,0.0,3.184713375796181,-1.2268008807801103,40.0,60.0,False,2.86,False,True,False,False,False,False
8,000011,深物业A,K 房地产,腾讯前复权日K回退（成交额、换手率已提供）,False,2026-08-06,8.1,8.022,7.3285,True,True,True,True,9.09,-10.891089108910894,False,64.61114882506999,0.32650547321744483,0.23297208099206906,0.18706678445075153,True,False,False,False,2026-07-15,16.0,63.22584090472242,59.027299532821495,71.62292364852426,False,False,,,False,97259.0,172849.4,0.5626805762704412,False,78539300.0,1.85,42.453675675675676,-0.3690036900369176,3.321033210332109,10.527393054513198,51.85185185185197,48.14814814814803,False,9.09,False,True,False,False,True,False
9,000012,南 玻Ａ,C 制造业,腾讯前复权日K回退（成交额、换手率已提供）,False,2026-08-06,3.89,3.9400000000000004,3.8735,False,True,True,False,4.32,-9.953703703703706,False,44.068858000074776,-0.09575073160815872,-0.1247455052601544,0.05798954730399136,True,False,False,False,2026-07-30,5.0,17.79857748551011,17.28484710151138,18.826038253507562,False,False,2026-07-29,6.0,True,286351.0,266080.8,1.0761806188195466,False,111183900.0,1.46,76.15335616438357,-1.7676767676767624,2.2727272727272694,0.42597134374597084,11.11111111111089,44.44444444444456,False,5.41,False,False,False,False,False,False
10,000014,沙河股份,K 房地产,腾讯前复权日K回退（成交额、换手率已提供）,False,2026-08-06,10.1,10.107999999999999,9.4545,False,True,True,True,10.5,-3.809523809523813,False,58.049190677202496,0.12577404236664158,-0.027962457066300208,0.3074729988658836,True,False,False,False,,,23.998415287508532,21.822852196185952,28.34954147015369,False,False,2026-07-27,8.0,True,50926.0,77439.0,0.6576272937408799,False,51307000.0,2.1,24.43190476190476,-0.29615004935835687,2.0730503455083813,6.82743667036861,33.33333333333361,66.66666666666639,False,13.1,False,False,False,False,True,False
11,000016,*ST康佳A,C 制造业,腾讯前复权日K回退（成交额、换手率已提供）,False,2026-08-06,2.59,2.582,2.509,True,True,True,True,2.78,-6.834532374100719,False,51.590198020628485,-0.012484849388399333,-0.04130004543353522,0.05763039209027178,True,False,False,False,,,29.264680443663618,27.612099554721237,32.56984222154838,False,False,,,False,170897.0,161103.4,1.0607907716410703,False,44542800.0,1.07,41.62878504672897,-1.1450381679389388,4.19847328244276,3.228377839776802,54.54545454545443,36.363636363636296,False,3.64,False,True,False,False,False,False
12,000017,深中华A,C 制造业,腾讯前复权日K回退（成交额、换手率已提供）,False,2026-08-06,6.17,6.108,5.7925,True,True,True,True,6.67,-7.496251874062969,False,59.22492022454817,0.12118814773208886,0.07259850508706196,0.09717928529005379,True,False,False,False,2026-07-28,7.0,54.65978491677893,49.99173698991484,63.995880770507114,False,False,,,False,101536.0,91230.0,1.1129672256933025,False,62747500.0,2.3,27.281521739130437,-0.4838709677419395,4.999999999999993,6.517047906775994,29.03225806451612,32.25806451612896,False,6.67,False,False,False,False,False,False
13,000019,深粮控股,F 批发零售,腾讯前复权日K回退（成交额、换手率已提供）,False,2026-08-06,6.29,6.1579999999999995,6.0395,True,True,True,True,6.23,0.9630818619582602,True,60.43156295086224,0.02162908444630851,-0.017496523395424426,0.07825121568346588,True,False,False,False,,,20.995622933722327,18.94368281060085,25.099503179965275,False,False,2026-07-29,6.0,True,215110.0,61669.8,3.4880930374348544,True,132763200.0,5.17,25.67953578336557,3.284072249589487,4.926108374384234,4.147694345558403,6.666666666666529,93.33333333333347,True,7.24,False,False,False,False,False,False
14,000020,深华发Ａ,C 制造业,腾讯前复权日K回退（成交额、换手率已提供）,False,2026-08-06,11.06,10.83,10.299,True,True,True,True,10.99,0.6369426751592382,True,58.41562643292482,-0.07457254538718949,-0.26825577027728725,0.3873664497801955,True,False,False,False,2026-07-23,10.0,20.01350514747949,14.920078181582127,30.200359079274207,False,False,,,False,33663.0,44896.6,0.7497895163553587,False,36799600.0,1.86,19.7847311827957,1.2820512820512775,2.8388278388278434,7.389066899699009,6.4516129032256595,93.54838709677435,True,14.7,False,False,False,False,False,False
15,000021,深科技,C 制造业,腾讯前复权日K回退（成交额、换手率已提供）,False,2026-08-06,39.91,37.378,41.7105,True,False,False,True,61.86,-35.483349498868414,False,46.59257250873864,-2.551978785099358,-2.2498076899955652,-0.6043421902075856,False,True,False,False,,,31.984102935024595,31.601197200578287,32.74991440391721,True,False,,,False,1671004.0,1472580.4,1.1347455120277306,False,6575241600.0,10.62,619.1376271186441,3.1266149870800897,8.320413436692503,-4.316658874863659,27.01863354037282,72.98136645962718,True,66.2,False,False,False,False,False,False
16,000025,特 力Ａ,F 批发零售,腾讯前复权日K回退（成交额、换手率已提供）,False,2026-08-06,15.15,15.374,14.218,False,True,True,False,15.98,-5.193992490613267,False,58.73169677209383,0.338549627325591,0.14416783715796538,0.38876358033525127,True,False,False,False,2026-07-16,15.0,64.57043025903745,59.85124311304812,74.00880455101613,False,False,,,False,96649.0,136957.6,0.7056855552375333,False,147571500.0,2.46,59.988414634146345,-0.8507853403141308,3.4031413612565418,6.555071036714027,17.307692307692292,13.461538461538527,False,16.2,False,True,False,False,True,False
17,000026,飞亚达,F 批发零售,腾讯前复权日K回退（成交额、换手率已提供）,False,2026-08-06,17.09,16.518,16.788999999999998,True,True,False,True,20.49,-16.59346022449975,False,46.63639024643977,-0.8362329761429663,-1.0510555600458404,0.42964516780574824,True,False,False,False,2026-07-31,4.0,22.036739177795834,21.2996497357987,23.5109180617901,False,False,,,False,120157.0,116512.8,1.031277250224868,False,205730000.0,3.3,62.34242424242425,0.058548009367687115,4.5081967213114735,1.7928405503603666,62.33766233766242,37.66233766233758,False,27.67,False,False,False,False,True,False
18,000027,深圳能源,D 水电煤气,腾讯前复权日K回退（成交额、换手率已提供）,False,2026-08-06,6.37,6.481999999999999,6.3405000000000005,False,True,True,False,6.65,-4.210526315789477,False,47.02072555405486,-0.012400085550242856,-0.04587158121109716,0.06694299132170861,True,False,False,False,2026-07-15,16.0,22.83187604735377,23.269582817815905,21.956462506429496,False,True,,,False,215171.0,256037.6,0.8403882867203879,False,136995500.0,0.45,304.4344444444444,-1.0869565217391353,2.018633540372669,0.4652629918776064,7.692307692307534,38.46153846153836,False,8.29,False,False,False,False,False,False
19,000028,国药一致,F 批发零售,腾讯前复权日K回退（成交额、换手率已提供）,False,2026-08-06,20.4,20.79,20.722,False,False,True,False,22.08,-7.608695652173912,False,47.05251003510119,0.08106067059423339,0.10529390215586132,-0.048466463123255865,False,True,False,True,2026-07-30,5.0,35.859422746266276,37.499415648381316,32.579436942036196,False,False,,,False,30709.0,29400.4,1.0445095985088637,False,62687400.0,0.58,108.08172413793105,-0.9708737864077777,1.941747572815527,-1.5539040633143648,14.999999999999734,34.999999999999375,False,22.08,False,False,False,False,False,False
20,000029,深深房Ａ,K 房地产,腾讯前复权日K回退（成交额、换手率已提供）,False,2026-08-06,22.39,21.344,20.7805,True,True,True,True,24.56,-8.835504885993478,False,55.330219009910245,-0.46609281134541547,-0.8637957072427995,0.7954057917947681,True,False,False,False,2026-07-31,4.0,23.734885873618612,19.65284404081176,31.89896953923232,False,False,,,False,47261.0,56583.8,0.835239061356784,False,105219200.0,0.53,198.52679245283016,1.4959202175883979,2.810516772438808,7.745241933543469,29.032258064516036,70.96774193548396,True,31.08,False,False,False,False,False,False
21,000030,富奥股份,C 制造业,腾讯前复权日K回退（成交额、换手率已提供）,False,2026-08-06,4.24,4.3,4.182,False,True,True,False,4.38,-3.1963470319634633,False,52.47616789510958,0.037071384398182694,0.01794138324978079,0.038260002296803805,True,False,False,False,,,25.531494268637754,25.160784119197107,26.272914567519045,False,False,,,False,90002.0,99038.6,0.9087567877575006,False,38114100.0,0.54,70.58166666666666,-1.1655011655011593,2.3310023310023227,1.3868962219033913,30.000000000000355,40.00000000000018,False,4.82,False,False,False,False,False,False
22,000031,大悦城,K 房地产,腾讯前复权日K回退（成交额、换手率已提供）,False,2026-08-06,2.24,2.242,2.161,False,True,True,True,2.29,-2.18340611353711,False,52.929649510298006,-0.008093454371735032,-0.03575118072985296,0.05531545271623586,True,False,False,False,,,17.644596700665193,15.740173480456702,21.45344314108218,False,False,2026-07-27,8.0,True,289341.0,301315.8,0.960258307065212,False,64182600.0,0.68,94.38617647058823,0.0,3.124999999999993,3.6557149467839047,14.285714285714013,85.71428571428599,True,3.12,False,True,False,True,False,False
23,000032,深桑达Ａ,E 建筑业,腾讯前复权日K回退（成交额、换手率已提供）,False,2026-08-06,14.58,13.956,15.6155,True,False,False,True,23.5,-37.95744680851064,False,41.57274031884465,-1.6475982815134067,-1.7033043611041774,0.11141215918154135,True,False,True,False,,,12.17327335206393,9.393161449144396,17.733497157903,False,False,2026-08-04,2.0,True,436723.0,642735.6,0.6794753550293464,False,632479200.0,3.59,176.17805013927577,-0.2735978112175075,3.898768809849523,-6.631231788927673,28.0701754385965,71.92982456140349,True,27.19,False,False,False,False,False,False
24,000034,神州数码,F 批发零售,腾讯前复权日K回退（成交额、换手率已提供）,False,2026-08-06,25.57,24.869999999999997,25.920499999999997,True,False,False,True,30.58,-16.38325703073904,False,48.63802776015594,-0.4558068700739746,-0.38033698331632937,-0.15093977351529042,False,True,False,False,,,34.2065571007408,32.87122550379459,36.87722029463322,False,False,,,False,424627.0,495694.4,0.8566306175740537,False,1088937700.0,5.0,217.78754,-1.2741312741312627,3.70656370656371,-1.35221156999285,59.37499999999998,40.62500000000002,False,31.34,False,True,False,False,True,False
25,000035,中国天楹,N 公共环保,腾讯前复权日K回退（成交额、换手率已提供）,False,2026-08-06,4.96,5.066,4.7170000000000005,False,True,True,False,5.29,-6.238185255198489,False,52.71349668017355,0.04163882696424892,-0.037746593864681946,0.15877084165786173,True,False,False,False,,,23.32421999913922,21.056131032480042,27.86039793245758,False,False,2026-07-23,10.0,True,653781.0,444801.4,1.4698267586387992,False,327748900.0,2.83,115.81233215547702,-4.061895551257255,6.7698259187620815,5.151579393682413,5.714285714285598,14.28571428571425,False,6.71,False,False,False,False,False,False
26,000036,华联控股,K 房地产,腾讯前复权日K回退（成交额、换手率已提供）,False,2026-08-06,4.16,4.08,4.139,True,True,False,True,4.97,-16.297786720321923,False,47.453744678221604,-0.13057926605579695,-0.17494616503748173,0.08873379796336955,True,False,False,False,2026-07-31,4.0,13.751841581167403,11.737788589498294,17.77994756450562,False,False,2026-08-04,2.0,True,210912.0,268114.4,0.7866492810531623,False,87397500.0,1.5,58.265,-0.4784688995215225,2.8708133971291896,0.5073689296931604,25.000000000000185,58.33333333333351,False,6.38,False,False,False,False,False,False
27,000037,深南电A,D 水电煤气,腾讯前复权日K回退（成交额、换手率已提供）,False,2026-08-06,10.07,9.904,9.2935,True,True,True,True,10.7,-5.88785046728971,False,56.92749803735233,0.12708775265242167,-0.022298151899879652,0.29877180910460266,True,False,False,False,2026-07-16,15.0,38.88285916854407,34.34566103089821,47.95725544383579,False,False,,,False,263241.0,375176.8,0.7016451976774684,False,263583700.0,7.77,33.923256113256116,-0.39564787339266827,1.6815034619188916,8.355302092860606,17.647058823529044,82.35294117647096,True,12.91,False,False,False,False,False,False
28,000039,中集集团,C 制造业,腾讯前复权日K回退（成交额、换手率已提供）,False,2026-08-06,8.5,8.64,8.197999999999999,False,True,True,False,8.91,-4.601571268237937,False,50.648858347836956,0.011982576658324362,-0.09916905074104292,0.22230325479873456,True,False,False,False,,,19.500087554394028,18.987785555585216,20.524691552011653,False,False,,,False,373762.0,346132.0,1.079825037846833,False,318458400.0,1.62,196.57925925925926,-2.073732718894006,3.456221198156691,3.6838253232495908,6.666666666667101,29.999999999999883,False,13.12,False,False,False,False,False,False
29,000042,中洲控股,K 房地产,腾讯前复权日K回退（成交额、换手率已提供）,False,2026-08-06,8.41,8.238,8.019,True,True,True,True,8.62,-2.436194895591637,False,55.58865812120203,-0.036459446063741296,-0.1366478438125639,0.2003767954976452,True,False,False,False,2026-07-14,17.0,31.062857851742248,27.479619161007903,38.22933523321093,False,False,,,False,52880.0,46207.4,1.1444054415526517,False,44413600.0,0.8,55.517,1.2033694344163681,2.5270758122743784,4.875919690734506,28.57142857142869,71.4285714285713,True,10.49,False,False,False,False,False,False
30,000045,深纺织Ａ,C 制造业,腾讯前复权日K回退（成交额、换手率已提供）,False,2026-08-06,10.13,9.870000000000001,9.3485,True,True,True,True,10.01,1.1988011988012086,True,58.11629568764589,-0.03493452672803876,-0.20949873029981503,0.34912840714355253,True,False,False,False,2026-07-27,8.0,22.10589714596826,18.78241348562982,28.752864466645143,False,False,2026-07-23,10.0,True,82468.0,86656.2,0.951668778460168,False,82676000.0,1.8,45.93111111111111,1.503006012024044,2.404809619238479,8.359629887147683,4.166666666666574,95.83333333333343,True,12.75,False,False,False,False,False,False
31,000048,京基智农,A 农林牧渔,腾讯前复权日K回退（成交额、换手率已提供）,False,2026-08-06,21.6,19.883999999999997,19.783,True,True,True,True,26.38,-18.11978771796815,False,58.67281266349037,0.03254646273937212,-0.14564233742475569,0.3563776003282556,True,False,False,False,2026-08-05,1.0,55.91416502475153,49.36432446926682,69.01384613572097,False,False,,,False,191569.0,227105.4,0.8435246365784346,False,411271400.0,3.62,113.61088397790054,2.031176192725548,4.534718941898917,9.18465349037052,37.49999999999991,62.500000000000085,False,26.38,False,False,False,False,True,True
32,000049,德赛电池,C 制造业,腾讯前复权日K回退（成交额、换手率已提供）,False,2026-08-06,24.7,24.758,24.307499999999997,False,True,True,True,25.19,-1.9452163556967126,False,52.38263317522951,0.13155612774249548,0.03277046172668787,0.1975713320316152,True,False,False,False,,,27.357396527769424,26.059560827434222,29.95306792843983,False,False,,,False,78081.0,84811.6,0.9206405727518405,False,193328500.0,2.03,95.23571428571431,-1.5151515151515138,2.1929824561403537,1.614727964619981,3.636363636363554,32.727272727272634,False,28.57,False,False,False,False,False,False
33,000050,深天马Ａ,C 制造业,腾讯前复权日K回退（成交额、换手率已提供）,False,2026-08-06,6.71,6.601999999999999,6.5735,True,True,True,True,8.16,-17.769607843137255,False,42.86215488844862,-0.39608858972361105,-0.5003970248084613,0.20861687016970043,True,False,False,False,2026-07-31,4.0,11.695199043783434,9.840504928338683,15.404587274672938,False,False,2026-07-29,6.0,True,358571.0,322954.8,1.110282305759196,False,238114300.0,1.47,161.98251700680274,-0.14880952380952328,2.380952380952383,2.076519358028445,6.2499999999998614,93.75000000000013,True,10.99,False,False,False,False,True,False
34,000055,方大集团,C 制造业,腾讯前复权日K回退（成交额、换手率已提供）,False,2026-08-06,3.45,3.442,3.3305,True,True,True,True,3.52,-1.988636363636359,False,54.26535250190751,0.005307262236151189,-0.024770184697601564,0.060154893867505506,True,False,False,False,2026-07-15,16.0,22.77525836218642,20.519276817636616,27.28722145128603,False,False,2026-07-27,8.0,True,67061.0,93529.8,0.7170014262833877,False,22957600.000000004,0.99,23.189494949494954,0.5830903790087438,1.7492711370262406,3.588049842366023,0.0,100.0,True,4.44,False,False,False,False,False,False
35,000056,*ST皇庭,L 商务服务,腾讯前复权日K回退（成交额、换手率已提供）,False,2026-08-06,2.06,1.9759999999999998,1.9255,True,True,True,True,2.28,-9.649122807017534,False,57.5133389189975,0.008520556432259463,-0.006849002726267914,0.030739118317054753,True,False,False,False,2026-08-05,1.0,63.54353647847963,58.786658721700924,73.05729199203704,False,False,,,False,374326.0,205157.0,1.8245831241439483,True,78845800.0,4.14,19.04487922705314,-1.4354066985645786,5.263157894736858,6.985198649701379,9.090909090909275,9.090909090909275,False,2.42,False,True,False,False,False,True
36,000058,深 赛 格,L 商务服务,腾讯前复权日K回退（成交额、换手率已提供）,False,2026-08-06,6.81,6.874,6.3469999999999995,False,True,True,True,7.17,-5.020920502092055,False,60.27702137008649,0.11691322587936348,0.005977027679516678,0.2218723963996936,True,False,False,False,,,34.627265761168935,30.153477937841476,43.57484140782386,False,False,2026-07-27,8.0,True,78149.0,129498.2,0.603475569544596,False,53298000.0,0.79,67.46582278481013,-1.447178002894367,2.6049204052098496,7.294784937765876,16.66666666666675,27.777777777777583,False,8.33,False,False,False,False,False,False
37,000059,华锦股份,C 制造业,腾讯前复权日K回退（成交额、换手率已提供）,False,2026-08-06,4.58,4.584,4.492500000000001,False,True,True,False,4.69,-2.345415778251606,False,56.46511783592374,0.08084625771061926,0.0757860146663412,0.010120486088556119,True,False,False,False,,,42.629331270188,41.993419171505735,43.90115546755251,False,False,,,False,200907.0,207328.8,0.9690260108581152,False,91605000.0,1.26,72.70238095238095,1.103752759381904,1.9867549668874138,1.947690595436827,22.22222222222178,77.77777777777821,True,5.2,False,True,False,False,False,False
38,000060,中金岭南,C 制造业,腾讯前复权日K回退（成交额、换手率已提供）,False,2026-08-06,6.59,6.481999999999999,6.295,True,True,True,True,6.8,-3.0882352941176463,False,50.36822926757871,-0.13843261405432994,-0.23126197625126255,0.18565872439386522,True,False,False,False,2026-07-27,8.0,22.358627144839634,20.27241907549687,26.531043283525165,False,False,2026-08-04,2.0,True,2187384.0,1299465.4,1.6832952997440334,False,1455532500.0,4.93,295.23985801217043,-1.788375558867361,4.470938897168403,4.686258935663224,3.3333333333335604,36.6666666666665,False,8.86,False,False,False,False,False,False
39,000061,农 产 品,L 商务服务,腾讯前复权日K回退（成交额、换手率已提供）,False,2026-08-06,5.87,5.976,5.769,False,True,True,False,6.16,-4.707792207792208,False,51.888662874148636,0.038194835195050736,-0.004866030433476788,0.08612173125705505,True,False,False,False,,,26.631436996334926,23.899389407300294,32.09553217440419,False,False,2026-07-28,7.0,True,225569.0,211234.4,1.0678611059562269,False,132615500.0,1.26,105.25039682539682,-0.8445945945945943,3.0405405405405506,1.7507366961345119,27.777777777778077,38.888888888888914,False,7.37,False,False,False,False,False,False
40,000062,深圳华强,F 批发零售,腾讯前复权日K回退（成交额、换手率已提供）,False,2026-08-06,22.99,22.532000000000004,23.459,True,False,False,True,33.25,-30.85714285714286,False,41.029832215312766,-1.9300901783854805,-2.261754425573166,0.6633284943753708,True,False,False,False,2026-08-04,2.0,10.532652054133811,8.502708016943215,14.592540128515001,False,False,2026-08-04,2.0,True,274719.0,270375.6,1.0160643194134382,False,631503900.0,2.63,240.1155513307985,-1.203266007735282,2.44950580146111,-1.9992327038663251,50.877192982455966,47.36842105263148,False,37.27,False,True,False,False,False,False
41,000063,中兴通讯,C 制造业,腾讯前复权日K回退（成交额、换手率已提供）,False,2026-08-06,34.7,34.328,35.7965,True,False,False,True,42.59,-18.52547546372388,False,46.63365366721396,-0.7243110621275051,-0.6729887409972325,-0.10264464226054515,False,True,False,False,,,27.383579160757453,26.507063160679945,29.136611160912473,False,False,,,False,1501508.0,1266164.6,1.1858710944848718,False,5160714100.0,3.73,1383.5694638069706,-0.11514104778352907,2.9648819804260045,-3.0631486318494794,27.18446601941705,72.81553398058294,True,42.59,False,False,False,False,True,False
42,000065,北方国际,F 批发零售,腾讯前复权日K回退（成交额、换手率已提供）,False,2026-08-06,9.2,9.25,9.0455,False,True,True,False,9.48,-2.9535864978903072,False,43.10228845699235,-0.2640096701657946,-0.39260223923011006,0.257185138128631,True,False,False,False,2026-07-20,13.0,10.027781288735484,9.78428290518029,10.514778055845873,False,False,,,False,236306.0,214862.0,1.0998035948655416,False,218271900.0,2.22,98.32067567567566,-0.9687836383207693,4.6286329386437,1.7080316179315542,65.11627906976733,30.23255813953467,False,13.12,False,True,False,False,True,False
43,000066,中国长城,C 制造业,腾讯前复权日K回退（成交额、换手率已提供）,False,2026-08-06,14.73,14.264,15.184999999999999,True,False,False,True,20.4,-27.79411764705882,False,43.737260136281385,-0.9105844170706376,-0.9751671361592631,0.1291654381772509,True,False,True,False,,,10.038148591123758,8.20444545262355,13.705554868124171,False,False,2026-08-05,1.0,True,1440052.0,1249117.4,1.1528556082879,False,2131996600.0,4.46,478.02614349775786,0.06793478260869179,3.8043478260869596,-2.9963780046098014,66.07142857142837,33.92857142857162,False,25.61,False,True,False,False,True,False
44,000068,华控赛格,F 批发零售,腾讯前复权日K回退（成交额、换手率已提供）,False,2026-08-06,2.91,2.866,2.7195,True,True,True,True,2.92,-0.34246575342465024,False,55.657324861986886,-0.01892743350382542,-0.06803544408708735,0.09821602116652386,True,False,False,False,2026-07-24,9.0,22.69622865906094,19.449277771081622,29.190130435019576,False,False,2026-07-23,10.0,True,150785.0,126932.2,1.1879176442226638,False,43551100.0,1.5,29.034066666666664,1.041666666666674,3.12500000000001,7.004964147821295,22.222222222222168,77.77777777777783,True,4.22,False,False,False,False,False,False
45,000069,华侨城Ａ,K 房地产,腾讯前复权日K回退（成交额、换手率已提供）,False,2026-08-06,1.93,1.8219999999999998,1.7165,True,True,True,True,1.83,5.464480874316932,True,67.39776531868208,0.02548790287903313,-0.004881938899158286,0.06073968355638283,True,False,False,False,,,35.306000053394904,27.450842163203202,51.0163158337783,False,False,2026-07-28,7.0,True,1582737.0,542312.4,2.9184967926235874,True,301289500.0,2.29,131.5674672489083,5.464480874316924,9.836065573770487,12.438100786484126,27.777777777777814,72.22222222222219,True,2.28,False,False,False,False,False,False
46,000070,特发信息,C 制造业,腾讯前复权日K回退（成交额、换手率已提供）,False,2026-08-06,14.26,13.522,14.015,True,True,False,True,18.92,-24.630021141649056,False,45.34908385605625,-1.2119251478542115,-1.4811402321240574,0.538430168539692,True,False,False,False,2026-08-04,2.0,14.75296663528106,12.128581181283183,20.001737543276814,False,False,2026-08-04,2.0,True,640411.0,517895.0,1.2365653269485126,False,908394600.0000001,7.48,121.443128342246,0.635144671841914,4.516584333098086,1.7481270067784458,42.187500000000014,57.812499999999986,False,26.05,False,False,False,False,False,False
47,000078,ST海王,F 批发零售,腾讯前复权日K回退（成交额、换手率已提供）,False,2026-08-06,1.66,1.658,1.7725000000000002,True,False,False,True,2.3,-27.82608695652174,False,47.670878006435736,-0.02970760223467961,-0.02484550535486975,-0.00972419375961972,False,True,False,False,,,14.175788690350068,13.949864893554931,14.62763628394034,False,False,2026-08-04,2.0,True,787349.0,874891.6,0.8999389181471168,False,130703400.0,3.0,43.5678,-1.7751479289940808,2.9585798816568074,-6.346967559943597,40.0,40.0,False,2.34,False,False,False,False,False,False
48,000088,盐 田 港,G 运输仓储,腾讯前复权日K回退（成交额、换手率已提供）,False,2026-08-06,4.47,4.522,4.383,False,True,True,False,4.67,-4.282655246252681,False,59.78835818256192,0.07283294456517453,0.058417153358107723,0.02883158241413361,True,False,False,False,,,76.72999390549637,75.96648493147669,78.25701185353574,False,False,,,False,195941.0,318070.4,0.6160302876344356,False,87652700.0,0.62,141.37532258064516,-0.8869179600886956,1.9955654101995532,1.9849418206707676,11.11111111111089,44.44444444444456,False,4.67,False,False,False,False,False,False
49,000089,深圳机场,G 运输仓储,腾讯前复权日K回退（成交额、换手率已提供）,False,2026-08-06,6.59,6.698,6.584999999999999,False,True,True,False,6.88,-4.215116279069768,False,52.220897944699885,0.0794177383588126,0.0822320722322565,-0.005628667746887778,False,True,False,True,,,63.62229666376928,65.09280688709953,60.6812762171088,False,True,,,False,141194.0,156051.8,0.9047893071403215,False,93277400.0,0.69,135.18463768115944,-0.45317220543806824,1.963746223564953,0.07593014426728599,38.46153846153836,30.76923076923082,False,6.88,False,False,False,False,False,False
50,000090,天健集团,E 建筑业,腾讯前复权日K回退（成交额、换手率已提供）,False,2026-08-06,3.42,3.3900000000000006,3.2700000000000005,True,True,True,True,3.47,-1.4409221902017366,False,60.334024964525796,0.04316984626814735,0.019049882173629393,0.04823992818903591,True,False,False,False,2026-07-10,19.0,42.346532854974946,39.2115070675971,48.616584429730636,False,False,,,False,213740.0,171446.8,1.2466841025904247,False,71865900.0,1.14,63.04026315789474,2.0895522388059584,3.8805970149253834,4.5871559633027355,7.69230769230785,92.30769230769215,True,3.97,False,False,False,False,False,False
51,000096,广聚能源,F 批发零售,腾讯前复权日K回退（成交额、换手率已提供）,False,2026-08-06,7.76,7.796000000000001,7.610000000000001,False,True,True,True,8.1,-4.19753086419753,False,54.121589181267304,0.049180810437468914,0.007224065085629194,0.08391349070367944,True,False,False,False,,,26.478610991680323,24.923374930319117,29.589083114402733,False,False,,,False,58908.0,64172.2,0.9179675934438901,False,45488700.0,1.15,39.55539130434783,0.5181347150259086,2.3316062176165766,1.9710906701708089,22.22222222222228,77.77777777777773,True,9.35,False,False,False,False,False,False
52,000099,中信海直,G 运输仓储,腾讯前复权日K回退（成交额、换手率已提供）,False,2026-08-06,14.36,14.569999999999999,13.982,False,True,True,False,14.86,-3.3647375504710633,False,49.406611952463955,-0.07497729652617657,-0.2359669814035043,0.32197936975465546,True,False,False,False,2026-07-21,12.0,23.741145111047057,21.74783249458193,27.727770343977305,False,False,,,False,78540.0,86535.8,0.9076012471139112,False,113159400.0,1.01,112.03900990099011,-1.3736263736263798,2.1978021978021998,2.703475897582607,25.0,25.0,False,17.74,False,False,False,False,False,False
53,000100,TCL科技,C 制造业,腾讯前复权日K回退（成交额、换手率已提供）,False,2026-08-06,4.82,4.7780000000000005,4.9639999999999995,True,False,False,True,5.49,-12.204007285974496,False,45.81707042528851,-0.07251229329641617,-0.036660961900831235,-0.07170266279116988,False,True,False,False,,,35.609582846600944,36.55667051515842,33.715407509485985,False,False,,,False,5318960.0,6100172.6,0.8719359842375608,False,2550948200.0,2.64,966.2682575757576,-1.0266940451745366,2.25872689938399,-2.9008863819500252,36.363636363636296,63.63636363636371,False,6.26,False,False,False,False,False,False
54,000151,中成股份,F 批发零售,腾讯前复权日K回退（成交额、换手率已提供）,False,2026-08-06,10.09,9.918,9.372000000000002,True,True,True,True,10.13,-0.3948667324777978,False,52.75417860144157,-0.22531614037374403,-0.4498320755195564,0.4490318702916247,True,False,False,False,2026-07-23,10.0,19.916909222989965,16.947590684695545,25.855546299578805,False,False,,,False,67314.0,73917.4,0.9106651478542266,False,67902200.0,2.19,31.00557077625571,1.1022044088176308,3.006012024048103,7.661118224498485,43.33333333333349,56.66666666666651,False,15.33,False,False,False,False,False,False
55,000153,丰原药业,C 制造业,腾讯前复权日K回退（成交额、换手率已提供）,False,2026-08-06,5.56,5.522,5.4605,True,True,True,True,5.83,-4.631217838765016,False,55.234554331909,0.020584696185082407,-0.002968832998617668,0.04710705836740015,True,False,False,False,2026-07-30,5.0,27.18032952733267,25.092827682233565,31.355333217530877,False,False,,,False,68119.0,70243.8,0.9697510669980838,False,37442500.0,1.48,25.298986486486488,0.9074410163339319,1.9963702359346538,1.8221774562768962,0.0,100.0,True,6.31,False,True,False,False,False,False
56,000155,川能动力,D 水电煤气,腾讯前复权日K回退（成交额、换手率已提供）,False,2026-08-06,11.97,12.166,11.6535,False,True,True,False,12.98,-7.781201848998458,False,48.58125252504028,-0.010163372292202766,-0.1311680348201169,0.24200932505582828,True,False,False,False,2026-07-17,14.0,18.78299363466625,19.0843823557458,18.180216192507153,False,True,,,False,436338.0,466954.2,0.934434255008307,False,525144200.0,2.36,222.51872881355933,-1.885245901639332,3.606557377049191,2.7159222551165003,43.18181818181835,25.0000000000002,False,16.52,False,False,False,False,False,False
57,000156,华数传媒,I 信息技术,腾讯前复权日K回退（成交额、换手率已提供）,False,2026-08-06,6.91,7.062,6.7379999999999995,False,True,True,True,7.21,-4.160887656033284,False,54.83784040883842,0.10555188524801018,0.056039930815504804,0.09902390886501075,True,False,False,False,,,48.3064568448803,44.29424986379727,56.33087080704637,False,False,2026-07-27,8.0,True,93455.0,111385.4,0.8390237858821713,False,65006600.0,0.55,118.19381818181817,-2.2630834512022635,3.111739745403108,2.5526862570495785,22.72727272727267,13.636363636363766,False,7.75,False,True,False,False,False,False
58,000157,中联重科,C 制造业,腾讯前复权日K回退（成交额、换手率已提供）,False,2026-08-06,7.27,7.4079999999999995,7.302000000000001,False,False,True,False,7.75,-6.193548387096779,False,48.51218838911562,0.07256002007396845,0.08177777071330782,-0.01843550127867874,False,True,False,True,2026-07-14,17.0,34.76067996000379,37.736234248742385,28.809571382526613,False,False,,,False,465940.0,587566.0,0.793000275713707,False,338813900.0,0.66,513.354393939394,-0.2743484224965731,2.0576131687242847,-0.4382360996987373,46.66666666666674,33.33333333333314,False,7.75,False,False,False,False,False,False
59,000158,常山北明,I 信息技术,腾讯前复权日K回退（成交额、换手率已提供）,False,2026-08-06,13.8,13.736,12.876499999999998,True,True,True,True,14.57,-5.284831846259435,False,57.25105730112037,0.030041081578307427,-0.22781023919454169,0.5157026415456982,True,False,False,False,2026-07-09,20.0,24.445614568909964,19.54985502359258,34.23713365954473,False,False,,,False,394367.0,500983.6,0.7871854487851498,False,546851200.0,2.48,220.50451612903225,-1.9886363636363535,3.1249999999999964,7.171979963499418,56.81818181818188,31.818181818181984,False,17.85,False,False,False,False,True,False
60,000159,国际实业,F 批发零售,腾讯前复权日K回退（成交额、换手率已提供）,False,2026-08-06,5.77,5.698,5.387,True,True,True,True,5.98,-3.511705685618743,False,58.42102144253932,0.004089461976047204,-0.09528510379682903,0.19874913154575247,True,False,False,False,2026-07-28,7.0,31.13777351644126,25.2047256653381,43.00386921864759,False,False,2026-07-28,7.0,True,89371.0,135303.2,0.6605239196116574,False,51116300.0,1.86,27.481881720430106,0.3478260869565153,2.6086956521739193,7.109708557638761,13.333333333333611,86.66666666666639,True,7.38,False,False,False,True,False,False
61,000166,申万宏源,J 金融业,腾讯前复权日K回退（成交额、换手率已提供）,False,2026-08-06,4.54,4.644,4.638,False,False,True,False,4.78,-5.020920502092054,False,44.17251873970926,0.01984850220606571,0.0324967895760689,-0.025296574740006378,False,True,False,False,,,64.87809585858703,66.9308837920027,60.7725199917557,False,True,,,False,1092680.0,746929.0,1.462896741189591,False,497518700.0,0.48,1036.4972916666668,-2.155172413793094,3.017241379310338,-2.1129797326433777,7.1428571428570065,28.571428571428665,False,4.78,False,False,False,False,False,False
62,000301,东方盛虹,C 制造业,腾讯前复权日K回退（成交额、换手率已提供）,False,2026-08-06,12.9,12.336000000000002,11.918000000000001,True,True,True,True,12.7,1.574803149606308,True,59.84715013848715,0.10477497758184207,-0.015913596302822176,0.24137714776932848,True,False,False,False,2026-07-30,5.0,58.91176969236045,52.31591428060674,72.10348051586787,False,False,,,False,293895.0,337969.2,0.8695910751630622,False,375673500.0,0.44,853.8034090909091,2.4622716441620396,3.256552819698174,8.239637523074334,2.4390243902438495,97.56097560975616,True,13.89,False,False,False,False,False,False
63,000333,美的集团,C 制造业,腾讯前复权日K回退（成交额、换手率已提供）,False,2026-08-06,85.32,85.886,84.264,False,True,True,False,89.5,-4.670391061452522,False,58.77723366138946,1.9062620419346246,2.079418228119671,-0.34631237237009316,False,True,False,False,,,83.5446353128613,87.25363683287283,76.12663227283824,False,False,,,False,208696.0,389130.8,0.5363132396613169,False,1780112900.0,0.3,5933.7096666666675,-0.17550017550018726,1.4040014040014073,1.2532042153232665,41.66666666666657,43.3333333333329,False,89.5,False,False,False,False,False,False
64,000338,潍柴动力,C 制造业,腾讯前复权日K回退（成交额、换手率已提供）,False,2026-08-06,29.38,28.934000000000005,27.2195,True,True,True,True,30.53,-3.7667867671143203,False,55.17827732810205,0.16769491949046866,-0.28495001901941397,0.9052898770197653,True,False,False,False,2026-07-23,10.0,48.80614842104584,45.122211689224336,56.174021884688855,False,False,,,False,732712.0,1073749.4,0.6823864115779716,False,2166182700.0,1.48,1463.6369594594596,-2.779616148246189,4.070152217074787,7.937324344679363,40.65040650406503,25.20325203252021,False,36.34,False,False,False,False,True,False
65,000400,许继电气,C 制造业,腾讯前复权日K回退（成交额、换手率已提供）,False,2026-08-06,22.86,23.321999999999996,21.8855,False,True,True,False,24.24,-5.693069306930689,False,54.32781729254138,0.3958536649320621,0.1544844870469018,0.4827383557703206,True,False,False,False,2026-07-16,15.0,40.47101790365204,37.72592432839806,45.961205054160004,False,False,,,False,262067.0,283880.2,0.923160544483201,False,599393400.0,2.58,232.32302325581395,-2.640545144804096,2.5979557069846804,4.452719837335217,1.63934426229533,34.42622950819669,False,27.74,False,False,False,False,True,False
66,000401,金隅冀东,C 制造业,腾讯前复权日K回退（成交额、换手率已提供）,False,2026-08-06,3.63,3.656,3.6020000000000003,False,True,True,False,3.72,-2.4193548387096855,False,50.57228896941012,0.005019897896332726,-0.009683313493654361,0.029406422779974174,True,False,False,False,,,20.782926489873827,20.04779636268994,22.253186744241596,False,False,2026-07-27,8.0,True,94641.0,82493.4,1.1472554167969802,False,34207500.0,0.36,95.02083333333334,0.0,1.9283746556473784,0.7773459189339139,28.571428571428665,71.42857142857135,True,4.21,False,True,False,False,True,False
67,000402,金 融 街,K 房地产,腾讯前复权日K回退（成交额、换手率已提供）,False,2026-08-06,2.51,2.498,2.439,True,True,True,True,2.54,-1.181102362204734,False,52.18395705590528,-0.019527977247775663,-0.0441032124484536,0.04915047040135588,True,False,False,False,2026-07-14,17.0,12.250059722601167,10.529924458798197,15.690330250207108,False,False,2026-07-29,6.0,True,428330.0,397792.4,1.0767676808305036,False,106434800.0,1.43,74.42993006993008,0.8032128514056103,2.4096385542168517,2.911029110291092,0.0,100.0,True,3.26,False,False,False,True,False,False
68,000403,派林生物,C 制造业,腾讯前复权日K回退（成交额、换手率已提供）,False,2026-08-06,10.5,10.51,9.905,False,True,True,True,10.7,-1.8691588785046664,False,58.69748801635256,0.12606311851726382,-0.018565511945447775,0.2892572609254232,True,False,False,False,2026-07-09,20.0,39.995677791630044,36.509897835617394,46.96723770365534,False,False,2026-07-27,8.0,True,104428.0,92303.6,1.1313534900047235,False,108994800.0,1.11,98.19351351351351,0.0,2.285714285714288,6.0070671378091935,25.000000000000185,74.99999999999982,True,13.15,False,True,False,False,True,False
69,000404,长虹华意,C 制造业,腾讯前复权日K回退（成交额、换手率已提供）,False,2026-08-06,7.67,7.781999999999999,7.581,False,True,True,False,8.23,-6.804374240583237,False,49.41593596781449,-0.0027538602488856867,-0.0360624814690165,0.06661724244026163,True,False,False,False,2026-07-29,6.0,39.588858509217665,40.98217521610445,36.8022250954441,False,False,,,False,125737.0,121861.6,1.0318016503968437,False,96288799.99999999,1.82,52.905934065934055,-1.4138817480719879,3.0848329048843217,1.173987600580392,0.0,50.0,False,9.69,False,False,False,False,True,False
70,000407,胜利股份,D 水电煤气,腾讯前复权日K回退（成交额、换手率已提供）,False,2026-08-06,4.07,4.042,3.8924999999999996,True,True,True,True,4.1,-0.7317073170731552,False,59.63692987458189,0.0384429343838244,0.003266358087041059,0.07035315259356668,True,False,False,False,,,31.6937936883825,27.900389392020656,39.280602281106184,False,False,2026-07-23,10.0,True,177278.0,164017.4,1.0808487392191317,False,71802000.0,2.02,35.54554455445545,0.992555831265518,3.2258064516129004,4.560051380860647,46.15384615384589,53.84615384615411,False,4.89,False,False,False,True,True,False
71,000408,藏格矿业,C 制造业,腾讯前复权日K回退（成交额、换手率已提供）,False,2026-08-06,86.79,82.968,76.3615,True,True,True,True,86.99,-0.2299114840786167,False,70.1317657090159,2.871201908026407,1.6138584363979385,2.514686943256937,True,False,False,False,2026-07-14,17.0,65.38038233783563,56.219343325699015,83.70246036210887,False,False,,,False,185151.0,145000.4,1.2768999257933082,False,1617396099.9999998,1.18,1370.674661016949,0.2541296060991183,3.5462631396557622,13.656751111489426,41.368078175895725,25.732899022801565,False,92.88,False,False,False,True,False,False
72,000409,云鼎科技,I 信息技术,腾讯前复权日K回退（成交额、换手率已提供）,False,2026-08-06,8.93,8.94,8.434000000000001,False,True,True,True,9.1,-1.8681318681318675,False,61.200933713523135,0.08955989109088058,-0.022599185443216027,0.22431815306819322,True,False,False,False,,,31.624231346537922,28.02119339482199,38.830307249969785,False,False,,,False,62786.0,80820.0,0.7768621628309824,False,56047000.0,1.06,52.87452830188679,-0.4459308807134965,2.341137123745809,5.88095802703342,52.38095238095234,47.61904761904766,False,10.8,False,True,False,False,False,False
73,000410,沈阳机床,C 制造业,腾讯前复权日K回退（成交额、换手率已提供）,False,2026-08-06,4.88,4.928,4.7155000000000005,False,True,True,True,5.02,-2.7888446215139377,False,52.2069506546597,0.009063191605688914,-0.04109482310261071,0.10031602941659924,True,False,False,False,2026-07-15,16.0,22.233889918215485,20.841073100992276,25.01952355266191,False,False,,,False,150524.0,166436.4,0.9043935100735176,False,73112000.0,0.76,96.2,-0.8130081300813052,3.048780487804885,3.4884953875516787,40.000000000000234,59.999999999999766,False,6.18,False,True,False,False,True,False
74,000411,英特集团,F 批发零售,腾讯前复权日K回退（成交额、换手率已提供）,False,2026-08-06,9.59,9.565999999999999,9.4215,True,True,True,True,9.9,-3.1313131313131364,False,53.50088680153574,0.00909279707733468,-0.04679993107953538,0.11178545631374012,True,False,False,False,,,34.72216723167665,33.32350230141329,37.519497092203366,False,False,,,False,52847.0,36666.6,1.4412844386989796,False,50529200.0,0.94,53.75446808510638,0.7352941176470562,2.100840336134465,1.788462559040491,25.00000000000022,74.99999999999977,True,11.94,False,False,False,False,False,False
75,000415,渤海租赁,L 商务服务,腾讯前复权日K回退（成交额、换手率已提供）,False,2026-08-06,4.52,4.534,4.332,False,True,True,True,4.65,-2.7956989247311994,False,56.457150993319054,0.06797213639176825,0.03886811197435476,0.05820804883482697,True,False,False,False,2026-07-29,6.0,68.67507701942749,64.58462933983097,76.85597237862055,False,False,,,False,472706.0,626378.8,0.7546647491901066,False,214958700.0,0.88,244.27125,-1.310043668122285,3.275109170305665,4.339796860572478,46.66666666666643,19.999999999999645,False,4.75,False,False,False,False,False,False
76,000417,合百集团,F 批发零售,腾讯前复权日K回退（成交额、换手率已提供）,False,2026-08-06,6.04,5.882,6.071,True,False,False,True,8.5,-28.941176470588236,False,43.71457183546571,-0.4039090963483156,-0.47165900038193864,0.13549980806724604,True,False,False,False,2026-08-04,2.0,14.77327511862858,13.282431675628525,17.75496200462869,False,False,2026-08-04,2.0,True,388465.0,433220.0,0.8966922118092424,False,234061500.0,4.99,46.9061122244489,0.16583747927030323,1.9900497512437827,-0.510624279360891,33.33333333333333,66.66666666666666,False,10.73,False,True,False,False,False,False
77,000419,通程控股,F 批发零售,腾讯前复权日K回退（成交额、换手率已提供）,False,2026-08-06,4.9,4.901999999999999,4.7555,False,True,True,True,5.06,-3.1620553359683647,False,55.91025578481871,0.024785989311676637,-0.012847114048777461,0.0752662067209082,True,False,False,False,,,25.839851631415332,23.48612739385423,30.54730010653754,False,False,2026-07-28,7.0,True,57789.0,69920.0,0.8265017162471396,False,28194100.0,1.06,26.59820754716981,0.2044989775051187,2.4539877300613524,3.0385868993796814,41.66666666666648,58.33333333333351,False,5.74,False,False,False,False,True,False
78,000420,吉林化纤,C 制造业,腾讯前复权日K回退（成交额、换手率已提供）,False,2026-08-06,3.78,3.8019999999999996,3.6979999999999995,False,True,True,True,3.87,-2.325581395348845,False,46.923627814269814,-0.06310240028822722,-0.10734966974769214,0.08849453891892983,True,False,False,False,2026-07-23,10.0,12.522348553389262,11.59262769734642,14.381790265474944,False,False,,,False,522082.0,412644.6,1.2652098197819626,False,198353600.0,2.12,93.56301886792451,-1.0471204188481686,3.9267015706806263,2.2174148188209926,26.666666666666707,33.333333333333236,False,5.46,False,True,False,False,False,False
79,000421,南京公用,D 水电煤气,腾讯前复权日K回退（成交额、换手率已提供）,False,2026-08-06,5.4,5.422,5.3134999999999994,False,True,True,True,5.55,-2.7027027027026933,False,53.06912913259253,0.017926352172144,-0.010633026398548379,0.05711875714138476,True,False,False,False,,,26.616617173056017,25.296867971350995,29.256115576466065,False,False,2026-07-27,8.0,True,71312.0,74655.4,0.9552155637770343,False,38411900.0,1.24,30.97733870967742,-0.36900369003689537,2.029520295202958,1.6279288604498148,18.18181818181855,63.63636363636371,False,6.26,False,True,False,True,False,False
80,000422,湖北宜化,C 制造业,腾讯前复权日K回退（成交额、换手率已提供）,False,2026-08-06,13.31,13.302000000000001,13.029499999999999,True,True,True,True,13.76,-3.270348837209297,False,50.44663036816919,-0.06700442900790016,-0.1513009261165638,0.16859299421732726,True,False,False,False,2026-07-23,10.0,19.291275697820872,17.377500199236568,23.11882669498948,False,False,2026-07-23,10.0,True,292630.0,213600.4,1.3699880711833874,False,387643200.0,2.74,141.4756204379562,-1.187824795842618,3.043801039346697,2.1528070915998447,19.51219512195123,58.53658536585369,False,15.85,False,True,False,True,True,False
81,000423,东阿阿胶,C 制造业,腾讯前复权日K回退（成交额、换手率已提供）,False,2026-08-06,53.85,54.544000000000004,51.852,False,True,True,False,56.29,-4.334695327766918,False,63.001947463306294,1.6947859591221572,1.4851016383194144,0.4193686416054856,True,False,False,False,,,80.38463238930348,78.68127958032188,83.79133800726666,False,False,,,False,54643.0,88547.0,0.617107298948581,False,295619400.0,0.86,343.74348837209305,-0.7373271889400845,2.3041474654377883,3.8532747049294236,48.80000000000052,20.79999999999984,False,56.29,False,False,False,False,False,False
82,000425,徐工机械,C 制造业,腾讯前复权日K回退（成交额、换手率已提供）,False,2026-08-06,8.42,8.594,8.650500000000001,False,False,False,False,9.35,-9.94652406417112,False,44.346514442996224,-0.01674829197313521,0.013541648916300723,-0.060579881778871865,False,True,False,False,,,29.362334950985638,33.28544484768734,21.516115157582234,False,False,,,False,896395.0,1476938.4,0.6069278177072247,False,755572300.0,1.0,755.5723,0.11890606420927874,2.1403091557669405,-2.6645858620889085,55.55555555555544,44.44444444444456,False,10.48,False,True,False,False,True,False
83,000426,兴业银锡,B 采矿业,腾讯前复权日K回退（成交额、换手率已提供）,False,2026-08-06,37.58,34.054,31.7985,True,True,True,True,36.45,3.1001371742112354,True,60.655865878846726,0.006167498132853666,-0.9069307812147325,1.8261965586951723,True,False,False,False,2026-07-23,10.0,32.5379677615824,26.078152846616735,45.45759759151374,False,False,,,False,1299088.0,712453.4,1.8234006603098531,True,4927620300.0,7.32,673.1721721311476,3.526170798898076,5.42699724517906,18.181675236253277,40.609137055837444,32.4873096446701,False,52.07,False,False,False,False,False,True
84,000428,华天酒店,H 住宿餐饮,腾讯前复权日K回退（成交额、换手率已提供）,False,2026-08-06,3.96,4.052,3.4534999999999996,False,True,True,True,4.44,-10.81081081081082,False,62.42517180774824,0.22413414165543832,0.13670597897601233,0.17485632535885198,True,False,False,False,,,68.81254674692345,63.14256085111467,80.152518538541,False,False,,,False,614243.0,1110017.4,0.5533633977269186,False,245810000.0,6.03,40.76451077943615,-3.4146341463414553,4.146341463414643,14.666280584913869,11.764705882353187,11.764705882352926,False,4.44,False,False,False,False,True,False
85,000429,粤高速Ａ,G 运输仓储,腾讯前复权日K回退（成交额、换手率已提供）,False,2026-08-06,14.19,14.382,14.3095,False,False,True,False,15.3,-7.254901960784322,False,49.06610039514315,0.13470146447053644,0.19694170653482806,-0.12448048412858326,False,True,False,False,,,67.74403011359423,72.60325277467204,58.025584791438604,False,False,,,False,86375.0,112635.2,0.7668561870534256,False,122208900.0,0.66,185.165,-0.07042253521126751,1.4084507042253471,-0.8351095426115545,40.00000000000018,59.99999999999982,False,15.3,False,True,False,False,True,False
86,000430,张家界,N 公共环保,腾讯前复权日K回退（成交额、换手率已提供）,False,2026-08-06,6.54,6.508,6.243,True,True,True,True,7.07,-7.4964639321075,False,49.75747761171946,-0.1380257075141822,-0.24666768251533988,0.21728395000231537,True,False,False,False,2026-07-28,7.0,25.67878573389898,22.28811299998644,32.46013120172407,False,False,2026-07-27,8.0,True,58241.0,81224.4,0.7170382298915104,False,38054700.0,1.57,24.238662420382166,-0.45662100456621557,2.739726027397256,4.757328207592499,16.66666666666683,55.55555555555544,False,8.75,False,False,False,False,True,False
87,000488,ST晨鸣,C 制造业,腾讯前复权日K回退（成交额、换手率已提供）,False,2026-08-06,1.91,1.9620000000000002,1.9344999999999999,False,False,True,False,2.05,-6.829268292682923,False,40.812058798281704,-0.02278951326716161,-0.033479283006357205,0.02137953947839119,True,False,False,False,,,10.134220939584159,10.613371363772897,9.175920091206681,False,True,,,False,172021.0,83275.6,2.065683105255321,True,32881400.0,1.02,32.236666666666665,-2.051282051282055,3.0769230769230798,-1.2664771258723169,16.666666666666664,33.33333333333333,False,2.45,False,False,False,False,False,False
88,000498,山东路桥,E 建筑业,腾讯前复权日K回退（成交额、换手率已提供）,False,2026-08-06,5.02,5.1,5.015,False,True,True,False,5.23,-4.015296367112827,False,51.70489179891009,0.04619845000895051,0.03952414021244658,0.013348619593007857,True,False,False,False,,,40.938872973818455,40.46968446696247,41.87724998753042,False,False,,,False,94368.0,130899.8,0.7209178318072297,False,47320600.00000001,0.65,72.8009230769231,-0.7905138339920903,2.1739130434782674,0.09970089730807366,0.0,45.45454545454516,False,5.35,False,False,False,False,False,False
89,000501,武商集团,F 批发零售,腾讯前复权日K回退（成交额、换手率已提供）,False,2026-08-06,7.16,7.220000000000001,7.0,False,True,True,False,7.33,-2.319236016371077,False,54.08589277457215,0.036834905769616455,-0.008448484909708186,0.09056678135864929,True,False,False,False,,,34.321048448143486,32.32530384402847,38.31253765637352,False,False,2026-07-28,7.0,True,66544.0,81505.6,0.8164346989654698,False,47398600.0,0.87,54.48114942528736,-0.1394700139469962,1.9525801952580273,2.285714285714288,0.0,71.42857142857152,True,8.06,False,False,False,True,False,False
90,000503,国新健康,I 信息技术,腾讯前复权日K回退（成交额、换手率已提供）,False,2026-08-06,7.56,7.62,6.8645,False,True,True,True,7.82,-3.3248081841432313,False,63.40777022809555,0.25828997957174504,0.13189242537399387,0.25279510839550234,True,False,False,False,2026-07-10,19.0,63.10934868973779,55.32214675033196,78.68375256854945,False,False,,,False,206689.0,297611.6,0.6944924189782926,False,157561200.0,2.11,74.67355450236967,-1.0471204188481686,4.057591623036645,10.131837715784107,58.06451612903224,25.806451612902997,False,8.34,False,False,False,False,True,False
91,000504,南华生物,M 科研服务,腾讯前复权日K回退（成交额、换手率已提供）,False,2026-08-06,8.22,7.959999999999999,7.966500000000001,True,True,False,True,9.36,-12.179487179487166,False,54.27248271191783,-0.05732222053917013,-0.1192259867109821,0.12380753234362393,True,False,False,False,2026-08-04,2.0,29.849020182122562,25.017691631506846,39.511677283354,False,False,,,False,63628.0,64715.2,0.9832002373476402,False,51801800.0,1.93,26.840310880829016,1.356350184956856,2.0961775585696665,3.182074938806249,5.8823529411763475,94.11764705882365,True,9.86,False,False,False,False,False,False
92,000505,京粮控股,C 制造业,腾讯前复权日K回退（成交额、换手率已提供）,False,2026-08-06,5.93,5.688,5.464499999999999,True,True,True,True,5.72,3.6713286713286704,True,67.1049310275507,0.07273482513227503,0.012175823920341635,0.12111800242386678,True,False,False,False,,,33.19231901708107,28.335104977827033,42.90674709558913,False,False,2026-07-27,8.0,True,314796.0,68756.6,4.578411381598276,False,182778800.0,4.98,36.702570281124494,5.892857142857144,10.35714285714286,8.518620184829363,29.310344827586192,70.68965517241381,True,7.23,False,False,False,False,False,False
93,000506,招金黄金,B 采矿业,腾讯前复权日K回退（成交额、换手率已提供）,False,2026-08-06,16.48,15.23,13.260499999999999,True,True,True,True,15.96,3.2581453634085182,True,68.32630667481246,0.5669995605790739,0.10419284590640963,0.9256134293453284,True,False,False,False,2026-07-23,10.0,49.77298356813799,39.3389495921126,70.64105152018877,False,False,,,False,1198036.0,1032760.8,1.1600324102154147,False,1976047300.0,12.9,153.18196124031007,5.5057618437900135,5.953905249679896,24.278873345650634,22.580645161290423,51.61290322580652,False,16.57,True,False,False,False,False,False
94,000507,珠海港,G 运输仓储,腾讯前复权日K回退（成交额、换手率已提供）,False,2026-08-06,4.98,5.0200000000000005,4.9399999999999995,False,True,True,False,5.12,-2.734374999999994,False,52.8633347952899,0.04182584695541358,0.03298341747930196,0.017684858952223242,True,False,False,False,2026-07-13,18.0,35.64223819470512,34.79673989741344,37.33323478928848,False,False,,,False,90786.0,115135.4,0.7885150874535547,False,44980400.0,1.01,44.53504950495049,-0.2004008016032066,1.2024048096192483,0.8097165991903021,16.666666666666174,83.33333333333383,True,5.45,False,False,False,True,False,False
95,000509,华塑控股,C 制造业,腾讯前复权日K回退（成交额、换手率已提供）,False,2026-08-06,3.24,3.0860000000000003,2.9455,True,True,True,True,3.33,-2.702702702702698,False,53.49132978728699,-0.11754709898769455,-0.2033267151107253,0.1715592322460615,True,False,False,False,2026-07-27,8.0,16.98592681451541,14.22378408166927,22.510212280207686,False,False,,,False,326680.0,288679.4,1.1316359948094667,False,103943700.00000001,3.04,34.19200657894737,2.5316455696202445,4.113924050632908,9.998302495331869,7.692307692307534,92.30769230769246,True,6.3,False,False,False,False,True,False
96,000510,新金路,C 制造业,腾讯前复权日K回退（成交额、换手率已提供）,False,2026-08-06,16.11,14.74,15.533000000000001,True,True,False,True,20.15,-20.049627791563275,False,48.183722423055464,-1.2258436329175026,-1.4436959201557398,0.43570457447647426,True,False,False,False,2026-08-05,1.0,16.501686106660166,13.013279952580428,23.478498414819644,False,False,2026-08-05,1.0,True,884917.0,488861.8,1.8101577991980555,True,1442022200.0,14.59,98.83633995887594,-0.062034739454108756,5.831265508684861,3.7146719886692727,63.82978723404236,29.78723404255314,False,27.85,False,True,False,False,False,True
97,000513,丽珠集团,C 制造业,腾讯前复权日K回退（成交额、换手率已提供）,False,2026-08-06,30.13,30.694,30.758500000000005,False,False,False,False,31.75,-5.102362204724412,False,45.63567934138577,0.10680426439413893,0.19469414561763232,-0.1757797624469868,False,True,False,False,,,45.62045208850028,48.40003221048806,40.06129184452472,False,False,,,False,54978.0,60632.8,0.906736947658693,False,165539700.0,0.97,170.6594845360825,-0.7902535396773214,1.8439249259137265,-2.0433376139928994,8.928571428571576,33.928571428571104,False,31.75,False,False,False,False,False,False
98,000514,渝 开 发,K 房地产,腾讯前复权日K回退（成交额、换手率已提供）,False,2026-08-06,3.95,3.91,3.7595,True,True,True,True,4.0,-1.2499999999999956,False,57.4760381544075,0.003689286590905283,-0.04432071786718838,0.09602000891618732,True,False,False,False,,,19.99405256054749,16.931319413204537,26.1195188552334,False,False,2026-07-28,7.0,True,92082.0,107699.6,0.8549892478709299,False,35885000.0,1.09,32.92201834862385,1.0230179028132946,2.55754475703325,5.067163186593965,0.0,100.0,True,5.11,False,True,False,True,False,False
99,000516,国际医学,Q 卫生,腾讯前复权日K回退（成交额、换手率已提供）,False,2026-08-06,4.16,4.248,4.214499999999999,False,False,True,False,4.46,-6.7264573991031344,False,48.57515389474594,0.031320071659044935,0.02996395991551197,0.002712223487065929,True,False,False,False,,,27.695321290425166,27.999279915355142,27.08740404056521,False,True,,,False,239633.0,182629.0,1.3121300560152003,False,100155200.0,1.09,91.88550458715595,-2.117647058823524,2.8235294117647083,-1.2931545853600455,8.333333333333147,16.666666666667037,False,4.65,False,False,False,False,False,False
100,000517,荣安地产,K 房地产,腾讯前复权日K回退（成交额、换手率已提供）,False,2026-08-06,2.12,2.0660000000000003,1.8135000000000001,True,True,True,True,2.15,-1.3953488372092933,False,72.95696040780628,0.08365750698580365,0.03167207663146207,0.10397086070868317,True,False,False,False,2026-07-10,19.0,50.406085046497004,40.93222184439124,69.35381145070853,False,False,,,False,363737.0,453819.0,0.8015023610734676,False,77244600.0,1.46,52.907260273972604,-0.9345794392523366,4.672897196261686,16.901020126826577,69.99999999999977,30.00000000000022,False,2.51,False,True,False,False,False,False
101,000518,四环生物,C 制造业,腾讯前复权日K回退（成交额、换手率已提供）,False,2026-08-06,3.96,3.8,3.719,True,True,True,True,4.23,-6.382978723404266,False,62.59604277943348,0.07416012774348335,0.04989215987946234,0.04853593572804202,True,False,False,False,2026-08-05,1.0,60.292373211286055,54.290127560555106,72.29686451274796,False,False,,,False,423551.0,383305.8,1.1049950196422804,False,166645900.0,4.11,40.54644768856447,1.799485861182526,2.313624678663247,6.480236622748054,11.11111111111133,88.88888888888867,True,4.54,False,True,False,False,False,False
102,000519,中兵红箭,C 制造业,腾讯前复权日K回退（成交额、换手率已提供）,False,2026-08-06,14.57,14.51,14.4225,True,True,True,True,18.44,-20.986984815618225,False,40.53131748574764,-0.9625043700533968,-1.2017829135887674,0.4785570870707412,True,False,False,False,2026-07-31,4.0,14.768803979159719,13.07223529947408,18.161941338530994,False,False,2026-07-27,8.0,True,511207.0,476738.0,1.0723017674278115,False,745757800.0,3.67,203.20376021798367,-1.5540540540540548,3.1081081081081137,1.0227075749696715,6.521739130434631,43.47826086956537,False,22.81,False,False,False,False,False,False
103,000520,凤凰航运,G 运输仓储,腾讯前复权日K回退（成交额、换手率已提供）,False,2026-08-06,3.96,3.85,3.845,True,True,True,True,4.47,-11.409395973154359,False,51.64674843181748,-0.06481012479235915,-0.09300583341178227,0.05639141723884625,True,False,False,False,2026-08-04,2.0,34.43771823167601,30.88065876731905,41.55183716038993,False,False,,,False,160401.0,184497.0,0.869396250345534,False,63067800.0,1.58,39.91632911392405,0.50761421319796,3.553299492385779,2.9908972691807483,35.71428571428567,64.28571428571433,False,5.0,False,True,False,False,True,False
104,000521,长虹美菱,C 制造业,腾讯前复权日K回退（成交额、换手率已提供）,False,2026-08-06,4.96,4.992,5.0135000000000005,False,False,False,True,5.67,-12.522045855379188,False,43.518950265129135,-0.11754608825810653,-0.1388038080528085,0.04251543958940396,True,False,False,False,2026-08-03,3.0,13.620439971327784,12.548903707606328,15.763512498770694,False,False,2026-07-30,5.0,True,82454.0,90516.4,0.9109288482529133,False,40740400.0,0.94,43.340851063829795,-0.40160642570281624,1.8072289156626478,-1.0671187792959118,22.222222222222772,66.66666666666634,False,6.36,False,False,False,False,False,False
105,000523,红棉股份,C 制造业,腾讯前复权日K回退（成交额、换手率已提供）,False,2026-08-06,2.89,2.91,2.79,False,True,True,True,3.03,-4.620462046204611,False,56.97142151311664,0.030875890496948166,0.004328920919755613,0.05309393915438511,True,False,False,False,,,35.447664301600135,33.0271807672644,40.28863137027162,False,False,,,False,222096.0,289839.8,0.7662715748492789,False,63812200.0,1.68,37.98345238095238,-0.34482758620688614,2.758620689655175,3.5842293906810068,12.500000000000277,75.0,True,3.5,False,True,False,True,False,False
106,000524,岭南控股,L 商务服务,腾讯前复权日K回退（成交额、换手率已提供）,False,2026-08-06,9.34,9.33,8.776,True,True,True,True,10.84,-13.837638376383765,False,57.403898973939015,0.06265850979647425,-0.06932961327951159,0.2639762461519717,True,False,False,False,2026-07-28,7.0,21.352437849323547,18.3571345909081,27.343044366154437,False,False,2026-07-28,7.0,True,59580.0,109318.4,0.5450134652537908,False,55601400.0,0.89,62.473483146067416,-0.32017075773744796,2.347918890074695,6.42661804922516,27.272727272726833,54.545454545454476,False,10.84,False,False,False,False,True,False
107,000525,红太阳,C 制造业,腾讯前复权日K回退（成交额、换手率已提供）,False,2026-08-06,4.56,4.64,4.376,False,True,True,False,4.78,-4.602510460251059,False,57.136393683752864,0.10035725129480078,0.06161054411483372,0.0774934143599341,True,False,False,False,,,29.431366777004854,28.698254368457395,30.897591594099772,False,False,,,False,204760.0,225434.8,0.9082892259757589,False,93237300.0,1.84,50.67244565217391,-0.8695652173913104,2.826086956521737,4.204753199268722,46.15384615384589,46.15384615384589,False,5.48,False,True,False,False,False,False
108,000526,学大教育,P 教育,腾讯前复权日K回退（成交额、换手率已提供）,False,2026-08-06,35.61,35.494,31.741000000000003,True,True,True,False,37.33,-4.6075542459148116,False,69.88665412101078,2.0797918376761046,1.6917274676947036,0.7761287399628021,True,False,False,False,,,86.1035488405476,83.41121840528794,91.48820971106693,False,False,,,False,56104.0,75877.8,0.7393994027238533,False,198963200.0,4.62,43.06562770562771,0.3098591549295815,3.830985915492956,12.189282001197178,41.17647058823548,58.82352941176452,False,37.33,False,False,False,False,True,False
109,000528,柳 工,C 制造业,腾讯前复权日K回退（成交额、换手率已提供）,False,2026-08-06,8.38,8.572,8.394,False,False,True,False,8.9,-5.842696629213478,False,48.982153327503205,0.09926847240040182,0.09985038892350279,-0.0011638330462019342,False,True,False,True,,,41.060521586374456,43.4337123685176,36.31414002208818,False,False,,,False,296025.0,316728.0,0.9346347654770023,False,248897400.00000003,1.45,171.65337931034486,-0.9456264775413725,2.24586288416075,-0.1667857993805021,36.8421052631572,21.05263157894791,False,9.53,False,False,False,False,False,False
110,000529,广弘控股,C 制造业,腾讯前复权日K回退（成交额、换手率已提供）,False,2026-08-06,4.77,4.75,4.647,True,True,True,True,4.88,-2.2540983606557443,False,56.40456473345647,0.025302074863044588,-0.002597908690960861,0.0557999671080109,True,False,False,False,,,32.04785951929199,29.394176830435963,37.35522489700404,False,False,,,False,38960.0,42422.0,0.9183914006883221,False,18475400.0,0.68,27.16970588235294,1.0593220338982912,1.906779661016946,2.6468689477081844,11.11111111111188,88.88888888888812,True,5.41,False,False,False,False,False,False
111,000530,冰山冷热,C 制造业,腾讯前复权日K回退（成交额、换手率已提供）,False,2026-08-06,5.02,4.986,4.828,True,True,True,True,5.13,-2.1442495126705716,False,51.65877501820529,-0.06599720553637578,-0.13448605754427567,0.13697770401579978,True,False,False,False,2026-07-27,8.0,21.680701264172587,18.66240487411018,27.717294044297404,False,False,2026-07-23,10.0,True,113755.0,126059.4,0.9023920469239105,False,56845600.00000001,1.9,29.918736842105268,0.0,2.3904382470119545,3.976801988400979,25.000000000000185,74.99999999999982,True,6.8,False,True,False,True,False,False
112,000531,穗恒运Ａ,D 水电煤气,腾讯前复权日K回退（成交额、换手率已提供）,False,2026-08-06,5.84,5.934,5.8420000000000005,False,False,True,True,6.12,-4.575163398692815,False,44.82016917645495,-0.08011005605725341,-0.12774283232304426,0.0952655525315817,True,False,False,False,2026-07-15,16.0,14.505154842873344,13.809816191085678,15.895832146448672,False,False,2026-07-31,4.0,True,137468.0,112780.6,1.2188975763562173,False,80747700.0,1.51,53.47529801324503,-2.341137123745829,2.8428093645484935,-0.03423485107840924,5.8823529411763475,11.764705882352695,False,8.22,False,False,False,False,False,False
113,000532,华金资本,S 综合,腾讯前复权日K回退（成交额、换手率已提供）,False,2026-08-06,10.8,10.741999999999999,10.373999999999999,True,True,True,True,10.88,-0.7352941176470594,False,53.28272621858898,-0.06672755330979818,-0.19664504171796462,0.2598349768163329,True,False,False,False,2026-07-16,15.0,24.10432141338332,20.816585798144192,30.679792643861582,False,False,2026-07-27,8.0,True,54613.0,46228.2,1.1813784659580084,False,58932600.0,1.59,37.064528301886796,-0.1848428835489746,2.5878003696857608,4.106419895893599,49.99999999999968,50.00000000000032,False,13.89,False,False,False,False,True,False
114,000533,顺钠股份,C 制造业,腾讯前复权日K回退（成交额、换手率已提供）,False,2026-08-06,12.12,11.855999999999998,9.831999999999999,True,True,True,True,13.07,-7.268553940321354,False,62.288905092187974,0.6643288865055403,0.24348471077210654,0.8416883514668676,True,False,False,False,2026-07-22,11.0,47.41060076592015,39.71238668819469,62.80702892137107,False,False,,,False,1301368.0,1469362.4,0.8856685049243128,False,1581135500.0,19.0,83.21765789473685,-4.566929133858267,6.3779527559055165,23.270951993490648,7.407407407407464,22.222222222222175,False,15.35,False,False,False,False,True,True
115,000534,万泽股份,C 制造业,腾讯前复权日K回退（成交额、换手率已提供）,False,2026-08-06,26.4,25.72,25.817,True,True,False,True,30.47,-13.357400722021662,False,47.942756636643075,-0.948965164136407,-1.2852926416983264,0.6726549551238388,True,False,False,False,2026-07-27,8.0,13.619539850265292,12.019628144436654,16.81936326192257,False,False,2026-08-04,2.0,True,93281.0,144687.0,0.6447089234001673,False,245826200.0,1.86,132.16462365591397,-1.3452914798206428,4.633781763826613,2.258201959948865,31.4516129032258,36.29032258064505,False,41.51,False,False,False,False,False,False
116,000536,华映科技,C 制造业,腾讯前复权日K回退（成交额、换手率已提供）,False,2026-08-06,3.32,3.2640000000000002,3.148,True,True,True,True,3.64,-8.791208791208799,False,52.046597243812286,-0.05891307528411405,-0.11081514610454793,0.10380414164086776,True,False,False,False,2026-07-28,7.0,23.49064134307977,19.892539681253258,30.68684466673279,False,False,2026-07-27,8.0,True,508607.0,496933.0,1.0234921005447415,False,167787599.99999997,1.84,91.18891304347824,-0.30030030030030463,2.4024024024024047,5.463786531130867,12.500000000000277,87.49999999999972,True,4.71,False,False,False,False,False,False
117,000537,绿发电力,D 水电煤气,腾讯前复权日K回退（成交额、换手率已提供）,False,2026-08-06,7.6,7.76,7.568,False,True,True,False,8.01,-5.118601747815233,False,46.49151395060313,-0.06187613823013205,-0.13006024216119624,0.1363682078621284,True,False,False,False,,,17.764100036575964,16.914026592199466,19.464246925328958,False,False,,,False,222316.0,222399.4,0.9996249989883067,False,168809900.00000003,1.08,156.305462962963,-1.9354838709677469,2.9677419354838768,0.4228329809725162,0.0,34.78260869565214,False,11.6,False,False,False,False,False,False
118,000538,云南白药,C 制造业,腾讯前复权日K回退（成交额、换手率已提供）,False,2026-08-06,50.69,51.688,51.3135,False,False,True,False,53.37,-5.021547685965898,False,48.37682901243634,0.5009071123164972,0.6209199471187483,-0.24002566960450222,False,True,False,False,,,54.14171192439522,57.74102339096726,46.94308899125113,False,False,,,False,87947.0,125097.8,0.7030259524947681,False,445014400.0,0.5,890.0288,-0.41257367387033117,1.3163064833005929,-1.2150798522805888,13.432835820895997,55.22388059701441,False,53.37,False,False,False,False,False,False
119,000539,粤电力Ａ,D 水电煤气,腾讯前复权日K回退（成交额、换手率已提供）,False,2026-08-06,5.92,5.832,5.779,True,True,True,True,6.77,-12.555391432791724,False,47.940736029507136,-0.1921564644232845,-0.27052623345826204,0.1567395380699551,True,False,False,False,2026-07-22,11.0,14.509651469681828,13.221295992895273,17.086362423254936,False,False,2026-08-04,2.0,True,698249.0,879220.2,0.7941685143266727,False,410322400.0,2.73,150.30124542124543,-1.0033444816053616,2.8428093645484935,2.4398684893580205,5.8823529411763475,58.82352941176452,False,9.8,False,False,False,False,True,False
120,000541,佛山照明,C 制造业,腾讯前复权日K回退（成交额、换手率已提供）,False,2026-08-06,4.97,5.012,4.943,False,True,True,False,5.08,-2.165354330708668,False,49.01554916704903,-0.01136809575565323,-0.02712134918101907,0.03150650685073168,True,False,False,False,2026-07-30,5.0,30.87160058732697,29.23747693641077,34.13984788915938,False,False,,,False,81939.0,79316.4,1.0330650407734088,False,40691900.0,0.67,60.734179104477604,-0.6000000000000005,1.6000000000000014,0.546226987659319,12.499999999999723,50.0,False,5.58,False,True,False,True,False,False
121,000543,皖能电力,D 水电煤气,腾讯前复权日K回退（成交额、换手率已提供）,False,2026-08-06,7.81,7.984,7.806,False,True,True,False,8.25,-5.3333333333333375,False,49.24301004225344,0.0615601631589886,0.04099434411433038,0.04113163808931644,True,False,False,False,2026-07-13,18.0,32.7584209936622,33.55306981745954,31.169123346067522,False,True,,,False,375072.0,276889.4,1.354591400031926,False,292587400.0,1.65,177.32569696969696,-1.6372795969773368,2.770780856423182,0.05124263387137534,4.545454545454839,40.90909090909072,False,9.71,False,False,False,False,False,False
122,000544,中原环保,D 水电煤气,腾讯前复权日K回退（成交额、换手率已提供）,False,2026-08-06,7.37,7.4319999999999995,7.3235,False,True,True,False,7.53,-2.1248339973439596,False,51.01997686145031,0.018230213571822418,-0.005023219862039693,0.04650686686772422,True,False,False,False,,,30.93584934980774,28.91919236202109,34.96916332538104,False,False,,,False,32150.0,50992.2,0.6304885845286142,False,23706900.0,0.33,71.83909090909091,-0.5398110661268607,1.6194331983805683,0.6349423090052568,0.0,41.66666666666648,False,8.27,False,False,False,True,False,False
123,000545,金浦钛业,C 制造业,腾讯前复权日K回退（成交额、换手率已提供）,False,2026-08-06,2.54,2.532,2.4895000000000005,True,True,True,True,2.75,-7.636363636363636,False,52.00690749705084,-0.00784572251614879,-0.02395370228919341,0.03221595954608924,True,False,False,False,2026-07-31,4.0,20.252936614681502,17.690271632073237,25.378266579898032,False,False,2026-07-28,7.0,True,312821.0,298794.4,1.0469439855633171,False,78815000.0,3.17,24.86277602523659,-0.78125,3.5156249999999947,2.0285197830889548,11.11111111111089,66.66666666666683,False,3.05,False,False,False,False,False,False
124,000546,金圆股份,C 制造业,腾讯前复权日K回退（成交额、换手率已提供）,False,2026-08-06,4.67,4.548,4.3085,True,True,True,True,4.89,-4.49897750511247,False,54.54906338380479,-0.08903424337300869,-0.19607818370597047,0.21408788066592355,True,False,False,False,2026-07-27,8.0,16.982977919402078,13.960270574523143,23.02839260915995,False,False,2026-07-23,10.0,True,265960.0,181042.8,1.469044888832917,False,125097000.0,3.82,32.74790575916231,-1.268498942917562,4.016913319238909,8.390391087385387,10.526315789473905,36.84210526315797,False,8.13,False,False,False,False,False,False
125,000547,航天发展,C 制造业,腾讯前复权日K回退（成交额、换手率已提供）,False,2026-08-06,15.66,14.970000000000002,14.632000000000001,True,True,True,True,18.17,-13.813979086406173,False,49.98109450797754,-0.7717259795066091,-1.168260881091922,0.7930698031706256,True,False,False,False,2026-07-27,8.0,15.990831051133961,13.18825232250756,21.595988508386764,False,False,,,False,788862.0,640046.0,1.2325082884667664,False,1229553200.0,4.96,247.89379032258066,1.7543859649122862,3.7037037037037055,7.025697102241653,19.29824561403498,80.70175438596502,True,28.2,False,False,False,False,False,False
126,000548,湖南投资,G 运输仓储,腾讯前复权日K回退（成交额、换手率已提供）,False,2026-08-06,4.39,4.3759999999999994,4.217999999999999,True,True,True,True,4.49,-2.2271714922049117,False,56.96627092400107,0.009641894373901394,-0.03632504052431874,0.09193386979644026,True,False,False,False,,,23.87171266091474,20.540721213960417,30.53369555482338,False,False,2026-07-28,7.0,True,46664.0,75205.0,0.6204906588657669,False,20315200.0,0.93,21.844301075268817,0.4576659038901587,2.0594965675057177,4.07776197249883,0.0,100.0,True,5.39,False,True,False,True,False,False
127,000550,江铃汽车,C 制造业,腾讯前复权日K回退（成交额、换手率已提供）,False,2026-08-06,16.4,16.791999999999998,16.4285,False,False,True,False,17.2,-4.651162790697678,False,48.367675206105496,0.11172260818945645,0.07569406433778393,0.07205708770334504,True,False,False,False,2026-07-14,17.0,39.11894812745772,40.234699997473335,36.8874443874265,False,True,,,False,38010.0,38967.6,0.9754257383056694,False,62522700.00000001,0.73,85.64753424657536,-1.9725044829647431,3.16796174536761,-0.1734790151261593,9.433962264151058,16.981132075471635,False,18.7,False,False,False,False,False,False
128,000551,创元科技,C 制造业,腾讯前复权日K回退（成交额、换手率已提供）,False,2026-08-06,13.5,13.05,13.5815,True,False,False,True,19.77,-31.71471927162367,False,44.357044871204124,-0.9262511946036565,-1.058319284606044,0.26413618000477523,True,False,False,False,2026-08-05,1.0,16.255146211507796,13.853910504531953,21.057617625459486,False,False,2026-08-04,2.0,True,260355.0,243289.0,1.070147026787072,False,349799600.0,5.37,65.13959031657355,-0.22172949002217113,2.8085735402808503,-0.6000809925265996,26.315789473684188,73.68421052631582,True,21.92,False,False,False,False,False,False
129,000552,甘肃能化,B 采矿业,腾讯前复权日K回退（成交额、换手率已提供）,False,2026-08-06,2.59,2.582,2.5375,True,True,True,False,2.65,-2.264150943396228,False,54.90358549750518,0.02594087515309429,0.01978232562086555,0.012317099064457479,True,False,False,False,,,43.684781768154004,43.62404511255128,43.806255079359445,True,False,,,False,984981.0,564895.8,1.7436507759484137,False,253185200.0,2.64,95.90348484848484,1.5686274509803866,3.137254901960787,2.06896551724137,25.0,75.0,True,2.97,False,False,False,False,False,False
130,000553,安道麦A,C 制造业,腾讯前复权日K回退（成交额、换手率已提供）,False,2026-08-06,5.5,5.392,5.33,True,True,True,True,5.88,-6.462585034013604,False,52.279229626076145,-0.08998921891723466,-0.14386021431834004,0.10774199080221075,True,False,False,False,2026-07-30,5.0,14.95206468182929,12.48624197330959,19.883710098868686,False,False,2026-07-29,6.0,True,99653.0,75329.4,1.322896505215759,False,53990600.00000001,0.46,117.3708695652174,2.6119402985074647,4.291044776119394,3.189493433395871,8.695652173912876,91.30434782608712,True,7.24,False,True,False,False,False,False
131,000554,泰山石油,F 批发零售,腾讯前复权日K回退（成交额、换手率已提供）,False,2026-08-06,6.53,6.462000000000001,6.416500000000001,True,True,True,True,6.97,-6.312769010043034,False,53.5360067368511,0.043389664999227584,0.02742987874919081,0.031919572500073545,True,False,False,False,,,27.149109618639518,25.555043189743497,30.337242476431562,False,False,,,False,209371.0,227059.2,0.9220987301989965,False,135655200.0,5.83,23.268473413379073,1.3975155279503104,2.3291925465838563,1.768877113691253,6.666666666666508,93.33333333333348,True,7.91,False,True,False,False,False,False
132,000555,神州信息,I 信息技术,腾讯前复权日K回退（成交额、换手率已提供）,False,2026-08-06,11.16,11.092,10.4275,True,True,True,False,11.55,-3.3766233766233813,False,57.05761804079623,0.09369599127315276,-0.06618025078878806,0.31975248412388163,True,False,False,False,2026-07-09,20.0,22.93806260343069,20.56172095969637,27.69074589089933,False,False,,,False,337223.0,387177.6,0.8709775565528585,False,376220199.99999994,3.46,108.73416184971096,0.8130081300812941,4.878048780487797,7.024694317909373,51.85185185185182,48.14814814814818,False,15.08,False,False,False,False,True,False
133,000557,西部创业,G 运输仓储,腾讯前复权日K回退（成交额、换手率已提供）,False,2026-08-06,3.7,3.722,3.6409999999999996,False,True,True,True,3.8,-2.631578947368412,False,51.605181248838576,-0.0008221923908373618,-0.026758673982113575,0.051872963182552426,True,False,False,False,,,23.70128621237457,21.87502794270686,27.353802751709985,False,False,2026-07-29,6.0,True,73680.0,85082.6,0.8659819986695282,False,27129500.0,0.51,53.19509803921569,-0.8042895442359144,2.412868632707771,1.6204339467179516,11.11111111111089,66.66666666666683,False,4.63,False,True,False,True,False,False
134,000558,天府文旅,N 公共环保,腾讯前复权日K回退（成交额、换手率已提供）,False,2026-08-06,3.44,3.444,3.2744999999999997,False,True,True,True,3.51,-1.9943019943019897,False,56.05937978626167,0.01595509009841889,-0.027283154437881707,0.08647648907260119,True,False,False,False,,,23.27819367330312,20.780939950043983,28.2727011198214,False,False,,,False,188028.0,253010.4,0.7431631268912267,False,64644399.99999999,1.46,44.27698630136986,-0.5780346820809301,2.890173410404627,5.05420674912201,30.00000000000022,49.99999999999978,False,4.14,False,True,False,False,True,False
135,000559,万向钱潮,C 制造业,腾讯前复权日K回退（成交额、换手率已提供）,False,2026-08-06,11.8,11.64,11.032,True,True,True,True,12.42,-4.9919484702093335,False,51.45930146584542,-0.31750337867719836,-0.5926633008930206,0.5503198444316444,True,False,False,False,2026-07-27,8.0,17.90095341560672,14.284600522669209,25.133659201481734,False,False,,,False,470898.0,477365.0,0.9864527143799817,False,560782600.0,1.42,394.917323943662,-1.5846538782318564,3.1693077564637115,6.961566352429303,55.26315789473675,18.421052631579073,False,18.78,False,False,False,False,False,False
136,000560,我爱我家,K 房地产,腾讯前复权日K回退（成交额、换手率已提供）,False,2026-08-06,2.23,2.2359999999999998,2.159,False,True,True,True,2.28,-2.192982456140343,False,52.89569124763699,0.0034540837674188474,-0.018519314177099788,0.04394679588903727,True,False,False,False,,,18.784652008184526,18.008182002393113,20.337592019767357,False,False,,,False,1113316.0,741206.6,1.5020319570818716,False,247298600.0,4.76,51.95348739495798,0.0,3.1390134529147913,3.2885595182955156,42.85714285714268,57.14285714285733,False,3.33,False,False,False,False,True,False
137,000561,烽火电子,C 制造业,腾讯前复权日K回退（成交额、换手率已提供）,False,2026-08-06,7.62,7.622,7.2495,False,True,True,True,7.81,-2.432778489116511,False,56.21660338897647,0.03016862692199851,-0.06638008233954466,0.19309741852308634,True,False,False,False,,,26.935406426371873,24.23878177457097,32.32865572997368,False,False,,,False,87671.0,106553.0,0.8227924131652793,False,66711700.0,1.13,59.036902654867255,0.0,3.018372703412079,5.110697289468236,47.82608695652179,52.173913043478215,False,9.92,False,True,False,False,True,False
138,000563,陕国投Ａ,J 金融业,腾讯前复权日K回退（成交额、换手率已提供）,False,2026-08-06,3.01,3.0780000000000003,3.021,False,False,True,False,3.16,-4.746835443037986,False,50.05623785590669,0.0349505464748221,0.03331421419007941,0.00327266456948537,True,False,False,False,,,47.36198043765395,47.660859797044765,46.76422171887231,False,True,,,False,527598.0,416167.2,1.2677548831335097,False,158912200.0,1.03,154.28368932038833,-1.6339869281045805,2.6143790849673225,-0.36411784177425094,12.500000000000277,37.49999999999972,False,3.23,False,False,False,False,False,False
139,000564,供销大集,F 批发零售,腾讯前复权日K回退（成交额、换手率已提供）,False,2026-08-06,1.42,1.436,1.375,False,True,True,True,1.47,-3.40136054421769,False,52.447209717307075,0.0036679319067367544,-0.012975598108594527,0.03328706003066256,True,False,False,False,,,20.8310012391389,18.039610110051765,26.41378349731317,False,False,2026-07-28,7.0,True,2150979.0,2314723.4,0.9292596255777257,False,305969800.0,1.42,215.47169014084508,-2.0689655172413834,4.1379310344827624,3.2727272727272676,16.666666666666664,33.33333333333333,False,1.89,False,False,False,False,True,False
140,000565,渝三峡Ａ,C 制造业,腾讯前复权日K回退（成交额、换手率已提供）,False,2026-08-06,5.9,5.85,5.609500000000001,True,True,True,True,6.0,-1.6666666666666607,False,54.12197869684757,-0.05252817522416375,-0.14630208200156106,0.1875478135547946,True,False,False,False,2026-07-27,8.0,21.712876107293976,18.728823099266844,27.680982123348237,False,False,2026-07-23,10.0,True,74348.0,111481.2,0.6669106539936779,False,43552000.0,1.71,25.469005847953216,0.5110732538330609,2.214650766609879,5.178714680452798,15.384615384615069,84.61538461538493,True,8.77,False,False,False,False,False,False
141,000566,海南海药,C 制造业,腾讯前复权日K回退（成交额、换手率已提供）,False,2026-08-06,5.85,5.8740000000000006,5.3415,False,True,True,False,6.23,-6.099518459069033,False,56.433783881280505,0.28667885575617014,0.2364184505695465,0.10052081037324728,True,False,False,False,2026-07-28,7.0,72.48606944281983,68.67521734871643,80.10777363102662,False,False,,,False,2416404.0,2834192.6,0.8525899051461782,False,1430751099.9999998,18.63,76.79823403113258,-4.567699836867867,5.220228384991848,9.51979780960404,31.25000000000014,15.62499999999993,False,6.73,False,False,False,False,False,False
142,000567,海德股份,J 金融业,腾讯前复权日K回退（成交额、换手率已提供）,False,2026-08-06,6.24,6.2299999999999995,5.857,True,True,True,True,6.59,-5.3110773899848205,False,59.59467986420197,0.08893867883953277,0.014202626101010599,0.14947210547704434,True,False,False,False,2026-07-29,6.0,57.20174514076086,51.83658255408064,67.9320703141213,False,False,,,False,165183.0,241083.0,0.6851706673635221,False,103413200.0,0.85,121.66258823529411,0.0,1.9230769230769247,6.539183882533721,58.33333333333351,25.000000000000185,False,6.76,False,True,False,False,True,False
143,000568,泸州老窖,C 制造业,腾讯前复权日K回退（成交额、换手率已提供）,False,2026-08-06,87.01,89.03,85.2415,False,True,True,False,92.21,-5.639301594187169,False,54.23684236911123,1.8685929765420752,1.514897735695075,0.7073904816940004,True,False,False,False,,,41.98473669617931,42.27178009963165,41.41064988927464,False,True,,,False,105000.0,137059.6,0.7660900805197155,False,913683000.0,0.71,1286.8774647887324,-0.582723948811692,1.5539305301645332,2.074693664470948,38.970588235294215,31.617647058824044,False,96.19,False,False,False,False,False,False
144,000570,苏常柴Ａ,C 制造业,腾讯前复权日K回退（成交额、换手率已提供）,False,2026-08-06,5.0,5.004,4.874499999999999,False,True,True,True,5.09,-1.7681728880157142,False,52.72627339814987,-0.009301740295160954,-0.05181334240574294,0.08502320422116397,True,False,False,False,,,18.652383721685666,17.240009358424075,21.47713244820885,False,False,2026-07-28,7.0,True,100897.0,109556.8,0.9209560702758751,False,50109200.0,1.82,27.53252747252747,0.0,2.1999999999999886,2.574623038260347,18.18181818181789,81.81818181818211,True,6.72,False,True,False,True,True,False
145,000571,新大洲A,B 采矿业,腾讯前复权日K回退（成交额、换手率已提供）,False,2026-08-06,7.3,6.646000000000001,6.1405,True,True,True,True,7.0,4.285714285714283,True,65.06943934791366,0.15787740756788615,0.02605717224907044,0.2636404706376314,True,False,False,False,2026-08-04,2.0,78.23182909370975,62.53314028517888,109.6292067107715,False,False,,,False,498440.0,391443.6,1.2733379725712721,False,359449800.00000006,6.12,58.73362745098041,5.339105339105332,5.627705627705623,18.882827131341088,7.692307692307762,92.30769230769224,True,7.23,True,False,False,False,True,False
146,000572,海马汽车,C 制造业,腾讯前复权日K回退（成交额、换手率已提供）,False,2026-08-06,3.85,3.864,3.6025,False,True,True,True,3.99,-3.5087719298245648,False,54.67547982887338,-0.00019781815361863408,-0.07570853261068637,0.15102142891413547,True,False,False,False,2026-07-14,17.0,18.81909260403329,16.798267100899416,22.860743610301043,False,False,,,False,469903.0,608976.6,0.7716273498850367,False,180870500.0,2.86,63.24143356643357,-1.7857142857142794,4.081632653061228,6.87022900763359,25.0,37.5,False,5.6,False,True,False,False,True,False
147,000573,粤宏远Ａ,C 制造业,腾讯前复权日K回退（成交额、换手率已提供）,False,2026-08-06,3.61,3.632,3.5755000000000003,False,True,True,True,3.88,-6.958762886597938,False,49.15154019918116,-0.03468992791459646,-0.073627704764696,0.07787555370019908,True,False,False,False,2026-07-10,19.0,20.379913826126657,18.62571084040992,23.888319797560136,False,False,2026-07-28,7.0,True,346027.0,170336.6,2.03143070837389,True,125081400.0,5.47,22.866800731261424,-2.695417789757415,7.816711590296498,0.9649000139840449,13.793103448275874,51.72413793103444,False,4.78,False,False,False,False,False,False
148,000576,甘化科工,C 制造业,腾讯前复权日K回退（成交额、换手率已提供）,False,2026-08-06,7.15,6.970000000000001,6.633500000000001,True,True,True,True,7.38,-3.1165311653116468,False,57.82099093484625,-0.017446196985732243,-0.12396492318158292,0.21303745239170135,True,False,False,False,2026-07-27,8.0,26.261094286770902,21.976859918025067,34.829563024262576,False,False,2026-07-23,10.0,True,87967.0,95236.6,0.9236680015876249,False,62543700.0,2.03,30.80970443349754,1.85185185185186,2.8490028490028516,7.786236526720429,20.0,80.0,True,9.06,False,False,False,False,True,False
149,000581,威孚高科,C 制造业,腾讯前复权日K回退（成交额、换手率已提供）,False,2026-08-06,17.53,17.738,17.234,False,True,True,False,18.08,-3.042035398230073,False,53.85202651070705,0.1432165197680355,0.06252152752138346,0.1613899844933041,True,False,False,False,,,38.93243398273833,36.45559859417249,43.88610475987001,False,False,,,False,64782.0,83293.8,0.7777529660070738,False,113420600.0,0.82,138.31780487804878,-0.7361268403170973,1.359003397508505,1.717535105024947,29.16666666666654,41.66666666666691,False,19.72,False,False,False,False,False,False
150,000582,北部湾港,G 运输仓储,腾讯前复权日K回退（成交额、换手率已提供）,False,2026-08-06,12.52,12.65,11.837,False,True,True,True,13.05,-4.061302681992346,False,57.86148420529547,0.3449576055110466,0.2280773491422941,0.23376051273750498,True,False,False,False,,,47.43343076238936,45.20873585884841,51.882820569471264,False,False,,,False,423996.0,489078.8,0.8669277834164965,False,535280800.0,1.97,271.7161421319797,-3.0209140201394313,3.0209140201394313,5.770043085241191,12.820512820512983,5.128205128205011,False,15.46,False,False,False,False,False,False
151,000586,汇源通信,C 制造业,腾讯前复权日K回退（成交额、换手率已提供）,False,2026-08-06,11.92,11.33,11.0055,True,True,True,True,12.73,-6.362922230950514,False,51.7105873698708,-0.5495890039882863,-0.8676438952580279,0.6361097825394832,True,False,False,False,2026-07-27,8.0,13.347911288061056,10.789318810598294,18.46509624298658,False,False,,,False,58045.0,59383.2,0.9774650069379892,False,68076000.0,3.04,22.393421052631577,2.2298456260720467,3.9451114922812955,8.309481622824954,6.521739130434656,93.47826086956535,True,20.7,False,False,False,False,False,False
152,000589,贵州轮胎,C 制造业,腾讯前复权日K回退（成交额、换手率已提供）,False,2026-08-06,4.28,4.352,4.316,False,False,True,False,4.43,-3.386004514672675,False,46.150774435812515,0.002338364118633862,-0.0037264077689945913,0.012129543775256907,True,False,False,False,,,30.886166602263113,32.10921995794984,28.440059890889657,False,True,,,False,217091.0,295971.8,0.7334854198947333,False,92941600.0,1.41,65.91602836879433,-1.1547344110854452,1.8475750577367223,-0.8341056533827523,12.499999999999723,37.50000000000028,False,4.87,False,False,False,False,False,False
153,000590,古汉医药,C 制造业,腾讯前复权日K回退（成交额、换手率已提供）,False,2026-08-06,8.63,8.52,8.1875,True,True,True,True,8.78,-1.7084282460136515,False,55.30243172822818,-0.056131743845961424,-0.1844677338859787,0.25667198008003456,True,False,False,False,2026-07-14,17.0,21.577894459523993,18.207919304849526,28.31784476887293,False,False,2026-07-27,8.0,True,34481.0,34390.2,1.0026402870585225,False,29568200.0,1.44,20.533472222222223,1.291079812206597,2.112676056338025,5.404580152671765,11.11111111111089,88.88888888888911,True,10.95,False,False,False,True,True,False
154,000591,太阳能,D 水电煤气,腾讯前复权日K回退（成交额、换手率已提供）,False,2026-08-06,4.48,4.546,4.441,False,True,True,False,4.64,-3.4482758620689493,False,46.24786966459832,-0.036162455233903046,-0.0721229026969652,0.0719208949261243,True,False,False,False,2026-07-15,16.0,16.905285596113156,16.727433103709362,17.26099058092074,False,False,,,False,461669.0,460049.0,1.0035213640286142,False,206583900.0,1.18,175.07110169491528,-1.538461538461522,2.417582417582405,0.8781805899572303,18.18181818181789,36.36363636363658,False,6.49,False,False,False,False,False,False
155,000592,平潭发展,C 制造业,腾讯前复权日K回退（成交额、换手率已提供）,False,2026-08-06,6.66,6.346,5.829,True,True,True,True,6.7,-0.5970149253731348,False,57.754720599184104,-0.12231791234680855,-0.33585721843049116,0.4270786121673652,True,False,False,False,2026-07-22,11.0,18.108579919423736,14.580492371934744,25.164755014401724,False,False,,,False,1811939.0,1679681.0,1.0787399512169276,False,1193733600.0,9.46,126.1874841437632,0.7564296520423675,3.32829046898638,14.256304683479163,18.18181818181822,81.81818181818178,True,12.46,False,False,False,False,False,False
156,000593,德龙汇能,D 水电煤气,腾讯前复权日K回退（成交额、换手率已提供）,False,2026-08-06,22.72,20.247999999999998,19.528,True,True,True,True,23.98,-5.254378648874068,False,58.75205141564501,-0.40689791519924867,-0.9478147205660827,1.0818336107336681,True,False,False,False,2026-08-04,2.0,47.150259725217666,38.26668688083758,64.91740541397783,False,False,,,False,425278.0,115198.2,3.6917069884772507,True,957788400.0,11.86,80.75787521079258,0.8880994671403242,6.0390763765541715,16.345759934453095,19.852941176470566,80.14705882352943,True,26.78,False,True,False,True,True,False
157,000595,新能股份,C 制造业,腾讯前复权日K回退（成交额、换手率已提供）,False,2026-08-06,6.26,6.1739999999999995,5.4275,True,True,True,True,7.22,-13.29639889196676,False,56.14465247698243,0.09551361263694602,-0.0958207634119278,0.38266875209774764,True,False,False,False,2026-07-23,10.0,48.20774724059756,40.728991968335386,63.16525778512191,False,False,,,False,1473304.0,759442.2,1.9399817392291343,True,930878100.0,12.94,71.93802936630603,-6.146926536731634,9.295352323838083,15.338553661906948,16.129032258064456,20.96774193548385,False,8.2,False,True,False,True,False,True
158,000596,古井贡酒,C 制造业,腾讯前复权日K回退（成交额、换手率已提供）,False,2026-08-06,90.15,92.006,88.7105,False,True,True,False,98.94,-8.884172225591259,False,54.543435820270126,2.5518946260534534,2.5678753419898808,-0.03196143187285472,False,True,False,True,,,52.64020727386827,53.35492348086325,51.21077485987831,False,True,,,False,74971.0,77344.6,0.9693113675680008,False,672509800.0,1.83,367.49169398907105,0.16666666666667052,2.75555555555556,1.6226940441097837,33.467741935483744,66.53225806451624,False,100.1,False,True,False,False,True,False
159,000597,东北制药,C 制造业,腾讯前复权日K回退（成交额、换手率已提供）,False,2026-08-06,4.58,4.614,4.6465,False,False,False,True,4.94,-7.287449392712557,False,49.06092580887182,0.014242095588723025,0.021851188901301305,-0.01521818662515656,False,True,False,False,,,32.50412390794393,32.79487048924647,31.92263074533885,False,True,,,False,90052.0,104986.6,0.857747560164821,False,41142000.0,0.64,64.284375,-0.6507592190889477,2.386117136659443,-1.4311847627246221,18.18181818181774,54.54545454545484,False,5.1,False,False,False,False,False,False
160,000598,兴蓉环境,D 水电煤气,腾讯前复权日K回退（成交额、换手率已提供）,False,2026-08-06,7.16,7.252,7.124499999999999,False,True,True,False,7.44,-3.7634408602150566,False,56.156402439129934,0.16704944992738646,0.19079267448164206,-0.047486449108511186,False,True,False,False,,,85.32647799390337,88.7856521254558,78.40812973079849,False,False,,,False,214391.0,293192.8,0.7312287341298968,False,153199400.0,0.72,212.77694444444447,0.2801120448179262,1.6806722689075646,0.49828058109342066,41.66666666666648,58.33333333333351,False,7.44,False,True,False,False,True,False
161,000599,青岛双星,C 制造业,腾讯前复权日K回退（成交额、换手率已提供）,False,2026-08-06,4.99,4.91,4.5605,True,True,True,True,5.04,-0.9920634920634885,False,66.46997454124033,0.0944417363048835,0.013204723962411725,0.16247402468494357,True,False,False,False,,,35.82674709927347,29.696831891832186,48.08657751415604,False,False,2026-07-27,8.0,True,121203.0,162007.4,0.7481324927132958,False,59952600.0,1.48,40.50851351351351,0.8080808080808133,2.626262626262624,9.417826992654314,7.692307692307534,92.30769230769246,True,5.93,False,True,False,True,False,False
162,000600,建投能源,D 水电煤气,腾讯前复权日K回退（成交额、换手率已提供）,False,2026-08-06,8.72,8.709999999999999,8.550999999999998,True,True,True,True,9.39,-7.135250266240681,False,48.31447259039012,-0.0973137598749414,-0.16758924571153946,0.14055097167319613,True,False,False,False,2026-07-20,13.0,20.120116068045355,19.640836375326284,21.0786754534835,False,False,2026-08-04,2.0,True,301019.0,300071.2,1.003158583696136,False,261556300.0,2.76,94.76677536231884,-1.4689265536723006,2.9378531073446306,1.9763770319261174,3.846153846153767,53.84615384615411,False,12.99,False,False,False,False,True,False
163,000601,韶能股份,D 水电煤气,腾讯前复权日K回退（成交额、换手率已提供）,False,2026-08-06,6.64,6.5840000000000005,6.5145,True,True,True,True,7.12,-6.741573033707871,False,50.9413250999446,-0.03509601152273767,-0.07461724147602626,0.07904245990657718,True,False,False,False,,,20.377052504144796,19.021954047293892,23.0872494178466,False,False,2026-08-04,2.0,True,506408.0,526581.2,0.9616902388463546,False,333996700.0,4.82,69.29392116182572,-0.7473841554559102,2.6905829596412643,1.9264717169391314,0.0,66.6666666666665,False,9.89,False,False,False,False,False,False
164,000603,盛达资源,B 采矿业,腾讯前复权日K回退（成交额、换手率已提供）,False,2026-08-06,31.3,27.613999999999997,23.656,True,True,True,True,29.15,7.375643224699837,True,70.59806876265193,0.9787004019328762,-0.09330171945667726,2.144004242779107,True,False,False,False,2026-07-21,12.0,41.3033126341709,33.07222351809309,57.765490866326516,False,False,,,False,1209847.0,543225.4,2.227154694901969,True,3822800900.0000005,18.15,210.62263911845733,7.375643224699835,6.072041166380788,32.3131552248901,0.5649717514123171,56.49717514124295,False,40.03,False,False,False,False,False,True
165,000605,渤海股份,D 水电煤气,腾讯前复权日K回退（成交额、换手率已提供）,False,2026-08-06,5.81,5.758,5.5235,True,True,True,True,5.95,-2.3529411764705976,False,56.531424020593185,0.008782070183447566,-0.06546491209479507,0.14849396455648528,True,False,False,False,2026-07-27,8.0,27.926474762293623,23.3110429791986,37.15733832848367,False,False,2026-07-29,6.0,True,44295.0,46806.0,0.9463530316626073,False,25616000.0,1.26,20.33015873015873,0.519031141868509,2.5951557093425515,5.186928577894438,26.66666666666678,73.33333333333321,True,7.25,False,True,False,False,True,False
166,000607,华媒控股,L 商务服务,腾讯前复权日K回退（成交额、换手率已提供）,False,2026-08-06,3.64,3.624,3.3684999999999996,True,True,True,True,3.83,-4.96083550913838,False,64.30676511378707,0.08382195959135075,0.03153177501744894,0.10458036914780361,True,False,False,False,,,47.52923755296815,41.78456622770501,59.01858020349444,False,False,,,False,156260.0,182286.2,0.8572234211915108,False,57087400.0,1.77,32.25276836158192,-0.8174386920980825,4.359673024523165,8.05996734451538,56.249999999999865,31.25000000000014,False,4.11,False,True,False,False,True,False
167,000608,阳光股份,K 房地产,腾讯前复权日K回退（成交额、换手率已提供）,False,2026-08-06,7.15,6.694,6.35,True,True,True,True,7.25,-1.3793103448275814,False,61.45926879491245,0.1629804014820042,0.08659520558555857,0.15277039179289129,True,False,False,False,2026-08-04,2.0,70.4482986088446,64.7724713801283,81.7999530662772,False,False,,,False,439558.0,397592.0,1.105550413489205,False,313693800.0,5.9,53.168440677966096,3.3236994219653315,7.080924855491332,12.598425196850405,30.612244897959062,69.38775510204094,False,8.14,False,False,False,False,False,False
168,000609,*ST中迪,S 综合,腾讯前复权日K回退（成交额、换手率已提供）,False,2026-08-06,10.54,9.822000000000001,9.984,True,True,False,True,12.79,-17.591868647380767,False,51.69684966457687,-0.5223204033609203,-0.7152887012367183,0.3859365957515959,True,False,False,False,2026-08-04,2.0,22.225914064499978,17.88976322066425,30.89821575217144,False,False,2026-08-04,2.0,True,81780.0,77153.6,1.0599635013790671,False,84689800.0,2.81,30.138718861209966,1.3461538461538414,4.999999999999996,5.5689102564102475,26.923076923077055,73.07692307692295,True,16.21,False,False,False,False,True,True
169,000610,*ST西旅,L 商务服务,腾讯前复权日K回退（成交额、换手率已提供）,False,2026-08-06,5.72,5.702,5.4485,True,True,True,True,5.85,-2.2222222222222205,False,51.75574266252454,-0.08557428199582162,-0.1895855246034136,0.20802248521518396,True,False,False,False,2026-07-23,10.0,15.332073887982375,13.462198673454262,19.0718243170386,False,False,2026-07-27,8.0,True,25260.0,29706.6,0.8503160913736342,False,14296800.0,1.07,13.361495327102801,0.0,2.622377622377613,4.983022850325771,0.0,100.0,True,7.96,False,True,False,True,True,False
170,000612,焦作万方,C 制造业,腾讯前复权日K回退（成交额、换手率已提供）,False,2026-08-06,11.42,11.290000000000001,10.8015,True,True,True,True,11.58,-1.381692573402419,False,57.834564986299775,0.11709608958288875,-0.004866228576894529,0.24392463631956657,True,False,False,False,2026-07-14,17.0,44.148980350716805,39.426637125196805,53.5936668017568,False,False,,,False,374025.0,339268.8,1.1024444334403871,False,428983600.0,3.14,136.61898089171973,-0.6956521739130417,3.1304347826087064,5.726056566217647,24.99999999999988,36.11111111111121,False,12.88,False,False,False,False,False,False
171,000615,*ST美谷,Q 卫生,腾讯前复权日K回退（成交额、换手率已提供）,False,2026-08-06,3.39,3.21,3.0814999999999997,True,True,True,True,3.26,3.9877300613497035,True,66.23822139357326,0.00013331724643617093,-0.04907102069379249,0.09840867588045732,True,False,False,False,2026-07-29,6.0,41.17442708896673,32.77020453793785,57.9828721910245,False,False,,,False,133183.0,75603.2,1.7616053288749682,False,44326800.0,1.44,30.7825,4.629629629629628,4.938271604938262,10.011358104819097,6.249999999999878,93.75000000000013,True,3.92,False,False,False,False,False,False
172,000617,中油资本,J 金融业,腾讯前复权日K回退（成交额、换手率已提供）,False,2026-08-06,7.18,7.175999999999999,6.949499999999999,True,True,True,True,7.28,-1.373626373626381,False,55.15262451479837,0.03093644540225604,-0.024482741869335023,0.11083837454318213,True,False,False,False,,,12.463912655977515,11.72796493329591,13.935808101340722,False,False,,,False,1280661.0,784489.0,1.632477956988562,False,923599000.0,1.01,914.4544554455446,0.5602240896358524,3.081232492997208,3.3167853802431986,63.63636363636371,36.363636363636296,False,9.24,False,True,False,False,True,False
173,000619,海螺新材,C 制造业,腾讯前复权日K回退（成交额、换手率已提供）,False,2026-08-06,4.68,4.614,4.402500000000001,True,True,True,True,4.72,-0.8474576271186449,False,57.30935122448417,-0.02053523956276404,-0.09592088778046808,0.15077129643540807,True,False,False,False,,,24.124634950718995,20.153370929733963,32.067162992689056,False,False,2026-07-27,8.0,True,67556.0,68610.8,0.9846263270505518,False,31350400.0,1.88,16.675744680851064,1.298701298701288,2.3809523809523876,6.303236797274252,18.18181818181855,81.81818181818144,True,6.17,False,True,False,False,True,False
174,000620,盈新发展,K 房地产,腾讯前复权日K回退（成交额、换手率已提供）,False,2026-08-06,2.78,2.716,2.8605,True,False,False,True,3.71,-25.06738544474394,False,45.532098671506944,-0.11896098852973669,-0.12321036339331494,0.008498749727156502,True,False,True,False,,,14.338316576658125,12.322073619080209,18.370802491813958,False,False,2026-08-05,1.0,True,1696822.0,1888836.8,0.8983423025218483,False,469097699.99999994,3.63,129.22801652892562,-0.35842293906810374,2.1505376344086042,-2.814193322845665,16.666666666667037,83.33333333333296,True,3.96,False,False,False,False,False,False
175,000623,吉林敖东,C 制造业,腾讯前复权日K回退（成交额、换手率已提供）,False,2026-08-06,18.08,18.274,18.1715,False,False,True,False,18.79,-3.778605641298568,False,50.10679575886487,0.11438447747561398,0.13865855339421454,-0.048548151837201126,False,True,False,False,,,75.45290766599946,76.00685389604581,74.34501520590675,False,True,,,False,136938.0,122327.6,1.1194366602467472,False,247832100.0,1.15,215.50617391304348,-1.2021857923497414,2.021857923497273,-0.5035357565418566,16.216216216215827,29.7297297297295,False,18.79,False,True,False,False,True,False
176,000625,长安汽车,C 制造业,腾讯前复权日K回退（成交额、换手率已提供）,False,2026-08-06,7.38,7.648000000000001,7.3145,False,True,True,False,7.91,-6.700379266750951,False,49.36122295219587,0.08744973104253706,0.043371800660782625,0.08815586076350887,True,False,False,False,,,27.225317548198706,27.56431837156843,26.547315901459264,False,True,,,False,981429.0,1204110.4,0.8150656285337292,False,728224400.0,1.19,611.9532773109244,-2.3809523809523725,2.6455026455026482,0.8954815776881552,9.999999999999778,15.00000000000011,False,9.04,False,False,False,False,False,False
177,000626,远大控股,F 批发零售,腾讯前复权日K回退（成交额、换手率已提供）,False,2026-08-06,7.49,7.204000000000001,6.7155000000000005,True,True,True,True,7.3,2.6027397260274023,True,66.24761244621844,0.12780367754802668,0.0005954881039801699,0.25441637888809304,True,False,False,False,,,35.494492815442435,30.28898584976142,45.905506746804456,False,False,2026-07-23,10.0,True,110604.0,90289.0,1.2249997231113425,False,81877800.0,2.2,37.217181818181814,2.8846153846153744,3.159340659340665,11.53302062392971,4.347826086956421,95.65217391304358,True,9.13,False,True,False,True,False,False
178,000628,高新发展,E 建筑业,腾讯前复权日K回退（成交额、换手率已提供）,False,2026-08-06,39.31,38.642,37.3935,True,True,True,True,48.14,-18.342334856668046,False,46.150554203650024,-2.1593023138971503,-3.119539937753448,1.920475247712595,True,False,False,False,2026-07-28,7.0,17.139484258592987,14.456264404079926,22.505923967619108,False,False,2026-07-31,4.0,True,77334.0,98130.2,0.7880754344737909,False,303233900.0,4.02,75.4313184079602,-0.9823677581863977,2.7959697732997464,5.1252222979929645,44.1441441441437,55.8558558558563,False,65.97,False,True,False,False,True,False
179,000629,钒钛股份,C 制造业,腾讯前复权日K回退（成交额、换手率已提供）,False,2026-08-06,3.14,3.126,3.0735,True,True,True,True,3.18,-1.2578616352201268,False,50.07256876135138,-0.028215268523893666,-0.04994156707035728,0.04345259709292723,True,False,False,False,2026-07-27,8.0,17.682503025377773,15.48353504953783,22.080438977057664,False,False,2026-07-23,10.0,True,1094654.0,1000729.8,1.0938557041071426,False,344492800.0,1.18,291.94305084745764,-0.9463722397476282,2.839116719242898,2.1636570684886935,11.11111111111089,44.44444444444456,False,3.9,False,False,False,False,False,False
180,000630,铜陵有色,C 制造业,腾讯前复权日K回退（成交额、换手率已提供）,False,2026-08-06,6.57,6.404000000000001,6.1345,True,True,True,True,6.7,-1.940298507462685,False,57.24724831029383,0.018379639063061504,-0.0655498090711292,0.1678588962683814,True,False,False,False,2026-07-23,10.0,34.41322448147306,29.915986292179735,43.4077008600597,False,False,,,False,4436184.0,2818374.0,1.5740224682742603,False,2949776300.0,3.98,741.1498241206031,-1.4992503748125885,5.6971514242878545,7.099193088271257,10.526315789473696,23.68421052631576,False,8.02,False,False,False,False,False,False
181,000631,顺发恒能,K 房地产,腾讯前复权日K回退（成交额、换手率已提供）,False,2026-08-06,2.91,2.928,2.8735,False,True,True,True,2.98,-2.3489932885905986,False,48.49092370305095,-0.018648698711311695,-0.03762820246740982,0.03795900751219625,True,False,False,False,2026-07-16,15.0,11.003311821988879,10.619138644966656,11.771658176033323,False,False,,,False,122474.0,111679.8,1.096653110052131,False,35371300.0,0.53,66.73830188679246,-0.6825938566552892,2.3890784982935247,1.2702279450147973,14.285714285714556,71.42857142857152,True,3.64,False,False,False,True,False,False
182,000632,ST三木,F 批发零售,腾讯前复权日K回退（成交额、换手率已提供）,False,2026-08-06,3.43,3.3840000000000003,3.1480000000000006,True,True,True,True,3.49,-1.7191977077363911,False,56.09595375322296,0.00937850942923868,-0.05737248446513247,0.13350198778874228,True,False,False,False,2026-07-28,7.0,30.38865001284874,27.577796544275632,36.01035694999495,False,False,2026-07-23,10.0,True,99496.0,120749.0,0.8239902607889092,False,33527600.000000004,2.14,15.66710280373832,3.625377643504546,5.740181268882187,8.958068614993632,10.526315789473673,89.47368421052633,True,4.44,False,True,False,False,False,False
183,000633,合金投资,C 制造业,腾讯前复权日K回退（成交额、换手率已提供）,False,2026-08-06,5.2,5.092,4.896,True,True,True,True,5.21,-0.19193857965450647,False,58.46044679547114,0.0035293181384892236,-0.06648473101991789,0.14002809831681423,True,False,False,False,,,25.142883455071246,21.589405244584487,32.24983987604477,False,False,2026-07-23,10.0,True,95253.0,95217.6,1.0003717800070575,False,49108300.0,2.47,19.881902834008095,1.9607843137255054,2.5490196078431353,6.209150326797391,7.692307692307534,92.30769230769246,True,6.64,False,False,False,False,True,False
184,000635,英 力 特,C 制造业,腾讯前复权日K回退（成交额、换手率已提供）,False,2026-08-06,6.5,6.394,6.0705,True,True,True,True,6.51,-0.1536098310291826,False,59.323773224643844,0.009770790473399238,-0.08724324091236835,0.19402806277153517,True,False,False,False,2026-07-14,17.0,22.021405290380102,18.58917384499654,28.885868181147224,False,False,,,False,48729.0,41436.2,1.1760006950444297,False,31360400.0,1.33,23.57924812030075,0.9316770186335255,2.1739130434782554,7.075199736430278,7.1428571428570065,92.85714285714299,True,8.3,False,True,False,False,True,False
185,000636,风华高科,C 制造业,腾讯前复权日K回退（成交额、换手率已提供）,False,2026-08-06,58.28,54.343999999999994,49.7125,True,True,True,True,66.28,-12.070006035003017,False,56.75588019637017,-0.950591968120321,-2.678796125767831,3.45640831529502,True,False,False,False,2026-07-31,4.0,55.7099096049414,50.719393924509255,65.6909409658057,False,False,,,False,2145862.0,2251190.6,0.953212046994155,False,12228600100.0,18.55,659.2237250673854,0.8304498269896321,7.491349480968868,17.234096052300735,19.630484988452665,80.36951501154734,True,83.9,False,False,False,False,False,False
186,000637,茂化实华,C 制造业,腾讯前复权日K回退（成交额、换手率已提供）,False,2026-08-06,3.84,3.746,3.597,True,True,True,True,3.85,-0.2597402597402657,False,59.6057634023117,0.0009026918530996575,-0.05080361392123456,0.10341261154866843,True,False,False,False,,,28.332148337242327,23.635771531425632,37.72490194887571,False,False,2026-07-27,8.0,True,115594.0,98675.8,1.1714523723141843,False,44082700.00000001,3.17,13.906214511041012,2.9490616621983934,4.55764075067024,6.7556296914095055,17.647058823529566,82.35294117647044,True,4.81,False,True,False,False,False,False
187,000639,ST西王,C 制造业,腾讯前复权日K回退（成交额、换手率已提供）,False,2026-08-06,1.62,1.5660000000000003,1.4935,True,True,True,True,1.68,-3.5714285714285614,False,59.4065398620052,0.04424408471199337,0.028076497891799695,0.03233517364038735,True,False,False,False,,,24.113975398742223,22.732451724647632,26.877022746931402,False,False,2026-07-28,7.0,True,790072.0,537853.0,1.4689366797247576,False,125509500.0,7.32,17.14610655737705,5.882352941176472,7.189542483660122,8.470036826247075,9.090909090908909,90.90909090909109,True,1.73,False,False,False,False,False,False
188,000650,仁和药业,C 制造业,腾讯前复权日K回退（成交额、换手率已提供）,False,2026-08-06,5.33,5.4239999999999995,5.3845,False,False,True,False,5.6,-4.821428571428564,False,49.688003428721636,0.05949504807426198,0.0684267225855244,-0.017863349022524844,False,True,False,True,,,62.108813991431994,64.1726768424427,57.98108828941059,False,True,,,False,150298.0,177541.2,0.8465528001387846,False,79996600.0,1.13,70.79345132743363,-1.1131725417439675,2.0408163265306016,-1.0121645463831366,18.18181818181789,45.454545454545524,False,5.6,False,False,False,False,False,False
189,000651,格力电器,C 制造业,腾讯前复权日K回退（成交额、换手率已提供）,False,2026-08-06,40.25,40.86,40.421,False,False,True,False,42.48,-5.2495291902071495,False,51.758823257500644,0.5795227281651094,0.699574592762102,-0.24010372919398515,False,True,False,False,,,72.06211980325624,79.87507616807522,56.43620707361828,False,False,,,False,367555.0,682685.6,0.5383957124626622,False,1476771500.0,0.67,2204.1365671641793,-0.049664762850765154,1.216786689843543,-0.42304742584300087,53.06122448979607,46.93877551020393,False,42.48,False,True,False,False,True,False
190,000652,泰达股份,F 批发零售,腾讯前复权日K回退（成交额、换手率已提供）,False,2026-08-06,3.51,3.5439999999999996,3.4835000000000003,False,True,True,False,3.6,-2.5000000000000084,False,50.39913644916332,0.010641195310209906,-0.0029056548404072153,0.02709370030123424,True,False,False,False,,,23.526183355805838,23.364157217559107,23.850235632299295,False,False,,,False,107709.0,109241.4,0.9859723511416002,False,37710600.0,0.74,50.96027027027027,-0.8474576271186529,1.9774011299434981,0.7607291517152153,14.285714285714649,57.142857142856684,False,4.48,False,False,False,True,False,False
191,000655,金岭矿业,B 采矿业,腾讯前复权日K回退（成交额、换手率已提供）,False,2026-08-06,6.92,6.874,6.591500000000001,True,True,True,True,7.07,-2.1216407355021265,False,59.47714034283818,0.051839174157043644,-0.01558934495214213,0.13485703821837156,True,False,False,False,2026-07-14,17.0,25.271199176024464,22.110689369179777,31.592218789713833,False,False,,,False,66603.0,54598.6,1.2198664434619202,False,45813500.0,1.12,40.90491071428571,0.5813953488372103,2.470930232558138,4.983691117348086,23.529411764705912,76.47058823529409,True,8.11,False,False,False,False,True,False
192,000656,金科股份,K 房地产,腾讯前复权日K回退（成交额、换手率已提供）,False,2026-08-06,1.19,1.212,1.23,False,False,False,False,1.36,-12.50000000000001,False,42.30528152534151,-0.02153940460914283,-0.0222115904542304,0.0013443716901751362,True,False,False,False,2026-07-24,9.0,34.31463319778141,36.0678114101562,30.808276773031835,False,False,,,False,1105898.0,1357239.2,0.8148143672832321,False,131988799.99999999,1.46,90.40328767123287,-1.6528925619834767,2.4793388429752086,-3.2520325203252063,33.33333333333333,33.33333333333333,False,1.53,False,False,False,False,False,False
193,000657,中钨高新,C 制造业,腾讯前复权日K回退（成交额、换手率已提供）,False,2026-08-06,62.5,53.928,59.40350000000001,True,True,False,True,80.11,-21.982274372737486,False,49.30526328853645,-6.032555708724914,-6.802670968629689,1.5402305198095512,True,False,True,False,,,16.094346883122693,12.77631500977189,22.730410629824295,False,False,2026-08-05,1.0,True,1715016.0,690653.8,2.4831775340988496,True,10522454700.0,11.8,891.7334491525422,8.82813860351732,6.442625805328231,5.212655819943255,18.10810810810814,81.89189189189186,True,113.76,False,False,False,False,False,True
194,000659,珠海中富,C 制造业,腾讯前复权日K回退（成交额、换手率已提供）,False,2026-08-06,2.79,2.72,2.5935,True,True,True,True,2.85,-2.1052631578947385,False,50.81109968679618,-0.0925448412251062,-0.1627051574452829,0.14032063244035342,True,False,False,False,2026-07-27,8.0,19.79287766144564,17.216792341133175,24.945048302070568,False,False,,,False,213327.0,295516.6,0.7218782295140105,False,58632600.0,1.66,35.32084337349398,0.7220216606498298,3.2490974729241824,7.576633892423362,11.11111111111089,88.88888888888911,True,4.52,False,False,False,False,False,False
195,000661,长春高新,C 制造业,腾讯前复权日K回退（成交额、换手率已提供）,False,2026-08-06,75.15,77.782,76.042,False,False,True,False,82.97,-9.425093407255627,False,50.13593863290586,1.9680542301273647,2.235340131044983,-0.534571801835237,False,True,False,True,,,55.761329066794794,58.896357290650094,49.4912726190842,False,False,,,False,88540.0,92789.4,0.9542038206950364,False,673090500.0,2.22,303.1939189189189,-2.3391812865497075,4.171539961013638,-1.1730359538149917,15.88785046728991,11.214953271028042,False,88.94,False,False,False,False,False,False
196,000663,永安林业,A 农林牧渔,腾讯前复权日K回退（成交额、换手率已提供）,False,2026-08-06,5.45,5.3260000000000005,5.044,True,True,True,True,5.48,-0.5474452554744571,False,59.20264168057704,-0.001271492203072988,-0.09372868885797676,0.18491439330980755,True,False,False,False,2026-07-27,8.0,30.923281537456614,25.89865989483604,40.97252482269776,False,False,2026-07-23,10.0,True,48078.0,60756.6,0.791321436683422,False,25910400.0,1.57,16.50343949044586,1.869158878504673,2.24299065420561,8.049167327517855,0.0,100.0,True,6.86,False,False,False,False,True,False
197,000665,湖北广电,I 信息技术,腾讯前复权日K回退（成交额、换手率已提供）,False,2026-08-06,3.99,3.982,3.8104999999999998,True,True,True,True,4.07,-1.9656019656019672,False,57.82249874334815,0.023153329043425153,-0.02527576071956525,0.0968581795259808,True,False,False,False,,,26.13684573248413,22.384020237471177,33.64249672251003,False,False,2026-07-28,7.0,True,116439.0,148009.2,0.7867010969588376,False,46289399.99999999,1.02,45.38176470588234,-0.4987531172069737,3.2418952618453836,4.710667891352852,46.15384615384589,53.84615384615411,False,4.98,False,True,False,False,False,False
198,000668,荣丰控股,K 房地产,腾讯前复权日K回退（成交额、换手率已提供）,False,2026-08-06,19.74,19.375999999999998,18.4615,True,True,True,True,22.66,-12.88614298323037,False,52.82148649269978,-0.13804415887004495,-0.4198441550858349,0.5635999924315799,True,False,False,False,2026-07-29,6.0,59.39034075538682,57.381349905080675,63.40832245599911,False,False,,,False,20182.0,38812.6,0.5199857778144211,False,39825500.0,1.37,29.069708029197077,-0.10121457489880026,4.251012145748987,6.925222760880738,48.80952380952384,51.19047619047616,False,23.64,False,True,False,False,True,False
199,000669,ST金鸿,D 水电煤气,腾讯前复权日K回退（成交额、换手率已提供）,False,2026-08-06,3.53,3.498,3.5035000000000003,True,True,False,True,3.95,-10.632911392405072,False,47.63262075141638,-0.07885042040451307,-0.11473682072900573,0.07177280064898534,True,False,False,False,2026-08-03,3.0,13.744728730412632,11.370940013495408,18.49230616424708,False,False,2026-08-03,3.0,True,54122.0,47174.8,1.1472650652466994,False,19138400.0,0.8,23.923,-1.671309192200554,3.342618384401117,0.7563864706721714,0.0,41.66666666666648,False,4.86,False,True,False,False,False,False
200,000670,盈方微,F 批发零售,腾讯前复权日K回退（成交额、换手率已提供）,False,2026-08-06,6.9,6.867999999999999,6.438,True,True,True,False,7.44,-7.258064516129033,False,50.58150487663501,-0.12370233673852127,-0.28032924265875636,0.3132538118404702,True,False,False,False,2026-07-27,8.0,33.96374893918205,31.745439603711418,38.40036761012331,False,False,,,False,444411.0,676297.0,0.6571240150407291,False,306107100.0,5.35,57.21628037383178,-2.5423728813559254,2.9661016949152534,7.176141658900289,52.38095238095212,47.61904761904788,False,10.37,False,True,False,False,False,False
201,000672,上峰材料,C 制造业,腾讯前复权日K回退（成交额、换手率已提供）,False,2026-08-06,13.87,13.396,15.125499999999999,True,False,False,True,22.87,-39.35286401399213,False,39.99620975559837,-1.4302959952908196,-1.3633680743679675,-0.13385584184570432,False,True,False,False,,,13.494113210943746,13.731279773865309,13.019780085100624,False,False,,,False,194141.0,255499.8,0.7598479529142489,False,267118600.0,2.0,133.5593,0.8727272727272695,3.41818181818181,-8.300552047866185,14.893617021276691,85.1063829787233,True,24.6,False,False,False,False,False,False
202,000676,智度股份,L 商务服务,腾讯前复权日K回退（成交额、换手率已提供）,False,2026-08-06,7.5,7.614,6.724000000000001,False,True,True,True,7.94,-5.541561712846352,False,61.644626326846385,0.5047912245315702,0.4175678704127946,0.17444670823755126,True,False,False,False,,,86.14059225381983,80.05544560790305,98.3108855456534,False,False,,,False,1352490.0,1802301.6,0.7504237914453386,False,1025467500.0,10.74,95.48114525139664,-4.458598726114649,4.458598726114645,11.540749553836983,28.5714285714285,28.5714285714285,False,7.94,False,False,False,False,True,False
203,000677,ST海龙,C 制造业,腾讯前复权日K回退（成交额、换手率已提供）,False,2026-08-06,1.69,1.704,1.67,False,True,True,True,1.98,-14.646464646464649,False,49.243537650519905,-0.02664211377386594,-0.05283272392022086,0.05238122029270985,True,False,False,False,,,7.727984975825954,7.28604277903504,8.61186936940778,False,False,2026-07-29,6.0,True,314572.0,411897.2,0.7637148298167601,False,53168000.0,3.64,14.606593406593406,-1.1695906432748537,4.093567251461992,1.1976047904191627,42.857142857142854,42.857142857142854,False,2.81,False,True,False,False,False,False
204,000678,襄阳轴承,C 制造业,腾讯前复权日K回退（成交额、换手率已提供）,False,2026-08-06,8.94,8.835999999999999,8.181000000000001,True,True,True,True,9.06,-1.3245033112582891,False,56.11059197715252,-0.0823206947206998,-0.30700318925941744,0.4493649890774353,True,False,False,False,,,20.600103606107663,17.03465243336237,27.73100595159824,False,False,2026-07-23,10.0,True,115775.0,134930.6,0.8580336854649723,False,104004200.0,2.52,41.27150793650794,-0.8869179600886956,3.880266075388023,9.277594426109259,51.4285714285714,37.1428571428569,False,13.9,False,False,False,True,True,False
205,000679,大连友谊,F 批发零售,腾讯前复权日K回退（成交额、换手率已提供）,False,2026-08-06,6.02,5.799999999999999,5.637,True,True,True,True,6.74,-10.682492581602384,False,55.064058506380896,-0.09439326057808817,-0.18570992801702213,0.18263333487786793,True,False,False,False,2026-07-29,6.0,28.85290970924125,24.1635315843015,38.231665959120754,False,False,2026-07-27,8.0,True,62377.0,64932.8,0.9606393070990316,False,36928100.0,1.75,21.10177142857143,3.2590051457976,3.9451114922813106,6.794394181302112,4.3478260869568075,95.65217391304319,True,8.09,False,False,False,False,True,False
206,000680,山推股份,C 制造业,腾讯前复权日K回退（成交额、换手率已提供）,False,2026-08-06,11.16,11.238,10.6385,False,True,True,False,11.52,-3.124999999999995,False,57.99074337408142,0.23361661893537722,0.15897077048944502,0.1492916968918644,True,False,False,False,2026-07-20,13.0,53.08929294751179,51.308459516583355,56.65095980936866,False,False,,,False,176741.0,240118.4,0.736057711528979,False,198521699.99999997,1.34,148.15052238805967,-0.4460303300624524,3.925066904549521,4.90200686186962,70.45454545454535,29.545454545454636,False,12.1,False,False,False,False,True,False
207,000681,视觉中国,I 信息技术,腾讯前复权日K回退（成交额、换手率已提供）,False,2026-08-06,18.49,18.438,17.186500000000002,True,True,True,True,19.17,-3.5472091810120148,False,53.13704151453554,-0.28177430459968633,-0.709758834794722,0.8559690603900714,True,False,False,False,2026-07-28,7.0,29.32932344616079,23.979938249631303,40.028093839219764,False,False,2026-07-28,7.0,True,373248.0,500206.4,0.7461879736044961,False,694747300.0,5.52,125.86001811594204,-2.0656779661016977,3.7076271186440644,7.584441276583341,52.85714285714255,28.5714285714285,False,25.46,False,False,False,False,False,False
208,000682,东方电子,I 信息技术,腾讯前复权日K回退（成交额、换手率已提供）,False,2026-08-06,12.27,12.334,11.939499999999999,False,True,True,True,12.67,-3.1570639305445964,False,51.635923774584384,-0.02411746228514211,-0.14435024610872613,0.24046556764716803,True,False,False,False,2026-07-23,10.0,25.08388786584588,21.544802888634255,32.16205782026913,False,False,2026-07-29,6.0,True,186682.0,225654.4,0.8272916459860743,False,229247000.0,1.39,164.92589928057555,-1.9968051118210872,2.076677316293928,2.768122618200098,3.846153846153767,34.615384615384585,False,15.1,False,False,False,True,True,False
209,000683,博源化工,C 制造业,腾讯前复权日K回退（成交额、换手率已提供）,False,2026-08-06,6.12,6.022,5.9085,True,True,True,False,6.46,-5.26315789473684,False,52.945065464682635,0.01901090468501021,-0.014621876087596275,0.06726556154521297,True,False,False,False,,,20.393343094766113,20.65136659501304,19.87729609427226,False,False,,,False,980859.0,1132550.4,0.8660621196195772,False,593625000.0,2.94,201.91326530612244,2.684563758389258,3.35570469798658,3.57958872810358,15.00000000000011,84.99999999999989,True,8.49,False,False,False,False,True,False
210,000685,中山公用,D 水电煤气,腾讯前复权日K回退（成交额、换手率已提供）,False,2026-08-06,11.01,11.102,10.951,False,True,True,False,11.64,-5.412371134020625,False,51.08494022486749,0.06362295700643017,0.04680274199998703,0.033640430012886274,True,False,False,False,2026-07-23,10.0,42.01805336984552,41.56762565709891,42.91890879533874,False,False,,,False,161413.0,152691.0,1.0571218997845322,False,178284300.0,1.29,138.20488372093024,-1.43240823634736,1.9695613249776085,0.5387635832344011,22.72727272727236,22.72727272727236,False,12.84,False,False,False,False,True,False
211,000686,东北证券,J 金融业,腾讯前复权日K回退（成交额、换手率已提供）,False,2026-08-06,8.08,8.142,8.0565,False,True,True,False,8.53,-5.2754982415005784,False,48.284127034516814,-0.023045683488128077,-0.037165844124087896,0.02824032127191964,True,False,False,False,2026-08-03,3.0,48.02247398829939,47.0257067822194,50.016008400459356,False,False,,,False,157078.0,184995.6,0.8490904648542992,False,127282900.00000001,0.67,189.9744776119403,-1.1015911872705009,1.7135862913096767,0.2916899398001651,14.285714285713924,28.571428571429113,False,8.96,False,False,False,False,False,False
212,000688,国城矿业,B 采矿业,腾讯前复权日K回退（成交额、换手率已提供）,False,2026-08-06,30.83,29.278,28.4565,True,True,True,True,33.48,-7.915173237753879,False,51.062584411050985,-1.3132694108472371,-2.0238999119966707,1.4212610022988672,True,False,False,False,2026-07-27,8.0,19.83809682887583,16.908443402972747,25.697403680681994,False,False,,,False,278717.0,186712.2,1.4927626582515765,False,849959800.0,2.35,361.68502127659576,2.289316522893148,3.3178500331785004,8.340800871505632,17.00000000000017,82.99999999999983,True,49.5,False,False,False,False,True,False
213,000690,宝新能源,D 水电煤气,腾讯前复权日K回退（成交额、换手率已提供）,False,2026-08-06,4.83,4.926,4.824,False,True,True,False,5.32,-9.210526315789478,False,47.60429201521409,0.010817885483643153,-0.006454066610593712,0.03454390418847373,True,False,False,False,2026-07-15,16.0,27.36924016310316,28.578096956244703,24.95152657682008,False,False,,,False,553481.0,674121.4,0.821040542549161,False,266860300.0,2.55,104.6510980392157,-1.4285714285714346,2.2448979591836618,0.12437810945274104,9.090909090908944,45.454545454545524,False,6.4,False,False,False,False,False,False
214,000691,亚太实业,C 制造业,腾讯前复权日K回退（成交额、换手率已提供）,False,2026-08-06,9.7,9.302000000000001,9.8905,True,False,False,True,11.94,-18.760469011725295,False,47.26163536144282,-0.3879852045167791,-0.3687813476855767,-0.03840771366240481,False,True,False,False,,,35.34424982000165,33.830502181052395,38.37174509790016,False,False,,,False,128065.0,137656.4,0.9303236173545146,False,124614599.99999999,3.96,31.46833333333333,-0.2057613168724437,3.600823045267486,-1.9260906930893293,22.8571428571429,42.85714285714249,False,13.71,False,False,False,False,False,False
215,000692,惠天热电,D 水电煤气,腾讯前复权日K回退（成交额、换手率已提供）,False,2026-08-06,4.24,3.9,3.7685000000000004,True,True,True,True,3.94,7.61421319796955,True,63.85737709739023,-0.04924300173686502,-0.1240191644074415,0.14955232534115295,True,False,False,False,2026-07-23,10.0,25.213631306029185,18.790250107919075,38.06039370224941,False,False,,,False,117506.0,113067.4,1.0392562312390663,False,49224900.0,2.21,22.273710407239818,10.129870129870122,6.233766233766239,12.511609393657947,0.0,100.0,True,5.51,False,True,False,False,False,True
216,000695,滨海能源,C 制造业,腾讯前复权日K回退（成交额、换手率已提供）,False,2026-08-06,12.75,12.709999999999999,12.5425,True,True,True,True,13.5,-5.555555555555555,False,49.66962429444059,-0.04608619948217907,-0.11024526029408449,0.12831812162381084,True,False,False,False,2026-07-16,15.0,26.673261348086204,26.47079587663528,27.078192290988056,False,False,,,False,49443.0,49450.2,0.9998543989710861,False,63037000.0,2.23,28.267713004484307,-1.0093167701863415,3.4161490683229774,1.6543751245764367,45.45454545454534,43.181818181818116,False,16.8,False,False,False,False,False,False
217,000697,炼石航空,C 制造业,腾讯前复权日K回退（成交额、换手率已提供）,False,2026-08-06,8.67,8.462,8.2865,True,True,True,True,9.35,-7.27272727272727,False,47.10966093031555,-0.3371278734886829,-0.49258422974413546,0.31091271251090513,True,False,False,False,2026-07-27,8.0,21.266434664516055,19.06610394092532,25.667096111697525,False,False,,,False,71052.0,67261.2,1.0563593869868513,False,61272800.0,1.09,56.213577981651376,1.4035087719298067,4.210526315789466,4.628009412900497,50.0,50.0,False,13.28,False,False,False,False,True,False
218,000698,ST沈化,C 制造业,腾讯前复权日K回退（成交额、换手率已提供）,False,2026-08-06,3.38,3.3280000000000003,3.21,True,True,True,True,3.35,0.8955223880596956,True,62.60511585875833,0.03196269541775765,0.004237537153834013,0.055450316527847265,True,False,False,False,,,42.07043802816031,38.15399460738877,49.9033248697034,False,False,,,False,47921.0,31244.6,1.5337370297587425,False,16206900.0,0.61,26.568688524590165,1.501501501501501,3.303303303303313,5.295950155763237,45.45454545454557,54.54545454545443,False,3.88,False,False,False,False,False,False
219,000700,模塑科技,C 制造业,腾讯前复权日K回退（成交额、换手率已提供）,False,2026-08-06,11.65,10.968,11.708499999999999,True,False,False,True,16.4,-28.963414634146332,False,46.11088456355947,-0.9467665293058172,-1.0797020209058674,0.2658709832001005,True,False,False,False,2026-08-05,1.0,17.66292901828726,12.937740782625903,27.11330548960998,False,False,2026-08-03,3.0,True,586256.0,602555.2,0.9729498641784189,False,679215100.0,6.39,106.29344287949922,3.0973451327433565,6.63716814159292,-0.49963701584317943,20.00000000000005,79.99999999999994,True,18.66,False,False,False,False,False,False
220,000701,厦门信达,F 批发零售,腾讯前复权日K回退（成交额、换手率已提供）,False,2026-08-06,4.99,4.912,4.6785000000000005,True,True,True,True,5.03,-0.7952286282306169,False,58.95910239479662,0.030190768447025285,-0.04022112311472939,0.14082378312350935,True,False,False,False,,,32.29769409530261,28.307237550129656,40.278607185648525,False,False,2026-07-27,8.0,True,141580.0,108850.6,1.300681852006328,False,70438300.0,2.12,33.22561320754717,1.4227642276422925,3.455284552845527,6.658116917815532,41.176470588234956,58.823529411765044,False,6.35,False,True,False,False,False,False
221,000702,正虹科技,C 制造业,腾讯前复权日K回退（成交额、换手率已提供）,False,2026-08-06,5.35,5.268,5.008,True,True,True,True,5.42,-1.2915129151291564,False,57.97218984691988,-0.011653055007267987,-0.10238664176658074,0.1814671735186255,True,False,False,False,2026-07-28,7.0,26.138242382666494,21.58829511396841,35.238136920062665,False,False,2026-07-29,6.0,True,58926.0,76033.8,0.7749974353511201,False,31117600.000000004,1.7,18.304470588235297,0.943396226415083,3.0188679245283048,6.829073482428108,6.2500000000004166,93.74999999999959,True,7.15,False,False,False,False,True,False
222,000703,恒逸石化,C 制造业,腾讯前复权日K回退（成交额、换手率已提供）,False,2026-08-06,17.2,16.330000000000002,15.244,True,True,True,True,16.68,3.1175059952038344,True,64.54641781742238,0.6152402580014105,0.47272748003843357,0.2850255559259538,True,False,False,False,2026-07-17,14.0,71.5398181859393,67.16377546281485,80.2919036321882,False,False,,,False,947829.0,795800.6,1.1910383078374156,False,1607533000.0,2.49,645.5955823293173,4.942037827943868,6.406345332519833,12.831277879821565,8.571428571428552,91.42857142857144,True,17.08,True,False,False,False,False,False
223,000705,浙江震元,F 批发零售,腾讯前复权日K回退（成交额、换手率已提供）,False,2026-08-06,6.6,6.604000000000001,6.4125,False,True,True,True,6.83,-3.367496339677898,False,55.20381167983086,0.03693227216277517,-0.014570515061672992,0.10300557444889633,True,False,False,False,,,23.39275822680302,21.890838541723497,26.396597596962067,False,False,2026-07-28,7.0,True,58592.0,50995.2,1.1489708835341366,False,38434200.0,2.08,18.47798076923077,0.7633587786259444,2.290076335877868,2.9239766081871346,13.333333333333611,86.66666666666639,True,8.02,False,False,False,False,False,False
224,000707,双环科技,C 制造业,腾讯前复权日K回退（成交额、换手率已提供）,False,2026-08-06,4.51,4.504,4.3265,True,True,True,True,4.6,-1.956521739130432,False,55.20275387808085,-0.0009534857883268799,-0.05349235367954622,0.10507773578243867,True,False,False,False,,,16.421963580213642,14.346634748552427,20.572621243536073,False,False,2026-07-28,7.0,True,87152.0,81900.4,1.0641217869509796,False,38903500.0,1.58,24.62246835443038,0.44543429844097204,2.672605790645862,4.241303594129193,8.33333333333321,91.66666666666679,True,5.85,False,True,False,True,False,False
225,000708,中信特钢,C 制造业,腾讯前复权日K回退（成交额、换手率已提供）,False,2026-08-06,14.1,14.452000000000002,14.024499999999998,False,True,True,False,15.05,-6.312292358803993,False,51.458511106595985,0.255779227716987,0.252381156881557,0.0067961416708600675,True,False,False,False,,,44.010256856083124,46.59781344083495,38.835143686579485,False,False,,,False,140236.0,152288.2,0.9208592655241837,False,198540900.0,0.28,709.0746428571427,-0.4237288135593209,2.3305084745762716,0.538343612963041,60.60606060606092,15.151515151514824,False,15.08,False,False,False,False,False,False
226,000709,河钢股份,C 制造业,腾讯前复权日K回退（成交额、换手率已提供）,False,2026-08-06,2.14,2.1580000000000004,2.072,False,True,True,False,2.23,-4.035874439461877,False,58.18210778030361,0.037026214716906924,0.025198291801929496,0.023655845829954857,True,False,False,False,,,47.546648651610234,45.30888988976141,52.02216617530787,False,False,,,False,830797.0,1007391.6,0.8247011390605202,False,176896699.99999997,0.8,221.12087499999993,-0.46511627906975495,2.32558139534885,3.281853281853285,20.000000000000355,60.00000000000018,False,2.33,False,False,False,True,False,False
227,000710,贝瑞基因,M 科研服务,腾讯前复权日K回退（成交额、换手率已提供）,False,2026-08-06,8.91,8.848,8.1155,True,True,True,True,9.79,-8.98876404494381,False,61.09405365024985,0.22044122989581894,0.054947753335329814,0.33098695312097826,True,False,False,False,,,33.0416413286454,27.373905258961383,44.37711346801343,False,False,2026-07-28,7.0,True,317488.0,273586.0,1.160468737435395,False,285723000.0,9.63,29.67009345794392,-3.0467899891186034,5.44069640914037,9.789908200357331,33.999999999999986,12.0000000000001,False,10.8,False,False,False,False,False,True
228,000711,ST京蓝,C 制造业,腾讯前复权日K回退（成交额、换手率已提供）,False,2026-08-06,5.09,5.04,4.8515,True,True,True,True,5.93,-14.165261382799324,False,52.6289150893293,-0.01911077119325366,-0.08235866179474344,0.12649578120297955,True,False,False,False,2026-07-24,9.0,47.96250347391568,45.34524018787847,53.197030045990104,False,False,,,False,878106.0,824921.4,1.0644723242723488,False,452986100.0,3.69,122.76046070460704,-1.5473887814313358,5.415860735009677,4.916005359167271,14.285714285714285,28.57142857142857,False,6.89,False,False,False,False,False,False
229,000712,锦龙股份,J 金融业,腾讯前复权日K回退（成交额、换手率已提供）,False,2026-08-06,9.51,9.208,8.629999999999999,True,True,True,True,9.81,-3.0581039755351753,False,60.49758141454014,0.08248866750189343,-0.08526990502891495,0.3355171450616168,True,False,False,False,2026-07-20,13.0,28.123599451143985,21.066482756800536,42.23783283983088,False,False,2026-07-30,5.0,True,579302.0,292379.2,1.9813379337517854,True,553159000.0,6.47,85.49598145285935,-3.0581039755351758,3.2619775739041823,10.196987253765943,37.49999999999972,25.0,False,11.7,False,False,False,False,False,True
230,000713,国投丰乐,A 农林牧渔,腾讯前复权日K回退（成交额、换手率已提供）,False,2026-08-06,5.88,5.811999999999999,5.667,True,True,True,True,5.9,-0.33898305084746544,False,61.64093579742277,0.05243455699565214,0.019007513369550977,0.06685408725220232,True,False,False,False,,,39.54187760664624,35.30912323178843,48.00738635636185,False,False,,,False,131820.0,51251.4,2.572027300717639,True,77045900.0,2.15,35.835302325581395,1.730103806228378,3.979238754325251,3.7586024351508747,21.739130434782574,78.26086956521743,True,6.31,False,False,False,False,False,False
231,000715,中兴商业,F 批发零售,腾讯前复权日K回退（成交额、换手率已提供）,False,2026-08-06,4.84,4.816000000000001,4.712999999999999,True,True,True,True,5.04,-3.9682539682539715,False,54.55870152087597,-0.0046990085589877495,-0.04341477466739271,0.07743153221680991,True,False,False,False,2026-07-29,6.0,17.406698089733144,15.054486156847803,22.11112195550383,False,False,2026-07-29,6.0,True,53343.0,65670.6,0.8122812948259951,False,25664200.0,1.1,23.331090909090904,0.4149377593360981,1.867219917012445,2.6946743051135305,11.11111111111089,88.88888888888911,True,5.83,False,True,False,False,False,False
232,000716,黑芝麻,C 制造业,腾讯前复权日K回退（成交额、换手率已提供）,False,2026-08-06,4.78,4.73,4.5275,True,True,True,True,4.78,0.0,False,61.85468701166153,0.054930079118101105,0.002007927612415321,0.10584430301137157,True,False,False,False,,,34.1004007868276,31.164749985289422,39.971702389903946,False,False,,,False,201384.0,177265.2,1.1360605465709004,False,95541800.0,2.74,34.8692700729927,0.8438818565400741,2.9535864978902886,5.577029265599125,14.285714285714013,85.71428571428599,True,6.22,False,False,False,True,False,False
233,000717,中南股份,C 制造业,腾讯前复权日K回退（成交额、换手率已提供）,False,2026-08-06,2.27,2.256,2.1805,True,True,True,True,2.3,-1.304347826086948,False,60.98176813212129,0.030963150601091893,0.018977935055538436,0.023970431091106914,True,False,False,False,,,48.067395239686675,42.84310994242893,58.51596583420216,False,False,,,False,236176.0,182146.4,1.2966273283468683,False,53120500.0,0.97,54.76340206185567,1.3392857142856984,2.6785714285714106,4.104563173584047,16.66666666666642,83.33333333333358,True,2.44,False,True,False,False,False,False
234,000718,苏宁环球,K 房地产,腾讯前复权日K回退（成交额、换手率已提供）,False,2026-08-06,1.89,1.89,1.848,False,True,True,True,1.92,-1.5625000000000013,False,55.205300159771994,0.008833575029969065,-0.0037656831072307786,0.025198516274399688,True,False,False,False,2026-07-09,20.0,28.41583337115341,26.806754754855394,31.633990603749446,False,False,,,False,190632.0,218002.8,0.8744474841607539,False,35860100.0,0.84,42.69059523809524,0.0,2.1164021164021065,2.2727272727272627,25.00000000000014,74.99999999999986,True,2.45,False,True,False,True,False,False
235,000719,中原传媒,R 文化传播,腾讯前复权日K回退（成交额、换手率已提供）,False,2026-08-06,12.38,12.662,12.2385,False,True,True,False,13.09,-5.423987776928946,False,53.80972008726188,0.246227955762361,0.22822342501148385,0.036009061501754314,True,False,False,False,,,61.69013693221026,62.98465187510047,59.10110704642983,False,True,,,False,52879.0,58109.6,0.9099873342786734,False,65378700.0,0.79,82.75784810126582,-0.8012820512820484,2.4038461538461595,1.1561874412714028,16.666666666666863,40.000000000000234,False,13.81,False,False,False,False,False,False
236,000720,新能泰山,C 制造业,腾讯前复权日K回退（成交额、换手率已提供）,False,2026-08-06,3.93,3.59,3.351,True,True,True,True,3.59,9.470752089136498,True,62.38302116604372,-0.034246967136198236,-0.13517261744766923,0.201851300622942,True,False,False,False,2026-07-16,15.0,15.391053346854994,12.045285594471574,22.082588851621832,False,False,,,False,910043.0,378457.4,2.404611456930159,True,348588100.0,7.24,48.14752762430939,10.084033613445387,10.924369747899163,17.27842435094002,0.0,100.0,True,6.27,False,False,False,False,True,True
237,000721,西安饮食,H 住宿餐饮,腾讯前复权日K回退（成交额、换手率已提供）,False,2026-08-06,6.62,6.586,6.047,True,True,True,False,6.81,-2.790014684287805,False,63.46347221489115,0.19490032864827267,0.09952712970161957,0.1907463978933062,True,False,False,False,,,39.54254655567419,35.88491292799156,46.85781381103946,False,False,2026-07-27,8.0,True,176976.0,283946.8,0.623271683287151,False,116343100.0,3.45,33.72263768115942,0.9146341463414753,2.4390243902439046,9.475773110633378,18.75000000000014,81.24999999999987,True,7.21,False,True,False,False,True,False
238,000722,湖南发展,D 水电煤气,腾讯前复权日K回退（成交额、换手率已提供）,False,2026-08-06,13.48,13.276,12.9565,True,True,True,True,15.59,-13.534316869788324,False,53.631659298593775,0.10531070451442837,0.024542488458736886,0.16153643211138297,True,False,False,False,2026-07-15,16.0,33.42246548408923,29.781972050661704,40.70345235094428,False,False,,,False,151940.0,247119.6,0.6148439864745653,False,204042200.0,3.27,62.39822629969419,0.14858841010401136,2.0059435364041573,4.040443020877555,33.33333333333333,66.66666666666666,False,17.81,False,False,False,False,False,False
239,000723,美锦能源,C 制造业,腾讯前复权日K回退（成交额、换手率已提供）,False,2026-08-06,3.6,3.626,3.5100000000000002,False,True,True,True,3.74,-3.7433155080213933,False,51.45661704735187,0.002892382305152985,-0.02642554646317033,0.05863585753664663,True,False,False,False,2026-07-10,19.0,21.56311146286446,20.484340998386184,23.720652391821012,False,False,,,False,762874.0,514935.6,1.4814939965308285,False,273302400.0,1.74,157.0703448275862,0.8403361344537785,2.5210084033613533,2.56410256410256,22.222222222222168,77.77777777777783,True,4.51,False,False,False,False,False,False
240,000725,京东方Ａ,C 制造业,腾讯前复权日K回退（成交额、换手率已提供）,False,2026-08-06,5.96,5.698,6.0520000000000005,True,False,False,True,8.34,-28.53717026378897,False,46.878644787156446,-0.2926027836277747,-0.2777977785143727,-0.029610010226803984,False,True,False,False,,,34.65315522537557,33.42779151142782,37.10388265327107,False,False,,,False,18714113.0,19579502.6,0.95580124696324,False,11084502000.0,5.29,2095.368998109641,-0.16750418760468344,5.025125628140701,-1.5201586252478605,40.00000000000006,59.99999999999994,False,9.5,False,False,False,False,False,False
241,000726,鲁 泰Ａ,C 制造业,腾讯前复权日K回退（成交额、换手率已提供）,False,2026-08-06,5.95,5.978,5.8375,False,True,True,False,6.07,-1.97693574958814,False,57.18488009855007,0.06364911465428946,0.046828770870925886,0.033640687566727154,True,False,False,False,,,36.825087973425255,35.18608217727956,40.10309956571665,False,False,,,False,41076.0,51624.4,0.795670264448594,False,24270700.0,0.7,34.672428571428576,0.337268128161905,1.5177065767284967,1.9271948608137013,11.11111111111089,88.88888888888911,True,6.4,False,False,False,True,False,False
242,000727,冠捷科技,C 制造业,腾讯前复权日K回退（成交额、换手率已提供）,False,2026-08-06,2.26,2.272,2.2285,False,True,True,True,2.37,-4.641350210970478,False,44.14557079107595,-0.06433557751139096,-0.09365049410611524,0.05862983318944856,True,False,False,False,2026-07-27,8.0,14.611354948813378,13.08553281159814,17.662999223243855,False,False,2026-07-27,8.0,True,781023.0,635688.0,1.2286263072450636,False,175577400.00000003,1.72,102.07988372093025,-0.8771929824561431,2.6315789473684044,1.413506843168044,16.66666666666642,66.66666666666642,False,3.11,False,False,False,True,True,False
243,000728,国元证券,J 金融业,腾讯前复权日K回退（成交额、换手率已提供）,False,2026-08-06,7.25,7.328,7.3045,False,False,True,False,7.53,-3.7184594953519285,False,47.40170040561461,-0.0012469099947711726,0.003496359395931961,-0.009486538781406267,False,True,False,False,,,50.842325527176115,51.210451086648426,50.10607440823149,False,True,,,False,219435.0,250357.0,0.8764883746010697,False,159297500.0,0.5,318.595,-1.0914051841746208,1.227830832196451,-0.7461154083099458,0.0,33.33333333333366,False,8.02,False,False,False,False,False,False
244,000729,燕京啤酒,C 制造业,腾讯前复权日K回退（成交额、换手率已提供）,False,2026-08-06,12.67,12.778,12.2125,False,True,True,False,13.26,-4.4494720965309185,False,63.374348492017134,0.4360078192459742,0.42082332569884484,0.030368987094258726,True,False,False,False,,,66.2578878794659,66.05019337396463,66.67327689046843,False,False,,,False,242150.0,306068.6,0.7911625040922199,False,307254800.0,0.96,320.05708333333337,0.7154213036566048,2.14626391096979,3.746161719549638,40.74074074074059,59.2592592592594,False,13.26,False,False,False,False,False,False
245,000731,四川美丰,C 制造业,腾讯前复权日K回退（成交额、换手率已提供）,False,2026-08-06,5.81,5.848,5.8445,False,False,True,False,6.22,-6.591639871382639,False,50.5840055278676,0.02587252631616277,0.025013346205883663,0.0017183602205582127,True,False,False,False,,,25.747588321857602,25.47749000345809,26.287784958656623,False,False,,,False,54979.0,60619.0,0.9069598640690213,False,31599800.0,1.0,31.5998,0.519031141868509,2.4221453287197328,-0.5902985713063635,7.142857142857596,92.8571428571424,True,6.74,False,False,False,False,False,False
246,000733,振华科技,C 制造业,腾讯前复权日K回退（成交额、换手率已提供）,False,2026-08-06,41.79,41.542,41.0165,True,True,True,True,49.78,-16.05062274005625,False,44.32996025729857,-2.1156974798630515,-2.761357838134794,1.2913207165434848,True,False,False,False,2026-07-30,5.0,17.737936518621854,15.586459551366815,22.040890453131937,False,False,2026-07-29,6.0,True,164540.0,173871.4,0.9463315991014049,False,687373900.0,2.97,231.43902356902356,-1.5547703180212147,1.6018845700824493,1.8858264357027015,32.35294117647044,44.11764705882313,False,62.3,False,False,False,False,False,False
247,000735,罗 牛 山,A 农林牧渔,腾讯前复权日K回退（成交额、换手率已提供）,False,2026-08-06,5.16,5.258000000000001,5.054499999999999,False,True,True,False,5.36,-3.7313432835820928,False,52.220707896756835,0.0360352738380163,-0.0056895170347856855,0.08344958174560398,True,False,False,False,,,19.364429486289254,18.28282100395465,21.527646450958464,False,False,2026-07-28,7.0,True,352278.0,256892.4,1.3713056517047604,False,181721500.0,3.06,59.386111111111106,-1.526717557251911,3.435114503816805,2.087248986052054,33.3333333333335,33.3333333333335,False,6.52,False,False,False,False,False,False
248,000736,中交发展,K 房地产,腾讯前复权日K回退（成交额、换手率已提供）,False,2026-08-06,4.47,4.43,4.0905,True,True,True,True,4.56,-1.9736842105263128,False,61.8065125733757,0.08415982145329348,0.006998920541790134,0.1543218018230067,True,False,False,False,,,39.08276476841595,35.071402937695126,47.10548842985759,False,False,2026-07-28,7.0,True,117396.0,189811.0,0.6184889179236187,False,51833200.0,1.57,33.014777070063694,0.44943820224718767,3.1460674157303496,9.277594426109284,7.142857142857596,92.8571428571424,True,5.73,False,False,False,True,True,False
249,000737,北方铜业,C 制造业,腾讯前复权日K回退（成交额、换手率已提供）,False,2026-08-06,14.14,13.87,13.011,True,True,True,True,14.42,-1.9417475728155296,False,59.05744332799307,0.2012303900232606,0.008604091489058788,0.38525259706840365,True,False,False,False,2026-07-21,12.0,49.57503115148314,43.0929175707306,62.539258312988224,False,False,,,False,716959.0,512048.2,1.4001787331739473,False,1023646200.0,3.76,272.24632978723406,-1.73731758165393,4.378040305767899,8.67727307662748,3.1746031746033845,34.92063492063498,False,16.36,False,False,False,False,False,False
250,000738,航发控制,C 制造业,腾讯前复权日K回退（成交额、换手率已提供）,False,2026-08-06,18.35,18.363999999999997,17.7015,False,True,True,False,18.65,-1.6085790884718347,False,53.556328663424864,0.08290122001531586,-0.06346170686214062,0.29272585375491295,True,False,False,False,2026-07-21,12.0,28.080828442556253,26.751234667499954,30.74001599266885,False,False,,,False,131250.0,134489.4,0.9759133433564281,False,239614400.0,1.0,239.6144,-0.10887316276537717,2.504082743603706,3.663531339152061,17.391304347825685,78.26086956521789,True,23.38,False,True,False,True,True,False
251,000739,普洛药业,C 制造业,腾讯前复权日K回退（成交额、换手率已提供）,False,2026-08-06,21.28,21.122,20.195,True,True,True,True,22.88,-6.993006993006984,False,60.03064422491665,0.8891554035090046,0.830421434954808,0.1174679371083931,True,False,False,False,2026-08-04,2.0,83.8744197015896,83.23836393797518,85.14653122881845,False,False,,,False,268120.0,212092.8,1.2641636114002928,False,579071300.0,2.32,249.5996982758621,-2.7422303473491727,5.530164533820845,5.372616984402083,7.438016528925603,9.917355371900902,False,22.88,False,False,False,False,False,True
252,000750,国海证券,J 金融业,腾讯前复权日K回退（成交额、换手率已提供）,False,2026-08-06,3.81,3.8480000000000003,3.8125,False,False,True,False,3.92,-2.806122448979589,False,51.24909956472725,0.028881912412607402,0.029692291281877056,-0.0016207577385393065,False,True,False,True,2026-07-31,4.0,76.53512467684334,74.59372238253376,80.4179292654625,False,False,,,False,446268.0,444714.2,1.0034939293595753,False,170419199.99999997,0.77,221.32363636363633,-1.5503875968992276,2.0671834625323013,-0.06557377049180188,12.500000000000277,25.0,False,3.97,False,False,False,False,True,False
253,000751,锌业股份,C 制造业,腾讯前复权日K回退（成交额、换手率已提供）,False,2026-08-06,5.18,4.787999999999999,4.5344999999999995,True,True,True,True,5.12,1.1718749999999925,True,59.1792528971644,-0.07967539914789157,-0.19698906737278438,0.23462733644978562,True,False,False,False,2026-07-30,5.0,30.259096545884137,22.131268211088265,46.514753215475885,False,False,,,False,1782704.0,495615.8,3.5969474742330654,True,933325300.0,11.03,84.61698096101541,1.171875,7.421875000000015,14.235307090087115,39.47368421052633,31.57894736842102,False,6.64,False,False,False,False,False,True
254,000752,*ST西发,C 制造业,腾讯前复权日K回退（成交额、换手率已提供）,False,2026-08-06,8.86,8.407999999999998,8.112,True,True,True,True,9.03,-1.8826135105204866,False,65.22844836954624,0.06544378472549539,-0.05521987394651208,0.24132731734401494,True,False,False,False,2026-07-13,18.0,35.069704901801515,28.903226778961187,47.40266114748217,False,False,,,False,45263.0,28606.2,1.582279366011564,False,41006300.0,1.72,23.840872093023258,0.3397508493771184,5.8890147225368015,9.220907297830367,94.23076923076935,5.769230769230651,False,9.49,False,True,True,False,True,False
255,000753,漳州发展,F 批发零售,腾讯前复权日K回退（成交额、换手率已提供）,False,2026-08-06,4.8,4.808000000000001,4.547499999999999,False,True,True,True,4.9,-2.040816326530623,False,56.311564003468156,0.020270453005482914,-0.049837532197059976,0.14021597040508577,True,False,False,False,,,16.034596246541508,14.343973848028975,19.41584104356657,False,False,2026-07-23,10.0,True,153468.0,220139.6,0.6971394515116771,False,73408600.0,1.55,47.3603870967742,-0.4149377593361092,2.0746887966804906,5.552501374381538,40.00000000000018,59.99999999999982,False,6.88,False,True,False,False,True,False
256,000755,山西高速,G 运输仓储,腾讯前复权日K回退（成交额、换手率已提供）,False,2026-08-06,4.69,4.720000000000001,4.645,False,True,True,True,4.8,-2.291666666666655,False,54.10445691893664,0.034646928544344036,0.0228634390521113,0.02356697898446547,True,False,False,False,,,46.60972617968736,45.248062792804795,49.33305295345248,False,False,,,False,33381.0,50231.0,0.6645497800163246,False,15550500.0,0.23,67.61086956521739,0.0,1.918976545842214,0.9687836383207927,0.0,77.77777777777821,True,5.29,False,False,False,True,False,False
257,000756,新华制药,C 制造业,腾讯前复权日K回退（成交额、换手率已提供）,False,2026-08-06,14.29,13.818000000000001,13.785999999999998,True,True,True,True,15.24,-6.233595800524942,False,57.51461536329703,0.04857626982692409,0.009917055529421426,0.07731842859500533,True,False,True,False,,,61.66492652475884,56.44944089909393,72.09589777608866,False,False,,,False,261240.0,86414.0,3.02312125350059,True,367046400.0,5.24,70.04702290076335,4.535479151426469,5.267008046817841,3.6558827796315203,0.0,100.0,True,15.28,False,False,False,False,True,False
258,000757,浩物股份,F 批发零售,腾讯前复权日K回退（成交额、换手率已提供）,False,2026-08-06,3.95,3.8259999999999996,3.618,True,True,True,True,3.89,1.5424164524421609,True,62.50936129232517,0.028867091541964207,-0.032195932365902104,0.12212604781573262,True,False,False,False,2026-07-27,8.0,33.5681257254482,27.90269812473836,44.89898092686787,False,False,2026-07-28,7.0,True,143254.0,126776.6,1.1299719348838824,False,55930300.0,2.69,20.79193308550186,3.1331592689294974,3.9164490861618773,9.17634051962411,6.666666666666529,93.33333333333347,True,4.91,False,True,False,False,True,False
259,000758,中色股份,B 采矿业,腾讯前复权日K回退（成交额、换手率已提供）,False,2026-08-06,6.1,6.0680000000000005,5.7875,True,True,True,True,6.2,-1.6129032258064602,False,52.47736501889071,-0.05727319543624532,-0.1456423635715714,0.17673833627065216,True,False,False,False,2026-07-23,10.0,25.217930046673903,21.662680716440132,32.32842870714145,False,False,,,False,418050.0,274661.8,1.5220536674557583,False,257129100.0,2.11,121.86213270142181,-1.4539579967689953,4.36187399030694,5.399568034557236,3.7037037037036304,25.925925925925743,False,7.89,False,True,False,False,True,False
260,000759,中百集团,F 批发零售,腾讯前复权日K回退（成交额、换手率已提供）,False,2026-08-06,6.74,6.890000000000001,6.8135,False,False,True,True,7.47,-9.772423025435067,False,51.05962782472241,0.1468348186955346,0.18059303087493406,-0.0675164243587989,False,True,False,False,,,75.86387410800499,76.85943185423407,73.87275861554681,False,True,,,False,737756.0,847297.0,0.870717115722114,False,500356500.0,11.25,44.47613333333333,-2.741702741702734,5.916305916305919,-1.0787407353049112,29.268292682926845,19.51219512195123,False,7.47,False,False,False,False,True,False
261,000761,本钢板材,C 制造业,腾讯前复权日K回退（成交额、换手率已提供）,False,2026-08-06,2.34,2.364,2.2950000000000004,False,True,True,True,2.45,-4.48979591836736,False,52.59414611770202,0.013668639262407467,-0.002123312212856986,0.0315839029505289,True,False,False,False,,,20.19604506987157,19.103008518966973,22.38211817168076,False,False,2026-07-27,8.0,True,138251.0,147852.6,0.935059647243268,False,32179200.0,0.37,86.97081081081082,-0.42553191489362874,3.404255319148939,1.9607843137254672,25.0,62.49999999999972,False,2.85,False,False,False,False,False,False
262,000762,西藏矿业,B 采矿业,腾讯前复权日K回退（成交额、换手率已提供）,False,2026-08-06,23.71,23.256,22.033499999999997,True,True,True,True,24.67,-3.891366031617352,False,50.646888918831046,-0.723554265130705,-1.2869624039696386,1.1268162776778672,True,False,False,False,2026-07-27,8.0,18.0041980083335,15.494154601458675,23.024284822083146,False,False,,,False,167353.0,161645.2,1.035310668055717,False,397197200.0,3.21,123.73744548286604,-0.5453020134228104,3.1040268456375775,7.608868314158007,2.7027027027026507,45.94594594594603,False,36.27,False,False,False,False,True,False
263,000766,通化金马,C 制造业,腾讯前复权日K回退（成交额、换手率已提供）,False,2026-08-06,17.09,17.282,16.572,False,True,True,True,17.84,-4.204035874439462,False,45.42459070883417,-0.686005923976758,-1.0841072688025544,0.7962026896515928,True,False,False,False,2026-07-20,13.0,17.11597106813734,15.443345167779285,20.461222868853454,False,False,2026-07-29,6.0,True,153020.0,187552.0,0.8158803958368879,False,261922900.0,1.58,165.77398734177214,-1.042269832078746,2.663578459756788,3.1257542843350272,21.739130434782272,36.95652173913025,False,27.73,False,False,False,False,False,False
264,000767,晋控电力,D 水电煤气,腾讯前复权日K回退（成交额、换手率已提供）,False,2026-08-06,3.81,3.768,3.6719999999999997,True,True,True,True,4.32,-11.80555555555556,False,49.78294013069222,-0.060153478429622265,-0.10716848519372546,0.09403001352820639,True,False,False,False,2026-07-20,13.0,15.762679851211194,14.924371756468117,17.439296040697347,False,False,2026-08-04,2.0,True,1315827.0,1388002.0,0.9480007953879029,False,494253800.0,4.52,109.34818584070797,0.0,2.624671916010501,3.7581699346405326,0.0,100.0,True,6.6,False,True,False,False,False,False
265,000768,中航西飞,C 制造业,腾讯前复权日K回退（成交额、换手率已提供）,False,2026-08-06,20.83,21.035999999999998,20.502000000000002,False,True,True,False,21.4,-2.66355140186916,False,51.70260406599565,0.10425782840567166,0.017900798971005317,0.1727140588693327,True,False,False,False,,,26.689055804021375,26.131263270572457,27.804640870919208,False,False,,,False,201249.0,224368.6,0.8969570608364985,False,417612300.00000006,0.72,580.0170833333334,-0.14381591562799834,1.82166826462128,1.5998439176665487,18.421052631579073,68.4210526315786,False,25.35,False,False,False,True,False,False
266,000776,广发证券,J 金融业,腾讯前复权日K回退（成交额、换手率已提供）,False,2026-08-06,21.2,21.130000000000003,21.802,True,False,False,False,23.3,-9.012875536480692,False,45.90051415282527,-0.22260505372619122,-0.07191163350881347,-0.3013868404347555,False,True,False,False,,,45.82271643318415,47.242291389928205,42.983566519696026,False,False,,,False,445114.0,658621.0,0.6758272208143986,False,943178500.0,0.75,1257.5713333333333,-0.7955077211043604,1.169864295741694,-2.761214567470876,43.99999999999977,51.9999999999996,False,25.43,False,True,False,False,True,False
267,000777,中核科技,C 制造业,腾讯前复权日K回退（成交额、换手率已提供）,False,2026-08-06,17.97,18.102,16.9795,False,True,True,True,18.96,-5.221518987341782,False,54.48603849195323,0.16026896498235033,-0.085697478259362,0.49193288648342465,True,False,False,False,2026-07-24,9.0,33.343989693763604,28.717627856582272,42.59671336812627,False,False,2026-07-24,9.0,True,172584.0,180781.6,0.9546546772459144,False,312952200.0,4.5,69.54493333333333,-3.9037433155080237,2.780748663101621,5.833505109102136,11.538461538461906,13.461538461538435,False,21.75,False,False,False,False,False,False
268,000778,新兴铸管,C 制造业,腾讯前复权日K回退（成交额、换手率已提供）,False,2026-08-06,3.79,3.874,3.7690000000000006,False,True,True,False,3.98,-4.773869346733667,False,47.848530365381535,0.00888281792353185,-0.011700827309679598,0.041167290466422896,True,False,False,False,,,24.056656167398206,24.19456298915952,23.780842523875577,False,True,,,False,756374.0,651287.2,1.1613524724576194,False,286865000.0,1.94,147.86855670103094,-2.067183462532296,3.1007751937984525,0.5571769700185583,0.0,33.33333333333333,False,4.54,False,False,False,True,False,False
269,000779,甘咨询,M 科研服务,腾讯前复权日K回退（成交额、换手率已提供）,False,2026-08-06,14.28,13.488,11.4805,True,True,True,True,14.02,1.8544935805991425,True,74.56673602441077,1.2368391663695384,0.9624052623534991,0.5488678080320786,True,False,False,False,2026-07-28,7.0,93.19774472389018,89.87560705339307,99.8420200648844,False,False,,,False,585949.0,650575.6,0.900662428778454,False,841023600.0,12.61,66.6949722442506,5.856189770200149,7.338769458858415,24.384826444841252,39.39393939393944,60.60606060606055,False,14.02,True,False,False,False,True,False
270,000782,恒申新材,C 制造业,腾讯前复权日K回退（成交额、换手率已提供）,False,2026-08-06,7.56,7.05,6.7405,True,True,True,True,7.73,-2.1992238033635294,False,60.51039644926277,-0.07492055242394624,-0.22992647129211916,0.31001183773634583,True,False,False,False,2026-08-03,3.0,52.15400516202515,44.89274638608265,66.67652271391015,False,False,,,False,137071.0,140142.0,0.9780865122518588,False,103014100.0,2.6,39.62080769230769,1.2048192771084265,3.3467202141900936,12.157851791410128,28.000000000000114,71.99999999999989,True,8.73,False,False,False,False,True,False
271,000783,长江证券,J 金融业,腾讯前复权日K回退（成交额、换手率已提供）,False,2026-08-06,8.93,8.786,8.698500000000001,True,True,True,True,9.38,-4.797441364605555,False,53.5275717363332,0.0077988729491274,-0.005532076739966977,0.026661899378188754,True,False,True,False,,,55.183494472811276,52.9777931104353,59.59489719756323,False,False,,,False,979935.0,1036302.4,0.9456071895616569,False,877299900.0,1.77,495.64966101694915,-0.33482142857144126,2.790178571428571,2.6613783985744517,71.99999999999989,28.000000000000114,False,10.73,False,True,False,False,True,False
272,000785,居然智家,L 商务服务,腾讯前复权日K回退（成交额、换手率已提供）,False,2026-08-06,2.26,2.284,2.1879999999999997,False,True,True,False,2.35,-3.829787234042566,False,56.30297204340681,0.03188427783463066,0.013285204949236618,0.03719814577078808,True,False,False,False,2026-07-09,20.0,42.60168664635383,39.94994091034324,47.90517811837502,False,False,,,False,539326.0,582926.6,0.9252039622141107,False,121498200.0,0.93,130.6432258064516,-0.8771929824561431,3.508771929824545,3.290676416819016,12.499999999999792,49.99999999999972,False,2.72,False,False,False,False,False,False
273,000786,北新建材,C 制造业,腾讯前复权日K回退（成交额、换手率已提供）,False,2026-08-06,18.51,18.954,18.86,False,False,True,False,20.65,-10.363196125907976,False,43.63777915936348,-0.03428157345652849,-0.048954405537670276,0.02934566416228357,True,False,False,False,2026-07-10,19.0,24.3223841131815,27.320461841154735,18.326228657235028,False,False,,,False,234607.0,249556.0,0.9400976133613297,False,433459700.0,1.39,311.84151079136694,-0.9630818619582704,3.2102728731942287,-1.8557794273594799,56.66666666666651,36.666666666666984,False,26.19,False,True,False,False,False,False
274,000788,北大医药,C 制造业,腾讯前复权日K回退（成交额、换手率已提供）,False,2026-08-06,5.25,5.26,5.249,False,True,True,True,5.65,-7.079646017699121,False,50.684406746740706,-0.005060677351138132,-0.01973749822226645,0.029353641742256638,True,False,False,False,2026-07-31,4.0,18.439105907993138,17.771594901772033,19.774127920435348,False,False,2026-07-31,4.0,True,117376.0,121248.0,0.9680654526260227,False,61304500.0,1.97,31.119035532994925,-0.1901140684410607,2.4714828897338386,0.01905124785674098,15.384615384615753,69.23076923076917,False,6.11,False,False,False,False,False,False
275,000789,万年青,C 制造业,腾讯前复权日K回退（成交额、换手率已提供）,False,2026-08-06,4.12,4.1,3.9829999999999997,True,True,True,True,4.21,-2.1377672209026097,False,56.917496871298496,0.014426996326368347,-0.01808965976765986,0.06503331218805641,True,False,False,False,,,20.765826706163047,17.743474389549615,26.81053133938991,False,False,2026-07-29,6.0,True,36541.0,54130.8,0.6750500639192474,False,14947800.0,0.46,32.495217391304344,1.228501228501222,2.2113022113022076,3.4396183781069665,11.11111111111089,88.88888888888911,True,4.79,False,False,False,False,False,False
276,000790,华神科技,C 制造业,腾讯前复权日K回退（成交额、换手率已提供）,False,2026-08-06,3.82,3.816,3.7359999999999998,True,True,True,True,3.99,-4.26065162907269,False,54.31286100524672,0.020811946562206085,-0.00033950667408701174,0.042302906472586194,True,False,False,False,2026-07-27,8.0,32.54789203989971,30.333177455826185,36.97732120804675,False,False,,,False,158940.0,134481.4,1.1818734784141154,False,60346000.0,2.55,23.66509803921569,0.2624671916010346,2.362204724409445,2.248394004282657,22.22222222222228,77.77777777777773,True,4.52,False,True,False,False,False,False
277,000791,甘肃能源,D 水电煤气,腾讯前复权日K回退（成交额、换手率已提供）,False,2026-08-06,7.77,7.858,7.6455,False,True,True,False,8.12,-4.310344827586203,False,48.69239224977953,-0.029160917684638576,-0.08502808766231568,0.1117343399553542,True,False,False,False,2026-07-20,13.0,23.640296186012435,23.28798877411552,24.344911009806268,False,False,,,False,244515.0,262516.2,0.9314282318576911,False,189762000.0,1.26,150.60476190476192,-1.7699115044247815,2.40202275600505,1.628408867961538,10.526315789473488,36.84210526315767,False,10.91,False,False,False,True,False,False
278,000792,盐湖股份,C 制造业,腾讯前复权日K回退（成交额、换手率已提供）,False,2026-08-06,28.53,27.828000000000003,26.4685,True,True,True,True,28.45,0.28119507908612246,True,56.09630901296444,-0.11827814805740644,-0.5293423816904277,0.8221284672660425,True,False,False,False,2026-07-22,11.0,22.336887754239868,19.99046149270783,27.029740277303944,False,False,,,False,556545.0,604014.0,0.9214107620022053,False,1578563100.0,1.05,1503.3934285714286,0.8840169731258785,2.5459688826025544,7.788503315261547,31.944444444444397,68.0555555555556,False,37.67,False,False,False,False,True,False
279,000793,ST华闻,R 文化传播,腾讯前复权日K回退（成交额、换手率已提供）,False,2026-08-06,2.21,2.25,2.3274999999999997,False,False,False,True,2.6,-15.000000000000005,False,36.415946814448816,-0.07380769447277657,-0.07157567044488058,-0.00446404805579198,False,True,False,False,,,9.408104166684312,9.844614364197176,8.535083771658588,False,True,,,False,159320.0,167675.2,0.9501703293033197,False,35179600.0,0.6,58.63266666666667,-1.3392857142857206,1.785714285714287,-5.048335123523081,24.999999999999446,50.0,False,2.88,False,True,False,False,False,False
280,000795,英洛华,C 制造业,腾讯前复权日K回退（成交额、换手率已提供）,False,2026-08-06,8.64,8.547999999999998,8.336500000000001,True,True,True,True,8.9,-2.921348314606739,False,52.235774423791426,-0.08110501514195434,-0.15730037651292542,0.15239072274194215,True,False,False,False,2026-07-29,6.0,26.349747590545324,22.14916719487525,34.75090838188547,False,False,2026-07-29,6.0,True,184204.0,124226.2,1.4828111944179247,False,159774700.0,1.65,96.83315151515151,0.0,3.0092592592592773,3.6406165657050273,61.53846153846122,38.46153846153877,False,10.18,False,True,False,False,False,False
281,000796,凯撒旅业,L 商务服务,腾讯前复权日K回退（成交额、换手率已提供）,False,2026-08-06,3.89,3.882,3.665,True,True,True,True,3.96,-1.7676767676767637,False,55.651229756358205,-0.01687248564263477,-0.0841358492630236,0.13452672724077766,True,False,False,False,2026-07-15,16.0,21.018057850837224,18.231209775166842,26.591754002177986,False,False,2026-07-27,8.0,True,245759.0,315300.8,0.7794429953872619,False,95182500.0,1.85,51.45,-0.2564102564102555,2.8205128205128176,6.139154160982267,45.45454545454534,54.54545454545465,False,4.93,False,True,False,False,True,False
282,000797,中国武夷,K 房地产,腾讯前复权日K回退（成交额、换手率已提供）,False,2026-08-06,2.4,2.39,2.3095000000000003,True,True,True,True,2.42,-0.8264462809917362,False,57.59647662486623,0.015036944056101564,-0.006552665418754515,0.04317921894971216,True,False,False,False,,,26.78620077157625,24.257807667915785,31.842986978897187,False,False,2026-07-27,8.0,True,215477.0,210067.8,1.0257497817371344,False,51422700.00000001,1.37,37.53481751824818,0.0,2.9166666666666603,3.918597098939146,28.571428571428665,71.42857142857135,True,2.91,False,False,False,True,False,False
283,000798,中水渔业,A 农林牧渔,腾讯前复权日K回退（成交额、换手率已提供）,False,2026-08-06,8.15,8.064,7.7295,True,True,True,True,8.18,-0.3667481662591609,False,61.242301338656276,0.1165768206485458,0.045869324707180574,0.14141499188273043,True,False,False,False,,,30.304301196398253,27.683972892345196,35.544957804504364,False,False,2026-07-27,8.0,True,70584.0,61816.4,1.1418329116545123,False,57001200.0,1.93,29.534300518134717,1.6209476309227089,2.618453865336658,5.44019664920112,4.761904761904661,95.23809523809534,True,9.35,False,False,False,False,False,False
284,000799,酒鬼酒,C 制造业,腾讯前复权日K回退（成交额、换手率已提供）,False,2026-08-06,41.07,41.141999999999996,39.399,False,True,True,True,42.18,-2.63157894736842,False,55.1692519081328,0.22876470010758254,-0.13706994425172553,0.7316692887186161,True,False,False,False,2026-07-29,6.0,40.84800030569182,36.09313021880678,50.35774047946191,False,False,2026-07-29,6.0,True,145284.0,144510.6,1.0053518565420114,False,596767100.0,4.47,133.50494407158837,-0.04867364322220791,2.847408128498422,4.2412243965582865,18.80341880341868,48.71794871794867,False,46.82,False,False,False,False,False,False
285,000800,一汽解放,C 制造业,腾讯前复权日K回退（成交额、换手率已提供）,False,2026-08-06,6.24,6.418000000000001,6.3100000000000005,False,False,True,False,6.55,-4.73282442748091,False,47.375033047701656,0.06210161540316861,0.06483133857076466,-0.005459446335192103,False,True,False,True,,,49.15139351819278,51.069501497499964,45.31517755957843,False,True,,,False,170485.0,169725.6,1.0044742808391898,False,106709800.0,0.35,304.88514285714285,-2.0408163265306145,2.6687598116169533,-1.1093502377179125,11.764705882353217,23.529411764705912,False,6.55,False,False,False,False,False,False
286,000801,四川九洲,C 制造业,腾讯前复权日K回退（成交额、换手率已提供）,False,2026-08-06,11.48,11.61,11.214500000000001,False,True,True,False,12.15,-5.514403292181069,False,49.914137352457786,-0.05018197717478756,-0.15847869270293066,0.2165934310562862,True,False,False,False,2026-07-28,7.0,23.322870612731247,21.286740654877885,27.395130528437967,False,False,2026-07-28,7.0,True,124002.0,124944.4,0.9924574450715679,False,143355700.0,1.22,117.50467213114754,-1.3745704467354014,2.7491408934707926,2.3674706852735246,50.0,18.75000000000014,False,14.24,False,True,False,False,False,False
287,000802,北京文化,R 文化传播,腾讯前复权日K回退（成交额、换手率已提供）,False,2026-08-06,4.27,4.156000000000001,3.8340000000000005,True,True,True,True,4.35,-1.8390804597701167,False,60.98186245096166,0.0759921699981736,-0.008942658588592719,0.16986965717353264,True,False,False,False,,,37.67638730697728,32.05737607399795,48.91440977293594,False,False,,,False,1506181.0,685754.2,2.196386110358493,True,673543900.0,21.05,31.997334916864606,-0.23364485981309802,10.514018691588788,11.371935315597263,11.111111111111068,2.222222222222174,False,5.5,False,True,False,True,False,False
288,000803,山高环能,N 公共环保,腾讯前复权日K回退（成交额、换手率已提供）,False,2026-08-06,7.17,7.023999999999999,6.5905000000000005,True,True,True,True,7.24,-0.9668508287292857,False,59.03680929624731,0.027221626979605063,-0.0933410086712293,0.24112527130166872,True,False,False,False,2026-07-23,10.0,34.708421835729354,28.65848076627222,46.80830397464362,False,False,,,False,122629.0,128363.8,0.9553238529865896,False,87775700.0,2.67,32.87479400749064,1.128349788434413,4.372355430183352,8.79295956300735,58.06451612903224,41.93548387096776,False,8.9,False,False,False,False,True,False
289,000807,云铝股份,C 制造业,腾讯前复权日K回退（成交额、换手率已提供）,False,2026-08-06,26.66,26.359999999999996,25.625,True,True,True,True,27.61,-3.4407823252444745,False,56.33665514228595,0.4171149567826724,0.24050734709507887,0.3532152193751871,True,False,False,False,,,34.14348174913507,32.71272439143221,37.00499646454078,False,False,,,False,863334.0,978144.8,0.8826239223476933,False,2300277600.0,2.49,923.8062650602409,-0.5965697240865042,3.6539895600298298,4.039024390243903,21.428571428571505,56.12244897959189,False,32.72,False,True,False,False,True,False
290,000809,和展能源,C 制造业,腾讯前复权日K回退（成交额、换手率已提供）,False,2026-08-06,3.35,3.2640000000000002,3.084,True,True,True,True,3.31,1.2084592145015116,True,58.483714954530036,-0.014742180720281883,-0.0774016042400018,0.12531884703943982,True,False,False,False,2026-07-23,10.0,26.064198818530212,22.37395509583673,33.44468626391717,False,False,2026-07-23,10.0,True,157526.0,131944.4,1.1938816653075084,False,51916200.0,1.91,27.18125654450262,2.1341463414634276,3.048780487804881,8.625162127107652,0.0,100.0,True,4.75,False,False,False,True,False,False
291,000810,创维数字,C 制造业,腾讯前复权日K回退（成交额、换手率已提供）,False,2026-08-06,9.8,9.656,9.943999999999999,True,False,False,True,12.84,-23.676012461059184,False,43.69269151394085,-0.5132793868120746,-0.5994789607319004,0.1723991478396516,True,False,False,False,2026-08-04,2.0,14.739653008292152,11.827740511188855,20.563478002498744,False,False,2026-08-03,3.0,True,197085.0,211436.0,0.932126033409637,False,192691699.99999997,1.77,108.86536723163839,-0.40650406504064707,2.4390243902439046,-1.4481094127111662,41.66666666666648,58.33333333333351,False,13.75,False,False,False,False,True,False
292,000811,冰轮环境,C 制造业,腾讯前复权日K回退（成交额、换手率已提供）,False,2026-08-06,40.31,36.715999999999994,42.214999999999996,True,False,False,True,57.76,-30.21121883656509,False,48.30834688109105,-2.126670017165992,-1.5032180719896584,-1.2469038903526672,False,True,False,False,,,51.442433349513685,50.32353525927857,53.680229529983905,True,False,,,False,540177.0,531645.4,1.0160475384532621,False,2151370500.0,5.52,389.74103260869566,2.1281986318723245,6.815302761591094,-4.512613999763103,25.278810408921874,74.72118959107812,True,58.5,False,False,False,False,False,True
293,000812,陕西金叶,C 制造业,腾讯前复权日K回退（成交额、换手率已提供）,False,2026-08-06,3.53,3.498,3.3265000000000002,True,True,True,True,3.69,-4.336043360433608,False,61.22167107032623,0.04759886548564918,0.008572784732835277,0.0780521615056278,True,False,False,False,,,37.624915566693396,34.12767861565437,44.619389468771445,False,False,2026-07-27,8.0,True,187340.0,244094.4,0.7674899547060482,False,65743900.0,2.48,26.509637096774192,1.1461318051575908,2.5787965616045803,6.117540958965867,33.33333333333366,66.66666666666634,False,4.05,False,True,False,False,False,False
294,000813,德展健康,C 制造业,腾讯前复权日K回退（成交额、换手率已提供）,False,2026-08-06,3.29,3.34,3.3155,False,False,True,True,3.55,-7.323943661971826,False,50.33062297442919,0.027371696033430037,0.025528133971714512,0.00368712412343105,True,False,False,False,2026-08-03,3.0,32.89973618018448,32.78267720046131,33.13385413963084,False,False,,,False,257249.0,237113.6,1.0849187899808361,False,84507400.0,1.23,68.70520325203252,-1.4970059880239472,3.592814371257475,-0.7691147639873346,16.66666666666673,41.666666666666636,False,4.5,False,False,False,False,True,False
295,000815,美利云,C 制造业,腾讯前复权日K回退（成交额、换手率已提供）,False,2026-08-06,18.31,17.482,15.265,True,True,True,True,19.8,-7.525252525252535,False,60.81769540286327,0.7150772415886646,0.22739573728401846,0.9753630086092923,True,False,False,False,2026-07-20,13.0,49.39022645678802,41.41355056500402,65.34357824035602,False,False,,,False,1680199.0,993790.2,1.6906978957932972,False,3090927400.0,24.17,127.88280513032684,-2.864721485411159,6.737400530503976,19.947592531935786,64.56692913385831,35.43307086614168,False,22.8,False,True,False,False,True,True
296,000816,智慧农业,C 制造业,腾讯前复权日K回退（成交额、换手率已提供）,False,2026-08-06,2.68,2.6420000000000003,2.505,True,True,True,True,2.71,-1.1070110701106939,False,63.93412856124231,0.04786481696757283,0.01890859791169261,0.057912438111760445,True,False,False,False,,,35.98047609747439,31.858737673344706,44.22395294573374,False,False,2026-07-23,10.0,True,408989.0,272007.4,1.5035951227797477,False,108810900.0,2.84,38.31369718309859,0.3745318352059934,3.3707865168539275,6.986027944111788,22.22222222222228,66.66666666666683,False,3.05,False,False,False,False,True,False
297,000818,航锦科技,C 制造业,腾讯前复权日K回退（成交额、换手率已提供）,False,2026-08-06,13.54,13.357999999999999,12.863999999999999,True,True,True,True,14.67,-7.702794819359242,False,53.12723149728349,-0.12385169376425686,-0.30278083141923046,0.3578582753099472,True,False,False,False,2026-08-03,3.0,17.15280455331197,13.71893734075067,24.020538978434573,False,False,2026-07-31,4.0,True,238941.0,332041.2,0.7196125059179402,False,325294700.0,3.63,89.61286501377411,-1.0956902848794803,3.1409788166544903,5.254975124378111,51.162790697674595,32.55813953488346,False,18.4,False,False,False,False,False,False
298,000819,岳阳兴长,C 制造业,腾讯前复权日K回退（成交额、换手率已提供）,False,2026-08-06,12.02,12.072,11.555,False,True,True,False,12.5,-3.840000000000003,False,51.74433112744217,-0.05957581265089118,-0.22570812900703424,0.3322646327122861,True,False,False,False,2026-07-13,18.0,22.24213501500896,20.914574478793217,24.897256087440446,False,False,,,False,40254.0,46678.2,0.8623725850611207,False,48275700.0,1.1,43.887,-0.16611295681062677,2.5747508305647884,4.024231934227606,35.48387096774227,58.06451612903207,False,17.32,False,True,False,True,False,False
299,000820,神雾节能,M 科研服务,腾讯前复权日K回退（成交额、换手率已提供）,False,2026-08-06,3.76,3.906,3.1235000000000004,False,True,True,True,4.5,-16.44444444444445,False,62.66996036873294,0.2350680337490072,0.09084970748131788,0.28843665253537865,True,False,False,False,,,69.51263155172462,60.70290235298304,87.13208994920781,False,False,2026-07-23,9.0,True,769875.0,531529.0,1.4484157966921842,False,294974400.0,25.92,11.380185185185184,-8.73786407766991,7.281553398058237,20.377781335040797,29.999999999999865,13.333333333333226,False,4.5,False,True,False,False,False,True
300,000821,ST京机,C 制造业,腾讯前复权日K回退（成交额、换手率已提供）,False,2026-08-06,7.33,7.268000000000001,7.101000000000001,True,True,True,True,7.99,-8.260325406758449,False,48.294975199625696,-0.1950285639331213,-0.31543785190526197,0.24081857594428135,True,False,False,False,2026-07-27,8.0,14.916647865375014,12.410480915593858,19.928981764937326,False,False,2026-07-23,10.0,True,87737.0,75372.2,1.1640498751529078,False,64293100.00000001,1.45,44.340068965517254,-1.4784946236559127,2.5537634408602083,3.2248979017039736,15.789473684210698,52.631578947368375,False,10.95,False,True,False,False,True,False
301,000822,山东海化,C 制造业,腾讯前复权日K回退（成交额、换手率已提供）,False,2026-08-06,4.31,4.308,4.136,True,True,True,True,4.49,-4.008908685968833,False,54.50859597041504,0.00616794963925571,-0.044024995226355924,0.10038588973122327,True,False,False,False,,,15.560313444076433,14.190186831919782,18.300566668389735,False,False,,,False,122639.0,164868.2,0.743860853700107,False,52551000.0,1.37,38.35839416058394,0.4662004662004504,2.564102564102551,4.206963249516429,27.272727272727636,72.72727272727236,True,5.61,False,False,False,False,True,False
302,000823,超声电子,C 制造业,腾讯前复权日K回退（成交额、换手率已提供）,False,2026-08-06,14.3,13.41,14.084999999999999,True,True,False,True,19.82,-27.850655903128153,False,44.634939145210254,-1.4592882120956716,-1.6958219499046054,0.47306747561786766,True,False,False,False,2026-08-05,1.0,11.34258829571184,9.350831924527894,15.326101038079731,False,False,2026-08-05,1.0,True,641246.0,551717.8,1.1622717265964593,False,910204700.0,10.78,84.43457328385901,1.5625,4.971590909090904,1.5264465743699087,29.9999999999999,70.00000000000011,True,29.77,False,False,False,False,False,False
303,000825,太钢不锈,C 制造业,腾讯前复权日K回退（成交额、换手率已提供）,False,2026-08-06,3.57,3.63,3.5420000000000003,False,True,True,False,3.72,-4.032258064516139,False,49.077022841262995,0.009586058422119237,-0.010068791679276266,0.03930970020279101,True,False,False,False,2026-07-10,19.0,23.11134635009657,22.78600738869154,23.762024272906636,False,False,,,False,312368.0,311518.6,1.0027266429677073,False,111786900.0,0.55,203.24890909090908,-1.6528925619834767,3.8567493112947693,0.790513833992083,21.42857142857127,28.57142857142857,False,4.32,False,False,False,False,False,False
304,000826,*ST启环,N 公共环保,腾讯前复权日K回退（成交额、换手率已提供）,False,2026-08-06,1.71,1.7739999999999998,1.6029999999999998,False,True,True,True,1.95,-12.307692307692307,False,50.32898269749954,-0.03632267882942197,-0.08957450339688823,0.10650364913493252,True,False,False,False,2026-07-30,5.0,36.28383926980785,31.370547676655946,46.11042245611165,False,False,2026-07-23,10.0,True,355190.0,540991.6,0.6565536322560277,False,61139000.0,2.49,24.553815261044175,-4.469273743016766,6.14525139664805,6.67498440424206,9.090909090909092,27.27272727272727,False,2.49,False,False,False,False,True,False
305,000828,东莞控股,G 运输仓储,腾讯前复权日K回退（成交额、换手率已提供）,False,2026-08-06,9.96,10.088,9.92,False,True,True,False,10.27,-3.018500486854905,False,52.27969515764964,0.07757795065450068,0.06412695385824721,0.026901993592506945,True,False,False,False,,,64.75256886948249,63.376868289864355,67.50397002871874,False,False,,,False,61939.0,61871.4,1.0010925888213293,False,61689200.0,0.6,102.81533333333334,-0.994035785288272,1.8886679920477087,0.40322580645162226,10.526315789473488,36.842105263158146,False,10.5,False,False,False,False,False,False
306,000829,天音控股,F 批发零售,腾讯前复权日K回退（成交额、换手率已提供）,False,2026-08-06,8.49,8.516,8.443999999999999,False,True,True,False,9.35,-9.197860962566839,False,51.571997017621,0.0653404799669115,0.04345192998195724,0.04377709996990853,True,False,False,False,,,26.67603140586195,26.528888170582217,26.97031787642141,False,False,,,False,249319.0,216519.2,1.1514867965519917,False,211659900.00000003,2.43,87.10283950617284,-1.0489510489510523,3.6130536130536193,0.5447655139744334,58.06451612903207,41.93548387096793,False,11.17,False,True,False,False,True,False
307,000830,鲁西化工,C 制造业,腾讯前复权日K回退（成交额、换手率已提供）,False,2026-08-06,12.85,12.878,12.409,False,True,True,True,13.19,-2.577710386656557,False,53.45507984242594,0.09937308930571653,0.010820058922822309,0.17710606076578844,True,False,False,False,2026-07-20,13.0,25.950083862121897,24.141397393434417,29.567456799496853,False,False,,,False,303805.0,326402.8,0.9307671380270023,False,390271900.0,1.6,243.9199375,-1.1538461538461608,3.0769230769230793,3.5538721895398417,35.00000000000011,42.49999999999994,False,15.36,False,False,False,False,False,False
308,000831,中国稀土,C 制造业,腾讯前复权日K回退（成交额、换手率已提供）,False,2026-08-06,51.99,49.87,48.05,True,True,True,True,51.99,0.0,False,56.847727330862284,-0.42042841028988676,-1.122702430488393,1.4045480403970125,True,False,False,False,2026-07-23,10.0,25.54375349110455,20.241060304360687,36.14913986459227,False,False,2026-08-03,3.0,True,401703.0,239730.6,1.675643409727419,False,2097084800.0,3.79,553.3205277044855,0.7558139534883823,4.263565891472874,8.199791883454745,58.18181818181816,41.81818181818184,False,66.85,False,False,False,False,True,False
309,000833,粤桂股份,S 综合,腾讯前复权日K回退（成交额、换手率已提供）,False,2026-08-06,20.37,19.784,19.634999999999998,True,True,True,True,21.35,-4.590163934426231,False,48.79768021121536,-0.6705470246699505,-0.9379346449235123,0.5347752405071236,True,False,False,False,2026-07-27,8.0,15.957446257678336,13.4236090359791,21.025120701076812,False,False,2026-08-03,3.0,True,222997.0,194925.0,1.1440143644991663,False,449666500.0,4.92,91.39563008130081,0.09828009828010131,2.4078624078624,3.7433155080214062,6.122448979591363,93.87755102040863,True,29.8,False,False,False,False,False,False
310,000837,秦川机床,C 制造业,腾讯前复权日K回退（成交额、换手率已提供）,False,2026-08-06,9.96,9.848,9.354499999999998,True,True,True,True,11.15,-10.67264573991031,False,50.955832737867865,-0.2815252305034459,-0.48421788241937824,0.40538530383186466,True,False,False,False,2026-07-29,6.0,24.80769214363026,20.285458581953165,33.852159266984444,False,False,2026-07-28,7.0,True,165249.0,157877.0,1.0466945786910062,False,163672600.0,1.64,99.80036585365855,0.60606060606061,2.525252525252525,6.472820567641274,27.999999999999403,72.0000000000006,True,13.6,False,True,False,False,True,False
312,000839,国安股份,I 信息技术,腾讯前复权日K回退（成交额、换手率已提供）,False,2026-08-06,3.14,2.87,2.604,True,True,True,True,2.99,5.0167224080267525,True,67.8064628037649,0.07773573798636546,0.011380289259426551,0.13271089745387782,True,False,False,False,2026-07-16,15.0,42.197845555116835,33.29019768717729,60.01314129099593,False,False,,,False,2814157.0,1562137.2,1.801478768958322,True,841371400.0,7.18,117.18264623955433,10.175438596491237,12.631578947368432,20.583717357910906,0.0,100.0,True,3.71,False,False,False,False,False,True
313,000848,承德露露,C 制造业,腾讯前复权日K回退（成交额、换手率已提供）,False,2026-08-06,8.87,9.04,8.513,False,True,True,False,9.38,-5.437100213219632,False,60.58387617300456,0.279691676345859,0.2271012225618288,0.10518090756806042,True,False,False,False,2026-07-28,7.0,83.62386904263019,85.51624086195238,79.8391254039858,False,True,,,False,167652.0,253237.4,0.6620349126945704,False,149129900.0,1.66,89.83728915662651,-1.3348164627363879,2.3359288097886437,4.193586279807345,38.0952380952383,23.809523809523405,False,9.38,False,False,False,False,False,False
314,000850,华茂股份,C 制造业,腾讯前复权日K回退（成交额、换手率已提供）,False,2026-08-06,4.1,4.04,3.9269999999999996,True,True,True,True,4.14,-0.966183574879228,False,62.64351463870248,0.07333014782229519,0.05683430772505915,0.03299168019447207,True,False,False,False,,,39.93661128654497,37.54786087914034,44.71411210135422,False,False,,,False,79126.0,70541.0,1.121702272437306,False,32167300.0,0.84,38.294404761904765,1.2345679012345734,2.2222222222222405,4.405398523045583,11.11111111111177,88.88888888888823,True,4.42,False,False,False,True,False,False
315,000852,石化机械,C 制造业,腾讯前复权日K回退（成交额、换手率已提供）,False,2026-08-06,5.31,5.358,5.161,False,True,True,True,5.47,-2.925045703839125,False,52.54258958576278,0.010437296769159055,-0.044052294050220465,0.10897918163875904,True,False,False,False,,,19.401143743033852,17.762103714261087,22.67922380057938,False,False,,,False,90514.0,120478.6,0.751286950545574,False,48036500.0,0.95,50.56473684210526,-1.1173184357541999,2.2346368715083815,2.8870373958535174,16.666666666667037,49.99999999999963,False,7.32,False,False,False,True,False,False
316,000856,冀东装备,C 制造业,腾讯前复权日K回退（成交额、换手率已提供）,False,2026-08-06,7.87,7.792,7.3149999999999995,True,True,True,True,8.0,-1.6249999999999987,False,58.40850455205957,0.023591238526391223,-0.11752963422571101,0.28224174550420444,True,False,False,False,,,23.287180301626364,19.656127033900802,30.54928683707749,False,False,,,False,35309.0,46742.8,0.7553890652678059,False,27581800.0,1.56,17.680641025641023,0.768245838668391,2.5608194622279155,7.587149692412859,15.00000000000011,84.99999999999989,True,10.99,False,True,False,True,True,False
317,000858,五 粮 液,C 制造业,腾讯前复权日K回退（成交额、换手率已提供）,False,2026-08-06,74.48,76.58399999999999,74.589,False,False,True,False,78.84,-5.5301877219685425,False,48.21006844864219,0.5822966440330077,0.31913913542070804,0.5263150172245994,True,False,False,False,,,22.38170332884739,23.405802798037865,20.333504390466437,False,True,,,False,406081.0,458428.2,0.8858115622031978,False,3033081700.0,1.05,2888.649238095238,-1.3509933774834337,1.9867549668874174,-0.14613414846692496,17.999999999999737,13.333333333333522,False,88.7,False,False,False,False,False,False
318,000859,国风新材,C 制造业,腾讯前复权日K回退（成交额、换手率已提供）,False,2026-08-06,8.91,8.489999999999998,7.9515,True,True,True,True,8.88,0.3378378378378306,True,54.65734965825541,-0.21530975075792647,-0.4430233850508071,0.4554272685857612,True,False,False,False,2026-07-28,7.0,36.88583987587604,32.00445115789063,46.64861731184686,False,False,,,False,691667.0,571802.8,1.2096250665439203,False,609968000.0,7.72,79.01139896373057,3.2444959443800547,10.19698725376594,12.054329371816637,44.31818181818185,55.68181818181815,False,12.19,False,False,False,False,False,False
319,000860,顺鑫农业,C 制造业,腾讯前复权日K回退（成交额、换手率已提供）,False,2026-08-06,10.86,11.065999999999999,10.8015,False,True,True,False,11.35,-4.31718061674009,False,52.17930345274148,0.1399330837009174,0.11776478657793919,0.0443365942459564,True,False,False,False,,,39.21084900290598,38.241738989251644,41.14906903021466,False,False,,,False,97661.0,120780.8,0.808580502861382,False,105899500.0,1.32,80.22689393939395,-0.3669724770642313,2.201834862385323,0.5415914456325386,4.166666666666574,49.99999999999963,False,12.88,False,False,False,False,False,False
320,000862,银星能源,D 水电煤气,腾讯前复权日K回退（成交额、换手率已提供）,False,2026-08-06,5.65,5.618,5.3665,True,True,True,True,6.24,-9.455128205128203,False,54.46916919423003,0.09729030178134845,0.05244624220228259,0.08968811915813173,True,False,False,False,,,28.56822051300607,25.64534261334063,34.413976312336956,False,False,,,False,315634.0,372689.0,0.8469098900155357,False,175896500.0,5.03,34.96948310139165,0.355239786856143,3.3747779751332065,5.282772756917918,10.526315789473488,89.47368421052651,True,7.72,False,False,False,False,False,False
321,000863,三湘印象,K 房地产,腾讯前复权日K回退（成交额、换手率已提供）,False,2026-08-06,3.98,3.8880000000000003,3.8455,True,True,True,True,4.42,-9.95475113122172,False,50.37321803986538,-0.10966166278202083,-0.16902972081540102,0.11873611606676038,True,False,False,False,2026-07-29,6.0,17.446294296497715,14.433251186550592,23.472380516391965,False,False,2026-07-28,7.0,True,133237.0,143604.2,0.9278071254183373,False,52344799.99999999,1.15,45.51721739130434,1.0152284263959421,3.04568527918782,3.4975945910804858,16.666666666666664,83.33333333333334,True,6.05,False,False,False,False,True,False
322,000868,安凯客车,C 制造业,腾讯前复权日K回退（成交额、换手率已提供）,False,2026-08-06,3.6,3.636,3.479,False,True,True,False,3.7,-2.702702702702705,False,55.07643378246309,0.028102284057784033,-0.007244293557659973,0.07069315523088801,True,False,False,False,,,26.425235623522642,24.955374355188084,29.36495816019176,False,False,2026-07-27,8.0,True,96192.0,92779.6,1.0367796369029398,False,34500200.0,1.02,33.82372549019608,-0.8264462809917328,3.0303030303030267,3.4780109226789304,9.090909090908909,54.54545454545465,False,4.43,False,True,False,False,False,False
323,000869,张 裕Ａ,C 制造业,腾讯前复权日K回退（成交额、换手率已提供）,False,2026-08-06,17.34,17.610000000000003,17.08,False,True,True,False,17.95,-3.398328690807796,False,53.96140752498305,0.2092261990327593,0.14169786797341655,0.1350566621186855,True,False,False,False,,,53.45129192625203,52.780910080667745,54.792055617420615,False,False,,,False,11641.0,12963.0,0.8980174342359022,False,20190000.0,0.26,77.65384615384615,-0.857632933104624,2.287021154945675,1.5222482435597282,24.999999999999556,40.00000000000018,False,19.25,False,False,False,False,False,False
324,000875,电投绿能,D 水电煤气,腾讯前复权日K回退（成交额、换手率已提供）,False,2026-08-06,5.24,5.4,5.159000000000001,False,True,True,False,5.6,-6.428571428571418,False,47.62285532108963,-0.006601848212620887,-0.0624334829172107,0.11166326940917963,True,False,False,False,2026-07-14,17.0,22.680320463150906,22.228568279397905,23.58382483065691,False,False,,,False,485811.0,557675.2,0.8711361021612581,False,254278100.0,1.45,175.36420689655174,-2.0560747663551315,3.1775700934579425,1.5700717193254412,17.647058823529044,35.29411764705913,False,7.38,False,False,False,False,False,False
325,000876,新 希 望,C 制造业,腾讯前复权日K回退（成交额、换手率已提供）,False,2026-08-06,6.95,6.9799999999999995,6.9985,False,False,False,False,7.35,-5.442176870748292,False,49.20039569299594,-0.008118732441657173,-0.012951061342604719,0.009664657801895092,True,False,False,False,2026-07-31,4.0,35.86690905626034,35.79785804361563,36.00501108154975,False,False,,,False,269156.0,334021.0,0.8058056229997516,False,186224800.0,0.6,310.37466666666666,-0.2869440459110417,2.152080344332848,-0.6930056440665824,19.999999999999645,60.00000000000012,False,8.62,False,False,False,True,False,False
326,000877,天山股份,C 制造业,腾讯前复权日K回退（成交额、换手率已提供）,False,2026-08-06,3.84,3.832,3.707,True,True,True,True,3.87,-0.7751937984496188,False,55.09076345194514,-0.003396434194279596,-0.041122216458992014,0.07545156452942484,True,False,False,False,,,17.327760582131994,15.261408766221521,21.46046421395294,False,False,2026-07-29,6.0,True,187849.0,135928.6,1.381968180353509,False,72121000.0,0.26,277.3884615384615,1.0526315789473717,2.89473684210526,3.587806851901808,36.36363636363644,63.636363636363555,False,4.8,False,False,False,False,False,False
327,000878,云南铜业,C 制造业,腾讯前复权日K回退（成交额、换手率已提供）,False,2026-08-06,16.6,16.250000000000004,15.420999999999998,True,True,True,True,16.8,-1.1904761904761862,False,57.21404143329155,0.03192252641767013,-0.21769856475714525,0.49924218234963075,True,False,False,False,2026-07-22,11.0,33.016680915474794,27.852588521419193,43.344865703585995,False,False,,,False,643274.0,413596.8,1.5553166755642212,False,1078541700.0,3.21,335.9942990654206,-1.0137149672033274,4.353011329755518,7.645418585046391,13.69863013698649,28.767123287671332,False,20.92,False,False,False,False,False,False
328,000880,潍柴重机,C 制造业,腾讯前复权日K回退（成交额、换手率已提供）,False,2026-08-06,22.89,22.395999999999997,21.905,True,True,True,True,24.98,-8.366693354683747,False,52.1764819825515,-0.4358689154722022,-0.7957331915382417,0.7197285521320791,True,False,False,False,2026-07-23,10.0,16.880984025934833,14.413235842413078,21.816480392978338,False,False,,,False,91869.0,93832.6,0.9790733710885129,False,209171000.0,4.05,51.647160493827165,0.3507233669443277,2.060499780797891,4.4966902533668085,17.021276595744357,82.97872340425563,True,37.13,False,False,False,False,False,False
329,000881,中广核技,C 制造业,腾讯前复权日K回退（成交额、换手率已提供）,False,2026-08-06,6.46,6.522,6.294,False,True,True,True,6.68,-3.2934131736526906,False,50.77353804000984,-0.019608452763024253,-0.08658064977376317,0.13394439402147784,True,False,False,False,,,20.566738493083594,18.75084764470461,24.198520189841567,False,False,2026-07-23,10.0,True,82867.0,107750.4,0.7690644303872655,False,53612100.0,0.92,58.27402173913043,-1.2232415902140636,2.1406727828746126,2.6374324753733775,7.1428571428570065,35.71428571428567,False,8.26,False,False,False,False,True,False
330,000882,华联股份,L 商务服务,腾讯前复权日K回退（成交额、换手率已提供）,False,2026-08-06,1.43,1.436,1.3865,False,True,True,True,1.47,-2.721088435374152,False,56.23434885577539,0.014073656556391478,0.003220938228303507,0.02170543665617594,True,False,False,False,,,34.2977829985573,31.037348509534045,40.818651976603824,False,False,2026-07-28,7.0,True,431433.0,566227.4,0.7619429932214513,False,61589500.0,1.58,38.98069620253164,-0.694444444444442,2.7777777777777803,3.1373963216732683,50.0,50.0,False,1.62,False,True,False,False,False,False
331,000883,湖北能源,D 水电煤气,腾讯前复权日K回退（成交额、换手率已提供）,False,2026-08-06,4.66,4.723999999999999,4.615,False,True,True,False,4.85,-3.9175257731958664,False,52.17349701801964,0.05415668112294281,0.04405735278116984,0.020198656683545937,True,False,False,False,2026-07-09,20.0,50.511976911498884,51.313849554998335,48.908231624499976,False,True,,,False,233045.0,306543.4,0.7602349292139383,False,108076200.00000001,0.36,300.2116666666667,-0.42735042735041473,1.9230769230769391,0.975081256771396,0.0,66.66666666666666,False,5.31,False,False,False,False,False,False
332,000885,城发环境,N 公共环保,腾讯前复权日K回退（成交额、换手率已提供）,False,2026-08-06,12.85,13.004000000000001,12.6705,False,True,True,False,13.3,-3.3834586466165497,False,53.732886036246036,0.11453591369194527,0.07008186347797157,0.08890810042794739,True,False,False,False,,,44.38249579219295,43.16452752580637,46.81843232496611,False,False,,,False,43741.0,53005.0,0.825224035468352,False,56050200.00000001,0.68,82.42676470588236,-0.6187161639597871,1.6241299303944245,1.41667653210212,9.523809523809362,61.904761904761706,False,14.05,False,False,False,True,False,False
333,000886,海南高速,G 运输仓储,腾讯前复权日K回退（成交额、换手率已提供）,False,2026-08-06,4.58,4.636,4.4705,False,True,True,True,4.8,-4.583333333333329,False,56.3623532969259,0.06909006723463484,0.04208006484723865,0.05402000477479239,True,False,False,False,,,34.25059238593517,32.42561842920021,37.900540299405094,False,False,,,False,129863.0,138702.2,0.9362720995052709,False,59519799.99999999,1.33,44.75172932330826,-1.0799136069114423,2.5917926565874754,2.4493904484956874,33.33333333333333,33.33333333333333,False,5.51,False,False,False,False,False,False
334,000887,中鼎股份,C 制造业,腾讯前复权日K回退（成交额、换手率已提供）,False,2026-08-06,18.84,18.07,17.849,True,True,True,True,20.79,-9.379509379509376,False,55.94484246125787,-0.20484649748067696,-0.46808314809396756,0.5264733012265812,True,False,False,False,2026-08-03,3.0,31.21079385224923,23.074351054326826,47.48367944809404,False,False,2026-07-31,4.0,True,337975.0,320902.6,1.0532011893951623,False,636008200.0,2.57,247.47400778210118,1.0729613733905463,3.648068669527895,5.55213177208807,35.29411764705861,64.70588235294139,False,22.75,False,False,False,False,True,False
335,000888,峨眉山Ａ,N 公共环保,腾讯前复权日K回退（成交额、换手率已提供）,False,2026-08-06,9.69,9.776,9.502,False,True,True,True,9.96,-2.710843373493989,False,54.34413057229683,0.08279432309760004,0.031703237763029433,0.10218217066914122,True,False,False,False,,,25.952074755224505,24.77699759551277,28.302229074647975,False,False,2026-07-28,7.0,True,61836.0,78546.6,0.7872524081246037,False,59767400.0,1.17,51.08324786324786,-0.41109969167524296,1.9527235354573433,1.9785308356135425,36.842105263158146,57.89473684210511,False,11.16,False,True,False,False,False,False
336,000889,中嘉博创,I 信息技术,腾讯前复权日K回退（成交额、换手率已提供）,False,2026-08-06,4.12,3.878,3.5675000000000003,True,True,True,True,4.16,-0.9615384615384623,False,62.94394331120776,0.10838356846178021,0.03995212639615982,0.1368628841312408,True,False,False,False,2026-07-15,16.0,34.91244444467131,30.673536617566857,43.39026009888021,False,False,,,False,1422720.0,597726.2,2.3802202413078097,True,587151600.0,16.36,35.889462102689485,5.102040816326525,11.734693877551008,15.487035739313237,41.30434782608689,58.6956521739131,False,5.85,False,False,False,False,True,False
337,000890,法尔胜,C 制造业,腾讯前复权日K回退（成交额、换手率已提供）,False,2026-08-06,7.48,7.198,6.792,True,True,True,True,7.56,-1.0582010582010475,False,52.474812886072776,-0.28581310475272215,-0.5223703902117102,0.47311457091797604,True,False,False,False,2026-07-22,11.0,13.74637191087009,11.538059519648934,18.162996693312405,False,False,,,False,191311.0,184779.6,1.035346975531931,False,142478200.0,4.56,31.245219298245615,0.6729475100942128,2.8263795423956926,10.129564193168443,33.33333333333305,66.66666666666696,False,14.19,False,True,False,False,False,False
338,000892,欢瑞世纪,R 文化传播,腾讯前复权日K回退（成交额、换手率已提供）,False,2026-08-06,4.04,3.9560000000000004,3.624,True,True,True,True,4.62,-12.554112554112557,False,57.86773722766606,0.05692246996533967,-0.045378657135863365,0.20460225420240608,True,False,False,False,2026-07-31,4.0,26.70915259208768,21.43118263384562,37.265092508571804,False,False,2026-07-29,6.0,True,840581.0,1331911.4,0.6311087959754681,False,340853100.0,11.83,28.812603550295858,-1.2224938875305624,4.889975550122254,11.479028697571742,30.00000000000022,40.0,False,4.71,False,True,False,False,True,True
339,000893,亚钾国际,C 制造业,腾讯前复权日K回退（成交额、换手率已提供）,False,2026-08-06,48.18,49.592,46.594500000000004,False,True,True,False,54.75,-12.000000000000002,False,53.01613335525601,1.5632727097683699,1.4174161178811855,0.2917131837743687,True,False,False,False,2026-07-15,16.0,40.95414040279345,42.011396822265795,38.83962756384875,False,False,,,False,170000.0,172110.2,0.9877392507823475,False,818350100.0,2.09,391.5550717703349,-1.6734693877551,4.163265306122447,3.402762128577399,21.56862745098029,38.23529411764713,False,54.75,False,False,False,False,True,False
340,000895,双汇发展,C 制造业,腾讯前复权日K回退（成交额、换手率已提供）,False,2026-08-06,25.38,25.682,25.039,False,True,True,False,26.87,-5.545217714923714,False,55.02163268395597,0.48528649011615244,0.4701047088171022,0.03036356259810047,True,False,False,False,,,51.698462210173126,53.27684642241291,48.54169378569357,False,False,,,False,86323.0,153251.6,0.5632763377348099,False,218927900.0,0.25,875.7116,0.19739439399921732,1.1843663639952655,1.3618754742601442,43.33333333333408,56.66666666666592,False,26.98,False,False,False,False,True,False
341,000897,津滨发展,K 房地产,腾讯前复权日K回退（成交额、换手率已提供）,False,2026-08-06,1.75,1.764,1.718,False,True,True,True,1.81,-3.314917127071826,False,51.91391250598649,0.0032391247392806743,-0.009447530988289928,0.025373311455141205,True,False,False,False,,,24.04387695418235,22.58023333995772,26.971164182631604,False,False,2026-07-27,8.0,True,273816.0,260952.4,1.0492948139200866,False,47698700.0,1.69,28.224082840236687,-0.5681818181818232,2.8409090909090935,1.8626309662398155,20.0,60.0,False,2.16,False,False,False,True,False,False
342,000898,鞍钢股份,C 制造业,腾讯前复权日K回退（成交额、换手率已提供）,False,2026-08-06,2.05,2.066,1.9954999999999998,False,True,True,False,2.13,-3.7558685446009425,False,56.63197083990895,0.029991180225679148,0.019906593515366534,0.020169173420625228,True,False,False,False,,,38.401049531591475,36.23402714666788,42.73509430143868,False,False,,,False,356318.0,419875.0,0.8486287585590949,False,72852300.0,0.45,161.894,-0.4854368932038944,2.9126213592233037,2.7311450764219494,16.666666666667037,49.99999999999963,False,2.27,False,False,False,False,False,False
343,000899,赣能股份,D 水电煤气,腾讯前复权日K回退（成交额、换手率已提供）,False,2026-08-06,10.94,11.0,10.639,False,True,True,True,11.77,-7.051826677994903,False,51.77348993987124,0.05934333349944865,-0.02629055724936065,0.1712677814976186,True,False,False,False,2026-07-13,18.0,27.733633287906773,26.91366071128915,29.373578441142023,False,False,,,False,176637.0,187439.4,0.9423685735229627,False,191891000.0,1.81,106.0171270718232,-1.1743450767841113,2.800361336946707,2.8292132719240546,9.67741935483906,61.290322580644904,False,15.2,False,False,False,False,True,False
344,000900,现代投资,G 运输仓储,腾讯前复权日K回退（成交额、换手率已提供）,False,2026-08-06,3.71,3.75,3.721,False,False,True,False,3.82,-2.8795811518324577,False,49.740843310167705,0.017188963746067376,0.015576798744267175,0.003224330003600402,True,False,False,False,,,47.425836918034356,47.26067379840932,47.75616315728443,False,False,,,False,121136.0,116786.6,1.0372422863581952,False,44707100.0,0.8,55.883875,-0.536193029490617,2.1447721179624684,-0.29561945713518195,25.0,62.49999999999972,False,4.01,False,False,False,False,False,False
345,000901,航天科技,C 制造业,腾讯前复权日K回退（成交额、换手率已提供）,False,2026-08-06,14.9,14.65,14.3905,True,True,True,True,18.21,-18.176825919824275,False,47.30813070354346,-0.6173356324641972,-0.9122448004820041,0.5898183360356137,True,False,False,False,2026-07-29,6.0,16.48787753866785,14.058790492068555,21.34605163186644,False,False,,,False,202186.0,145935.6,1.3854467312979148,False,301432300.0,2.53,119.14320158102768,-0.20093770931011168,3.4159410582719465,3.540530210903033,45.09803921568622,54.90196078431377,False,23.98,False,True,False,False,True,False
346,000902,新洋丰,C 制造业,腾讯前复权日K回退（成交额、换手率已提供）,False,2026-08-06,13.5,13.734,13.3375,False,True,True,False,14.1,-4.255319148936168,False,54.10565921141171,0.2809425282195157,0.26928257999263494,0.023319896453761535,True,False,False,False,,,48.55242839434292,47.06445067105102,51.52838384092672,False,False,,,False,158631.0,114062.2,1.390741192086423,False,215591800.0,1.39,155.10201438848924,-1.6751638747268816,2.330662782228698,1.2183692596063702,21.87500000000007,6.2499999999998614,False,15.44,False,False,False,False,True,False
347,000903,ST云动,C 制造业,腾讯前复权日K回退（成交额、换手率已提供）,False,2026-08-06,1.9,1.832,1.7279999999999998,True,True,True,True,1.99,-4.522613065326637,False,61.82399973881047,0.0038221543027379123,-0.029084626413943628,0.06581356143336309,True,False,False,False,2026-07-27,8.0,28.441559015755956,23.748250007977834,37.8281770313122,False,False,,,False,293202.0,213160.2,1.3755006797704261,False,55243300.0,1.53,36.10673202614379,0.5291005291005346,4.761904761904755,9.953703703703715,44.44444444444456,55.55555555555544,False,2.16,False,False,False,False,True,False
348,000905,厦门港务,F 批发零售,腾讯前复权日K回退（成交额、换手率已提供）,False,2026-08-06,8.61,8.668000000000001,8.297500000000001,False,True,True,True,8.88,-3.0405405405405554,False,54.75547259151934,0.08158834993690078,0.0015836064017477492,0.16000948707030607,True,False,False,False,,,23.2261492075661,21.918694996783785,25.84105762913073,False,False,,,False,83938.0,103648.2,0.8098355784277971,False,72227600.0,1.13,63.91823008849558,-1.3745704467354014,2.176403207331057,3.7661946369388155,15.78947368421102,47.368421052631184,False,11.82,False,False,False,False,True,False
349,000906,浙商中拓,L 商务服务,腾讯前复权日K回退（成交额、换手率已提供）,False,2026-08-06,5.44,5.51,5.388,False,True,True,True,5.66,-3.886925795052999,False,50.89625633334358,0.011790157964619574,-0.01826643110427258,0.06011317813778431,True,False,False,False,,,29.058102019675204,28.088925853263465,30.99645435249868,False,False,,,False,49875.0,72052.4,0.6922045622352622,False,27113100.0,0.71,38.18746478873239,-0.910746812386154,2.1857923497267775,0.9651076466221323,33.33333333333333,50.00000000000037,False,6.82,False,False,False,False,False,False
350,000908,石药景峰,C 制造业,腾讯前复权日K回退（成交额、换手率已提供）,False,2026-08-06,6.83,6.25,6.468500000000001,True,True,False,True,7.84,-12.882653061224486,False,57.53341643179993,-0.06549052206882688,-0.08509383316750549,0.03920662219735721,True,False,True,False,,,36.659243318889786,32.90946951362527,44.158790929418814,True,False,,,False,361628.0,171157.2,2.1128412944357584,True,237053300.00000003,4.11,57.677201946472024,9.98389694041868,11.272141706924318,5.588621782484339,0.0,100.0,True,7.99,False,False,False,False,True,True
351,000909,*ST数源,K 房地产,腾讯前复权日K回退（成交额、换手率已提供）,False,2026-08-06,4.55,4.426,4.125,True,True,True,True,4.84,-5.991735537190084,False,60.574196988900795,0.08603892277032799,0.014379591379434883,0.1433186627817862,True,False,False,False,2026-07-28,7.0,28.130700927640685,25.188722982246983,34.01465681842809,False,False,2026-07-27,8.0,True,58446.0,46996.8,1.2436165866612194,False,26861200.0,1.34,20.045671641791042,2.0179372197309364,6.950672645739922,10.3030303030303,58.06451612903236,41.93548387096764,False,5.36,False,True,False,False,True,False
352,000910,大亚圣象,C 制造业,腾讯前复权日K回退（成交额、换手率已提供）,False,2026-08-06,5.29,5.231999999999999,5.142,True,True,True,True,5.53,-4.339963833634723,False,51.8153843677106,-0.0794948881616051,-0.14012565514825132,0.12126153397329242,True,False,False,False,2026-07-29,6.0,16.46320410583958,13.833773185893094,21.722065945732552,False,False,2026-07-29,6.0,True,39304.0,46663.2,0.8422911416276638,False,20603900.0,0.72,28.616527777777776,1.1472275334607929,2.485659655831738,2.878257487358998,15.384615384615069,84.61538461538493,True,7.49,False,False,False,False,False,False
353,000911,*ST广糖,C 制造业,腾讯前复权日K回退（成交额、换手率已提供）,False,2026-08-06,4.48,4.392,4.134,True,True,True,True,4.48,0.0,False,59.88070111430062,0.017747953115939907,-0.0666813591483949,0.16885862452866962,True,False,False,False,,,26.678254238289714,23.680703736515838,32.67335524183747,False,False,2026-07-27,8.0,True,71826.0,37019.0,1.940246900240417,True,32249699.999999996,1.79,18.016592178770946,1.3574660633484337,6.787330316742078,8.36961780358007,59.99999999999994,40.00000000000006,False,6.52,False,True,False,False,True,False
354,000912,泸天化,C 制造业,腾讯前复权日K回退（成交额、换手率已提供）,False,2026-08-06,3.64,3.6420000000000003,3.5349999999999993,False,True,True,True,3.7,-1.621621621621623,False,55.578608184775135,0.033991063274435795,0.009697999343182339,0.04858612786250691,True,False,False,False,,,17.217195717880802,16.2143635003698,19.22286015290281,False,False,,,False,158629.0,168788.4,0.9398098447523645,False,57090700.0,1.01,56.52544554455445,0.0,2.7472527472527495,2.9702970297029956,9.999999999999778,90.00000000000023,True,4.4,False,True,False,True,False,False
355,000913,钱江摩托,C 制造业,腾讯前复权日K回退（成交额、换手率已提供）,False,2026-08-06,11.71,11.954,11.1605,False,True,True,False,12.3,-4.796747967479673,False,57.89229235725958,0.27152690875974805,0.14491313812780882,0.2532275412638785,True,False,False,False,,,30.174797694757427,28.44598789063903,33.63241730299421,False,False,2026-07-27,8.0,True,52667.0,82011.0,0.6421943397836876,False,61830800.0,1.01,61.21861386138614,-2.172096908939014,3.0910609857978213,4.923614533399042,18.918918918919037,21.621621621621685,False,12.57,False,False,False,False,False,False
356,000915,华特达因,C 制造业,腾讯前复权日K回退（成交额、换手率已提供）,False,2026-08-06,25.37,25.71,25.3785,False,False,True,False,26.33,-3.6460311431826717,False,48.814411555823476,0.04982491106971665,0.01203641751841036,0.07557698710261257,True,False,False,False,2026-07-29,6.0,24.941335523540914,24.91948280732032,24.9850409559821,False,False,2026-07-29,6.0,True,26668.0,28871.2,0.9236886585940314,False,67363500.0,1.14,59.09078947368422,-0.3143418467583481,1.8860510805501,-0.03349291723308294,8.333333333333147,54.16666666666694,False,27.25,False,False,False,False,False,False
357,000917,电广传媒,I 信息技术,腾讯前复权日K回退（成交额、换手率已提供）,False,2026-08-06,7.07,7.142,6.7090000000000005,False,True,True,True,7.3,-3.1506849315068433,False,55.22606068551379,0.05413526215711428,-0.05143559745167092,0.2111417192175704,True,False,False,False,2026-07-09,20.0,23.186965044767035,20.438878603325733,28.68313792764964,False,False,2026-07-27,8.0,True,272084.0,285709.6,0.9523096178777333,False,193292599.99999997,1.92,100.67322916666664,-1.9417475728155331,3.467406380027739,5.380831718586969,35.99999999999994,24.0000000000002,False,9.01,False,True,False,False,True,False
358,000919,金陵药业,C 制造业,腾讯前复权日K回退（成交额、换手率已提供）,False,2026-08-06,6.34,6.336,6.2515,True,True,True,True,6.57,-3.5007610350076166,False,54.99955175626324,0.037174116537376456,0.015986018056903348,0.042376196960946216,True,False,False,False,2026-07-29,6.0,16.1017104271409,15.200840953180318,17.903449375062067,False,False,2026-07-29,6.0,True,89994.0,97026.2,0.9275226691347286,False,56721400.0,1.45,39.118206896551726,0.15797788309637184,1.5797788309636593,1.4156602415420267,9.999999999999822,90.00000000000018,True,7.17,False,True,False,True,False,False
359,000920,沃顿科技,C 制造业,腾讯前复权日K回退（成交额、换手率已提供）,False,2026-08-06,11.55,11.134,12.133,True,False,False,True,15.24,-24.212598425196845,False,45.366452685948325,-0.5551772728660964,-0.5156264503551121,-0.07910164502196859,False,True,False,False,,,13.898080135099695,12.93288916349279,15.828462078313503,True,False,2026-08-06,0.0,True,114618.0,128002.8,0.8954335373913695,False,130997400.0,2.43,53.90839506172839,0.8733624454148492,2.0960698689956354,-4.80507706255665,0.0,100.0,True,16.6,False,False,False,False,False,False
360,000921,海信家电,C 制造业,腾讯前复权日K回退（成交额、换手率已提供）,False,2026-08-06,26.86,27.137999999999998,25.955000000000002,False,True,True,False,27.8,-3.3812949640287817,False,54.556929040256165,0.28379364773965676,0.10255997519075671,0.3624673450978001,True,False,False,False,2026-07-29,6.0,54.16804295815154,52.61014838828711,57.28383209788039,False,False,,,False,58817.0,130575.8,0.4504433440193359,False,158418700.0,0.64,247.52921875,-1.322556943423947,2.4981631153563546,3.486804083991514,44.11764705882313,20.58823529411774,False,31.8,False,False,False,False,False,False
361,000922,佳电股份,C 制造业,腾讯前复权日K回退（成交额、换手率已提供）,False,2026-08-06,11.59,11.352,11.053,True,True,True,True,12.58,-7.869634340222577,False,50.47740817503871,-0.31312760915650095,-0.49274045184494014,0.3592256853768784,True,False,False,False,2026-07-31,4.0,25.59850281734876,20.5993913345548,35.59672578293668,False,False,2026-07-30,5.0,True,110205.0,159051.8,0.6928874743951342,False,127908600.0,1.56,81.99269230769231,-0.7705479452054798,2.226027397260272,4.8584094815887,61.53846153846164,34.615384615384585,False,15.08,False,True,False,False,False,False
362,000923,河钢资源,B 采矿业,腾讯前复权日K回退（成交额、换手率已提供）,False,2026-08-06,14.71,14.680000000000001,14.041000000000002,True,True,True,False,15.37,-4.294079375406626,False,57.217145579066646,0.331900116535504,0.22016709537525175,0.2234660423205045,True,False,False,False,,,38.539387997630286,36.61323455445726,42.39169488397634,False,False,,,False,195412.0,140479.2,1.3910386733409643,False,289291900.0,3.11,93.0199035369775,-1.736806947227787,4.742818971275878,4.764617904707632,12.676056338028166,19.718309859155035,False,17.98,False,False,False,False,False,False
363,000925,众合科技,C 制造业,腾讯前复权日K回退（成交额、换手率已提供）,False,2026-08-06,7.56,7.4,7.1955,True,True,True,True,9.19,-17.736670293797605,False,50.09139811730949,-0.24637777845458686,-0.37319632899172717,0.2536371010742806,True,False,False,False,2026-07-31,4.0,21.937230839763345,18.61013145020464,28.591429618880753,False,False,2026-07-28,7.0,True,207145.0,233225.4,0.8881751301530623,False,156419800.0,3.09,50.62129449838188,-0.39525691699605625,3.293807641633729,5.065666041275792,44.00000000000013,55.99999999999987,False,11.83,False,False,False,False,True,False
364,000926,福星股份,K 房地产,腾讯前复权日K回退（成交额、换手率已提供）,False,2026-08-06,2.19,2.14,2.0309999999999997,True,True,True,True,2.16,1.3888888888888797,True,65.14381434157605,0.03425793843357061,0.010181357980345071,0.04815316090645108,True,False,False,False,2026-07-14,17.0,33.05932827483577,28.898274396843146,41.38143603082103,False,False,,,False,427409.0,261954.2,1.6316172827158335,False,93002300.0,2.72,34.192022058823525,1.388888888888884,3.703703703703707,7.828655834564267,25.0,75.0,True,2.74,False,False,False,True,False,False
365,000927,中国铁物,L 商务服务,腾讯前复权日K回退（成交额、换手率已提供）,False,2026-08-06,2.47,2.516,2.458,False,True,True,False,2.58,-4.263565891472863,False,50.81729855085476,0.02252468038174893,0.014804098513795154,0.015441163735907551,True,False,False,False,,,22.36813171411445,22.35560728969344,22.393180562956466,False,False,,,False,492508.0,421903.2,1.1673483396191353,False,121077300.0,0.81,149.47814814814814,-1.19999999999999,2.7999999999999936,0.4882017900732306,0.0,57.14285714285733,False,2.77,False,False,False,False,False,False
366,000928,中钢国际,E 建筑业,腾讯前复权日K回退（成交额、换手率已提供）,False,2026-08-06,5.11,5.198,5.0555,False,True,True,False,5.31,-3.7664783427495157,False,47.59445994676664,-0.020881759256805132,-0.06133814979903196,0.08091278108445366,True,False,False,False,2026-07-14,17.0,15.877488677386529,15.759007226526613,16.11445157910636,False,False,,,False,144012.0,157229.2,0.9159367343979362,False,73708400.0,1.0,73.7084,-1.1605415860734936,2.321083172147004,1.0780338245475223,8.333333333333147,41.666666666667226,False,6.46,False,False,False,False,False,False
367,000929,兰州黄河,C 制造业,腾讯前复权日K回退（成交额、换手率已提供）,False,2026-08-06,8.9,8.746,8.251000000000001,True,True,True,True,8.96,-0.6696428571428626,False,57.74044277607115,-0.09053663482487373,-0.26865544977360234,0.3562376298974572,True,False,False,False,2026-07-29,6.0,31.353914262878178,26.101633191184124,41.858476406266284,False,False,2026-07-23,10.0,True,33037.0,41378.6,0.7984078726684808,False,29129000.0,1.78,16.364606741573034,0.4514672686230403,3.273137697516921,7.865713246879154,0.0,86.20689655172438,True,12.02,False,False,False,True,True,False
368,000930,中粮科技,C 制造业,腾讯前复权日K回退（成交额、换手率已提供）,False,2026-08-06,4.74,4.7700000000000005,4.6225000000000005,False,True,True,False,4.86,-2.469135802469138,False,54.72060253786847,0.029136344133023684,-0.007355099540475114,0.0729828873469976,True,False,False,False,,,17.368704207909285,16.257690879257648,19.590730865212556,False,False,2026-07-27,8.0,True,196886.0,157938.6,1.2465983616418026,False,93116000.0,1.06,87.84528301886792,-0.21052631578947212,3.157894736842094,2.5419145484045367,33.33333333333333,60.00000000000012,False,5.74,False,True,False,False,False,False
369,000931,中 关 村,C 制造业,腾讯前复权日K回退（成交额、换手率已提供）,False,2026-08-06,4.09,4.032000000000001,4.141,True,False,False,True,4.53,-9.713024282560715,False,48.14056425975375,-0.05276593875377866,-0.05076329134391517,-0.004005294819726987,False,True,False,False,,,16.48134055295519,14.550029628778361,20.343962401308843,False,False,2026-08-04,2.0,True,56193.0,137213.8,0.4095287791752725,False,22817800.000000004,0.75,30.423733333333338,0.49140049140048436,2.7027027027027106,-1.2315865732914792,27.27272727272742,72.72727272727259,True,4.61,False,True,False,False,True,False
370,000932,华菱钢铁,C 制造业,腾讯前复权日K回退（成交额、换手率已提供）,False,2026-08-06,3.75,3.874,3.7525,False,False,True,False,4.01,-6.483790523690767,False,49.464707660395504,0.059529136030651575,0.051166271339262284,0.01672572938277858,True,False,False,False,,,31.888590567859097,32.05178904028118,31.562193623014934,False,True,,,False,1332173.0,949212.8,1.4034503116687849,False,501077100.0,1.94,258.2871649484536,-2.34375,4.427083333333331,-0.06662225183211051,23.529411764705912,29.41176470588226,False,4.49,False,False,False,False,False,False
371,000933,神火股份,C 制造业,腾讯前复权日K回退（成交额、换手率已提供）,False,2026-08-06,26.34,25.934000000000005,25.1755,True,True,True,False,26.96,-2.2997032640949593,False,57.01196745104714,0.44539374948613997,0.2519973805195639,0.38679273793315216,True,False,False,False,,,37.70506979457784,35.68448544792211,41.7462384878893,False,False,,,False,701208.0,651025.8,1.0770817377744475,False,1833986000.0,3.12,587.8160256410256,0.5343511450381699,2.8244274809160244,4.6255287879088804,12.162162162162168,78.37837837837832,True,32.56,False,True,False,True,True,False
372,000935,四川双马,C 制造业,腾讯前复权日K回退（成交额、换手率已提供）,False,2026-08-06,22.6,22.023999999999997,23.642000000000003,True,False,False,True,28.13,-19.65872733736224,False,42.93180606898913,-1.1174230100065259,-1.1399394360288602,0.04503285204466856,True,False,True,False,,,10.306381541285104,8.38962364838173,14.139897327091848,False,False,2026-08-05,1.0,True,51760.0,67654.0,0.765069323321607,False,116874000.0,0.68,171.87352941176468,-1.2237762237762184,2.6660839160839136,-4.4074105405634105,57.377049180327575,42.622950819672425,False,34.13,False,True,False,False,True,False
373,000936,华西股份,C 制造业,腾讯前复权日K回退（成交额、换手率已提供）,False,2026-08-06,5.24,5.2379999999999995,5.002,True,True,True,True,5.37,-2.420856610800743,False,52.115090267042255,-0.06295965635982359,-0.15285582947459475,0.17979234622954232,True,False,False,False,,,13.894186905295351,11.843876424189446,17.994807867507163,False,False,2026-07-27,8.0,True,122860.0,123625.6,0.9938071079129241,False,64341000.0,1.39,46.2884892086331,-0.7575757575757569,2.0833333333333224,4.758096761295491,36.36363636363658,45.454545454545524,False,8.27,False,True,False,True,False,False
374,000937,冀中能源,B 采矿业,腾讯前复权日K回退（成交额、换手率已提供）,False,2026-08-06,4.74,4.702,4.629,True,True,True,False,4.98,-4.819277108433739,False,55.9820027012189,0.061702429956699945,0.05738740670830526,0.008630046496789376,True,False,False,False,,,56.75193040188285,57.02774009307962,56.20031101948932,False,False,,,False,302968.0,212651.0,1.4247193758787873,False,141822700.0,0.8,177.278375,2.819956616052055,3.253796095444693,2.397926117952056,0.0,100.0,True,5.29,False,False,False,False,False,False
375,000938,紫光股份,C 制造业,腾讯前复权日K回退（成交额、换手率已提供）,False,2026-08-06,37.94,35.438,38.103,True,False,False,True,45.8,-17.16157205240175,False,54.410586831274635,0.9577561808542541,1.6653358824214208,-1.4151594031343335,False,True,False,False,,,57.89233096768468,58.55109237610082,56.574808150852405,False,False,,,False,3939139.0,3225066.2,1.2214133774990417,False,14668206600.0,13.77,1065.229237472767,2.7070925825663172,7.011369788846769,-0.427787838227971,20.463320463320535,79.53667953667947,True,45.8,False,False,False,False,False,False
376,000948,南天信息,I 信息技术,腾讯前复权日K回退（成交额、换手率已提供）,False,2026-08-06,15.01,15.341999999999999,14.278500000000003,False,True,True,False,16.13,-6.943583384996896,False,57.70540111598819,0.5895119991727711,0.4702898932655649,0.23844421181441233,True,False,False,False,2026-07-28,7.0,78.59766430694278,74.0238434750541,87.74530597072015,False,False,,,False,226922.0,412918.6,0.5495562563662669,False,342429200.0,5.83,58.73571183533447,-3.0987734021949653,4.3899289864428646,5.12308715901528,0.0,27.941176470588175,False,16.13,False,True,False,False,True,False
377,000949,新乡化纤,C 制造业,腾讯前复权日K回退（成交额、换手率已提供）,False,2026-08-06,6.48,6.288,5.7755,True,True,True,True,6.5,-0.30769230769230116,False,58.80624204449273,0.03243359893276576,-0.10623459353547109,0.2773363849364737,True,False,False,False,2026-07-22,11.0,32.40843131329758,27.533445023933727,42.158403892025284,False,False,,,False,382129.0,513996.4,0.7434468412619232,False,246328000.0,2.31,106.63549783549783,0.46511627906977715,2.945736434108533,12.198078088477192,26.315789473684063,73.68421052631594,True,8.89,False,False,False,False,True,False
378,000950,重药控股,F 批发零售,腾讯前复权日K回退（成交额、换手率已提供）,False,2026-08-06,5.34,5.45,5.390499999999999,False,False,True,False,5.8,-7.93103448275862,False,48.28362077825953,0.022420307103552695,0.014038477530283797,0.016763659146537796,True,False,False,False,,,23.97684554858132,24.540323948783186,22.849888748177584,False,True,,,False,352775.0,286643.2,1.2307112117084933,False,186668300.00000003,2.06,90.6156796116505,-0.5586592178770999,2.7932960893854815,-0.9368333178740293,13.333333333333611,79.99999999999989,True,6.97,False,True,False,False,False,False
379,000951,中国重汽,C 制造业,腾讯前复权日K回退（成交额、换手率已提供）,False,2026-08-06,22.04,22.318,21.933,False,True,True,False,23.88,-7.705192629815745,False,50.6615180409302,0.2791256483647224,0.31283016261506946,-0.06740902850069408,False,True,False,True,2026-07-21,12.0,48.203613038507115,50.4983673625311,43.61410439045915,False,False,,,False,91137.0,128125.6,0.7113098397197749,False,199380400.0,0.78,255.61589743589744,0.09082652134422275,2.406902815622151,0.4878493594127539,16.98113207547175,83.01886792452825,True,23.88,False,False,False,False,False,False
380,000952,广济药业,C 制造业,腾讯前复权日K回退（成交额、换手率已提供）,False,2026-08-06,5.88,5.808,5.5735,True,True,True,True,6.04,-2.6490066225165587,False,55.751719524491904,-0.011848701869796585,-0.10058190279647092,0.17746640185334867,True,False,False,False,2026-07-27,8.0,26.795250131281374,22.741495011281298,34.90276037128152,False,False,2026-07-27,8.0,True,53497.0,74479.6,0.7182772195339394,False,31247000.0,1.56,20.030128205128204,0.17035775127767216,2.555366269165253,5.4992374629945235,0.0,73.33333333333337,True,7.54,False,False,False,True,False,False
381,000953,中哲精化,C 制造业,腾讯前复权日K回退（成交额、换手率已提供）,False,2026-08-06,5.62,5.578,5.359,True,True,True,True,5.8,-3.103448275862064,False,55.545389372516944,0.00464863435988061,-0.06595950787424068,0.14121628446824258,True,False,False,False,,,26.384390812700563,22.635756024071892,33.88166038995791,False,False,2026-07-28,7.0,True,48057.0,59751.4,0.8042824101192608,False,26876200.0,1.31,20.51618320610687,0.7168458781362075,2.1505376344086042,4.870311625303231,25.000000000000185,74.99999999999982,True,7.18,False,False,False,False,True,False
382,000955,欣龙控股,C 制造业,腾讯前复权日K回退（成交额、换手率已提供）,False,2026-08-06,4.21,4.0760000000000005,3.9425000000000003,True,True,True,True,4.54,-7.268722466960353,False,55.19205987095106,-0.06250443745033785,-0.12982732480505788,0.13464577470944006,True,False,False,False,2026-07-31,4.0,33.89387979012002,27.303557588085727,47.07452419418859,False,False,2026-07-27,8.0,True,102821.0,107028.8,0.960685348242716,False,42915700.0,1.91,22.468952879581153,1.4457831325301207,3.6144578313253093,6.785034876347486,20.000000000000117,79.99999999999989,True,5.15,False,False,False,False,False,False
383,000957,中通客车,C 制造业,腾讯前复权日K回退（成交额、换手率已提供）,False,2026-08-06,10.2,10.326,9.936499999999999,False,True,True,False,10.69,-4.58372310570627,False,53.931414058732,0.1347670820641813,0.07942712244898775,0.11067991923038711,True,False,False,False,2026-07-15,16.0,37.08528991445016,36.873538918213136,37.5087919069242,False,False,,,False,92342.0,105710.0,0.8735408192224009,False,93642600.0,1.56,60.027307692307694,-0.6815968841285325,2.7263875365141126,2.651839178785292,7.1428571428570065,67.85714285714283,False,11.98,False,False,False,True,False,False
384,000958,电投产融,D 水电煤气,腾讯前复权日K回退（成交额、换手率已提供）,False,2026-08-06,5.53,5.536,5.426,False,True,True,True,5.77,-4.159445407279018,False,50.239743011217584,-0.03530027126853241,-0.07102523915688896,0.0714499357767131,True,False,False,False,2026-07-20,13.0,21.537281873051512,19.475240707477152,25.661364204200233,False,False,2026-07-28,7.0,True,240737.0,294707.2,0.8168684036223072,False,132020000.0,0.45,293.3777777777778,0.5454545454545601,1.6363636363636338,1.9166973829708827,0.0,100.0,True,6.64,False,False,False,False,False,False
385,000959,首钢股份,C 制造业,腾讯前复权日K回退（成交额、换手率已提供）,False,2026-08-06,3.77,3.8239999999999994,3.7585,False,True,True,False,4.05,-6.913580246913575,False,53.3026817378351,0.07777901289117128,0.08617043132769008,-0.016782836873037582,False,True,False,False,,,31.489275446634377,31.56444572340178,31.33893489309957,False,False,,,False,303095.0,351237.2,0.8629353610608443,False,113924300.0,0.41,277.8641463414634,-0.527704485488123,3.6939313984168782,0.30597312757748685,28.571428571428665,50.0,False,4.34,False,False,False,False,True,False
386,000960,锡业股份,C 制造业,腾讯前复权日K回退（成交额、换手率已提供）,False,2026-08-06,39.25,36.62,33.4125,True,True,True,True,38.66,1.5261251939989742,True,59.769264542788754,-0.2318558355867637,-1.3080442540963824,2.1523768370192373,True,False,False,False,2026-07-31,4.0,44.133454930620324,34.681105288330066,63.038154215200834,False,False,,,False,919387.0,648059.2,1.4186774911921627,False,3603896900.0,5.59,644.7042754919499,1.6839378238342029,5.673575129533673,17.471006359895245,45.662100456621054,52.05479452054802,False,48.77,False,True,False,False,False,False
387,000962,东方钽业,C 制造业,腾讯前复权日K回退（成交额、换手率已提供）,False,2026-08-06,53.86,47.796,51.290499999999994,True,True,False,True,68.88,-21.806039488966313,False,49.79264868888287,-4.289438037390703,-4.927882592952306,1.2768891111232072,True,False,False,False,2026-08-05,1.0,16.879325683235518,13.237447102898448,24.163082843909653,False,False,2026-08-05,1.0,True,511397.0,254900.8,2.0062589054251694,True,2740716000.0,10.16,269.7555118110236,4.319194266899085,7.456904900251795,5.009699651982346,47.79220779220786,52.20779220779214,False,96.24,False,False,False,False,True,True
388,000963,华东医药,F 批发零售,腾讯前复权日K回退（成交额、换手率已提供）,False,2026-08-06,27.82,28.381999999999998,29.619,False,False,False,False,32.5,-14.399999999999999,False,39.8918741472616,-0.3344487421399691,-0.07661222197692459,-0.5156730403260891,False,True,False,False,,,24.44188857655288,28.504338714313715,16.31698830103121,False,False,,,False,159109.0,235817.2,0.6747132948741652,False,442558300.0,0.91,486.3278021978022,-0.3581661891117527,1.4326647564469863,-6.07380397717681,17.50000000000013,37.49999999999978,False,33.01,False,False,False,False,False,False
389,000965,天保基建,K 房地产,腾讯前复权日K回退（成交额、换手率已提供）,False,2026-08-06,3.18,3.1719999999999997,3.0955,True,True,True,True,3.22,-1.2422360248447215,False,56.063508941664146,0.012846014776791037,-0.008356253759182026,0.04240453707194612,True,False,False,False,,,22.055252471511267,20.050364467267432,26.065028479998936,False,False,2026-07-28,7.0,True,125170.0,125276.8,0.999147487803009,False,39513700.0,1.13,34.967876106194694,0.3154574132492094,2.5236593059936934,2.729769019544508,25.0,75.0,True,3.7,False,True,False,True,False,False
390,000966,长源电力,D 水电煤气,腾讯前复权日K回退（成交额、换手率已提供）,False,2026-08-06,4.21,4.306,4.212,False,False,True,False,4.51,-6.651884700665185,False,47.765028641651746,0.007806742630384278,-0.013045908201411965,0.04170530166359249,True,False,False,False,2026-07-14,17.0,27.712986058391337,27.97498654844054,27.18898507829293,False,True,,,False,596926.0,472587.6,1.263101274768953,False,250239500.0,1.71,146.3388888888889,-1.8648018648018683,3.030303030303028,-0.04748338081670892,7.692307692308217,46.15384615384589,False,5.81,False,False,False,False,False,False
391,000967,盈峰环境,C 制造业,腾讯前复权日K回退（成交额、换手率已提供）,False,2026-08-06,9.37,8.884,7.911499999999999,True,True,True,True,9.61,-2.4973985431841856,False,58.41442167812448,-0.16115190172866,-0.5159119401238734,0.7095200767904268,True,False,False,False,2026-07-29,6.0,22.875926811168714,17.445553004734343,33.73667442403746,False,False,2026-07-27,8.0,True,1963418.0,1714587.4,1.1451256436388138,False,1818574600.0,5.85,310.86745299145304,-1.055966209081327,4.223864836325241,18.435189281425775,27.50000000000028,72.49999999999972,True,15.38,False,False,False,False,True,False
392,000968,蓝焰控股,B 采矿业,腾讯前复权日K回退（成交额、换手率已提供）,False,2026-08-06,6.96,6.978,6.840000000000001,False,True,True,False,7.43,-6.325706594885595,False,52.919999745844436,0.06534889930134025,0.034394098152903785,0.06190960229687292,True,False,False,False,,,16.96001450286784,16.629240472602714,17.621562563398093,False,False,2026-07-30,5.0,True,240169.0,322486.4,0.7447414836718695,False,166185900.0,2.48,67.0104435483871,0.43290043290042934,2.886002886002889,1.754385964912269,24.99999999999989,75.00000000000011,True,8.63,False,True,False,False,True,False
393,000969,安泰科技,C 制造业,腾讯前复权日K回退（成交额、换手率已提供）,False,2026-08-06,17.11,16.728,16.5395,True,True,True,True,20.86,-17.97698945349952,False,43.667297472904885,-1.2141203921414032,-1.5879757192613313,0.7477106542398562,True,False,False,False,2026-07-31,4.0,15.89797083709563,12.839904192314364,22.01410412665816,False,False,2026-08-03,3.0,True,373985.0,378781.8,0.9873362447720562,False,643118400.0,3.59,179.1416155988858,-0.46538685282141445,2.44328097731238,3.4493182986184534,47.61904761904766,30.952380952380853,False,27.62,False,False,False,False,False,False
394,000970,中科三环,C 制造业,腾讯前复权日K回退（成交额、换手率已提供）,False,2026-08-06,13.46,12.928,13.5345,True,False,False,True,16.57,-18.76885938442969,False,49.4900478479908,-0.3595755274871095,-0.35011866853749524,-0.018913717899228577,False,True,False,False,,,37.284170208156056,34.649297823813406,42.553914976841355,False,False,,,False,834355.0,700871.8,1.1904530899944896,False,1125691400.0,6.86,164.09495626822158,1.8154311649016597,4.91679273827533,-0.5504451586685779,50.769230769230624,49.23076923076938,False,17.13,False,False,False,False,True,False
395,000972,中基健康,C 制造业,腾讯前复权日K回退（成交额、换手率已提供）,False,2026-08-06,3.43,3.37,3.4055,True,True,False,True,3.64,-5.769230769230768,False,51.087281220014134,-0.0376156093497122,-0.047072864368004175,0.018914510036583954,True,False,False,False,2026-08-05,1.0,32.151909764735876,29.662979858726448,37.12976957675473,False,False,,,False,106237.0,81427.2,1.3046868859545706,False,35969800.0,1.38,26.06507246376812,1.7804154302670572,4.1543026706231485,0.7194244604316602,14.285714285714285,85.71428571428571,True,3.92,False,False,False,False,True,False
396,000973,佛塑科技,C 制造业,腾讯前复权日K回退（成交额、换手率已提供）,False,2026-08-06,12.43,12.256,11.995999999999999,True,True,True,True,13.2,-5.83333333333333,False,47.47544855501768,-0.37325033743370284,-0.5537897351057747,0.36107879534414367,True,False,False,False,2026-07-24,9.0,12.640824580105678,11.635709825659667,14.651054088997697,False,False,2026-07-23,10.0,True,334724.0,308958.6,1.0833943447439236,False,414235000.0,3.46,119.72109826589596,-0.48038430744595795,2.8823058446757357,3.6178726242080788,33.33333333333366,61.111111111110894,False,19.91,False,True,False,False,True,False
397,000975,山金国际,B 采矿业,腾讯前复权日K回退（成交额、换手率已提供）,False,2026-08-06,25.46,23.689999999999998,21.5845,True,True,True,True,24.38,4.4298605414274075,True,68.88918205865359,1.0082514275781627,0.5933521145946703,0.8297986259669847,True,False,False,False,,,48.346059496254334,42.796269001791615,59.44564048517978,False,False,,,False,943183.0,704931.8,1.3379776596828232,False,2397376300.0,3.74,641.0097058823529,5.119735755573918,3.3443435177539174,17.955014014686476,35.802469135802426,59.2592592592594,False,28.39,False,True,False,False,False,False
398,000977,浪潮信息,C 制造业,腾讯前复权日K回退（成交额、换手率已提供）,False,2026-08-06,76.79,74.32000000000001,81.061,True,False,False,True,96.37,-20.317526201099927,False,50.15697431447574,0.2635434706573392,1.6396360374182248,-2.7521851335217713,False,True,False,False,,,49.62303801407052,50.27313443518708,48.322845171837386,False,False,,,False,881765.0,915030.6,0.9636453687996882,False,6753744200.0,6.01,1123.7511148086523,-0.5310880829015541,3.7305699481865227,-5.268871590530589,41.66666666666634,58.333333333333655,False,96.37,False,False,False,False,True,False
399,000978,桂林旅游,N 公共环保,腾讯前复权日K回退（成交额、换手率已提供）,False,2026-08-06,6.05,6.008,5.673,True,True,True,True,6.14,-1.4657980456026036,False,62.690831682713856,0.0985458671056536,0.026546379504331464,0.1439989752026443,True,False,False,False,,,25.469340503414156,23.038499868358375,30.331021773525713,False,False,,,False,74243.0,106130.2,0.6995464062067159,False,44892299.99999999,1.59,28.23415094339622,-0.49342105263158187,2.3026315789473633,6.645513837475758,14.285714285714649,49.99999999999968,False,6.77,False,True,False,True,True,False
400,000980,众泰汽车,C 制造业,腾讯前复权日K回退（成交额、换手率已提供）,False,2026-08-06,1.73,1.7600000000000002,1.6445,False,True,True,True,1.85,-6.486486486486492,False,47.06213014343219,-0.05766642833680158,-0.1052610615644417,0.09518926645528025,True,False,False,False,2026-07-24,9.0,21.418940654275616,19.19393714429301,25.86894767424083,False,False,,,False,1284146.0,1450733.4,0.8851702180428189,False,222908800.0,2.55,87.41521568627451,-3.8888888888888973,5.55555555555556,5.199148677409541,10.0,30.0,False,2.99,False,True,False,False,True,False
401,000981,山子高科,C 制造业,腾讯前复权日K回退（成交额、换手率已提供）,False,2026-08-06,3.01,2.8899999999999997,2.6209999999999996,True,True,True,True,3.17,-5.047318611987387,False,59.859870677370175,-0.0046826235614401135,-0.10019797256182805,0.19103069800077588,True,False,False,False,2026-07-21,12.0,26.20296202956904,19.71450797759451,39.1798701335181,False,False,,,False,9762108.0,4347428.0,2.2454904371044213,True,2990536800.0,10.26,291.47532163742693,-5.047318611987384,6.624605678233437,14.841663487218632,28.571428571428605,19.047619047618856,False,4.58,False,False,False,False,False,True
402,000983,山西焦煤,B 采矿业,腾讯前复权日K回退（成交额、换手率已提供）,False,2026-08-06,6.67,6.5280000000000005,6.343999999999999,True,True,True,True,6.67,0.0,False,58.98298801610768,0.05740522472414078,0.01463057622063499,0.08554929700701158,True,False,False,False,2026-07-10,19.0,37.82378638683475,35.37079019565113,42.729778769201985,False,False,,,False,1050444.0,568263.0,1.848517323844769,True,694987300.0,1.85,375.6688108108108,3.2507739938080427,4.798761609907114,5.13871374527113,25.80645161290328,74.19354838709673,True,7.98,False,False,False,False,True,False
403,000985,大庆华科,C 制造业,腾讯前复权日K回退（成交额、换手率已提供）,False,2026-08-06,15.02,14.788,14.3465,True,True,True,True,15.17,-0.9887936717205034,False,55.155886158973495,-0.10372103922539466,-0.2877858237133639,0.3681295689759385,True,False,False,False,,,20.02590551535225,16.879325642469308,26.319065261118133,False,False,2026-07-23,10.0,True,19726.0,17331.8,1.1381391430780416,False,29296500.0,1.52,19.27401315789474,2.385821404226318,2.5903203817314298,4.694524796988805,7.894736842105546,92.10526315789446,True,19.57,False,False,False,False,False,False
404,000987,越秀资本,J 金融业,腾讯前复权日K回退（成交额、换手率已提供）,False,2026-08-06,7.74,7.840000000000001,7.718500000000001,False,True,True,False,8.37,-7.526881720430096,False,48.68625275814901,-0.005598019677072408,-0.029362183108085662,0.04752832686202651,True,False,False,False,2026-07-30,5.0,35.71019343901057,34.95057972828611,37.229420860459484,False,False,,,False,338406.0,306275.4,1.1049075439947185,False,263249100.0,0.68,387.1310294117647,-1.9011406844106404,2.4081115335868124,0.27855153203342137,26.315789473684188,26.315789473684188,False,8.82,False,False,False,False,True,False
405,000988,华工科技,C 制造业,腾讯前复权日K回退（成交额、换手率已提供）,False,2026-08-06,103.01,98.52600000000001,115.731,True,False,False,True,168.98,-39.04012309149011,False,38.46223826804587,-13.97316524641873,-13.975862070766935,0.0053936486964083485,True,False,True,False,,,10.019165628448208,9.337457037380991,11.382582810582644,True,False,2026-08-06,0.0,True,804350.0,666668.8,1.2065211391323547,False,8235225699.999999,8.0,1029.4032124999999,2.5689534999502106,9.200438116100761,-10.991869075701402,35.281385281385205,64.7186147186148,False,187.66,False,False,False,False,False,True
406,000989,九芝堂,C 制造业,腾讯前复权日K回退（成交额、换手率已提供）,False,2026-08-06,9.05,9.122000000000002,9.1,False,False,True,True,10.32,-12.306201550387593,False,53.423480112617696,0.16517218335687822,0.19214328896089244,-0.053942211208028445,False,True,False,False,,,57.90233599968832,57.6910618820605,58.32488423494395,False,False,,,False,309889.0,313433.4,0.9886916965454223,False,280586900.0,4.46,62.91186098654709,-0.44004400440043057,2.3102310231023,-0.5494505494505377,38.0952380952383,42.857142857142975,False,10.32,False,False,False,False,False,False
407,000990,诚志股份,C 制造业,腾讯前复权日K回退（成交额、换手率已提供）,False,2026-08-06,6.58,6.494,6.5035,True,True,False,True,6.91,-4.7756874095513755,False,53.484679004901494,0.010108050291506743,-0.009744901283572856,0.0397059031501592,True,False,False,False,,,20.750719656756264,19.726773403474358,22.79861216332008,False,False,2026-08-04,2.0,True,494106.0,424750.8,1.1632844481988027,False,323389700.0,2.9,111.51368965517243,0.45801526717557106,3.053435114503806,1.176289690166837,29.99999999999991,70.00000000000009,True,8.33,False,False,False,False,True,False
408,000993,闽东电力,D 水电煤气,腾讯前复权日K回退（成交额、换手率已提供）,False,2026-08-06,10.15,10.218,9.9485,False,True,True,True,10.63,-4.515522107243654,False,48.88308854465308,-0.0873631776892374,-0.19701344753254738,0.21930053968661994,True,False,False,False,2026-07-10,19.0,15.601677212369532,14.4529001385446,17.8992313600194,False,False,2026-07-29,6.0,True,105929.0,100889.6,1.049949647931997,False,107117400.0,2.31,46.37116883116883,-1.2645914396887115,2.3346303501945544,2.0254309694929,0.0,58.33333333333351,False,15.27,False,True,False,True,False,False
409,000995,皇台酒业,C 制造业,腾讯前复权日K回退（成交额、换手率已提供）,False,2026-08-06,10.79,10.686,10.0005,True,True,True,True,11.15,-3.2286995515695174,False,58.85748046959111,0.08597674670110855,-0.11325187321769847,0.39845723983761405,True,False,False,False,,,25.987121923352348,22.596906550390788,32.76755266927547,False,False,2026-07-27,8.0,True,174059.0,180661.2,0.9634553517855521,False,187982800.0,9.81,19.162364933741078,-1.0091743119266194,3.394495412844046,7.8946052697364975,13.51351351351367,45.9459459459458,False,15.5,False,False,False,False,True,False
410,000997,新 大 陆,I 信息技术,腾讯前复权日K回退（成交额、换手率已提供）,False,2026-08-06,18.68,18.830000000000002,17.2665,False,True,True,True,19.47,-4.057524396507444,False,59.3523184826435,0.39484042579892176,0.1035332110301826,0.5826144295374783,True,False,False,False,,,33.2433082219822,30.399357685265713,38.93120929541516,False,False,2026-07-28,7.0,True,274234.0,303577.2,0.9033418847001685,False,519317800.0,2.72,190.9256617647059,0.0,4.764453961456106,8.186372455332574,75.28089887640463,24.71910112359536,False,25.53,False,False,False,False,True,False
411,000998,隆平高科,A 农林牧渔,腾讯前复权日K回退（成交额、换手率已提供）,False,2026-08-06,8.25,8.368,8.1755,False,True,True,False,8.58,-3.846153846153847,False,52.909717822694844,0.08663007400332035,0.06423619387099277,0.04478776026465514,True,False,False,False,,,30.919646621402944,30.82559635719232,31.107747149824185,False,False,,,False,346911.0,160073.6,2.167196839453851,True,286582700.0,2.64,108.55405303030302,-0.36231884057970065,4.227053140096614,0.9112592501987702,42.857142857143,45.7142857142858,False,9.17,False,False,False,False,False,False
412,000999,华润三九,C 制造业,腾讯前复权日K回退（成交额、换手率已提供）,False,2026-08-06,24.97,25.601999999999997,25.2125,False,False,True,False,26.45,-5.595463137996221,False,49.84356803162136,0.3379131096279693,0.3618582459639025,-0.04789027267186641,False,True,False,True,,,55.56831959835557,55.58507368568248,55.534811423701754,False,True,,,False,155682.0,168947.0,0.9214842524578714,False,388022900.0,0.94,412.79031914893613,-1.3823064770932092,3.1990521327014165,-0.9618244918195329,18.518518518518373,38.27160493827151,False,26.45,False,False,False,False,False,False
413,001201,东瑞股份,A 农林牧渔,腾讯前复权日K回退（成交额、换手率已提供）,False,2026-08-06,11.52,11.406,11.4275,True,True,False,True,12.06,-4.477611940298515,False,54.013671507104256,-0.01471499171528734,-0.038366398915524104,0.04730281440047353,True,False,False,False,2026-08-04,2.0,31.995480064480414,28.70345703630485,38.57952612083154,False,False,,,False,33603.0,29332.8,1.1455776468663066,False,38432700.0,1.58,24.324493670886074,1.0526315789473717,2.1052631578947385,0.8094508860205587,12.500000000000464,87.49999999999953,True,13.34,False,False,False,False,True,False
414,001202,炬申股份,G 运输仓储,腾讯前复权日K回退（成交额、换手率已提供）,False,2026-08-06,13.2,12.858,13.403,True,False,False,True,15.32,-13.838120104438648,False,47.269779064124506,-0.38453110750727326,-0.40174292971909686,0.034423644423647204,True,False,True,False,,,13.767542299420901,11.636481271561898,18.029664355138905,False,False,2026-08-05,1.0,True,26638.0,34317.8,0.77621525855387,False,34824800.0,2.28,15.2740350877193,0.8403361344537785,2.597402597402596,-1.5145862866522508,5.88235294117687,94.11764705882312,True,17.37,False,True,False,False,True,False
415,001203,大中矿业,B 采矿业,腾讯前复权日K回退（成交额、换手率已提供）,False,2026-08-06,27.7,27.222,26.916000000000004,True,True,True,True,30.8,-10.064935064935069,False,46.09437270519344,-1.1861924120790839,-1.7116632408889019,1.050941657619636,True,False,False,False,2026-07-23,10.0,11.46873826616666,9.989831316691028,14.426552165117926,False,False,,,False,209007.0,147371.2,1.4182350418534964,False,581646100.0,1.6,363.5288125,-1.142041399000715,4.10421127765881,2.912765641254255,43.47826086956527,30.434782608695503,False,46.6,False,False,False,False,False,False
416,001205,盛航股份,G 运输仓储,腾讯前复权日K回退（成交额、换手率已提供）,False,2026-08-06,13.6,13.540000000000001,13.0315,True,True,True,True,14.0,-2.85714285714286,False,56.29827035200744,-0.015522436828574016,-0.16732659937228503,0.303608325087422,True,False,False,False,2026-07-29,6.0,39.490135445902325,33.8057923770675,50.85882158357198,False,False,2026-07-27,8.0,True,15307.0,42248.4,0.3623095785875915,False,20768800.0,0.92,22.57478260869565,-0.43923865300147247,2.0497803806734947,4.362506234892378,0.0,64.28571428571433,False,15.25,False,False,False,False,False,False
417,001206,依依股份,C 制造业,腾讯前复权日K回退（成交额、换手率已提供）,False,2026-08-06,16.57,16.192,18.601000000000003,True,False,False,True,25.6,-35.27343750000001,False,42.53778438775507,-0.8568580220714281,-0.5313960917246607,-0.6509238606935348,False,True,False,False,,,11.946528844476903,13.174776028583002,9.490034476264707,False,False,,,False,68511.0,70263.2,0.9750623370412962,False,112537500.0,6.41,17.556552262090484,1.8438844499078177,2.642901044867853,-10.918767808182366,13.953488372092734,86.04651162790726,True,25.6,False,False,False,False,False,False
418,001207,联科科技,C 制造业,腾讯前复权日K回退（成交额、换手率已提供）,False,2026-08-06,15.6,15.536000000000001,14.930499999999999,True,True,True,True,16.56,-5.797101449275358,False,52.850699290623474,-0.15847608052120243,-0.3802056687889867,0.44345917653556854,True,False,False,False,,,17.35778559108727,14.586635180074225,22.900086413113364,False,False,2026-07-29,6.0,True,31281.0,33001.2,0.9478746227409913,False,48358400.0,1.07,45.19476635514018,0.38610038610038533,2.1879021879021985,4.484109708315201,8.823529411764998,91.176470588235,True,21.9,False,False,False,False,True,False
419,001208,华菱线缆,C 制造业,腾讯前复权日K回退（成交额、换手率已提供）,False,2026-08-06,15.24,14.784,13.883,True,True,True,True,16.07,-5.164903546981954,False,57.60227460674204,0.046643163603668825,-0.2822143204296017,0.6577149680665411,True,False,False,False,2026-07-24,9.0,29.113662337200367,24.488617921851688,38.363751167897725,False,False,2026-07-23,10.0,True,292773.0,301635.8,0.9706175460605141,False,447104800.00000006,9.19,48.65122959738848,-1.10317975340688,3.374432186891638,9.774544406828504,28.84615384615384,38.46153846153857,False,20.68,False,False,False,True,False,False
420,001209,洪兴股份,C 制造业,腾讯前复权日K回退（成交额、换手率已提供）,False,2026-08-06,16.64,16.338,15.716000000000003,True,True,True,True,16.81,-1.0113027959547778,False,55.750052603088776,-0.18675063695111227,-0.46660321958039386,0.5597051652585632,True,False,False,False,2026-07-27,8.0,24.20137329901641,20.27389489473327,32.05633010758269,False,False,2026-07-27,8.0,True,13246.0,15331.0,0.8640010436370752,False,21966600.0,1.38,15.917826086956522,0.6045949214026791,2.418379685610654,5.879358615423756,30.00000000000009,69.9999999999999,False,23.04,False,False,False,False,True,False
421,001210,金房能源,D 水电煤气,腾讯前复权日K回退（成交额、换手率已提供）,False,2026-08-06,21.78,19.439999999999998,18.81,True,True,True,True,21.36,1.9662921348314686,True,62.00274884183716,-0.3456707670038419,-0.8291723468974826,0.9670031597872815,True,False,False,False,2026-08-03,3.0,48.40490109527516,40.11752540044427,64.97965248493692,False,False,,,False,187739.0,46580.2,4.0304464128535304,False,407473500.0,14.07,28.96044776119403,4.761904761904767,8.177008177008174,15.78947368421054,54.11764705882365,40.0,False,26.93,False,True,False,False,False,True
422,001211,双枪科技,C 制造业,腾讯前复权日K回退（成交额、换手率已提供）,False,2026-08-06,20.81,20.058,19.576,True,True,True,True,22.34,-6.848701880035815,False,46.96209937700543,-1.3495452869701587,-1.9882360908849337,1.27738160782955,True,False,False,False,2026-07-23,10.0,9.447774915104945,7.337056203081563,13.669212339151713,False,False,2026-08-03,3.0,True,32962.0,35567.0,0.926757949784913,False,68465500.0,3.53,19.395325779036828,0.4828585224529114,2.172863351038142,6.303637106661208,37.77777777777821,62.22222222222178,False,44.4,False,False,False,False,True,False
423,001212,中旗新材,C 制造业,腾讯前复权日K回退（成交额、换手率已提供）,False,2026-08-06,34.67,33.072,33.966,True,True,False,True,40.69,-14.79478987466207,False,43.67052107501352,-2.5992285588134223,-3.2718278103509806,1.3451985030751166,True,False,False,False,2026-07-27,8.0,17.536306590299358,15.522938395259501,21.563042980379066,False,False,2026-08-05,1.0,True,38885.0,53109.0,0.7321734545933835,False,134175400.00000001,2.24,59.89973214285714,0.289268151576505,2.8348278854498234,2.0726608961903095,28.57142857142857,71.42857142857143,True,60.29,False,False,False,False,True,False
424,001213,中铁特货,G 运输仓储,腾讯前复权日K回退（成交额、换手率已提供）,False,2026-08-06,3.55,3.5779999999999994,3.54,False,True,True,False,3.64,-2.4725274725274806,False,50.49173658773532,0.007673643366668426,-0.0005952277267270759,0.016537742186791004,True,False,False,False,,,25.52170505396313,25.532962670719986,25.499189820449423,False,True,,,False,70531.0,81838.4,0.8618325871473539,False,24962300.0,0.16,156.014375,0.0,1.690140845070424,0.28248587570620864,33.33333333333333,66.66666666666666,False,3.98,False,True,False,False,False,False
425,001215,千味央厨,C 制造业,腾讯前复权日K回退（成交额、换手率已提供）,False,2026-08-06,33.32,32.498000000000005,32.2915,True,True,True,True,36.58,-8.911973756150896,False,49.301746475321025,-1.1618707023,-1.690273497913525,1.0568055912270502,True,False,False,False,2026-07-30,5.0,21.63481965842007,18.49754990948796,27.90935915628429,False,False,2026-07-24,9.0,True,18510.0,21293.0,0.8692997698774245,False,60987600.0,1.91,31.930680628272253,1.2150668286755817,2.187120291616035,3.1850486970255365,0.0,100.0,True,46.5,False,True,False,False,True,False
426,001216,华瓷股份,C 制造业,腾讯前复权日K回退（成交额、换手率已提供）,False,2026-08-06,14.01,13.91,13.639,True,True,True,True,14.19,-1.2684989429175457,False,49.287725416565785,-0.23910034424040205,-0.39856447231589287,0.31892825615098164,True,False,False,False,2026-07-21,12.0,14.427446768367519,11.758246460179217,19.765847384744124,False,False,2026-07-27,8.0,True,27438.0,26232.2,1.04596640769741,False,38595200.0,1.12,34.459999999999994,-1.1988716502115637,3.737658674188994,2.7201407727839317,47.169811320754775,37.73584905660369,False,19.0,False,False,False,False,True,False
427,001217,华尔泰,C 制造业,腾讯前复权日K回退（成交额、换手率已提供）,False,2026-08-06,9.76,9.776,9.049499999999998,False,True,True,False,10.18,-4.125736738703339,False,59.99839295308091,0.20529198599066234,0.0634763231093044,0.2836313257627159,True,False,False,False,,,37.19013235370624,33.714761195634296,44.14087466985012,False,False,2026-07-23,10.0,True,36331.0,85332.4,0.42575856298428266,False,35429100.0,1.11,31.918108108108104,-0.2044989775051076,2.556237218813906,7.851262500690663,39.99999999999986,60.00000000000014,False,11.81,False,True,False,False,True,False
428,001218,丽臣实业,C 制造业,腾讯前复权日K回退（成交额、换手率已提供）,False,2026-08-06,23.66,22.716,22.2075,True,True,True,True,24.47,-3.310175725378009,False,57.546958880472204,-0.1939328349049667,-0.4933839900725714,0.5989023103352094,True,False,False,False,2026-07-31,4.0,32.24692258286637,25.388149584452538,45.96446857969402,False,False,2026-07-29,6.0,True,22230.0,22450.0,0.9902004454342984,False,52215900.0,1.86,28.07306451612903,2.780191138140742,3.388357949609041,6.54058313632782,3.8461538461539866,96.15384615384602,True,28.07,False,False,False,False,True,False
429,001219,青岛食品,C 制造业,腾讯前复权日K回退（成交额、换手率已提供）,False,2026-08-06,12.37,12.422,12.138,False,True,True,False,12.63,-2.058590657165491,False,53.027028600911976,0.017024766579757156,-0.06248172424200407,0.15901298164352246,True,False,False,False,,,24.366126535538474,23.25690590589951,26.5845677948164,False,False,,,False,18053.0,27865.2,0.6478690265994861,False,22148600.0,0.95,23.314315789473685,0.32441200324411223,1.7842660178426655,1.911352776404674,4.545454545455243,95.45454545454476,True,14.72,False,False,False,False,False,False
431,001221,悍高集团,C 制造业,腾讯前复权日K回退（成交额、换手率已提供）,False,2026-08-06,39.84,40.078,38.203,False,True,True,False,42.77,-6.850596212298339,False,49.95500163982291,-0.34542757269642266,-0.9744875545228363,1.2581199636528273,True,False,False,False,2026-07-15,16.0,13.846946917560514,12.940960263738118,15.658920225205303,False,False,,,False,24100.0,32607.2,0.7391005667459948,False,95794000.0,3.14,30.50764331210191,-1.6296296296296253,3.7037037037037033,4.285003795513442,13.333333333333522,56.00000000000023,False,61.54,False,False,False,False,True,False
432,001222,源飞宠物,C 制造业,腾讯前复权日K回退（成交额、换手率已提供）,False,2026-08-06,14.0,14.180000000000001,13.675,False,True,True,False,14.65,-4.436860068259388,False,51.236053710945676,0.0009257728046900837,-0.14103845701158033,0.2839284596325408,True,False,False,False,,,18.10054584298038,16.90241911131637,20.496799306308404,False,False,2026-07-28,7.0,True,31723.0,49071.2,0.6464688045126266,False,44452100.0,2.81,15.819252669039145,-1.1299435028248594,3.248587570621475,2.3765996343692817,28.26086956521751,45.65217391304358,False,18.32,False,False,False,False,False,False
433,001223,欧克科技,C 制造业,腾讯前复权日K回退（成交额、换手率已提供）,False,2026-08-06,37.43,36.878,32.5615,True,True,True,True,39.79,-5.931138477004271,False,53.707614622866885,-1.043765576610454,-2.519090045225611,2.950648937230314,True,False,False,False,2026-07-29,6.0,37.311572211997486,30.494356243980217,50.946004148032024,False,False,2026-07-27,8.0,True,36971.0,36479.4,1.013476098839345,False,137420500.0,5.29,25.97741020793951,-2.6527958387516315,3.3289986996098855,14.951706770265488,16.406250000000053,63.28125000000012,False,54.99,False,False,False,True,True,True
434,001225,和泰机电,C 制造业,腾讯前复权日K回退（成交额、换手率已提供）,False,2026-08-06,44.66,42.882,39.445,True,True,True,True,45.65,-2.168674698795185,False,59.90551248591395,0.5428310665849523,-0.4299604980056063,1.9455831291811172,True,False,False,False,2026-07-24,9.0,34.271678108012146,29.813299636906873,43.1884350502227,False,False,,,False,33616.0,21277.8,1.5798625797779846,False,150584500.0,15.98,9.423310387984982,-1.2383900928792602,4.400707651481635,13.220940550133086,60.80402010050271,39.19597989949729,False,64.74,False,False,False,False,True,True
435,001226,拓山重工,C 制造业,腾讯前复权日K回退（成交额、换手率已提供）,False,2026-08-06,41.64,40.216,40.79600000000001,True,True,False,True,50.15,-16.969092721834492,False,48.746371205194116,-1.7245923750317047,-2.2755882477905125,1.1019917455176156,True,False,False,False,2026-08-04,2.0,28.469284305249953,24.13558778184695,37.136677352055955,False,False,2026-08-03,3.0,True,4309.0,6790.0,0.6346097201767305,False,17791400.0,1.27,14.008976377952758,1.4372716199756441,4.336175395858712,2.068830277478169,12.35955056179768,87.64044943820231,True,55.67,False,False,False,False,True,False
436,001227,兰州银行,J 金融业,腾讯前复权日K回退（成交额、换手率已提供）,False,2026-08-06,2.18,2.214,2.1445,False,True,True,False,2.28,-4.385964912280686,False,55.91270734703193,0.03464152853708535,0.028916293298924457,0.011450470476321792,True,False,False,False,,,71.10994455805542,69.19218268621084,74.94546830174457,False,False,,,False,821273.0,1014568.4,0.8094801691044191,False,178313700.0,1.95,91.44292307692308,-0.45662100456620447,3.1963470319634832,1.6553975285614506,14.285714285714556,42.85714285714304,False,2.28,False,False,False,False,False,False
437,001228,永泰运,L 商务服务,腾讯前复权日K回退（成交额、换手率已提供）,False,2026-08-06,27.4,27.332,26.567500000000003,True,True,True,True,28.7,-4.529616724738679,False,54.87904581058457,0.1157198793985188,-0.07949348439932132,0.3904267275956802,True,False,False,False,2026-07-24,9.0,29.50170834288832,27.00554309726967,34.494038834125625,False,False,,,False,8493.0,9611.8,0.8836014066043821,False,23261500.0,1.06,21.944811320754713,-1.4742898238043867,3.5958288385472854,3.13352780653052,12.0000000000001,46.999999999999886,False,32.09,False,False,False,False,True,False
438,001229,魅视科技,C 制造业,腾讯前复权日K回退（成交额、换手率已提供）,False,2026-08-06,40.0,37.516,38.075,True,True,False,True,49.6,-19.35483870967742,False,56.379370474455705,0.9387074169424139,0.8809223637740491,0.1155701063367296,True,False,True,False,,,57.12726928539312,50.946258866909346,69.48929012236067,False,False,,,False,139168.0,66824.8,2.0825801199554657,True,582738900.0,18.87,30.88176470588235,-5.482041587901698,11.0586011342155,5.055810899540373,0.0,9.401709401709352,False,49.6,False,False,False,False,False,True
439,001230,劲旅环境,N 公共环保,腾讯前复权日K回退（成交额、换手率已提供）,False,2026-08-06,19.18,18.454,17.6465,True,True,True,True,20.87,-8.097747963584098,False,60.381429947357304,0.27811795658420735,0.05716318412954467,0.4419095449093253,True,False,False,False,2026-08-03,3.0,60.17764988519872,51.24619898109099,78.04055169341417,False,False,,,False,48681.0,56746.6,0.8578663743730902,False,92807800.0,4.43,20.949841986455983,2.347918890074707,3.8420490928495137,8.690108520103138,18.055555555555447,81.94444444444456,True,20.87,False,True,False,False,True,False
440,001231,农心科技,C 制造业,腾讯前复权日K回退（成交额、换手率已提供）,False,2026-08-06,19.33,19.095999999999997,18.1815,True,True,True,True,19.5,-0.8717948717948806,False,57.71558912242633,-0.054770253154956094,-0.36621417794321165,0.6228878495765111,True,False,False,False,2026-07-27,8.0,29.185385278235838,25.044413415170826,37.46732900436586,False,False,2026-07-27,8.0,True,8433.0,14167.6,0.595231372991897,False,16164700.0,1.65,9.796787878787878,0.9399477806788514,1.6710182767623851,6.31686054505953,0.0,100.0,True,25.47,False,True,False,False,False,False
442,001233,海安集团,C 制造业,腾讯前复权日K回退（成交额、换手率已提供）,False,2026-08-06,44.0,44.446,43.195,False,True,True,False,46.33,-5.029138786963087,False,47.80878374442271,-0.4964237991715308,-1.0191423055134137,1.0454370126837658,True,False,False,False,2026-07-14,17.0,14.392998213268676,13.710508741035985,15.757977157734057,False,False,,,False,13143.0,15697.8,0.8372510797691397,False,57986700.0,3.49,16.61510028653295,-2.0044543429844075,2.6503340757238414,1.8636416251880998,0.0,26.050420168067312,False,61.6,False,False,False,False,False,False
443,001234,泰慕士,C 制造业,腾讯前复权日K回退（成交额、换手率已提供）,False,2026-08-06,20.42,20.168,19.348499999999998,True,True,True,True,20.97,-2.622794468288017,False,54.6519557737353,-0.2325912245728965,-0.5748684959308623,0.6845545427159316,True,False,False,False,2026-07-27,8.0,13.951828442453072,12.082148073745266,17.691189179868687,False,False,2026-07-23,10.0,True,14601.0,15069.2,0.968930002919863,False,29735200.0,1.6,18.5845,1.2896825396825573,1.6865079365079356,5.537896994599086,23.52941176470539,76.47058823529461,True,31.21,False,False,False,False,False,False
444,001236,弘业期货,J 金融业,腾讯前复权日K回退（成交额、换手率已提供）,False,2026-08-06,7.63,7.696,7.278499999999999,False,True,True,True,7.84,-2.678571428571428,False,56.5703675841935,0.07933088280499057,-0.00977222883099808,0.1782062232719773,True,False,False,False,,,27.91105119855759,25.498054344197755,32.737044907277266,False,False,2026-07-27,8.0,True,90419.0,115889.2,0.7802193819613907,False,69061800.0,1.19,58.03512605042017,-1.1658031088082832,2.72020725388601,4.829291749673705,28.57142857142839,33.33333333333348,False,10.15,False,False,False,False,False,False
446,001238,浙江正特,C 制造业,腾讯前复权日K回退（成交额、换手率已提供）,False,2026-08-06,25.6,25.284,24.596,True,True,True,True,27.9,-8.243727598566299,False,50.25337735987566,-0.6330063884016823,-1.0241061126171833,0.782199448431002,True,False,False,False,2026-07-30,5.0,19.872735953306158,16.253142081945086,27.1119236960283,False,False,2026-07-28,7.0,True,5299.0,5403.6,0.9806425346065585,False,13296199.999999998,0.37,35.93567567567567,1.3460015835312644,3.8004750593824257,4.0819645470808315,0.0,100.0,True,34.05,False,False,False,False,False,False
449,001255,博菲电气,C 制造业,腾讯前复权日K回退（成交额、换手率已提供）,False,2026-08-06,24.85,24.244,23.1085,True,True,True,True,25.26,-1.6231195566112435,False,54.631706262170475,-0.49580698971217885,-1.0381300384192629,1.084646097414168,True,False,False,False,2026-07-27,8.0,21.813237563191493,17.87422649867632,29.691259692221834,False,False,2026-07-23,10.0,True,10055.0,12312.0,0.8166829109811566,False,24807700.0,1.3,19.082846153846155,0.0,2.4949698189134706,7.53618798277691,19.354838709677086,80.6451612903229,True,36.03,False,False,False,False,False,False
450,001256,炜冈科技,C 制造业,腾讯前复权日K回退（成交额、换手率已提供）,False,2026-08-06,27.24,25.142,23.851,True,True,True,True,29.29,-6.998975759644932,False,62.59566051212461,-0.038305005546241944,-0.5630850747287793,1.0495601383650748,True,False,False,False,2026-08-04,2.0,41.613081805730694,31.148382057048945,62.542481303094185,False,False,,,False,45970.0,41006.2,1.1210499875628563,False,124833700.00000001,4.3,29.03109302325582,2.2522522522522515,5.518018018018013,14.209047838665043,33.33333333333349,66.6666666666665,False,33.0,False,False,False,False,False,True
452,001258,立新能源,D 水电煤气,腾讯前复权日K回退（成交额、换手率已提供）,False,2026-08-06,12.19,12.838,10.6495,False,True,True,False,15.73,-22.50476795931342,False,59.512422958090895,1.348345697909064,1.2030731774313734,0.29054504095538114,True,False,False,False,,,68.85392316774717,69.65870848791417,67.24435252741318,False,True,,,False,1479227.0,1591515.6,0.9294454920831439,False,1882717400.0,15.85,118.78343217665615,-9.903917220990389,9.90391722099039,14.465467862340953,0.0,0.0,False,15.73,False,False,False,False,False,False
453,001259,利仁科技,C 制造业,腾讯前复权日K回退（成交额、换手率已提供）,False,2026-08-06,46.65,44.504000000000005,47.143,True,False,False,True,63.77,-26.846479535831904,False,42.922155863633904,-4.367832851636038,-5.110583354346101,1.4855010054201259,True,False,False,False,2026-08-04,2.0,25.639639341240812,23.9766583237826,28.965601376157238,False,False,,,False,9867.0,16012.8,0.6161945443645084,False,45576200.0,2.08,21.911634615384617,1.8781393317318207,3.6252456868311786,-1.0457544068048323,12.650602409638632,87.34939759036136,True,89.88,False,False,False,False,True,False
454,001260,坤泰股份,C 制造业,腾讯前复权日K回退（成交额、换手率已提供）,False,2026-08-06,16.75,16.36,15.5935,True,True,True,True,17.08,-1.9320843091334798,False,57.80824083772988,-0.10532812224276533,-0.4007174249086836,0.5907786053318366,True,False,False,False,2026-07-27,8.0,29.492341688845936,24.758312305568385,38.960400455401036,False,False,,,False,12185.0,11604.2,1.050050843660054,False,20212300.0,1.06,19.06820754716981,1.9476567255021227,3.4083992696287204,7.416551768365019,23.21428571428559,76.78571428571442,True,22.26,False,True,False,False,False,False
455,001266,宏英智能,C 制造业,腾讯前复权日K回退（成交额、换手率已提供）,False,2026-08-06,34.25,32.288,32.6505,True,True,False,True,43.0,-20.348837209302324,False,46.394338270858796,-2.7557000280848882,-3.56067116968439,1.6099422831990031,True,False,False,False,2026-08-03,3.0,21.438384230981242,17.846464382288342,28.622223928367042,False,False,2026-08-04,2.0,True,52771.0,37349.8,1.4128857450374566,False,179541100.0,9.08,19.773248898678414,1.9345238095238138,4.791666666666665,4.898853003782481,22.360248447204942,77.63975155279506,True,56.16,False,False,False,False,False,True
456,001267,汇绿生态,C 制造业,腾讯前复权日K回退（成交额、换手率已提供）,False,2026-08-06,38.81,33.025999999999996,34.427,True,True,False,True,47.07,-17.548332271085613,False,52.30101568335872,-3.560159023341811,-4.740814876406544,2.3613117061294666,True,False,False,False,2026-08-04,2.0,16.686172122159878,11.05884443499933,27.940827496480978,False,False,2026-08-04,2.0,True,742916.0,320942.8,2.314792542471743,True,2778782000.0,12.21,227.58247338247338,10.005668934240376,9.807256235827666,12.731286490254751,0.0,100.0,True,69.72,False,False,False,False,False,True
457,001268,联合精密,C 制造业,腾讯前复权日K回退（成交额、换手率已提供）,False,2026-08-06,19.5,18.674,19.2635,True,True,False,True,26.95,-27.643784786641927,False,43.62438462716529,-1.7898445360607802,-2.216844378667035,0.8539996852125098,True,False,False,False,2026-08-04,2.0,17.46895169970021,14.11985015331994,24.167154792460746,False,False,2026-08-04,2.0,True,29497.0,33296.8,0.8858809254943417,False,57375600.00000001,3.13,18.33086261980831,-0.6116207951070374,3.9755351681957243,1.2277104368365017,46.15384615384601,53.84615384615399,False,33.59,False,True,False,False,True,False
458,001269,欧晶科技,C 制造业,腾讯前复权日K回退（成交额、换手率已提供）,False,2026-08-06,19.29,19.308,18.084,False,True,True,True,20.32,-5.068897637795281,False,49.941544635737934,-0.5275273112107008,-0.9911378917364841,0.9272211610515666,True,False,False,False,2026-07-27,8.0,23.418386537691102,20.879274529735437,28.49661055360243,False,False,,,False,21896.0,36092.8,0.6066583917013919,False,42028200.0,1.14,36.86684210526316,-0.15527950310559868,1.8633540372670776,6.668878566688783,25.0,75.0,True,31.22,False,False,False,False,True,False
459,001270,铖昌科技,C 制造业,腾讯前复权日K回退（成交额、换手率已提供）,False,2026-08-06,116.2,105.85,110.7435,True,True,False,True,180.64,-35.673162090345436,False,50.40720098018288,-8.153545427213828,-10.248466704383087,4.189842554338519,True,False,False,False,2026-08-05,1.0,21.96559736447554,15.870192357186312,34.15640737905399,False,False,2026-08-04,2.0,True,110021.0,113714.6,0.967518682737309,False,1281358100.0,5.37,238.61417132216016,1.555672085299764,6.231428072015378,4.927151480673815,37.30715287517529,62.692847124824716,False,180.64,False,False,False,False,False,False
460,001277,速达股份,C 制造业,腾讯前复权日K回退（成交额、换手率已提供）,False,2026-08-06,28.06,27.774,26.749000000000002,True,True,True,True,28.28,-0.7779349363507864,False,54.43853778330588,-0.26811354766567774,-0.6654008401888281,0.7945745850463006,True,False,False,False,2026-07-23,10.0,20.409785231823097,17.041319169226583,27.14671735701613,False,False,2026-07-27,8.0,True,10106.0,10675.2,0.9466801558752997,False,28135100.000000004,2.22,12.67346846846847,1.1535688536409516,2.487382840663294,4.901117798796203,13.043478260869588,86.95652173913041,True,37.56,False,False,False,False,False,False
461,001278,一彬科技,C 制造业,腾讯前复权日K回退（成交额、换手率已提供）,False,2026-08-06,15.35,15.028,14.374,True,True,True,True,15.6,-1.6025641025641029,False,54.73522840908018,-0.2731735101260089,-0.5807167359991204,0.6150864517462231,True,False,False,False,2026-07-27,8.0,20.39141331619408,16.973619720627784,27.22700050732667,False,False,,,False,15792.0,21524.4,0.7336789875675976,False,24029800.0,1.85,12.98908108108108,0.920447074293218,2.761341222879684,6.790037567830799,11.904761904762076,88.09523809523793,True,23.67,False,True,False,False,False,False
462,001279,强邦新材,C 制造业,腾讯前复权日K回退（成交额、换手率已提供）,False,2026-08-06,24.71,24.776,24.652,False,True,True,False,27.36,-9.685672514619878,False,45.50848431871197,-0.5945952972221313,-0.8167383814012035,0.4442861683581443,True,False,False,False,2026-07-31,4.0,16.476677664089454,14.440115167047429,20.54980265817351,False,False,2026-07-28,7.0,True,7043.0,13842.6,0.5087917009810295,False,17376400.0,1.76,9.872954545454546,-0.8426966292134908,1.8459069020866807,0.23527502839526135,2.1739130434785965,54.34782608695642,False,34.86,False,False,False,False,True,False
463,001280,中国铀业,B 采矿业,腾讯前复权日K回退（成交额、换手率已提供）,False,2026-08-06,64.77,64.1,61.154999999999994,True,True,True,True,65.58,-1.2351326623970758,False,54.030998728386834,-0.49136025231364755,-1.480311281490948,1.977902058354601,True,False,False,False,2026-07-22,11.0,26.626272191719128,22.83791168836389,34.20299319842961,False,False,,,False,99631.0,85639.4,1.1633780713082997,False,652582100.0,5.73,113.88867364746945,-1.0843005497862102,4.092852779474659,5.911209222467504,48.88059701492533,17.53731343283573,False,86.73,False,False,False,False,True,False
464,001282,三联锻造,C 制造业,腾讯前复权日K回退（成交额、换手率已提供）,False,2026-08-06,16.44,16.073999999999998,15.4455,True,True,True,True,17.66,-6.90826727066817,False,50.77240046284219,-0.5246332288090869,-0.8720302042318677,0.6947939508455616,True,False,False,False,2026-07-30,5.0,24.921303301674573,19.860972282336878,35.04196534034997,False,False,2026-07-27,8.0,True,95663.0,29693.8,3.221648963756744,True,164314600.0,6.26,26.248338658146967,-2.72189349112425,12.189349112426049,6.4387685733709,77.18446601941739,2.9126213592234085,False,23.01,False,False,False,False,True,False
465,001283,豪鹏科技,C 制造业,腾讯前复权日K回退（成交额、换手率已提供）,False,2026-08-06,41.75,42.148,42.4,False,False,False,False,47.5,-12.105263157894736,False,43.01604664031326,-1.6224414582082431,-1.9906941879710378,0.7365054595255893,True,False,False,False,2026-07-29,6.0,15.012935104847244,14.99321461733365,15.052376079874435,False,False,2026-07-23,10.0,True,28384.0,28114.6,1.00958220995497,False,118483400.0,2.75,43.08487272727273,-1.6489988221437102,3.3451118963486492,-1.533018867924525,52.1126760563381,44.36619718309872,False,63.68,False,True,False,False,False,False
466,001285,瑞立科密,C 制造业,腾讯前复权日K回退（成交额、换手率已提供）,False,2026-08-06,41.91,42.199999999999996,40.49550000000001,False,True,True,True,43.2,-2.9861111111111254,False,52.648001510614975,-0.11713595916172892,-0.6099365801501153,0.9856012419767728,True,False,False,False,2026-07-15,16.0,19.982871742839624,17.219854322298904,25.508906583921068,False,False,2026-07-27,8.0,True,10971.0,14772.8,0.7426486515758692,False,45968200.0,2.64,17.41219696969697,-1.1323425336164261,2.0759613116300906,3.4929807015594063,18.18181818181789,55.68181818181789,False,52.83,False,False,False,True,False,False
467,001286,陕西能源,D 水电煤气,腾讯前复权日K回退（成交额、换手率已提供）,False,2026-08-06,10.43,10.344,10.367999999999999,True,True,False,False,10.88,-4.136029411764715,False,48.445538496370844,-0.08887190854197513,-0.11027860212639484,0.04281338716883942,True,False,False,False,2026-07-15,16.0,18.982033406196933,19.352408783704327,18.241282651182146,False,False,,,False,274306.0,292086.4,0.939126231142566,False,284557600.0,2.03,140.17615763546797,1.3605442176870763,2.1379980563654097,0.5979938271605052,22.727272727272986,77.27272727272701,True,13.38,False,False,False,False,True,False
468,001287,中电港,F 批发零售,腾讯前复权日K回退（成交额、换手率已提供）,False,2026-08-06,22.73,21.886000000000003,23.275,True,False,False,True,32.57,-30.211851396991097,False,44.17966951882836,-1.5313787555094756,-1.6953867699970766,0.3280160289752021,True,False,False,False,2026-08-05,1.0,23.266210361800244,20.413723717063334,28.97118365127406,False,False,2026-08-04,2.0,True,232840.0,246863.8,0.943192156970767,False,526884400.0,3.06,172.18444444444444,0.1321585903083733,3.1718061674008764,-2.3415682062298524,34.72222222222228,65.27777777777773,False,32.64,False,False,False,False,False,False
469,001288,运机集团,C 制造业,腾讯前复权日K回退（成交额、换手率已提供）,False,2026-08-06,28.2,26.712,24.77,True,True,True,True,27.94,0.9305654974946241,True,63.461415034656866,0.6257967143490752,0.23721491803271333,0.7771635926327238,True,False,False,False,2026-07-21,12.0,61.76511896748792,53.591914975708754,78.11152695104626,False,False,,,False,94816.0,56512.0,1.6778029445073612,False,265291600.0,6.24,42.514679487179485,7.265119817421084,9.775580068467098,13.84739604360113,22.178988326848255,77.82101167315174,True,30.53,False,False,False,False,False,False
470,001289,龙源电力,D 水电煤气,腾讯前复权日K回退（成交额、换手率已提供）,False,2026-08-06,16.05,16.381999999999998,16.2555,False,False,True,False,16.85,-4.74777448071217,False,45.103525132777854,-0.036968095920613564,-0.06256091478325906,0.051185637725291,True,False,False,False,2026-07-15,16.0,25.68509119882886,27.150865379129588,22.75354283822741,False,True,,,False,91013.0,63865.8,1.4250663109207118,False,145917000.0,0.18,810.65,-1.7146356399264984,3.0618493570116248,-1.264187505767283,1.999999999999609,48.00000000000021,False,20.17,False,False,False,False,False,False
471,001296,长江材料,C 制造业,腾讯前复权日K回退（成交额、换手率已提供）,False,2026-08-06,18.13,17.68,17.129,True,True,True,True,19.13,-5.227391531625719,False,53.14695346139548,-0.3278878289836875,-0.6164596656031337,0.5771436732388924,True,False,False,False,2026-07-29,6.0,22.767454049059705,19.189670046277087,29.923022054624937,False,False,2026-07-27,8.0,True,17478.0,15272.8,1.144387407679011,False,31516600.0,2.27,13.88396475770925,0.7782101167315147,1.8343524180100161,5.84389047813648,3.030303030303487,96.96969696969651,True,23.3,False,False,False,False,False,False
472,001298,好上好,F 批发零售,腾讯前复权日K回退（成交额、换手率已提供）,False,2026-08-06,17.26,16.89,17.1635,True,True,False,True,22.18,-22.182146077547333,False,45.7243738164009,-0.8192498049766748,-1.044518693148232,0.4505377763431144,True,False,False,False,2026-08-03,3.0,17.682457730977006,14.327344011154901,24.392685170621217,False,False,2026-07-31,4.0,True,79931.0,92623.0,0.8629714001921769,False,137584700.0,1.96,70.19627551020409,-0.2888503755054672,2.3108030040439176,0.562239636437804,44.99999999999969,55.00000000000031,False,23.92,False,False,False,False,True,False
473,001299,美能能源,D 水电煤气,腾讯前复权日K回退（成交额、换手率已提供）,False,2026-08-06,9.97,9.82,9.6675,True,True,True,True,10.4,-4.1346153846153815,False,51.623810204678044,-0.1569457445118001,-0.2674302612943981,0.22096903356519604,True,False,False,False,2026-07-28,7.0,20.284116637120196,17.9524707769712,24.94740835741819,False,False,2026-07-27,8.0,True,23700.0,24833.6,0.9543521680304105,False,23424899.999999996,0.84,27.886785714285708,1.1156186612576224,2.1298174442190754,3.1290405999482824,4.761904761904641,95.23809523809535,True,13.83,False,False,False,False,False,False
474,001300,三柏硕,C 制造业,腾讯前复权日K回退（成交额、换手率已提供）,False,2026-08-06,10.56,10.37,10.413,True,True,False,True,11.96,-11.705685618729099,False,44.034411507702536,-0.560549756322942,-0.7780751588799084,0.4350508051139328,True,False,False,False,2026-07-27,8.0,13.043441213639527,11.079282354551259,16.971758931816066,False,False,2026-07-23,10.0,True,35810.0,32740.8,1.093742364267214,False,37731300.0,1.47,25.667551020408162,-0.6585136406397019,3.4807149576669896,1.411696917314897,2.702702702702638,56.75675675675683,False,18.72,False,False,False,False,True,False
475,001301,尚太科技,C 制造业,腾讯前复权日K回退（成交额、换手率已提供）,False,2026-08-06,52.53,53.918000000000006,52.786500000000004,False,False,True,False,57.02,-7.874430024552792,False,43.36499717109131,-1.161910163635568,-1.4982882549612269,0.6727561826513178,True,False,False,False,2026-07-23,10.0,28.574612257093932,30.66943638166859,24.384964007944617,False,False,,,False,47106.0,43339.0,1.08691940284732,False,247258600.0,1.81,136.60696132596686,-2.3061186535242695,3.3475915938255607,-0.48591969537666374,12.22222222222213,40.55555555555568,False,69.73,False,False,False,False,True,False
476,001306,夏厦精密,C 制造业,腾讯前复权日K回退（成交额、换手率已提供）,False,2026-08-06,52.59,51.218,48.908,True,True,True,True,57.48,-8.507306889352808,False,53.23409912735393,-1.322528287710952,-2.5049318774067078,2.3648071793915113,True,False,False,False,2026-07-29,6.0,25.36744605875045,20.59520614222511,34.91192589180113,False,False,,,False,6757.0,8063.8,0.8379424092859445,False,35432800.0,4.36,8.126788990825688,-0.8297190269658694,3.545163115217806,7.528420708268591,10.638297872340562,57.446808510638505,False,77.13,False,False,False,False,True,False
477,001308,康冠科技,C 制造业,腾讯前复权日K回退（成交额、换手率已提供）,False,2026-08-06,19.4,18.396,17.71,True,True,True,True,20.0,-3.000000000000007,False,59.80265346889014,-0.2901674056396111,-0.6246975973797934,0.6690603834803646,True,False,False,False,2026-07-31,4.0,29.823927723219782,20.230346898985033,49.01108937168928,False,False,2026-07-29,6.0,True,59299.0,37585.6,1.5777052913881913,False,115399800.0,1.22,94.59,1.8907563025210017,7.51050420168069,9.542631281761702,36.363636363636495,63.636363636363505,False,23.17,False,False,False,False,False,False
478,001309,德明利,C 制造业,腾讯前复权日K回退（成交额、换手率已提供）,False,2026-08-06,388.25,374.714,485.7635,True,False,False,False,878.99,-55.82998668926836,False,34.10579349493065,-94.3304593029278,-91.06470048422787,-6.5315176373998725,False,True,False,False,,,8.040900007927755,9.824131675845294,4.474436672092679,False,False,,,False,227112.0,304660.2,0.74546002398738,False,8679727800.0,13.76,630.7941715116278,0.5204018227009,7.899233637116816,-20.074274827153545,30.35070468698785,69.64929531301215,False,980.0,False,False,False,False,False,False
479,001311,多利科技,C 制造业,腾讯前复权日K回退（成交额、换手率已提供）,False,2026-08-06,16.64,16.07,15.671000000000001,True,True,True,True,18.8,-11.48936170212766,False,52.94673445541664,-0.4010651804624352,-0.6851533176588123,0.5681762743927541,True,False,False,False,2026-07-29,6.0,19.386653419852085,16.212910582499813,25.73413909455663,False,False,2026-07-27,8.0,True,48630.0,47609.8,1.0214283613877815,False,79552600.0,2.75,28.92821818181818,2.589395807644901,4.130702836004943,6.18339608193478,10.447761194029868,89.55223880597013,True,23.52,False,False,False,False,False,False
481,001313,粤海饲料,C 制造业,腾讯前复权日K回退（成交额、换手率已提供）,False,2026-08-06,7.22,7.228,7.255,False,False,False,True,8.24,-12.378640776699035,False,46.75602902188069,-0.11883832939473571,-0.14647640368668335,0.05527614858389529,True,False,False,False,2026-08-03,3.0,17.79209411080959,18.386750679931026,16.60278097256672,False,False,,,False,117499.0,119544.8,0.9828867504065422,False,84025100.0,1.68,50.01494047619048,0.0,2.4930747922437635,-0.4824259131633376,16.66666666666683,83.33333333333317,True,9.79,False,False,False,False,True,False
482,001314,亿道信息,C 制造业,腾讯前复权日K回退（成交额、换手率已提供）,False,2026-08-06,53.3,50.391999999999996,52.859500000000004,True,True,False,True,67.88,-21.479080730701234,False,50.97347427704693,-1.8188036044064546,-2.077428750805943,0.5172502927989768,True,False,True,False,,,43.49858341457138,39.287152346494686,51.921445550724755,False,False,,,False,42654.0,60660.0,0.7031651829871415,False,226495800.00000003,3.44,65.84180232558141,2.342549923195092,4.992319508448544,0.8333412158646846,26.923076923077016,73.07692307692298,True,67.88,False,False,False,False,False,False
483,001316,润贝航科,F 批发零售,腾讯前复权日K回退（成交额、换手率已提供）,False,2026-08-06,26.59,26.106,26.066000000000003,True,True,True,True,32.52,-18.2349323493235,False,42.83437926700964,-1.5958533375319846,-2.1214325770240503,1.0511584789841315,True,False,False,False,2026-07-29,6.0,14.899335873685978,12.75365215630699,19.190703308443954,False,False,,,False,21802.0,20588.2,1.0589561010676019,False,57833100.00000001,1.45,39.88489655172415,-0.37467216185838037,3.33458224053953,2.0102815928796027,35.95505617977529,60.674157303370656,False,44.77,False,True,False,False,False,False
484,001317,三羊马,G 运输仓储,腾讯前复权日K回退（成交额、换手率已提供）,False,2026-08-06,54.5,54.166,49.727500000000006,True,True,True,True,55.39,-1.606788228922189,False,61.44045469086396,2.0750112667524263,1.350662923158334,1.4486966871881846,True,False,False,False,,,66.74076325882167,62.28187961535093,75.65853054576314,False,False,,,False,58974.0,67222.8,0.8772916331958799,False,322642000.0,6.9,46.75971014492753,-0.8369723435225684,3.6572052401746684,9.597305313961074,14.925373134328233,50.24875621890542,False,61.98,False,False,False,False,False,False
485,001318,阳光乳业,C 制造业,腾讯前复权日K回退（成交额、换手率已提供）,False,2026-08-06,10.93,10.935999999999998,10.3575,False,True,True,True,11.45,-4.5414847161572025,False,57.097252079440615,0.10407784634442407,-0.03659210826200132,0.2813399092128508,True,False,False,False,2026-07-28,7.0,33.022679346332204,28.90988679835425,41.248264442288104,False,False,2026-07-28,7.0,True,32918.0,82913.0,0.3970185616248357,False,35821400.0,1.16,30.880517241379312,-0.8166969147005432,2.4500907441016295,5.527395607048031,44.44444444444488,48.148148148147854,False,13.0,False,True,False,False,True,False
486,001319,铭科精技,C 制造业,腾讯前复权日K回退（成交额、换手率已提供）,False,2026-08-06,19.34,19.062,18.8095,True,True,True,True,21.2,-8.773584905660375,False,49.25765234635436,-0.5680492291388219,-0.8461526625545814,0.556206866831519,True,False,False,False,2026-07-31,4.0,24.691384662184195,20.68220720902617,32.70973956850025,False,False,2026-07-28,7.0,True,16696.0,17002.2,0.9819905659267624,False,32238000.0,2.04,15.802941176470588,0.7816571130797145,2.3970818134444882,2.8203833169409074,32.6086956521738,67.3913043478262,False,26.3,False,False,False,False,True,False
487,001322,箭牌家居,C 制造业,腾讯前复权日K回退（成交额、换手率已提供）,False,2026-08-06,6.16,6.202,6.147,False,True,True,True,6.58,-6.382978723404255,False,49.07964320207322,-0.025553943798090728,-0.04589398025620549,0.04068007291622952,True,False,False,False,2026-07-31,4.0,25.935032475338975,24.021405070446836,29.762287285123257,False,False,,,False,28507.0,32607.6,0.8742440412664533,False,17461700.0,0.36,48.50472222222222,-0.4846526655896688,2.584814216478193,0.2114852773710737,37.49999999999972,62.50000000000028,False,7.76,False,False,False,False,True,False
488,001323,慕思股份,C 制造业,腾讯前复权日K回退（成交额、换手率已提供）,False,2026-08-06,16.95,17.302,16.459,False,True,True,False,18.04,-6.042128603104213,False,50.73346481486902,-0.003524114764246633,-0.23222904408187534,0.4574098586352574,True,False,False,False,,,23.981291162932084,21.69129149292553,28.561290502945198,False,False,2026-07-28,7.0,True,33559.0,57586.2,0.5827611476360656,False,57004000.0,1.08,52.78148148148148,-2.361751152073732,2.8225806451612816,2.98317030196245,0.0,26.53061224489784,False,23.79,False,False,False,False,False,False
489,001324,长青科技,C 制造业,腾讯前复权日K回退（成交额、换手率已提供）,False,2026-08-06,19.24,19.139999999999997,18.634,True,True,True,True,20.18,-4.658077304261651,False,55.09255165167409,0.05515176153040713,-0.057399319404022216,0.22510216186885867,True,False,False,False,2026-07-29,6.0,49.57237050801057,46.54930998675592,55.61849155051986,False,False,,,False,18530.0,17309.6,1.0705042288672182,False,35162600.0,1.34,26.240746268656718,1.7989417989418,2.539682539682542,3.2521197810453906,2.0833333333336572,97.91666666666634,True,21.44,False,False,False,False,False,False
490,001325,元创股份,C 制造业,腾讯前复权日K回退（成交额、换手率已提供）,False,2026-08-06,36.0,36.202,34.766,False,True,True,True,36.79,-2.1473226420222864,False,50.44947262861085,-0.32196567919129393,-0.8194574111914594,0.994983464000331,True,False,False,False,,,10.697703630132445,9.582292161897078,12.928526566603178,False,False,2026-07-23,10.0,True,14280.0,9245.4,1.54455188526186,False,51942900.0,7.29,7.12522633744856,-1.6393442622950838,3.7158469945355175,3.5494448599206176,53.676470588235084,20.58823529411774,False,51.44,False,False,False,False,False,False
491,001326,联域股份,C 制造业,腾讯前复权日K回退（成交额、换手率已提供）,False,2026-08-06,56.6,50.959999999999994,48.8485,True,True,True,True,56.92,-0.5621925509487005,False,58.45805894205328,-1.727369596203559,-3.3224402876476176,3.1901413828881173,True,False,False,False,2026-08-03,3.0,31.070435682081598,21.536916578514663,50.13747388921547,False,False,2026-08-03,3.0,True,13830.0,16634.0,0.8314296020199591,False,76648100.0,5.76,13.306961805555556,3.5113386978785632,5.669348939283105,15.868450413011658,0.0,100.0,True,75.5,False,False,False,False,False,True
492,001328,登康口腔,C 制造业,腾讯前复权日K回退（成交额、换手率已提供）,False,2026-08-06,29.78,30.57,29.302999999999997,False,True,True,False,33.06,-9.921355111917727,False,52.41319792583498,0.7904905725070925,0.7551735645007757,0.07063401601263375,True,False,False,False,,,56.64282792340993,58.96709022444492,51.99430332133997,False,False,,,False,20996.0,27443.0,0.7650767044419342,False,62362200.0,1.3,47.97092307692307,-1.9749835418038098,2.6662277814351505,1.627819677166174,20.98765432098746,48.148148148148294,False,33.06,False,False,False,False,True,False
494,001331,胜通能源,D 水电煤气,腾讯前复权日K回退（成交额、换手率已提供）,False,2026-08-06,52.49,46.302,47.025,True,True,False,True,65.45,-19.801375095492745,False,58.359106818586035,-0.5671775502166554,-1.0181967703842467,0.9020384403351827,True,False,True,False,,,48.402561289601856,40.81782265551815,63.57203855776926,False,False,,,False,109025.0,120462.8,0.9050511859262776,False,565090900.0,3.81,148.3178215223097,4.561752988047796,8.167330677290838,11.621477937267418,27.07317073170729,72.9268292682927,True,68.0,False,False,False,False,False,True
495,001332,锡装股份,C 制造业,腾讯前复权日K回退（成交额、换手率已提供）,False,2026-08-06,31.14,30.808,29.772000000000002,True,True,True,True,32.71,-4.799755426475085,False,43.98408290983492,-1.6543127759994505,-2.438319418491191,1.568013284983481,True,False,False,False,2026-07-24,9.0,18.431209022667748,16.550127053568467,22.193372960866313,False,False,,,False,16569.0,20980.4,0.7897370879487521,False,51253600.0,2.47,20.750445344129552,-0.2881844380403509,2.305475504322763,4.594921402660212,12.5,87.5,True,53.88,False,False,False,True,False,False
496,001333,光华股份,C 制造业,腾讯前复权日K回退（成交额、换手率已提供）,False,2026-08-06,19.5,18.976,18.232499999999998,True,True,True,True,19.82,-1.6145307769929378,False,57.417723510299176,-0.155917581627822,-0.4889683990005046,0.6661016347453652,True,False,False,False,2026-07-28,7.0,23.151274847186514,18.359145785742616,32.73553297007431,False,False,2026-07-27,8.0,True,11002.0,14378.0,0.7651968284879678,False,21563700.0,0.86,25.07406976744186,-0.6116207951070374,3.4148827726809468,6.951871657754022,71.641791044776,25.3731343283584,False,27.44,False,True,False,False,False,False
497,001335,信凯科技,F 批发零售,腾讯前复权日K回退（成交额、换手率已提供）,False,2026-08-06,31.43,31.053999999999995,30.595000000000006,True,True,True,True,33.63,-6.541778174249189,False,41.489965609121356,-2.1750961019862665,-2.962349159235402,1.5745061144982708,True,False,False,False,2026-07-28,7.0,16.967944482089035,14.523310280219938,21.857212885827224,False,False,,,False,8551.0,7208.4,1.186254924809944,False,26769699.999999996,3.35,7.9909552238805945,-1.194592895315938,3.143665513989312,2.729204118319966,13.000000000000256,55.99999999999987,False,51.24,False,False,False,False,False,False
498,001336,楚环科技,C 制造业,腾讯前复权日K回退（成交额、换手率已提供）,False,2026-08-06,17.57,17.21,16.203,True,True,True,True,17.97,-2.2259321090706656,False,58.92027820394447,-0.07591219956615092,-0.432606952321137,0.7133895055099722,True,False,False,False,2026-07-27,8.0,32.81228783407341,27.712513551983918,43.0118363982524,False,False,,,False,12595.0,20196.0,0.6236383442265795,False,21993700.0,1.96,11.221275510204082,0.6300114547537206,2.6345933562428456,8.436709251373209,23.9130434782607,76.0869565217393,True,23.58,False,False,False,False,True,False
499,001337,四川黄金,B 采矿业,腾讯前复权日K回退（成交额、换手率已提供）,False,2026-08-06,45.01,41.396,37.8415,True,True,True,True,43.27,4.021261844233869,True,64.3945507423526,0.6381550943762946,-0.4359435348051689,2.148197258362927,True,False,False,False,2026-07-21,12.0,35.61985683766966,29.253761476709457,48.35204755959006,False,False,,,False,333041.0,178773.6,1.862920475953944,True,1507054100.0,7.93,190.04465321563683,4.021261844233859,6.70210307372313,18.943487969557214,29.999999999999925,35.86206896551723,False,59.08,False,False,False,False,True,True
500,001338,永顺泰,C 制造业,腾讯前复权日K回退（成交额、换手率已提供）,False,2026-08-06,8.77,8.813999999999998,8.581999999999999,False,True,True,True,8.95,-2.011173184357539,False,49.69415233678236,-0.08419579826041357,-0.1844145087381439,0.2004374209554607,True,False,False,False,,,12.921357130635641,11.663383798914301,15.437303794078321,False,False,2026-07-28,7.0,True,35512.0,45565.0,0.7793701305826841,False,30948400.0,0.71,43.589295774647894,-0.1138952164009055,2.050113895216398,2.1906315544162274,11.11111111111089,72.22222222222179,True,12.55,False,False,False,True,False,False
501,001339,智微智能,C 制造业,腾讯前复权日K回退（成交额、换手率已提供）,False,2026-08-06,83.54,73.02600000000001,77.85549999999999,True,True,False,True,105.39,-20.73251731663345,False,54.21231281645408,-4.039706846281462,-4.6415856644388835,1.203757636314844,True,False,True,False,,,48.37828305082191,43.341881995139204,58.451085162187326,False,False,,,False,178963.0,129053.4,1.3867360333009437,False,1453493299.9999998,11.05,131.53785520361987,8.479418257369176,9.726009609141663,7.301346725664873,1.7356475300399938,98.26435246996,True,109.67,False,False,False,False,False,True
502,001356,富岭股份,C 制造业,腾讯前复权日K回退（成交额、换手率已提供）,False,2026-08-06,8.62,8.702000000000002,8.541,False,True,True,True,9.06,-4.856512141280367,False,48.82990546406511,-0.0596903142935421,-0.12618285973640153,0.13298509088571886,True,False,False,False,,,14.430590954376306,13.153128936787752,16.985514989553415,False,False,2026-07-31,4.0,True,35405.0,51162.6,0.6920093974895725,False,30439600.0,1.67,18.22730538922156,-1.146788990825709,2.6376146788990873,0.9249502400187197,0.0,47.8260869565214,False,12.02,False,False,False,False,False,False
503,001358,兴欣新材,C 制造业,腾讯前复权日K回退（成交额、换手率已提供）,False,2026-08-06,25.54,25.16,22.972,True,True,True,True,28.35,-9.911816578483252,False,56.386395483261545,0.30308309291477187,-0.23487854628034238,1.0759232783902286,True,False,False,False,2026-07-28,7.0,51.94245373055602,46.38570741201326,63.055946367641525,False,False,2026-07-23,10.0,True,61875.0,90363.8,0.6847321604447798,False,158840600.0,12.14,13.084069192751237,-2.1830716200689437,5.63002680965147,11.178826397353289,60.54421768707492,38.09523809523804,False,30.47,False,True,False,False,False,False
504,001359,平安电工,C 制造业,腾讯前复权日K回退（成交额、换手率已提供）,False,2026-08-06,86.06,79.94000000000001,90.639,True,False,False,True,124.41,-30.82549634273772,False,47.03813754920892,-5.99051415931919,-5.476152314249901,-1.0287236901385786,False,True,False,False,,,36.54212345024266,34.83472074212116,39.95692886648567,False,False,,,False,74912.0,57007.0,1.314084235269353,False,646643900.0,12.43,52.02283990345938,-0.1276546361842823,6.962980155506557,-5.051909222299445,35.49999999999993,45.50000000000007,False,134.04,False,False,False,False,False,True
505,001360,南矿集团,C 制造业,腾讯前复权日K回退（成交额、换手率已提供）,False,2026-08-06,14.88,14.996,14.374,False,True,True,True,16.04,-7.231920199501237,False,45.5859650964239,-0.6074961616757317,-0.9482860764973192,0.681579829643175,True,False,False,False,2026-07-28,7.0,24.6686385267201,21.862806825211266,30.28030192973776,False,False,,,False,86967.0,37714.4,2.305936194132745,True,130348300.0,6.93,18.8092784992785,-3.813833225597929,7.886231415643184,3.5202448866008083,27.049180327868843,31.147540983606604,False,23.05,False,False,False,False,True,False
507,001366,播恩集团,C 制造业,腾讯前复权日K回退（成交额、换手率已提供）,False,2026-08-06,11.58,11.398,10.906,True,True,True,True,11.69,-0.9409751924721937,False,55.62095790484713,-0.12361863172070109,-0.3339835881474999,0.4207299128535976,True,False,False,False,,,18.439986087581875,15.586072167310256,24.147813928125117,False,False,2026-07-27,8.0,True,23676.0,31190.6,0.7590748494738799,False,27142000.0,1.47,18.463945578231293,1.0471204188481575,2.094240837696337,6.180084357234545,0.0,100.0,True,18.61,False,False,False,True,False,False
508,001367,海森药业,C 制造业,腾讯前复权日K回退（成交额、换手率已提供）,False,2026-08-06,18.23,18.096,18.200499999999998,True,True,False,True,20.29,-10.152784622966973,False,47.42810405055547,-0.38835558674295356,-0.5227006943392879,0.26869021519266867,True,False,False,False,2026-07-31,4.0,11.82589440701362,10.319644791883915,14.838393637273025,False,False,2026-07-29,6.0,True,12577.0,14756.0,0.8523312550826783,False,22883900.0,1.03,22.217378640776698,0.2750275027502802,2.035203520352021,0.16208345924563777,10.810810810810654,72.97297297297337,True,24.75,False,False,False,False,True,False
509,001368,通达创智,C 制造业,腾讯前复权日K回退（成交额、换手率已提供）,False,2026-08-06,21.32,20.948,20.352,True,True,True,True,22.6,-5.663716814159296,False,54.32470041657354,-0.26204200168166736,-0.5757847180845544,0.6274854328057742,True,False,False,False,2026-07-28,7.0,17.901082588880936,14.27112280858644,25.161002149469923,False,False,2026-07-28,7.0,True,10109.0,16309.6,0.6198190023053907,False,21429000.0,0.94,22.7968085106383,0.1409112259276757,2.1136683889149803,4.7562893081761,24.444444444444358,75.55555555555564,True,29.75,False,True,False,False,True,False
511,001373,翔腾新材,C 制造业,腾讯前复权日K回退（成交额、换手率已提供）,False,2026-08-06,27.09,26.606,25.552500000000002,True,True,True,True,28.57,-5.180259012950649,False,49.443663822582536,-1.0165428097782225,-1.6577699344915164,1.2824542494265878,True,False,False,False,2026-07-27,8.0,21.560578080675835,18.329049012209722,28.023636217608058,False,False,,,False,17780.0,18498.2,0.9611746007719669,False,47881500.0,4.24,11.292806603773585,0.7437709185570851,3.049460766084047,6.017023774581735,15.853658536585238,84.14634146341477,True,42.77,False,False,False,True,False,False
512,001376,百通能源,D 水电煤气,腾讯前复权日K回退（成交额、换手率已提供）,False,2026-08-06,11.27,11.347999999999999,10.440000000000001,False,True,True,True,11.5,-2.000000000000004,False,55.73179809619012,0.10360605154176916,-0.11666400296871574,0.4405401090209698,True,False,False,False,,,22.912376755190433,20.831229649754803,27.07467096606169,False,False,,,False,175030.0,224564.4,0.7794200683634628,False,198976699.99999997,8.18,24.32477995110024,-1.140350877192986,4.73684210526315,7.950191570881208,29.6296296296297,25.925925925925743,False,15.74,False,False,False,True,False,False
513,001378,德冠新材,C 制造业,腾讯前复权日K回退（成交额、换手率已提供）,False,2026-08-06,19.59,17.692,17.822499999999998,True,True,False,True,21.63,-9.431345353675447,False,59.919459562593524,-0.4042428402536231,-0.6864335552776738,0.5643814300481014,True,False,False,False,2026-08-04,2.0,37.34280089931127,25.15833810726615,61.71172648340151,False,False,2026-08-03,3.0,True,82361.0,39326.6,2.094282241536263,True,157014300.0,9.77,16.071064483111567,9.994385176866928,9.938236945536213,9.917239444522385,0.0,100.0,True,22.08,False,False,False,False,False,True
514,001379,腾达科技,C 制造业,腾讯前复权日K回退（成交额、换手率已提供）,False,2026-08-06,15.6,15.478,14.970500000000001,True,True,True,True,16.16,-3.4653465346534684,False,52.10277450955367,-0.2191465791471181,-0.4602879491984793,0.48228274010272243,True,False,False,False,,,16.5465025216568,13.652134991182082,22.335237582606236,False,False,2026-07-27,8.0,True,13278.0,18170.2,0.7307569536934101,False,20657399.999999996,1.97,10.485989847715734,-0.5736137667303964,2.676864244741873,4.204936374870568,38.09523809523814,61.90476190476186,False,22.15,False,True,False,False,True,False
515,001380,华纬科技,C 制造业,腾讯前复权日K回退（成交额、换手率已提供）,False,2026-08-06,16.41,16.466,15.868499999999997,False,True,True,True,17.0,-3.470588235294117,False,53.775693842183095,-0.0029648362800323014,-0.1644702807804507,0.3230108890008368,True,False,False,False,2026-07-29,6.0,22.79833595731847,19.54691057453414,29.30118672288713,False,False,2026-07-29,6.0,True,11561.0,15743.8,0.734320812002185,False,18894800.0,0.5,37.7896,-0.3037667071688954,2.369380315917357,3.412420833727213,25.64102564102529,61.53846153846161,False,20.3,False,False,False,False,False,False
516,001382,新亚电缆,C 制造业,腾讯前复权日K回退（成交额、换手率已提供）,False,2026-08-06,17.2,17.416000000000004,16.305500000000002,False,True,True,True,18.05,-4.709141274238235,False,52.83958892776116,0.14739362327127026,-0.11177486621905175,0.518336978980644,True,False,False,False,2026-07-15,16.0,30.198361102199183,28.465219756836337,33.66464379292487,False,False,,,False,36615.0,56185.2,0.6516840733858739,False,63089799.99999999,5.81,10.858829604130808,-1.82648401826484,2.796803652968048,5.485878997884132,10.204081632653164,24.489795918367452,False,23.76,False,False,False,False,True,False
517,001386,马可波罗,C 制造业,腾讯前复权日K回退（成交额、换手率已提供）,False,2026-08-06,15.2,15.104,14.6885,True,True,True,True,15.28,-0.5235602094240842,False,55.821277661641105,0.03888383403598894,-0.0782037711422905,0.2341752103565589,True,False,False,False,,,20.639447140495758,18.32922781926843,25.259885782950413,False,False,,,False,40192.0,38478.4,1.0445340762609672,False,60420600.00000001,3.74,16.155240641711234,1.0638297872340496,2.2606382978723394,3.482316097627395,11.764705882353217,88.23529411764677,True,19.38,False,False,False,False,True,False
518,001387,雪祺电气,C 制造业,腾讯前复权日K回退（成交额、换手率已提供）,False,2026-08-06,11.73,11.620000000000001,11.3295,True,True,True,True,12.49,-6.08486789431545,False,51.00714607062561,-0.19030990383378388,-0.3229732404262553,0.26532667318494285,True,False,False,False,2026-07-30,5.0,29.58732186606259,25.740199559023935,37.2815664801399,False,False,2026-07-28,7.0,True,24051.0,31275.8,0.768997115981046,False,27965000.0,2.06,13.575242718446601,0.8598452278589797,2.1496130696474633,3.5350191976698087,7.9999999999998295,92.00000000000017,True,14.45,False,False,False,False,False,False
519,001388,信通电子,C 制造业,腾讯前复权日K回退（成交额、换手率已提供）,False,2026-08-06,22.78,21.768,21.9905,True,True,False,True,26.75,-14.841121495327098,False,54.69224396784442,0.37064356477153737,0.29999704369021357,0.1412930421626476,True,False,False,False,2026-08-05,1.0,50.30957962957576,41.53230419104682,67.86413050663364,False,False,,,False,109387.0,87644.6,1.2480746104152451,False,249871100.0,8.74,28.589370709382152,-2.691157624946605,3.7163605296881714,3.5901866715172472,14.942528735632052,29.885057471264513,False,26.75,False,False,False,False,False,True
520,001389,广合科技,C 制造业,腾讯前复权日K回退（成交额、换手率已提供）,False,2026-08-06,160.77,151.234,163.549,True,False,False,True,206.19,-22.02822639313254,False,47.48191059440383,-9.43526608211269,-9.720725360339882,0.5709185564543837,True,False,True,False,,,36.59493973258798,35.916855029695114,37.95110913837371,True,False,,,False,84828.0,101137.6,0.8387385107022511,False,1352199700.0,5.57,242.76475763016154,0.28068862275449913,6.424650698602802,-1.6991849537447468,36.213592233009564,63.78640776699043,False,237.61,False,False,False,False,False,True
521,001390,古麒绒材,C 制造业,腾讯前复权日K回退（成交额、换手率已提供）,False,2026-08-06,17.95,17.752,17.5125,True,True,True,True,20.23,-11.270390509144839,False,50.39958254694038,-0.212277127494513,-0.3089283741600062,0.19330249333098637,True,False,False,False,2026-07-30,5.0,23.398159945594728,21.435621941158796,27.32323595446659,False,False,2026-07-28,7.0,True,16893.0,9709.2,1.739896180941787,False,30193500.0,1.42,21.26302816901409,0.9561304836895212,2.3622047244094384,2.4982155603140614,33.33333333333361,66.66666666666639,False,20.52,False,False,False,False,False,False
522,001391,国货航,G 运输仓储,腾讯前复权日K回退（成交额、换手率已提供）,False,2026-08-06,4.25,4.33,4.2844999999999995,False,False,True,False,4.47,-4.921700223713641,False,44.49370567041595,-0.014844021264553753,-0.03045587506397748,0.031223707598847454,True,False,False,False,,,23.802181174249498,24.562561811945653,22.281419898857187,False,True,,,False,263100.0,246911.8,1.0655626827069424,False,111908200.0,1.73,64.68682080924856,-1.620370370370372,2.5462962962963034,-0.8052281479752488,9.090909090909678,36.363636363636296,False,5.54,False,False,False,False,False,False
524,001395,亚联机械,C 制造业,腾讯前复权日K回退（成交额、换手率已提供）,False,2026-08-06,29.49,29.306,29.665499999999998,True,False,False,True,34.54,-14.620729588882458,False,54.28939537632452,0.5202232139778467,0.5675962458661095,-0.09474606377652561,False,True,False,False,,,55.358619141055534,52.86577208947353,60.34431324421955,False,False,,,False,20080.0,30974.0,0.6482856589397559,False,59486800.0,3.86,15.411088082901554,-1.172922252010733,2.815013404825737,-0.5915962987308475,46.4285714285715,30.95238095238072,False,34.54,False,True,False,False,False,False
527,001400,江顺科技,C 制造业,腾讯前复权日K回退（成交额、换手率已提供）,False,2026-08-06,76.49,71.28,74.074,True,True,False,True,108.97,-29.80636872533725,False,45.279091414621334,-8.28599529747784,-10.21277025227746,3.8535499095992414,True,False,False,False,2026-08-03,3.0,11.454876358201693,8.797067155985632,16.770494762633813,False,False,2026-08-03,3.0,True,32879.0,18809.2,1.7480275609807965,False,248443200.0,7.11,34.94278481012658,4.380458515283836,6.891375545851525,3.2616032616032573,24.554455445544747,75.44554455445524,True,142.57,False,True,False,False,True,False
528,001696,宗申动力,C 制造业,腾讯前复权日K回退（成交额、换手率已提供）,False,2026-08-06,15.36,15.138,15.511,True,False,False,True,19.75,-22.227848101265828,False,43.68812866686336,-0.9849031768255418,-1.173476553928081,0.37714675420507815,True,False,False,False,2026-08-04,2.0,13.154644272672295,10.988835340602966,17.486262136810954,False,False,2026-08-03,3.0,True,478563.0,592616.6,0.8075423469406696,False,737338300.0,5.37,137.3069459962756,-1.0946555054732743,3.605924018029612,-0.973502675520597,21.42857142857134,39.28571428571417,False,25.74,False,False,False,False,True,False
529,001872,招商港口,G 运输仓储,腾讯前复权日K回退（成交额、换手率已提供）,False,2026-08-06,22.05,22.09,21.5825,False,True,True,False,22.93,-3.8377671173135584,False,57.17307944482854,0.4518500163308552,0.43921757229961106,0.025264888062488278,True,False,False,False,,,73.99730557807504,72.36209900526428,77.26771872369656,False,False,,,False,19079.0,28847.2,0.6613813472364736,False,41904100.0,0.08,523.80125,0.4555808656036442,1.8223234624145883,2.166106799490333,34.99999999999995,65.00000000000004,False,23.29,False,True,False,True,False,False
530,001896,豫能控股,D 水电煤气,腾讯前复权日K回退（成交额、换手率已提供）,False,2026-08-06,13.12,12.754000000000001,13.746,True,False,False,True,16.51,-20.533010296789836,False,42.91225977108492,-0.976439000562106,-1.0345210353845422,0.11616406964487247,True,False,False,False,2026-08-05,1.0,11.264958777298657,10.556098780894834,12.682678770106303,False,False,2026-08-05,1.0,True,808419.0,961252.8,0.8410056126754585,False,1058115800.0,5.3,199.64449056603775,-2.742772424017803,3.55819125277984,-4.55405208788012,14.583333333333378,45.83333333333305,False,24.04,False,False,False,False,False,False
531,001914,招商积余,K 房地产,腾讯前复权日K回退（成交额、换手率已提供）,False,2026-08-06,8.71,8.924,8.748000000000001,False,False,True,False,9.24,-5.735930735930729,False,48.30849165252689,0.07797665325505143,0.06265846207624545,0.030636382357611958,True,False,False,False,,,36.966568393187536,39.061226259984316,32.77725265959397,False,False,,,False,76083.0,75887.8,1.002572218459357,False,66411100.0,0.72,92.2376388888889,-0.91012514220703,2.047781569965867,-0.4343850022862398,5.555555555555445,44.44444444444456,False,10.46,False,False,False,False,False,False
532,001965,招商公路,G 运输仓储,腾讯前复权日K回退（成交额、换手率已提供）,False,2026-08-06,9.52,9.806000000000001,9.756,False,False,True,False,10.34,-7.930367504835593,False,45.524291474691864,0.11961725706688142,0.16789238749865232,-0.09655026086354179,False,True,False,False,,,71.45518250508981,80.28585653273454,53.79383444980036,False,False,,,False,116251.0,200534.2,0.5797066036616197,False,110372500.0,0.17,649.2499999999999,-0.6263048016701522,1.670146137787058,-2.419024190241909,12.499999999999723,56.249999999999865,False,10.34,False,False,False,False,False,False
533,001979,招商蛇口,K 房地产,腾讯前复权日K回退（成交额、换手率已提供）,False,2026-08-06,6.99,6.938,6.8315,True,True,True,False,7.34,-4.768392370572203,False,50.93746779330712,-0.024955841963922865,-0.0699561314949566,0.09000057906206746,True,False,False,False,,,20.32668992408928,20.370467832444277,20.239134107379286,False,False,,,False,885733.0,947769.6,0.9345446403851738,False,611986700.0,1.0,611.9867,1.5988372093023395,4.651162790697678,2.3201346702773926,28.124999999999932,71.87500000000007,True,9.66,False,False,False,False,False,False
534,002001,新 和 成,C 制造业,腾讯前复权日K回退（成交额、换手率已提供）,False,2026-08-06,30.45,30.168,29.7695,True,True,True,False,32.0,-4.843750000000002,False,53.12497556066026,0.13015332077311115,0.07409314178809155,0.11212035797003919,True,False,False,False,2026-07-17,14.0,27.560112577640997,26.90150954951189,28.877318633899215,True,False,,,False,333743.0,307232.2,1.0862891324542154,False,1014776400.0,1.1,922.524,2.1812080536912637,3.489932885906037,2.2858966391776767,25.961538461538442,74.03846153846155,True,33.57,False,False,False,False,False,False
535,002003,伟星股份,C 制造业,腾讯前复权日K回退（成交额、换手率已提供）,False,2026-08-06,10.41,10.484,9.914,False,True,True,False,11.0,-5.363636363636362,False,64.14071388336828,0.42194194646579675,0.4038849877187617,0.036113917494070114,True,False,False,False,,,83.00700037191707,86.21875858882667,76.58348393809788,False,False,,,False,125399.0,170869.8,0.7338862689603429,False,129414900.0,1.23,105.21536585365854,0.0,2.6897214217099052,5.003026023804725,0.0,78.57142857142848,True,11.0,False,True,False,True,False,False
536,002004,华邦健康,C 制造业,腾讯前复权日K回退（成交额、换手率已提供）,False,2026-08-06,4.37,4.4399999999999995,4.334,False,True,True,False,4.55,-3.9560439560439495,False,52.98560309859546,0.05097298297345265,0.038413107660675856,0.02511975062555359,True,False,False,False,,,38.474748803988945,37.58090824571336,40.262429920540114,False,False,,,False,200642.0,214531.6,0.9352561580671566,False,87637800.0,1.07,81.9044859813084,-1.1312217194570096,2.262443438914019,0.8306414397785067,9.999999999999822,40.00000000000018,False,4.66,False,False,False,False,False,False
537,002005,德豪润达,C 制造业,腾讯前复权日K回退（成交额、换手率已提供）,False,2026-08-06,2.3,2.304,2.3015,False,False,True,True,2.55,-9.803921568627452,False,45.496665239392144,-0.0561071100344126,-0.07817031143538652,0.04412640280194785,True,False,False,False,2026-07-23,10.0,18.327729267952623,16.441891381004215,22.099405041849444,False,False,2026-08-03,3.0,True,185171.0,219775.2,0.8425472937801899,False,42151300.0,1.06,39.76537735849056,-1.2875536480686844,4.72103004291845,-0.06517488594395207,0.0,63.636363636363555,False,3.04,False,False,False,False,True,False
538,002006,精工科技,C 制造业,腾讯前复权日K回退（成交额、换手率已提供）,False,2026-08-06,13.84,13.723999999999998,13.476500000000001,True,True,True,True,15.09,-8.28363154406892,False,49.595041902526674,-0.2755337135873024,-0.4421174001987565,0.33316737322290824,True,False,False,False,2026-07-30,5.0,16.760466633789783,13.458124831054148,23.36515023926105,False,False,2026-07-29,6.0,True,70840.0,74039.6,0.956785287872976,False,98087900.00000001,1.36,72.12345588235296,-0.4316546762589968,2.230215827338133,2.6972878714799715,51.61290322580642,48.38709677419358,False,19.1,False,True,False,False,True,False
539,002007,华兰生物,C 制造业,腾讯前复权日K回退（成交额、换手率已提供）,False,2026-08-06,13.12,13.406,13.211500000000001,False,False,True,False,13.78,-4.789550072568942,False,49.205492465822175,0.1013168930510524,0.0903185484473977,0.021996689207309406,True,False,False,False,2026-07-29,6.0,54.45745410680547,54.97665693764028,53.41904844513586,False,True,,,False,114505.0,132129.0,0.866615201810352,False,150497500.0,0.73,206.1609589041096,-1.3533834586466287,2.5563909774436078,-0.6925784354539734,2.9411764705881738,17.647058823529044,False,14.17,False,False,False,False,False,False
540,002008,大族激光,C 制造业,腾讯前复权日K回退（成交额、换手率已提供）,False,2026-08-06,95.2,88.79400000000001,100.52000000000001,True,False,False,True,140.68,-32.32868922377026,False,42.56734112248631,-9.569854636023251,-9.714758888582637,0.28980850511877065,True,False,True,False,,,29.125006490646896,28.6741087983102,30.026801875320288,True,False,,,False,418075.0,505802.2,0.8265582870141727,False,3967989099.9999995,4.37,908.0066590389014,0.42194092827005925,7.679324894514769,-5.292479108635105,38.873626373626344,61.126373626373656,False,168.08,False,False,False,False,False,True
541,002009,天奇股份,C 制造业,腾讯前复权日K回退（成交额、换手率已提供）,False,2026-08-06,17.78,17.502000000000002,16.729,True,True,True,True,19.15,-7.154046997389021,False,50.39521005609018,-0.5441537787330439,-0.945583215869902,0.8028588742737162,True,False,False,False,2026-07-28,7.0,19.39717876523767,16.240081046011742,25.711374203689523,False,False,,,False,170230.0,196381.6,0.8668327378939779,False,304769000.0,4.81,63.361538461538466,-1.057317751808562,3.1719532554257115,6.282503437145088,10.526315789474078,36.842105263158025,False,29.91,False,True,False,False,False,False
542,002010,传化智联,L 商务服务,腾讯前复权日K回退（成交额、换手率已提供）,False,2026-08-06,4.86,4.934,4.67,False,True,True,True,5.05,-3.7623762376237524,False,55.74069593823203,0.05449742411681058,0.0003984592446565592,0.10819792974430803,True,False,False,False,,,31.511563413543048,28.23415507939906,38.06638008183103,False,False,2026-07-27,8.0,True,247225.0,246397.4,1.0033588016756672,False,121000900.0,0.9,134.44544444444443,-2.2132796780684028,3.8229376257545176,4.068522483940051,10.526315789473488,15.789473684210698,False,5.54,False,False,False,False,False,False
543,002011,盾安环境,C 制造业,腾讯前复权日K回退（成交额、换手率已提供）,False,2026-08-06,10.41,10.524,10.3065,False,True,True,False,10.74,-3.072625698324023,False,47.83902564386125,-0.039338035244476544,-0.09988121226027354,0.12108635403159398,True,False,False,False,,,17.54174543777858,17.219411566719515,18.18641317989671,False,False,2026-07-23,10.0,True,121065.0,105112.6,1.151764869292549,False,125780300.0,1.14,110.33359649122808,-1.3270142180094813,2.180094786729845,1.0042206374617997,0.0,47.82608695652178,False,13.23,False,False,False,True,False,False
544,002012,凯恩股份,C 制造业,腾讯前复权日K回退（成交额、换手率已提供）,False,2026-08-06,6.54,6.1899999999999995,5.725,True,True,True,True,6.56,-0.3048780487804813,False,59.272240009404314,-0.0483669021900166,-0.22578632942246002,0.35483885446488683,True,False,False,False,2026-07-27,8.0,27.879871072534765,21.66026930253493,40.31907461253443,False,False,,,False,166281.0,214358.0,0.7757163250263578,False,108037300.0,3.56,30.34755617977528,1.552795031055898,3.2608695652173907,14.235807860262017,19.04761904761907,80.95238095238093,True,9.65,False,False,False,False,True,False
545,002014,永新股份,C 制造业,腾讯前复权日K回退（成交额、换手率已提供）,False,2026-08-06,10.97,10.991999999999999,10.8775,False,True,True,False,11.14,-1.5260323159784552,False,53.03416641994856,0.04897879336280653,0.038368824430575724,0.021219937864461608,True,False,False,False,2026-07-30,5.0,53.50827629402068,52.071068490450045,56.38269190116196,False,False,,,False,45449.0,49143.2,0.9248278500382556,False,49936500.0,0.75,66.582,0.0,1.7319963536918823,0.8503792231670986,57.89473684210511,42.10526315789488,False,11.46,False,False,False,False,True,False
546,002015,协鑫能科,D 水电煤气,腾讯前复权日K回退（成交额、换手率已提供）,False,2026-08-06,15.75,15.742,14.681000000000001,True,True,True,True,16.89,-6.749555950266433,False,51.82058945833632,-0.2221844175050478,-0.5807101828639137,0.7170515307177319,True,False,False,False,2026-07-21,12.0,21.138291864301962,18.167974856267566,27.078925880370754,False,False,2026-07-31,4.0,True,736326.0,894725.4,0.8229631124812149,False,1159655200.0,4.54,255.43066079295156,-2.295285359801491,2.7915632754342496,7.281520332402418,24.44444444444426,46.66666666666674,False,25.53,False,False,False,False,False,False
547,002016,世荣兆业,K 房地产,腾讯前复权日K回退（成交额、换手率已提供）,False,2026-08-06,4.51,4.422,4.206,True,True,True,True,4.68,-3.6324786324786316,False,60.86707613978091,0.044889277087903245,-0.017555425585770064,0.12488940534734662,True,False,False,False,,,21.176964872202095,17.706482023559733,28.117930569486823,False,False,2026-07-28,7.0,True,137626.0,114458.8,1.2024064554232614,False,62107700.00000001,1.7,36.53394117647059,-1.0964912280701733,3.508771929824545,7.22776985259152,31.250000000000032,43.74999999999983,False,5.32,False,False,False,False,False,False
548,002017,东信和平,C 制造业,腾讯前复权日K回退（成交额、换手率已提供）,False,2026-08-06,14.5,14.006,13.160499999999999,True,True,True,True,14.25,1.7543859649122806,True,60.797365585870594,-0.12617911076584498,-0.4279633546332855,0.603568487734881,True,False,False,False,2026-07-23,10.0,22.25371755850991,17.720910502560013,31.319331670409703,False,False,2026-07-27,8.0,True,323563.0,152764.4,2.1180523734587378,True,468980899.99999994,5.58,84.04675627240142,3.571428571428581,6.8571428571428505,10.178184719425563,35.416666666666686,64.58333333333331,False,19.81,False,False,False,False,True,False
549,002019,亿帆医药,C 制造业,腾讯前复权日K回退（成交额、换手率已提供）,False,2026-08-06,10.04,10.248000000000001,10.209999999999999,False,False,True,False,11.05,-9.140271493212683,False,47.46223438117177,0.03260620275585069,0.03354043777744048,-0.001868470043179582,False,True,False,True,2026-07-30,5.0,25.137449011348252,25.19822413197055,25.015898770103654,False,True,,,False,127179.0,90718.0,1.401915827068498,False,128363000.0,1.51,85.00860927152318,-1.7612524461839696,3.0332681017612573,-1.6650342801175313,25.80645161290321,12.903225806451319,False,11.14,False,False,False,False,False,False
550,002020,京新药业,C 制造业,腾讯前复权日K回退（成交额、换手率已提供）,False,2026-08-06,13.65,13.706,14.041999999999998,False,False,False,True,15.45,-11.650485436893197,False,48.18262953007938,0.004120447996385224,0.08171958307490057,-0.1551982701570307,False,True,False,False,,,42.02314458127841,42.5498782909089,40.96967716201742,False,False,,,False,156086.0,128725.0,1.2125538939599922,False,213434199.99999997,2.16,98.81212962962961,-1.3015184381778733,2.6030368763557443,-2.7916251246261057,33.33333333333317,22.22222222222228,False,15.88,False,False,False,False,True,False
551,002021,中捷资源,C 制造业,腾讯前复权日K回退（成交额、换手率已提供）,False,2026-08-06,2.71,2.6399999999999997,2.428,True,True,True,True,2.73,-0.7326007326007333,False,63.02140279352867,0.041456510097289456,-0.011632402096571256,0.10617782438772143,True,False,False,False,2026-07-27,8.0,39.913829359352256,33.53946584577133,52.6625563865141,False,False,2026-07-23,10.0,True,383300.0,337978.4,1.134096143422183,False,103658300.0,3.21,32.29230529595016,0.0,4.797047970479701,11.614497528830315,30.76923076923082,53.84615384615377,False,3.32,False,False,False,False,False,False
552,002022,科华生物,C 制造业,腾讯前复权日K回退（成交额、换手率已提供）,False,2026-08-06,5.22,5.176,5.0475,True,True,True,True,5.39,-3.153988868274581,False,58.190263673391776,0.0460024866451727,0.0092619420419991,0.0734810892063472,True,False,False,False,,,39.08018761334349,35.920614532670754,45.399333774688955,False,False,,,False,46076.0,65684.2,0.7014776765188584,False,23884600.0,0.9,26.53844444444444,0.7722007722007707,1.9305019305019409,3.417533432392262,20.000000000000355,79.99999999999964,True,6.12,False,False,False,True,False,False
553,002023,海特高新,C 制造业,腾讯前复权日K回退（成交额、换手率已提供）,False,2026-08-06,10.42,9.916,9.4695,True,True,True,True,12.15,-14.238683127572019,False,53.519653547167536,-0.3975390858373071,-0.6540777142126577,0.5130772567507011,True,False,False,False,2026-07-31,4.0,30.375073257673037,23.875697671937285,43.37382442914454,False,False,2026-07-27,8.0,True,259091.0,219564.2,1.1800238836750252,False,270418800.0,3.5,77.26251428571429,0.871248789932233,4.74346563407551,10.037488779766617,51.02040816326529,48.97959183673471,False,14.24,False,False,False,False,True,False
554,002024,ST易购,F 批发零售,腾讯前复权日K回退（成交额、换手率已提供）,False,2026-08-06,1.24,1.224,1.1985,True,True,True,True,1.24,0.0,False,59.17614574115549,0.004342087658113281,-0.002559165987936965,0.013802507292100492,True,False,False,False,2026-07-29,6.0,29.441782569395997,25.740575113768347,36.844197480651296,False,False,2026-07-28,7.0,True,259047.0,293264.8,0.8833211486683707,False,32115600.0,0.28,114.69857142857141,1.6393442622950838,3.2786885245901667,3.4626616604088523,50.0,50.0,False,1.32,False,True,False,True,True,False
555,002025,航天电器,C 制造业,腾讯前复权日K回退（成交额、换手率已提供）,False,2026-08-06,65.51,63.614,66.701,True,False,False,True,88.71,-26.152632172246637,False,47.2138722602669,-2.5164408417908675,-2.42741476064507,-0.17805216229159537,False,True,False,False,,,22.46431109201284,20.235568151817343,26.921796972403833,False,False,,,False,180358.0,184349.4,0.9783487225887364,False,1179899300.0,3.97,297.2038539042821,-1.2362430272877978,4.809286898839145,-1.7855804260805512,43.573667711598695,56.426332288401305,False,95.75,False,True,False,False,False,False
556,002026,山东威达,C 制造业,腾讯前复权日K回退（成交额、换手率已提供）,False,2026-08-06,10.36,10.248,9.857000000000001,True,True,True,True,10.85,-4.516129032258067,False,51.86100638763508,-0.20297701004703228,-0.3777151657829373,0.34947631147181,True,False,False,False,2026-07-28,7.0,26.761936104038487,22.244270736028863,35.79726684005774,False,False,2026-07-23,10.0,True,52524.0,68470.8,0.7671007203070506,False,54149000.0,1.19,45.50336134453782,0.5825242718446422,2.0388349514563187,5.102972506847908,23.809523809524052,76.19047619047595,True,13.28,False,False,False,False,False,False
557,002027,分众传媒,L 商务服务,腾讯前复权日K回退（成交额、换手率已提供）,False,2026-08-06,5.14,5.340000000000001,5.1655,False,False,True,False,5.64,-8.865248226950355,False,48.89484111863403,0.09769199452025568,0.0928217926101768,0.009740403820157756,True,False,False,False,,,41.08474940870724,43.018680644223686,37.216886937674346,False,True,,,False,2091540.0,2357709.4,0.8871067825407152,False,1078370400.0,1.45,743.7037241379311,-2.6515151515151603,3.5984848484848557,-0.49365985867776746,15.789473684210625,21.052631578947345,False,5.9,False,False,False,False,False,False
558,002028,思源电气,C 制造业,腾讯前复权日K回退（成交额、换手率已提供）,False,2026-08-06,160.56,158.126,157.9835,True,True,True,True,170.5,-5.829912023460409,False,48.26103112430773,-3.1388067520746006,-4.288913738282076,2.3002139724149515,True,False,False,False,2026-07-22,11.0,16.150712421735502,15.693322992134652,17.0654912809372,True,False,2026-08-06,0.0,True,78133.0,107268.8,0.7283851408797338,False,1244070800.0,1.28,971.9303125,-0.2423112767940272,2.951227089158124,1.630866514541082,28.42105263157883,71.57894736842117,True,219.11,False,False,False,False,False,False
559,002029,七 匹 狼,C 制造业,腾讯前复权日K回退（成交额、换手率已提供）,False,2026-08-06,8.92,8.714000000000002,8.026,True,True,True,True,8.9,0.22471910112359073,True,62.72469727829531,0.14539400512448175,-0.024564500357545704,0.3399170109640549,True,False,False,False,2026-07-27,8.0,34.97629388038127,29.322297773874535,46.28428609339475,False,False,,,False,222369.0,218337.6,1.0184640666564073,False,196551200.0,3.34,58.84766467065868,1.710376282782211,3.9908779931584912,11.138798903563421,17.142857142857302,82.85714285714269,True,11.43,False,True,False,False,False,False
560,002030,达安基因,C 制造业,腾讯前复权日K回退（成交额、换手率已提供）,False,2026-08-06,5.57,5.534000000000001,5.3305,True,True,True,True,5.63,-1.0657193605683768,False,57.38320261801615,0.04512484929372729,-0.007618050934134563,0.1054858004557237,True,False,False,False,,,24.271719504350727,22.36658905716182,28.08198039872854,False,False,,,False,301546.0,197054.6,1.5302662307807073,False,169227000.0,2.15,78.71023255813954,0.3603603603603789,4.504504504504505,4.493011912578567,35.99999999999994,20.000000000000284,False,7.2,False,False,False,False,True,False
561,002031,巨轮智能,C 制造业,腾讯前复权日K回退（成交额、换手率已提供）,False,2026-08-06,5.3,5.208,4.936999999999999,True,True,True,True,5.63,-5.861456483126112,False,52.72278262184672,-0.11374768440157457,-0.23225089325749587,0.2370064177118426,True,False,False,False,2026-07-29,6.0,18.783322278624215,15.033341089886166,26.283284656100317,False,False,2026-07-27,8.0,True,885225.0,1064910.2,0.8312672749307877,False,471114300.0,4.63,101.7525485961123,-1.486988847583648,4.275092936802983,7.352643305651214,60.86956521739144,39.13043478260856,False,8.8,False,True,False,False,True,False
562,002032,苏 泊 尔,C 制造业,腾讯前复权日K回退（成交额、换手率已提供）,False,2026-08-06,41.33,42.236000000000004,43.251999999999995,False,False,False,False,46.85,-11.782283884738534,False,42.274777636601144,-0.23315129053742112,0.03267853713745929,-0.5316596553497608,False,True,False,False,,,37.48726425038488,43.963975255804115,24.533842239546416,False,False,,,False,22220.0,31023.6,0.7162289353911216,False,91504500.0,0.28,326.8017857142857,-0.45761078998074467,1.685934489402687,-4.443725145657998,7.14285714285678,54.28571428571397,False,47.76,False,False,False,False,False,False
563,002033,丽江股份,N 公共环保,腾讯前复权日K回退（成交额、换手率已提供）,False,2026-08-06,8.71,8.73,8.46,False,True,True,True,8.84,-1.4705882352941064,False,57.4528465019333,0.0748140656355929,0.02615186398672882,0.09732440329772815,True,False,False,False,2026-07-15,16.0,21.367122833317822,19.603434148912466,24.894500202128533,False,False,,,False,111612.0,139145.8,0.8021226655781203,False,97019500.0,2.03,47.79285714285715,-0.45714285714284486,2.057142857142874,2.9550827423167845,44.444444444444116,50.00000000000049,False,8.93,False,True,False,False,False,False
564,002034,旺能环境,D 水电煤气,腾讯前复权日K回退（成交额、换手率已提供）,False,2026-08-06,14.09,14.36,14.0725,False,True,True,False,14.64,-3.756830601092901,False,40.653860081827425,-0.3944844963788814,-0.5726339815573186,0.3562989703568744,True,False,False,False,2026-07-16,15.0,7.465796075645795,7.4379459124507585,7.521496402035867,False,False,2026-07-23,10.0,True,96484.0,78917.6,1.2225916652305695,False,135887300.0,1.88,72.28047872340426,-1.9485038274182243,3.2011134307585185,0.12435601350151056,2.173913043478219,45.65217391304337,False,23.8,False,True,False,True,False,False
565,002035,华帝股份,C 制造业,腾讯前复权日K回退（成交额、换手率已提供）,False,2026-08-06,4.82,4.868,4.7665,False,True,True,False,5.01,-3.792415169660669,False,51.908037915272786,0.02351112773117947,-1.338613444663763e-05,0.04704902773125222,True,False,False,False,,,21.120672067232498,20.696462592173447,21.9690910173506,False,False,2026-07-28,7.0,True,72390.0,93104.6,0.7775126041033418,False,34844000.0,0.93,37.46666666666667,-0.6185567010309145,2.0618556701031037,1.1224168677226591,9.999999999999734,50.00000000000044,False,5.76,False,False,False,False,False,False
566,002036,联创电子,C 制造业,腾讯前复权日K回退（成交额、换手率已提供）,False,2026-08-06,7.45,7.202,6.7795000000000005,True,True,True,True,7.95,-6.289308176100629,False,53.650327908261495,-0.10600523246504867,-0.2948164740603039,0.3776224831905105,True,False,False,False,2026-07-21,7.0,27.654201935135404,22.78746135014117,37.38768310512387,False,False,2026-07-20,8.0,True,1011465.0,701812.4,1.4412184794683023,False,761803300.0,9.58,79.52017745302715,-4.487179487179482,5.897435897435897,9.890109890109883,13.043478260869481,26.086956521739157,False,10.93,False,False,False,False,True,True
567,002037,保利联合,C 制造业,腾讯前复权日K回退（成交额、换手率已提供）,False,2026-08-06,6.99,6.808,6.245,True,True,True,True,6.92,1.0115606936416226,True,64.70591852437676,0.10932724460438603,-0.030025594617807728,0.27870567844438754,True,False,False,False,,,32.00400325922086,26.791585708894825,42.42883835987292,False,False,2026-07-27,8.0,True,171979.0,143961.6,1.1946171756912953,False,120545300.0,3.55,33.95642253521127,2.4926686217008776,6.304985337243398,11.929543634907928,60.465116279069754,39.53488372093024,False,8.74,False,True,False,False,True,False
568,002038,双鹭药业,C 制造业,腾讯前复权日K回退（成交额、换手率已提供）,False,2026-08-06,5.69,5.692,5.868,False,False,False,True,7.32,-22.267759562841526,False,48.23203403457767,-0.08576963587309994,-0.0847261930357192,-0.0020868856747614795,False,True,False,False,,,19.046466173704758,18.193905239106126,20.75158804290202,False,False,2026-08-03,3.0,True,259228.0,289702.2,0.8948085309673174,False,147319800.0,3.04,48.460460526315785,-0.6980802792321161,2.6178010471204094,-3.033401499659167,19.999999999999645,46.66666666666702,False,7.32,False,False,False,False,False,False
569,002039,黔源电力,D 水电煤气,腾讯前复权日K回退（成交额、换手率已提供）,False,2026-08-06,19.76,20.016,19.6645,False,True,True,False,20.6,-4.07766990291262,False,49.216948719002076,0.029283487664123697,-0.017335326673084957,0.09323762867441732,True,False,False,False,2026-07-17,14.0,39.29718039860128,39.581683996656984,38.728173202489856,False,True,,,False,100044.0,76094.8,1.3147284702765498,False,196413900.0,2.34,83.93756410256411,-0.8529854490717415,2.30807827395886,0.4856467237916105,0.0,67.39130434782645,False,23.29,False,True,False,False,False,False
570,002040,南 京 港,G 运输仓储,腾讯前复权日K回退（成交额、换手率已提供）,False,2026-08-06,8.12,8.16,7.922,False,True,True,True,8.29,-2.0506634499396856,False,53.96209164103617,0.03432122835481799,-0.029136590515279618,0.1269156377401952,True,False,False,False,,,24.15085921762039,23.031899417758,26.388778817345163,False,False,,,False,55582.0,53287.4,1.04306083614513,False,45018000.0,1.14,39.48947368421053,-0.7334963325183463,2.078239608801955,2.4993688462509405,0.0,52.94117647058817,False,10.88,False,True,False,False,True,False
571,002041,登海种业,A 农林牧渔,腾讯前复权日K回退（成交额、换手率已提供）,False,2026-08-06,9.14,8.873999999999999,8.538,True,True,True,True,9.01,1.4428412874583882,True,65.57868567960122,0.13064916502298018,0.05686410727536294,0.1475701154952345,True,False,False,False,,,31.940854063194298,27.61257778773339,40.59740661411612,False,False,,,False,381876.0,144439.0,2.643856576132485,True,341503900.0,4.34,78.68753456221198,4.576659038901609,7.208237986270011,7.050831576481616,20.63492063492051,79.3650793650795,True,10.15,False,False,False,False,False,False
572,002042,华孚时尚,C 制造业,腾讯前复权日K回退（成交额、换手率已提供）,False,2026-08-06,3.84,3.832,3.682,True,True,True,True,3.95,-2.784810126582286,False,55.32934102188858,0.01935465613778664,-0.02292420363898844,0.08455771955355015,True,False,False,False,,,23.964652281631928,21.60627596668635,28.68140491152308,False,False,2026-07-29,6.0,True,269553.0,294655.4,0.9148076023721268,False,103418799.99999999,1.58,65.45493670886074,-0.7751937984496138,3.1007751937984525,4.291146116241172,8.333333333333147,50.0,False,5.31,False,False,False,False,False,False
573,002043,兔 宝 宝,C 制造业,腾讯前复权日K回退（成交额、换手率已提供）,False,2026-08-06,12.65,12.998000000000001,12.3655,False,True,True,False,13.99,-9.578270192994994,False,52.52134360790132,0.316240691279857,0.26923302711380354,0.0940153283321069,True,False,False,False,,,41.87522726047194,43.152769846066555,39.3201420892827,False,True,,,False,198063.0,143214.4,1.3829824375202495,False,247057100.0,2.45,100.83963265306122,-1.3260530421216887,4.134165366614673,2.30075613602361,0.0,71.69811320754717,True,15.86,False,True,False,False,False,False
574,002044,美年健康,Q 卫生,腾讯前复权日K回退（成交额、换手率已提供）,False,2026-08-06,4.79,4.82,4.576,False,True,True,True,4.98,-3.815261044176714,False,52.03061661363513,-0.029136445959776935,-0.10510393314710584,0.1519349743746578,True,False,False,False,2026-07-17,14.0,21.67650304201695,18.339698007539482,28.35011311097189,False,False,2026-07-29,6.0,True,972961.0,1262221.8,0.7708320360177585,False,470208300.0,2.51,187.33398406374505,-2.8397565922920864,3.65111561866127,4.676573426573436,22.222222222222168,16.66666666666675,False,6.72,False,False,False,False,False,False
575,002045,国光电器,C 制造业,腾讯前复权日K回退（成交额、换手率已提供）,False,2026-08-06,8.6,8.547999999999998,7.9565,True,True,True,True,8.82,-2.4943310657596443,False,58.064367585507526,0.08624093501526353,-0.06761652375936367,0.3077149175492544,True,False,False,False,,,26.637326647940327,22.785461808198296,34.34105632742439,False,False,,,False,171985.0,321843.2,0.5343751242841235,False,148028200.0,3.06,48.37522875816994,-0.6928406466512715,3.3487297921477963,8.087727015647578,34.48275862068964,44.82758620689634,False,11.68,False,False,False,True,True,False
576,002046,国机精工,C 制造业,腾讯前复权日K回退（成交额、换手率已提供）,False,2026-08-06,46.29,43.77,49.339999999999996,True,False,False,True,68.65,-32.571012381646035,False,40.90807705475153,-4.65455765992089,-4.556524213892224,-0.1960668920573312,False,True,False,False,,,11.228036567223732,10.640123561828315,12.403862578014568,True,False,2026-08-06,0.0,True,128163.0,133663.2,0.9588503043470453,False,588828700.0,2.42,243.31764462809917,2.072767364939354,6.813671444321932,-6.181597081475472,31.3915857605178,68.6084142394822,False,76.95,False,False,False,False,False,False
577,002047,宝鹰股份,E 建筑业,腾讯前复权日K回退（成交额、换手率已提供）,False,2026-08-06,3.32,3.2439999999999998,3.3465000000000003,True,False,False,True,4.13,-19.61259079903148,False,39.33840394048865,-0.2617612517873713,-0.31680254901266663,0.11008259445059065,True,False,False,False,2026-08-03,3.0,13.166393648809475,11.361161555831453,16.77685783476552,False,False,2026-08-03,3.0,True,323956.0,288202.2,1.1240580398067745,False,106871600.0,2.14,49.94,-0.30030030030030463,5.40540540540541,-0.7918721051845333,33.33333333333333,49.99999999999988,False,5.88,False,False,False,False,False,False
578,002048,宁波华翔,C 制造业,腾讯前复权日K回退（成交额、换手率已提供）,False,2026-08-06,19.14,19.088,19.373,True,False,False,True,23.83,-19.681074276122526,False,41.14790555880407,-1.271929076467,-1.5818572052320812,0.6198562575301625,True,False,False,False,2026-07-31,4.0,11.619195188664486,9.556301630520307,15.744982304952845,False,False,2026-07-31,4.0,True,165396.0,192909.8,0.8573747938155553,False,317027400.0,2.34,135.48179487179488,-1.391035548686237,3.091190108191661,-1.2027047953337147,44.99999999999982,31.666666666666803,False,30.73,False,False,False,False,True,False
579,002049,紫光国微,C 制造业,腾讯前复权日K回退（成交额、换手率已提供）,False,2026-08-06,66.5,65.674,68.1515,True,False,False,True,90.2,-26.274944567627497,False,42.21310171187208,-3.32020649869402,-3.6812292884401416,0.7220455794922431,True,False,False,False,2026-08-05,1.0,19.243059188582595,17.71016668814191,22.30884418946397,False,False,,,False,240747.0,257473.0,0.9350378486287882,False,1597501200.0,2.86,558.5668531468532,-1.041666666666674,1.9196428571428663,-2.423277550750899,38.75968992248043,61.24031007751957,False,91.79,False,False,False,False,True,False
580,002050,三花智控,C 制造业,腾讯前复权日K回退（成交额、换手率已提供）,False,2026-08-06,38.71,38.538,38.479,True,True,True,True,44.41,-12.834947083990084,False,46.793305522829186,-1.358834301932312,-1.8243463011126022,0.9310239983605806,True,False,False,False,2026-08-03,3.0,16.62243511008014,13.172868150370698,23.521569029499023,False,False,2026-07-31,4.0,True,660557.0,771807.8,0.8558568597000444,False,2566473300.0,1.79,1433.7839664804467,-1.7761989342806261,2.359807155544278,0.6003274513370973,49.462365591397955,30.10752688172056,False,55.72,False,False,False,False,False,False
581,002051,中工国际,E 建筑业,腾讯前复权日K回退（成交额、换手率已提供）,False,2026-08-06,9.19,9.267999999999999,8.7655,False,True,True,True,9.6,-4.270833333333335,False,47.17427054447277,-0.2690048469588948,-0.4540768455175885,0.3701439971173873,True,False,False,False,2026-07-27,8.0,21.63042061465487,19.876893495724776,25.137474852515062,False,False,2026-07-27,8.0,True,383421.0,350373.4,1.0943210871601554,False,355518800.0,3.13,113.58428115015974,-3.0590717299578185,3.3755274261603407,4.842849808909932,25.0,21.87500000000007,False,13.89,False,False,False,False,True,False
582,002052,同洲电子,C 制造业,腾讯前复权日K回退（成交额、换手率已提供）,False,2026-08-06,9.75,8.986,8.4725,True,True,True,True,8.99,8.453837597330365,True,67.22115350879892,0.15233285500336358,0.004314012772508535,0.2960376844617101,True,False,False,False,,,34.22753887713873,28.12514501546057,46.43232660049504,False,False,,,False,239507.0,90955.8,2.6332240494833754,True,223434500.0,3.47,64.39034582132564,10.04514672686232,10.94808126410836,15.078194157568603,0.0,100.0,True,12.23,False,False,False,False,True,True
583,002053,云南能投,D 水电煤气,腾讯前复权日K回退（成交额、换手率已提供）,False,2026-08-06,9.56,9.686000000000002,9.4985,False,True,True,True,9.94,-3.8229376257545176,False,48.3128245365923,-0.05485528014591878,-0.12663396488475692,0.14355736947767628,True,False,False,False,,,22.238938508489337,21.078230232611684,24.56035506024464,False,False,2026-07-29,6.0,True,71789.0,75973.2,0.944925315769245,False,68792000.0,0.78,88.19487179487179,-1.848049281314168,2.5667351129363447,0.647470653261047,7.9999999999998295,28.000000000000114,False,12.86,False,False,False,False,True,False
584,002054,德美化工,C 制造业,腾讯前复权日K回退（成交额、换手率已提供）,False,2026-08-06,7.21,7.093999999999999,6.8185,True,True,True,True,7.19,0.2781641168289231,True,56.95203439023986,-0.0028707566152545994,-0.09675642824597358,0.18777134326143796,True,False,False,False,2026-07-09,20.0,24.400203670868905,19.808738568027856,33.583133876551,False,False,2026-07-28,7.0,True,107815.0,157528.2,0.6844171392804589,False,77332300.0,2.81,27.52039145907473,0.6983240223463749,2.3743016759776525,5.741732052504212,23.529411764705912,76.47058823529409,True,8.85,False,False,False,False,False,False
585,002055,ST得润,C 制造业,腾讯前复权日K回退（成交额、换手率已提供）,False,2026-08-06,5.64,5.45,5.6305,True,True,False,True,7.05,-20.000000000000004,False,47.708478737653664,-0.2290907741520991,-0.272640159211055,0.08709877011791178,True,False,False,False,2026-08-05,1.0,19.79745400420631,16.99712552842067,25.398110955777582,False,False,2026-08-04,2.0,True,105509.0,120988.4,0.8720588089436674,False,58750000.0,1.78,33.00561797752809,1.8050541516245522,2.5270758122743784,0.1687239143948151,7.142857142857596,92.8571428571424,True,8.31,False,False,False,False,True,False
586,002056,横店东磁,C 制造业,腾讯前复权日K回退（成交额、换手率已提供）,False,2026-08-06,21.68,21.042,22.490499999999997,True,False,False,True,29.9,-27.491638795986617,False,43.38404036808988,-1.4634577369596364,-1.467622769272055,0.008330064624836986,True,False,True,False,,,24.839144099085825,23.884849615330197,26.74773306659708,False,False,,,False,328368.0,353991.4,0.9276157556370013,False,713365800.0,2.02,353.1513861386139,-1.1850501367365651,3.0993618960802176,-3.6037438029390088,17.647058823529566,45.58823529411748,False,33.73,False,False,False,False,False,False
587,002057,中钢天源,C 制造业,腾讯前复权日K回退（成交额、换手率已提供）,False,2026-08-06,8.54,8.294,8.094,True,True,True,True,10.82,-21.072088724584113,False,45.531291466220786,-0.5293796554179551,-0.6928570234126753,0.32695473598944047,True,False,False,False,2026-07-31,4.0,14.514453030970401,11.589916118249041,20.36352685641312,False,False,2026-07-29,6.0,True,259816.0,253429.0,1.0252023249115136,False,221099700.0,3.45,64.08686956521738,1.3048635824436383,2.7283511269276235,5.510254509513217,34.782608695652414,65.2173913043476,False,13.45,False,False,False,False,False,False
588,002058,威尔泰,C 制造业,腾讯前复权日K回退（成交额、换手率已提供）,False,2026-08-06,16.66,16.528,16.095999999999997,True,True,True,True,19.73,-15.560060821084642,False,45.80687302418251,-0.9080149919032721,-1.3227712898966442,0.8295125959867442,True,False,False,False,2026-07-28,7.0,16.93732579847746,14.148098830488797,22.515779734454785,False,False,2026-07-31,4.0,True,52134.0,43794.8,1.1904153004466282,False,86332500.0,3.64,23.717719780219777,-1.536643026004736,4.4326241134751765,3.5039761431411764,14.666666666666591,59.99999999999991,False,28.52,False,False,False,False,False,False
589,002059,云南旅游,N 公共环保,腾讯前复权日K回退（成交额、换手率已提供）,False,2026-08-06,4.5,4.49,4.340999999999999,True,True,True,True,4.59,-1.960784313725487,False,59.563845377570715,0.03640426570455446,0.004046900209846771,0.06471473098941538,True,False,False,False,,,33.950183960844655,30.69416206857561,40.46222774538274,False,False,,,False,75873.0,96858.4,0.7833393902851998,False,34012300.0,0.77,44.17181818181818,0.0,1.999999999999997,3.662750518313769,22.22222222222178,77.77777777777821,True,4.87,False,True,False,False,False,False
590,002060,广东建工,E 建筑业,腾讯前复权日K回退（成交额、换手率已提供）,False,2026-08-06,3.37,3.38,3.2695,False,True,True,True,3.44,-2.0348837209302277,False,58.99716263214542,0.03987016751699546,0.01805300957214595,0.043634315889699016,True,False,False,False,,,38.92531877143053,35.80063793914192,45.17468043600775,False,False,,,False,194657.0,184092.0,1.057389783369185,False,65633900.0,1.25,52.50712,-0.8823529411764675,3.235294117647055,3.073864505276044,36.36363636363644,36.36363636363644,False,3.74,False,False,False,False,True,False
591,002061,浙江交科,E 建筑业,腾讯前复权日K回退（成交额、换手率已提供）,False,2026-08-06,3.55,3.622,3.5825000000000005,False,False,True,False,3.75,-5.3333333333333375,False,48.07178501394506,0.020010500976284984,0.019387169035262705,0.0012466638820445575,True,False,False,False,2026-07-29,6.0,52.79059286014913,53.033659275798925,52.30446002884955,False,True,,,False,201105.0,229548.4,0.8760897483929315,False,71291100.0,0.77,92.58584415584416,-0.8379888268156499,2.2346368715083815,-0.9071877180739883,0.0,50.0,False,3.77,False,False,False,False,False,False
592,002062,宏润建设,E 建筑业,腾讯前复权日K回退（成交额、换手率已提供）,False,2026-08-06,7.95,7.796000000000001,7.379,True,True,True,True,8.11,-1.9728729963008542,False,58.668014395220865,0.06406538420516572,-0.048970088908271814,0.22607094622687507,True,False,False,False,2026-07-15,16.0,32.643986773256096,28.525516935639256,40.88092644848977,False,False,2026-07-23,10.0,True,135637.0,130927.0,1.0359742451900678,False,108239400.0,1.21,89.45404958677686,0.0,4.654088050314466,7.738175904594128,59.459459459459374,37.83783783783798,False,9.99,False,True,False,False,True,False
593,002063,远光软件,I 信息技术,腾讯前复权日K回退（成交额、换手率已提供）,False,2026-08-06,5.71,5.702,5.4055,True,True,True,True,6.1,-6.393442622950815,False,61.099036693865465,0.09603180928955357,0.03414483883536872,0.1237739409083697,True,False,False,False,,,39.8284511723168,32.814623323981316,53.856106868987766,False,False,2026-07-28,7.0,True,494821.0,478756.4,1.0335548516949329,False,284275600.0,2.8,101.527,-1.721170395869187,3.4423407917383853,5.633151419850153,70.00000000000021,24.99999999999989,False,6.7,False,True,False,False,True,False
594,002064,华峰化学,C 制造业,腾讯前复权日K回退（成交额、换手率已提供）,False,2026-08-06,11.82,11.234,10.7155,True,True,True,True,11.68,1.1986301369863064,True,63.99486735854034,0.27961809400764714,0.18664483425982709,0.18594651949564012,True,False,False,False,2026-07-21,12.0,76.64760928043073,68.34011721926693,93.26259340275831,False,False,,,False,623555.0,600471.6,1.03844211782872,False,732616200.0,1.26,581.4414285714286,2.3376623376623273,4.588744588744583,10.307498483505201,20.754716981131992,79.24528301886801,True,12.05,True,False,False,False,False,False
595,002065,东华软件,I 信息技术,腾讯前复权日K回退（成交额、换手率已提供）,False,2026-08-06,7.45,7.464,7.0485,False,True,True,True,7.76,-3.994845360824737,False,58.67798186848388,0.08103925176304205,-0.015280216617376288,0.19263893676083668,True,False,False,False,,,37.28389693371465,30.851241687843565,50.149207425456815,False,False,2026-07-28,7.0,True,513642.0,696030.4,0.737959146611987,False,385955100.0,1.77,218.0537288135593,-1.715039577836408,3.166226912928763,5.696247428530899,41.66666666666685,16.666666666666664,False,8.7,False,False,False,False,False,False
596,002066,瑞泰科技,C 制造业,腾讯前复权日K回退（成交额、换手率已提供）,False,2026-08-06,20.82,20.324,20.152,True,True,True,True,21.3,-2.2535211267605653,False,52.03198136152661,-0.23827135310715875,-0.40477203486440877,0.33300136351450005,True,False,False,False,2026-07-22,11.0,20.741295906688194,20.798799594136238,20.626288531792106,False,False,,,False,32513.0,29086.4,1.1178076351834534,False,67342700.0,1.41,47.76078014184397,0.385728061716506,3.1822565091610424,3.314807463279075,36.36363636363612,63.63636363636388,False,28.0,False,False,False,False,True,False
597,002067,景兴纸业,C 制造业,腾讯前复权日K回退（成交额、换手率已提供）,False,2026-08-06,4.5,4.523999999999999,4.182499999999999,False,True,True,True,4.62,-2.5974025974025996,False,59.37696821042372,0.10794369505325374,0.04600307076153973,0.12388124858342803,True,False,False,False,,,42.291797877392725,38.774419968761535,49.326553694655104,False,False,,,False,556540.0,911826.6,0.6103572762628333,False,251975400.0,4.16,60.57100961538462,-1.5317286652078876,3.2822757111597447,7.591153616258239,73.33333333333337,20.000000000000117,False,5.73,False,True,False,True,False,False
598,002068,黑猫股份,C 制造业,腾讯前复权日K回退（成交额、换手率已提供）,False,2026-08-06,8.14,7.892,8.198,True,False,False,True,11.91,-31.654072208228374,False,41.320837885612974,-0.8451479214544442,-0.969493653978777,0.24869146504866557,True,False,False,False,2026-08-04,2.0,13.244819540866303,11.324603161190078,17.08525230021875,False,False,2026-08-03,3.0,True,229600.0,297649.8,0.7713762952301665,False,185266400.0,3.12,59.38025641025641,0.4938271604938427,2.469135802469138,-0.7074896316174656,9.999999999999778,90.00000000000023,True,15.99,False,False,False,False,False,False
599,002069,獐子岛,A 农林牧渔,腾讯前复权日K回退（成交额、换手率已提供）,False,2026-08-06,3.26,3.2339999999999995,3.13,True,True,True,True,3.33,-2.1021021021021107,False,58.613570071001355,0.018641230476210247,-0.011312916725469259,0.059908294403359014,True,False,False,False,,,32.66849949172383,28.397235103070557,41.21102826903038,False,False,2026-07-28,7.0,True,100172.0,101062.8,0.9911856786077567,False,32446700.0,1.41,23.011843971631208,0.9287925696594312,2.4767801857585163,4.153354632587856,12.500000000000277,87.49999999999972,True,3.79,False,False,False,False,False,False
600,002072,凯瑞德,F 批发零售,腾讯前复权日K回退（成交额、换手率已提供）,False,2026-08-06,7.37,7.122,6.894,True,True,True,True,7.83,-5.874840357598978,False,51.91047076591315,-0.20113889112487993,-0.31562278062701565,0.22896777900427145,True,False,False,False,2026-07-31,4.0,25.209189579364164,21.535312848689113,32.556943040714266,False,False,2026-07-23,10.0,True,65962.0,58533.6,1.1269083056569218,False,48080000.0,1.79,26.860335195530723,2.646239554317553,3.4818941504178276,6.904554685233536,3.9999999999999147,96.00000000000009,True,10.6,False,False,False,False,False,False
601,002073,软控股份,C 制造业,腾讯前复权日K回退（成交额、换手率已提供）,False,2026-08-06,5.65,5.7620000000000005,5.508,False,True,True,False,5.86,-3.583617747440272,False,54.412653273851355,0.08523344605329797,0.047476021653205726,0.07551484880018448,True,False,False,False,,,26.143130294263226,25.640657724422763,27.14807543394415,False,False,,,False,146987.0,191090.6,0.769200578155074,False,83163400.0,1.45,57.35406896551724,-1.3961605584642212,2.4432809773124005,2.57806826434278,21.42857142857152,35.71428571428608,False,6.56,False,False,False,False,False,False
602,002074,国轩高科,C 制造业,腾讯前复权日K回退（成交额、换手率已提供）,False,2026-08-06,27.65,28.124000000000002,27.2335,False,True,True,False,29.09,-4.95015469233414,False,48.44614533680792,-0.009162723408792317,-0.2209058148092936,0.4234861828010026,True,False,False,False,2026-07-15,16.0,22.231896840212098,22.386950672124865,21.92178917638656,False,True,,,False,301344.0,312883.4,0.9631191683547289,False,835537300.0,1.74,480.19385057471266,-2.1931376016979143,2.6529890343119913,1.5293664053463536,13.333333333333522,30.66666666666625,False,38.28,False,False,False,False,False,False
603,002075,沙钢股份,C 制造业,腾讯前复权日K回退（成交额、换手率已提供）,False,2026-08-06,4.1,4.029999999999999,3.618,True,True,True,True,4.19,-2.147971360381879,False,72.9493622758313,0.12736230187642894,0.04189866711993949,0.1709272695129789,True,False,False,False,,,47.69263529484505,38.48010936448766,66.11768715555982,False,False,,,False,419016.0,559383.0,0.7490681697513153,False,170688400.0,1.91,89.36565445026179,0.0,3.4146341463414775,13.322277501381974,7.142857142857596,64.28571428571392,False,4.56,False,False,False,True,True,False
604,002076,星光股份,C 制造业,腾讯前复权日K回退（成交额、换手率已提供）,False,2026-08-06,2.1,2.028,1.9505,True,True,True,True,2.21,-4.977375565610854,False,53.323936234251974,-0.056731278239830596,-0.10010021983874759,0.08673788319783399,True,False,False,False,2026-07-29,6.0,27.262634811801504,21.853698239720984,38.080507955962545,False,False,2026-07-28,7.0,True,432917.0,336064.0,1.2881980813178442,False,90028400.0,4.15,21.69359036144578,0.9615384615384581,4.326923076923092,7.664701358626004,22.222222222222168,77.77777777777783,True,2.83,False,False,False,False,True,False
605,002077,大港股份,C 制造业,腾讯前复权日K回退（成交额、换手率已提供）,False,2026-08-06,12.59,12.016,13.2945,True,False,False,True,20.3,-37.98029556650246,False,39.276258556355224,-1.349994573969438,-1.4609579238976784,0.22192669985648106,True,False,False,False,2026-08-05,1.0,14.062545802481798,11.531154722179393,19.125327963086608,False,False,2026-08-05,1.0,True,442386.0,381187.8,1.160546061547615,False,553409100.0,7.62,72.62586614173229,0.7200000000000095,3.679999999999992,-5.299183873030197,23.913043478260796,76.0869565217392,True,20.3,False,False,False,False,False,False
606,002078,太阳纸业,C 制造业,腾讯前复权日K回退（成交额、换手率已提供）,False,2026-08-06,13.9,14.244,14.0875,False,False,True,False,15.07,-7.76376907763769,False,50.640820495311324,0.2948535337523204,0.35537896567576477,-0.12105086384688879,False,True,False,False,,,68.16422489113462,70.11804870453415,64.25657726433559,False,True,,,False,273526.0,180555.0,1.5149178920550526,False,379117200.0,0.99,382.94666666666666,-1.4883061658398256,3.33097094259391,-1.3309671694764862,6.382978723404488,48.93617021276599,False,15.07,False,False,False,False,False,False
607,002079,苏州固锝,C 制造业,腾讯前复权日K回退（成交额、换手率已提供）,False,2026-08-06,9.57,9.244,9.7005,True,False,False,True,14.83,-35.46864463924477,False,41.57461959864013,-0.86395149135266,-1.0023101928503297,0.2767174029953394,True,False,False,False,2026-08-04,2.0,18.886824776249814,16.308431555229408,24.04361121829063,False,False,2026-08-04,2.0,True,437158.0,475140.8,0.9200599064529925,False,416326500.0,5.39,77.24053803339518,0.5252100840336116,3.361344537815129,-1.345291479820624,31.24999999999986,68.75000000000013,False,15.2,False,False,False,False,False,False
608,002080,中材科技,C 制造业,腾讯前复权日K回退（成交额、换手率已提供）,False,2026-08-06,51.52,45.636,52.91700000000001,True,False,False,True,78.08,-34.01639344262294,False,45.11176757473039,-6.718725794353546,-7.079864632155543,0.7222776756039941,True,False,True,False,,,14.225517213461009,12.406526822101158,17.86349799618071,True,False,2026-08-06,0.0,True,774664.0,556651.0,1.391651142277657,False,3905074300.0,4.62,845.2541774891774,5.552140954722384,9.0760090145462,-2.639983370183505,13.31828442437915,86.68171557562086,True,102.22,False,False,False,False,False,True
609,002081,金 螳 螂,E 建筑业,腾讯前复权日K回退（成交额、换手率已提供）,False,2026-08-06,4.0,3.896,3.7540000000000004,True,True,True,True,4.18,-4.3062200956937735,False,50.2007048696904,-0.14570931649153218,-0.24162548503412223,0.1918323370851801,True,False,False,False,2026-07-23,10.0,14.857840388178346,13.614262055549721,17.344997053435595,False,False,2026-07-29,6.0,True,1092544.0,1043088.4,1.0474126641615418,False,432772200.0,4.13,104.78745762711864,0.5025125628140614,3.266331658291466,6.553010122535949,23.076923076923208,76.92307692307679,True,8.47,False,False,False,False,False,False
610,002082,ST万邦,C 制造业,腾讯前复权日K回退（成交额、换手率已提供）,False,2026-08-06,10.2,10.052000000000001,10.383,True,False,False,True,13.12,-22.25609756097561,False,43.66421592464195,-0.679141513235967,-0.861532700763652,0.3647823750553698,True,False,False,False,2026-07-29,6.0,5.486164247825275,4.809808867467201,6.838875008541422,False,False,2026-07-28,7.0,True,85949.0,141598.6,0.606990464594989,False,86964800.0,1.51,57.592582781456954,-0.5847953216374324,2.3391812865497097,-1.7624963883270717,4.166666666666574,79.16666666666639,True,20.95,False,True,False,False,False,False
611,002083,孚日股份,C 制造业,腾讯前复权日K回退（成交额、换手率已提供）,False,2026-08-06,11.68,11.352,10.5745,True,True,True,True,12.67,-7.81373322809787,False,58.18576928025535,0.37788269434667043,0.2658876597875949,0.2239900691181511,True,False,False,False,2026-07-23,10.0,51.40539004018334,48.16118510207113,57.89379991640777,False,False,,,False,731958.0,944993.8,0.7745638119530519,False,855829000.0,7.73,110.71526520051746,0.0,3.253424657534253,10.454395006856108,52.631578947368595,47.368421052631405,False,12.71,False,False,False,False,True,False
612,002084,海鸥住工,C 制造业,腾讯前复权日K回退（成交额、换手率已提供）,False,2026-08-06,3.54,3.5100000000000002,3.475,True,True,True,True,3.85,-8.051948051948052,False,53.684613043895105,-0.009106020760851763,-0.026474482066016856,0.034736922610330186,True,False,False,False,2026-08-03,3.0,46.17479240654303,41.4426946275069,55.63898796461528,False,False,,,False,155012.0,173001.0,0.8960179420928203,False,54804799.99999999,2.4,22.83533333333333,0.8547008547008517,2.5641025641025603,1.8705035971223007,44.44444444444456,55.55555555555544,False,3.93,False,False,False,False,True,False
613,002085,万丰奥威,C 制造业,腾讯前复权日K回退（成交额、换手率已提供）,False,2026-08-06,10.65,10.758,10.317,False,True,True,True,10.97,-2.9170464904284437,False,48.532874640504126,-0.1480115633083905,-0.3010696296190779,0.3061161326213748,True,False,False,False,2026-07-22,11.0,19.120812929991136,16.963818050360413,23.434802689252585,False,False,,,False,259732.0,284437.2,0.9131435691252762,False,278514700.0,1.22,228.29073770491803,-1.66204986149584,3.2317636195752506,3.2276824658330927,28.5714285714285,20.0000000000001,False,14.04,False,False,False,False,True,False
614,002086,东方海洋,A 农林牧渔,腾讯前复权日K回退（成交额、换手率已提供）,False,2026-08-06,1.87,1.86,1.7739999999999998,True,True,True,True,1.9,-1.5789473684210422,False,60.420822442909504,0.025034910207794914,0.006371395216918746,0.03732702998175234,True,False,False,False,,,44.53388413490513,38.32382795899472,56.953996486725956,False,False,2026-07-27,8.0,True,310419.0,334493.8,0.9280261696928314,False,57609700.0,1.96,29.39270408163265,0.0,2.6737967914438405,5.41149943630216,19.999999999999645,80.00000000000036,True,2.05,False,False,False,True,True,False
615,002088,鲁阳节能,C 制造业,腾讯前复权日K回退（成交额、换手率已提供）,False,2026-08-06,7.6,7.542,7.3184999999999985,True,True,True,True,7.79,-2.4390243902439073,False,52.07821404127346,-0.09120015946620175,-0.1882850992810164,0.19416987962962928,True,False,False,False,2026-07-29,6.0,19.0132656499649,15.69215357171276,25.65548980646918,False,False,2026-07-29,6.0,True,24034.0,33215.6,0.7235756692638399,False,18217100.0,0.48,37.95229166666667,0.26385224274405594,1.9788918205804678,3.8464166154266755,26.66666666666678,73.33333333333321,True,9.65,False,True,False,False,True,False
616,002090,金智科技,C 制造业,腾讯前复权日K回退（成交额、换手率已提供）,False,2026-08-06,9.43,9.564,9.0125,False,True,True,False,9.93,-5.0352467270896275,False,54.088815804839186,0.07503496881888694,-0.04646074290733418,0.24299142345244223,True,False,False,False,2026-07-27,8.0,37.585717017870515,34.55300967383783,43.651131705935896,False,False,2026-07-23,10.0,True,81068.0,113162.4,0.7163863615476519,False,76240600.0,2.04,37.372843137254904,-1.1530398322851076,3.144654088050322,4.632454923717065,13.333333333333611,56.66666666666651,False,11.7,False,False,False,True,False,False
617,002091,江苏国泰,F 批发零售,腾讯前复权日K回退（成交额、换手率已提供）,False,2026-08-06,7.7,7.859999999999999,7.593500000000001,False,True,True,False,8.05,-4.347826086956528,False,51.179953102362504,0.0630530414888506,0.02165295406397874,0.08280017484974372,True,False,False,False,,,27.81305329895794,27.87612521850266,27.686909459868495,False,True,,,False,93362.0,120526.4,0.7746186727555125,False,72040200.0,0.58,124.20724137931036,-1.2820512820512775,2.179487179487179,1.4025153091459746,23.529411764705912,23.529411764705912,False,9.16,False,False,False,False,False,False
618,002092,中泰化学,C 制造业,腾讯前复权日K回退（成交额、换手率已提供）,False,2026-08-06,4.49,4.482,4.316000000000001,True,True,True,True,4.65,-3.440860215053766,False,56.19561693205175,0.062309937920948855,0.028940736732109618,0.06673840237767847,True,False,False,False,,,21.065142262087676,19.751536431666267,23.692353922930494,False,False,,,False,554940.0,665691.8,0.8336290157096722,False,247761600.0,2.15,115.2379534883721,1.1261261261261257,2.477477477477464,4.0315106580166695,27.272727272726833,72.72727272727316,True,5.84,False,True,False,False,True,False
619,002093,国脉科技,I 信息技术,腾讯前复权日K回退（成交额、换手率已提供）,False,2026-08-06,7.07,7.074000000000001,6.591500000000001,False,True,True,True,7.25,-2.4827586206896513,False,60.30023931034163,0.10983959843752356,0.004933477877813612,0.20981224111941987,True,False,False,False,,,27.12326243978409,23.644405197454617,34.080976924443036,False,False,,,False,153367.0,169710.6,0.903697235175646,False,108938400.0,1.52,71.67,-1.118881118881121,2.7972027972027997,7.259349161799278,49.99999999999978,30.00000000000022,False,8.54,False,False,False,False,True,False
620,002094,青岛金王,C 制造业,腾讯前复权日K回退（成交额、换手率已提供）,False,2026-08-06,4.8,4.774,4.4655,True,True,True,True,4.83,-0.6211180124223654,False,61.47248354733801,0.04329316174453979,-0.034079900434173784,0.15474612435742713,True,False,False,False,,,22.52094942819477,19.00211573063277,29.558616823318765,False,False,2026-07-27,8.0,True,177468.0,222704.8,0.7968755051530098,False,84943200.0,2.57,33.05182879377433,0.4184100418409997,3.138075313807539,7.4907625125965795,33.33333333333314,53.33333333333326,False,6.03,False,False,False,False,False,False
621,002095,生 意 宝,I 信息技术,腾讯前复权日K回退（成交额、换手率已提供）,False,2026-08-06,14.51,14.408000000000001,13.544500000000003,True,True,True,True,14.87,-2.4209818426361767,False,65.1328578093705,0.2579522661585685,0.08405814699843898,0.34778823832025896,True,False,False,False,,,41.17066393871293,34.448880838054045,54.6142301400307,False,False,2026-07-28,7.0,True,36280.0,39216.4,0.9251231627584378,False,52585000.0,1.44,36.517361111111114,0.2071823204419898,3.5911602209944724,7.128354682712517,51.923076923076884,48.076923076923116,False,16.51,False,True,False,False,True,False
622,002096,易普力,C 制造业,腾讯前复权日K回退（成交额、换手率已提供）,False,2026-08-06,9.53,9.582,9.139,False,True,True,False,9.79,-2.655771195097036,False,56.9768625592695,0.11869684719228957,0.03598071534561773,0.16543226369334368,True,False,False,False,,,29.17767650959514,26.638155886730132,34.256717755325155,False,False,,,False,64061.0,73019.2,0.8773171987641607,False,61088900.0,0.52,117.47865384615385,0.5274261603375408,2.426160337552747,4.278367436262174,52.17391304347859,47.8260869565214,False,12.19,False,False,False,False,True,False
623,002097,山河智能,C 制造业,腾讯前复权日K回退（成交额、换手率已提供）,False,2026-08-06,7.35,7.362,7.031499999999999,False,True,True,True,7.49,-1.8691588785046804,False,53.08172549365782,-0.04590686954850476,-0.152559692882584,0.2133056466681585,True,False,False,False,2026-07-10,19.0,18.80304882727935,16.58947746687277,23.230191548092513,False,False,,,False,217885.0,194392.4,1.1208514324634091,False,160696500.0,2.03,79.16083743842366,-0.27137042062416183,2.9850746268656803,4.52961672473868,50.0,36.363636363636296,False,10.2,False,True,False,False,False,False
624,002098,浔兴股份,C 制造业,腾讯前复权日K回退（成交额、换手率已提供）,False,2026-08-06,6.77,6.712000000000001,6.4925,True,True,True,True,6.86,-1.31195335276969,False,55.86937050403193,-0.0011653037743020178,-0.07233944601608301,0.142348284483562,True,False,False,False,,,18.006756021999287,15.682529030498442,22.655210005000978,False,False,2026-07-28,7.0,True,38969.0,30006.8,1.298672300945119,False,26113800.0,1.09,23.957614678899084,1.4992503748125774,2.398800599700152,4.2741624951867525,6.2500000000004166,93.74999999999959,True,8.75,False,False,False,False,False,False
625,002099,海翔药业,C 制造业,腾讯前复权日K回退（成交额、换手率已提供）,False,2026-08-06,5.27,5.426,5.2485,False,True,True,False,5.59,-5.72450805008945,False,48.22851037010428,0.0210697657946346,-0.012786253294841166,0.06771203817895152,True,False,False,False,2026-07-27,8.0,18.15910257172084,18.205107315073406,18.067093085015713,False,True,,,False,143551.0,115702.8,1.2406873472379234,False,76326700.0,0.89,85.76033707865169,-2.5878003696857776,3.3271719038816956,0.40964084976659293,16.666666666666337,11.11111111111089,False,6.35,False,False,False,False,False,False
626,002100,天康生物,C 制造业,腾讯前复权日K回退（成交额、换手率已提供）,False,2026-08-06,7.03,7.114,6.9879999999999995,False,True,True,False,7.36,-4.483695652173914,False,54.20084046467365,0.13833300975194618,0.15331000324778993,-0.029953986991687498,False,True,False,False,,,52.21382917268418,52.98381902526142,50.673849467529706,False,False,,,False,242794.0,222047.2,1.0934341887670729,False,169399400.0,1.78,95.168202247191,-0.28368794326240065,3.2624113475177365,0.6010303377218189,30.43478260869572,60.86956521739144,False,7.69,False,True,False,False,True,False
627,002101,广东鸿图,C 制造业,腾讯前复权日K回退（成交额、换手率已提供）,False,2026-08-06,8.89,9.006,8.888,False,True,True,False,9.41,-5.526036131774703,False,50.193920106652364,0.010650699206264491,-0.017818710972286,0.05693882035710098,True,False,False,False,2026-07-31,4.0,33.30894199769048,31.791329610622483,36.34416677182648,False,False,,,False,44715.0,51119.2,0.8747202616629369,False,39650400.0,0.68,58.30941176470588,-1.0022271714921982,2.449888641425397,0.022502250225030017,18.18181818181774,50.0000000000004,False,9.71,False,False,False,False,False,False
628,002102,ST能特,C 制造业,腾讯前复权日K回退（成交额、换手率已提供）,False,2026-08-06,2.25,2.2619999999999996,2.3489999999999998,False,False,False,False,2.61,-13.79310344827586,False,43.31139437402408,-0.02106654966094368,-0.008833327847642708,-0.02446644362660194,False,True,False,False,,,17.852436418930544,18.130518787694587,17.29627168140246,False,False,,,False,107187.0,109152.0,0.9819975813544415,False,24171700.0,0.5,48.3434,-0.4424778761061843,1.7699115044247606,-4.2145593869731695,50.000000000000554,24.999999999999723,False,2.7,False,True,False,False,False,False
629,002103,广博股份,C 制造业,腾讯前复权日K回退（成交额、换手率已提供）,False,2026-08-06,6.58,6.678,6.2524999999999995,False,True,True,True,7.07,-6.930693069306934,False,57.15368339962083,0.10746037642677031,0.02043306099680253,0.17405463085993556,True,False,False,False,,,32.37844787242907,29.014546882026064,39.10624985323509,False,False,2026-07-28,7.0,True,112769.0,147230.2,0.7659366081143678,False,74497100.0,2.91,25.600378006872848,-2.2288261515601815,4.457652303120354,5.237904838064784,16.666666666666618,29.99999999999997,False,8.06,False,False,False,False,True,False
630,002104,恒宝股份,C 制造业,腾讯前复权日K回退（成交额、换手率已提供）,False,2026-08-06,11.76,10.761999999999999,9.851499999999998,True,True,True,True,10.87,8.187672493100282,True,69.07439806197314,0.09715085919208555,-0.19111709749685157,0.5765359133778742,True,False,False,False,2026-07-21,12.0,24.858537231000486,18.79544444757814,36.98472279784518,False,False,2026-07-27,8.0,True,283243.0,366164.4,0.773540518958151,False,326119700.0,4.72,69.09315677966102,10.009354536950422,11.038353601496723,19.372684362787414,0.0,100.0,True,14.38,False,True,False,False,True,True
631,002105,信隆健康,C 制造业,腾讯前复权日K回退（成交额、换手率已提供）,False,2026-08-06,5.52,5.436,5.135,True,True,True,True,5.62,-1.7793594306049918,False,60.04465236661479,0.052702785472406255,-0.028144083645423573,0.16169373823565966,True,False,False,False,,,36.74505826898615,31.780106494632776,46.67496181769289,False,False,2026-07-27,8.0,True,75340.0,84526.8,0.8913149438994497,False,41283000.0,2.07,19.94347826086957,1.6574585635359185,3.3149171270718183,7.497565725413822,33.33333333333366,66.66666666666634,False,6.84,False,False,False,False,False,False
632,002106,莱宝高科,C 制造业,腾讯前复权日K回退（成交额、换手率已提供）,False,2026-08-06,10.44,10.148,10.077,True,True,True,True,12.5,-16.480000000000004,False,45.92920013204096,-0.6389241156507115,-0.8189794828688072,0.36011073443619135,True,False,False,False,2026-08-03,3.0,12.900947130237029,10.53459834300976,17.633644704691566,False,False,2026-07-30,5.0,True,245776.0,237481.0,1.0349291101182831,False,255401500.0,3.49,73.18094555873925,-0.4766444232602529,2.573879885605334,3.6022625781482542,29.6296296296297,70.3703703703703,True,18.35,False,False,False,False,True,False
633,002107,沃华医药,C 制造业,腾讯前复权日K回退（成交额、换手率已提供）,False,2026-08-06,6.08,6.112,6.176,False,False,False,True,6.96,-12.643678160919539,False,48.143633199154536,-0.04299427739078521,-0.051177138558626635,0.016365722335682856,True,False,False,False,2026-08-04,2.0,20.978524412136114,20.284888840272927,22.36579555586249,False,False,2026-08-03,3.0,True,83221.0,90509.8,0.9194694939111565,False,50513900.0,1.46,34.598561643835616,-1.1382113821138296,2.113821138211395,-1.5544041450777215,7.692307692308166,46.15384615384626,False,7.52,False,False,False,False,False,False
634,002108,沧州明珠,C 制造业,腾讯前复权日K回退（成交额、换手率已提供）,False,2026-08-06,4.34,4.3759999999999994,4.2545,False,True,True,True,4.44,-2.252252252252264,False,50.469118491901675,-0.007166193636539475,-0.04550079419856663,0.07666920112405431,True,False,False,False,2026-07-14,17.0,18.130753294475607,17.340748432601202,19.710763018224412,False,False,2026-07-27,8.0,True,246097.0,245023.2,1.0043824421524166,False,106654200.0,1.49,71.58,-1.363636363636378,2.499999999999987,2.009636855094598,9.090909090908944,54.545454545454476,False,6.31,False,False,False,False,False,False
635,002109,ST兴化,C 制造业,腾讯前复权日K回退（成交额、换手率已提供）,False,2026-08-06,2.57,2.59,2.5495,False,True,True,True,2.73,-5.860805860805867,False,48.04676035875746,-0.02076926305236082,-0.03824115597277009,0.034943785840818545,True,False,False,False,,,10.386837226904632,10.079224265382438,11.00206314994902,False,False,2026-07-28,7.0,True,60882.0,63056.0,0.9655227099720883,False,15578300.0,0.48,32.45479166666667,-0.387596899224818,2.325581395348839,0.804079231221798,16.666666666666295,66.66666666666666,False,3.13,False,True,False,False,False,False
636,002110,三钢闽光,C 制造业,腾讯前复权日K回退（成交额、换手率已提供）,False,2026-08-06,3.17,3.228,3.0585,False,True,True,False,3.31,-4.229607250755291,False,57.44296859798085,0.06130830902445572,0.038598423004364425,0.04541977204018259,True,False,False,False,,,35.409259842494585,33.095739310600244,40.03630090628327,False,False,,,False,205319.0,286287.2,0.7171784138445588,False,65102800.0,0.85,76.59152941176471,-1.2461059190031154,3.4267912772585634,3.6455778976622506,9.090909090908909,45.45454545454534,False,3.45,False,False,False,False,True,False
637,002111,威海广泰,C 制造业,腾讯前复权日K回退（成交额、换手率已提供）,False,2026-08-06,9.55,9.602,9.2895,False,True,True,True,9.77,-2.251791197543489,False,56.637046498503935,0.10886900089366591,0.053303362476904016,0.11113127683352379,True,False,False,False,,,40.703610906260764,39.222284890204726,43.66626293837284,False,False,,,False,63804.0,80778.0,0.7898685285597564,False,60853600.0,1.31,46.45312977099236,-0.6243496357960288,2.3933402705515134,2.8042413477582255,43.478260869564984,47.826086956522175,False,11.45,False,True,False,False,True,False
638,002112,三变科技,C 制造业,腾讯前复权日K回退（成交额、换手率已提供）,False,2026-08-06,16.34,16.896,15.181999999999999,False,True,True,False,17.56,-6.9476082004555755,False,53.25301785714863,0.20216715376040462,-0.171040863435932,0.7464160343926732,True,False,False,False,2026-07-24,9.0,37.67127078728947,33.77615514917588,45.46150206351666,False,False,,,False,340563.0,418818.6,0.8131515649018454,False,559505000.0,12.99,43.07197844495766,-4.556074766355145,4.614485981308406,7.627453563430386,10.126582278480807,17.721518987341863,False,23.24,False,False,False,False,True,False
639,002114,罗平锌电,C 制造业,腾讯前复权日K回退（成交额、换手率已提供）,False,2026-08-06,7.14,6.884,6.4159999999999995,True,True,True,True,7.17,-0.4184100418410076,False,59.43148652879114,-0.0306306725215153,-0.18974902828419762,0.31823671152536465,True,False,False,False,2026-07-23,10.0,28.202477802730645,23.192314961817086,38.222803484557765,False,False,,,False,117181.0,75877.2,1.5443506086149728,False,83783500.0,3.62,23.144613259668507,0.5633802816901401,3.2394366197183033,11.284289276807984,30.43478260869545,47.82608695652159,False,10.16,False,False,False,False,False,False
640,002115,三维通信,L 商务服务,腾讯前复权日K回退（成交额、换手率已提供）,False,2026-08-06,11.79,11.536000000000001,11.09,True,True,True,True,12.0,-1.750000000000007,False,57.16022915428953,0.09857676509014013,-0.04719297033979429,0.29153947085986887,True,False,False,False,2026-07-31,4.0,31.13603021016766,26.823354579890985,39.76138147072101,False,False,,,False,797742.0,877153.6,0.9094667114174758,False,946221300.0,10.69,88.51462114125351,-0.08474576271187972,3.7288135593220293,6.311992786293952,68.18181818181841,31.81818181818158,False,15.3,False,True,False,False,True,False
641,002116,中国海诚,E 建筑业,腾讯前复权日K回退（成交额、换手率已提供）,False,2026-08-06,7.07,7.108,6.955,False,True,True,True,7.24,-2.34806629834254,False,52.60870544907957,0.012710838455979534,-0.025604449645514744,0.07663057620298855,True,False,False,False,2026-07-14,17.0,24.392821110207887,22.672079266350096,27.834304797923465,False,False,2026-07-28,7.0,True,28417.0,31352.6,0.9063682118867336,False,19985200.0,0.51,39.18666666666667,-0.2820874471085921,1.9746121297602337,1.6534867002156752,14.285714285714556,71.42857142857152,True,7.93,False,False,False,True,False,False
642,002117,东港股份,C 制造业,腾讯前复权日K回退（成交额、换手率已提供）,False,2026-08-06,8.31,8.197999999999999,7.8565,True,True,True,True,8.36,-0.5980861244019012,False,57.341317554173806,-0.02497344549719216,-0.13688842972943221,0.2238299684644801,True,False,False,False,,,24.962062152031375,20.333925082076252,34.21833629194162,False,False,2026-07-28,7.0,True,89876.0,65856.6,1.3647227460877116,False,74475200.0,1.72,43.29953488372093,1.0948905109489093,2.79805352798054,5.772290460128568,34.78260869565214,65.21739130434786,False,10.44,False,True,True,False,True,False
643,002119,康强电子,C 制造业,腾讯前复权日K回退（成交额、换手率已提供）,False,2026-08-06,23.11,21.056,23.566499999999998,True,False,False,True,36.76,-37.132752992383026,False,44.86519318953731,-2.4748700348121524,-2.567884275740361,0.1860284818564173,True,False,True,False,,,11.510388628092548,9.449723435146337,15.631719013984966,True,False,2026-08-06,0.0,True,720883.0,373324.8,1.9309807438455737,True,1651936500.0,19.21,85.99357105674127,3.632286995515699,3.632286995515689,-1.9370716907474526,28.39506172839516,71.60493827160485,True,41.8,False,False,False,False,False,True
644,002120,韵达股份,G 运输仓储,腾讯前复权日K回退（成交额、换手率已提供）,False,2026-08-06,6.71,6.851999999999999,6.758,False,False,True,False,7.02,-4.415954415954411,False,48.26030985032449,0.045328081660894526,0.04427026916186814,0.002115624998052776,True,False,False,False,2026-07-29,6.0,36.05330497668621,37.06578856555225,34.02833779895414,False,True,,,False,360010.0,335987.2,1.0714991523486608,False,242016400.0,1.28,189.0753125,-1.468428781204112,2.2026431718061725,-0.7102693104468784,13.333333333333611,26.66666666666663,False,7.62,False,True,False,False,False,False
645,002121,科陆电子,C 制造业,腾讯前复权日K回退（成交额、换手率已提供）,False,2026-08-06,5.2,5.228,4.953,False,True,True,True,5.48,-5.1094890510948945,False,50.558890196121446,-0.0873107456593667,-0.2029648767212471,0.23130826212376082,True,False,False,False,2026-07-10,19.0,17.254999423464135,14.785633151897898,22.19373196659661,False,False,2026-07-23,10.0,True,234310.0,298798.0,0.784175262217284,False,122401000.0,1.66,73.7355421686747,-2.0715630885122294,3.0131826741996095,4.986876640419944,25.00000000000014,31.250000000000032,False,8.78,False,False,False,True,False,False
646,002122,ST汇洲,C 制造业,腾讯前复权日K回退（成交额、换手率已提供）,False,2026-08-06,2.51,2.434,2.3545,True,True,True,True,2.52,-0.396825396825406,False,61.295362600324104,-0.0036185676270665823,-0.03326039656816403,0.05928365788219489,True,False,False,False,2026-07-24,9.0,36.748060381009736,32.084773625711456,46.0746338916063,False,False,,,False,213605.0,126711.4,1.6857599237321979,False,53194300.0,1.07,49.71429906542056,2.4489795918367196,2.8571428571428505,6.604374601826289,14.285714285714649,85.71428571428535,True,2.93,False,False,False,False,False,False
647,002123,梦网科技,I 信息技术,腾讯前复权日K回退（成交额、换手率已提供）,False,2026-08-06,8.76,8.546,8.256499999999999,True,True,True,True,9.52,-7.983193277310923,False,58.250986324702325,0.10728163530482249,0.017482967949560467,0.17959733471052403,True,False,False,False,2026-07-31,4.0,41.31895923883167,35.13032183895827,53.69623403857847,False,False,,,False,360280.0,321121.6,1.1219425912177818,False,317062400.0,5.0,63.41248,0.8055235903337232,5.638665132336,6.098225640404539,57.142857142857196,42.857142857142804,False,10.48,False,True,False,False,True,False
648,002124,天邦食品,A 农林牧渔,腾讯前复权日K回退（成交额、换手率已提供）,False,2026-08-06,2.24,2.244,2.224,False,True,True,True,2.41,-7.05394190871369,False,49.61337406261664,-0.01597958130602084,-0.02893680769493861,0.025914452777835537,True,False,False,False,2026-07-29,6.0,16.629109764766717,15.56077917091408,18.765770952471993,False,False,2026-07-31,4.0,True,540303.0,499495.6,1.0816972161516538,False,120372800.0,2.74,43.93167883211679,-0.8849557522123686,3.097345132743356,0.7194244604316552,28.571428571428665,57.14285714285733,False,3.07,False,False,False,False,False,False
649,002125,湘潭电化,C 制造业,腾讯前复权日K回退（成交额、换手率已提供）,False,2026-08-06,12.58,12.57,12.035499999999999,True,True,True,True,12.85,-2.101167315175094,False,47.96851519326388,-0.3312242090887718,-0.5640466720076054,0.46564492583766715,True,False,False,False,2026-07-21,12.0,15.670159795428491,14.138580749623406,18.733317887038663,False,False,2026-07-29,6.0,True,210408.0,194759.4,1.0803483682944186,False,264517000.0,3.34,79.19670658682635,-1.3333333333333308,3.058823529411755,4.524116156370746,12.820512820512587,48.71794871794874,False,20.86,False,False,False,False,True,False
650,002126,银轮股份,C 制造业,腾讯前复权日K回退（成交额、换手率已提供）,False,2026-08-06,40.91,39.606,43.096999999999994,True,False,False,True,57.08,-28.328661527680453,False,43.7918381892694,-2.6535264235102503,-2.694966523176078,0.08288019933165547,True,False,True,False,,,13.225533108854401,10.357625680920963,18.96134796472128,False,False,2026-08-04,2.0,True,188220.0,217392.6,0.8658068397912349,False,767989000.0,2.37,324.04599156118144,-0.6797766448167097,4.272881767419289,-5.074599160034336,36.9318181818184,63.0681818181816,False,61.88,False,False,False,False,True,False
651,002127,南极电商,L 商务服务,腾讯前复权日K回退（成交额、换手率已提供）,False,2026-08-06,3.1,3.136,3.0265,False,True,True,True,3.33,-6.906906906906906,False,57.686458212548,0.07642934093420894,0.06818084837050298,0.016496985127411934,True,False,False,False,,,69.86256448086124,67.65175147767728,74.28419048722915,False,False,,,False,445679.0,429417.2,1.0378694658714183,False,138155600.0,2.23,61.95318385650225,-1.5873015873015817,3.492063492063488,2.428547827523546,27.272727272727128,36.36363636363644,False,3.38,False,False,False,False,False,False
652,002128,电投能源,B 采矿业,腾讯前复权日K回退（成交额、换手率已提供）,False,2026-08-06,27.79,27.042,26.29,True,True,True,True,27.89,-0.3585514521333862,False,59.54311200905969,0.38415199777728404,0.19771470089816076,0.37287459375824655,True,False,False,False,,,42.961962947316295,40.06677771235713,48.752333417234624,False,False,,,False,184646.0,124545.0,1.4825645349070617,False,508450700.0,0.82,620.0618292682927,2.508299520472157,3.2091479158981966,5.7055914796500575,18.390804597701145,81.60919540229885,True,32.32,False,False,False,False,False,False
653,002129,TCL中环,C 制造业,腾讯前复权日K回退（成交额、换手率已提供）,False,2026-08-06,8.87,8.988000000000001,9.130500000000001,False,False,False,True,11.39,-22.12467076382793,False,42.95907047536549,-0.3112570238163048,-0.34942458822088357,0.0763351288091575,True,False,False,False,2026-08-04,2.0,19.651172216242273,18.781136105712367,21.391244437302085,False,False,2026-08-03,3.0,True,1174422.0,1163600.4,1.0093000999312136,False,1046563200.0000001,2.91,359.6437113402062,-2.9540481400437746,2.516411378555784,-2.853074858989126,8.695652173912908,26.08695652173873,False,12.44,False,False,False,False,False,False
654,002130,沃尔核材,C 制造业,腾讯前复权日K回退（成交额、换手率已提供）,False,2026-08-06,17.23,17.222,16.351999999999997,True,True,True,True,18.15,-5.068870523415969,False,50.99689063858941,-0.2461712338884574,-0.5750116117393942,0.6576807557018736,True,False,False,False,2026-07-23,10.0,19.538975134448894,16.860328404589197,24.89626859416829,False,False,,,False,369648.0,536693.4,0.6887507839671588,False,639377500.0,3.22,198.5644409937888,-1.655251141552505,3.1392694063926982,5.369373776908047,43.6363636363633,30.90909090909118,False,23.81,False,False,False,False,False,False
655,002131,利欧股份,L 商务服务,腾讯前复权日K回退（成交额、换手率已提供）,False,2026-08-06,5.48,5.273999999999999,4.369,True,True,True,True,5.7,-3.8596491228070127,False,67.11925180878195,0.13552843927741343,-0.10536303704209514,0.48178295263901716,True,False,False,False,2026-07-21,12.0,33.796724449193654,25.854743854590097,49.680685638400774,False,False,,,False,10360191.0,11812340.0,0.8770650861725958,False,5684828500.0,17.7,321.1767514124294,-3.3509700176366786,5.996472663139327,25.429159990844603,41.17647058823522,44.11764705882365,False,7.56,False,False,False,False,True,False
656,002132,恒星科技,C 制造业,腾讯前复权日K回退（成交额、换手率已提供）,False,2026-08-06,4.15,3.9860000000000007,4.284999999999999,True,False,False,True,5.9,-29.66101694915254,False,42.294710547205156,-0.30559651719269443,-0.31984455055315325,0.028496066720917645,True,False,True,False,,,17.483670326142015,17.21407229554963,18.02286638732678,True,False,2026-08-06,0.0,True,583911.0,609799.8,0.9575454108053167,False,239607300.0,4.17,57.45978417266187,1.9656019656019597,2.7027027027027106,-3.150525087514561,0.0,100.0,True,6.32,False,False,False,False,False,False
657,002133,广宇集团,K 房地产,腾讯前复权日K回退（成交额、换手率已提供）,False,2026-08-06,2.63,2.5919999999999996,2.4854999999999996,True,True,True,True,2.65,-0.7547169811320762,False,58.70310864629147,0.0045815573065128845,-0.03117895613124113,0.07152102687550803,True,False,False,False,,,23.409416163684273,19.59932597913203,31.029596532788766,False,False,2026-07-28,7.0,True,134779.0,107884.0,1.2492955396537022,False,35102200.0,1.75,20.0584,0.766283524904221,3.44827586206896,5.813719573526466,22.22222222222228,77.77777777777773,True,3.3,False,False,False,False,False,False
658,002134,天津普林,C 制造业,腾讯前复权日K回退（成交额、换手率已提供）,False,2026-08-06,21.03,19.606,21.347,True,False,False,True,29.19,-27.95477903391572,False,42.77417301033843,-1.9303282374800013,-2.144681252345381,0.4287060297307592,True,False,False,False,2026-08-05,1.0,13.225929880466827,10.471135936633543,18.735517768133395,False,False,2026-08-05,1.0,True,83910.0,89595.6,0.9365415265928237,False,174711500.0,3.39,51.53731563421828,2.7859237536656867,5.2785923753665775,-1.4849861807279718,12.037037037036924,87.96296296296308,True,33.66,False,False,False,False,False,False
659,002135,东南网架,C 制造业,腾讯前复权日K回退（成交额、换手率已提供）,False,2026-08-06,6.44,6.296,5.983,True,True,True,True,6.5,-0.9230769230769171,False,55.238560564292385,-0.09441314706759751,-0.21610769705310118,0.24338909997100733,True,False,False,False,2026-07-27,8.0,21.690660092336667,18.02788157218266,29.016217132644677,False,False,2026-07-23,10.0,True,97267.0,139268.8,0.6984119917741807,False,62723600.0,0.93,67.44473118279569,0.9404388714733702,4.231974921630088,7.638308540865799,55.55555555555544,44.44444444444456,False,9.59,False,True,False,False,True,False
660,002136,安 纳 达,C 制造业,腾讯前复权日K回退（成交额、换手率已提供）,False,2026-08-06,12.23,12.178,11.7775,True,True,True,True,12.49,-2.081665332265811,False,51.06234526800821,-0.11780276956758762,-0.24266437455704054,0.24972320997890585,True,False,False,False,2026-07-24,9.0,28.92661694120652,26.712483737601854,33.35488334841586,False,False,,,False,59167.0,62969.4,0.9396151146429853,False,72312700.0,2.76,26.20025362318841,-0.5691056910569148,2.682926829268293,3.8420717469751695,30.303030303030727,51.51515151515148,False,15.77,False,False,False,False,False,False
661,002137,实益达,C 制造业,腾讯前复权日K回退（成交额、换手率已提供）,False,2026-08-06,7.88,7.640000000000001,7.8985,True,False,False,True,12.43,-36.604987932421565,False,45.05628298222296,-0.5912328478560003,-0.7117251357331351,0.24098457575426968,True,False,False,False,2026-08-04,2.0,19.424362675261055,16.007513053220404,26.25806191934236,False,False,2026-07-31,4.0,True,298528.0,364494.0,0.8190203405268673,False,233985400.0,7.53,31.0737583001328,0.0,3.04568527918782,-0.23422168766221949,33.33333333333333,66.66666666666666,False,12.57,False,False,False,False,True,False
662,002138,顺络电子,C 制造业,腾讯前复权日K回退（成交额、换手率已提供）,False,2026-08-06,48.48,46.324,44.981,True,True,True,True,60.08,-19.30758988015979,False,49.94840062444257,-2.4648067089003263,-3.48928624702104,2.0489590762414274,True,False,False,False,2026-08-04,2.0,31.079013898248192,27.37475071251932,38.48754026970594,False,False,,,False,377518.0,547118.2,0.690011774420957,False,1827010200.0,4.93,370.59030425963493,-2.2580645161290436,5.483870967741932,7.778839954647506,48.16176470588219,50.367647058823465,False,79.72,False,True,False,False,False,True
663,002139,拓邦股份,C 制造业,腾讯前复权日K回退（成交额、换手率已提供）,False,2026-08-06,10.2,10.399999999999999,9.894499999999999,False,True,True,True,10.65,-4.225352112676066,False,54.72986408679092,0.11141599906336097,0.016748456940697768,0.1893350842453264,True,False,False,False,2026-07-29,6.0,38.170064549339045,34.11177426049827,46.28664512702059,False,False,2026-07-29,6.0,True,231015.0,264457.8,0.873542016911583,False,236901000.0,2.16,109.67638888888888,-2.205177372962608,3.0680728667305703,3.0875739046945307,37.49999999999993,21.874999999999638,False,11.75,False,False,False,False,False,False
664,002140,东华科技,E 建筑业,腾讯前复权日K回退（成交额、换手率已提供）,False,2026-08-06,9.15,9.108,8.8405,True,True,True,True,9.21,-0.6514657980456079,False,53.20265494014598,-0.06543640094218972,-0.16180449662202567,0.1927361913596719,True,False,False,False,2026-07-15,16.0,12.824438212525108,10.800937139214525,16.87144035914627,False,False,2026-07-28,7.0,True,82674.0,70503.2,1.1726276254127472,False,75373300.0,1.17,64.42162393162394,0.660066006600668,3.740374037403739,3.500933205135455,50.0,50.0,False,11.27,False,False,False,False,True,False
665,002141,贤丰控股,C 制造业,腾讯前复权日K回退（成交额、换手率已提供）,False,2026-08-06,5.73,5.508,5.484,True,True,True,True,6.5,-11.84615384615384,False,54.63046826741419,0.19945807513839942,0.24378250178767719,-0.08864885329855554,False,True,False,False,,,74.54872936100723,73.79693447871131,76.05231912559907,True,False,,,False,1978042.0,2475650.0,0.7989990507543473,False,1125786900.0,19.15,58.78782767624021,1.7761989342806483,6.749555950266428,4.485776805251649,42.10526315789455,57.894736842105445,False,6.5,False,False,False,False,False,False
666,002142,宁波银行,J 金融业,腾讯前复权日K回退（成交额、换手率已提供）,False,2026-08-06,31.74,31.812,31.678999999999995,False,True,True,False,32.99,-3.7890269778720933,False,53.17375624843073,0.35514141770078567,0.40916362136968454,-0.10804440733779774,False,True,False,False,,,74.32766835514691,76.35594362884467,70.27111780775141,False,False,,,False,302600.0,406681.8,0.7440706714684552,False,957050100.0,0.46,2080.543695652174,0.28436018957345155,1.8957345971564028,0.19255658322549166,30.000000000000476,69.99999999999953,False,32.99,False,False,False,False,False,False
667,002144,宏达高科,C 制造业,腾讯前复权日K回退（成交额、换手率已提供）,False,2026-08-06,10.58,10.382,10.009,True,True,True,True,10.95,-3.3789954337899477,False,56.805942520966525,-0.05658160043722482,-0.21553030439576798,0.3178974079170863,True,False,False,False,2026-07-28,7.0,20.495299349944364,17.136122744816085,27.213652560200927,False,False,2026-07-28,7.0,True,45842.0,43279.8,1.059200828099945,False,47996700.0,3.33,14.413423423423424,1.9267822736030782,2.4084778420038533,5.70486562094115,0.0,100.0,True,13.98,False,False,False,False,False,False
668,002145,钛能化学,C 制造业,腾讯前复权日K回退（成交额、换手率已提供）,False,2026-08-06,4.53,4.630000000000001,4.48,False,True,True,False,4.74,-4.430379746835443,False,49.668120221351565,0.028120812005950846,0.009971412674995912,0.03629879866190987,True,False,False,False,2026-07-27,8.0,51.630002812365326,50.31561655580021,54.25877532549556,False,False,,,False,562801.0,463114.0,1.2152536956343363,False,255812300.0,1.48,172.84614864864864,-1.9480519480519431,2.3809523809523876,1.1160714285714244,18.18181818181855,27.27272727272742,False,5.04,False,False,False,False,False,False
669,002146,荣盛发展,K 房地产,腾讯前复权日K回退（成交额、换手率已提供）,False,2026-08-06,1.13,1.136,1.103,False,True,True,True,1.17,-3.4188034188034218,False,51.93306808911173,-0.0026846407712801668,-0.01277806488459077,0.020186848226621208,True,False,False,False,2026-07-10,19.0,27.948533447185145,25.79285426623792,32.2598918090796,False,False,2026-07-27,8.0,True,786387.0,800733.8,0.9820829344283954,False,87776500.0,2.01,43.669900497512444,0.0,2.654867256637151,2.447869446962821,0.0,100.0,True,1.37,False,True,False,True,False,False
670,002148,北纬科技,I 信息技术,腾讯前复权日K回退（成交额、换手率已提供）,False,2026-08-06,6.47,6.366,6.072,True,True,True,True,6.56,-1.371951219512193,False,56.78037090934999,0.01830533899781628,-0.06329253782799359,0.16319575365161973,True,False,False,False,2026-07-28,7.0,29.50539822824602,25.276150566772312,37.96389355119343,False,False,2026-07-28,7.0,True,189251.0,188556.0,1.0036859076348672,False,121938500.0,4.2,29.032976190476187,1.4106583072100332,2.664576802507836,6.554677206851115,29.41176470588226,70.58823529411774,True,8.19,False,True,False,False,True,False
671,002149,西部材料,C 制造业,腾讯前复权日K回退（成交额、换手率已提供）,False,2026-08-06,38.55,35.962,35.137,True,True,True,True,46.77,-17.575368826170635,False,49.302652432730106,-3.0499271694268515,-4.476188892778386,2.852523446703069,True,False,False,False,2026-07-28,7.0,15.913054715252471,12.396046007282186,22.947072131193043,False,False,2026-07-31,4.0,True,463758.0,397629.4,1.1663071191415926,False,1786229200.0000002,9.5,188.0241263157895,1.2874408828165818,4.23016290068313,9.71340751913936,47.82608695652195,52.17391304347805,False,77.1,False,False,False,False,True,False
672,002150,正泰电源,C 制造业,腾讯前复权日K回退（成交额、换手率已提供）,False,2026-08-06,21.3,20.96,21.8835,True,False,False,True,25.48,-16.40502354788069,False,40.71086992182064,-1.1786714203252089,-1.317723326021336,0.27810381139225404,True,False,False,False,2026-08-04,2.0,7.898805390866577,6.69031378590228,10.31578860079517,False,False,2026-08-04,2.0,True,51648.0,81078.2,0.6370146352533727,False,109613100.0,1.44,76.12020833333334,-0.09380863039399889,2.4390243902439006,-2.6663924874905787,28.846153846153594,71.1538461538464,True,36.2,False,False,False,False,True,False
673,002151,北斗星通,C 制造业,腾讯前复权日K回退（成交额、换手率已提供）,False,2026-08-06,29.51,29.242,28.528,True,True,True,True,33.51,-11.936735302894649,False,50.006724312938424,-0.6369974639894203,-1.0917145784548203,0.9094342289308002,True,False,False,False,2026-07-28,7.0,16.225430533106007,13.482086551028601,21.712118497260818,False,False,,,False,137444.0,144494.6,0.9512050969378786,False,406521400.0,3.1,131.13593548387095,-0.47217537942663146,2.596964586846542,3.4422321929332687,54.545454545454334,45.454545454545666,False,43.98,False,True,False,False,True,False
674,002152,广电运通,C 制造业,腾讯前复权日K回退（成交额、换手率已提供）,False,2026-08-06,10.38,10.315999999999999,10.0775,True,True,True,True,11.0,-5.636363636363629,False,56.89508938921701,0.07356661466745429,0.012162082952680913,0.12280906342954676,True,False,False,False,2026-07-31,4.0,36.93859144411424,32.18921358132483,46.437347169693055,False,False,,,False,375430.0,314965.0,1.1919737113647548,False,391032000.0,1.51,258.9615894039735,0.19305019305020377,3.957528957528959,3.0017365418010438,56.097560975609404,43.902439024390596,False,12.08,False,True,False,False,True,False
675,002153,石基信息,I 信息技术,腾讯前复权日K回退（成交额、换手率已提供）,False,2026-08-06,8.54,8.532,7.8715,True,True,True,True,8.85,-3.5028248587570676,False,63.78479461765086,0.21219466027607403,0.08906633240548265,0.24625665574118277,True,False,False,False,,,40.51238491529591,35.987735053143965,49.561684639599804,False,False,,,False,322167.0,467182.6,0.6895954601048926,False,277034900.0,2.01,137.82830845771144,-0.3500583430571913,3.500583430571749,8.492663405958192,73.33333333333381,26.666666666666195,False,10.35,False,False,False,False,True,False
676,002154,报 喜 鸟,C 制造业,腾讯前复权日K回退（成交额、换手率已提供）,False,2026-08-06,4.19,4.104,3.813,True,True,True,True,4.28,-2.1028037383177534,False,65.9379685165289,0.0820605551571858,0.021042370164401233,0.12203636998556913,True,False,False,False,2026-07-28,7.0,62.42651728987689,53.9687984645517,79.34195494052726,False,False,,,False,462933.0,426114.0,1.086406454610738,False,191201699.99999997,3.92,48.775943877551015,2.1951219512195363,4.390243902439018,9.887227904537117,11.11111111111089,88.88888888888911,True,4.53,False,False,False,False,True,False
677,002155,湖南黄金,B 采矿业,腾讯前复权日K回退（成交额、换手率已提供）,False,2026-08-06,25.15,23.746000000000002,22.7135,True,True,True,True,25.05,0.3992015968063787,True,59.481669936943,-0.026408021808936866,-0.409927958627073,0.7670398736362722,True,False,False,False,2026-07-23,10.0,31.64757541301974,25.10096205163072,44.740802135797786,False,False,,,False,988337.0,500197.8,1.9758923369914863,True,2501424900.0,6.33,395.1698104265403,1.9043760129659582,5.307941653160449,10.727100622977519,5.3435114503817065,42.74809160305338,False,29.48,False,False,False,False,True,False
678,002156,通富微电,C 制造业,腾讯前复权日K回退（成交额、换手率已提供）,False,2026-08-06,60.96,56.525999999999996,67.268,True,False,False,True,84.7,-28.028335301062572,False,45.95983267152678,-3.187838276951979,-1.690722868174817,-2.9942308175543237,False,True,False,False,,,41.557477477545596,44.09730118085967,36.47783007091745,False,False,,,False,1590682.0,1627274.2,0.9775131935355456,False,9529120200.0,10.48,909.2671946564885,5.103448275862066,11.72413793103449,-9.377415710293155,27.20588235294118,72.79411764705883,True,84.7,False,False,False,False,False,True
679,002157,正邦科技,A 农林牧渔,腾讯前复权日K回退（成交额、换手率已提供）,False,2026-08-06,2.91,2.942,2.9234999999999998,False,False,True,True,3.04,-4.2763157894736805,False,47.354046201722554,-0.010802060807846292,-0.01982179736559435,0.018039473115496113,True,False,False,False,2026-07-29,6.0,23.557909454226717,23.134718210606536,24.40429194146708,False,False,,,False,1073425.0,940204.6,1.1416929889515537,False,312767700.0,1.38,226.64326086956524,-1.6891891891891886,2.3648648648648596,-0.46177526936889435,14.285714285714013,28.571428571428665,False,3.53,False,False,False,False,False,False
680,002158,汉钟精机,C 制造业,腾讯前复权日K回退（成交额、换手率已提供）,False,2026-08-06,28.39,26.544,27.776,True,True,False,True,38.05,-25.38764783180025,False,49.88061276144461,-1.4205761886251551,-1.6463778384785093,0.4516032997067083,True,False,False,False,2026-08-05,1.0,30.112644065036577,26.565549408569296,37.20683337797114,False,False,,,False,172785.0,137284.8,1.2585879864340408,False,481180500.0,3.24,148.5125,3.878521770947696,5.561653860226856,2.210541474654381,1.3157894736841829,98.68421052631582,True,40.79,False,False,False,False,False,False
681,002159,三特索道,N 公共环保,腾讯前复权日K回退（成交额、换手率已提供）,False,2026-08-06,13.2,13.306000000000001,12.782,False,True,True,True,13.58,-2.7982326951399172,False,52.96670694395886,0.014038114164280913,-0.12080806781494505,0.2696923639584519,True,False,False,False,,,15.321805649329647,13.798703737692227,18.368009472604488,False,False,2026-07-28,7.0,True,25099.0,36910.0,0.6800054185857491,False,33042000.0,1.81,18.25524861878453,-0.5275056518462717,2.4114544084400924,3.2702237521514568,18.75000000000014,62.49999999999972,False,16.5,False,True,False,True,True,False
682,002160,常铝股份,C 制造业,腾讯前复权日K回退（成交额、换手率已提供）,False,2026-08-06,3.88,3.864,3.687,True,True,True,True,3.94,-1.52284263959391,False,53.54045384147724,-0.019113246552221685,-0.0785402792503753,0.11885406539630722,True,False,False,False,2026-07-14,17.0,18.629580046241838,16.445471312400866,22.99779751392378,False,False,,,False,177670.0,166042.8,1.070025318773232,False,68911000.0,1.72,40.06453488372093,-0.512820512820511,3.3333333333333424,5.234608082451859,23.076923076923208,46.153846153846075,False,5.05,False,True,False,False,True,False
683,002161,远 望 谷,C 制造业,腾讯前复权日K回退（成交额、换手率已提供）,False,2026-08-06,5.8,5.556,5.1335,True,True,True,True,5.69,1.9332161687170373,True,61.67704944801992,0.022108844914146886,-0.10062732777152875,0.24547234537135126,True,False,False,False,2026-07-27,8.0,33.15967695833118,27.393241853640834,44.692547167711886,False,False,2026-07-23,10.0,True,197527.0,178153.6,1.1087454870403965,False,112136500.0,2.67,41.99868913857678,4.129263913824044,4.488330341113106,12.983344696600764,8.000000000000185,91.99999999999982,True,7.26,False,True,False,False,True,False
684,002162,悦心健康,C 制造业,腾讯前复权日K回退（成交额、换手率已提供）,False,2026-08-06,4.02,3.9859999999999998,3.8564999999999996,True,True,True,True,4.03,-0.24813895781639392,False,61.824889557082315,0.08244928023933484,0.06203934828028147,0.04081986391810674,True,False,False,False,,,43.97891424722294,40.72330876976735,50.49012520213411,False,False,,,False,121446.0,167789.2,0.723801055133465,False,48300600.00000001,1.32,36.59136363636364,0.24937655860348684,2.244389027431407,4.239595488136912,0.0,100.0,True,4.4,False,False,False,True,True,False
685,002163,海南发展,E 建筑业,腾讯前复权日K回退（成交额、换手率已提供）,False,2026-08-06,8.33,8.274000000000001,7.8105,True,True,True,True,8.56,-2.686915887850472,False,53.87812073661199,-0.08859253754953933,-0.2596739124432615,0.3421627497874443,True,False,False,False,2026-07-10,19.0,19.342662814073723,16.70693101924029,24.614126403740592,False,False,,,False,199233.0,238177.0,0.8364913488707978,False,165169700.0,2.48,66.60068548387096,-0.715137067938032,3.337306317044092,6.651302733499774,10.71428571428551,57.14285714285733,False,13.15,False,True,False,False,True,False
686,002164,宁波东力,C 制造业,腾讯前复权日K回退（成交额、换手率已提供）,False,2026-08-06,11.45,11.226,10.7405,True,True,True,True,11.75,-2.553191489361708,False,53.77496629123755,-0.17762015278068688,-0.3680748804298869,0.38090945529840003,True,False,False,False,2026-07-28,7.0,26.602508773029978,22.452366841870866,34.9027926353482,False,False,2026-07-29,6.0,True,103620.0,105182.0,0.9851495503032839,False,117613300.0,2.16,54.45060185185184,1.327433628318575,2.035398230088483,6.605837717052264,0.0,100.0,True,15.26,False,True,False,False,True,False
687,002165,红 宝 丽,C 制造业,腾讯前复权日K回退（成交额、换手率已提供）,False,2026-08-06,6.7,6.581999999999999,6.1655,True,True,True,True,6.81,-1.6152716593245144,False,56.15934535288505,0.0347141934989148,-0.07657943364765478,0.22258725429313916,True,False,False,False,2026-07-17,14.0,23.729636476610608,20.70629844156107,29.776312546709683,False,False,,,False,442845.0,532658.2,0.8313868067740251,False,293863700.0,6.09,48.25348111658457,0.1494768310911887,2.6905829596412643,8.669207687940968,16.66666666666675,83.33333333333324,True,10.2,False,False,False,True,False,False
688,002166,莱茵生物,C 制造业,腾讯前复权日K回退（成交额、换手率已提供）,False,2026-08-06,6.68,6.720000000000001,6.590000000000001,False,True,True,True,7.37,-9.362279511533247,False,49.77916560749412,-0.049511451419806285,-0.11231758159708288,0.1256122603545532,True,False,False,False,,,18.135795272310716,16.996012232316186,20.415361352299776,False,False,2026-07-29,6.0,True,102136.0,119924.8,0.8516670446813336,False,67785500.0,1.38,49.11992753623189,-0.29850746268657025,2.2388059701492455,1.3657056145675108,19.999999999999645,73.33333333333321,True,9.15,False,True,False,False,False,False
689,002167,东方锆业,C 制造业,腾讯前复权日K回退（成交额、换手率已提供）,False,2026-08-06,17.06,15.663999999999998,16.436,True,True,False,True,21.62,-21.09158186864016,False,51.27702156241842,-0.6719224858816624,-0.6789490015491234,0.014053031334922084,True,False,True,False,,,29.478296834307283,26.660404448855925,35.114081605209996,False,False,,,False,1472327.0,904109.0,1.6284839549213646,False,2475126100.0,19.41,127.51808861411644,2.957151478575737,5.914302957151481,3.7965441713312167,24.48979591836754,75.51020408163247,True,26.85,False,False,False,False,False,False
690,002168,ST惠程,C 制造业,腾讯前复权日K回退（成交额、换手率已提供）,False,2026-08-06,3.71,3.628,3.5855000000000006,True,True,True,True,3.91,-5.1150895140665,False,55.02580122450128,-0.00011811899173874707,-0.026089010138479432,0.05194178229348137,True,False,False,False,2026-07-28,7.0,22.857215694215316,18.259423020693507,32.05280104125894,False,False,2026-07-27,8.0,True,106086.0,58693.0,1.8074727821034877,True,39177100.0,1.35,29.020074074074074,-2.368421052631575,2.8947368421052717,3.472319062892187,27.27272727272742,72.72727272727259,True,4.15,False,False,False,False,True,False
691,002169,智光电气,C 制造业,腾讯前复权日K回退（成交额、换手率已提供）,False,2026-08-06,12.83,11.846,11.596,True,True,True,True,14.14,-9.264497878359268,False,55.71180409855572,-0.46916261288957806,-0.777999953759517,0.6176746817398779,True,False,False,False,2026-07-31,4.0,22.851475835762486,17.2190942774115,34.11623895246446,False,False,2026-07-31,4.0,True,276576.0,261310.8,1.0584177921463638,False,349474800.00000006,3.65,95.74652054794524,3.0522088353413634,4.257028112449794,10.641600551914452,0.0,100.0,True,19.78,False,False,False,False,False,False
692,002170,芭田股份,C 制造业,腾讯前复权日K回退（成交额、换手率已提供）,False,2026-08-06,11.53,11.617999999999999,11.1445,False,True,True,False,11.88,-2.946127946127958,False,54.12236000523723,0.12654469077579122,0.049501380402516046,0.15408662074655036,True,False,False,False,2026-07-21,12.0,36.93292618023605,35.263091168346264,40.27259620401563,False,False,,,False,146285.0,166014.0,0.8811606250075295,False,169501200.0,1.85,91.62227027027028,-1.1996572407883543,2.1422450728363325,3.4591053883081218,44.00000000000048,19.999999999999574,False,12.93,False,False,False,False,True,False
693,002171,楚江新材,C 制造业,腾讯前复权日K回退（成交额、换手率已提供）,False,2026-08-06,9.86,9.642,9.6445,True,True,False,True,12.24,-19.44444444444445,False,43.95507716852741,-0.680061095639326,-0.8735438389709111,0.3869654866631702,True,False,False,False,2026-07-31,4.0,13.748252062957391,11.027802736140416,19.189150716591342,False,False,2026-07-30,5.0,True,514849.0,447311.8,1.1509846152057692,False,511442900.0,3.19,160.32692789968652,-1.2024048096192508,2.7054108216432824,2.234434133443918,3.7037037037036304,22.22222222222178,False,16.47,False,False,False,False,False,False
694,002172,澳洋健康,Q 卫生,腾讯前复权日K回退（成交额、换手率已提供）,False,2026-08-06,3.25,3.25,3.117,False,True,True,True,3.36,-3.2738095238095206,False,57.650661594820505,0.04796056635181545,0.02007982214109253,0.055761488421445835,True,False,False,False,,,34.583606637748936,31.968682642207526,39.81345462883175,False,False,,,False,121489.0,152832.8,0.7949144424495266,False,39351400.0,1.59,24.749308176100627,0.0,2.46153846153845,4.266923323708695,37.49999999999993,62.500000000000064,False,3.8,False,False,False,False,True,False
695,002173,创新医疗,Q 卫生,腾讯前复权日K回退（成交额、换手率已提供）,False,2026-08-06,21.15,20.378,18.885,True,True,True,True,24.0,-11.875000000000007,False,57.94162205039217,0.735598828962921,0.45852097552027016,0.5541557068853016,True,False,False,False,,,46.62783438820794,40.68688478146635,58.509733601691124,False,False,,,False,821561.0,684392.2,1.2004242596569628,False,1745416400.0000002,19.52,89.41682377049183,-0.5174035747883443,6.77328316086548,11.993645750595693,54.86111111111125,34.027777777777644,False,25.39,False,False,False,False,False,True
696,002174,游族网络,I 信息技术,腾讯前复权日K回退（成交额、换手率已提供）,False,2026-08-06,11.78,11.808,11.594,False,True,True,True,13.13,-10.281797410510292,False,51.42597028149917,-0.010049253158738836,-0.0933249592258959,0.16655141213431413,True,False,False,False,2026-08-04,2.0,64.61609294077395,60.460055844861564,72.92816713259872,False,False,,,False,348380.0,326460.2,1.0671438662354553,False,414945700.0,3.56,116.5577808988764,-3.6006546644844595,5.155482815057274,1.6042780748663097,19.047619047618955,23.809523809523622,False,13.33,False,False,False,False,True,False
697,002175,*ST东智,C 制造业,腾讯前复权日K回退（成交额、换手率已提供）,False,2026-08-06,2.45,2.432,2.4895,True,False,False,True,3.0,-18.333333333333325,False,48.42545430130455,-0.029228692017789992,-0.028736594710718277,-0.0009841946141434313,False,True,False,False,,,27.033446013506023,24.562354158707688,31.975629723102692,False,False,,,False,157539.0,218697.4,0.720351499377679,False,38722700.0,1.23,31.48186991869919,-0.8097165991902799,2.024291497975719,-1.5866639887527563,79.99999999999964,20.000000000000355,False,3.0,False,True,False,False,False,False
698,002176,江特电机,C 制造业,腾讯前复权日K回退（成交额、换手率已提供）,False,2026-08-06,9.3,9.056000000000001,8.239,True,True,True,True,9.5,-2.1052631578947296,False,56.08042286598199,-0.17375829295662015,-0.47261689936626655,0.5977172128192928,True,False,False,False,2026-07-24,9.0,18.866468836130675,15.086501172051102,26.426404164289817,False,False,2026-07-23,10.0,True,992569.0,860944.2,1.1528842403491424,False,931452500.0,5.84,159.4952910958904,-1.7951425554382228,4.646251319957756,12.877776429178297,34.09090909090921,20.454545454545446,False,14.88,False,False,False,False,False,False
699,002177,御银股份,C 制造业,腾讯前复权日K回退（成交额、换手率已提供）,False,2026-08-06,6.04,5.898000000000001,5.4515,True,True,True,True,6.08,-0.6578947368421059,False,61.76670789864999,0.03733840877612771,-0.0871630170436772,0.2490028516396098,True,False,False,False,2026-07-15,16.0,27.9553736619436,23.31435183071257,37.23741732440566,False,False,,,False,737496.0,403131.8,1.8294165828644628,True,448501700.0,10.93,41.03400731930466,1.8549747048903997,7.251264755480602,10.795193983307342,60.465116279069754,39.53488372093024,False,8.28,False,False,False,False,True,False
700,002178,延华智能,I 信息技术,腾讯前复权日K回退（成交额、换手率已提供）,False,2026-08-06,4.58,4.586,4.3420000000000005,False,True,True,True,4.68,-2.136752136752129,False,53.90410204402063,-0.023123729313391017,-0.10304342480770834,0.15983939098863464,True,False,False,False,2026-07-10,19.0,22.53404398707855,19.56190196074562,28.47832803974442,False,False,2026-07-23,10.0,True,109760.0,122570.0,0.8954882924043404,False,50297400.0,1.54,32.66064935064935,-0.6507592190889477,3.4707158351410006,5.481345002303075,56.249999999999865,43.75000000000014,False,6.42,False,True,False,False,True,False
701,002179,中航光电,C 制造业,腾讯前复权日K回退（成交额、换手率已提供）,False,2026-08-06,34.67,34.388,34.294,True,True,True,True,41.69,-16.83857040057567,False,44.713555761510065,-1.2053895138655903,-1.4647527932201856,0.5187265587091905,True,False,False,False,2026-08-03,3.0,16.524957684521446,14.877491999697,19.81988905417034,False,False,2026-08-03,3.0,True,312659.0,271221.2,1.1527823046281043,False,1076936800.0,1.49,722.7763758389262,-0.23021582733812052,2.8201438848920977,1.0964017029218078,21.428571428571427,78.57142857142857,True,47.21,False,False,False,False,False,False
702,002180,奔图科技,C 制造业,腾讯前复权日K回退（成交额、换手率已提供）,False,2026-08-06,19.69,17.768,16.7475,True,True,True,True,18.0,9.388888888888896,True,71.75879148342358,0.5709079651533742,0.3438470849451973,0.45412176041635377,True,False,False,False,,,77.77481080987259,67.21801761582103,98.88839719797573,False,False,,,False,112996.0,181427.2,0.6228173063355439,False,222488700.0,0.83,268.0586746987952,10.000000000000009,0.0,17.569786535303795,0.0,100.0,True,18.73,True,True,False,True,True,False
703,002181,粤 传 媒,L 商务服务,腾讯前复权日K回退（成交额、换手率已提供）,False,2026-08-06,9.37,9.07,8.3355,True,True,True,True,9.88,-5.161943319838072,False,53.16094937429833,-0.3256213919802544,-0.6913972592092859,0.7315517344580629,True,False,False,False,2026-07-13,18.0,14.07407274151445,11.196992100425307,19.82823402369274,False,False,,,False,980107.0,583409.4,1.6799643612187256,False,917101400.0,8.64,106.14599537037037,-4.485219164118259,3.8735983690112206,12.410773198968263,2.6315789473683595,44.736842105263044,False,21.6,False,False,False,False,False,True
704,002182,宝武镁业,C 制造业,腾讯前复权日K回退（成交额、换手率已提供）,False,2026-08-06,12.77,12.25,11.721,True,True,True,True,13.42,-4.8435171385991085,False,54.14321123424485,-0.2658770821438434,-0.5248751537867765,0.5179961432858662,True,False,False,False,2026-07-29,6.0,27.39994256614848,20.766835341826262,40.66615701479291,False,False,2026-07-23,10.0,True,442765.0,177961.8,2.4879777570242605,True,567758100.0,5.12,110.89025390625,-2.6676829268292623,4.878048780487809,8.949748314990185,23.437500000000032,40.624999999999936,False,16.58,False,False,False,False,True,True
705,002183,怡 亚 通,L 商务服务,腾讯前复权日K回退（成交额、换手率已提供）,False,2026-08-06,4.69,4.696,4.555,False,True,True,True,5.12,-8.398437499999995,False,47.188223239268154,-0.13121323681012154,-0.21476678283002648,0.1671070920398099,True,False,False,False,2026-07-21,12.0,11.834787709207939,10.177068335004035,15.150226457615748,False,False,2026-07-28,7.0,True,471578.0,466568.8,1.0107362515453242,False,220647800.0,1.82,121.23505494505493,-1.2631578947368327,2.7368421052631557,2.963776070252485,0.0,53.84615384615411,False,7.93,False,False,False,False,True,False
706,002184,海得控制,C 制造业,腾讯前复权日K回退（成交额、换手率已提供）,False,2026-08-06,9.85,9.812000000000001,9.3675,True,True,True,True,9.96,-1.1044176706827429,False,54.34210296923513,-0.029156107299252554,-0.17003354283829414,0.28175487107808317,True,False,False,False,2026-07-15,16.0,26.651385620304808,23.813458997240076,32.32723886643427,False,False,,,False,59700.0,71682.6,0.8328380946003632,False,58459600.0,2.48,23.57241935483871,-0.5050505050505083,2.9292929292929206,5.150787296503869,31.03448275862073,68.96551724137927,False,13.28,False,True,False,False,True,False
707,002185,华天科技,C 制造业,腾讯前复权日K回退（成交额、换手率已提供）,False,2026-08-06,17.26,15.924000000000001,18.7405,True,False,False,True,26.81,-35.62103692651994,False,46.44314129033833,-1.1339615004144434,-0.8911641193629736,-0.4855947621029397,False,True,False,False,,,33.128767645724984,32.68239513375496,34.02151266966503,True,False,,,False,4732223.0,3646184.2,1.2978562629940638,False,8042750900.0,14.24,564.799922752809,4.038577456298986,9.463532248342377,-7.900002668018459,25.477707006369332,74.52229299363067,True,26.81,False,False,False,False,False,False
708,002186,全 聚 德,H 住宿餐饮,腾讯前复权日K回退（成交额、换手率已提供）,False,2026-08-06,9.26,9.27,8.949499999999999,False,True,True,True,9.47,-2.2175290390707585,False,57.36089283969045,0.09989608573260256,0.039535691085014986,0.12072078929517514,True,False,False,False,,,35.68178956481004,33.88476688421108,39.27583492600796,False,False,,,False,30901.0,54790.0,0.5639897791567804,False,28423600.0,1.01,28.142178217821783,0.7616974972796564,1.849836779107725,3.4694675680205727,11.764705882352695,88.2352941176473,True,11.23,False,False,False,True,False,False
709,002187,广百股份,F 批发零售,腾讯前复权日K回退（成交额、换手率已提供）,False,2026-08-06,5.31,5.34,5.0095,False,True,True,True,5.42,-2.029520295202958,False,60.57471922042316,0.08820933497223393,0.020862648773579955,0.13469337239730794,True,False,False,False,,,35.68030803274154,32.23753694839188,42.56585020144087,False,False,2026-07-28,7.0,True,93390.0,131758.6,0.7087962379685273,False,49418800.0,1.33,37.156992481203005,-0.5617977528089901,2.4344569288389493,5.998602654955575,0.0,69.23076923076917,False,6.1,False,False,False,False,False,False
710,002188,中天服务,K 房地产,腾讯前复权日K回退（成交额、换手率已提供）,False,2026-08-06,5.29,5.176,4.7604999999999995,True,True,True,True,5.4,-2.0370370370370425,False,60.91966325083954,0.00974281516179687,-0.11935203665590574,0.2581897036354052,True,False,False,False,2026-07-27,8.0,33.81478174866145,28.226596430778244,44.99115238442786,False,False,2026-07-23,10.0,True,82648.0,106913.6,0.7730354229957648,False,43337299.99999999,3.21,13.500716510903423,0.18939393939394478,2.46212121212121,11.122781220460048,7.692307692307534,92.30769230769246,True,7.12,False,True,False,True,True,False
711,002189,中光学,C 制造业,腾讯前复权日K回退（成交额、换手率已提供）,False,2026-08-06,18.77,18.576,18.438,True,True,True,True,20.24,-7.262845849802367,False,48.050257173678226,-0.3680637414988013,-0.5154855008529211,0.29484351870823966,True,False,False,False,2026-07-27,8.0,31.147296942691614,29.635205387405875,34.171480053263096,False,False,,,False,38022.0,35677.6,1.0657106980290154,False,71090700.0,1.46,48.69226027397261,-0.21265284423178654,2.977139819245095,1.8006291354810757,33.928571428571516,66.07142857142848,False,23.92,False,True,False,False,True,False
712,002190,成飞集成,C 制造业,腾讯前复权日K回退（成交额、换手率已提供）,False,2026-08-06,23.44,23.236,22.2465,True,True,True,True,23.94,-2.0885547201336676,False,53.1815674704276,-0.1958562731388369,-0.5331128913254766,0.6745132363732793,True,False,False,False,2026-07-22,11.0,17.939464390335555,16.291261830353818,21.235869510299025,False,False,,,False,51039.0,54541.6,0.935781128533083,False,119312600.0,1.42,84.02295774647888,0.04268032437046987,2.560819462227904,5.364888858921629,43.33333333333316,56.66666666666684,False,36.38,False,False,False,False,True,False
713,002191,劲嘉股份,C 制造业,腾讯前复权日K回退（成交额、换手率已提供）,False,2026-08-06,3.74,3.754,3.7104999999999997,False,True,True,False,3.89,-3.856041131105396,False,48.6439872435296,-0.012500037809775044,-0.02453119739545284,0.024062319171355595,True,False,False,False,2026-07-28,7.0,35.513556810342614,34.96132588898345,36.61801865306094,False,False,,,False,85176.0,124332.2,0.6850679067852093,False,31834699.999999996,0.61,52.188032786885245,-0.2666666666666595,1.0666666666666558,0.7950410995822808,49.999999999999446,50.000000000000554,False,4.27,False,False,False,False,True,False
714,002192,融捷股份,B 采矿业,腾讯前复权日K回退（成交额、换手率已提供）,False,2026-08-06,66.95,64.386,64.501,True,True,False,True,84.0,-20.297619047619044,False,46.426504663534246,-4.006004474635063,-5.103909554313239,2.195810159356352,True,False,False,False,2026-07-30,5.0,19.531022455710474,18.20898541009772,22.175096546935983,False,False,,,False,151208.0,142023.4,1.064669624864635,False,1013985900.0,5.84,173.6277226027397,-0.9029011249259922,3.6856127886323398,3.796840359064197,40.96385542168701,41.76706827309247,False,102.56,False,False,False,False,False,False
715,002193,ST如意,C 制造业,腾讯前复权日K回退（成交额、换手率已提供）,False,2026-08-06,4.09,3.934,3.8575000000000004,True,True,True,True,4.34,-5.76036866359447,False,52.87442354724295,-0.10698955763510298,-0.17556984019564364,0.13716056512108132,True,False,False,False,2026-07-29,6.0,18.628080077152173,16.278766687465538,23.32670685652544,False,False,,,False,47983.0,33401.0,1.436573755276788,False,19455400.0,1.83,10.631366120218578,4.336734693877542,5.612244897959188,6.027219701879441,13.636363636363738,86.36363636363626,True,5.8,False,False,False,False,True,False
716,002194,武汉凡谷,C 制造业,腾讯前复权日K回退（成交额、换手率已提供）,False,2026-08-06,10.09,9.216,8.5975,True,True,True,True,9.24,9.199134199134196,True,63.64164755532538,-0.15258748974731695,-0.4244070730994452,0.5436391667042565,True,False,False,False,2026-07-23,10.0,27.453200810041864,20.525103083510306,41.30939626310498,False,False,2026-07-23,10.0,True,405276.0,145696.2,2.7816511343466748,True,400226900.0,7.93,50.469974779319045,10.03271537622683,8.72410032715377,17.359697586507703,0.0,100.0,True,13.4,False,False,False,False,False,True
717,002195,岩山科技,I 信息技术,腾讯前复权日K回退（成交额、换手率已提供）,False,2026-08-06,6.91,6.952,6.3425,False,True,True,True,7.2,-4.027777777777778,False,56.710483871006865,0.09077570219097186,-0.05372056157071328,0.2889925275233703,True,False,False,False,2026-07-21,12.0,32.50544543672573,28.28915846163068,40.93801938691583,False,False,,,False,2722147.0,2885353.0,0.9434363836937802,False,1897174100.0,4.85,391.16991752577326,-3.356643356643363,3.7762237762237825,8.9475758770201,18.51851851851875,25.925925925925984,False,9.2,False,False,False,False,False,False
718,002196,方正电机,C 制造业,腾讯前复权日K回退（成交额、换手率已提供）,False,2026-08-06,11.16,10.976,10.508999999999999,True,True,True,True,12.32,-9.415584415584416,False,50.661357020166065,-0.34229274339483595,-0.5777478492091795,0.4709102116286872,True,False,False,False,2026-07-29,6.0,21.899450960463493,18.614720935317987,28.468911010754503,False,False,,,False,244996.0,315808.6,0.7757736806407426,False,273633100.0,5.02,54.50858565737052,-0.35714285714284477,3.3035714285714217,6.1946902654867415,56.75675675675663,43.24324324324337,False,17.77,False,True,False,False,True,False
719,002197,证通电子,I 信息技术,腾讯前复权日K回退（成交额、换手率已提供）,False,2026-08-06,7.24,7.048,6.4345,True,True,True,True,7.67,-5.606258148631026,False,60.39883911979268,0.2561384539377043,0.15772924504905167,0.19681841777730524,True,False,False,False,,,51.77713657257252,46.125658608407726,63.080092500902126,False,False,,,False,548797.0,750616.6,0.731128248429358,False,397038200.0,10.28,38.62239299610895,0.8356545961002881,3.6211699164345377,12.518455202424436,42.30769230769212,57.69230769230788,False,8.5,False,True,False,False,True,False
720,002198,ST嘉应,C 制造业,腾讯前复权日K回退（成交额、换手率已提供）,False,2026-08-06,3.37,3.346,3.229,True,True,True,True,3.54,-4.802259887005648,False,52.900159667226,-0.03458211785422671,-0.09065549948296057,0.11214676325746772,True,False,False,False,,,8.435397559920029,7.3246010693570405,10.656990541046007,False,False,2026-07-28,7.0,True,59512.0,45889.8,1.2968459221875013,False,19856100.0,1.17,16.97102564102564,-0.5899705014749235,4.424778761061957,4.366676989780118,20.000000000000117,60.000000000000064,False,4.67,False,False,False,True,False,False
721,002199,东晶电子,C 制造业,腾讯前复权日K回退（成交额、换手率已提供）,False,2026-08-06,13.94,13.437999999999999,12.029,True,True,True,False,14.95,-6.755852842809364,False,59.3950895910729,0.4191856403552183,0.1094669233802098,0.619437433950017,True,False,False,False,2026-07-28,7.0,70.68086732344541,66.82715888338015,78.38828420357595,False,False,,,False,201225.0,262912.0,0.76537016187926,False,275803100.0,8.71,31.665109070034443,1.381818181818173,5.963636363636366,15.886607365533292,7.317073170731765,92.68292682926823,True,16.0,False,False,False,False,True,True
722,002200,交投生态,E 建筑业,腾讯前复权日K回退（成交额、换手率已提供）,False,2026-08-06,6.84,6.798,6.428,True,True,True,True,7.03,-2.702702702702708,False,57.338275611239474,0.08618229941463706,-0.009217375715571428,0.190799350260417,True,False,False,False,2026-07-28,7.0,47.85432760625594,42.30246990906364,58.95804300064056,False,False,,,False,36815.0,43814.4,0.8402488679520888,False,25213400.0,1.88,13.411382978723404,-1.2987012987012991,3.7518037518037493,6.4094586185438684,46.15384615384623,38.46153846153836,False,8.13,False,False,False,True,False,False
723,002201,九鼎新材,C 制造业,腾讯前复权日K回退（成交额、换手率已提供）,False,2026-08-06,8.31,8.02,7.786499999999999,True,True,True,True,9.28,-10.45258620689654,False,47.19132681518399,-0.5105165307765827,-0.7417432518329701,0.46245344211277484,True,False,False,False,2026-07-28,7.0,15.03735272077204,12.829251860812578,19.45355444069096,False,False,,,False,200003.0,169582.0,1.179388142609475,False,165213100.0,3.32,49.76298192771085,1.2180267965895109,2.8014616321558905,6.723174725486435,21.739130434782272,78.26086956521773,True,14.69,False,False,False,False,False,False
724,002202,金风科技,C 制造业,腾讯前复权日K回退（成交额、换手率已提供）,False,2026-08-06,20.76,19.607999999999997,18.7315,True,True,True,True,22.36,-7.155635062611797,False,56.26434391059951,-0.4822393144911281,-0.9371205722482954,0.9097625155143345,True,False,False,False,2026-07-30,5.0,25.335141439801422,19.078303736429977,37.84881684654432,False,False,2026-07-23,10.0,True,1757665.0,1182745.2,1.486089311544025,False,3662388900.0,5.23,700.2655640535373,2.976190476190488,7.390873015873008,10.829351626938585,55.03355704697971,44.9664429530203,False,28.0,False,False,False,False,True,False
725,002203,海亮股份,C 制造业,腾讯前复权日K回退（成交额、换手率已提供）,False,2026-08-06,19.22,18.964,18.348499999999998,True,True,True,True,20.6,-6.699029126213604,False,50.76270326468763,-0.41994416853474803,-0.6925576336943043,0.5452269303191126,True,False,False,False,2026-07-31,4.0,42.420336623879365,41.30516491282067,44.65068004599675,False,False,,,False,300065.0,357193.4,0.8400631142680687,False,576370100.0,1.36,423.80154411764704,-1.0808028821410187,3.602676273803393,4.749707060522665,20.0000000000001,49.999999999999744,False,26.87,False,False,False,True,True,False
726,002204,大连重工,C 制造业,腾讯前复权日K回退（成交额、换手率已提供）,False,2026-08-06,5.34,5.426,5.247,False,True,True,False,5.56,-3.956834532374096,False,49.71889826909253,0.0023075013826359125,-0.039651177510505446,0.08391735778628272,True,False,False,False,2026-07-15,16.0,21.657469060826088,20.90487510400147,23.162656974475325,False,False,,,False,189492.0,235260.6,0.8054557371697598,False,101378000.0,0.98,103.44693877551019,-1.1111111111111183,2.222222222222224,1.772441395082904,16.666666666666295,33.33333333333333,False,6.54,False,False,False,False,False,False
727,002205,国统股份,C 制造业,腾讯前复权日K回退（成交额、换手率已提供）,False,2026-08-06,10.43,10.187999999999999,9.723,True,True,True,True,10.55,-1.1374407582938482,False,56.27984458342175,-0.1323346447216025,-0.32801216047473863,0.39135503150627227,True,False,False,False,2026-07-27,8.0,25.570657144996932,21.386939090903194,33.93809325318441,False,False,2026-07-23,10.0,True,24350.0,23630.6,1.030443577395411,False,25233900.0,1.31,19.262519083969465,1.7560975609756113,2.8292682926829187,7.271418286537065,6.8965517241378045,93.1034482758622,True,14.49,False,False,False,False,False,False
728,002206,海 利 得,C 制造业,腾讯前复权日K回退（成交额、换手率已提供）,False,2026-08-06,5.42,5.3660000000000005,5.253,True,True,True,True,5.4,0.37037037037036247,True,55.927693087936156,0.007763139627384952,-0.021760394425072955,0.05904706810491581,True,False,False,False,2026-07-28,7.0,24.967903573357262,21.124818342637205,32.654074034797375,False,False,2026-07-28,7.0,True,160365.0,105054.4,1.5264948445757627,False,86231400.0,1.52,56.731184210526315,1.1194029850746245,1.865671641791038,3.1791357319626847,9.999999999999822,90.00000000000018,True,5.93,False,False,False,False,True,False
729,002207,*ST准油,B 采矿业,腾讯前复权日K回退（成交额、换手率已提供）,False,2026-08-06,6.01,5.942,5.617,True,True,True,True,6.48,-7.253086419753096,False,51.169137772222896,-0.16958046651120728,-0.3255665398775749,0.3119721467327352,True,False,False,False,2026-07-27,8.0,21.3569506452283,18.544702820799767,26.981446294085366,False,False,2026-07-23,10.0,True,88392.0,136167.8,0.6491402519538394,False,52735000.0,3.39,15.556047197640119,0.5016722408026641,3.8461538461538534,6.996617411429586,30.43478260869572,69.56521739130427,False,10.63,False,False,False,False,False,False
730,002208,合肥城建,K 房地产,腾讯前复权日K回退（成交额、换手率已提供）,False,2026-08-06,11.39,10.89,13.5565,True,False,False,True,20.94,-45.60649474689589,False,37.66044687151235,-1.6695913124486008,-1.5373476889183242,-0.26448724706055327,False,True,False,False,,,5.018884960062837,5.196517167266891,4.663620545654728,False,False,,,False,538614.0,655519.2,0.8216601435930482,False,610249300.0,6.71,90.94624441132638,0.7073386383731117,3.359858532272332,-15.981263600486844,28.94736842105242,71.05263157894758,True,26.36,False,False,False,False,False,False
731,002209,达 意 隆,C 制造业,腾讯前复权日K回退（成交额、换手率已提供）,False,2026-08-06,10.8,10.724000000000002,10.2845,True,True,True,True,11.08,-2.5270758122743624,False,54.47562260654703,-0.03793079525493148,-0.18935239022214306,0.30284318993442316,True,False,False,False,,,16.21851532383698,14.451966893047988,19.751612185414956,False,False,2026-07-27,8.0,True,26698.0,32799.6,0.8139733411383065,False,28789500.0,1.69,17.035207100591716,0.3717472118959231,2.8810408921933135,5.012397296903118,41.93548387096735,58.064516129032654,False,14.08,False,False,False,False,True,False
732,002210,飞马国际,L 商务服务,腾讯前复权日K回退（成交额、换手率已提供）,False,2026-08-06,2.27,2.284,2.1895,False,True,True,True,2.33,-2.5751072961373414,False,52.28180019956714,0.0005394491931847156,-0.027964727989418597,0.057008354365206626,True,False,False,False,,,17.641035312825448,16.09136587298758,20.74037419250118,False,False,2026-07-23,10.0,True,578910.0,563912.2,1.026595984268473,False,131506900.0,2.18,60.324266055045875,-2.155172413793094,3.87931034482758,3.6766385019410937,0.0,44.44444444444456,False,3.21,False,True,False,False,False,False
733,002211,ST宏达,C 制造业,腾讯前复权日K回退（成交额、换手率已提供）,False,2026-08-06,3.96,3.7960000000000003,3.5864999999999996,True,True,True,True,4.21,-5.938242280285036,False,57.193263572895255,0.03473883293467406,-0.019328271668412295,0.1081342092061727,True,False,False,False,2026-07-28,7.0,58.49923818390783,53.13492176684391,69.22787101803566,False,False,,,False,164166.0,158235.2,1.0374809144867891,False,64730700.0,3.8,17.034394736842106,2.857142857142847,8.831168831168828,10.414052697616071,52.94117647058817,47.058823529411825,False,4.47,False,False,False,False,True,False
734,002212,天融信,I 信息技术,腾讯前复权日K回退（成交额、换手率已提供）,False,2026-08-06,7.36,6.776000000000001,5.9495,True,True,True,True,6.86,7.2886297376093285,True,72.22124390052456,0.25120068941085893,0.06212659021522484,0.3781481983912682,True,False,False,False,,,58.942368627634586,46.93012083556292,82.96686421177793,False,False,,,False,817357.0,1077500.4,0.7585676998356568,False,588989400.0,7.0,84.14134285714286,10.01494768310911,10.762331838565032,23.707874611311887,0.0,100.0,True,7.75,False,False,False,True,True,True
735,002213,大为股份,C 制造业,腾讯前复权日K回退（成交额、换手率已提供）,False,2026-08-06,29.32,27.036,27.416500000000003,True,True,False,True,34.19,-14.243930973968991,False,50.16198980842794,-1.6868532600887427,-2.262678676504437,1.1516508328313888,True,False,False,False,2026-07-29,6.0,27.352932170715075,23.798693926761914,34.461408658621394,False,False,,,False,263598.0,156366.8,1.6857670554107396,False,768547800.0,12.75,60.27825882352941,1.5939015939016032,5.474705474705469,6.942899348932202,35.4430379746835,64.5569620253165,False,43.99,False,False,False,False,False,True
736,002214,大立科技,C 制造业,腾讯前复权日K回退（成交额、换手率已提供）,False,2026-08-06,16.34,14.106,13.029,True,True,True,True,14.85,10.033670033670035,True,71.44851366356788,0.05995435254657622,-0.38854885913849746,0.8970064233701474,True,False,False,False,2026-07-27,7.0,37.865625128545986,27.08234716525496,59.43218105512804,False,False,,,False,14778.0,35717.4,0.41374792118127296,False,24147300.0,0.31,77.89451612903225,10.033670033670038,0.0,25.412541254125415,0.0,100.0,True,20.14,False,False,False,False,False,False
737,002215,诺 普 信,C 制造业,腾讯前复权日K回退（成交额、换手率已提供）,False,2026-08-06,9.12,9.218,8.902,False,True,True,False,9.48,-3.7974683544303924,False,53.4199347445885,0.0752703280014142,0.013926490622768605,0.12268767475729118,True,False,False,False,2026-07-28,7.0,40.31920617204698,38.39743134756109,44.16275582101876,False,False,,,False,146204.0,159026.6,0.9193682063252311,False,133155900.0,1.81,73.5667955801105,-0.6535947712418388,2.1786492374727784,2.4488878903617164,20.000000000000355,49.99999999999956,False,10.28,False,False,False,True,True,False
738,002216,三全食品,C 制造业,腾讯前复权日K回退（成交额、换手率已提供）,False,2026-08-06,12.85,12.994,12.882,False,False,True,False,13.63,-5.7226705796038235,False,51.298843798549136,0.16174450123983597,0.1860850811931057,-0.048681159906539484,False,True,False,False,,,54.38176824489045,57.44981636959661,48.24567199547813,False,False,,,False,65854.0,90363.8,0.7287652799019076,False,84529500.0,1.04,81.27836538461538,-1.001540832049308,2.5423728813559325,-0.24840863219996917,24.24242424242426,39.39393939393908,False,13.68,False,False,False,False,False,False
739,002217,ST合力泰,C 制造业,腾讯前复权日K回退（成交额、换手率已提供）,False,2026-08-06,1.52,1.514,1.4689999999999999,True,True,True,True,1.76,-13.636363636363635,False,41.84419884384787,-0.11915753104252325,-0.16905939111889454,0.09980372015274258,True,False,False,False,2026-07-21,12.0,5.911555057468561,4.647626641341613,8.439411889722457,False,False,2026-07-31,4.0,True,1359340.0,1797109.0,0.756403757368084,False,208438600.0,1.87,111.46449197860962,-2.564102564102566,3.2051282051282075,3.4717494894486154,20.0,20.0,False,3.64,False,False,False,False,False,False
740,002218,拓日新能,C 制造业,腾讯前复权日K回退（成交额、换手率已提供）,False,2026-08-06,4.14,4.128,3.8275000000000006,True,True,True,True,4.55,-9.010989010989015,False,56.762437752961844,0.05477168303494073,-0.014601095551052419,0.1387455571719863,True,False,False,False,,,21.847066019370327,19.226909496499616,27.087379065111747,False,False,,,False,501240.0,809122.0,0.6194863073800985,False,205946400.0,3.61,57.04886426592798,-1.1933174224343812,3.341288782816242,8.16459830176353,7.142857142857596,64.28571428571392,False,6.46,False,False,False,False,True,False
741,002219,新里程,Q 卫生,腾讯前复权日K回退（成交额、换手率已提供）,False,2026-08-06,2.1,2.098,2.0420000000000003,True,True,True,True,2.16,-2.77777777777778,False,57.44212746396062,0.03995511935468388,0.03026002541836812,0.019390187872631512,True,False,False,False,,,45.078426861431986,43.776853734542385,47.681573115211194,False,False,,,False,526825.0,669113.8,0.7873473839577064,False,109940700.0,1.61,68.28614906832297,0.0,2.8571428571428594,2.8403525954946045,16.666666666667037,66.66666666666666,False,2.35,False,False,False,True,False,False
742,002221,东华能源,F 批发零售,腾讯前复权日K回退（成交额、换手率已提供）,False,2026-08-06,5.64,5.704,5.467499999999999,False,True,True,True,5.85,-3.5897435897435894,False,51.50738363393999,-0.010244518918106849,-0.08236011852300462,0.14423119920979555,True,False,False,False,,,14.312664682484803,13.147965810960672,16.642062425533066,False,False,,,False,164795.0,213858.4,0.7705799725425796,False,93075900.0,1.13,82.36805309734514,-1.2259194395796924,2.451838879159364,3.1550068587105686,7.1428571428570065,42.85714285714268,False,8.24,False,False,False,False,False,False
743,002222,福晶科技,C 制造业,腾讯前复权日K回退（成交额、换手率已提供）,False,2026-08-06,59.55,53.746,59.3635,True,True,False,True,84.5,-29.526627218934916,False,44.17542705442563,-7.351295150510481,-8.583711451490807,2.4648326019606515,True,False,False,False,2026-08-05,1.0,10.607597910531963,7.824469117531457,16.173855496532973,False,False,2026-08-05,1.0,True,380522.0,380788.8,0.999299349140521,False,2245019300.0,8.13,276.140135301353,2.3020099639237124,6.201683559525853,0.3141661121732971,31.30193905817182,68.69806094182817,False,124.5,False,False,False,False,False,True
744,002223,鱼跃医疗,C 制造业,腾讯前复权日K回退（成交额、换手率已提供）,False,2026-08-06,26.99,27.722,27.357999999999997,False,False,True,False,28.48,-5.231741573033715,False,48.17789669699992,0.2866953129472911,0.30972481331446977,-0.046059000734357314,False,True,False,True,,,34.95515425172971,35.40926466982084,34.04693341554744,False,True,,,False,144045.0,102729.8,1.402173468652718,False,389722100.0,1.53,254.72032679738564,-2.103735944867613,3.19187522669568,-1.345127567804659,3.409090909091042,21.59090909090886,False,29.35,False,False,False,False,False,False
745,002224,三 力 士,C 制造业,腾讯前复权日K回退（成交额、换手率已提供）,False,2026-08-06,3.53,3.5020000000000002,3.3884999999999996,True,True,True,True,3.56,-0.8426966292134901,False,56.90342428446307,0.01273741125451977,-0.018899573812855622,0.06327397013475078,True,False,False,False,,,19.09054498917578,16.65311429593641,23.965406375654517,False,False,2026-07-28,7.0,True,84535.0,91338.4,0.9255143510287022,False,29560300.000000004,1.05,28.15266666666667,1.1461318051575908,2.005730659025783,4.175889036446811,0.0,100.0,True,4.25,False,False,False,False,False,False
746,002225,濮耐股份,C 制造业,腾讯前复权日K回退（成交额、换手率已提供）,False,2026-08-06,3.74,3.71,3.7045000000000003,True,True,True,True,4.48,-16.517857142857146,False,46.69228027355798,-0.1311371465230433,-0.17395165687076067,0.08562902069543471,True,False,False,False,2026-08-03,3.0,17.976984372774226,15.469809177162574,22.99133476399753,False,False,2026-07-28,7.0,True,259956.0,242656.2,1.0712934596354842,False,96390200.0,2.74,35.17890510948905,-0.5319148936170137,3.1914893617021307,0.9582939667971349,24.999999999999815,75.00000000000018,True,4.9,False,True,False,False,False,False
747,002226,江南化工,C 制造业,腾讯前复权日K回退（成交额、换手率已提供）,False,2026-08-06,5.02,5.078,4.757,False,True,True,True,5.25,-4.3809523809523885,False,60.03078142465746,0.09834396125680112,0.04142031986084016,0.11384728279192191,True,False,False,False,,,35.56363122052896,33.08853580543899,40.51382205070891,False,False,,,False,184584.0,253041.2,0.7294622377699758,False,93554400.0,0.7,133.64914285714286,-1.3752455795677854,2.750491159135571,5.528694555392052,42.85714285714304,7.142857142856962,False,6.54,False,False,False,False,False,False
748,002227,*ST特迅,C 制造业,腾讯前复权日K回退（成交额、换手率已提供）,False,2026-08-06,6.25,6.2379999999999995,6.0245,True,True,True,True,6.51,-3.99385560675883,False,49.36503265426621,-0.14678902541049332,-0.2579328527018388,0.22228765458269095,True,False,False,False,2026-07-27,8.0,24.048912867991366,21.515259856547047,29.116218890880006,False,False,,,False,25725.0,26277.4,0.9789781333008593,False,15973300.0,1.05,15.212666666666665,0.32102728731941976,3.5313001605136534,3.743049215702552,31.818181818181856,68.18181818181814,False,9.51,False,False,False,False,True,False
749,002228,合兴包装,C 制造业,腾讯前复权日K回退（成交额、换手率已提供）,False,2026-08-06,3.12,3.12,3.0305,False,True,True,True,3.18,-1.8867924528301903,False,54.399063680808766,0.001917068594074589,-0.024982155783351254,0.05379844875485169,True,False,False,False,2026-07-27,8.0,22.76483655713967,20.354220977012048,27.58606771739491,False,False,2026-07-27,8.0,True,150612.0,191520.2,0.7864026875494072,False,46703000.0,1.25,37.3624,0.3215434083601254,1.9292604501607735,2.953308034977731,16.666666666666295,83.3333333333337,True,3.83,False,False,False,False,False,False
750,002229,鸿博股份,C 制造业,腾讯前复权日K回退（成交额、换手率已提供）,False,2026-08-06,10.81,10.762,9.908,True,True,True,True,11.18,-3.3094812164579537,False,53.82239577383021,-0.09807863745473178,-0.3903289323221298,0.584500589734796,True,False,False,False,2026-07-09,20.0,18.46951474427024,16.055761001136794,23.297022230537124,False,False,,,False,311060.0,427147.0,0.728227050640646,False,337191400.0,6.31,53.43762282091918,-1.8165304268846438,3.5422343324250734,9.103754541784427,41.025641025641,38.461538461538495,False,19.16,False,True,False,False,True,False
751,002230,科大讯飞,I 信息技术,腾讯前复权日K回退（成交额、换手率已提供）,False,2026-08-06,43.68,43.274,41.4675,True,True,True,True,45.33,-3.639973527465252,False,59.14114757897909,0.24592981637353262,-0.28288435219354596,1.0576283371341573,True,False,False,False,2026-07-31,4.0,36.67126457793055,28.865349424175463,52.28309488544073,False,False,,,False,593361.0,689413.8,0.8606746775303888,False,2607093700.0,2.71,962.0271955719558,-1.1093502377179099,2.9658139008376776,5.335503707722912,78.62595419847324,20.61068702290097,False,50.89,False,True,False,False,True,False
752,002232,启明信息,I 信息技术,腾讯前复权日K回退（成交额、换手率已提供）,False,2026-08-06,14.88,14.681999999999999,13.95,True,True,True,True,15.29,-2.6814911706997933,False,59.43093818278407,0.041057695763434765,-0.17554379178749513,0.4332029751018598,True,False,False,False,2026-07-27,8.0,30.90931360820295,25.309012904869178,42.109915014870495,False,False,2026-07-28,7.0,True,53167.0,55175.0,0.9636067059356592,False,79274500.0,1.3,60.980384615384615,-0.5347593582887722,3.1417112299465284,6.666666666666678,57.44680851063813,42.55319148936187,False,18.64,False,True,False,False,True,False
753,002233,塔牌集团,C 制造业,腾讯前复权日K回退（成交额、换手率已提供）,False,2026-08-06,7.62,7.518000000000001,7.4159999999999995,True,True,True,False,7.84,-2.806122448979589,False,53.72735415788947,-0.0010015591017422665,-0.03872618649439823,0.07544925478531193,True,False,False,False,2026-07-28,7.0,25.210869519172785,23.94349735704337,27.745613843431613,True,False,,,False,211301.0,136789.8,1.5447131291953056,False,159574200.0,1.8,88.65233333333335,2.8340080971659853,4.318488529014837,2.7508090614886815,18.749999999999915,81.25000000000009,True,8.93,False,True,False,False,False,False
754,002234,民和股份,A 农林牧渔,腾讯前复权日K回退（成交额、换手率已提供）,False,2026-08-06,7.26,7.1579999999999995,7.051,True,True,True,True,7.44,-2.4193548387096855,False,56.89046821281478,0.011667589504501308,-0.033083089926507984,0.08950135886201858,True,False,False,False,2026-07-31,4.0,30.12100458080889,26.665452634229098,37.03210847396848,False,False,,,False,41720.0,44123.8,0.9455214646064029,False,30078200.0,1.38,21.795797101449274,1.1142061281337101,1.9498607242339787,2.9641185647425843,7.1428571428570065,92.85714285714299,True,8.97,False,False,False,False,True,False
755,002235,安妮股份,C 制造业,腾讯前复权日K回退（成交额、换手率已提供）,False,2026-08-06,8.37,8.212,8.053999999999998,True,True,True,True,9.75,-14.15384615384616,False,52.10940552839995,-0.19125546836512264,-0.3368538639532306,0.2911967911762159,True,False,False,False,2026-07-31,4.0,26.803255292536345,22.574314329065484,35.261137219478066,False,False,2026-07-28,7.0,True,252745.0,334027.4,0.7566594836231997,False,211721600.0,4.57,46.32857768052516,0.23952095808381646,3.5928143712574725,3.9235162652098436,53.33333333333356,46.66666666666643,False,12.21,False,True,False,False,True,False
756,002236,大华股份,C 制造业,腾讯前复权日K回退（成交额、换手率已提供）,False,2026-08-06,17.02,16.97,16.6325,True,True,True,True,17.84,-4.596412556053813,False,55.159395600326995,0.08849418266440878,0.011401742756636721,0.15418487981554413,True,False,False,False,2026-07-31,4.0,36.1042031186665,31.157630155327368,45.99734904534475,False,False,,,False,332541.0,594032.4,0.559802798635226,False,567004700.0,1.39,407.9170503597123,-0.93131548311991,1.804423748544812,2.3297760408838073,64.51612903225809,32.25806451612848,False,18.3,False,True,False,False,True,False
757,002237,恒邦股份,C 制造业,腾讯前复权日K回退（成交额、换手率已提供）,False,2026-08-06,13.9,13.596,12.979,True,True,True,True,13.99,-0.6433166547533943,False,57.76514476456698,0.06305807354993576,-0.1020605465741051,0.3302372402480817,True,False,False,False,2026-07-22,11.0,24.69068307863561,20.787858222266692,32.49633279137345,False,False,,,False,471258.0,224896.4,2.0954448359333453,True,664898300.0,3.95,168.3286835443038,-0.5722460658083017,4.506437768240349,7.096078280298953,11.111111111111143,20.634920634920732,False,16.8,False,False,False,False,True,False
758,002238,天威视讯,I 信息技术,腾讯前复权日K回退（成交额、换手率已提供）,False,2026-08-06,6.14,6.132,5.764,True,True,True,True,6.26,-1.9169329073482444,False,60.07917447986664,0.09029959346849825,0.00838976591132538,0.16381965511434574,True,False,False,False,,,34.833361697226294,30.707468628263285,43.08514783515231,False,False,2026-07-27,8.0,True,59176.0,48825.8,1.2119821897439467,False,36303100.0,0.74,49.05824324324325,0.16313213703098572,3.2626427406199054,6.523247744621781,44.99999999999989,44.99999999999989,False,7.64,False,True,False,False,False,False
759,002239,奥特佳,C 制造业,腾讯前复权日K回退（成交额、换手率已提供）,False,2026-08-06,2.52,2.566,2.4875,False,True,True,False,2.63,-4.182509505703417,False,51.07423488574389,0.018172502587774808,0.0054053807926608445,0.025534243590227927,True,False,False,False,2026-07-14,17.0,27.254092104501012,26.66760483751533,28.427066638472375,False,False,2026-07-23,10.0,True,521474.0,501390.6,1.0400553979272846,False,131356500.0,1.6,82.0978125,-1.17647058823529,2.7450980392156805,1.3065326633165908,14.285714285714649,42.85714285714268,False,2.89,False,False,False,False,False,False
760,002240,盛新锂能,C 制造业,腾讯前复权日K回退（成交额、换手率已提供）,False,2026-08-06,31.12,29.616000000000003,29.608999999999998,True,True,True,True,37.3,-16.568364611260044,False,44.82964270485376,-2.6805823454346367,-3.512970159202113,1.6647756275349526,True,False,False,False,2026-07-29,6.0,14.003723677027823,11.93494930961819,18.14127241184709,False,False,,,False,475143.0,414330.4,1.1467732032213904,False,1461699000.0,5.2,281.09596153846155,1.3020833333333481,3.0924479166666643,5.1031780877436015,18.947368421052616,81.05263157894738,True,57.32,False,False,False,False,True,False
761,002241,歌尔股份,C 制造业,腾讯前复权日K回退（成交额、换手率已提供）,False,2026-08-06,23.44,23.32,22.882,True,True,True,True,23.98,-2.2518765638031657,False,54.121524505603766,0.14183946819001392,0.010981701528141045,0.26171553332374575,True,False,False,False,2026-07-13,18.0,35.852934251087326,34.21531812521013,39.12816650284171,False,False,,,False,849706.0,807671.4,1.0520441852961488,False,1999118200.0,2.7,740.414148148148,-1.1387600168705214,2.4884015183466888,2.438598024648194,79.66101694915237,20.33898305084763,False,28.98,False,True,False,False,True,False
762,002242,九阳股份,C 制造业,腾讯前复权日K回退（成交额、换手率已提供）,False,2026-08-06,9.0,9.114,8.623000000000001,False,True,True,False,9.3,-3.2258064516129106,False,57.47206311489357,0.19608450829912627,0.11985746442583614,0.15245408774658026,True,False,False,False,,,29.45849208589071,28.48279651951674,31.409883218638655,False,False,,,False,84674.0,98548.6,0.8592105823928498,False,76216800.0,1.11,68.66378378378378,-1.423877327491796,2.847754654983568,4.372028296416547,3.846153846153767,42.30769230769212,False,11.33,False,True,False,False,False,False
763,002243,力合科创,C 制造业,腾讯前复权日K回退（成交额、换手率已提供）,False,2026-08-06,7.31,7.337999999999999,6.893000000000001,False,True,True,True,7.59,-3.6890645586297794,False,56.19401824875166,0.06238008151307284,-0.0521021895402459,0.22896454210663747,True,False,False,False,,,31.25025886426125,27.031841669671987,39.68709325343978,False,False,2026-07-28,7.0,True,127484.0,211800.8,0.6019051863826765,False,93776900.0,1.06,88.46877358490566,-1.6150740242261152,2.9609690444145444,6.049615552009269,22.727272727272986,22.72727272727258,False,9.58,False,False,False,False,True,False
764,002244,滨江集团,K 房地产,腾讯前复权日K回退（成交额、换手率已提供）,False,2026-08-06,8.56,8.802000000000001,8.694500000000001,False,False,True,False,9.73,-12.024665981500512,False,47.64691134009566,0.08675776084860409,0.09724091165943469,-0.020966301621661187,False,True,False,True,,,31.863640503806483,34.80924496437364,25.972431582672172,False,False,,,False,271425.0,382076.6,0.7103941984408363,False,232721800.0,0.98,237.4712244897959,-0.8111239860950192,3.0127462340672047,-1.546954971533739,57.69230769230788,38.46153846153836,False,11.66,False,True,False,False,False,False
765,002245,蔚蓝锂芯,C 制造业,腾讯前复权日K回退（成交额、换手率已提供）,False,2026-08-06,16.99,16.362,17.1935,True,False,False,True,21.45,-20.792540792540798,False,47.120989369266454,-0.8168175968557385,-0.8841444610771333,0.13465372844278956,True,False,True,False,,,45.34984468710809,43.6062068365581,48.837120388208064,False,False,,,False,757462.0,779193.2,0.9721106395692365,False,1284165500.0,4.71,272.64660297239914,1.1911852293031489,5.122096486003571,-1.1835868206008189,38.372093023256056,61.62790697674395,False,23.21,False,False,False,False,True,False
766,002246,北化股份,C 制造业,腾讯前复权日K回退（成交额、换手率已提供）,False,2026-08-06,19.94,20.07,18.989,False,True,True,True,20.59,-3.1568722680912993,False,54.56456320498486,0.251300612403373,0.030411983902099964,0.44177725700254605,True,False,False,False,2026-07-13,18.0,27.724910644489864,26.44162636882167,30.29147919582625,False,False,,,False,107540.0,153285.2,0.7015680574510781,False,215285700.0,1.96,109.83964285714286,-1.5794669299111552,2.912142152023691,5.008162620464482,55.932203389830235,33.898305084746255,False,27.15,False,False,False,False,False,False
767,002247,聚力文化,C 制造业,腾讯前复权日K回退（成交额、换手率已提供）,False,2026-08-06,2.27,2.216,2.114,True,True,True,True,2.28,-0.4385964912280609,False,57.93846826305892,-0.0056091765963182105,-0.042215220586387665,0.07321208798013891,True,False,False,False,2026-07-27,8.0,29.08678566997541,24.144137616319014,38.972081777288196,False,False,,,False,309548.0,226264.6,1.3680796730907088,False,69471600.0,4.81,14.443160083160084,2.714932126696845,2.714932126696835,7.379375591296128,0.0,100.0,True,2.96,False,False,False,False,True,False
768,002248,华东数控,C 制造业,腾讯前复权日K回退（成交额、换手率已提供）,False,2026-08-06,9.12,8.9,8.3635,True,True,True,True,9.08,0.4405286343612241,True,57.8586179017189,-0.07829737420155425,-0.26555811713230637,0.37452148586150424,True,False,False,False,2026-07-24,9.0,22.181465101388937,18.57919093687572,29.386013430415375,False,False,,,False,118405.0,102621.0,1.1538086746377447,False,106818100.0,3.85,27.744961038961037,1.672240802675562,3.0100334448160684,9.045256172654978,3.703703703704264,96.29629629629574,True,13.7,False,False,False,False,False,False
769,002249,大洋电机,C 制造业,腾讯前复权日K回退（成交额、换手率已提供）,False,2026-08-06,7.46,7.516,7.097999999999999,False,True,True,True,7.65,-2.483660130718959,False,51.651243606120104,-0.0543759601231848,-0.17109474125914717,0.23343756227192475,True,False,False,False,2026-07-27,8.0,26.995136111037585,24.15119491596499,32.68301850118278,False,False,,,False,435011.0,457665.4,0.9505000815005897,False,325577600.0,2.33,139.73287553648066,-1.3227513227513144,2.9100529100529187,5.100028176951269,31.818181818181856,31.818181818181856,False,10.05,False,False,False,False,False,False
770,002250,联化科技,C 制造业,腾讯前复权日K回退（成交额、换手率已提供）,False,2026-08-06,16.02,15.685999999999998,15.65,True,True,True,True,17.17,-6.697728596389061,False,55.07258717186781,0.2885407445012991,0.2982398012682888,-0.019398113533979466,False,True,False,False,,,67.22567682659523,63.74852425031414,74.1799819791574,False,False,,,False,167922.0,180494.2,0.930345684238053,False,270887100.0,1.88,144.0888829787234,-1.717791411042957,4.110429447852749,2.364217252396161,35.82089552238792,29.850746268656692,False,17.17,False,False,False,False,False,False
771,002251,步步高,F 批发零售,腾讯前复权日K回退（成交额、换手率已提供）,False,2026-08-06,3.68,3.7339999999999995,3.571,False,True,True,True,3.85,-4.415584415584414,False,51.598455225962404,0.013033951006906186,-0.029628685188800158,0.08532527239141269,True,False,False,False,2026-07-14,17.0,22.494412445750726,21.100231783853,25.282773769546175,False,False,2026-07-27,8.0,True,919360.0,943534.6,0.9743786820324343,False,339709800.00000006,4.14,82.05550724637683,-2.64550264550264,3.968253968253966,3.0523662839540737,6.666666666666529,33.333333333333535,False,5.2,False,False,False,False,False,False
772,002252,上海莱士,C 制造业,腾讯前复权日K回退（成交额、换手率已提供）,False,2026-08-06,4.9,5.122,5.051,False,False,True,False,5.34,-8.239700374531827,False,45.8575379951145,0.07451269101029023,0.08576595350414629,-0.022506524987712107,False,True,False,True,,,50.336992272226006,52.38270290865233,46.245570999373356,False,True,,,False,661306.0,512579.6,1.2901527879767358,False,326714200.0,1.0,326.7142,-3.162055335968361,4.150197628458498,-2.9895070283112215,9.523809523809321,9.523809523809746,False,5.62,False,False,False,False,False,False
773,002253,川大智胜,I 信息技术,腾讯前复权日K回退（成交额、换手率已提供）,False,2026-08-06,10.03,9.813999999999998,9.189499999999999,True,True,True,True,10.16,-1.2795275590551258,False,58.19168154908863,-0.07007315421141058,-0.2951718983790773,0.45019748833533346,True,False,False,False,2026-07-29,6.0,41.39890340665369,33.63810755623694,56.920495107487184,False,False,,,False,58452.0,68711.8,0.8506835798218064,False,59066800.0,2.78,21.24705035971223,-0.7912957467853587,4.055390702274977,9.146308286631488,41.46341463414631,34.14634146341432,False,12.32,False,True,False,True,True,False
774,002254,泰和新材,C 制造业,腾讯前复权日K回退（成交额、换手率已提供）,False,2026-08-06,12.35,11.888,11.9855,True,True,False,True,15.16,-18.53562005277045,False,45.59188075579574,-0.82524073540446,-1.0461768751244822,0.4418722794400445,True,False,False,False,2026-08-03,3.0,17.716959606829935,15.67771443696594,21.795449946557927,False,False,2026-08-04,2.0,True,234777.0,238290.4,0.9852558055213303,False,288258500.0,2.76,104.44148550724638,0.8986928104575131,2.777777777777777,3.041174752826328,20.58823529411774,79.41176470588226,True,21.5,False,False,False,False,False,False
775,002255,海陆重工,C 制造业,腾讯前复权日K回退（成交额、换手率已提供）,False,2026-08-06,8.59,8.614,8.166500000000001,False,True,True,True,8.9,-3.4831460674157357,False,51.377532369213526,-0.09351540107239842,-0.2335045722367681,0.27997834232873936,True,False,False,False,2026-07-27,8.0,27.20108270363492,23.46002611059276,34.68319588971924,False,False,2026-07-23,10.0,True,196015.0,253562.8,0.7730432066533419,False,168025800.00000003,3.07,54.731530944625426,-1.6036655211912998,2.749140893470772,5.1858201187779205,0.0,54.16666666666661,False,11.42,False,False,False,False,False,False
776,002256,兆新股份,D 水电煤气,腾讯前复权日K回退（成交额、换手率已提供）,False,2026-08-06,3.38,3.376,3.275,True,True,True,True,3.57,-5.322128851540615,False,47.718602006164346,-0.0816546586373641,-0.13619537723751074,0.10908143720029329,True,False,False,False,2026-07-22,11.0,16.52302984932341,15.056389704829035,19.456310138312165,False,False,,,False,423231.0,531472.4,0.7963367429804444,False,142711700.0,2.1,67.95795238095238,-1.4577259475218707,4.081632653061227,3.206106870229007,7.142857142856984,42.857142857142854,False,5.4,False,False,False,False,True,False
777,002258,利尔化学,C 制造业,腾讯前复权日K回退（成交额、换手率已提供）,False,2026-08-06,14.3,14.842000000000002,14.077499999999997,False,True,True,False,16.54,-13.54292623941958,False,51.660495036303395,0.4026165318819146,0.38450029005253183,0.036232483658765524,True,False,False,False,2026-07-23,10.0,63.53579158969634,67.80050911245168,55.00635654418565,False,False,,,False,290687.0,472222.4,0.6155722388433924,False,416585400.0,3.64,114.44653846153845,-2.188782489740071,3.1463748290013616,1.5805363168176434,2.173913043478219,30.434782608695837,False,16.54,False,False,False,False,True,False
778,002259,升达林业,D 水电煤气,腾讯前复权日K回退（成交额、换手率已提供）,False,2026-08-06,3.97,3.8659999999999997,3.6265,True,True,True,True,4.0,-0.7499999999999951,False,58.528316325907035,-0.03636516682566171,-0.12440553122920961,0.1760807288070958,True,False,False,False,2026-07-14,17.0,22.895567226173416,19.336647718304793,30.013406241910666,False,False,,,False,145869.0,172692.6,0.8446742940925088,False,56691500.0,1.94,29.222422680412375,1.7948717948718107,5.128205128205133,9.471942644423,14.999999999999888,85.00000000000011,True,5.82,False,False,False,False,False,False
779,002261,拓维信息,I 信息技术,腾讯前复权日K回退（成交额、换手率已提供）,False,2026-08-06,27.4,26.945999999999998,27.9985,True,False,False,True,33.88,-19.12632821723732,False,47.339744331549475,-0.7841044380976605,-0.8629685812689216,0.15772828634252223,True,False,False,False,2026-08-05,1.0,15.378304135366669,12.13381932296465,21.867273760170708,False,False,2026-08-03,3.0,True,514687.0,626880.0,0.8210295431342521,False,1414051400.0000002,4.49,314.93349665924285,-1.4742898238043867,3.056454512765185,-2.137614515063312,45.88235294117665,45.88235294117624,False,35.7,False,True,False,False,False,False
780,002262,恩华药业,C 制造业,腾讯前复权日K回退（成交额、换手率已提供）,False,2026-08-06,21.43,21.858,21.329,False,True,True,False,22.46,-4.585930543187895,False,54.01778662762038,0.47881817846730357,0.5040686391705341,-0.05050092140646112,False,True,False,True,,,74.72792696873177,76.1049164664092,71.97394797337691,False,True,,,False,112967.0,117685.0,0.9599099290478821,False,241840400.0,1.28,188.9378125,-0.8788159111933425,2.63644773358002,0.47353368653007216,33.33333333333292,36.842105263158025,False,22.46,False,False,False,False,False,False
781,002263,大东南,C 制造业,腾讯前复权日K回退（成交额、换手率已提供）,False,2026-08-06,3.05,3.0100000000000002,2.8485,True,True,True,True,3.06,-0.3267973856209226,False,50.20629501053048,-0.08600569684211079,-0.15680886552855983,0.14160633737289807,True,False,False,False,2026-07-23,10.0,16.046035471961435,13.995558830601903,20.146988754680503,False,False,,,False,484672.0,531700.4,0.9115509410938942,False,146320400.0,2.58,56.71333333333333,0.0,2.2950819672131098,7.073898543092848,0.0,100.0,True,4.45,False,True,False,True,False,False
782,002264,新 华 都,I 信息技术,腾讯前复权日K回退（成交额、换手率已提供）,False,2026-08-06,6.63,6.614,6.205,True,True,True,True,6.73,-1.4858841010401267,False,61.83288185462543,0.12292240511887798,0.03922377610401473,0.1673972580297265,True,False,False,False,,,34.52797300004906,30.728095328419375,42.127728343308426,False,False,,,False,191863.0,215695.8,0.8895073524843785,False,126648799.99999999,2.95,42.931796610169485,-1.0447761194029903,3.4328358208955287,6.849315068493148,47.82608695652179,52.173913043478215,False,8.52,False,True,False,False,True,False
783,002265,建设工业,C 制造业,腾讯前复权日K回退（成交额、换手率已提供）,False,2026-08-06,18.75,19.168,17.817500000000003,False,True,True,True,20.72,-9.507722007722002,False,53.26793534804831,0.26880262120066334,0.031199234053975566,0.47520677429337554,True,False,False,False,2026-07-20,13.0,27.247216407303014,26.21658170021064,29.308485821487764,False,False,2026-07-23,10.0,True,157797.0,218618.6,0.7217912839987083,False,297611300.0,1.53,194.51718954248366,-2.49609984399376,4.524180967238695,5.233618633366058,14.942528735632052,16.091954022988553,False,24.4,False,True,False,False,True,False
784,002266,浙富控股,N 公共环保,腾讯前复权日K回退（成交额、换手率已提供）,False,2026-08-06,5.0,4.8420000000000005,4.731,True,True,True,True,5.43,-7.918968692449351,False,55.80846285175213,-0.03522851460304288,-0.09005152190950644,0.10964601461292711,True,False,False,False,2026-08-03,3.0,47.66064368280979,41.092985557795195,60.79595993283898,False,False,,,False,828502.0,919840.4,0.9007019043738457,False,415480300.0,1.71,242.9709356725146,0.40160642570279403,2.208835341365468,5.685901500739804,63.63636363636371,36.363636363636296,False,5.82,False,True,False,False,False,False
785,002267,陕天然气,D 水电煤气,腾讯前复权日K回退（成交额、换手率已提供）,False,2026-08-06,7.16,7.312,7.208500000000001,False,False,True,False,7.5,-4.533333333333331,False,49.3762668231447,0.0777139356781511,0.08295552374205604,-0.010483176127809885,False,True,False,True,,,52.74838686546574,54.89548615108715,48.45418829422293,False,False,,,False,70170.0,74171.2,0.9460545332959424,False,50234500.0,0.63,79.73730158730159,-0.6934812760055475,1.9417475728155418,-0.6728168134840903,21.42857142857152,42.85714285714304,False,7.71,False,False,False,False,False,False
786,002268,电科网安,I 信息技术,腾讯前复权日K回退（成交额、换手率已提供）,False,2026-08-06,14.81,14.725999999999999,14.352500000000001,True,True,True,True,15.49,-4.3899289864428646,False,56.5272716623088,0.17093764509664489,0.10469279693699494,0.13248969631929988,True,False,False,False,2026-07-31,4.0,46.099732535598775,41.72993204067877,54.83933352543879,False,False,,,False,182486.0,128260.8,1.4227729750633085,False,270159000.0,2.16,125.0736111111111,0.5431093007467691,3.3944331296673456,3.1875979794460862,48.00000000000004,51.99999999999996,False,16.21,False,True,False,False,True,False
787,002269,美邦服饰,C 制造业,腾讯前复权日K回退（成交额、换手率已提供）,False,2026-08-06,1.44,1.424,1.371,True,True,True,True,1.45,-0.6896551724137937,False,59.73913366112627,0.007664312579543253,-0.007830204452878287,0.03098903406484308,True,False,False,False,,,26.54625527230236,22.9100265698157,33.818712677275684,False,False,2026-07-28,7.0,True,642309.0,499104.6,1.2869226210297402,False,91946200.00000001,2.74,33.557007299270076,0.6993006993007089,4.895104895104899,5.032822757111593,42.857142857142854,57.14285714285714,False,1.66,False,True,False,False,True,False
788,002270,华明装备,C 制造业,腾讯前复权日K回退（成交额、换手率已提供）,False,2026-08-06,20.45,20.668,18.9715,False,True,True,False,21.15,-3.3096926713947963,False,56.68789285807978,0.34042561608316646,-0.010234689996373433,0.7013206121590798,True,False,False,False,2026-07-20,13.0,27.918977757648758,25.230930809362203,33.295071654221864,False,False,,,False,258596.0,294581.4,0.8778422534484526,False,531505199.99999994,2.89,183.91183391003457,-2.8503562945368266,4.465558194774353,7.79326885064439,8.510638297872525,28.723404255319064,False,26.48,False,False,False,True,False,False
789,002271,东方雨虹,C 制造业,腾讯前复权日K回退（成交额、换手率已提供）,False,2026-08-06,11.67,11.812000000000001,11.3595,False,True,True,False,12.14,-3.8714991762767763,False,49.45024039231848,-0.04525010078676672,-0.1616837541800917,0.23286730678664996,True,False,False,False,2026-07-21,12.0,18.436371835807762,18.022832082320054,19.263451342783178,False,False,,,False,321924.0,386445.0,0.833039630477817,False,375967600.0,1.68,223.79023809523812,-1.185436071126167,2.6248941574936384,2.733394955763892,25.806451612903352,38.70967741935475,False,17.0,False,False,False,False,False,False
790,002272,川润股份,C 制造业,腾讯前复权日K回退（成交额、换手率已提供）,False,2026-08-06,14.61,13.892,16.404000000000003,True,False,False,True,24.84,-41.18357487922705,False,37.09267938007202,-1.9355112560931218,-1.904464935933522,-0.0620926403191997,False,True,False,False,,,11.82225088295057,9.436335512465869,16.594081623919973,False,False,2026-08-05,1.0,True,256835.0,325962.4,0.7879283009328683,False,373901000.0,6.29,59.44372019077902,0.4814305364511773,4.264099037138922,-10.936356986100973,35.48387096774208,64.51612903225792,False,25.99,False,False,False,False,False,False
791,002273,水晶光电,C 制造业,腾讯前复权日K回退（成交额、换手率已提供）,False,2026-08-06,27.32,26.074,27.320000000000004,True,False,False,True,33.99,-19.62341865254487,False,44.9905614793184,-1.8572398136875599,-2.1295043663835944,0.5445291053920691,True,False,False,False,2026-08-05,1.0,21.57579519525501,20.103154856697095,24.521075872370844,False,False,,,False,540703.0,575155.0,0.9400996253183924,False,1475999000.0,3.96,372.7270202020202,0.6632277081798144,5.49005158437731,-1.3004076423135067e-14,35.57046979865775,64.42953020134226,False,44.1,False,False,False,False,False,False
792,002274,华昌化工,C 制造业,腾讯前复权日K回退（成交额、换手率已提供）,False,2026-08-06,5.6,5.562,5.4825,True,True,True,True,5.9,-5.084745762711876,False,57.54809024251405,0.07783754785628272,0.060441894283325436,0.034791307145914566,True,False,False,False,,,40.61357737084979,38.7361260683567,44.36847997583598,False,False,,,False,239723.0,170994.4,1.4019348002039833,False,132832700.0,2.56,51.8877734375,1.0830324909747224,2.5270758122743624,2.1431828545371583,0.0,100.0,True,6.42,False,False,False,False,False,False
793,002275,桂林三金,C 制造业,腾讯前复权日K回退（成交额、换手率已提供）,False,2026-08-06,13.16,13.264000000000001,13.292000000000002,False,False,False,False,13.9,-5.323741007194246,False,49.47806128392177,0.047608611725801,0.06711991617081152,-0.03902260889002104,False,True,False,False,,,51.38017343951475,52.3400582263763,49.46040386579165,False,False,,,False,16676.0,20525.6,0.8124488443699576,False,21813000.0,0.3,72.71,0.07604562737641984,1.3688212927756631,-0.9930785434848136,11.11111111111089,88.88888888888911,True,14.25,False,False,False,False,False,False
794,002276,万马股份,C 制造业,腾讯前复权日K回退（成交额、换手率已提供）,False,2026-08-06,10.49,10.578,9.8435,False,True,True,True,10.79,-2.7803521779425298,False,55.34911329141011,0.04328355041413978,-0.13795757893053157,0.3624822586893427,True,False,False,False,2026-07-16,15.0,24.475245460996078,21.444156245887182,30.53742389121387,False,False,,,False,222009.0,256547.6,0.8653715723709752,False,233056500.0,2.2,105.93477272727272,-1.5947467166979368,3.001876172607883,6.567785848529482,25.0,43.75000000000014,False,13.87,False,True,False,False,False,False
795,002277,友阿股份,F 批发零售,腾讯前复权日K回退（成交额、换手率已提供）,False,2026-08-06,5.81,5.7620000000000005,5.561,True,True,True,True,6.0,-3.166666666666673,False,52.37579940119463,-0.06234006696615246,-0.1378183520187255,0.15095657010514607,True,False,False,False,2026-07-29,6.0,31.965702131082594,28.38247281982899,39.1321607535898,False,False,,,False,178437.0,213777.2,0.8346867673446934,False,103058200.0,1.28,80.51421875,-0.1718213058419349,2.233676975945015,4.477611940298502,7.692307692307534,76.92307692307672,True,7.56,False,False,False,True,False,False
796,002278,神开股份,C 制造业,腾讯前复权日K回退（成交额、换手率已提供）,False,2026-08-06,7.97,7.934,7.586500000000001,True,True,True,True,8.08,-1.3613861386138653,False,55.16979156648315,-0.01760905562122339,-0.1290980947146916,0.22297807818693643,True,False,False,False,,,17.788711145040825,15.694001821517597,21.978129792087284,False,False,,,False,71021.0,99066.2,0.7169044537894862,False,56357299.99999999,1.98,28.463282828282825,0.0,2.132998745294855,5.055031964674076,23.529411764705912,76.47058823529409,True,10.75,False,True,False,False,True,False
797,002279,久其软件,I 信息技术,腾讯前复权日K回退（成交额、换手率已提供）,False,2026-08-06,6.98,6.954000000000001,6.2305,True,True,True,True,7.27,-3.9889958734525335,False,67.22454419824247,0.2269422706560551,0.08767519771161399,0.27853414588888226,True,False,False,False,2026-07-10,19.0,48.183015765311175,42.50567897283515,59.53768935026322,False,False,,,False,682583.0,878104.6,0.7773367774180889,False,478362300.00000006,8.58,55.75318181818183,-0.14306151645206988,4.721030042918456,12.029532140277672,51.51515151515148,48.48484848484852,False,8.0,False,False,False,False,True,False
798,002281,光迅科技,C 制造业,腾讯前复权日K回退（成交额、换手率已提供）,False,2026-08-06,175.49,167.532,187.4835,True,False,False,True,258.66,-32.15417923142349,False,44.08620667076554,-13.834327042502764,-13.234735229081963,-1.1991836268416023,False,True,False,False,,,45.31049952908172,45.49296783430763,44.9455629186299,False,False,,,False,507834.0,456949.6,1.1113567010453669,False,8787535300.0,6.46,1360.2995820433437,2.2967064995628172,10.492567764500144,-6.3970962778057725,25.055555555555504,74.94444444444449,True,279.0,False,False,False,False,False,True
799,002282,博深股份,C 制造业,腾讯前复权日K回退（成交额、换手率已提供）,False,2026-08-06,5.87,5.858,5.7265,True,True,True,True,5.96,-1.5100671140939574,False,54.403252080168365,-0.0071107018172948955,-0.050163372713053524,0.08610534179151726,True,False,False,False,2026-07-14,17.0,24.690606447851483,21.146530013422677,31.7787593167091,False,False,2026-07-28,7.0,True,33744.0,40548.8,0.8321824566941561,False,19670700.0,0.67,29.359253731343284,0.0,2.214650766609879,2.505893652318177,15.384615384615069,84.61538461538493,True,6.76,False,False,False,True,False,False
800,002283,天润工业,C 制造业,腾讯前复权日K回退（成交额、换手率已提供）,False,2026-08-06,8.92,8.698,8.230500000000001,True,True,True,True,9.83,-9.25737538148525,False,52.74082087874909,-0.20582021703989106,-0.40220508839308533,0.39276974270638854,True,False,False,False,2026-07-28,7.0,30.21623492536875,26.192182803383616,38.26433916933901,False,False,2026-07-23,10.0,True,177900.0,301623.8,0.5898075682356632,False,157915000.0,1.77,89.21751412429379,-0.6681514476614803,4.120267260579076,8.377376830083213,29.729729729729975,64.86486486486474,False,13.24,False,True,False,False,False,False
801,002284,亚太股份,C 制造业,腾讯前复权日K回退（成交额、换手率已提供）,False,2026-08-06,9.51,9.572,9.168000000000001,False,True,True,True,10.12,-6.027667984189718,False,49.94140555468449,-0.10729377697247244,-0.25398217037488546,0.29337678680482604,True,False,False,False,2026-07-23,10.0,17.577961102983465,15.608873772864024,21.516135763222348,False,False,2026-07-27,8.0,True,224975.0,196816.0,1.1430727176652304,False,214621100.0,3.07,69.90915309446255,-1.9587628865979312,2.7835051546391707,3.7303664921465827,25.925925925926073,37.03703703703696,False,13.74,False,False,False,False,False,False
802,002285,世联行,K 房地产,腾讯前复权日K回退（成交额、换手率已提供）,False,2026-08-06,2.16,2.144,2.0595,True,True,True,True,2.19,-1.3698630136986212,False,53.962197589037224,-0.015416545647251478,-0.049382433202722724,0.06793177511094249,True,False,False,False,,,15.601204235692727,13.379752821069891,20.044107064938398,False,False,2026-07-27,8.0,True,307104.0,311167.2,0.9869420684442318,False,65729700.0,1.55,42.40625806451613,0.0,2.77777777777778,4.879825200291346,16.666666666666295,83.3333333333337,True,3.35,False,True,False,True,False,False
803,002286,保龄宝,C 制造业,腾讯前复权日K回退（成交额、换手率已提供）,False,2026-08-06,8.07,8.004,7.797500000000001,True,True,True,True,8.25,-2.1818181818181785,False,51.581073881141066,-0.09873998081206192,-0.1954217659625945,0.19336357030106516,True,False,False,False,2026-07-29,6.0,25.19383484030564,21.825246307889216,31.93101190513849,False,False,2026-07-28,7.0,True,95783.0,126047.4,0.7598966737909707,False,76372400.0,2.59,29.48741312741313,0.248447204968949,2.3602484472049734,3.4947098428983523,0.0,100.0,True,10.07,False,False,False,True,False,False
804,002287,奇正藏药,C 制造业,腾讯前复权日K回退（成交额、换手率已提供）,False,2026-08-06,20.42,20.788000000000004,20.8015,False,False,False,False,22.13,-7.727067329417069,False,47.7060891141721,0.08521738632100195,0.11605623373848861,-0.06167769483497332,False,True,False,False,,,44.56146435329769,45.503430033988586,42.677532991915896,False,True,,,False,18359.0,21368.6,0.8591578297127561,False,37468200.0,0.32,117.088125,-0.8737864077669855,2.0873786407766977,-1.8340023555993512,23.25581395348789,34.883720930233075,False,22.32,False,False,False,False,False,False
805,002289,宇顺电子,C 制造业,腾讯前复权日K回退（成交额、换手率已提供）,False,2026-08-06,33.7,30.970000000000006,34.7165,True,False,False,True,49.5,-31.919191919191913,False,45.02501861747386,-2.781546512563459,-2.8058349733892225,0.04857692165152727,True,False,True,False,,,26.490485099308348,24.672296282107222,30.126862733710603,True,False,,,False,57413.0,62326.8,0.9211607205888959,False,190719800.0,2.09,91.25349282296652,4.14091470951794,6.798516687268219,-2.9280025348177396,9.54545454545428,90.45454545454572,True,51.0,False,False,False,False,True,True
806,002290,禾盛新材,C 制造业,腾讯前复权日K回退（成交额、换手率已提供）,False,2026-08-06,57.2,53.812,60.2495,True,False,False,True,88.58,-35.42560397380898,False,40.98565348526852,-6.9419615684779785,-7.560513079937516,1.2371030229190758,True,False,False,False,2026-08-05,1.0,10.770711874401494,9.039389922423481,14.23335577835752,False,False,2026-08-05,1.0,True,67662.0,89528.2,0.7557618716784209,False,382155000.0,2.74,139.47262773722625,1.5084294587400127,6.104702750665479,-5.061452792139345,23.255813953488307,76.7441860465117,True,108.7,False,False,False,False,False,True
807,002291,遥望科技,I 信息技术,腾讯前复权日K回退（成交额、换手率已提供）,False,2026-08-06,5.7,5.5520000000000005,5.015,True,True,True,True,6.25,-8.799999999999997,False,64.96467312656338,0.1323272299662639,-0.0072489017847735225,0.27915226350207484,True,False,False,False,,,41.00165455367462,31.465124312818745,60.07471503538636,False,False,2026-07-28,7.0,True,829482.0,643112.0,1.2897940016668947,False,475526800.0,9.54,49.84557651991614,-3.3898305084745783,4.067796610169495,13.65902293120639,45.83333333333343,29.166666666666757,False,7.05,False,False,False,False,True,True
808,002292,奥飞娱乐,C 制造业,腾讯前复权日K回退（成交额、换手率已提供）,False,2026-08-06,8.16,8.284,7.814,False,True,True,True,8.55,-4.561403508771936,False,58.516029005965805,0.26253329518504476,0.21076060378570832,0.10354538279867287,True,False,False,False,2026-07-28,7.0,86.29294060257642,83.50341108765286,91.87199963242352,False,False,,,False,504761.0,662006.8,0.7624710199351427,False,414254600.0,4.96,83.51907258064516,-1.8050541516245522,3.369434416365838,4.427949833631944,28.57142857142848,21.42857142857152,False,8.55,False,True,False,False,True,False
809,002293,罗莱生活,C 制造业,腾讯前复权日K回退（成交额、换手率已提供）,False,2026-08-06,11.16,11.075999999999999,11.068000000000001,True,True,True,False,11.85,-5.822784810126578,False,54.375885249673765,0.15356546784047076,0.19070202775201103,-0.07427311982308055,False,True,False,False,,,71.79587102489357,73.46615960470577,68.45529386526917,False,False,,,False,55958.0,77251.8,0.7243585262738215,False,62275600.00000001,0.67,92.94865671641793,-0.4460303300624524,2.230151650312221,0.8312251535959408,24.0000000000002,60.00000000000014,False,11.85,False,True,False,False,False,False
810,002294,信立泰,C 制造业,腾讯前复权日K回退（成交额、换手率已提供）,False,2026-08-06,33.85,33.751999999999995,35.058,True,False,False,True,42.2,-19.786729857819907,False,47.13383621445935,-0.4934157352045929,-0.3901777866515984,-0.20647589710598901,False,True,False,False,,,11.125560956255,10.882478770435801,11.6117253278934,False,False,2026-08-05,1.0,True,245168.0,201776.2,1.2150491485120642,False,833777899.9999999,2.2,378.9899545454545,-1.455604075691408,2.9403202328966462,-3.4457185235894756,18.811881188118623,16.83168316831703,False,44.0,False,False,False,False,False,False
811,002295,精艺股份,C 制造业,腾讯前复权日K回退（成交额、换手率已提供）,False,2026-08-06,8.6,8.406,8.0625,True,True,True,True,8.6,0.0,False,55.16314405047487,-0.12174616090395318,-0.2819638684383982,0.32043541506889006,True,False,False,False,2026-07-27,8.0,25.394577668104514,21.338512472335108,33.50670805964332,False,False,,,False,26288.0,30747.6,0.8549610376094394,False,22467700.0,1.05,21.397809523809524,0.3500583430571691,2.8004667444574123,6.6666666666666625,25.000000000000185,74.99999999999982,True,12.18,False,False,False,False,True,False
812,002296,辉煌科技,C 制造业,腾讯前复权日K回退（成交额、换手率已提供）,False,2026-08-06,9.08,8.985999999999999,8.781500000000001,True,True,True,True,9.18,-1.0893246187363796,False,53.419143877919865,-0.0492437229426983,-0.13630734839176706,0.17412725089813752,True,False,False,False,,,15.630753963030545,13.265486197957244,20.361289493177146,False,False,2026-07-28,7.0,True,101001.0,111074.8,0.9093061612534976,False,91151299.99999999,2.91,31.323470790378,0.4424778761062065,2.212389380530966,3.3991914820930234,9.999999999999822,90.00000000000018,True,11.89,False,True,False,False,True,False
813,002297,博云新材,C 制造业,腾讯前复权日K回退（成交额、换手率已提供）,False,2026-08-06,18.72,16.934,18.101999999999997,True,True,False,True,25.89,-27.694090382387028,False,46.722031264177296,-1.8467896438354998,-2.1478252371337887,0.6020711865965778,True,False,False,False,2026-08-05,1.0,27.467790106017436,25.413763933461652,31.575842451129006,False,False,,,False,853138.0,503919.2,1.6930055453334583,False,1578979600.0,14.89,106.04295500335796,4.815229563269874,7.894736842105264,3.4139874047066745,30.4964539007092,69.5035460992908,False,35.9,False,False,False,False,False,False
814,002298,中电鑫龙,C 制造业,腾讯前复权日K回退（成交额、换手率已提供）,False,2026-08-06,8.56,8.776,7.7490000000000006,False,True,True,False,9.21,-7.057546145494031,False,58.12205865454873,0.2834871601790159,0.10933177964225735,0.34831076107351705,True,False,False,False,2026-07-14,17.0,38.77258834397804,35.715395131474985,44.88697476898416,False,False,,,False,700296.0,1038863.2,0.67409837984443,False,603391800.0,10.6,56.923754716981136,-2.505694760820032,4.897494305239177,10.465866563427538,23.255813953488307,32.55813953488387,False,12.01,False,False,False,False,False,False
815,002299,圣农发展,C 制造业,腾讯前复权日K回退（成交额、换手率已提供）,False,2026-08-06,16.63,16.706,16.23,False,True,True,False,17.28,-3.761574074074086,False,55.70767443545166,0.1430485540306492,0.06143998955615883,0.16321712894898074,True,False,False,False,,,41.083280278058545,39.14951265229421,44.95081552958722,False,False,,,False,68946.0,103427.0,0.6666151005056706,False,114383900.0,0.57,200.67350877192985,-0.06009615384616751,1.502403846153846,2.464571780653103,23.99999999999949,59.99999999999943,False,19.1,False,False,False,False,True,False
816,002300,太阳电缆,C 制造业,腾讯前复权日K回退（成交额、换手率已提供）,False,2026-08-06,7.26,7.274000000000001,6.638499999999999,False,True,True,True,7.8,-6.923076923076923,False,56.648258877176545,0.11185622567731635,-0.0327536029690473,0.2892196572927273,True,False,False,False,,,27.562302988207453,25.745716352810675,31.195476259001012,False,False,,,False,355952.0,514124.8,0.6923455161081512,False,257724500.0,4.93,52.276774847870186,-1.7591339648173165,3.6535859269282875,9.362054681027358,25.925925925925984,44.44444444444441,False,11.66,False,False,False,False,False,False
817,002301,齐心集团,C 制造业,腾讯前复权日K回退（成交额、换手率已提供）,False,2026-08-06,7.07,6.864,7.229499999999999,True,False,False,True,8.6,-17.7906976744186,False,46.78298146748243,-0.23711866729154796,-0.2345151106015766,-0.005207113379942729,False,True,False,False,,,23.39771931959061,20.209101238944882,29.77495548088207,False,False,,,False,132240.0,175205.0,0.7547729802231672,False,93262400.0,1.84,50.68608695652174,2.1676300578034713,3.468208092485539,-2.206238329068382,29.166666666666497,70.8333333333335,True,8.7,False,False,False,False,False,False
818,002302,西部建设,C 制造业,腾讯前复权日K回退（成交额、换手率已提供）,False,2026-08-06,5.08,4.74,4.532,True,True,True,True,4.73,7.39957716701902,True,70.36078906602314,0.04866682304002534,-0.017739686072186386,0.13281301822442346,True,False,False,False,,,28.258815399964643,21.44044291622363,41.89556036744666,False,False,2026-07-28,7.0,True,172629.0,67817.0,2.5455121872096966,True,85666200.00000001,1.37,62.53007299270074,9.956709956709965,10.60606060606061,12.09179170344219,0.0,100.0,True,5.81,False,False,False,False,False,True
819,002303,美盈森,C 制造业,腾讯前复权日K回退（成交额、换手率已提供）,False,2026-08-06,5.59,4.954000000000001,4.591,True,True,True,True,5.36,4.291044776119394,True,70.21849339439572,0.2694886895394504,0.1924763350261463,0.15402470902660814,True,False,False,False,2026-08-05,1.0,87.16069161884944,78.11701532716602,105.24804420221628,False,False,,,False,1473767.0,1034400.2,1.4247551382917367,False,788381500.0,15.24,51.731069553805774,6.883365200764802,9.751434034416837,21.75996514920496,3.9215686274510655,96.07843137254893,True,5.36,True,False,False,False,True,True
820,002304,洋河股份,C 制造业,腾讯前复权日K回退（成交额、换手率已提供）,False,2026-08-06,40.88,41.924,40.423,False,True,True,False,43.23,-5.4360397871848125,False,51.465576707821086,0.466562786951755,0.2799550000122399,0.37321557387903026,True,False,False,False,,,32.16436501629864,32.45052508913556,31.592044870624804,False,True,,,False,76772.0,103409.2,0.7424097662490379,False,313970900.0,0.51,615.6292156862745,-0.9929765076289621,2.131266650520696,1.1305444919971321,10.22727272727236,31.81818181818211,False,46.68,False,False,False,False,False,False
821,002305,*ST南置,K 房地产,腾讯前复权日K回退（成交额、换手率已提供）,False,2026-08-06,2.15,2.04,1.9585000000000001,True,True,True,True,2.08,3.3653846153846074,True,64.37743723462843,0.008056184696204838,-0.02300297858415752,0.06211832656072472,True,False,False,False,,,43.208064497032844,35.66348367595404,58.29722613919046,False,False,,,False,319860.0,189517.0,1.6877641583604637,False,67174500.0,1.84,36.50788043478261,4.3689320388349495,6.31067961165048,9.77789124329843,15.38461538461541,84.6153846153846,True,2.49,False,False,False,False,False,False
822,002306,ST云网,H 住宿餐饮,腾讯前复权日K回退（成交额、换手率已提供）,False,2026-08-06,1.87,1.802,1.7580000000000002,True,True,True,True,1.97,-5.076142131979688,False,54.90287437747698,-0.03958824232687652,-0.06996307096896408,0.06074965728417511,True,False,False,False,2026-07-29,6.0,23.68131409260687,18.97002184807934,33.10389858166192,False,False,2026-07-23,10.0,True,93489.0,96269.4,0.9711185485730669,False,17492500.0,1.15,15.210869565217392,1.0810810810810922,4.324324324324317,6.370875995449367,62.4999999999999,37.50000000000011,False,2.39,False,False,False,False,True,False
823,002307,北新路桥,E 建筑业,腾讯前复权日K回退（成交额、换手率已提供）,False,2026-08-06,3.12,3.0900000000000003,2.957,True,True,True,True,3.12,0.0,False,53.575282791962515,-0.04102261863542944,-0.09611566046751083,0.11018608366416277,True,False,False,False,2026-07-13,18.0,13.087526220721008,11.161089812428502,16.94039903730602,False,False,2026-07-27,8.0,True,435305.0,214014.6,2.0339967460163932,True,136224000.0,2.67,51.02022471910112,0.6451612903225712,3.5483870967741895,5.512343591477857,63.636363636363555,36.36363636363644,False,4.34,False,True,False,True,True,False
824,002309,中利集团,C 制造业,腾讯前复权日K回退（成交额、换手率已提供）,False,2026-08-06,3.23,3.2619999999999996,2.9524999999999997,False,True,True,True,3.43,-5.8309037900874685,False,56.62806148206079,0.09292500963639627,0.03355485926825778,0.11874030073627698,True,False,False,False,2026-07-14,17.0,29.190630576053508,27.870351390572484,31.831188947015555,False,False,,,False,1740892.0,2392419.2,0.7276701340634617,False,561312300.0,7.24,77.5293232044199,-2.4169184290030232,3.927492447129906,9.398814563928886,15.38461538461541,46.15384615384623,False,5.34,False,False,False,False,False,False
825,002310,东方新能,D 水电煤气,腾讯前复权日K回退（成交额、换手率已提供）,False,2026-08-06,2.48,2.518,2.3855,False,True,True,False,2.78,-10.791366906474813,False,52.570316092469106,0.04671551487837933,0.02366008671814597,0.046110856320466714,True,False,False,False,,,24.660064028963642,24.29737591531823,25.385440256254462,False,False,2026-07-27,8.0,True,1328921.0,1904698.4,0.6977067865442634,False,329339700.0,3.02,109.05288079470198,-2.7450980392156765,3.921568627450984,3.9614336617061423,10.000000000000222,40.0,False,3.7,False,True,False,False,True,False
826,002311,海大集团,C 制造业,腾讯前复权日K回退（成交额、换手率已提供）,False,2026-08-06,47.58,48.13,47.686,False,False,True,False,50.25,-5.313432835820899,False,52.407544584043045,0.6936663097326559,0.8997318462107236,-0.4121310729561354,False,True,False,False,,,59.5518285446475,59.659022581891065,59.337440470160374,False,True,,,False,90993.0,100497.0,0.9054300128362041,False,429992699.99999994,0.55,781.8049090909088,1.2555862949563679,2.0004256224728767,-0.2222874638258643,17.021276595744986,82.97872340425502,True,50.25,False,False,False,False,False,False
827,002312,川发龙蟒,C 制造业,腾讯前复权日K回退（成交额、换手率已提供）,False,2026-08-06,8.49,8.514000000000001,8.231,False,True,True,True,8.6,-1.2790697674418539,False,49.32807750727142,-0.09054486605261403,-0.17531027003282607,0.16953080796042408,True,False,False,False,2026-07-27,8.0,15.166221903132476,13.531848856372404,18.43496799665262,False,False,2026-07-23,10.0,True,188791.0,200750.2,0.9404274566102548,False,160197500.0,1.0,160.1975,-1.0489510489510523,1.9813519813519804,3.1466407483902366,23.529411764706435,47.058823529411825,False,10.84,False,False,False,False,False,False
828,002313,日海智能,C 制造业,腾讯前复权日K回退（成交额、换手率已提供）,False,2026-08-06,8.41,8.134,7.8095,True,True,True,True,8.35,0.718562874251503,True,60.08496649813355,0.036145298013427585,-0.07382160824156639,0.21993381250998795,True,False,False,False,,,35.74475663991603,30.84687465026072,45.54052061922663,False,False,2026-07-27,8.0,True,106328.0,82215.4,1.2932856861366606,False,88365100.0,2.84,31.114471830985917,2.8117359413202925,3.5452322738386424,7.689352711441197,0.0,100.0,True,10.5,False,False,False,False,True,False
829,002314,南山控股,K 房地产,腾讯前复权日K回退（成交额、换手率已提供）,False,2026-08-06,2.14,2.1260000000000003,2.059,True,True,True,True,2.17,-1.382488479262664,False,56.081291468980716,0.004348791012771969,-0.015436409955350052,0.039570401936244046,True,False,False,False,,,21.8107064782612,19.9107489317645,25.610621571254605,False,False,2026-07-28,7.0,True,328876.0,192523.6,1.7082373277873466,False,69786400.0,2.46,28.368455284552844,1.4218009478673022,3.7914691943128,3.933948518698395,25.0,75.0,True,2.75,False,False,False,False,False,False
830,002315,焦点科技,I 信息技术,腾讯前复权日K回退（成交额、换手率已提供）,False,2026-08-06,27.52,27.488,25.1205,True,True,True,True,28.83,-4.543877904960106,False,63.38232806948564,0.7700658080395932,0.3246211260609457,0.8908893639572951,True,False,False,False,,,44.995303095233254,39.32795202016368,56.330005245372405,False,False,2026-07-27,8.0,True,121778.0,155885.8,0.7812000836509805,False,339120100.0,4.63,73.24408207343413,-2.238010657193601,4.689165186500889,9.551959554945164,21.9696969696969,10.606060606060646,False,32.1,False,False,False,False,True,False
831,002316,亚联发展,I 信息技术,腾讯前复权日K回退（成交额、换手率已提供）,False,2026-08-06,4.51,4.368,4.019,True,True,True,True,4.51,0.0,False,61.47350333603238,0.0309536426751853,-0.06917067744203464,0.2002486402344399,True,False,False,False,2026-07-27,8.0,38.24962345307429,32.43995504441912,49.86896027038463,False,False,,,False,157854.0,131698.0,1.1986059013804309,False,69977400.0,4.63,15.113909287257021,3.9170506912442393,4.1474654377880125,12.216969395371974,0.0,100.0,True,5.75,False,False,False,False,True,False
832,002317,众生药业,C 制造业,腾讯前复权日K回退（成交额、换手率已提供）,False,2026-08-06,27.4,26.99,27.998499999999996,True,False,False,True,34.27,-20.046688065363302,False,52.655391387264125,0.256108128712615,0.46450883057760295,-0.4168014037299759,False,True,False,False,,,58.11316856796529,57.48216453938421,59.37517662512745,False,False,,,False,306278.0,311432.4,0.9834493777782914,False,842128600.0,4.02,209.48472636815922,-0.43604651162790775,3.343023255813947,-2.1376145150632997,25.000000000000096,40.21739130434763,False,34.27,False,True,False,False,True,False
833,002318,久立特材,C 制造业,腾讯前复权日K回退（成交额、换手率已提供）,False,2026-08-06,19.89,20.460000000000004,19.338,False,True,True,False,21.45,-7.272727272727267,False,45.38175567721587,-0.36749388303694985,-0.6612463504957717,0.5875049349176438,True,False,False,False,2026-07-23,10.0,22.3598409189525,22.175511753359633,22.728499250138235,False,False,,,False,147358.0,132076.0,1.115706108604137,False,293983000.0,1.54,190.89805194805194,-2.1642892277422443,3.4431874077717626,2.854483400558484,22.8571428571429,30.000000000000153,False,29.38,False,False,False,False,False,False
834,002319,乐通股份,C 制造业,腾讯前复权日K回退（成交额、换手率已提供）,False,2026-08-06,11.35,10.714,10.534,True,True,True,True,11.62,-2.3235800344234043,False,58.280913060195886,-0.019991248408720352,-0.11930875103783008,0.19863500525821945,True,False,False,False,2026-08-03,3.0,47.82402711417999,39.508844740066415,64.45439186240715,False,False,,,False,265853.0,106558.0,2.4949135681976014,True,300595100.0,12.69,23.687557131599682,5.778191985088532,9.972041006523767,7.74634516802733,42.05607476635523,57.94392523364477,False,12.6,False,False,False,False,True,False
835,002320,海峡股份,G 运输仓储,腾讯前复权日K回退（成交额、换手率已提供）,False,2026-08-06,6.8,6.836,6.475,False,True,True,True,6.99,-2.718168812589419,False,56.224878246274294,0.05086003774064185,-0.03542578808252962,0.17257165164634294,True,False,False,False,,,23.033705327202565,20.275244413272432,28.550627155062827,False,False,,,False,146020.0,206634.2,0.7066594010091263,False,99244500.0,0.65,152.68384615384616,-1.1627906976744207,2.470930232558138,5.019305019305023,11.764705882352695,47.058823529411825,False,8.65,False,False,False,False,True,False
836,002321,华英农业,A 农林牧渔,腾讯前复权日K回退（成交额、换手率已提供）,False,2026-08-06,1.93,1.908,1.873,True,True,True,True,1.96,-1.5306122448979604,False,60.190953732516874,0.019664475126263126,0.01081475500621243,0.01769944024010139,True,False,False,False,,,35.76663056334038,33.27454753694522,40.750796616130685,False,False,,,False,217424.0,240506.4,0.904025838813437,False,41409900.0,1.02,40.59794117647059,1.0471204188481575,3.6649214659685785,3.0432461292044817,14.285714285714333,85.71428571428567,True,2.12,False,True,False,True,False,False
837,002322,理工能科,I 信息技术,腾讯前复权日K回退（成交额、换手率已提供）,False,2026-08-06,10.78,10.75,10.2465,True,True,True,True,10.92,-1.2820512820512873,False,60.47865575902081,0.11900799482221558,0.009810935890586146,0.21839411786325885,True,False,False,False,,,24.218002894760435,21.468505230583272,29.716998223114764,False,False,2026-07-28,7.0,True,33692.0,44469.0,0.7576513976028244,False,36102600.0,0.96,37.606875,0.6535947712418055,1.960784313725498,5.206655931293613,19.04761904761941,80.9523809523806,True,12.22,False,False,False,False,True,False
838,002323,*ST雅博,E 建筑业,腾讯前复权日K回退（成交额、换手率已提供）,False,2026-08-06,1.33,1.33,1.327,False,True,True,True,1.56,-14.743589743589741,False,48.47642366805335,-0.01648497379573932,-0.0241260327701758,0.015282117948872957,True,False,False,False,2026-08-03,3.0,14.35053083176834,13.171492054229534,16.708608386845956,False,False,2026-07-31,4.0,True,469762.0,429986.0,1.0925053373830775,False,62563600.0,2.22,28.1818018018018,-2.2058823529411797,2.2058823529411784,0.22607385079126707,0.0,33.33333333333333,False,1.62,False,False,False,False,True,False
839,002324,普利特,C 制造业,腾讯前复权日K回退（成交额、换手率已提供）,False,2026-08-06,9.31,9.296000000000001,9.136500000000002,True,True,True,True,11.02,-15.517241379310336,False,41.71078010594963,-0.5378123830007677,-0.7375736094233849,0.39952245284523435,True,False,False,False,2026-07-29,6.0,12.075674177353449,10.28025880442325,15.666504923213846,False,False,2026-07-27,8.0,True,186462.0,224101.8,0.8320415097067494,False,174023500.0,2.4,72.50979166666667,-1.4814814814814725,2.8571428571428528,1.8989766321895567,11.11111111111155,37.03703703703696,False,15.44,False,False,False,False,True,False
840,002326,永太科技,C 制造业,腾讯前复权日K回退（成交额、换手率已提供）,False,2026-08-06,19.31,18.77,18.2455,True,True,True,True,21.58,-10.51899907321594,False,48.52317908927929,-0.7399747666892722,-1.0586215820588762,0.6372936307392081,True,False,False,False,2026-07-28,7.0,27.050316343304004,24.489126878332645,32.172695273246724,False,False,2026-07-23,10.0,True,356421.0,299649.2,1.1894608762512964,False,685218400.0,4.39,156.08619589977224,0.5729166666666563,2.1354166666666674,5.834315310624532,24.390243902439362,75.60975609756063,True,28.62,False,False,False,False,False,False
841,002327,富安娜,C 制造业,腾讯前复权日K回退（成交额、换手率已提供）,False,2026-08-06,6.49,6.545999999999999,6.411,False,True,True,False,6.65,-2.406015037593987,False,53.375593694254036,0.042927522451402744,0.02236754963522345,0.04111994563235859,True,False,False,False,,,37.491551605413264,36.99302158348839,38.48861164926301,False,False,,,False,33967.0,43906.6,0.7736194558449072,False,21966600.0,0.69,31.835652173913044,-0.3072196620583667,1.8433179723502322,1.2322570581812609,33.33333333333333,66.66666666666666,False,7.54,False,True,False,False,True,False
842,002328,新朋股份,C 制造业,腾讯前复权日K回退（成交额、换手率已提供）,False,2026-08-06,7.06,6.81,6.6705,True,True,True,True,7.8,-9.487179487179489,False,52.346255719890905,-0.2094604081635154,-0.3423152006617305,0.26570958499643016,True,False,False,False,2026-07-28,7.0,12.931222883816332,10.805664132848198,17.1823403857526,False,False,2026-07-29,6.0,True,553329.0,256002.2,2.1614228315225414,True,391003800.0,9.69,40.351269349845204,2.023121387283222,5.635838150289012,5.839142493066486,48.71794871794886,51.28205128205114,False,10.84,False,False,False,False,True,False
843,002329,皇氏集团,C 制造业,腾讯前复权日K回退（成交额、换手率已提供）,False,2026-08-06,3.21,3.186,3.239,True,False,False,True,3.61,-11.080332409972298,False,49.33653835216802,-0.018504825209479936,-0.03157500409782596,0.026140357776692047,True,False,False,False,2026-08-04,2.0,27.83444356472616,27.02201177140647,29.45930715136555,False,False,,,False,458005.0,697788.0,0.656366976789512,False,147251800.0,7.03,20.94620199146515,-2.4316109422492405,4.559270516717322,-0.895338067304721,13.333333333333353,26.666666666666707,False,4.92,False,False,False,False,False,False
844,002330,得利斯,C 制造业,腾讯前复权日K回退（成交额、换手率已提供）,False,2026-08-06,3.83,3.854,3.7384999999999997,False,True,True,True,3.98,-3.768844221105525,False,54.1338671704434,0.019668749703196653,-0.008866883585642691,0.05707126657767869,True,False,False,False,,,26.62078586264049,24.43007630471261,31.002204978496245,False,False,2026-07-29,6.0,True,82995.0,105074.6,0.7898673894547302,False,31574200.0,1.31,24.1024427480916,0.2617801047120505,2.356020942408385,2.44750568409791,22.222222222222168,77.77777777777783,True,4.67,False,False,False,False,False,False
845,002331,皖通科技,I 信息技术,腾讯前复权日K回退（成交额、换手率已提供）,False,2026-08-06,7.05,6.928,6.678999999999999,True,True,True,True,7.27,-3.026134800550203,False,52.786439854747066,-0.14073080988846787,-0.26789768115955265,0.25433374254216956,True,False,False,False,2026-07-24,9.0,19.317247264132742,16.172177099328444,25.607387593741336,False,False,,,False,72525.0,91896.4,0.7892039296425105,False,50969500.0,1.8,28.316388888888888,0.8583690987124415,2.718168812589419,5.554723761042079,36.84210526315797,63.15789473684204,False,10.17,False,False,False,False,False,False
846,002332,仙琚制药,C 制造业,腾讯前复权日K回退（成交额、换手率已提供）,False,2026-08-06,8.46,8.598,8.494,False,False,True,False,8.88,-4.729729729729729,False,49.846026623443585,0.05215731079764474,0.04234188787952369,0.019630845836242097,True,False,False,False,2026-07-30,5.0,50.47498973116503,50.08156453882992,51.26184011583524,False,False,,,False,105131.0,104362.6,1.0073627908848573,False,89428500.0,1.07,83.57803738317757,-1.6279069767441756,2.2093023255814104,-0.40028255238990956,5.263157894736695,5.263157894737629,False,8.88,False,True,False,False,False,False
847,002333,罗普斯金,C 制造业,腾讯前复权日K回退（成交额、换手率已提供）,False,2026-08-06,5.47,5.37,5.0649999999999995,True,True,True,True,5.41,1.109057301293893,True,68.13914483120334,0.13674497389331908,0.09217474384342962,0.08914046009977891,True,False,False,False,2026-07-22,11.0,45.19791533560664,41.47766241558926,52.6384211756414,False,False,,,False,147401.0,69292.4,2.127231846493988,True,79996400.0,2.21,36.197466063348415,2.0522388059701413,3.5447761194029916,7.996051332675227,15.789473684210625,84.21052631578938,True,5.46,True,False,False,False,True,False
848,002334,英威腾,C 制造业,腾讯前复权日K回退（成交额、换手率已提供）,False,2026-08-06,6.7,6.702000000000001,6.4985,False,True,True,True,7.21,-7.073509015256585,False,47.529252391402835,-0.18045100733052521,-0.29934757202226503,0.23779312938347963,True,False,False,False,2026-07-27,8.0,21.17261854333772,18.325737433795574,26.86638076242201,False,False,,,False,94371.0,117069.2,0.8061129656647521,False,63152700.00000001,1.28,49.33804687500001,-0.8875739644970349,2.514792899408283,3.100715549742252,23.52941176470539,58.823529411765044,False,9.6,False,False,False,False,False,False
849,002335,科华数据,C 制造业,腾讯前复权日K回退（成交额、换手率已提供）,False,2026-08-06,30.99,30.344,30.7925,True,True,False,True,37.89,-18.21060965954078,False,44.24085745826201,-1.7574920995081484,-2.2204369876284953,0.9258897762406937,True,False,False,False,2026-08-03,3.0,13.64822050894326,10.469405382709681,20.005850761410414,False,False,2026-08-03,3.0,True,232730.0,245881.4,0.9465132376828829,False,723081600.0,3.53,204.8389801699717,-1.9303797468354533,2.499999999999997,0.6413899488511748,30.379746835442873,41.77215189873401,False,49.81,False,False,False,False,False,False
850,002337,赛象科技,C 制造业,腾讯前复权日K回退（成交额、换手率已提供）,False,2026-08-06,4.6,4.532,4.351999999999999,True,True,True,True,4.7,-2.1276595744680966,False,55.892392319424104,-0.03183943991097227,-0.1013914140318054,0.13910394824166628,True,False,False,False,,,20.336681881953012,16.603509256698445,27.803027132462148,False,False,2026-07-27,8.0,True,72241.0,86234.8,0.8377244453515286,False,33024400.0,1.23,26.84910569105691,1.098901098901095,2.19780219780221,5.698529411764712,10.000000000000622,89.99999999999937,True,6.15,False,True,False,False,False,False
851,002338,奥普光电,C 制造业,腾讯前复权日K回退（成交额、换手率已提供）,False,2026-08-06,42.17,40.608,41.903999999999996,True,True,False,True,57.85,-27.104580812445978,False,44.49378861704348,-2.7975813505307983,-3.4066964177959997,1.218230134530403,True,False,False,False,2026-07-31,4.0,14.414351436019578,12.239434088678708,18.764186130701315,False,False,2026-08-05,1.0,True,72821.0,92550.2,0.7868270408924022,False,305127200.0,3.03,100.70204620462047,0.5963740458015288,3.3396946564885464,0.6347842688049001,23.571428571428473,76.42857142857153,True,67.89,False,False,False,False,False,False
852,002339,积成电子,C 制造业,腾讯前复权日K回退（成交额、换手率已提供）,False,2026-08-06,7.3,7.331999999999999,6.8694999999999995,False,True,True,True,7.52,-2.925531914893614,False,55.27135950467256,0.03307713878904295,-0.08714721305184016,0.2404487036817662,True,False,False,False,,,21.92885578806631,19.03152806110079,27.72351124199735,False,False,,,False,136886.0,211281.4,0.647884764110802,False,99556700.0,2.86,34.810034965034966,-1.084010840108407,2.7100271002710055,6.266831647135895,0.0,60.0,False,10.61,False,False,False,False,True,False
853,002340,格林美,C 制造业,腾讯前复权日K回退（成交额、换手率已提供）,False,2026-08-06,6.75,6.7540000000000004,6.5504999999999995,False,True,True,True,6.85,-1.459854014598535,False,51.44420660754821,-0.02838074703174609,-0.09615048697869363,0.1355394798938951,True,False,False,False,,,17.29509801460617,15.867098704925818,20.151096633966883,False,False,,,False,1656840.0,1002975.0,1.6519255215733193,False,1134093300.0,3.26,347.8813803680981,-1.3157894736842035,4.093567251461992,3.045569040531264,17.857142857142776,14.285714285714285,False,8.95,False,False,False,True,False,False
854,002342,巨力索具,C 制造业,腾讯前复权日K回退（成交额、换手率已提供）,False,2026-08-06,8.23,7.837999999999999,7.8515,True,True,False,True,11.55,-28.744588744588746,False,47.529948545635875,-0.6183437977211579,-0.8553728717785691,0.4740581481148225,True,False,False,False,2026-07-30,5.0,9.327854830870228,7.688501273562135,12.606561945486412,False,False,,,False,612385.0,677924.4,0.9033234384246974,False,500685899.99999994,6.41,78.1101248049922,1.8564356435643692,3.7128712871286993,4.820734891422031,19.999999999999645,80.00000000000036,True,21.21,False,False,False,False,False,False
855,002343,慈文传媒,R 文化传播,腾讯前复权日K回退（成交额、换手率已提供）,False,2026-08-06,5.17,5.11,4.7355,True,True,True,True,5.24,-1.3358778625954253,False,62.61812368809285,0.09723611774291285,0.007354633134526462,0.1797629692167728,True,False,False,False,,,36.82578200218092,30.98688339742924,48.5035792116843,False,False,2026-07-28,7.0,True,112194.0,115294.6,0.9731071533272156,False,58171700.0,2.37,24.545021097046412,-0.576923076923086,4.615384615384619,9.175377468060393,50.0,37.49999999999991,False,6.2,False,False,False,False,True,False
856,002344,海宁皮城,L 商务服务,腾讯前复权日K回退（成交额、换手率已提供）,False,2026-08-06,3.78,3.781999999999999,3.6965000000000003,False,True,True,True,3.85,-1.8181818181818254,False,54.9136672325863,0.020531500669227487,0.00018954738709501835,0.04068390656426494,True,False,False,False,,,34.284806654447856,32.49966791464189,37.85508413405978,False,False,,,False,77159.0,85827.2,0.8990040453376086,False,28910300.000000004,0.6,48.18383333333334,0.8000000000000007,2.1333333333333355,2.2588935479507493,12.500000000000277,87.49999999999972,True,4.45,False,False,False,False,False,False
857,002345,潮宏基,C 制造业,腾讯前复权日K回退（成交额、换手率已提供）,False,2026-08-06,10.69,10.504000000000001,10.241,True,True,True,False,11.08,-3.5198555956678748,False,56.930195189226055,0.21254052242104393,0.20224394239257865,0.02059316005693057,True,False,False,False,2026-08-05,1.0,73.47100884081284,71.08203948400377,78.248947554431,False,False,,,False,344911.0,295224.8,1.1682995466505524,False,377273600.0,3.98,94.79236180904522,0.375586854460086,5.352112676056324,4.384337467044232,29.824561403508838,10.526315789473488,False,11.08,False,False,False,False,False,False
858,002346,柘中股份,C 制造业,腾讯前复权日K回退（成交额、换手率已提供）,False,2026-08-06,20.19,18.59,18.293,True,True,True,True,22.39,-9.825815096025007,False,59.419007016025404,-0.14310913285843796,-0.46566392430697817,0.6451095828970804,True,False,False,False,2026-08-05,1.0,39.693864676997535,28.937111211458262,61.20737160807608,False,False,2026-08-03,3.0,True,101064.0,69902.8,1.4457789959772713,False,201299600.0,2.58,78.0231007751938,0.9500000000000064,5.800000000000001,10.370086918493424,17.241379310344765,82.75862068965523,True,24.24,False,False,False,False,True,True
859,002347,泰尔股份,C 制造业,腾讯前复权日K回退（成交额、换手率已提供）,False,2026-08-06,5.93,5.848000000000001,5.454,True,True,True,True,5.96,-0.5033557046979908,False,57.00229797889638,-0.04169985139932386,-0.1742522298701284,0.26510475694160907,True,False,False,False,2026-07-15,16.0,24.306086431863662,20.61629578474114,31.685667726108704,False,False,,,False,100565.0,130627.8,0.7698590958433044,False,59397600.0,2.04,29.11647058823529,0.33840947546530664,2.8764805414551597,8.727539420608728,35.29411764705913,64.70588235294088,False,8.76,False,True,False,False,True,False
860,002348,高乐股份,C 制造业,腾讯前复权日K回退（成交额、换手率已提供）,False,2026-08-06,11.85,10.952,10.3215,True,True,True,True,12.12,-2.2277227722772244,False,59.12909084505008,0.009683915389601339,-0.286102492759161,0.5915728162975247,True,False,False,False,2026-07-27,8.0,45.24771031194741,38.892247146964344,57.95863664191354,False,False,,,False,742833.0,302289.2,2.457358714767183,True,880158500.0,8.22,107.07524330900242,-2.2277227722772297,3.960396039603964,14.808894056096491,58.33333333333351,41.66666666666648,False,16.09,False,True,False,True,True,False
861,002349,精华制药,C 制造业,腾讯前复权日K回退（成交额、换手率已提供）,False,2026-08-06,6.66,6.731999999999999,6.725999999999999,False,False,True,False,7.09,-6.064880112834975,False,49.19134139925052,0.025696190550612563,0.028115173853158624,-0.004837966605092121,False,True,False,True,,,30.246039707247075,30.808808911748056,29.12050129824511,False,True,,,False,87608.0,93280.6,0.9391877839550774,False,58245800.0,1.08,53.93129629629629,-0.29940119760478723,1.9461077844311496,-0.9812667261373618,23.07692307692313,46.15384615384626,False,7.39,False,True,False,False,False,False
862,002350,北京科锐,C 制造业,腾讯前复权日K回退（成交额、换手率已提供）,False,2026-08-06,16.37,15.138,14.6845,True,True,True,True,17.1,-4.269005847953219,False,61.52369322720355,0.22169874936727219,0.004430357095916805,0.4345367845427108,True,False,False,False,2026-08-04,2.0,53.136895157334344,42.81083583170861,73.7890138085858,False,False,,,False,238419.0,160382.6,1.4865640038258514,False,381060400.0,4.49,84.8686859688196,1.4250309789343163,5.204460966542761,11.47808914161191,8.333333333333352,91.66666666666666,True,18.35,False,True,False,True,False,False
863,002351,漫步者,C 制造业,腾讯前复权日K回退（成交额、换手率已提供）,False,2026-08-06,10.25,10.418000000000001,10.0315,False,True,True,False,10.69,-4.115996258185215,False,54.65164566404922,0.14539624373115956,0.08618142535139897,0.11842963675952117,True,False,False,False,2026-07-09,20.0,54.38130602070684,53.01377057245483,57.11637691721086,False,False,,,False,67623.0,89420.6,0.7562351404486214,False,69454600.0,1.3,53.42661538461538,-1.061776061776054,1.4478764478764343,2.17813886258287,6.666666666666588,26.66666666666635,False,11.56,False,False,False,False,False,False
864,002352,顺丰控股,G 运输仓储,腾讯前复权日K回退（成交额、换手率已提供）,False,2026-08-06,33.72,34.444,33.82299999999999,False,False,True,False,35.47,-4.933746828305611,False,49.101547222925205,0.35636772241449677,0.35010722406181377,0.012520996705365994,True,False,False,False,,,50.37412331740981,52.86475315926342,45.39286363370259,False,False,,,False,173039.0,241470.4,0.7166054307277414,False,585462800.0,0.36,1626.2855555555557,-0.8526903851808321,1.3819464863275475,-0.3045265056322457,25.531914893616538,10.638297872339846,False,36.57,False,False,False,False,False,False
865,002353,杰瑞股份,C 制造业,腾讯前复权日K回退（成交额、换手率已提供）,False,2026-08-06,144.57,140.166,135.322,True,True,True,True,170.0,-14.958823529411768,False,51.84387942198211,-1.5994878736051135,-3.4417183323420346,3.6844609174738423,True,False,False,False,2026-07-31,4.0,60.3595393073164,56.50039295173723,68.07783201847475,False,False,,,False,164585.0,212147.4,0.7758049356249476,False,2413959500.0,2.38,1014.2686974789917,-2.9666420565138685,6.154775488287796,6.834069848213882,65.10359869138502,19.302071973827527,False,176.59,False,False,False,False,False,True
866,002354,天娱数科,I 信息技术,腾讯前复权日K回退（成交额、换手率已提供）,False,2026-08-06,8.1,7.514,7.038499999999999,True,True,True,True,8.89,-8.886389201349841,False,58.47312634212826,-0.0882619787109773,-0.28996348234797736,0.40340300727400014,True,False,False,False,2026-08-04,2.0,44.27158591399345,34.51566358000653,63.78343058196728,False,False,,,False,4414021.0,3121676.8,1.4139903913178968,False,3535214200.0,27.15,130.21046777163903,2.2727272727272707,4.924242424242432,15.08133835334234,33.333333333333485,66.66666666666652,False,10.34,False,False,False,False,True,True
867,002355,兴民智通,C 制造业,腾讯前复权日K回退（成交额、换手率已提供）,False,2026-08-06,5.04,4.668000000000001,4.312,True,True,True,True,4.94,2.0242914979757014,True,69.29998711777938,0.05068700271572357,-0.07191267132150414,0.24519934807445543,True,False,False,False,,,27.001073110134012,18.83008141175985,43.343056506882334,False,False,2026-07-27,8.0,True,1061679.0,124212.2,8.547300506713512,False,555099400.0,17.17,32.32960978450786,2.0242914979756943,9.109311740890673,16.883116883116877,35.55555555555564,13.333333333333266,False,6.77,False,True,False,False,False,True
868,002356,鹏飞绿能,F 批发零售,腾讯前复权日K回退（成交额、换手率已提供）,False,2026-08-06,2.71,2.672,2.6125,True,True,True,True,2.93,-7.508532423208197,False,51.643470818728865,-0.04580096397793909,-0.08200845775652835,0.07241498755717851,True,False,False,False,2026-07-27,8.0,21.118980495774395,17.09973938344208,29.15746272043902,False,False,2026-07-23,10.0,True,166336.0,169585.4,0.9808391524270368,False,44630300.0,1.27,35.14196850393701,0.37037037037035425,2.5925925925926028,3.7320574162679483,14.285714285714556,85.71428571428544,True,3.58,False,False,False,False,True,False
869,002357,富临运业,G 运输仓储,腾讯前复权日K回退（成交额、换手率已提供）,False,2026-08-06,8.97,8.834,8.661,True,True,True,True,9.68,-7.334710743801644,False,52.0901345948453,-0.1388180649370625,-0.2562241254732276,0.23481212107233018,True,False,False,False,2026-07-29,6.0,11.676667638708091,9.338120130880803,16.35376265436267,False,False,2026-07-29,6.0,True,54520.0,70719.4,0.7709341425408022,False,48454100.0,1.74,27.847183908045977,0.3355704697986628,2.12527964205818,3.5677173536543245,0.0,100.0,True,12.65,False,False,False,False,False,False
870,002358,森源电气,C 制造业,腾讯前复权日K回退（成交额、换手率已提供）,False,2026-08-06,5.63,5.692,5.4,False,True,True,True,5.8,-2.9310344827586197,False,52.23977659378756,0.018044731083673327,-0.054313200994211476,0.1447158641557696,True,False,False,False,2026-07-15,16.0,24.653883953765085,23.126344557046465,27.70896274720232,False,False,2026-07-23,10.0,True,238375.0,288937.4,0.8250056932747369,False,133833300.0,2.56,52.2786328125,-1.7452006980802848,2.792321116928449,4.25925925925925,6.2499999999998614,50.0,False,8.01,False,True,False,True,False,False
871,002360,ST同德,C 制造业,腾讯前复权日K回退（成交额、换手率已提供）,False,2026-08-06,5.19,5.094,5.1335,True,True,False,True,6.04,-14.0728476821192,False,51.538980935263474,-0.06847543456011618,-0.10705932832042761,0.07716778752062287,True,False,False,False,2026-08-04,2.0,30.00736337465337,27.040438147668045,35.94121382862402,False,False,,,False,31897.0,53010.2,0.6017143870424937,False,16484200.0,0.98,16.82061224489796,0.3868471953578423,1.547388781431336,1.1006136164410376,24.999999999999446,75.00000000000055,True,6.49,False,True,False,False,False,False
872,002361,神剑股份,C 制造业,腾讯前复权日K回退（成交额、换手率已提供）,False,2026-08-06,11.7,10.693999999999999,10.118,True,True,True,True,12.86,-9.020217729393469,False,54.056712743158435,-0.6743011035811062,-1.1434512814161844,0.9383003556701563,True,False,False,False,2026-07-28,7.0,17.727508216365553,13.356434741325709,26.469655166445246,False,False,2026-08-03,3.0,True,2218162.0,1259243.2,1.761504052592859,False,2631122800.0000005,27.42,95.95633843909557,2.5416301489921134,8.588957055214728,15.635501087171367,61.224489795918494,38.77551020408151,False,21.2,False,False,False,False,True,True
873,002362,汉王科技,C 制造业,腾讯前复权日K回退（成交额、换手率已提供）,False,2026-08-06,16.08,15.884,14.851499999999998,True,True,True,True,16.55,-2.839879154078564,False,58.86872601784706,0.020665699319796005,-0.2876357283019123,0.6166028552434166,True,False,False,False,2026-07-22,11.0,28.38248611312186,22.92501240135178,39.29743353666203,False,False,2026-07-27,8.0,True,57986.0,58365.4,0.9934995733773777,False,93824800.0,2.79,33.628960573476704,-0.9242144177449285,3.450400492914348,8.271891728108276,51.785714285714256,30.357142857142595,False,21.16,False,False,False,False,True,False
874,002363,隆基机械,C 制造业,腾讯前复权日K回退（成交额、换手率已提供）,False,2026-08-06,6.44,6.398000000000001,6.1465,True,True,True,True,6.58,-2.12765957446808,False,56.079246716612225,-0.0018497560314614248,-0.08309606347535987,0.1624926148877969,True,False,False,False,,,23.007322158338095,19.77976383549026,29.46243880403376,False,False,2026-07-27,8.0,True,51850.0,50337.0,1.0300574130361364,False,33115200.0,1.25,26.49216,0.46801872074884177,2.1840873634945486,4.775075246075015,7.142857142856962,92.85714285714303,True,8.47,False,False,False,True,False,False
875,002364,中恒电气,C 制造业,腾讯前复权日K回退（成交额、换手率已提供）,False,2026-08-06,38.54,36.949999999999996,41.0875,True,False,False,True,59.86,-35.61643835616439,False,43.50541818618908,-3.4913965209617785,-3.6795810124080677,0.37636898289257825,True,False,True,False,,,35.31511956278058,33.81284719100923,38.319664306323276,False,False,,,False,238881.0,337412.0,0.7079801548255545,False,920476799.9999999,4.28,215.0646728971962,-1.2048192771084265,4.357856959753917,-6.200182537268025,47.05882352941194,52.94117647058806,False,59.87,False,True,False,False,True,True
876,002365,永安药业,C 制造业,腾讯前复权日K回退（成交额、换手率已提供）,False,2026-08-06,12.91,12.703999999999999,12.242,True,True,True,True,14.0,-7.785714285714285,False,59.87132575969175,0.4031464901447279,0.36443298343208624,0.07742701342528335,True,False,False,False,,,67.0218806094901,64.08727274495838,72.89109633855352,False,False,,,False,280082.0,192196.6,1.4572682347138295,False,358573900.0,11.42,31.398765323992997,1.2549019607843048,5.019607843137259,5.456624734520497,26.562499999999968,64.06249999999997,False,14.0,False,True,False,False,True,False
877,002366,融发核电,C 制造业,腾讯前复权日K回退（成交额、换手率已提供）,False,2026-08-06,6.4,6.3260000000000005,5.532500000000001,True,True,True,True,6.98,-8.30945558739255,False,62.46997227831955,0.1805447808977947,0.0007004822209082662,0.35968859735377284,True,False,False,False,2026-07-20,13.0,45.8759623359775,36.90258783521413,63.82271133750423,False,False,,,False,1407422.0,1287529.8,1.0931180000649305,False,908983300.0,7.61,119.44590013140603,-5.0445103857566735,4.0059347181008835,15.68007230004518,37.03703703703696,14.81481481481485,False,7.99,False,True,False,False,True,False
878,002367,康力电梯,C 制造业,腾讯前复权日K回退（成交额、换手率已提供）,False,2026-08-06,5.42,5.394,5.384,True,True,True,True,6.34,-14.511041009463721,False,44.88702499725639,-0.1634204682790834,-0.20009700393473276,0.0733530713112987,True,False,False,False,2026-08-03,3.0,17.022774184262378,14.74873429127706,21.570853970233017,False,False,2026-07-29,6.0,True,75613.0,96475.6,0.7837525757808191,False,40835400.0,0.95,42.98463157894737,0.1848428835489857,1.8484288354898435,0.6686478454680458,20.000000000000355,79.99999999999964,True,7.46,False,True,False,False,True,False
879,002368,太极股份,I 信息技术,腾讯前复权日K回退（成交额、换手率已提供）,False,2026-08-06,14.76,14.824000000000002,13.9495,False,True,True,True,15.36,-3.906249999999998,False,55.18220448179412,0.0022871265416313236,-0.24089186049507477,0.4863579740734122,True,False,False,False,2026-07-16,15.0,22.13776882422795,18.828219944691565,28.756866583300727,False,False,2026-07-28,7.0,True,96837.0,112765.8,0.858744406548794,False,144278900.0,1.56,92.48647435897436,-1.468624833110821,3.6715620827770286,5.810244094770417,70.90909090909082,21.818181818181717,False,17.63,False,True,False,False,False,False
880,002369,卓翼科技,C 制造业,腾讯前复权日K回退（成交额、换手率已提供）,False,2026-08-06,6.27,5.694,5.305999999999999,True,True,True,True,5.9,6.271186440677952,True,70.25939971369655,0.05413925371081696,-0.08167953182134999,0.2716375710643339,True,False,False,False,2026-07-10,19.0,37.21998785783499,28.730725317438445,54.19851293862808,False,False,,,False,274980.0,271699.8,1.012072883380849,False,169185099.99999997,4.86,34.8117489711934,9.999999999999986,9.824561403508765,18.168111571805515,0.0,100.0,True,7.58,False,False,False,False,False,True
881,002370,亚太药业,C 制造业,腾讯前复权日K回退（成交额、换手率已提供）,False,2026-08-06,5.13,5.01,5.032,True,True,False,True,5.76,-10.937499999999998,False,50.65095197968514,-0.11776400428241196,-0.16764916683361192,0.09977032510239991,True,False,False,False,2026-08-03,3.0,16.100042459237454,13.661004601274039,20.97811817516428,False,False,2026-07-31,4.0,True,198052.0,210998.2,0.9386430784717594,False,100941800.0,2.66,37.948045112781955,0.7858546168958647,1.964636542239696,1.94753577106518,20.000000000000355,79.99999999999964,True,6.79,False,False,False,False,True,False
882,002371,北方华创,C 制造业,腾讯前复权日K回退（成交额、换手率已提供）,False,2026-08-06,742.5,698.4,724.7945,True,True,False,True,905.0,-17.955801104972377,False,52.05008476476438,-10.517054319735848,-7.9954000653826505,-5.043308508706396,False,True,False,False,,,53.65610476857842,51.82487519236497,57.318563921005335,False,False,,,False,107590.0,143235.2,0.7511421773418824,False,7971136899.999999,1.48,5385.90331081081,1.1304821574502855,7.583764641786972,2.4428303470845916,39.83477011494247,60.16522988505753,False,967.24,False,False,False,False,False,False
883,002372,伟星新材,C 制造业,腾讯前复权日K回退（成交额、换手率已提供）,False,2026-08-06,8.61,8.794,8.2595,False,True,True,False,9.16,-6.004366812227082,False,52.42136456174552,0.07224834112861345,-0.026500443550020875,0.19749756935726864,True,False,False,False,2026-07-17,14.0,33.712905813996095,32.676063757605355,35.78658992677758,False,False,,,False,126161.0,162946.8,0.7742465639092023,False,108362900.00000001,0.86,126.00337209302329,-0.46242774566475076,1.9653179190751435,4.243598280767604,23.52941176470539,52.94117647058817,False,10.8,False,False,False,False,False,False
884,002373,千方科技,I 信息技术,腾讯前复权日K回退（成交额、换手率已提供）,False,2026-08-06,8.01,8.078,7.5375,False,True,True,True,8.27,-3.143893591293831,False,61.703471671553075,0.1647287718033068,0.06534818580750902,0.19876117199159557,True,False,False,False,,,35.592080374536714,31.38182465279669,44.01259181801675,False,False,,,False,224589.0,245696.2,0.9140922814435062,False,181347400.00000003,1.63,111.25607361963193,-1.717791411042957,2.331288343558276,6.2686567164179126,52.631578947368375,10.526315789473488,False,9.04,False,False,False,False,False,False
885,002374,中锐股份,C 制造业,腾讯前复权日K回退（成交额、换手率已提供）,False,2026-08-06,3.14,3.078,2.9334999999999996,True,True,True,True,3.17,-0.946372239747628,False,55.259911447568264,-0.012633834402969502,-0.05434905966141726,0.08343045051689552,True,False,False,False,2026-07-24,9.0,39.8390997531501,36.76827301223315,45.98075323498401,False,False,,,False,228347.0,201129.8,1.1353215684597708,False,70915900.0,2.1,33.76947619047619,1.2903225806451646,2.5806451612903247,7.039372762911218,0.0,100.0,True,4.0,False,False,False,True,False,False
886,002375,亚厦股份,E 建筑业,腾讯前复权日K回退（成交额、换手率已提供）,False,2026-08-06,3.52,3.536,3.4485,False,True,True,True,3.59,-1.9498607242339787,False,52.47527033677863,0.006343917187054515,-0.018818822227717427,0.050325478829543885,True,False,False,False,,,18.38440057342156,17.59633706718144,19.960527585901794,False,False,2026-07-27,8.0,True,123061.0,133149.0,0.9242352552403698,False,43098100.00000001,0.92,46.84576086956523,-0.28328611898016387,1.699716713881009,2.073365231259965,16.66666666666642,83.33333333333358,True,4.96,False,True,False,True,False,False
887,002376,新北洋,C 制造业,腾讯前复权日K回退（成交额、换手率已提供）,False,2026-08-06,6.99,6.494,6.2025,True,True,True,True,6.46,8.204334365325082,True,76.06359892125778,0.1249796645085759,0.047090578610044925,0.15577817179706194,True,False,False,False,,,59.36288351811669,48.53512909400325,81.01839236634356,False,False,,,False,383085.0,93985.0,4.076022769590892,False,266856400.0,4.87,54.79597535934292,10.078740157480315,3.937007874015748,12.696493349455872,0.0,100.0,True,7.18,False,True,False,True,False,False
888,002377,国创高新,C 制造业,腾讯前复权日K回退（成交额、换手率已提供）,False,2026-08-06,2.63,2.59,2.587,True,True,True,True,2.87,-8.362369337979102,False,50.32822549336662,-0.04366394674028529,-0.06304798269168896,0.038768071902807344,True,False,False,False,2026-08-03,3.0,15.766021381569125,13.504869792849606,20.288324559008164,False,False,2026-07-31,4.0,True,183016.0,198886.2,0.9202046195261411,False,47612800.0,2.1,22.672761904761906,1.1538461538461497,2.3076923076923097,1.6621569385388366,0.0,100.0,True,3.59,False,False,False,False,False,False
889,002378,章源钨业,C 制造业,腾讯前复权日K回退（成交额、换手率已提供）,False,2026-08-06,26.37,23.95,23.814,True,True,True,True,28.83,-8.532778355879284,False,52.71331096421715,-1.549836945580843,-2.1895899958139444,1.279506100466203,True,False,False,False,2026-08-03,3.0,20.711167531195926,15.04511139769165,32.04327979820448,False,False,2026-08-03,3.0,True,890703.0,389696.2,2.2856342966649406,True,2325946700.0,7.45,312.207610738255,4.601348671162242,5.8310194367314505,10.733182161753595,42.85714285714282,57.142857142857174,False,40.68,False,False,False,False,True,False
890,002379,宏桥控股,C 制造业,腾讯前复权日K回退（成交额、换手率已提供）,False,2026-08-06,18.86,19.282,18.7425,False,True,True,False,22.13,-14.776321735201083,False,51.844927284199166,0.5822830619604105,0.5982198801988786,-0.03187363647693631,False,True,False,True,,,34.54496132033819,35.72272584756316,32.18943226588824,False,False,,,False,623259.0,852720.2,0.730906808587389,False,1171775900.0,5.48,213.82771897810218,0.10615711252652815,3.6624203821655934,0.6269174336401212,7.246376811594329,50.72463768115928,False,23.58,False,True,False,False,True,False
891,002380,科远智慧,I 信息技术,腾讯前复权日K回退（成交额、换手率已提供）,False,2026-08-06,29.35,28.962,28.159499999999998,True,True,True,True,32.7,-10.244648318042817,False,47.56893317195907,-1.26499727075932,-1.8576483976813587,1.1853022538440774,True,False,False,False,2026-07-29,6.0,12.536127389839217,9.752946417330271,18.10248933485711,False,False,2026-07-31,4.0,True,61398.0,81753.6,0.751012799436355,False,180174100.0,4.32,41.70696759259259,-0.47473719905051226,2.8145133943709677,4.227702906656736,55.42168674698774,44.57831325301226,False,51.06,False,False,False,False,True,False
892,002381,双箭股份,C 制造业,腾讯前复权日K回退（成交额、换手率已提供）,False,2026-08-06,5.36,5.316,5.186999999999999,True,True,True,True,5.52,-2.898550724637668,False,54.47475537476725,-0.024586437436401987,-0.0753580625209735,0.10154325016914303,True,False,False,False,2026-07-29,6.0,22.09168685133542,18.325959154766675,29.62314224447291,False,False,2026-07-29,6.0,True,41307.0,52121.4,0.7925151665150975,False,21927300.0,1.28,17.130703125,1.132075471698113,2.6415094339622582,3.3352612299980904,7.1428571428570065,92.85714285714299,True,6.53,False,False,False,False,False,False
893,002382,蓝帆医疗,C 制造业,腾讯前复权日K回退（成交额、换手率已提供）,False,2026-08-06,5.88,5.912,5.664,False,True,True,True,6.23,-5.617977528089896,False,55.386204240848514,0.08227622899207265,0.02988328322999797,0.10478589152414937,True,False,False,False,,,22.590016250087746,21.273915704245294,25.222217341772655,False,False,2026-07-27,8.0,True,120604.0,212635.8,0.5671857702230763,False,70808200.0,1.21,58.51917355371901,-0.8431703204047181,2.698145025295112,3.813559322033902,18.75000000000014,37.49999999999972,False,7.26,False,False,False,False,False,False
894,002383,合众思壮,C 制造业,腾讯前复权日K回退（成交额、换手率已提供）,False,2026-08-06,7.07,6.982000000000001,6.689,True,True,True,True,7.42,-4.7169811320754675,False,56.34917400142923,-0.017233818475232532,-0.11747355027367809,0.20047946359689112,True,False,False,False,,,18.63463086198418,15.858862894598346,24.186166796755856,False,False,2026-07-23,10.0,True,123328.0,98082.8,1.2573866162058995,False,86945400.00000001,1.67,52.063113772455104,0.8559201141226991,3.566333808844508,5.695918672447305,43.99999999999977,56.00000000000023,False,9.64,False,True,False,False,True,False
895,002384,东山精密,C 制造业,腾讯前复权日K回退（成交额、换手率已提供）,False,2026-08-06,187.68,177.978,210.936,True,False,False,True,280.08,-32.99057412167951,False,43.5368673611485,-16.102573901586055,-13.431641037455742,-5.3418657282606254,False,True,False,False,,,46.19774560588521,46.39734050365925,45.79855581033712,False,False,,,False,859291.0,1062438.6,0.8087912092049365,False,16095175800.0,6.2,2595.9960967741936,-0.6090133982947665,8.76979293544458,-11.02514506769826,47.524154589372,52.475845410628,False,280.08,False,False,False,False,True,True
896,002385,大北农,C 制造业,腾讯前复权日K回退（成交额、换手率已提供）,False,2026-08-06,3.03,3.058,3.0195,False,True,True,True,3.14,-3.5031847133758065,False,50.5970022979443,0.005081779346736592,-0.006836191319851611,0.023835941333176406,True,False,False,False,,,26.813259655909206,26.106136240795603,28.227506486136413,False,False,,,False,912373.0,601042.2,1.5179849268487304,False,274821400.0,2.63,104.49482889733841,-0.328947368421062,2.631578947368409,0.34773969200198557,12.499999999999792,74.99999999999986,True,3.82,False,False,False,True,False,False
897,002386,天原股份,C 制造业,腾讯前复权日K回退（成交额、换手率已提供）,False,2026-08-06,5.92,5.851999999999999,5.7375,True,True,True,True,5.94,-0.33670033670034444,False,54.3490343427332,-0.012978968997749085,-0.046079640174629614,0.06620134235376106,True,False,False,False,2026-07-29,6.0,22.464188738029538,20.54228611637954,26.30799398132954,False,False,2026-07-29,6.0,True,223846.0,143481.6,1.5601024800392524,False,132464900.0,1.72,77.01447674418606,1.1965811965811923,3.247863247863255,3.180827886710241,42.10526315789469,57.89473684210531,False,6.61,False,False,False,False,True,False
898,002387,维信诺,C 制造业,腾讯前复权日K回退（成交额、换手率已提供）,False,2026-08-06,7.18,7.06,6.817,True,True,True,True,8.18,-12.224938875305625,False,49.73048141894034,-0.21463076826733385,-0.3437223225132868,0.25818310849190595,True,False,False,False,2026-07-29,6.0,34.63429656750058,30.666866538435144,42.56915662563145,False,False,,,False,156795.0,156545.8,1.0015918664058698,False,111702900.00000001,1.12,99.73473214285715,0.8426966292134797,2.3876404494382135,5.324922986651013,5.88235294117684,94.11764705882317,True,9.27,False,False,False,False,False,False
899,002388,新亚制程,C 制造业,腾讯前复权日K回退（成交额、换手率已提供）,False,2026-08-06,5.02,4.82,4.409,True,True,True,True,5.29,-5.103969754253317,False,55.93834225002729,0.009044265007304375,-0.10187658103301743,0.2218416920806436,True,False,False,False,2026-07-27,8.0,38.73511602810319,35.042728420844995,46.11989124261959,False,False,2026-07-23,10.0,True,483556.0,694055.4,0.6967109541976044,False,240388900.0,9.55,25.171612565445024,2.240325865580428,5.091649694501018,13.85801769108641,28.000000000000114,71.99999999999989,True,6.99,False,False,False,False,False,False
900,002389,航天彩虹,C 制造业,腾讯前复权日K回退（成交额、换手率已提供）,False,2026-08-06,18.95,18.634,17.9635,True,True,True,True,19.32,-1.915113871635616,False,59.061556947958536,0.1404259009257096,-0.015844592042933946,0.31254098593728713,True,False,False,False,,,31.54539382676914,28.639217333245792,37.35774681381583,False,False,,,False,404686.0,216244.6,1.8714270784102816,True,769694800.0,4.11,187.27367396593672,2.59880887926367,3.1943692474282614,5.491691485512286,66.10169491525436,33.89830508474565,False,22.48,False,True,False,False,True,False
901,002390,信邦制药,F 批发零售,腾讯前复权日K回退（成交额、换手率已提供）,False,2026-08-06,2.93,2.9699999999999998,2.966,False,False,True,False,3.2,-8.4375,False,50.11532511910287,0.024638801743202876,0.028127127010946145,-0.006976650535486538,False,True,False,True,,,49.411221488144385,50.58522975526393,47.0632049539053,False,False,,,False,197552.0,207695.8,0.9511603027119471,False,57698900.0,1.02,56.56754901960784,-0.340136054421758,2.040816326530614,-1.2137559002022937,16.666666666667037,66.66666666666666,False,3.26,False,False,False,False,False,False
902,002391,长青股份,C 制造业,腾讯前复权日K回退（成交额、换手率已提供）,False,2026-08-06,5.28,5.273999999999999,5.1415,True,True,True,True,5.34,-1.1235955056179703,False,56.14643489575934,0.020624514083471546,-0.011740183710821257,0.0647293955885856,True,False,False,False,,,26.339532041321295,24.421653864892324,30.17528839417924,False,False,2026-07-27,8.0,True,54490.0,82781.4,0.6582396528688812,False,28604500.0,1.17,24.4482905982906,0.38022813688214363,1.5209125475285186,2.69376641058058,0.0,100.0,True,6.25,False,False,False,True,False,False
903,002392,北京利尔,C 制造业,腾讯前复权日K回退（成交额、换手率已提供）,False,2026-08-06,7.37,7.328,7.085500000000001,True,True,True,True,7.57,-2.6420079260237803,False,50.025464733298634,-0.1248094724332951,-0.22146587509809143,0.19331280532959266,True,False,False,False,2026-07-28,7.0,17.690898927961467,15.914932397472038,21.24283198894032,False,False,2026-07-28,7.0,True,141536.0,115609.6,1.224258193091231,False,104481000.0,1.22,85.64016393442623,-0.8075370121130465,2.9609690444145325,4.015242396443433,36.36363636363644,40.90909090909089,False,11.3,False,False,False,False,True,False
904,002393,力生制药,C 制造业,腾讯前复权日K回退（成交额、换手率已提供）,False,2026-08-06,14.28,14.374,14.4495,False,False,False,True,15.65,-8.753993610223649,False,47.029701215013674,-0.10308137453540844,-0.13046838105334024,0.0547740130358636,True,False,False,False,2026-08-04,2.0,14.925694431503274,14.378694697332676,16.01969389984447,False,False,2026-08-03,3.0,True,22685.0,22672.0,1.000573394495413,False,32365600.0,0.76,42.58631578947368,-1.039501039501045,2.425502425502423,-1.1730509706218284,5.714285714285598,39.999999999999694,False,16.45,False,False,False,False,True,False
905,002394,联发股份,C 制造业,腾讯前复权日K回退（成交额、换手率已提供）,False,2026-08-06,9.63,9.172,8.657,True,True,True,True,9.57,0.626959247648908,True,59.82606281136534,-0.0414174383898267,-0.2189482860748014,0.3550616953699494,True,False,False,False,2026-07-28,7.0,25.00643262521051,20.515915227665744,33.98746742030005,False,False,2026-07-24,9.0,True,70888.0,51695.6,1.3712579020264781,False,67084700.0,2.19,30.632283105022832,5.361050328227579,6.673960612691479,11.239459397019761,3.2786885245900876,96.7213114754099,True,12.6,False,False,False,False,False,False
906,002395,双象股份,C 制造业,腾讯前复权日K回退（成交额、换手率已提供）,False,2026-08-06,12.35,12.219999999999999,11.8885,True,True,True,True,12.74,-3.0612244897959227,False,52.33683849710435,-0.15717869082301483,-0.3285016024149138,0.3426458231837979,True,False,False,False,,,11.88490633680639,10.161262355128352,15.332194300162467,False,False,2026-07-28,7.0,True,20684.0,28353.0,0.7295171586780941,False,25409200.0,0.77,32.99896103896104,0.16220600162206722,2.02757502027575,3.881902679059588,20.000000000000284,79.99999999999972,True,21.0,False,False,False,True,True,False
907,002396,星网锐捷,C 制造业,腾讯前复权日K回退（成交额、换手率已提供）,False,2026-08-06,29.02,26.966,28.903,True,True,False,True,36.98,-21.52514872904272,False,55.1744624149171,0.7282936639484987,1.248953368009705,-1.0413194081224124,False,True,False,False,,,54.264948983784485,53.719496379931996,55.35585419148947,True,False,,,False,1072316.0,808150.0,1.3268774361195323,False,3073889200.0,14.16,217.08257062146893,1.1149825783972167,6.236933797909405,0.40480226966059196,21.229050279329563,78.77094972067043,True,36.98,False,False,False,False,False,True
908,002397,梦洁股份,C 制造业,腾讯前复权日K回退（成交额、换手率已提供）,False,2026-08-06,3.52,3.508,3.4445,True,True,True,True,3.84,-8.33333333333333,False,45.88203069526452,-0.122320715354995,-0.17974982168373824,0.11485821265748647,True,False,False,False,2026-07-28,7.0,16.113854991797798,14.415609478858158,19.51034601767708,False,False,,,False,131758.0,148137.4,0.8894310282210974,False,46170700.0,2.03,22.74418719211823,0.0,2.2727272727272747,2.1919001306430514,25.0,75.0,True,5.88,False,False,False,False,True,False
909,002398,垒知集团,C 制造业,腾讯前复权日K回退（成交额、换手率已提供）,False,2026-08-06,4.08,4.0440000000000005,3.838,True,True,True,True,4.14,-1.4492753623188313,False,59.643017920569555,0.025676823217413602,-0.02862549378988046,0.10860463401458813,True,False,False,False,,,25.331119181150328,21.381689801669264,33.229977940112455,False,False,2026-07-27,8.0,True,107467.0,143935.6,0.7466325217666789,False,43314900.0,1.79,24.19826815642458,1.2406947890818865,2.481389578163774,6.3053673788431475,0.0,100.0,True,4.98,False,True,False,False,False,False
910,002399,海普瑞,C 制造业,腾讯前复权日K回退（成交额、换手率已提供）,False,2026-08-06,9.69,9.722,9.721499999999999,False,False,True,True,10.41,-6.916426512968306,False,51.67339749447555,0.046587764986549374,0.04611517949780587,0.0009451709774870032,True,False,False,False,2026-08-04,2.0,38.52771069097129,37.91894429213684,39.745243488640185,False,False,,,False,49770.0,43157.2,1.1532258811971121,False,48295800.0,0.4,120.7395,-0.2059732234809597,2.8836251287332577,-0.3240240703595065,49.99999999999968,42.85714285714268,False,10.52,False,True,False,False,False,False
911,002400,省广集团,L 商务服务,腾讯前复权日K回退（成交额、换手率已提供）,False,2026-08-06,6.93,6.93,6.2355,False,True,True,True,7.2,-3.750000000000006,False,60.27815776998921,0.09891074617928997,-0.070275872337011,0.3383732370326019,True,False,False,False,2026-07-10,19.0,29.174199732797486,24.373286359539872,38.77602647931271,False,False,2026-07-27,8.0,True,1264852.0,1514066.6,0.8354005035181411,False,882511200.0,7.33,120.39716234652114,-2.805049088359046,4.908835904628326,11.137839788308872,54.28571428571421,28.5714285714285,False,9.55,False,False,False,False,False,False
912,002401,中远海科,I 信息技术,腾讯前复权日K回退（成交额、换手率已提供）,False,2026-08-06,12.57,12.488,11.8015,True,True,True,True,12.98,-3.158705701078583,False,61.722741462414625,0.09410790525926949,-0.08224137273457566,0.3526985559876903,True,False,False,False,2026-07-10,19.0,27.413770093762963,22.565680251180073,37.109949778928744,False,False,2026-07-28,7.0,True,43803.0,45474.4,0.9632452544728463,False,55406600.0,1.18,46.954745762711866,-0.23809523809523725,3.3333333333333326,6.511884082531877,69.04761904761885,30.95238095238114,False,15.15,False,True,False,False,True,False
913,002402,和而泰,C 制造业,腾讯前复权日K回退（成交额、换手率已提供）,False,2026-08-06,21.33,20.895999999999997,21.339,True,False,False,True,26.49,-19.479048697621746,False,46.286221166272284,-0.9871055113034615,-1.2663745494344427,0.5585380762619625,True,False,False,False,2026-08-03,3.0,13.8668066777468,11.04351808376268,19.51338386571504,False,False,2026-08-03,3.0,True,292685.0,327850.8,0.8927384041765339,False,625751100.0,3.58,174.79081005586593,-1.4780600461893778,2.725173210161679,-0.04217629692113193,57.62711864406804,42.37288135593196,False,33.35,False,True,False,False,True,False
914,002403,爱仕达,C 制造业,腾讯前复权日K回退（成交额、换手率已提供）,False,2026-08-06,9.57,9.326,8.8015,True,True,True,True,10.09,-5.153617443012879,False,56.743843170313085,-0.09422500953486157,-0.2770550810093547,0.3656601429489863,True,False,False,False,2026-07-31,4.0,37.18177054240681,30.24030369292696,51.064704241366506,False,False,2026-07-29,6.0,True,50665.0,76899.4,0.6588477933507935,False,48330300.0,1.7,28.42958823529412,1.9169329073482455,3.514376996805112,8.731466227347605,42.424242424242586,57.575757575757414,False,11.96,False,False,False,False,False,False
915,002404,嘉欣丝绸,C 制造业,腾讯前复权日K回退（成交额、换手率已提供）,False,2026-08-06,5.94,5.882,5.7165,True,True,True,True,5.95,-0.1680672268907527,False,55.31752050161192,-0.025003480302584258,-0.08628221184318838,0.12255746308120824,True,False,False,False,2026-07-14,17.0,20.963927904361014,17.959023149040718,26.973737415001608,False,False,2026-07-27,8.0,True,92954.0,72607.6,1.2802241087709825,False,54938500.0,2.04,26.930637254901963,0.8488964346349936,1.8675721561969494,3.9097349776961514,18.18181818181774,81.81818181818225,True,7.72,False,True,False,False,True,False
916,002405,四维图新,I 信息技术,腾讯前复权日K回退（成交额、换手率已提供）,False,2026-08-06,6.73,6.814,6.407500000000001,False,True,True,True,7.05,-4.539007092198573,False,52.60703906137151,-0.023200341034680605,-0.1471777123736047,0.24795474267784817,True,False,False,False,,,19.391445368815866,16.1231131767962,25.9281097528552,False,False,,,False,613825.0,601885.4,1.0198369988705491,False,417254100.00000006,2.61,159.86747126436785,-2.1802325581395277,4.069767441860469,5.033164260632068,39.28571428571436,17.857142857143096,False,9.88,False,False,False,False,True,False
917,002406,远东传动,C 制造业,腾讯前复权日K回退（成交额、换手率已提供）,False,2026-08-06,6.83,6.784000000000001,6.4475,True,True,True,True,6.87,-0.5822416302765653,False,57.23478369850476,0.01283437577114821,-0.07933191911012297,0.18433258976254235,True,False,False,False,,,25.16892120481987,21.417625864566276,32.671511885327064,False,False,2026-07-28,7.0,True,119664.0,137424.6,0.8707611301033439,False,81482100.0,1.99,40.94577889447236,0.4411764705882337,2.05882352941176,5.932531989143083,35.71428571428567,64.28571428571433,False,8.89,False,True,False,False,True,False
918,002407,多氟多,C 制造业,腾讯前复权日K回退（成交额、换手率已提供）,False,2026-08-06,36.09,32.342,32.6135,True,True,False,True,45.69,-21.011162179908066,False,52.9964594756715,-1.740845847300612,-2.2211519695516477,0.9606122445020713,True,False,False,False,2026-08-05,1.0,24.48784912024476,21.723173368600897,30.01720062353249,True,False,,,False,2235992.0,1476527.0,1.514359033055271,False,7607945000.0,20.73,367.0016883743367,9.99695214873515,11.246571167327048,10.659696138102323,0.0,100.0,True,57.5,False,False,False,False,False,True
919,002408,齐翔腾达,C 制造业,腾讯前复权日K回退（成交额、换手率已提供）,False,2026-08-06,5.05,5.086,4.93,False,True,True,False,5.19,-2.697495183044327,False,52.95226618830401,0.029322402563455086,-0.0056083851133956015,0.06986157535370137,True,False,False,False,,,20.744190760848863,19.92096982722344,22.390632628099702,False,False,2026-07-23,10.0,True,200555.0,235694.6,0.8509104578552075,False,101425200.0,0.73,138.93863013698632,-0.5905511811023723,1.771653543307084,2.4340770791075075,55.55555555555544,44.44444444444456,False,6.03,False,True,False,False,False,False
920,002409,雅克科技,C 制造业,腾讯前复权日K回退（成交额、换手率已提供）,False,2026-08-06,145.01,133.964,153.8825,True,False,False,True,229.0,-36.67685589519651,False,46.76070045952934,-7.880669501773099,-5.323628011927887,-5.114082979690423,False,True,False,False,,,37.07303319354312,37.629543264857226,35.960013050914895,False,False,,,False,386812.0,416733.6,0.9281996940011557,False,5524030600.000001,12.14,455.02723228995063,3.1218887782676674,9.351443606883784,-5.765762838529399,24.030418250950586,75.96958174904941,True,246.44,False,False,False,False,False,True
921,002410,广联达,I 信息技术,腾讯前复权日K回退（成交额、换手率已提供）,False,2026-08-06,9.6,9.644,8.94,False,True,True,True,9.99,-3.9039039039039096,False,62.96400489250534,0.2351967513232882,0.10474221160403346,0.2609090794385095,True,False,False,False,,,45.97176346880021,40.30979174438621,57.29570691762821,False,False,,,False,382873.0,447552.2,0.8554823325636651,False,369068700.0,2.44,151.25766393442623,-1.4373716632443578,3.901437371663234,7.382550335570472,55.26315789473675,28.947368421052555,False,11.15,False,True,False,False,True,False
922,002412,汉森制药,C 制造业,腾讯前复权日K回退（成交额、换手率已提供）,False,2026-08-06,7.0,6.906000000000001,6.707000000000001,True,True,True,True,8.12,-13.793103448275854,False,57.295087167331786,0.20874026838834592,0.20233111004210044,0.01281831669249095,True,False,False,False,,,58.28304665018931,57.77084729744383,59.30744535568029,True,False,,,False,283638.0,335563.2,0.8452595517029281,False,197685099.99999997,5.7,34.68159649122806,0.0,2.4285714285714275,4.368570150588925,35.29411764705861,64.70588235294139,False,8.12,False,False,False,False,True,False
923,002413,雷科防务,C 制造业,腾讯前复权日K回退（成交额、换手率已提供）,False,2026-08-06,8.69,8.297999999999998,8.069999999999999,True,True,True,True,9.89,-12.133468149646118,False,53.01716213256529,-0.28891676273824096,-0.47662682806877715,0.3754201306610724,True,False,False,False,2026-07-28,7.0,16.800273207673953,13.923680177302927,22.553459268416006,False,False,,,False,1233153.0,447623.0,2.7548919514859604,True,1078795200.0,9.52,113.31882352941177,2.8402366863905293,9.467455621301784,7.682775712515504,67.50000000000006,32.49999999999994,False,13.63,False,False,False,False,True,False
924,002414,高德红外,C 制造业,腾讯前复权日K回退（成交额、换手率已提供）,False,2026-08-06,13.49,13.072,13.5975,True,False,False,True,14.95,-9.765886287625412,False,50.95786812939249,-0.03712868761829213,0.015173918669246257,-0.10460521257507678,False,True,False,False,,,42.6101702088617,41.721679335116015,44.38715195635308,True,False,,,False,805133.0,1050626.8,0.7663358673127317,False,1086201200.0,2.37,458.3127426160337,-0.6627393225331346,3.38733431516936,-0.7905865048722186,45.65217391304337,54.34782608695663,False,15.0,False,False,False,False,True,False
925,002415,海康威视,C 制造业,腾讯前复权日K回退（成交额、换手率已提供）,False,2026-08-06,37.45,38.024,35.674,False,True,True,True,39.18,-4.415518121490549,False,60.73731456178372,1.2120206637275004,1.0171330324500731,0.3897752625548545,True,False,False,False,2026-07-22,11.0,87.68931930418171,86.88090381975928,89.30615027302656,False,False,,,False,1017034.0,1286455.2,0.7905708648074181,False,3817616700.0,1.12,3408.586339285714,-2.575442247658677,2.679500520291366,4.978415652856431,5.825242718446126,32.0388349514568,False,39.18,False,True,False,False,True,False
926,002416,爱施德,F 批发零售,腾讯前复权日K回退（成交额、换手率已提供）,False,2026-08-06,9.72,9.916,9.345,False,True,True,False,10.19,-4.612365063788017,False,53.43614964893198,0.06221441728894561,-0.0701755550348894,0.26477994464767,True,False,False,False,2026-07-13,18.0,24.09558176271592,22.81257320037906,26.661598887389637,False,False,2026-07-28,7.0,True,150297.0,227201.6,0.6615138273674129,False,146433500.0,1.23,119.05162601626017,-1.2195121951219412,2.4390243902439046,4.012841091492777,41.66666666666648,25.000000000000185,False,13.19,False,True,False,False,False,False
927,002418,康盛股份,C 制造业,腾讯前复权日K回退（成交额、换手率已提供）,False,2026-08-06,3.75,3.6019999999999994,3.4065,True,True,True,True,3.74,0.2673796791443793,True,54.873198166756836,-0.09304426059547355,-0.18873635401911168,0.19138418684727626,True,False,False,False,2026-07-23,10.0,17.801979433885013,15.104600057554046,23.19673818654695,False,False,,,False,445242.0,362519.6,1.2281873862820107,False,165218600.0,3.92,42.147602040816324,1.6260162601626105,3.794037940379395,10.083663584324091,21.42857142857134,78.57142857142865,True,6.56,False,False,False,False,False,False
928,002419,天虹股份,F 批发零售,腾讯前复权日K回退（成交额、换手率已提供）,False,2026-08-06,4.56,4.593999999999999,4.4545,False,True,True,True,4.74,-3.7974683544303924,False,54.20671857659863,0.0225031736984711,-0.010756840198034938,0.06652002779301208,True,False,False,False,,,26.359894025724298,24.669291310616572,29.741099455939747,False,False,,,False,92607.0,122445.4,0.7563126095386189,False,41987900.0,0.81,51.83691358024691,-0.2188183807440014,2.1881838074398168,2.3683915141991077,0.0,69.99999999999964,False,5.26,False,False,False,True,False,False
929,002420,毅昌科技,C 制造业,腾讯前复权日K回退（成交额、换手率已提供）,False,2026-08-06,5.67,5.59,5.2379999999999995,True,True,True,True,5.71,-0.7005253940455347,False,58.608661165816265,0.010021624539356289,-0.09089774911446108,0.20183874730763474,True,False,False,False,2026-07-27,8.0,26.548842769473087,22.24566916756703,35.155189973285204,False,False,2026-07-23,10.0,True,82769.0,97792.4,0.8463745648946135,False,46888500.0,2.05,22.872439024390246,0.7104795737122638,3.552397868561266,8.24742268041238,50.0,50.0,False,7.16,False,True,False,False,True,False
930,002421,达实智能,I 信息技术,腾讯前复权日K回退（成交额、换手率已提供）,False,2026-08-06,3.44,3.2960000000000003,2.9295,True,True,True,True,3.68,-6.521739130434788,False,58.565682481518614,-0.03664390609445478,-0.1679878609882437,0.26268790978757783,True,False,False,False,2026-07-27,8.0,24.235840725866222,19.19313805422378,34.3212460691511,False,False,2026-07-31,4.0,True,4750880.0,3011866.0,1.5773875730195168,False,1644067200.0,23.71,69.34066638549135,-2.5495750708215303,7.932011331444754,17.426181942310972,60.71428571428573,32.14285714285711,False,6.16,False,True,False,True,False,True
931,002422,科伦药业,C 制造业,腾讯前复权日K回退（成交额、换手率已提供）,False,2026-08-06,42.51,42.49399999999999,45.7325,True,False,False,False,52.72,-19.366464339908955,False,47.07795275213489,0.15480275062071058,1.0516177583728477,-1.7936300155042741,False,True,False,False,,,55.62437479850908,58.603646000357095,49.66583239481305,False,False,,,False,266341.0,292291.4,0.9112173673258945,False,1132710700.0,2.05,552.5418048780489,-0.909090909090915,3.216783216783206,-7.046411195539286,28.9855072463768,42.75362318840567,False,52.78,False,False,False,False,True,False
932,002423,中粮资本,J 金融业,腾讯前复权日K回退（成交额、换手率已提供）,False,2026-08-06,9.21,9.258,9.071499999999999,False,True,True,False,9.59,-3.962460896767456,False,55.32117128907231,0.10515342925740434,0.08786949682726349,0.03456786486028171,True,False,False,False,,,44.547272847347756,41.307618575304595,51.02658139143408,False,False,,,False,149427.0,143592.4,1.0406330697167816,False,137032300.0,0.65,210.81892307692306,0.21762785636563198,1.7410228509249202,1.526759631813948,18.749999999999584,81.25000000000041,True,10.0,False,False,False,True,False,False
933,002424,ST百灵,C 制造业,腾讯前复权日K回退（成交额、换手率已提供）,False,2026-08-06,4.53,4.577999999999999,4.544,False,False,True,False,4.83,-6.211180124223599,False,49.370342812571266,0.009860267516588195,0.001467008139329276,0.016786518754517837,True,False,False,False,2026-07-29,6.0,30.860404633479064,30.474721309969805,31.63177128049758,False,False,,,False,76634.0,54978.0,1.3939030157517553,False,34845500.0,0.67,52.00820895522388,-1.5217391304347738,1.7391304347826104,-0.3080985915492814,12.499999999999723,25.000000000000554,False,5.02,False,False,False,False,False,False
934,002425,凯撒文化,I 信息技术,腾讯前复权日K回退（成交额、换手率已提供）,False,2026-08-06,3.82,3.2239999999999993,2.7705,True,True,True,True,3.47,10.086455331412093,True,82.43559009681097,0.15187435066521315,0.01916880044694871,0.2654111004365289,True,False,False,False,2026-07-27,8.0,67.42339170002623,45.38004229734103,111.51009050539663,False,False,2026-07-27,8.0,True,1100811.0,501836.2,2.19356634694747,True,418956400.0,11.96,35.029799331103675,10.086455331412104,4.610951008645524,37.88124887204474,0.0,100.0,True,3.62,True,True,False,True,False,True
935,002426,胜利精密,C 制造业,腾讯前复权日K回退（成交额、换手率已提供）,False,2026-08-06,2.77,2.678,2.668,True,True,True,True,3.47,-20.17291066282421,False,44.471214231070434,-0.20382356787028355,-0.2687043502939874,0.12976156484740775,True,False,False,False,2026-07-31,4.0,23.405026657166417,19.742106331978224,30.730867307542802,False,False,,,False,950636.0,1023315.4,0.9289765403706423,False,260808700.0,2.79,93.47982078853046,1.0948905109488871,2.9197080291970665,3.823088455772109,12.499999999999792,87.50000000000021,True,4.34,False,False,False,False,False,False
936,002427,尤夫股份,C 制造业,腾讯前复权日K回退（成交额、换手率已提供）,False,2026-08-06,4.36,4.306,4.132499999999999,True,True,True,True,4.58,-4.803493449781654,False,51.995199289155885,-0.06238057594009305,-0.12533719204096366,0.12591323220174122,True,False,False,False,2026-07-29,6.0,15.937697812626245,13.304228747022135,21.204635943834464,False,False,2026-07-28,7.0,True,103304.0,108099.0,0.9556425128817103,False,44772299.99999999,1.05,42.6402857142857,0.0,2.9816513761467864,5.505142165759249,23.076923076922604,76.92307692307739,True,5.68,False,True,False,False,False,False
937,002428,云南锗业,C 制造业,腾讯前复权日K回退（成交额、换手率已提供）,False,2026-08-06,90.98,76.83599999999998,78.303,True,True,False,True,106.89,-14.88446066049209,False,56.14188519160009,-4.7578700550135125,-6.600839662499842,3.6859392149726595,True,False,False,False,2026-08-05,1.0,40.550332003011896,35.61391732127448,50.423161366486724,False,False,,,False,781574.0,531318.0,1.471009828389025,False,7063061000.0,11.97,590.0635756056809,9.998790956353542,3.6029500664974052,16.18967344801605,0.0,100.0,True,132.87,False,True,False,False,False,True
938,002429,兆驰股份,C 制造业,腾讯前复权日K回退（成交额、换手率已提供）,False,2026-08-06,8.01,7.744,8.17,True,False,False,True,11.49,-30.287206266318538,False,41.97454097101802,-0.6962840853348409,-0.8105816045444973,0.22859503841931295,True,False,False,False,2026-08-04,2.0,11.174808498906941,8.916501787426641,15.69142192186754,False,False,2026-08-04,2.0,True,745233.0,787823.4,0.9459391533686357,False,595331800.0,1.65,360.80715151515153,0.25031289111387967,4.380475594493123,-1.9583843329253385,37.14285714285731,62.85714285714269,False,13.79,False,False,False,False,False,False
939,002430,杭氧股份,C 制造业,腾讯前复权日K回退（成交额、换手率已提供）,False,2026-08-06,24.33,23.688,23.8705,True,True,False,True,28.59,-14.900314795383007,False,48.71940775583724,-0.7235313572128916,-0.9425653987231505,0.4380680830205177,True,False,False,False,2026-08-03,3.0,15.96216112439744,12.886532175673338,22.113419021845644,False,False,,,False,192492.0,144954.0,1.3279523159071154,False,465724900.0,1.97,236.40857868020305,0.7453416149068248,2.732919254658386,1.9249701514421502,28.787878787878974,71.21212121212103,True,32.31,False,False,False,False,False,False
940,002431,ST棕榈,E 建筑业,腾讯前复权日K回退（成交额、换手率已提供）,False,2026-08-06,1.33,1.346,1.31,False,True,True,True,1.42,-6.338028169014074,False,48.82782147301289,-0.013688293789933637,-0.03094856168646904,0.03452053579307081,True,False,False,False,,,8.583144549324045,7.9664067068086135,9.816620234354906,False,False,2026-07-29,6.0,True,261625.0,188496.0,1.3879604872251932,False,34812600.0,1.45,24.008689655172414,-2.919708029197088,3.6496350364963535,1.5267175572519098,20.0,40.0,False,1.85,False,True,False,False,False,False
941,002432,九安医疗,C 制造业,腾讯前复权日K回退（成交额、换手率已提供）,False,2026-08-06,71.37,68.29400000000001,68.9075,True,True,False,True,87.12,-18.07851239669421,False,52.70926116117947,0.036422819464462464,0.03855643230281841,-0.004267225676711894,False,True,False,False,,,36.43166511290511,34.843430847745495,39.608133643224335,True,False,,,False,460603.0,410745.6,1.1213826757973793,False,3270613000.0,9.9,330.3649494949495,2.410675850193722,7.117233462476694,3.5736313173457255,41.93548387096764,58.06451612903236,False,91.5,False,False,False,False,True,False
942,002434,万里扬,C 制造业,腾讯前复权日K回退（成交额、换手率已提供）,False,2026-08-06,5.78,5.786,5.5785,False,True,True,True,6.22,-7.073954983922821,False,48.924521795069765,-0.13005173825851735,-0.22973049490399672,0.19935751329095874,True,False,False,False,2026-07-28,7.0,19.864002300712112,16.595970834489567,26.4000652331572,False,False,2026-07-27,8.0,True,210214.0,176715.4,1.1895624263646518,False,121956700.0,1.6,76.2229375,-2.033898305084747,4.067796610169495,3.612082100923191,4.166666666666944,33.33333333333333,False,8.02,False,False,False,False,False,False
943,002436,兴森科技,C 制造业,腾讯前复权日K回退（成交额、换手率已提供）,False,2026-08-06,31.53,28.916000000000004,33.439499999999995,True,False,False,True,45.97,-31.411790298020442,False,43.76605527552246,-3.2216385971397834,-3.078522097347069,-0.2862329995854287,False,True,False,False,,,29.77609583676795,29.502735472703403,30.322816564897046,True,False,,,False,1154044.0,1286719.0,0.8968889089226164,False,3584884600.0,7.6,471.6953421052632,3.34316617502457,8.55457227138644,-5.710312654196368,25.67049808429122,74.32950191570878,True,55.0,False,False,False,False,False,True
944,002437,誉衡药业,C 制造业,腾讯前复权日K回退（成交额、换手率已提供）,False,2026-08-06,2.84,2.8920000000000003,2.929,False,False,False,False,3.24,-12.34567901234569,False,46.753000656635024,-0.00403067240986843,-0.0009024124753511407,-0.006256519869034578,False,True,False,True,2026-08-05,1.0,31.763983228436313,31.91465767370914,31.462634337890655,False,True,,,False,685718.0,631926.6,1.085122860787946,False,196388000.0,3.27,60.057492354740056,-2.73972602739726,4.109589041095894,-3.038579720040969,8.333333333333147,16.666666666666664,False,3.29,False,False,False,False,False,False
945,002438,江苏神通,C 制造业,腾讯前复权日K回退（成交额、换手率已提供）,False,2026-08-06,14.44,14.179999999999998,12.879500000000002,True,True,True,True,15.37,-6.050748210800259,False,58.16724527513776,0.012957140894496177,-0.39369708103917206,0.8133084438673365,True,False,False,False,2026-07-27,8.0,41.08342657050172,31.426299141650144,60.39768142820487,False,False,,,False,220480.0,210693.4,1.0464494853659394,False,323616500.0,4.7,68.8545744680851,-5.559189012426424,3.727926749509485,12.116153577390405,66.66666666666646,0.0,False,18.07,False,False,False,False,False,False
946,002439,启明星辰,I 信息技术,腾讯前复权日K回退（成交额、换手率已提供）,False,2026-08-06,14.68,14.274000000000001,13.676999999999998,True,True,True,True,14.59,0.6168608636052081,True,63.28138001201964,0.25166500421276616,0.12952380353452397,0.24428240135648438,True,False,False,False,,,41.92648718859487,36.641359502119855,52.49674256154489,False,False,,,False,581708.0,400464.0,1.4525850013983779,False,842151799.9999999,7.98,105.53280701754383,2.729181245626311,5.178446466060184,7.333479564231937,24.32432432432428,75.67567567567572,True,17.0,False,False,False,False,False,False
947,002440,闰土股份,C 制造业,腾讯前复权日K回退（成交额、换手率已提供）,False,2026-08-06,13.04,13.107999999999999,12.102,False,True,True,False,14.22,-8.29817158931084,False,59.61810007463735,0.7125467230834968,0.6871872786869525,0.0507188887930885,True,False,False,False,2026-07-15,16.0,80.85475011172991,81.40572874728745,79.75279284061483,False,False,,,False,540374.0,723326.6,0.7470677837646231,False,704183000.0,5.71,123.3245183887916,-0.07662835249043765,5.440613026819929,7.750784994215822,47.887323943662146,52.11267605633786,False,14.22,False,False,False,False,True,False
948,002441,众业达,F 批发零售,腾讯前复权日K回退（成交额、换手率已提供）,False,2026-08-06,7.96,8.004,7.7655,False,True,True,True,8.13,-2.091020910209112,False,51.20385050666418,-0.020370936821814567,-0.09310837364431898,0.14547487364500883,True,False,False,False,2026-07-14,17.0,21.764720682567983,20.071184178969563,25.151793689764823,False,False,2026-07-27,8.0,True,45089.0,57624.0,0.7824691100930168,False,35793800.0,1.13,31.675929203539823,-0.7481296758104716,2.244389027431407,2.504668083188457,5.555555555555474,55.55555555555573,False,10.28,False,True,False,False,False,False
949,002442,龙星科技,C 制造业,腾讯前复权日K回退（成交额、换手率已提供）,False,2026-08-06,4.98,4.902,4.696,True,True,True,True,5.02,-0.7968127490039673,False,53.69134772903901,-0.06556229506715283,-0.14743870287736743,0.1637528156204292,True,False,False,False,2026-07-27,8.0,16.237060676601704,14.246651486090967,20.217879057623183,False,False,,,False,95607.0,98634.8,0.9693029235117828,False,47224399.99999999,1.95,24.217641025641022,0.201207243460777,2.6156941649899377,6.047700170357766,15.384615384615069,84.61538461538493,True,8.92,False,True,False,False,False,False
950,002443,金洲管道,C 制造业,腾讯前复权日K回退（成交额、换手率已提供）,False,2026-08-06,8.48,8.238000000000001,8.3305,True,True,False,True,9.88,-14.170040485829963,False,44.414941528429786,-0.4634847122610086,-0.5981699025066413,0.26937038049126527,True,False,False,False,2026-07-31,4.0,16.637408666988364,14.381849324041449,21.148527352882194,False,False,2026-08-03,3.0,True,168487.0,161756.4,1.0416094819123076,False,142079900.0,3.24,43.851820987654314,0.952380952380949,2.499999999999989,1.7946101674569324,23.809523809523405,76.1904761904766,True,13.85,False,True,True,False,False,False
951,002444,巨星科技,C 制造业,腾讯前复权日K回退（成交额、换手率已提供）,False,2026-08-06,30.34,29.945999999999998,29.441000000000003,True,True,True,True,31.33,-3.159910628790292,False,52.289710922355084,-0.1821394093077089,-0.34695908498050065,0.32963935134558353,True,False,False,False,2026-07-29,6.0,36.05048407530734,33.841628491059915,40.468195243802185,False,False,,,False,112262.0,122757.0,0.9145058937575862,False,341721500.0,0.98,348.6954081632653,0.3970880211780381,3.044341495698207,3.0535647566318986,68.47826086956525,31.52173913043475,False,35.65,False,False,False,False,True,False
952,002445,中南文化,C 制造业,腾讯前复权日K回退（成交额、换手率已提供）,False,2026-08-06,2.99,2.9480000000000004,2.818,True,True,True,True,2.99,0.0,False,56.05431690257208,-0.003721768234921541,-0.04526652975316453,0.08308952303648598,True,False,False,False,2026-07-14,17.0,20.16283165939566,17.818822357927132,24.850850262332713,False,False,,,False,507865.0,402351.0,1.2622436628714728,False,151657800.0,2.15,70.53851162790698,0.3355704697986628,3.691275167785231,6.103619588360544,45.45454545454534,54.54545454545465,False,4.27,False,True,False,False,False,False
953,002446,盛路通信,C 制造业,腾讯前复权日K回退（成交额、换手率已提供）,False,2026-08-06,8.87,8.092,8.055499999999999,True,True,True,True,11.06,-19.80108499095842,False,53.652956351708994,-0.4689618809042706,-0.6657523536055842,0.3935809454026271,True,False,False,False,2026-08-03,3.0,26.86620276076218,20.25739434098052,40.083819600325505,False,False,2026-07-28,7.0,True,651568.0,270733.2,2.40667934335353,True,565219700.0,7.69,73.500611183355,7.255139056831927,9.552599758162021,10.111104214511835,10.126582278481031,89.87341772151896,True,12.22,False,False,False,False,False,False
954,002448,中原内配,C 制造业,腾讯前复权日K回退（成交额、换手率已提供）,False,2026-08-06,12.25,11.962,11.3225,True,True,True,True,12.68,-3.3911671924290197,False,55.46554055010601,0.0048498242205514686,-0.1819756907494169,0.37365102993993676,True,False,False,False,2026-07-24,9.0,31.20792028471233,28.597706665797137,36.428347522542715,False,False,,,False,190267.0,249110.0,0.7637870820119625,False,231354600.0,3.28,70.53493902439025,0.24549918166938411,2.209492635024561,8.191653786707885,18.51851851851869,81.48148148148131,True,15.96,False,False,False,False,False,False
955,002449,国星光电,C 制造业,腾讯前复权日K回退（成交额、换手率已提供）,False,2026-08-06,6.42,6.377999999999999,6.249499999999999,True,True,True,True,6.98,-8.022922636103157,False,45.123711713793064,-0.2268560730512439,-0.32702255044923373,0.20033295479597968,True,False,False,False,2026-07-29,6.0,17.10728457111639,14.634627778392987,22.052598156563196,False,False,2026-07-27,8.0,True,87008.0,81432.8,1.068463813107249,False,55528200.0,1.41,39.38170212765958,0.0,2.024922118380061,2.7282182574606058,7.692307692307534,92.30769230769246,True,9.1,False,False,False,False,True,False
956,002451,摩恩电气,C 制造业,腾讯前复权日K回退（成交额、换手率已提供）,False,2026-08-06,7.34,7.242,6.8,True,True,True,True,7.37,-0.4070556309362313,False,57.7788829650912,0.0013107090953212719,-0.13091907737189787,0.2644595729344383,True,False,False,False,2026-07-15,16.0,27.22941980233598,23.906879282507592,33.87450084199275,False,False,,,False,108336.0,194894.8,0.5558691150302625,False,78995300.0,2.47,31.981902834008093,0.2732240437158362,2.1857923497267775,7.941176470588236,18.75000000000014,81.24999999999987,True,10.47,False,False,False,True,True,False
957,002452,长高电气,C 制造业,腾讯前复权日K回退（成交额、换手率已提供）,False,2026-08-06,11.53,11.278,10.8305,True,True,True,True,12.28,-6.107491856677525,False,54.50266601676381,-0.053555735869126764,-0.17299959188124917,0.2388877120242448,True,False,False,False,2026-07-31,4.0,37.880091145808734,32.64531509240556,48.34964325261508,False,False,,,False,123316.0,151105.4,0.8160926082059278,False,140922300.0,2.38,59.211050420168064,0.2608695652173809,1.9130434782608599,6.458612252435239,4.545454545454472,95.45454545454552,True,13.86,False,False,False,False,False,False
958,002453,华软科技,C 制造业,腾讯前复权日K回退（成交额、换手率已提供）,False,2026-08-06,4.4,4.272,4.0445,True,True,True,True,4.33,1.6166281755196372,True,54.63425576573878,-0.0847963096230977,-0.18304314208486183,0.19649366492352827,True,False,False,False,2026-07-23,10.0,24.54688167520168,21.276039368533645,31.08856628853775,False,False,,,False,104068.0,105147.4,0.9897344109317017,False,45201200.0,1.73,26.127861271676302,1.616628175519641,2.540415704387998,8.789714426999632,0.0,100.0,True,6.63,False,False,False,False,False,False
959,002454,松芝股份,C 制造业,腾讯前复权日K回退（成交额、换手率已提供）,False,2026-08-06,5.05,5.017999999999999,4.779000000000001,True,True,True,True,5.14,-1.7509727626459117,False,55.48262276172241,-0.019681837055104623,-0.10025386858731447,0.1611440630644197,True,False,False,False,,,17.383228096173298,14.988093363364522,22.17349756179085,False,False,2026-07-23,10.0,True,97531.0,116026.2,0.840594624317611,False,49135300.0,1.11,44.266036036036034,0.1984126984126977,2.1825396825396712,5.670642393806214,36.36363636363658,63.63636363636341,False,7.4,False,True,False,False,False,False
960,002455,百川股份,C 制造业,腾讯前复权日K回退（成交额、换手率已提供）,False,2026-08-06,7.05,6.792,6.392,True,True,True,True,6.99,0.8583690987124408,True,55.2423877087994,-0.14878847845515875,-0.3255544941182453,0.35353203132617306,True,False,False,False,2026-07-23,10.0,12.925607392095452,10.711059728216874,17.35470271985261,False,False,,,False,347043.0,329009.4,1.0548118078085307,False,241254900.00000003,5.25,45.95331428571429,1.5850144092218965,3.1700288184438,10.294117647058815,0.0,100.0,True,10.43,False,False,False,False,False,False
961,002456,欧菲光,C 制造业,腾讯前复权日K回退（成交额、换手率已提供）,False,2026-08-06,7.99,7.632,7.586500000000001,True,True,True,True,9.99,-20.02002002002002,False,52.08000267066952,-0.3110147541788022,-0.45753477747679383,0.29304004659598326,True,False,False,False,2026-08-03,3.0,29.417700299489045,21.571011900027056,45.11107709841303,False,False,2026-07-29,6.0,True,1375338.0,1049482.2,1.3104919740420562,False,1077839500.0,4.15,259.7203614457831,1.5247776365946653,4.7013977128335345,5.3186581427535655,13.513513513513253,86.48648648648674,True,10.22,False,False,False,False,True,False
962,002457,青龙管业,C 制造业,腾讯前复权日K回退（成交额、换手率已提供）,False,2026-08-06,10.86,10.814,10.97,True,False,False,True,16.5,-34.18181818181819,False,46.2091187840562,-0.5059804428720085,-0.626689740835241,0.24141859592646497,True,False,False,False,2026-08-04,2.0,19.51826144182868,16.526960740085947,25.500862845314145,False,False,2026-07-31,4.0,True,239487.0,289602.8,0.8269498775564325,False,260160000.0,7.19,36.18358831710709,-2.25022502250225,2.1602160216021624,-1.0027347310847876,0.0,49.99999999999963,False,16.5,False,False,False,False,False,False
963,002458,益生股份,A 农林牧渔,腾讯前复权日K回退（成交额、换手率已提供）,False,2026-08-06,9.01,8.842,8.6955,True,True,True,True,9.34,-3.533190578158459,False,56.319209999665006,0.0887725858175159,0.05818244378121507,0.06118028407260166,True,False,False,False,2026-08-05,1.0,66.06925501258382,61.822627385558825,74.56251026663382,False,False,,,False,305277.0,355118.4,0.8596485003311571,False,273734600.0,3.16,86.62487341772152,0.6703910614525244,1.7877094972066858,3.616813294232657,18.74999999999979,81.25000000000021,True,9.84,False,False,False,True,False,False
964,002459,晶澳科技,C 制造业,腾讯前复权日K回退（成交额、换手率已提供）,False,2026-08-06,7.65,7.724000000000001,7.3420000000000005,False,True,True,True,7.95,-3.773584905660375,False,49.605613861106285,-0.09534648067148765,-0.2176482621418274,0.24460356294067948,True,False,False,False,2026-07-22,11.0,15.835179823064571,13.738331191096963,20.02887708699979,False,False,,,False,428860.0,474069.4,0.9046354816404517,False,329813000.0,1.3,253.7023076923077,-1.6709511568123392,3.2133676092544987,4.195042222827565,35.99999999999994,24.0000000000002,False,11.39,False,False,False,False,True,False
965,002460,赣锋锂业,C 制造业,腾讯前复权日K回退（成交额、换手率已提供）,False,2026-08-06,52.24,51.406000000000006,50.213,True,True,True,True,56.81,-8.044358387607815,False,44.98513563098869,-2.5736680223907413,-3.684541780009237,2.2217475152369914,True,False,False,False,2026-07-27,8.0,13.88020408844833,11.962338084414718,17.715936096515556,False,False,,,False,407788.0,423378.2,0.9631766585998051,False,2136532200.0,3.37,633.9858160237388,-1.3967534918837177,3.020007550018878,4.0368032182900855,31.24999999999997,36.87500000000018,False,84.15,False,False,False,False,False,False
966,002461,珠江啤酒,C 制造业,腾讯前复权日K回退（成交额、换手率已提供）,False,2026-08-06,8.81,8.964,8.510499999999999,False,True,True,False,9.27,-4.962243797195244,False,57.42293822036297,0.1615566751334434,0.09273899542798536,0.1376353594109161,True,False,False,False,,,48.73677324205929,47.443892623403976,51.322534479369935,False,False,,,False,61847.0,102206.4,0.6051186618450508,False,54443200.0,0.28,194.44,-0.33936651583709176,1.8099547511312233,3.5191821867105566,31.250000000000416,43.75000000000014,False,10.01,False,False,False,False,False,False
967,002462,嘉事堂,F 批发零售,腾讯前复权日K回退（成交额、换手率已提供）,False,2026-08-06,11.87,11.892,11.618500000000001,False,True,True,True,12.23,-2.94358135731808,False,51.897516842104466,-0.036366411523205855,-0.13795221236317715,0.20317160167994258,True,False,False,False,2026-07-13,18.0,29.445153968513353,27.754373526269216,32.826714853001626,False,False,,,False,27381.0,31536.0,0.8682458143074582,False,32389500.0,0.94,34.456914893617025,0.4230118443316222,1.6920473773265592,2.1646512028230687,25.000000000000444,74.99999999999956,True,14.25,False,False,False,False,False,False
968,002463,沪电股份,C 制造业,腾讯前复权日K回退（成交额、换手率已提供）,False,2026-08-06,117.2,109.98599999999999,117.3885,True,False,False,True,142.99,-18.03622630953214,False,49.02169350146955,-5.718587131653791,-6.117073111127175,0.7969719589467665,True,False,True,False,,,44.75560025834176,41.6614055290926,50.94398971684008,False,False,,,False,589491.0,691030.8,0.8530603845733069,False,6909114200.0,3.07,2250.5257980456026,1.384083044982698,8.529411764705882,-0.1605779101019185,47.36308316430022,52.63691683569978,False,158.2,False,False,False,False,True,True
969,002465,海格通信,C 制造业,腾讯前复权日K回退（成交额、换手率已提供）,False,2026-08-06,10.7,10.42,10.379999999999999,True,True,True,True,13.72,-22.011661807580186,False,46.63435866218229,-0.5872270908575228,-0.8204378355139125,0.4664214893127794,True,False,False,False,2026-07-29,6.0,12.792797353449336,10.084757057145053,18.2088779460579,False,False,2026-07-27,8.0,True,622533.0,568468.8,1.0951049556281716,False,663242400.0,2.51,264.24000000000007,0.6585136406396908,2.6340545625587897,3.0828516377649358,28.571428571428665,71.42857142857135,True,18.5,False,False,False,False,True,False
970,002466,天齐锂业,C 制造业,腾讯前复权日K回退（成交额、换手率已提供）,False,2026-08-06,47.18,46.57000000000001,45.936,True,True,True,True,52.48,-10.099085365853654,False,44.360479352579816,-2.4933586891688364,-3.358274255792589,1.7298311332475054,True,False,False,False,2026-07-29,6.0,14.95562551499638,13.367919705869618,18.131037133249905,False,False,2026-07-23,10.0,True,460446.0,432039.4,1.065750021873005,False,2174555800.0,3.12,696.9730128205128,-1.2350847812434673,2.9307096504082026,2.7081156391501215,29.28571428571407,48.5714285714286,False,76.2,False,False,False,False,False,False
971,002467,二六三,I 信息技术,腾讯前复权日K回退（成交额、换手率已提供）,False,2026-08-06,4.86,4.818,4.5145,True,True,True,True,4.94,-1.6194331983805683,False,56.25109284990136,-0.011073812137603944,-0.10750357726379713,0.19285953025238636,True,False,False,False,,,19.09228670072868,16.51812427642591,24.24061154933421,False,False,,,False,463747.0,563821.0,0.8225074979470435,False,224718500.0,3.39,66.2886430678466,-0.4098360655737654,3.0737704918032858,7.653117731753248,39.999999999999645,60.000000000000355,False,7.08,False,False,False,False,True,False
972,002468,申通快递,G 运输仓储,腾讯前复权日K回退（成交额、换手率已提供）,False,2026-08-06,13.92,14.144,14.37,False,False,False,False,16.61,-16.195063214930762,False,43.49257710863533,-0.24634282451373402,-0.24558019046625473,-0.001525268094958565,False,True,False,True,2026-08-05,1.0,25.545071213422073,25.86458504380681,24.906043552652598,False,True,,,False,322663.0,212701.0,1.516979233760067,False,445316600.00000006,2.19,203.34091324200915,-0.6423982869378952,3.711634546752317,-3.1315240083507256,28.84615384615394,69.23076923076917,False,17.22,False,True,False,False,False,False
973,002469,三维化学,C 制造业,腾讯前复权日K回退（成交额、换手率已提供）,False,2026-08-06,5.9,5.85,5.654,True,True,True,True,5.97,-1.1725293132328207,False,54.17507130641414,-0.042193232214819076,-0.11467712375665351,0.14496778308366887,True,False,False,False,2026-07-15,16.0,14.304949116191848,11.974946565030132,18.964954218515278,False,False,2026-07-28,7.0,True,54029.0,66364.6,0.8141237949147587,False,31458800.0,0.86,36.58,1.2006861063464935,2.5728987993139,4.350902016271673,0.0,100.0,True,7.42,False,False,False,False,False,False
974,002470,金正大,C 制造业,腾讯前复权日K回退（成交额、换手率已提供）,False,2026-08-06,1.95,1.9440000000000002,1.8834999999999997,True,True,True,True,1.98,-1.5151515151515165,False,49.88846069338571,-0.02949682666563369,-0.057765463167669506,0.05653727300407163,True,False,False,False,2026-07-14,17.0,14.126566047032624,12.219178575580786,17.941340989936297,False,False,,,False,800673.0,735875.2,1.0880554202669148,False,155391100.0,2.44,63.68487704918033,-1.5151515151515138,3.5353535353535386,3.530661003451035,14.285714285714285,57.14285714285714,False,2.97,False,False,False,True,False,False
975,002471,中超控股,C 制造业,腾讯前复权日K回退（成交额、换手率已提供）,False,2026-08-06,5.75,5.6339999999999995,5.2245,True,True,True,True,6.08,-5.427631578947369,False,54.15751566891733,-0.11775804328426354,-0.2816943193467305,0.32787255212493394,True,False,False,False,2026-07-23,10.0,20.01904118799653,16.826460409856676,26.40420274427624,False,False,,,False,735101.0,1133556.4,0.6484908911457781,False,422177100.0,5.47,77.18045703839122,-0.5190311418685201,3.979238754325267,10.058378792228922,52.173913043478215,47.82608695652179,False,8.85,False,True,False,False,False,False
976,002472,双环传动,C 制造业,腾讯前复权日K回退（成交额、换手率已提供）,False,2026-08-06,39.14,38.99400000000001,38.5775,True,True,True,True,45.34,-13.674459638288491,False,50.20544962818237,-0.6978921477359421,-1.0420977485798524,0.6884112016878206,True,False,False,False,2026-08-03,3.0,28.709477022181858,24.196349899840936,37.7357312668637,False,False,2026-07-31,4.0,True,238457.0,300462.2,0.7936339413077584,False,937435600.0,3.19,293.86695924764894,-1.460221550855989,2.6686807653574904,1.4581038169917697,49.056603773584754,31.132075471698094,False,49.42,False,True,False,False,True,False
977,002474,榕基软件,I 信息技术,腾讯前复权日K回退（成交额、换手率已提供）,False,2026-08-06,6.66,6.384,5.904,True,True,True,True,6.61,0.7564296520423573,True,66.49483905455378,0.0853885807989716,-0.046696386049769695,0.2641699336974826,True,False,False,False,2026-07-10,19.0,33.03523434321777,27.092659116475385,44.92038479670254,False,False,,,False,351862.0,251754.0,1.39764214272663,False,229193400.0,6.65,34.46517293233082,3.416149068322971,5.124223602484473,12.804878048780491,9.090909090909165,90.90909090909084,True,8.55,False,False,False,False,True,False
978,002475,立讯精密,C 制造业,腾讯前复权日K回退（成交额、换手率已提供）,False,2026-08-06,55.9,55.688,59.117000000000004,True,False,False,False,65.52,-14.68253968253968,False,41.638388717476076,-2.3375161529434436,-2.0923277621076575,-0.4903767816715723,False,True,False,False,,,26.41928044009801,31.0364769705064,17.184887379281236,False,False,,,False,1720575.0,1774512.8,0.9696041640274445,False,9587815900.0,2.35,4079.921659574468,0.053696080186149686,7.606944693037408,-5.441751103743433,48.23529411764716,51.76470588235284,False,81.64,False,False,False,False,True,False
979,002476,新叶股份,C 制造业,腾讯前复权日K回退（成交额、换手率已提供）,False,2026-08-06,4.55,4.484,4.3445,True,True,True,True,4.61,-1.3015184381778848,False,51.63666412461646,-0.09032175609036486,-0.1601869752984556,0.1397304384161815,True,False,False,False,2026-07-27,8.0,20.866353919113575,17.442516035078114,27.714029687184492,False,False,,,False,71301.0,83241.4,0.8565569536312461,False,32204400.0,1.17,27.52512820512821,0.8869179600886845,2.2172949002217215,4.730118540683619,9.999999999999822,90.00000000000018,True,6.03,False,True,False,False,False,False
980,002478,常宝股份,C 制造业,腾讯前复权日K回退（成交额、换手率已提供）,False,2026-08-06,6.32,6.344,6.0465,False,True,True,True,6.47,-2.318392581143732,False,52.635495121346885,-0.015270141370043788,-0.1063436754874063,0.182147068234725,True,False,False,False,,,13.09265513746709,11.965115677252479,15.347734057896314,False,False,,,False,137261.0,155561.6,0.8823578569518441,False,86831100.0,1.9,45.70057894736842,-1.404056162246492,3.588143525741022,4.523277929380638,34.78260869565227,39.13043478260872,False,8.66,False,True,False,False,True,False
981,002479,富春环保,D 水电煤气,腾讯前复权日K回退（成交额、换手率已提供）,False,2026-08-06,5.59,5.516,5.232,True,True,True,True,5.62,-0.533807829181499,False,67.1780431496596,0.19787074843669306,0.15882443813383712,0.07809262060571187,True,False,False,False,,,70.14874167531137,63.027336121464195,84.39155278300571,False,False,,,False,209425.0,175732.6,1.191725382769048,False,117535600.0,2.43,48.36855967078189,0.902527075812265,3.7906137184115516,6.842507645259932,61.90476190476186,38.09523809523814,False,5.77,False,False,False,False,True,False
982,002480,新筑股份,C 制造业,腾讯前复权日K回退（成交额、换手率已提供）,False,2026-08-06,5.52,5.514,5.2685,True,True,True,True,5.76,-4.1666666666666705,False,57.690337228437784,0.038925072251234205,-0.02645694024569157,0.13076402499385154,True,False,False,False,2026-07-09,20.0,29.823674895034483,25.59611680453048,38.27879107604248,False,False,2026-07-23,10.0,True,99182.0,111624.4,0.8885333314221622,False,54937000.0,1.29,42.58682170542635,-1.7793594306049876,3.9145907473309567,4.773654740438439,0.0,31.81818181818158,False,6.65,False,True,False,True,True,False
983,002481,双塔食品,C 制造业,腾讯前复权日K回退（成交额、换手率已提供）,False,2026-08-06,4.15,4.186000000000001,4.1345,False,True,True,False,4.32,-3.9351851851851833,False,52.862076750267455,0.03442586144033832,0.029034326774673352,0.010783069331329942,True,False,False,False,2026-07-29,6.0,44.11602364796264,43.1256771107794,46.096716722329134,False,False,,,False,80567.0,84115.4,0.9578150968788118,False,33247300.0,0.72,46.17680555555555,-0.24038461538461453,2.4038461538461453,0.3748941830934887,19.999999999999645,80.00000000000036,True,4.45,False,True,False,True,False,False
984,002482,广田集团,E 建筑业,腾讯前复权日K回退（成交额、换手率已提供）,False,2026-08-06,1.27,1.27,1.2365,False,True,True,True,1.3,-2.3076923076923097,False,52.117592060777525,-0.006932797551779668,-0.020322744934460017,0.026779894765360697,True,False,False,False,,,20.18198757032331,18.33330888975867,23.879344931452593,False,False,2026-07-28,7.0,True,431472.0,517363.4,0.8339824579782799,False,54160400.0,1.15,47.096,0.0,2.362204724409451,2.7092600080873503,0.0,100.0,True,1.69,False,True,False,False,False,False
985,002483,润邦股份,C 制造业,腾讯前复权日K回退（成交额、换手率已提供）,False,2026-08-06,5.18,5.2299999999999995,5.069999999999999,False,True,True,True,5.3,-2.264150943396228,False,51.78919433333276,0.00513436408883905,-0.0387438547241179,0.0877564376259139,True,False,False,False,,,20.717541472503537,18.705541075857706,24.741542265795196,False,False,2026-07-27,8.0,True,144982.0,118990.0,1.218438524245735,False,74847200.0,1.64,45.638536585365856,-1.520912547528519,3.422053231939158,2.16962524654833,0.0,50.0,False,6.3,False,False,False,True,True,False
986,002484,江海股份,C 制造业,腾讯前复权日K回退（成交额、换手率已提供）,False,2026-08-06,65.09,60.254,69.22,True,False,False,True,96.3,-32.40913811007268,False,44.642253853915314,-6.82857351507954,-6.63900110365524,-0.37914482284860007,False,True,False,False,,,40.0622137948823,39.50367934615225,41.17928269234238,True,False,,,False,426091.0,528750.0,0.8058458628841607,False,2730739800.0,5.19,526.1541040462428,1.3231631382316422,7.830012453300116,-5.966483675238364,19.483101391649917,80.51689860835009,True,115.44,False,False,False,False,False,True
987,002485,ST雪发,L 商务服务,腾讯前复权日K回退（成交额、换手率已提供）,False,2026-08-06,5.9,5.434,5.3955,True,True,True,True,5.97,-1.1725293132328207,False,64.42174980218793,0.032313888878785946,0.005348208346149295,0.0539313610652733,True,False,True,False,,,56.16760272120475,47.88676767507644,72.72927281346136,False,False,,,False,57682.0,22752.4,2.535205077266574,True,32414899.999999996,1.06,30.580094339622637,10.074626865671643,11.380597014925378,9.35038457974238,0.0,100.0,True,6.35,False,False,False,False,False,True
988,002486,嘉麟杰,C 制造业,腾讯前复权日K回退（成交额、换手率已提供）,False,2026-08-06,2.37,2.3240000000000003,2.2545,True,True,True,True,2.4,-1.249999999999992,False,58.42795909353492,0.0034474183483070853,-0.022176754908509944,0.05124834651363406,True,False,False,False,2026-07-28,7.0,32.319431548429954,28.16091301637231,40.63646861254525,False,False,2026-07-27,8.0,True,240490.0,245658.6,0.9789602318013698,False,56180800.0,2.93,19.17433447098976,2.5974025974025983,3.0303030303030427,5.1230871590152995,0.0,100.0,True,2.85,False,False,False,False,True,False
989,002487,大金重工,C 制造业,腾讯前复权日K回退（成交额、换手率已提供）,False,2026-08-06,41.76,41.22,40.52,True,True,True,True,47.85,-12.727272727272734,False,41.788756088789064,-3.1509014427657647,-4.3579080018281,2.41401311812467,True,False,False,False,2026-07-27,8.0,9.880542916081053,8.643550021441259,12.35452870536064,False,False,,,False,247740.0,285442.6,0.867915300659397,False,1035072300.0,3.93,263.3771755725191,-1.8796992481203145,2.4436090225563887,3.06021717670285,31.73076923076909,43.26923076923039,False,84.58,False,False,False,False,False,False
990,002488,金固股份,C 制造业,腾讯前复权日K回退（成交额、换手率已提供）,False,2026-08-06,9.07,9.122,8.7845,False,True,True,True,9.52,-4.726890756302514,False,50.59227837498377,-0.08403228507283877,-0.18831288915904149,0.20856120817240542,True,False,False,False,2026-07-20,13.0,20.07669713303415,18.174461042741154,23.88116931362014,False,False,2026-07-31,4.0,True,233755.0,341741.8,0.6840105600192894,False,214075099.99999997,2.54,84.28153543307086,-1.1982570806100101,3.3769063180827943,3.25004268882692,80.64516129032245,19.354838709677548,False,12.59,False,True,False,False,True,False
991,002489,浙江永强,C 制造业,腾讯前复权日K回退（成交额、换手率已提供）,False,2026-08-06,2.73,2.7439999999999998,2.682,False,True,True,True,2.82,-3.1914893617021227,False,46.745063706279176,-0.054267484525575505,-0.09074189956096429,0.07294883007077757,True,False,False,False,,,13.98160665955838,12.656557282877381,16.63170541292038,False,False,2026-07-29,6.0,True,173346.0,213675.8,0.8112570539106441,False,47146600.0,0.91,51.80945054945055,-0.727272727272732,2.5454545454545396,1.7897091722595095,14.285714285714013,57.14285714285733,False,4.15,False,True,False,True,False,False
992,002490,山东墨龙,C 制造业,腾讯前复权日K回退（成交额、换手率已提供）,False,2026-08-06,7.67,7.516,7.713499999999999,True,False,False,False,9.07,-15.435501653803751,False,51.53091077478291,0.012392269007966306,0.014964682841520135,-0.005144827667107658,False,True,False,False,,,28.380987875712602,26.918254430644605,31.306454765848592,False,False,,,False,473917.0,544504.0,0.8703645886898902,False,359594600.0,8.75,41.09652571428571,2.130492676431417,2.7962716378162447,-0.5639463278667141,0.0,100.0,True,10.1,False,False,False,False,True,False
993,002491,通鼎互联,C 制造业,腾讯前复权日K回退（成交额、换手率已提供）,False,2026-08-06,16.52,15.0,16.894,True,False,False,True,24.3,-32.016460905349795,False,41.62162329178144,-2.4507291882992916,-2.7085789466647805,0.5156995167309777,True,False,False,False,2026-08-05,1.0,17.61850222540623,17.38682834760913,18.081849981000424,True,False,2026-08-06,0.0,True,2048438.0,1383977.4,1.4801094295325923,False,3330505300.0000005,17.41,191.29840896036762,2.8642590286426017,6.3511830635118285,-2.2138037172960745,22.54901960784319,77.45098039215681,True,39.71,False,False,False,False,False,True
994,002492,恒基达鑫,G 运输仓储,腾讯前复权日K回退（成交额、换手率已提供）,False,2026-08-06,5.62,5.454000000000001,5.221,True,True,True,True,5.66,-0.7067137809187285,False,57.16558533165946,-0.028552991510998105,-0.12258994817579708,0.18807391332959794,True,False,False,False,2026-07-23,10.0,23.78758023277214,20.605686225378943,30.15136824755853,False,False,,,False,64204.0,68344.6,0.9394158426561864,False,35820900.0,1.61,22.249006211180124,1.6274864376130127,3.61663652802892,7.6422141352231385,9.999999999999822,90.00000000000018,True,7.99,False,True,False,False,True,False
995,002493,荣盛石化,C 制造业,腾讯前复权日K回退（成交额、换手率已提供）,False,2026-08-06,13.14,12.440000000000001,11.811,True,True,True,True,12.62,4.120443740095099,True,64.70970776855786,0.29048277566385394,0.1751312158970806,0.23070311953354666,True,False,False,False,2026-07-17,14.0,57.97955851683897,50.270193064251494,73.39828942201392,False,False,,,False,910308.0,510323.2,1.783787215631192,False,1179625300.0,0.97,1216.1085567010311,6.0532687651331685,6.456820016142041,11.252222504445013,4.9999999999999005,95.0000000000001,True,13.66,False,False,False,False,False,False
996,002494,华斯股份,C 制造业,腾讯前复权日K回退（成交额、换手率已提供）,False,2026-08-06,4.66,4.584,4.4159999999999995,True,True,True,True,4.73,-1.4799154334038114,False,55.816049243519124,-0.03707162211515058,-0.10675686735290259,0.139370490475504,True,False,False,False,2026-07-28,7.0,24.58651966446729,20.69051421730009,32.378530558801685,False,False,,,False,98769.0,113473.6,0.8704139112533664,False,45645600.00000001,3.44,13.269069767441865,1.5250544662309462,2.614379084967323,5.525362318840595,8.333333333333147,91.66666666666686,True,6.28,False,False,False,False,False,False
997,002495,佳隆股份,C 制造业,腾讯前复权日K回退（成交额、换手率已提供）,False,2026-08-06,2.29,2.284,2.177,True,True,True,True,2.34,-2.136752136752129,False,59.030645716442876,0.019411819575453126,-0.00821693647407409,0.05525751209905443,True,False,False,False,,,36.38978691950985,31.527727656866016,46.11390544479753,False,False,2026-07-28,7.0,True,188615.0,233882.4,0.8064523025246877,False,42981899.99999999,2.72,15.802169117647054,0.0,2.18340611353711,5.190629306384933,19.999999999999645,80.00000000000036,True,2.68,False,True,False,True,False,False
998,002496,辉丰股份,C 制造业,腾讯前复权日K回退（成交额、换手率已提供）,False,2026-08-06,2.04,1.9939999999999998,1.95,True,True,True,True,2.1,-2.8571428571428594,False,53.612494771002176,-0.02753905444142357,-0.05432704959095276,0.05357599029905838,True,False,False,False,2026-07-29,6.0,24.45224695545224,20.507470562000485,32.34179974235575,False,False,2026-07-31,4.0,True,206633.0,227322.6,0.9089857321709324,False,41818400.0,1.75,23.89622857142857,0.0,3.4313725490196108,4.615384615384619,28.57142857142857,71.42857142857143,True,2.77,False,False,False,False,True,False
999,002497,雅化集团,C 制造业,腾讯前复权日K回退（成交额、换手率已提供）,False,2026-08-06,18.23,18.018,17.677,True,True,True,True,21.8,-16.376146788990827,False,46.37787901439369,-0.7360302730722381,-1.0231497775100054,0.5742390088755345,True,False,False,False,2026-07-28,7.0,13.64100675695854,12.170927131875075,16.581166007125468,False,False,2026-07-23,10.0,True,365089.0,347408.8,1.050891629688137,False,666559000.0,3.45,193.2055072463768,-0.9239130434782528,2.663043478260861,3.1283588844260954,20.408163265305753,46.938775510204316,False,29.04,False,False,False,False,False,False
1000,002498,汉缆股份,C 制造业,腾讯前复权日K回退（成交额、换手率已提供）,False,2026-08-06,6.83,7.106,6.302,False,True,True,False,7.57,-9.77542932628798,False,52.02224270767311,0.12049381280361438,-0.04707272143090398,0.3351330684690367,True,False,False,False,2026-07-23,10.0,30.216621105733722,28.901302484343947,32.84725834851327,False,False,,,False,1929793.0,2251363.8,0.8571662207591684,False,1326877600.0,5.8,228.772,-5.79310344827586,5.10344827586207,8.378292605522065,5.405405405405529,21.621621621621635,False,11.66,False,False,False,True,True,False
1001,002500,山西证券,J 金融业,腾讯前复权日K回退（成交额、换手率已提供）,False,2026-08-06,5.36,5.42,5.362,False,False,True,False,5.5,-2.5454545454545396,False,51.101854713443444,0.03682707996697143,0.03698907798057113,-0.00032399602719940246,False,True,False,True,2026-08-03,3.0,65.59391675183471,64.27003945765192,68.2416713402003,False,False,,,False,160680.0,225226.2,0.7134161123350657,False,86258700.00000001,0.45,191.68600000000004,-1.1070110701106972,1.660516605166049,-0.03729951510629951,11.11111111111089,33.33333333333366,False,5.65,False,False,False,False,False,False
1002,002501,*ST利源,C 制造业,腾讯前复权日K回退（成交额、换手率已提供）,False,2026-08-06,1.32,1.306,1.268,True,True,True,True,1.38,-4.34782608695651,False,52.70466113540307,-0.011111678529587277,-0.029647253517835884,0.037071149976497214,True,False,False,False,2026-07-29,6.0,12.112263574156389,9.444997695354651,17.446795331759866,False,False,2026-07-31,4.0,True,398429.0,408010.4,0.9765167750625964,False,53085900.0,1.12,47.398125,-0.7518796992481258,3.7593984962406046,4.1009463722397514,80.0,20.0,False,1.74,False,True,False,False,False,True
1003,002506,协鑫集成,C 制造业,腾讯前复权日K回退（成交额、换手率已提供）,False,2026-08-06,2.69,2.676,2.5215,True,True,True,True,2.79,-3.5842293906810068,False,50.00307455095375,-0.0714113076330829,-0.13888658836694925,0.1349505614677327,True,False,False,False,2026-07-23,10.0,12.367825534462106,9.934646199776603,17.234184203833113,False,False,,,False,2190782.0,2511607.8,0.8722627792444346,False,590534400.0,3.75,157.47584,-2.53623188405796,3.623188405797105,6.682530239936541,20.0,40.0,False,4.9,False,False,False,False,True,False
1004,002507,涪陵榨菜,C 制造业,腾讯前复权日K回退（成交额、换手率已提供）,False,2026-08-06,11.53,11.906,11.626000000000001,False,False,True,False,12.32,-6.412337662337669,False,47.6103434473059,0.12694343779141803,0.11831558809114012,0.017255699400555824,True,False,False,False,,,59.35364397156579,61.18179103250981,55.69734984967775,False,True,,,False,158452.0,157931.8,1.003293826829049,False,183410900.0,1.38,132.90644927536232,-1.8723404255319154,2.6382978723404147,-0.8257354206089957,12.90322580645139,16.12903225806424,False,12.32,False,False,False,False,False,False
1005,002508,老板电器,C 制造业,腾讯前复权日K回退（成交额、换手率已提供）,False,2026-08-06,15.44,15.794,15.722,False,False,True,False,16.69,-7.4895146794487815,False,45.53550121687985,0.04726438270254718,0.04396813750877565,0.00659249038754306,True,False,False,False,,,24.619845874711945,26.661968554924474,20.53560051428689,False,False,,,False,94205.0,119572.6,0.7878477176209265,False,145980000.0,1.01,144.53465346534654,-1.7186505410566655,2.3551877784850475,-1.793664928126193,13.51351351351367,21.621621621621586,False,18.46,False,False,False,False,False,False
1006,002510,天汽模,C 制造业,腾讯前复权日K回退（成交额、换手率已提供）,False,2026-08-06,5.67,5.68,5.4155,False,True,True,True,5.88,-3.571428571428571,False,52.93309606248177,-0.011257957299148025,-0.08795520474341408,0.1533944948885321,True,False,False,False,2026-07-16,15.0,24.09198166583128,21.849854081750824,28.57623683399219,False,False,,,False,207196.0,192789.4,1.0747271374878495,False,117279700.0,2.06,56.9318932038835,-1.5625,3.124999999999995,4.699473732803992,16.66666666666683,55.55555555555544,False,7.66,False,False,False,True,True,False
1007,002511,中顺洁柔,C 制造业,腾讯前复权日K回退（成交额、换手率已提供）,False,2026-08-06,7.24,7.378,7.205999999999999,False,True,True,False,7.53,-3.851261620185923,False,51.86694601204716,0.07849595222079131,0.06004114350440809,0.03690961743276644,True,False,False,False,,,33.39996257895237,33.45287620549069,33.29413532587573,False,True,,,False,115970.0,153893.6,0.7535725982107118,False,84004599.99999999,0.92,91.30934782608693,-1.3623978201634857,2.452316076294286,0.4718290313627753,0.0,33.3333333333335,False,8.12,False,True,False,False,False,False
1008,002512,ST达华,C 制造业,腾讯前复权日K回退（成交额、换手率已提供）,False,2026-08-06,3.7,3.758,3.447,False,True,True,True,3.92,-5.612244897959178,False,55.09317468653185,0.030616149164985895,-0.05247870987581952,0.16618971808161082,True,False,False,False,2026-07-09,20.0,33.04638280073904,29.638048255478548,39.86305189126002,False,False,2026-07-27,8.0,True,369976.0,442460.4,0.8361787857173206,False,137655800.0,3.38,40.72656804733728,-3.141361256544495,4.712041884816758,7.339715694807082,16.666666666666792,38.888888888889014,False,5.33,False,True,False,False,True,False
1009,002513,蓝丰生化,C 制造业,腾讯前复权日K回退（成交额、换手率已提供）,False,2026-08-06,5.11,4.936000000000001,4.687,True,True,True,True,5.02,1.7928286852589792,True,59.932581758076616,-0.018997423933154955,-0.11342932193318965,0.1888637960000694,True,False,False,False,2026-07-23,10.0,34.47290825678149,29.00603957062963,45.4066456290852,False,False,,,False,86518.0,82349.0,1.0506259942440102,False,43669700.0,2.99,14.605250836120401,2.610441767068261,2.8112449799196897,9.02496266268402,0.0,100.0,True,6.71,False,False,False,False,True,False
1010,002514,*ST宝馨,C 制造业,腾讯前复权日K回退（成交额、换手率已提供）,False,2026-08-06,2.03,1.988,1.8200000000000003,True,True,True,True,2.23,-8.96860986547086,False,49.21753659497202,-0.12912969074095804,-0.2308987814597268,0.20353818143753755,True,False,False,False,2026-07-23,10.0,16.49334534648915,14.061156183344243,21.357723672778963,False,False,2026-07-23,10.0,True,435321.0,616380.0,0.7062542587364937,False,89642200.0,7.86,11.404860050890584,-2.8708133971291905,7.655502392344504,11.53846153846151,12.5,31.24999999999986,False,4.95,False,True,False,False,False,False
1011,002515,金字火腿,C 制造业,腾讯前复权日K回退（成交额、换手率已提供）,False,2026-08-06,7.11,6.7700000000000005,7.537999999999999,True,False,False,True,9.2,-22.717391304347817,False,43.78710287585842,-0.4757116993315904,-0.4035934507436883,-0.14423649717580422,False,True,False,False,,,25.04704423173312,25.794435442058685,23.55226181108199,False,False,,,False,609744.0,857859.6,0.7107736510729727,False,429394200.0,5.53,77.64813743218807,2.894356005788712,5.354558610709119,-5.677898646855918,16.216216216216107,83.78378378378389,True,11.67,False,False,False,False,False,False
1012,002516,旷达科技,C 制造业,腾讯前复权日K回退（成交额、换手率已提供）,False,2026-08-06,5.4,5.412,5.26,False,True,True,True,5.71,-5.4290718038528825,False,50.931501970899234,-0.04559441526952579,-0.10435322885582957,0.11751762717260755,True,False,False,False,2026-07-28,7.0,22.690769683393757,19.071760324680792,29.92878840081969,False,False,2026-07-28,7.0,True,207140.0,147764.2,1.4018280476597171,False,111633900.0,1.42,78.61542253521127,-1.9963702359346525,2.5408348457350214,2.6615969581749157,49.99999999999968,50.00000000000032,False,6.83,False,True,False,False,True,False
1013,002517,恺英网络,I 信息技术,腾讯前复权日K回退（成交额、换手率已提供）,False,2026-08-06,17.9,18.01,16.6375,False,True,True,True,19.01,-5.839032088374555,False,58.74939969737765,0.4841163968953346,0.24194026040015323,0.4843522729903627,True,False,False,False,2026-07-31,4.0,59.77003268826663,52.15734249830106,74.99541306819776,False,False,,,False,987427.0,1423505.4,0.6936587665912614,False,1785570500.0,5.23,341.4092734225621,-2.611534276387384,4.624591947769322,7.588279489105931,39.99999999999992,15.29411764705868,False,19.01,False,True,False,False,True,False
1014,002518,科士达,C 制造业,腾讯前复权日K回退（成交额、换手率已提供）,False,2026-08-06,33.53,32.186,33.8335,True,False,False,True,43.17,-22.330321982858468,False,40.787264439011146,-3.3972629351099,-4.020250645448779,1.2459754206777571,True,False,False,False,2026-08-03,3.0,9.177568056666264,7.124635338954872,13.283433492089047,False,False,2026-08-04,2.0,True,108950.0,124058.0,0.8782182527527447,False,363311900.0,1.93,188.2445077720207,-0.35661218424961616,2.8528974739970097,-0.8970399160595258,28.124999999999766,71.87500000000023,True,65.13,False,True,False,False,True,False
1015,002519,银河电子,C 制造业,腾讯前复权日K回退（成交额、换手率已提供）,False,2026-08-06,5.53,5.434,5.188000000000001,True,True,True,True,6.02,-8.13953488372092,False,52.958997827192206,-0.10469873518584727,-0.22024959610259387,0.2311017218334932,True,False,False,False,2026-07-24,9.0,20.58039120340482,17.802492694499364,26.136188221215733,False,False,,,False,361478.0,320526.0,1.127764986303763,False,199463000.0,3.23,61.753250773993805,-0.18050541516244634,3.9711191335740024,6.592135697764063,45.45454545454534,54.54545454545465,False,8.57,False,True,False,False,True,False
1016,002520,日发精机,C 制造业,腾讯前复权日K回退（成交额、换手率已提供）,False,2026-08-06,5.72,5.644,5.6115,True,True,True,True,6.98,-18.0515759312321,False,46.48270856744174,-0.2317792320301164,-0.29512138907478497,0.1266843140893371,True,False,False,False,2026-08-03,3.0,24.537963195826165,22.108459855651706,29.396969876175085,False,False,2026-07-31,4.0,True,278780.0,279959.8,0.9957858235360935,False,158553900.0,3.89,40.759357326478145,0.7042253521126751,2.992957746478872,1.9335293593513208,23.529411764705912,76.47058823529409,True,8.22,False,True,False,False,True,False
1017,002521,齐峰新材,C 制造业,腾讯前复权日K回退（成交额、换手率已提供）,False,2026-08-06,6.9,6.901999999999999,6.737,False,True,True,True,7.26,-4.958677685950406,False,50.69451770045656,-0.028664738138880708,-0.07306746409808572,0.08880545191841002,True,False,False,False,2026-07-24,9.0,26.143886169272246,24.733379522691095,28.964899462434545,False,False,,,False,36732.0,39328.4,0.9339815502283337,False,25375300.000000004,0.88,28.835568181818186,-0.8620689655172376,2.442528735632183,2.419474543565389,17.647058823529566,41.17647058823548,False,8.41,False,False,False,False,False,False
1018,002522,浙江众成,C 制造业,腾讯前复权日K回退（成交额、换手率已提供）,False,2026-08-06,5.02,4.997999999999999,4.7844999999999995,True,True,True,True,5.43,-7.550644567219155,False,44.1666856144191,-0.2936110150631137,-0.4207555040952832,0.2542889780643389,True,False,False,False,2026-07-28,7.0,18.489418272784295,16.503117705532826,22.462019407287237,False,False,2026-07-27,8.0,True,281597.0,298997.2,0.941804806198854,False,141164000.0,3.11,45.3903536977492,-0.3968253968254065,2.9761904761904656,4.922144424704777,33.33333333333333,53.33333333333298,False,8.44,False,False,False,False,False,False
1019,002523,天桥起重,C 制造业,腾讯前复权日K回退（成交额、换手率已提供）,False,2026-08-06,3.29,3.312,3.218,False,True,True,True,3.39,-2.949852507374634,False,53.3879639086014,0.035337927648791734,0.01738033308729904,0.035915189122985386,True,False,False,False,,,34.13521281467677,32.681108209310246,37.04342202540981,False,False,,,False,207407.0,230095.8,0.9013941149729808,False,67865400.0,1.47,46.166938775510204,-0.9036144578313143,3.012048192771087,2.2374145431945327,10.000000000000222,60.0,False,3.86,False,False,False,True,False,False
1020,002524,光正眼科,Q 卫生,腾讯前复权日K回退（成交额、换手率已提供）,False,2026-08-06,3.82,3.746,3.624,True,True,True,True,3.91,-2.301790281329931,False,59.95351295249786,0.03789746962567131,0.0011032338331791649,0.07358847158498429,True,False,False,False,2026-07-27,8.0,40.04467419842259,34.93178384055432,50.27045491415913,False,False,,,False,159318.0,131617.6,1.210461214913507,False,60373400.0,3.13,19.288626198083065,0.5263157894736858,2.89473684210526,5.408388520971295,27.272727272727533,72.72727272727248,True,4.43,False,False,False,False,True,False
1021,002526,山东矿机,C 制造业,腾讯前复权日K回退（成交额、换手率已提供）,False,2026-08-06,2.69,2.684,2.5795,True,True,True,True,2.71,-0.7380073800738014,False,54.842483830287506,-0.0023136858560390827,-0.03430086787577772,0.06397436403947727,True,False,False,False,,,19.463309883821037,17.016804834290372,24.35631998288236,False,False,2026-07-27,8.0,True,297612.0,226398.2,1.3145510874203064,False,79610200.0,1.68,47.38702380952381,0.0,2.9739776951672887,4.283775925566973,25.0,75.0,True,3.47,False,True,False,True,True,False
1022,002527,新时达,C 制造业,腾讯前复权日K回退（成交额、换手率已提供）,False,2026-08-06,11.72,11.462,10.679,True,True,True,True,12.07,-2.8997514498757218,False,53.780024651793426,-0.2689138454982327,-0.5645941469869773,0.5913606029774892,True,False,False,False,2026-07-28,7.0,27.353797738160605,22.439807363564185,37.18177848735344,False,False,2026-07-23,10.0,True,81148.0,105790.0,0.7670668305132811,False,95161400.0,1.53,62.196993464052284,-0.7620660457239636,3.217612193056738,9.748103755033247,47.368421052631405,52.631578947368595,False,16.93,False,True,False,False,True,False
1023,002528,*ST英飞,C 制造业,腾讯前复权日K回退（成交额、换手率已提供）,False,2026-08-06,4.53,4.638,4.474500000000001,False,True,True,False,4.89,-7.3619631901840386,False,51.05404623932484,0.04214922268617283,0.012985661062629127,0.0583271232470874,True,False,False,False,2026-07-28,7.0,54.007251520543555,55.697284057285195,50.62718644706028,False,True,,,False,58150.0,64465.0,0.9020398665942759,False,26697800.000000004,0.55,48.54145454545455,-2.1598272138228847,3.2397408207343297,1.240362051625867,13.333333333333098,0.0,False,5.42,False,False,False,False,False,False
1024,002529,海源复材,C 制造业,腾讯前复权日K回退（成交额、换手率已提供）,False,2026-08-06,6.9,6.792,6.4345,True,True,True,True,7.08,-2.542372881355928,False,55.21204612252298,-0.06688152627694066,-0.19514546515760386,0.2565278777613264,True,False,False,False,2026-07-28,7.0,33.807265088181275,29.122843847737755,43.17610756906831,False,False,2026-07-23,10.0,True,41526.0,48775.0,0.8513787801127627,False,28545300.000000004,1.6,17.840812500000002,1.1730205278592365,4.252199413489737,7.234439350376882,51.7241379310343,48.27586206896571,False,9.15,False,False,False,False,True,False
1025,002530,金财互联,C 制造业,腾讯前复权日K回退（成交额、换手率已提供）,False,2026-08-06,7.5,7.378,6.867,True,True,True,True,7.8,-3.8461538461538445,False,60.75121263986331,0.08779880638793358,-0.04450194456104963,0.26460150189796644,True,False,False,False,2026-07-15,16.0,34.6511700476764,28.61523914933549,46.723031844358225,False,False,,,False,346137.0,219829.6,1.57456957570773,False,259012400.00000003,4.98,52.01052208835341,-2.34375,3.2552083333333335,9.217999126256007,44.00000000000013,55.99999999999987,False,9.15,False,False,False,False,True,False
1026,002531,天顺风能,C 制造业,腾讯前复权日K回退（成交额、换手率已提供）,False,2026-08-06,6.65,6.728,6.577,False,True,True,True,7.75,-14.193548387096769,False,40.98192055642854,-0.4205931859783343,-0.597920104001153,0.3546538360456375,True,False,False,False,2026-07-27,8.0,12.057557816906673,10.585772434928574,15.001128580862872,False,False,,,False,546320.0,497296.8,1.0985793594489246,False,366279400.0,3.06,119.6991503267974,-3.6231884057971064,5.217391304347831,1.1099285388475049,16.666666666666792,19.444444444444507,False,12.84,False,True,False,False,False,False
1027,002532,天山铝业,C 制造业,腾讯前复权日K回退（成交额、换手率已提供）,False,2026-08-06,13.4,13.238,12.620000000000001,True,True,True,True,13.7,-2.1897810218978027,False,58.44143946482776,0.2461267839469361,0.10214984417516522,0.2879538795435418,True,False,False,False,,,32.07461141439915,30.245848165975076,35.73213791124729,False,False,,,False,1161554.0,1052034.2,1.104102889430781,False,1568464000.0,2.83,554.2275618374558,-0.4457652303120341,4.68053491827638,6.180665610142625,44.44444444444429,31.74603174603188,False,17.03,False,False,False,True,False,False
1028,002533,金杯电工,C 制造业,腾讯前复权日K回退（成交额、换手率已提供）,False,2026-08-06,11.49,11.67,10.9025,False,True,True,True,11.99,-4.170141784820683,False,55.83531796241288,0.17238875134699327,0.02542443339362154,0.29392863590674345,True,False,False,False,,,38.10905006187321,34.05513475890802,46.21688066780361,False,False,,,False,119288.0,151336.0,0.7882328064703705,False,137469900.0,1.85,74.30805405405405,-2.212765957446805,2.8085106382978733,5.388672322861733,9.090909090909435,30.303030303030187,False,13.97,False,False,False,True,False,False
1029,002534,西子洁能,C 制造业,腾讯前复权日K回退（成交额、换手率已提供）,False,2026-08-06,16.0,14.786000000000001,14.502,True,True,True,True,18.6,-13.978494623655921,False,54.61369275273456,-0.7543755096212479,-1.1915577614442892,0.8743645036460825,True,False,False,False,2026-07-31,4.0,28.0857975222348,20.51358992148702,43.230212723730354,False,False,2026-07-30,5.0,True,207401.0,268389.2,0.772762093258596,False,324240100.0,2.51,129.17932270916336,5.124835742444156,7.095926412614968,10.329609709005648,7.407407407407261,92.59259259259274,True,22.49,False,False,False,False,False,False
1030,002535,林州重机,C 制造业,腾讯前复权日K回退（成交额、换手率已提供）,False,2026-08-06,2.44,2.404,2.2595,True,True,True,True,2.48,-1.6129032258064528,False,58.56236615551188,0.006971862455159794,-0.03800188846012813,0.08994750183057584,True,False,False,False,,,21.024073451799186,17.80716904792097,27.457882259555625,False,False,2026-07-27,8.0,True,148831.0,157962.2,0.9421937653438607,False,35978600.0,1.99,18.07969849246231,1.2448132780082943,4.56431535269709,7.988493029431284,18.18181818181822,81.81818181818178,True,3.48,False,False,False,True,False,False
1031,002536,飞龙股份,C 制造业,腾讯前复权日K回退（成交额、换手率已提供）,False,2026-08-06,37.85,35.376,45.1555,True,False,False,True,58.79,-35.61830243238646,False,41.94766541897099,-3.200941369060047,-1.8578399576962403,-2.686202822727613,False,True,False,False,,,33.09525232757641,36.584812891153526,26.116131200422174,False,False,,,False,454614.0,488572.4,0.9304946411217662,False,1708215500.0,8.35,204.57670658682636,-0.838354728844648,6.261461881058423,-16.178538605485492,34.72803347280327,65.27196652719674,False,58.79,False,False,False,False,True,True
1032,002537,海联金汇,C 制造业,腾讯前复权日K回退（成交额、换手率已提供）,False,2026-08-06,5.92,5.894,5.57,True,True,True,True,5.98,-1.0033444816053594,False,58.61888518882075,0.06075503076095057,-0.01350415048339565,0.14851836248869243,True,False,False,False,,,24.880009827710065,22.0621663777559,30.51569672761839,False,False,,,False,351043.0,235797.6,1.4887471288935934,False,208914400.0,3.0,69.63813333333333,0.3389830508474523,3.5593220338983045,6.283662477558341,61.90476190476186,38.09523809523814,False,7.46,False,False,False,False,True,False
1033,002538,ST司特,C 制造业,腾讯前复权日K回退（成交额、换手率已提供）,False,2026-08-06,6.95,6.806,6.294,True,True,True,True,7.03,-1.1379800853485074,False,72.06660267943586,0.1981365649143214,0.11229597408982946,0.1716811816489839,True,False,False,False,2026-07-23,10.0,69.82955615917521,60.37203061478011,88.74460724796542,False,False,,,False,95456.0,125535.0,0.760393515752579,False,65870800.0,1.12,58.81321428571428,1.4598540145985384,2.6277372262773815,10.42262472195743,16.66666666666675,83.33333333333324,True,7.03,True,True,False,False,False,False
1034,002539,云图控股,C 制造业,腾讯前复权日K回退（成交额、换手率已提供）,False,2026-08-06,12.02,12.088,10.97,False,True,True,False,12.44,-3.37620578778135,False,57.854800947102525,0.23152579066235113,0.020620809360355753,0.42180996260399073,True,False,False,False,2026-07-23,10.0,40.72421303479356,37.67003334323089,46.83257241791888,False,False,,,False,177631.0,222104.8,0.7997620942906232,False,215423400.0,2.0,107.7117,-2.1969080553295384,3.2546786004882047,9.571558796718312,30.00000000000022,9.999999999999778,False,14.53,False,False,False,False,False,False
1035,002540,亚太科技,C 制造业,腾讯前复权日K回退（成交额、换手率已提供）,False,2026-08-06,5.15,5.154,4.85,False,True,True,True,5.3,-2.830188679245273,False,59.95084153492797,0.06598870374656407,-0.0012007502233628183,0.13437890793985377,True,False,False,False,,,25.67512629864432,22.296427635620958,32.43252362469104,False,False,2026-07-27,8.0,True,109630.0,111612.6,0.9822367725507694,False,56332299.99999999,1.28,44.00960937499999,-0.19379844961240345,2.325581395348839,6.185567010309293,25.000000000000185,58.33333333333351,False,5.83,False,False,False,False,False,False
1036,002541,鸿路钢构,C 制造业,腾讯前复权日K回退（成交额、换手率已提供）,False,2026-08-06,18.89,19.684,20.2235,False,False,False,False,22.75,-16.967032967032964,False,44.8722600228604,0.2238157383062287,0.4715188148052331,-0.49540615299800883,False,True,False,False,,,54.855409663108134,59.6923780875627,45.181472814199,False,False,,,False,149310.0,135442.8,1.102384179889961,False,283212800.0,3.01,94.09063122923588,-2.326783867631843,4.4467425025853125,-6.593814127129333,55.81395348837177,19.767441860465325,False,22.75,False,False,False,False,True,False
1037,002542,*ST中岩,E 建筑业,腾讯前复权日K回退（成交额、换手率已提供）,False,2026-08-06,1.72,1.752,1.564,False,True,True,True,1.83,-6.010928961748639,False,60.8542412998652,0.0882501730152927,0.06236960196671726,0.05176114209715088,True,False,False,False,,,25.85584646691571,24.573468925861306,28.420601549024525,False,False,,,False,370717.0,387656.0,0.95630404275956,False,64013000.0,2.11,30.33791469194313,-2.824858757062154,5.084745762711869,9.974424552429662,11.11111111111111,33.33333333333333,False,1.86,False,True,False,True,False,False
1038,002543,万和电气,C 制造业,腾讯前复权日K回退（成交额、换手率已提供）,False,2026-08-06,6.61,6.718000000000001,6.5565,False,True,True,False,6.91,-4.341534008683065,False,50.07908029466452,0.015479782646170115,-0.02521424082807916,0.08138804694849855,True,False,False,False,,,20.048461775673985,19.000709241103824,22.143966844814308,False,False,2026-07-29,6.0,True,40041.0,41799.6,0.957927827060546,False,26418700.0,0.61,43.309344262295085,-0.8995502248875464,2.248875562218896,0.8159841378784496,6.666666666666508,40.000000000000234,False,7.98,False,False,False,False,False,False
1039,002544,普天科技,I 信息技术,腾讯前复权日K回退（成交额、换手率已提供）,False,2026-08-06,16.67,16.442,15.934999999999999,True,True,True,True,19.01,-12.309310889005785,False,49.794707003494516,-0.4889803627117466,-0.8326848773677639,0.6874090293120345,True,False,False,False,2026-07-27,8.0,13.96934457620614,11.328907051730724,19.250219625156973,False,False,,,False,139423.0,124892.6,1.116343162044829,False,233920600.0,2.05,114.10760975609756,-1.1855364552459946,3.73443983402489,4.612488233448403,49.20634920634908,30.158730158730407,False,27.85,False,True,False,False,True,False
1040,002545,东方铁塔,C 制造业,腾讯前复权日K回退（成交额、换手率已提供）,False,2026-08-06,18.61,18.326,17.5225,True,True,True,False,19.89,-6.435394670688793,False,54.21456101292532,0.17026844479448755,-0.002653867883741959,0.345844625356459,True,False,False,False,,,28.417050362862152,27.841406639437494,29.568337809711466,False,False,,,False,253623.0,250942.6,1.0106813271242108,False,474775400.0,2.24,211.95330357142856,0.053763440860210565,3.9784946236559247,6.206306177771428,66.21621621621631,33.7837837837837,False,26.45,False,True,False,False,True,False
1041,002546,新联电子,C 制造业,腾讯前复权日K回退（成交额、换手率已提供）,False,2026-08-06,8.56,8.686000000000002,8.241000000000001,False,True,True,True,9.08,-5.726872246696031,False,55.94012649748494,0.3012440708968587,0.24548138240960354,0.11152537697451026,True,False,False,False,2026-07-23,10.0,73.35016743386589,66.90523645315703,86.24002939528361,False,False,,,False,498415.0,507416.0,0.9822611033156227,False,431940899.99999994,6.22,69.44387459807072,-4.677060133630285,3.7861915367483276,3.8708894551631965,5.8823529411763475,14.70588235294139,False,9.08,False,False,False,False,True,False
1042,002547,*ST春兴,C 制造业,腾讯前复权日K回退（成交额、换手率已提供）,False,2026-08-06,2.48,2.52,2.275,False,True,True,True,2.65,-6.415094339622638,False,52.19409132933363,-0.03396234710193369,-0.11213901018073713,0.1563533261576069,True,False,False,False,2026-07-27,8.0,35.527998033987494,31.914278098567127,42.75543790482822,False,False,2026-07-23,10.0,True,310471.0,344638.2,0.9008606706975605,False,77450100.0,2.81,27.562313167259784,-2.3622047244094557,5.905511811023619,9.010989010989015,26.666666666666707,33.333333333333236,False,3.77,False,False,False,False,True,False
1043,002548,金新农,C 制造业,腾讯前复权日K回退（成交额、换手率已提供）,False,2026-08-06,3.98,3.914,3.9655,True,True,False,True,4.48,-11.160714285714295,False,51.64757174314915,-0.03180357761879549,-0.043489339473738425,0.023371523709885877,True,False,False,False,2026-08-05,1.0,21.235359053440376,18.54611394331069,26.61384927369975,False,False,2026-07-31,4.0,True,242361.0,246118.0,0.9847349645292096,False,95577300.0,3.01,31.75325581395349,0.0,2.763819095477384,0.3656537637120151,18.18181818181822,81.81818181818178,True,5.05,False,True,False,False,True,False
1044,002549,凯美特气,N 公共环保,腾讯前复权日K回退（成交额、换手率已提供）,False,2026-08-06,14.47,13.592000000000002,13.973499999999998,True,True,False,True,17.94,-19.342251950947606,False,48.28277537781467,-0.8938097467747479,-1.1047203489715844,0.4218212043936731,True,False,False,False,2026-08-04,2.0,17.11869137924725,13.717873703456144,23.920326730829455,False,False,2026-08-04,2.0,True,508192.0,301651.8,1.6846973895067094,False,723702500.0,7.34,98.59707084468664,3.2833690221270473,6.138472519628833,3.5531541847067873,17.441860465116125,82.55813953488388,True,22.68,False,False,False,False,False,False
1045,002550,千红制药,C 制造业,腾讯前复权日K回退（成交额、换手率已提供）,False,2026-08-06,6.87,6.909999999999999,6.846500000000001,False,True,True,True,7.4,-7.162162162162165,False,53.54764808124771,0.09272244712472322,0.0941992259599599,-0.002953557670473367,False,True,False,True,2026-08-04,2.0,53.078126704940075,51.84922991976104,55.53592027529815,False,False,,,False,165235.0,169292.6,0.9760320297520387,False,113348400.0,1.76,64.4025,-0.7225433526011571,2.6011560693641704,0.3432410720806165,11.11111111111133,38.888888888888914,False,7.4,False,False,False,False,True,False
1046,002551,尚荣医疗,C 制造业,腾讯前复权日K回退（成交额、换手率已提供）,False,2026-08-06,3.04,3.022,2.9074999999999998,True,True,True,True,3.11,-2.250803858520895,False,58.83937747826373,0.032931747097844966,0.00450861050528095,0.056846273185128034,True,False,False,False,,,37.48793288714288,33.18131162487719,46.10117541167428,False,False,,,False,105835.0,134896.8,0.7845627175737305,False,31997000.0,1.73,18.49537572254335,0.0,2.3026315789473633,4.557179707652632,28.571428571428665,71.42857142857135,True,3.55,False,False,False,False,True,False
1047,002552,宝鼎科技,C 制造业,腾讯前复权日K回退（成交额、换手率已提供）,False,2026-08-06,43.27,37.186,43.372,True,False,False,True,70.99,-39.0477532046767,False,47.79423631101757,-5.191552173605757,-5.4794034390927155,0.575702530973917,True,False,True,False,,,36.73505760583518,34.389861379927886,41.42545005764977,False,False,,,False,177286.0,175087.0,1.012559470434698,False,750614100.0,4.81,156.05282744282746,9.989832231825101,6.253177427554653,-0.23517476713086038,0.0,100.0,True,78.98,False,False,False,False,False,True
1048,002553,南方精工,C 制造业,腾讯前复权日K回退（成交额、换手率已提供）,False,2026-08-06,16.03,16.15,15.063999999999998,False,True,True,True,16.61,-3.491872366044541,False,53.39134663900323,-0.11815714541466704,-0.4480934697517966,0.6598726486742591,True,False,False,False,2026-07-23,10.0,17.885257355891643,15.27327400012409,23.10922406742675,False,False,2026-07-27,8.0,True,78738.0,118249.6,0.6658627175060211,False,126636800.0,3.07,41.249771986970686,-1.4145141451414545,2.952029520295205,6.41263940520448,20.833333333333613,29.166666666666757,False,22.24,False,False,False,False,True,False
1049,002554,惠博普,B 采矿业,腾讯前复权日K回退（成交额、换手率已提供）,False,2026-08-06,2.86,2.852,2.8369999999999997,True,True,True,True,3.07,-6.840390879478826,False,46.90772646852926,-0.0513668595191108,-0.07197594399775804,0.04121816895729449,True,False,False,False,2026-07-29,6.0,14.017231805843272,12.408515387160877,17.23466464320806,False,False,,,False,148949.0,164357.8,0.9062484409014967,False,42527900.0,1.12,37.971339285714286,0.0,2.4475524475524577,0.8107155445893596,42.85714285714304,57.14285714285696,False,3.54,False,True,False,False,True,False
1050,002555,三七互娱,I 信息技术,腾讯前复权日K回退（成交额、换手率已提供）,False,2026-08-06,19.8,20.022000000000002,19.0215,False,True,True,True,20.68,-4.255319148936165,False,56.52788849919114,0.30041055550142914,0.13520997697376955,0.3304011570553192,True,False,False,False,2026-07-29,6.0,48.5211472037673,43.84343481198823,57.876571987325434,False,False,,,False,535606.0,703365.2,0.7614906168232378,False,1068756100.0,3.37,317.13830860534125,-2.125556104794857,3.4602076124567436,4.092737165838662,37.1428571428574,18.57142857142845,False,21.88,False,False,False,True,True,False
1051,002556,辉隆股份,F 批发零售,腾讯前复权日K回退（成交额、换手率已提供）,False,2026-08-06,4.98,4.952,4.7615,True,True,True,True,5.02,-0.7968127490039673,False,60.39950044526357,0.04033825034197225,-0.004992401679814061,0.09066130404357262,True,False,False,False,,,23.03021804686425,20.751404319455723,27.5878455016813,False,False,,,False,99839.0,109584.0,0.91107278434808,False,49513000.0,1.07,46.273831775700934,0.60606060606061,1.4141414141414197,4.588890055654743,14.285714285713924,85.71428571428608,True,5.73,False,False,False,False,True,False
1052,002557,洽洽食品,C 制造业,腾讯前复权日K回退（成交额、换手率已提供）,False,2026-08-06,19.51,19.956,19.741,False,False,True,False,21.1,-7.535545023696681,False,47.63936300122138,0.08968780355122874,0.07700294556339118,0.02536971597567511,True,False,False,False,2026-07-29,6.0,31.990331132034687,33.566458515810524,28.838076364483015,False,False,,,False,74139.0,96945.2,0.7647516328812567,False,145590300.0,1.47,99.04102040816326,-1.6633064516128893,3.629032258064528,-1.1701534876652555,34.72222222222211,15.27777777777814,False,21.79,False,False,False,False,False,False
1053,002558,巨人网络,I 信息技术,腾讯前复权日K回退（成交额、换手率已提供）,False,2026-08-06,29.26,29.528000000000002,28.1365,False,True,True,True,31.31,-6.547428936442022,False,55.45952886907281,0.46410233066042395,0.18971472577882093,0.548775209763206,True,False,False,False,2026-08-03,3.0,48.16769122794739,42.216662987712866,60.06974770841643,False,False,,,False,1109645.0,1422823.0,0.7798896981564116,False,3304008100.0,5.84,565.7548116438356,-2.693714665779845,5.686730961090779,3.993033959447692,64.91228070175445,9.356725146198853,False,32.96,False,False,False,False,True,False
1054,002559,亚威股份,C 制造业,腾讯前复权日K回退（成交额、换手率已提供）,False,2026-08-06,9.53,9.184000000000001,9.572,True,False,False,True,13.16,-27.583586626139823,False,45.89337207541983,-0.5465485050736287,-0.5993868045091901,0.1056765988711228,True,False,False,False,2026-08-05,1.0,13.44294309351806,11.12047021774429,18.087888845065603,False,False,2026-08-04,2.0,True,312174.0,298242.2,1.0467130406092766,False,295853100.0,6.19,47.79533117932148,0.7399577167018778,3.9112050739957818,-0.4387797743418284,32.43243243243261,67.5675675675674,False,15.38,False,False,False,False,False,False
1055,002560,通达股份,C 制造业,腾讯前复权日K回退（成交额、换手率已提供）,False,2026-08-06,6.46,6.362,6.081,True,True,True,True,7.1,-9.01408450704225,False,48.21801371085854,-0.260292620451537,-0.42423617198155955,0.3278871030600451,True,False,False,False,2026-07-27,8.0,16.192083508040536,14.345865097698669,19.884520328724268,False,False,2026-07-23,10.0,True,273133.0,381159.0,0.716585466957359,False,175567800.0,4.31,40.73498839907193,-0.46224961479198745,2.9275808936825944,6.232527544811701,15.789473684210625,63.15789473684204,False,12.9,False,False,False,False,False,False
1056,002561,徐家汇,F 批发零售,腾讯前复权日K回退（成交额、换手率已提供）,False,2026-08-06,6.66,6.684,6.4799999999999995,False,True,True,True,6.84,-2.6315789473684172,False,54.414020803076085,0.014310919392259258,-0.042317663238100225,0.11325716526071897,True,False,False,False,,,26.20456553262655,23.84286397789494,30.927968642089773,False,False,2026-07-29,6.0,True,35084.0,41623.4,0.8428912582826006,False,23214899.999999996,0.85,27.311647058823525,0.3012048192771122,1.9578313253012032,2.7777777777777874,15.384615384615069,84.61538461538493,True,7.86,False,False,False,True,False,False
1057,002562,兄弟科技,C 制造业,腾讯前复权日K回退（成交额、换手率已提供）,False,2026-08-06,4.53,4.548,4.371499999999999,False,True,True,True,4.63,-2.1598272138228864,False,53.13605785643763,-0.007704491375660538,-0.05999495708722597,0.10458093142313087,True,False,False,False,2026-07-14,17.0,18.651579616476564,16.086234795565826,23.782269258298037,False,False,2026-07-28,7.0,True,177444.0,194563.2,0.9120121379582572,False,80110600.0,2.18,36.74798165137614,-0.8752735229759279,2.6258205689277925,3.625757749056411,0.0,58.33333333333351,False,5.92,False,False,False,False,False,False
1058,002563,森马服饰,C 制造业,腾讯前复权日K回退（成交额、换手率已提供）,False,2026-08-06,6.1,6.177999999999999,5.8134999999999994,False,True,True,False,6.47,-5.718701700154561,False,59.957368217660395,0.19133938734685252,0.15591635698077322,0.0708460607321586,True,False,False,False,2026-07-27,8.0,80.38385890247199,82.2598140717552,76.63194856390555,False,False,,,False,217692.0,290888.4,0.748369477779107,False,132254800.0,0.99,133.59070707070708,-0.326797385620925,2.2875816993464144,4.9281843983830775,14.285714285714556,64.28571428571392,False,6.47,False,True,False,True,False,False
1059,002564,天沃科技,C 制造业,腾讯前复权日K回退（成交额、换手率已提供）,False,2026-08-06,4.48,4.436000000000001,4.2425,True,True,True,True,4.5,-0.444444444444435,False,55.348239491735,-0.018288561015334714,-0.0833773584326818,0.13017759483469418,True,False,False,False,,,18.682066560485953,16.26868966438612,23.508820352685625,False,False,2026-07-23,10.0,True,146211.0,121652.6,1.2018732028744146,False,65038400.0,1.7,38.25788235294118,0.9009009009008917,2.702702702702705,5.598114319387171,16.666666666666295,83.3333333333337,True,6.28,False,True,False,False,False,False
1060,002565,顺灏股份,C 制造业,腾讯前复权日K回退（成交额、换手率已提供）,False,2026-08-06,9.88,9.186,9.1705,True,True,True,True,11.74,-15.843270868824527,False,48.97510575197046,-0.7331488087381146,-1.025879975473707,0.5854623334711846,True,False,False,False,2026-07-27,8.0,10.250436534893248,7.879841692485916,14.991626219707916,False,False,2026-08-03,3.0,True,1471068.0,431257.6,3.4111120592425506,True,1464311400.0000002,13.88,105.49793948126802,4.439746300211422,10.042283298097242,7.736764625701982,55.7894736842105,44.2105263157895,False,20.78,False,False,False,False,True,False
1061,002566,益盛药业,C 制造业,腾讯前复权日K回退（成交额、换手率已提供）,False,2026-08-06,6.47,6.488000000000001,6.3665,False,True,True,False,6.88,-5.9593023255813975,False,51.27513840114625,0.002720588588342565,-0.038625828817514064,0.08269283481171326,True,False,False,False,,,27.362310041542187,26.66812876774718,28.7506725891322,False,False,,,False,93343.0,140098.6,0.6662664723273466,False,60098600.0,4.03,14.912803970223324,0.31007751937983663,1.8604651162790715,1.6256970077750645,16.666666666667037,83.33333333333296,True,8.24,False,True,False,False,False,False
1062,002567,唐人神,C 制造业,腾讯前复权日K回退（成交额、换手率已提供）,False,2026-08-06,3.61,3.622,3.6270000000000002,False,False,False,True,3.86,-6.476683937823835,False,51.306789269125844,0.013291409403556553,0.013477732218863185,-0.0003726456306132643,False,True,False,True,2026-08-05,1.0,39.168938105415634,38.14553011425149,41.21575408774392,False,False,,,False,165312.0,142367.0,1.161167967295792,False,59286000.0,1.15,51.55304347826087,-0.5509641873278293,3.0303030303030267,-0.4687069203198331,27.272727272727128,63.636363636363555,False,4.2,False,True,False,False,False,False
1063,002568,百润股份,C 制造业,腾讯前复权日K回退（成交额、换手率已提供）,False,2026-08-06,19.24,19.824,18.594,False,True,True,False,20.73,-7.187650747708645,False,55.975165506555584,0.6053088398547217,0.48489910900035826,0.24081946170872692,True,False,False,False,2026-07-10,19.0,82.47532895286673,81.8947078024314,83.6365712537374,False,False,,,False,156683.0,248236.8,0.6311836117771419,False,304024200.0,2.06,147.5845631067961,-2.4340770791075106,3.245436105476676,3.4742390018285314,29.68750000000017,9.374999999999792,False,20.73,False,False,False,False,False,False
1064,002569,*ST步森,C 制造业,腾讯前复权日K回退（成交额、换手率已提供）,False,2026-08-06,13.38,12.835999999999999,13.514500000000002,True,False,False,True,14.98,-10.680907877169558,False,45.79257045199157,-0.48865050349402317,-0.4828203879544829,-0.01166023107908054,False,True,False,False,,,21.870894682329524,21.153895248140397,23.30489355070778,True,False,,,False,25264.0,22914.8,1.1025188960846266,False,32643200.0,1.8,18.13511111111111,5.354330708661426,7.48031496062993,-0.9952273484035734,11.57894736842098,88.42105263157902,True,18.12,False,False,False,False,True,False
1065,002570,贝因美,C 制造业,腾讯前复权日K回退（成交额、换手率已提供）,False,2026-08-06,4.43,4.412,4.180000000000001,True,True,True,True,4.47,-0.8948545861297548,False,58.776071260841,0.02077213070315942,-0.04253498829032573,0.1266142379869703,True,False,False,False,2026-07-14,17.0,25.477354967895526,22.344431152283747,31.743202599119087,False,False,2026-07-28,7.0,True,193291.0,270914.6,0.7134757595197897,False,85417200.0,1.79,47.719106145251395,0.0,2.7088036117381518,5.980861244019117,16.666666666667037,58.33333333333278,False,5.97,False,True,False,True,False,False
1066,002571,德力股份,C 制造业,腾讯前复权日K回退（成交额、换手率已提供）,False,2026-08-06,11.06,10.68,10.371,True,True,True,True,10.79,2.502316960148298,True,58.74505828787776,0.0005482416838766824,-0.11638652844232635,0.23386954025240606,True,False,False,False,2026-07-14,17.0,35.97221657944201,31.494792739288147,44.92706425974975,False,False,,,False,83556.0,61917.4,1.3494752686643818,False,91642300.0,2.8,32.729392857142855,3.171641791044766,4.664179104477611,6.643525214540547,7.9999999999998295,92.00000000000017,True,13.4,False,False,False,False,False,False
1067,002572,索菲亚,C 制造业,腾讯前复权日K回退（成交额、换手率已提供）,False,2026-08-06,8.33,8.53,8.1945,False,True,True,False,8.99,-7.341490545050057,False,50.82964009697836,0.09103384986022611,0.027439323459550816,0.1271890528013506,True,False,False,False,,,24.381131397240456,24.418837914159194,24.30571836340298,False,True,,,False,116421.0,148240.8,0.7853505917399259,False,97011100.0,1.79,54.19614525139664,-1.6528925619834767,3.0696576151121575,1.653548111538232,11.538461538461302,30.76923076923082,False,11.7,False,False,False,False,False,False
1068,002573,清新环境,N 公共环保,腾讯前复权日K回退（成交额、换手率已提供）,False,2026-08-06,3.24,3.246,3.179,False,True,True,True,3.31,-2.1148036253776388,False,55.78344620148659,0.01960515416144304,0.004643086477741095,0.02992413536740389,True,False,False,False,,,35.091357834965486,32.53070888958485,40.21265572572675,False,False,,,False,59117.0,82439.6,0.717094697208623,False,19015800.0,0.42,45.27571428571428,0.3095975232198178,2.167182662538695,1.9188424032714813,14.285714285714013,85.71428571428599,True,3.63,False,False,False,True,False,False
1069,002574,明牌珠宝,C 制造业,腾讯前复权日K回退（成交额、换手率已提供）,False,2026-08-06,4.59,4.536,4.323,True,True,True,True,4.62,-0.6493506493506547,False,60.925790997381036,0.024806949380565158,-0.03604417046989388,0.12170223970091808,True,False,False,False,,,27.848857002370863,23.85509944763096,35.83637211185067,False,False,2026-07-27,8.0,True,106235.0,67063.0,1.5841074810253046,False,48486400.0,2.01,24.12258706467662,0.879120879120876,4.3956043956043995,6.17626648160998,20.0,49.99999999999978,False,5.77,False,True,False,True,False,False
1070,002575,群兴玩具,F 批发零售,腾讯前复权日K回退（成交额、换手率已提供）,False,2026-08-06,5.28,5.236,4.826,True,True,True,True,5.44,-2.9411764705882377,False,54.72745639118104,-0.03429118775100637,-0.15699469376852923,0.24540701203504572,True,False,False,False,2026-07-22,11.0,22.267831945370293,19.57414977774758,27.655196280615726,False,False,,,False,280867.0,463475.4,0.6060019582484852,False,147831600.0,4.81,30.734220374220374,-0.7518796992481258,3.0075187969924837,9.407376709490274,37.49999999999972,62.50000000000028,False,8.16,False,True,False,False,False,False
1071,002576,通达动力,C 制造业,腾讯前复权日K回退（成交额、换手率已提供）,False,2026-08-06,14.53,14.644,13.719,False,True,True,True,15.08,-3.647214854111411,False,53.38402647793149,-0.03887102676083032,-0.2991702713876353,0.52059848925361,True,False,False,False,2026-07-23,10.0,27.57122092791772,24.58760528114547,33.53845222146222,False,False,2026-07-23,10.0,True,34316.0,51765.2,0.6629163994343691,False,49768400.0,2.12,23.47566037735849,-0.8191126279863514,2.3890784982935127,5.911509585246738,31.4285714285713,54.28571428571421,False,20.27,False,False,False,True,False,False
1072,002577,雷柏科技,C 制造业,腾讯前复权日K回退（成交额、换手率已提供）,False,2026-08-06,18.97,18.42,17.5825,True,True,True,True,19.3,-1.7098445595855019,False,58.029400158896614,0.122034146946298,-0.09454590830913777,0.43316011051087155,True,False,False,False,2026-07-29,6.0,69.56460587434283,62.66020534958858,83.37340692385135,False,False,,,False,40037.0,53681.0,0.7458318585719342,False,75366900.0,1.43,52.70412587412587,1.443850267379676,2.620320855614965,7.891369259206593,6.122448979592089,93.8775510204079,True,20.12,False,False,False,False,True,False
1073,002578,闽发铝业,C 制造业,腾讯前复权日K回退（成交额、换手率已提供）,False,2026-08-06,3.21,3.106,2.9455,True,True,True,True,3.22,-0.31055900621118726,False,57.74146292985379,-0.03656341043831368,-0.10438048444864509,0.13563414802066281,True,False,False,False,2026-07-15,16.0,22.840352441399705,18.513463892609877,31.494129538979365,False,False,,,False,307311.0,251938.4,1.2197862652140365,False,97650700.0,3.57,27.353137254901963,1.2618296529968376,3.4700315457413216,8.97979969444916,18.18181818181822,81.81818181818178,True,4.3,False,False,False,True,True,False
1074,002579,中京电子,C 制造业,腾讯前复权日K回退（成交额、换手率已提供）,False,2026-08-06,13.93,12.058,12.8195,True,True,False,True,19.41,-28.232869654817105,False,50.84259002258159,-1.2206289247441013,-1.4946467147888793,0.548035580089556,True,False,False,False,2026-08-05,1.0,19.214256468529364,14.372243213671666,28.898282978244758,False,False,2026-08-05,1.0,True,1673818.0,480693.2,3.482092111974956,True,2294047600.0,28.69,79.95983269431856,7.318952234206466,6.317411402157166,8.66258434416319,31.707317073170692,68.2926829268293,False,23.4,False,False,False,False,False,True
1075,002580,圣阳股份,C 制造业,腾讯前复权日K回退（成交额、换手率已提供）,False,2026-08-06,19.11,19.402,17.384999999999998,False,True,True,False,20.78,-8.03657362848894,False,51.90877364691098,-0.1285138663660561,-0.7121052322915526,1.167182731850993,True,False,False,False,2026-07-27,8.0,24.967220996011644,23.42543546757336,28.050792052888205,False,False,2026-07-27,8.0,True,873787.0,1037713.8,0.8420308181311649,False,1700979400.0,19.32,88.04241200828157,-6.277587052476708,4.119666503187836,9.922346850733401,14.285714285713983,8.33333333333337,False,36.46,False,False,False,False,False,False
1076,002581,*ST未名,C 制造业,腾讯前复权日K回退（成交额、换手率已提供）,False,2026-08-06,3.43,3.46,3.4884999999999997,False,False,False,True,4.17,-17.745803357314145,False,46.97386660809151,-0.06864312505390835,-0.10103030439468516,0.06477435868155362,True,False,False,False,,,8.4109557956234,8.03453763977739,9.163792107315416,False,False,2026-07-31,4.0,True,50794.0,51482.6,0.9866246071488232,False,17413200.0,1.27,13.711181102362204,-0.5797101449275366,2.898550724637684,-1.6769385122545382,29.999999999999776,50.00000000000022,False,5.64,False,False,False,False,False,False
1077,002582,好想你,C 制造业,腾讯前复权日K回退（成交额、换手率已提供）,False,2026-08-06,10.07,10.09,9.508999999999999,False,True,True,False,10.72,-6.063432835820898,False,57.76400649244,0.23177662773160712,0.12903697982811282,0.2054792958069886,True,False,False,False,,,40.57818004105232,38.01902663678187,45.69648684959323,False,False,,,False,232886.0,362021.2,0.6432938181520861,False,234282000.0,6.77,34.60590841949779,-0.9832841691248762,2.35988200589969,5.899673993059226,29.166666666666234,45.83333333333339,False,12.21,False,False,False,False,False,False
1078,002583,海能达,C 制造业,腾讯前复权日K回退（成交额、换手率已提供）,False,2026-08-06,8.53,8.538,8.092,False,True,True,True,9.19,-7.18171926006529,False,57.13312627154949,0.06468938085138021,-0.04985777270132398,0.22909430710540837,True,False,False,False,2026-07-09,20.0,26.552519094208407,22.287363682797565,35.08282991703009,False,False,2026-07-28,7.0,True,280433.0,319980.0,0.8764079004937808,False,239465500.0,2.19,109.34497716894978,-1.2731481481481621,3.356481481481471,5.412753336628755,51.72413793103414,41.37931034482744,False,10.25,False,True,False,False,True,False
1079,002584,西陇科学,C 制造业,腾讯前复权日K回退（成交额、换手率已提供）,False,2026-08-06,7.98,7.578,7.5295000000000005,True,True,True,True,9.61,-16.9614984391259,False,51.68052012182551,-0.2818058446175771,-0.38172518941419054,0.19983868959322693,True,False,False,False,2026-08-04,2.0,25.728794782963366,21.702939555071115,33.78050523874787,False,False,2026-07-31,4.0,True,389695.0,348711.8,1.1175274252262184,False,305726300.0,8.32,36.74594951923076,2.4390243902439046,3.8510911424903695,5.983133010160035,6.666666666666529,93.33333333333347,True,11.75,False,False,False,False,False,False
1080,002585,双星新材,C 制造业,腾讯前复权日K回退（成交额、换手率已提供）,False,2026-08-06,9.21,9.074000000000002,8.567499999999999,True,True,True,True,10.89,-15.426997245179061,False,49.270317146621245,-0.45469827811977126,-0.7023140089996606,0.4952314617597786,True,False,False,False,2026-07-30,5.0,28.997513373586973,25.808685263023975,35.37516959471297,False,False,,,False,1040042.0,1421908.4,0.731440928262327,False,955435200.0,11.73,81.45227621483376,-2.125398512221033,4.250797024442086,7.499270498978721,52.49999999999972,47.50000000000028,False,15.35,False,False,False,False,True,False
1081,002586,ST围海,E 建筑业,腾讯前复权日K回退（成交额、换手率已提供）,False,2026-08-06,3.8,3.554,3.5900000000000007,True,True,False,True,4.04,-5.940594059405946,False,57.80912017396416,-0.05568249981622975,-0.08899581659266974,0.06662663355287998,True,False,False,False,2026-08-04,2.0,15.317272244614543,11.239874708087967,23.472067317667694,False,False,2026-08-05,1.0,True,77524.0,37182.2,2.0849761444992496,True,28943300.0,0.71,40.765211267605636,5.84958217270195,8.356545961002794,5.849582172701923,10.000000000000075,89.99999999999993,True,4.67,False,False,False,False,True,False
1082,002587,奥拓电子,C 制造业,腾讯前复权日K回退（成交额、换手率已提供）,False,2026-08-06,5.62,5.484,5.321,True,True,True,True,6.04,-6.95364238410596,False,48.36064833371153,-0.22686652279713293,-0.3333573630193857,0.2129816804445055,True,False,False,False,2026-07-29,6.0,21.598988922731312,17.836213276285694,29.124540215622552,False,False,2026-07-27,8.0,True,199254.0,163812.0,1.2163577759871071,False,111033000.0,3.74,29.6879679144385,1.0791366906474975,2.517985611510786,5.619244502912993,14.285714285714013,85.71428571428599,True,7.88,False,False,False,False,False,False
1083,002588,史丹利,C 制造业,腾讯前复权日K回退（成交额、换手率已提供）,False,2026-08-06,8.69,8.836,8.5905,False,True,True,False,9.04,-3.8716814159291997,False,51.17591505393498,0.0801800969762283,0.04983285334994766,0.06069448725256128,True,False,False,False,,,22.758394850344462,23.20966751940806,21.85584951221727,False,True,,,False,110895.0,115394.4,0.9610085064786507,False,96117700.0,1.29,74.5098449612403,-0.7990867579908745,2.168949771689492,1.158256213258821,36.842105263158146,57.89473684210511,False,10.2,False,True,False,False,True,False
1084,002589,瑞康医药,F 批发零售,腾讯前复权日K回退（成交额、换手率已提供）,False,2026-08-06,2.76,2.77,2.7315,False,True,True,True,2.89,-4.498269896193783,False,53.23418471312007,0.018786322618178808,0.009288115548391741,0.018996414139574133,True,False,False,False,,,24.326353358205285,23.610756579807113,25.757546915001633,False,False,,,False,259129.0,243007.6,1.0663411350097691,False,71154400.0,1.9,37.44968421052632,-0.3610108303249149,2.5270758122743624,1.0433827567270637,28.571428571428665,71.42857142857135,True,3.16,False,True,False,True,True,False
1085,002590,万安科技,C 制造业,腾讯前复权日K回退（成交额、换手率已提供）,False,2026-08-06,9.66,9.612,9.1675,True,True,True,True,10.09,-4.261645193260652,False,52.0383447042833,-0.14846744109192578,-0.3221232066302356,0.3473115310766196,True,False,False,False,2026-07-27,8.0,20.454662052452473,17.10510224362932,27.153781670098773,False,False,2026-07-23,10.0,True,72393.0,74474.2,0.9720547518469483,False,69969300.0,1.46,47.92417808219178,-1.2269938650306678,2.760736196319032,5.372238887373872,33.333333333333115,44.44444444444459,False,13.76,False,False,False,False,False,False
1086,002591,恒大高新,C 制造业,腾讯前复权日K回退（成交额、换手率已提供）,False,2026-08-06,6.2,6.034,5.7945,True,True,True,True,6.35,-2.3622047244094406,False,54.699262401158705,-0.12099637195329382,-0.24480226918921294,0.24761179447183823,True,False,False,False,2026-07-28,7.0,23.831362925528367,20.300048955976425,30.89399086463225,False,False,,,False,90938.0,104912.4,0.8667993487900382,False,55932500.0,4.07,13.742628992628992,1.6393442622950838,2.7868852459016384,6.998015359392527,11.764705882352695,88.2352941176473,True,9.5,False,True,False,False,True,False
1087,002592,ST八菱,C 制造业,腾讯前复权日K回退（成交额、换手率已提供）,False,2026-08-06,6.24,6.088,5.9174999999999995,True,True,True,True,6.32,-1.2658227848101276,False,54.22754371276567,-0.0703596597184557,-0.14904971489605684,0.15738011035520227,True,False,False,False,2026-07-28,7.0,18.939564118320888,16.583619824963932,23.6514527050348,False,False,2026-07-23,10.0,True,45960.0,38250.8,1.2015434971294716,False,28278300.0,1.75,16.15902857142857,3.31125827814569,3.8079470198675565,5.449936628643865,4.347826086956421,95.65217391304358,True,8.1,False,True,False,False,False,False
1088,002593,日上集团,C 制造业,腾讯前复权日K回退（成交额、换手率已提供）,False,2026-08-06,4.37,4.346,4.2059999999999995,True,True,True,True,4.47,-2.237136465324377,False,56.73287383955785,0.02198232900844932,-0.0172653031400826,0.07849526429706384,True,False,False,False,,,28.979487826401158,26.168109149287204,34.60224518062907,False,False,2026-07-27,8.0,True,131416.0,126738.0,1.0369107923432592,False,57162700.00000001,2.34,24.42850427350428,0.2293577981651307,2.522935779816521,3.899191631003343,27.27272727272742,72.72727272727259,True,5.25,False,False,False,False,True,False
1089,002594,比亚迪,C 制造业,腾讯前复权日K回退（成交额、换手率已提供）,False,2026-08-06,89.45,92.328,92.195,False,False,True,False,96.59,-7.392069572419506,False,45.14063326693612,0.8167817046172843,1.1719602998550143,-0.71035719047546,False,True,False,False,,,45.51355382459303,48.272707139549254,39.99524719468059,False,False,,,False,367372.0,492740.4,0.7455690663887109,False,3299953300.0,1.05,3142.8126666666662,-1.5084783087425557,2.1140717903545494,-2.9773848907207445,33.854166666666934,11.458333333333263,False,99.64,False,False,False,False,False,False
1090,002595,豪迈科技,C 制造业,腾讯前复权日K回退（成交额、换手率已提供）,False,2026-08-06,52.79,52.736000000000004,49.1135,True,True,True,False,53.8,-1.877323420074346,False,62.43457027400827,1.1559072779414592,0.5137722717378048,1.2842700124073088,True,False,False,False,,,36.434362925986996,33.096248146875475,43.110592484210045,False,False,,,False,27336.0,53529.4,0.5106726397082725,False,144644600.0,0.24,602.6858333333333,-0.6773283160865451,2.333019755409223,7.4857218483716235,58.06451612903207,25.000000000000146,False,60.88,False,False,False,False,False,False
1091,002596,海南瑞泽,C 制造业,腾讯前复权日K回退（成交额、换手率已提供）,False,2026-08-06,3.25,3.184,2.9345,True,True,True,True,3.25,0.0,False,60.5175981986345,0.030917342542269743,-0.03452294961123875,0.130880584307017,True,False,False,False,2026-07-15,16.0,39.54001779948041,34.81895082512272,48.98215174819579,False,False,,,False,212456.0,206317.2,1.0297541843336377,False,68361900.0,1.85,36.95237837837838,0.6191950464396356,2.786377708978324,10.75140569091839,11.11111111111089,88.88888888888911,True,4.18,False,False,False,True,False,False
1092,002597,金禾实业,C 制造业,腾讯前复权日K回退（成交额、换手率已提供）,False,2026-08-06,20.43,20.724,20.075499999999998,False,True,True,False,22.02,-7.220708446866484,False,50.98917059849005,0.09624565562413068,-0.03992220285315484,0.27233571695457104,True,False,False,False,2026-07-29,6.0,34.243451741358,33.5380438211508,35.6542675817724,False,False,2026-07-28,7.0,True,76516.0,96561.8,0.7924044497927751,False,155110500.0,1.35,114.89666666666666,-0.825242718446606,2.0873786407766977,1.7658339767378228,2.325581395349202,83.72093023255806,True,24.74,False,False,False,False,False,False
1093,002598,ST章鼓,C 制造业,腾讯前复权日K回退（成交额、换手率已提供）,False,2026-08-06,6.66,6.610000000000001,6.464499999999999,True,True,True,True,7.0,-4.857142857142855,False,54.000733267777825,-0.03810732961100349,-0.10398302219997163,0.13175138517793628,True,False,False,False,2026-07-28,7.0,19.244520218503954,16.59054655995294,24.552467535605984,False,False,2026-07-28,7.0,True,24367.0,24310.8,1.0023117297661945,False,16078000.0,0.85,18.915294117647058,0.6042296072507503,1.963746223564953,3.0242091422383934,0.0,100.0,True,8.35,False,False,False,False,True,False
1094,002599,盛通股份,C 制造业,腾讯前复权日K回退（成交额、换手率已提供）,False,2026-08-06,6.27,6.26,5.8845,True,True,True,True,6.42,-2.3364485981308465,False,61.970776889188286,0.16163982929724785,0.10124108837897333,0.12079748183654904,True,False,False,False,,,48.55766622993957,45.32783221739354,55.01733425503163,False,False,,,False,106724.0,141080.2,0.7564775212963973,False,66988700.0,2.58,25.964612403100777,-1.2598425196850394,2.9921259842519747,6.551108845271468,36.84210526315797,47.368421052631405,False,7.25,False,False,False,False,True,False
1095,002600,领益智造,C 制造业,腾讯前复权日K回退（成交额、换手率已提供）,False,2026-08-06,12.74,12.646,12.546,True,True,True,True,16.15,-21.114551083591323,False,44.5605076646362,-0.6125824902684069,-0.7813095912342878,0.3374542019317617,True,False,False,False,2026-07-31,4.0,21.751083979360402,19.5499334368549,26.153385064371406,False,False,2026-07-29,6.0,True,1089709.0,1109682.6,0.9820006189157151,False,1391344600.0,1.51,921.4202649006622,-1.7733230531996935,2.3130300693909076,1.5463095807428728,36.666666666666394,40.000000000000234,False,18.54,False,False,False,False,False,False
1096,002601,龙佰集团,C 制造业,腾讯前复权日K回退（成交额、换手率已提供）,False,2026-08-06,16.58,16.57,16.302,True,True,True,False,16.9,-1.8934911242603567,False,52.790362740553775,0.13553323841231446,0.12054074319858564,0.029984990427457642,True,False,False,False,2026-07-22,11.0,64.04402251384191,61.484502542258205,69.1630624570093,False,False,,,False,211744.0,169366.4,1.2502125569180191,False,351348000.0,1.07,328.3626168224299,-0.7185628742515049,3.712574850299386,1.7053122316280132,58.064516129032405,33.87096774193519,False,18.19,False,True,False,False,False,False
1097,002602,世纪华通,I 信息技术,腾讯前复权日K回退（成交额、换手率已提供）,False,2026-08-06,13.86,13.892,13.4275,False,True,True,True,14.53,-4.611149346180317,False,52.95310841038357,-0.013932542601029496,-0.1671354582648541,0.3064058313276492,True,False,False,False,2026-07-31,4.0,30.93382089593777,26.670475592444905,39.4605115029235,False,False,,,False,1001927.0,1463368.8,0.684671560579944,False,1401837100.0,1.47,953.6306802721089,-1.8413597733710985,3.3994334277620304,3.221001675665606,52.083333333333485,10.416666666666474,False,15.59,False,False,False,False,True,False
1098,002603,以岭药业,C 制造业,腾讯前复权日K回退（成交额、换手率已提供）,False,2026-08-06,16.26,16.619999999999997,16.783499999999997,False,False,False,False,17.8,-8.651685393258422,False,47.873711128372044,0.1781361773545207,0.2816618628942235,-0.20705137107940563,False,True,False,False,,,64.35117521106278,68.18700305418443,56.67951952481948,False,False,,,False,239902.0,262266.0,0.9147277954443199,False,390961200.0,1.74,224.69034482758622,-1.0948905109488982,1.9464720194647216,-3.119134864599131,12.499999999999723,25.000000000000554,False,17.8,False,True,False,False,True,False
1099,002605,姚记科技,I 信息技术,腾讯前复权日K回退（成交额、换手率已提供）,False,2026-08-06,18.4,18.735999999999997,18.661,False,False,True,True,20.95,-12.171837708830553,False,48.53016774636015,-0.14732778704144778,-0.23373183982066204,0.17280810555842852,True,False,False,False,2026-08-03,3.0,45.34458264901884,39.67087228417927,56.69200337869799,False,False,,,False,90303.0,98423.4,0.9174952297929152,False,167061300.0,2.67,62.569775280898874,-2.0234291799787196,3.6208732694355676,-1.3986388725148855,51.470588235293825,19.11764705882339,False,20.95,False,True,False,False,False,False
1100,002606,大连电瓷,C 制造业,腾讯前复权日K回退（成交额、换手率已提供）,False,2026-08-06,14.46,14.706,13.8005,False,True,True,False,15.65,-7.603833865814694,False,54.54598313896171,0.3003381055252472,0.14500354772046284,0.3106691156095687,True,False,False,False,2026-07-23,10.0,52.93907164804774,51.50090845494923,55.81539803424475,False,False,,,False,307455.0,465539.2,0.6604277362679662,False,446145899.99999994,7.3,61.115876712328756,-1.5656909462219093,2.4506466984343054,4.778812361870957,30.555555555555447,22.22222222222228,False,18.09,False,False,False,True,True,False
1101,002607,中公教育,P 教育,腾讯前复权日K回退（成交额、换手率已提供）,False,2026-08-06,2.17,2.174,1.9265,False,True,True,True,2.35,-7.659574468085113,False,58.06941304307462,0.055594302970925824,0.00030261118300966595,0.11058338357583232,True,False,False,False,2026-07-23,10.0,44.16886222819881,37.0690479667253,58.36849075114584,False,False,2026-07-23,10.0,True,5598771.0,3822905.0,1.4645331233708396,False,1237158000.0,10.1,122.4908910891089,-7.659574468085117,6.382978723404251,12.639501686997134,0.0,6.666666666666529,False,2.71,False,False,False,False,False,True
1102,002608,江苏国信,D 水电煤气,腾讯前复权日K回退（成交额、换手率已提供）,False,2026-08-06,7.32,7.422,7.1739999999999995,False,True,True,False,7.58,-3.43007915567282,False,49.84988492943223,-0.008165736760290976,-0.0760529612803376,0.13577444904009325,True,False,False,False,2026-07-15,16.0,19.25374891831719,18.86017149557615,20.04090376379927,False,False,,,False,182792.0,219514.2,0.8327115056793591,False,133446299.99999999,0.48,278.01312499999995,-1.0810810810810811,2.162162162162164,2.0351268469473207,18.75000000000014,50.0,False,11.0,False,False,False,False,False,False
1103,002609,捷顺科技,I 信息技术,腾讯前复权日K回退（成交额、换手率已提供）,False,2026-08-06,7.88,7.802,7.446499999999999,True,True,True,True,7.99,-1.376720901126412,False,62.104642703927894,0.08243719290851814,0.005159111532197121,0.15455616275264206,True,False,False,False,2026-07-16,15.0,44.06914681829897,37.39227352968342,57.42289339553005,False,False,,,False,59942.0,64861.6,0.9241523490015664,False,47259100.0,1.31,36.07564885496183,0.638569604086836,2.9374201787994947,5.821526891828395,52.173913043478215,47.82608695652179,False,8.77,False,False,False,False,True,False
1104,002611,东方精工,C 制造业,腾讯前复权日K回退（成交额、换手率已提供）,False,2026-08-06,16.19,16.354,15.370499999999998,False,True,True,True,17.59,-7.959067652075034,False,51.46952517026762,-0.14052986859097594,-0.42332495979651197,0.5655901824110721,True,False,False,False,2026-07-29,6.0,38.57257659869164,34.783406799962066,46.15091619615079,False,False,2026-07-23,10.0,True,312989.0,361837.2,0.8649995080660584,False,510874500.0,3.12,163.74182692307693,-1.9382192610539084,2.483343428225319,5.331641781334396,34.14634146341476,12.195121951219681,False,20.77,False,False,False,False,True,False
1105,002612,朗姿股份,C 制造业,腾讯前复权日K回退（成交额、换手率已提供）,False,2026-08-06,15.26,14.925999999999998,12.903,True,True,True,False,15.64,-2.429667519181591,False,70.46115427366105,0.8400793044559389,0.5077124683125716,0.6647336722867347,True,False,False,False,,,69.47537020427677,62.18397091712112,84.05816877858807,False,False,,,False,161448.0,242834.2,0.6648486909998673,False,243984900.00000003,6.34,38.48342271293376,2.4161073825503365,3.154362416107375,18.267069673719284,4.255319148936089,95.74468085106392,True,15.8,False,False,False,False,True,False
1106,002613,北玻股份,C 制造业,腾讯前复权日K回退（成交额、换手率已提供）,False,2026-08-06,3.34,3.3,3.179,True,True,True,True,3.41,-2.052785923753674,False,47.06865609348767,-0.13609577692798025,-0.21270022714732506,0.15320890043868962,True,False,False,False,2026-07-24,9.0,14.504408788994391,12.452386490059553,18.60845338686407,False,False,2026-07-23,10.0,True,256331.0,264905.4,0.967632218897765,False,84949400.0,3.31,25.664471299093655,0.0,2.994011976047907,5.064485687323058,20.0,80.0,True,5.65,False,False,False,True,True,False
1107,002614,奥佳华,C 制造业,腾讯前复权日K回退（成交额、换手率已提供）,False,2026-08-06,4.78,4.776,4.639,True,True,True,True,4.84,-1.2396694214875952,False,55.97317416456304,0.01657335267082427,-0.021451347444585364,0.07604940023081927,True,False,False,False,,,22.54533746598524,20.34764345547075,26.940725487014227,False,False,2026-07-28,7.0,True,66992.0,68801.6,0.97369828608637,False,31802900.0,1.52,20.92296052631579,0.20964360587003572,2.0964360587002027,3.039448156930373,9.999999999999822,90.00000000000018,True,5.56,False,True,False,True,False,False
1108,002615,哈尔斯,C 制造业,腾讯前复权日K回退（成交额、换手率已提供）,False,2026-08-06,6.61,6.578,6.559,True,True,True,True,7.82,-15.473145780051151,False,47.7000771034576,-0.151685555402147,-0.21520951384974404,0.12704791689519407,True,False,False,False,2026-07-31,4.0,17.00367566568998,14.43367198875295,22.143683019564033,False,False,2026-07-31,4.0,True,53137.0,74989.0,0.7085972609316034,False,35082700.0,1.76,19.933352272727273,-0.8995502248875464,2.398800599700152,0.7775575545052623,12.500000000000277,50.0,False,9.05,False,False,False,False,True,False
1109,002616,长青集团,N 公共环保,腾讯前复权日K回退（成交额、换手率已提供）,False,2026-08-06,4.74,4.762,4.7075000000000005,False,True,True,True,4.84,-2.0661157024793315,False,49.75034517234807,-0.014889493109834007,-0.040121692845151,0.05046439947063398,True,False,False,False,,,17.655532149189362,16.825562882664723,19.31547068223864,False,False,2026-07-31,4.0,True,89827.0,95848.8,0.9371739656625853,False,42307800.0,1.53,27.652156862745098,-0.42016806722687816,2.1008403361344463,0.6903876792352576,9.999999999999822,80.00000000000036,True,6.13,False,True,False,True,False,False
1110,002617,露笑科技,C 制造业,腾讯前复权日K回退（成交额、换手率已提供）,False,2026-08-06,6.32,6.262,6.3285,True,False,False,True,9.55,-33.82198952879582,False,40.23476366693949,-0.5709637263852301,-0.6926539113220136,0.24338036987356704,True,False,False,False,2026-08-03,3.0,13.026217941837615,11.130195110031352,16.81826360545014,False,False,2026-07-31,4.0,True,869829.0,902324.6,0.9639867958825461,False,549612300.0,4.63,118.70676025917926,-1.404056162246492,2.1840873634945486,-0.134313028363747,57.14285714285696,42.85714285714304,False,10.87,False,True,False,False,False,False
1111,002620,*ST瑞和,E 建筑业,腾讯前复权日K回退（成交额、换手率已提供）,False,2026-08-06,5.17,4.996,4.6979999999999995,True,True,True,True,5.53,-6.5099457504520855,False,54.126979362774584,-0.14803926321955174,-0.312838841696291,0.3295991569534785,True,False,False,False,2026-07-28,7.0,15.771702440672732,12.492413278534393,22.330280764949407,False,False,2026-07-27,8.0,True,62648.0,91869.4,0.6819245581227265,False,32506400.0,1.98,16.417373737373737,-1.7110266159695797,3.422053231939158,10.046828437633046,16.66666666666683,27.77777777777772,False,10.89,False,False,False,False,True,False
1112,002622,皓宸医疗,Q 卫生,腾讯前复权日K回退（成交额、换手率已提供）,False,2026-08-06,2.33,2.306,2.1635,True,True,True,True,2.38,-2.1008403361344463,False,59.23302953194192,0.023709722171433523,-0.014473898152092626,0.0763672406470523,True,False,False,False,2026-07-27,8.0,42.31297212373738,37.25906693375852,52.42078250369511,False,False,2026-07-27,8.0,True,181910.0,234367.8,0.7761731773733422,False,42072299.99999999,2.17,19.388156682027645,0.4310344827586299,3.448275862068969,7.6958631846545,12.499999999999723,62.50000000000028,False,2.87,False,True,False,True,False,False
1113,002623,亚玛顿,C 制造业,腾讯前复权日K回退（成交额、换手率已提供）,False,2026-08-06,15.93,15.802000000000001,14.711999999999998,True,True,True,True,16.46,-3.219927095990286,False,55.424245035988434,-0.08670317985559883,-0.4483328149565016,0.7232592702018056,True,False,False,False,2026-07-24,9.0,24.46326350042383,21.151723991954526,31.08634251736244,False,False,,,False,37046.0,73527.8,0.5038366440992387,False,58622900.0,1.92,30.53276041666667,-0.4375000000000018,2.937500000000004,8.278955954323013,10.638297872340562,74.4680851063828,True,24.8,False,False,False,True,False,False
1114,002624,完美世界,I 信息技术,腾讯前复权日K回退（成交额、换手率已提供）,False,2026-08-06,11.27,11.32,10.711,False,True,True,True,11.8,-4.491525423728823,False,50.903898686761636,-0.21216742925867926,-0.4513939304408216,0.4784530023642847,True,False,False,False,2026-07-29,6.0,14.487505409315839,11.909779904432169,19.64295641908318,False,False,2026-07-28,7.0,True,602043.0,791829.8,0.7603186947498061,False,684852700.0,3.29,208.16191489361702,-2.3396880415944454,4.766031195840561,5.218933806367279,41.81818181818184,16.363636363636317,False,17.52,False,False,False,False,True,False
1115,002625,光启技术,C 制造业,腾讯前复权日K回退（成交额、换手率已提供）,False,2026-08-06,30.59,30.851999999999997,29.3815,False,True,True,False,31.35,-2.424242424242429,False,49.563633825484246,-0.20855358141293578,-0.6395276233430893,0.8619480838603071,True,False,False,False,2026-07-21,12.0,26.26628710852663,25.57550186016495,27.64785760524999,False,False,,,False,243973.0,218587.8,1.1161327393386091,False,750920700.0000001,1.13,664.5315929203541,-1.0032362459546862,3.559870550161817,4.113132413253241,40.000000000000064,33.63636363636368,False,43.36,False,False,False,True,True,False
1116,002626,金达威,C 制造业,腾讯前复权日K回退（成交额、换手率已提供）,False,2026-08-06,13.88,14.156,14.054999999999998,False,False,True,False,15.5,-10.4516129032258,False,47.26877491867913,-0.032050912408159604,-0.07444197956965969,0.08478213432300016,True,False,False,False,2026-07-31,4.0,22.06114438799034,21.3017535131067,23.579926137757617,False,False,,,False,50010.0,36417.6,1.3732371161196784,False,69775700.0,0.82,85.09231707317073,-1.8387553041018356,2.6166902404526238,-1.2451085023123243,21.621621621621586,8.108108108108393,False,17.19,False,False,False,False,False,False
1117,002627,三峡旅游,N 公共环保,腾讯前复权日K回退（成交额、换手率已提供）,False,2026-08-06,6.38,6.417999999999999,5.9485,False,True,True,True,6.6,-3.33333333333333,False,60.132692358076724,0.09671183609120249,0.0020174666418914695,0.18938873889862204,True,False,False,False,,,31.01356183743161,27.16059786862699,38.71948977504085,False,False,2026-07-27,8.0,True,94791.0,152125.2,0.6231117526879175,False,60556800.0,1.36,44.52705882352941,-0.6230529595015577,2.8037383177570185,7.253929562074468,61.111111111111086,38.888888888888914,False,7.55,False,True,False,False,True,False
1118,002628,成都路桥,E 建筑业,腾讯前复权日K回退（成交额、换手率已提供）,False,2026-08-06,4.9,4.609999999999999,4.679,True,True,False,True,5.43,-9.760589318600358,False,54.86404141700799,-0.1079862554022668,-0.14188500888655622,0.06779750696857884,True,False,False,False,2026-08-05,1.0,16.358419620515704,11.87828757616933,25.318683709208454,False,False,2026-08-04,2.0,True,300887.0,177221.6,1.6978009452572371,False,142169100.0,3.99,35.631353383458645,6.060606060606055,7.575757575757567,4.723231459713616,5.714285714285598,94.2857142857144,True,6.47,False,False,False,False,False,False
1119,002629,仁智股份,B 采矿业,腾讯前复权日K回退（成交额、换手率已提供）,False,2026-08-06,4.58,4.514,4.3255,True,True,True,True,4.75,-3.578947368421051,False,54.569690518647405,-0.04289058035011539,-0.12302302998375717,0.16026489926728354,True,False,False,False,,,16.246341902787677,13.840430870528394,21.058163967306243,False,False,,,False,116836.0,127861.0,0.9137735509655016,False,53219200.0,3.23,16.476532507739936,0.2188183807439792,3.0634573304157477,5.883712865564679,14.285714285714649,71.42857142857135,True,8.04,False,False,False,True,True,False
1120,002630,*ST华西,C 制造业,腾讯前复权日K回退（成交额、换手率已提供）,False,2026-08-06,1.66,1.668,1.688,False,False,False,True,1.85,-10.270270270270279,False,44.725463961105355,-0.032114356523713194,-0.03776159233137792,0.011294471615329454,True,False,False,False,2026-08-04,2.0,15.850699157610835,14.727463478283816,18.097170516264875,False,False,2026-08-03,3.0,True,118041.0,147317.0,0.8012720867245464,False,19665300.0,1.1,17.87754545454545,-1.1904761904761862,2.380952380952383,-1.65876777251185,25.0,25.0,False,2.11,False,True,False,False,False,False
1121,002631,德尔未来,C 制造业,腾讯前复权日K回退（成交额、换手率已提供）,False,2026-08-06,7.89,7.062,7.181,True,True,False,True,10.14,-22.189349112426044,False,54.2191908894711,-0.4351760309897905,-0.5778808074985043,0.28540955301742765,True,False,False,False,2026-08-05,1.0,21.396489192521717,15.040352878663889,34.108761820237376,False,False,2026-08-04,2.0,True,317421.0,287471.8,1.1041813492662584,False,241602700.0,4.0,60.400675,6.191117092866749,7.671601615074028,9.87327670240913,5.263157894736883,94.73684210526312,True,12.09,False,False,False,False,False,True
1122,002632,道明光学,C 制造业,腾讯前复权日K回退（成交额、换手率已提供）,False,2026-08-06,8.32,8.158000000000001,8.4345,True,False,False,True,10.59,-21.435316336166192,False,46.535738183387764,-0.3271262988625008,-0.3888183997676954,0.12338420181038923,True,False,False,False,2026-08-04,2.0,13.585658975791718,10.978518812148655,18.799939303077846,False,False,2026-07-31,4.0,True,147189.0,165385.6,0.8899747015459628,False,121513100.0,2.56,47.4660546875,0.48309178743961567,2.1739130434782576,-1.3575197107119523,5.555555555555445,94.44444444444456,True,11.87,False,False,False,False,True,False
1123,002633,申科股份,C 制造业,腾讯前复权日K回退（成交额、换手率已提供）,False,2026-08-06,14.76,14.197999999999999,13.6915,True,True,True,True,15.96,-7.518796992481209,False,55.69403002826157,-0.30628711196417413,-0.6111258228773079,0.6096774218262675,True,False,False,False,2026-07-29,6.0,27.826374497775607,22.668876299555276,38.14137089421627,False,False,,,False,17037.0,24206.8,0.7038104995290579,False,24925300.000000004,1.14,21.86429824561404,0.27173913043476716,2.785326086956523,7.804112040316986,12.195121951219681,87.80487804878032,True,20.97,False,False,False,False,False,False
1124,002634,*ST棒杰,C 制造业,腾讯前复权日K回退（成交额、换手率已提供）,False,2026-08-06,4.1,4.1240000000000006,3.9755000000000003,False,True,True,True,4.38,-6.392694063926946,False,48.414491676718534,-0.07564981033758222,-0.1341469897789128,0.11699435888266113,True,False,False,False,2026-07-27,8.0,11.294869278940277,10.663408765331956,12.557790306156921,False,False,2026-07-23,10.0,True,35394.0,51501.6,0.6872407847523184,False,14541600.0,0.8,18.177,0.24449877750609694,2.689486552567245,3.1316815494906147,63.63636363636371,36.363636363636296,False,5.38,False,True,False,False,False,False
1125,002635,安洁科技,C 制造业,腾讯前复权日K回退（成交额、换手率已提供）,False,2026-08-06,14.85,14.072,14.1125,True,True,False,True,18.27,-18.7192118226601,False,48.63075874883589,-0.8800772167792932,-1.1336867858084752,0.5072191380583639,True,False,False,False,2026-08-04,2.0,17.306977912789225,13.939120661667834,24.04269241503201,False,False,2026-08-04,2.0,True,200620.0,263513.4,0.7613275074436442,False,295684700.0,5.07,58.32045364891518,1.3651877133105783,4.436860068259388,5.225863596102738,23.07692307692312,76.92307692307688,True,24.74,False,False,False,False,False,False
1126,002636,金安国纪,C 制造业,腾讯前复权日K回退（成交额、换手率已提供）,False,2026-08-06,59.99,53.077999999999996,68.334,True,False,False,True,109.51,-45.21961464706419,False,42.089024878405006,-9.567623087513738,-8.613690935366465,-1.9078643042945451,False,True,False,False,,,28.72005257137263,28.25534154865692,29.64947461680405,True,False,,,False,819326.0,492307.2,1.6642576017576016,False,4809178400.0,11.31,425.2147126436781,6.781772872908509,10.697757208971161,-12.21061257938947,27.121464226289447,72.87853577371055,True,124.38,False,False,False,False,False,True
1127,002637,赞宇科技,C 制造业,腾讯前复权日K回退（成交额、换手率已提供）,False,2026-08-06,10.79,10.428,9.9375,True,True,True,True,10.88,-0.8272058823529561,False,58.199025649327325,-0.08732114127840518,-0.28879525843386944,0.4029482343109285,True,False,False,False,2026-07-29,6.0,32.916942209676854,25.043213982047206,48.66439866493616,False,False,2026-07-27,8.0,True,130187.0,156824.0,0.8301471713513238,False,139809000.0,2.8,49.931785714285716,1.314553990610312,3.286384976525835,8.578616352201248,28.571428571428864,71.42857142857115,True,13.39,False,False,False,False,True,False
1128,002638,勤上股份,C 制造业,腾讯前复权日K回退（成交额、换手率已提供）,False,2026-08-06,3.77,3.604,3.535,True,True,True,True,3.93,-4.071246819338426,False,54.63978688568898,-0.07772568302411731,-0.13247556152535175,0.10949975700246889,True,False,False,False,2026-07-29,6.0,28.958126626391778,24.822644229382323,37.22909142041069,False,False,2026-07-24,9.0,True,275480.0,220402.8,1.2498933770351375,False,103136400.0,2.04,50.55705882352942,3.005464480874309,5.737704918032786,6.647807637906644,19.04761904761907,80.95238095238093,True,4.89,False,False,False,False,False,False
1129,002639,雪人集团,C 制造业,腾讯前复权日K回退（成交额、换手率已提供）,False,2026-08-06,12.64,12.563999999999998,11.824499999999999,True,True,True,True,12.95,-2.393822393822384,False,52.406738517902845,-0.1994790704538918,-0.4802874052296664,0.5616166695515492,True,False,False,False,2026-07-23,10.0,18.517129464786755,15.903385602179938,23.74461719000039,False,False,,,False,459380.0,547651.2,0.8388185764954045,False,581549300.0,6.96,83.55593390804597,-1.7871017871017747,3.108003108003111,6.8966975347795,30.00000000000022,35.00000000000011,False,19.28,False,False,False,False,False,False
1130,002640,跨境通,F 批发零售,腾讯前复权日K回退（成交额、换手率已提供）,False,2026-08-06,3.41,3.4160000000000004,3.2275,False,True,True,True,3.5,-2.571428571428567,False,54.97234468540419,0.059670870653177666,0.02253385200481572,0.07427403729672388,True,False,False,False,2026-07-15,16.0,35.81014012417371,34.229082144507494,38.97225608350614,False,False,,,False,876179.0,1041522.8,0.8412480264474287,False,298057700.0,5.66,52.660371024734985,-1.729106628242072,3.458213256484153,5.654531371030212,16.666666666666664,50.0,False,4.66,False,False,False,False,False,False
1131,002641,公元股份,C 制造业,腾讯前复权日K回退（成交额、换手率已提供）,False,2026-08-06,3.9,3.8939999999999997,3.876499999999999,True,True,True,True,4.17,-6.474820143884892,False,49.732146930950606,-0.03472156222103706,-0.05409721476425135,0.03875130508642857,True,False,False,False,2026-08-03,3.0,23.97786666380291,20.339951118952772,31.253697753503182,False,False,2026-07-30,5.0,True,82625.0,95000.2,0.8697350110841873,False,31993200.0,0.73,43.82630136986302,0.25706940874035134,1.7994858611825266,0.6062169482781052,14.285714285714556,85.71428571428544,True,4.49,False,False,False,False,False,False
1132,002642,荣联科技,I 信息技术,腾讯前复权日K回退（成交额、换手率已提供）,False,2026-08-06,7.45,7.456,7.1515,False,True,True,True,7.75,-3.8709677419354813,False,57.06152486886947,0.12954665610489524,0.061372341894393605,0.13634862842100326,True,False,False,False,,,40.599157680504696,38.071759342782116,45.65395435594985,False,False,,,False,200992.0,276891.2,0.725888002218922,False,149835100.0,3.04,49.287861842105265,-0.6666666666666599,2.7999999999999994,4.17394952107949,28.57142857142839,47.61904761904788,False,9.29,False,False,False,True,True,False
1133,002643,万润股份,C 制造业,腾讯前复权日K回退（成交额、换手率已提供）,False,2026-08-06,13.82,13.307999999999998,13.998000000000001,True,False,False,True,19.58,-29.417773237997952,False,42.287298056870945,-1.045709583888037,-1.1587123578060388,0.22600554783600346,True,False,False,False,2026-08-05,1.0,11.346094479279971,8.891443899809753,16.25539563822041,False,False,2026-08-04,2.0,True,252484.0,238835.6,1.0571455846615831,False,346975800.0,2.8,123.91992857142858,0.2902757619738905,2.975326560232222,-1.2716102300328678,17.07317073170738,82.92682926829262,True,22.22,False,False,False,False,False,False
1134,002644,佛慈制药,C 制造业,腾讯前复权日K回退（成交额、换手率已提供）,False,2026-08-06,7.79,7.780000000000001,7.6930000000000005,True,True,True,True,8.07,-3.469640644361837,False,55.47926283229559,0.08177144004383674,0.0719740338607067,0.019594812366260095,True,False,False,False,,,40.928756775415756,40.095793134911595,42.59468405642407,False,False,,,False,27416.0,37072.8,0.7395179214950044,False,21172500.0,0.54,39.20833333333333,0.77619663648123,1.8111254851228935,1.2608865202131745,0.0,100.0,True,8.2,False,True,False,False,False,False
1135,002645,华宏科技,C 制造业,腾讯前复权日K回退（成交额、换手率已提供）,False,2026-08-06,18.55,17.154000000000003,17.966500000000003,True,True,False,True,23.38,-20.658682634730532,False,44.832994061829915,-1.9181352462539678,-2.3530620108266245,0.8698535291453133,True,False,False,False,2026-08-03,3.0,18.347274479705302,17.61186027872046,19.81810288167498,True,False,2026-08-06,0.0,True,598160.0,391986.2,1.5259720877928866,False,1113972300.0,8.79,126.7317747440273,2.8840820854131977,7.099278979478653,3.247711017727421,55.46875000000002,44.531249999999986,False,36.61,False,False,False,False,True,False
1136,002646,天佑德酒,C 制造业,腾讯前复权日K回退（成交额、换手率已提供）,False,2026-08-06,6.82,6.882000000000001,6.657500000000001,False,True,True,False,7.08,-3.6723163841807875,False,53.761496093520414,0.03750042054617442,-0.01413218614145268,0.1032652133752542,True,False,False,False,,,31.571721553399318,29.76930920183518,35.176546256527594,False,False,2026-07-28,7.0,True,53117.0,75808.2,0.700676180149377,False,36078100.0,1.12,32.21258928571428,0.0,2.1994134897360755,2.4408561772437043,6.666666666666508,66.66666666666686,False,8.16,False,False,False,True,False,False
1137,002647,仁东控股,J 金融业,腾讯前复权日K回退（成交额、换手率已提供）,False,2026-08-06,9.68,9.718,9.4955,False,True,True,True,12.34,-21.55591572123177,False,48.12080915031319,-0.31692073334386883,-0.48333122079010893,0.3328209748924802,True,False,False,False,2026-07-31,4.0,28.86490956363711,25.96457989945603,34.665568891999264,False,False,,,False,226274.0,244145.2,0.9268009364918909,False,222466500.0,2.23,99.76076233183856,-1.9250253292806385,4.154002026342454,1.9430256437259743,51.21951219512171,19.51219512195123,False,13.4,False,False,False,False,False,False
1138,002648,卫星化学,C 制造业,腾讯前复权日K回退（成交额、换手率已提供）,False,2026-08-06,25.37,25.3,24.2795,True,True,True,False,25.65,-1.0916179337231875,False,57.78238693450212,0.4031485681452729,0.27558836936865494,0.2551203975532359,True,False,False,False,2026-07-20,13.0,46.81912472949481,45.11814124478027,50.2210916989239,False,False,,,False,435230.0,455682.0,0.9551178233943847,False,1104937800.0,1.29,856.5409302325581,0.4354711005542411,2.533650039588284,4.491443398752043,45.31249999999983,54.68750000000018,False,28.37,False,False,False,False,False,False
1139,002649,博彦科技,I 信息技术,腾讯前复权日K回退（成交额、换手率已提供）,False,2026-08-06,11.29,9.854,8.878,True,True,True,True,10.26,10.038986354775822,True,81.36073397041562,0.37969122320491344,0.11216998360596306,0.5350424791979007,True,False,False,False,,,55.10196426173625,39.19982758159123,86.9062376220263,False,False,,,False,561557.0,171019.4,3.2835865404743556,True,623599700.0,10.47,59.56062082139445,10.038986354775826,5.068226120857696,27.168281144401877,0.0,100.0,True,10.76,True,False,False,False,True,True
1140,002650,ST加加,C 制造业,腾讯前复权日K回退（成交额、换手率已提供）,False,2026-08-06,6.27,6.029999999999999,5.866,True,True,True,True,6.43,-2.488335925349925,False,55.308662610788815,-0.11126566250770331,-0.21212725651279835,0.20172318801019007,True,False,False,False,2026-07-30,5.0,23.60592490269262,19.262340396595153,32.29309391488756,False,False,2026-07-30,5.0,True,55510.0,65080.6,0.8529423514841596,False,34182900.0,0.5,68.3658,3.8079470198675525,5.794701986754961,6.8871462666212055,22.8571428571429,77.1428571428571,True,8.49,False,False,False,False,False,False
1141,002651,利君股份,C 制造业,腾讯前复权日K回退（成交额、换手率已提供）,False,2026-08-06,7.82,7.884,7.467499999999999,False,True,True,True,8.05,-2.857142857142862,False,56.39073687116815,0.07180751391758822,-0.01622685982496632,0.1760687474851091,True,False,False,False,,,27.1897714561337,25.10812148560127,31.353071397198555,False,False,2026-07-23,10.0,True,69053.0,76981.0,0.8970135487977553,False,54118900.0,1.22,44.35975409836065,-0.5089058524173073,2.417302798982193,4.720455306327431,5.263157894736719,31.57894736842125,False,9.84,False,False,False,False,False,False
1142,002652,扬子新材,C 制造业,腾讯前复权日K回退（成交额、换手率已提供）,False,2026-08-06,3.86,3.742,3.6475,True,True,True,True,4.31,-10.440835266821342,False,49.940293675912145,-0.15610374162070162,-0.24101696255888946,0.1698264418763757,True,False,False,False,2026-07-28,7.0,19.629693478506884,16.991031232298027,24.9070179709246,False,False,,,False,168752.0,165968.2,1.0167730926767897,False,64064799.99999999,3.3,19.413575757575757,2.3872679045092715,3.7135278514588776,5.825908156271416,14.285714285714333,85.71428571428567,True,6.71,False,False,False,False,False,False
1143,002653,海思科,C 制造业,腾讯前复权日K回退（成交额、换手率已提供）,False,2026-08-06,67.07,62.712,67.568,True,False,False,True,79.6,-15.741206030150757,False,53.20821053077284,-0.1400740705855128,0.8268072615308094,-1.9337626642326444,False,True,False,False,,,52.2292212772289,50.81289297264677,55.06187788639316,True,False,,,False,109639.0,91992.6,1.191824124983966,False,717942100.0000001,2.04,351.9324019607844,4.649711343423291,5.617100951786552,-0.7370352829741958,1.1111111111112844,98.88888888888872,True,80.83,False,False,False,False,False,False
1144,002654,万润科技,L 商务服务,腾讯前复权日K回退（成交额、换手率已提供）,False,2026-08-06,12.42,11.934000000000001,12.856,True,False,False,True,19.25,-35.480519480519476,False,41.514833133133166,-1.2815786000819305,-1.436957414638078,0.3107576291122949,True,False,False,False,2026-08-05,1.0,13.81259694766572,11.498013359090558,18.441764124816043,False,False,2026-08-04,2.0,True,477684.0,547207.0,0.8729493592004488,False,592652500.0,5.65,104.89424778761061,-1.1933174224343701,3.977724741447892,-3.3914125700062225,48.00000000000004,51.99999999999996,False,22.46,False,False,False,False,True,False
1145,002655,共达电声,C 制造业,腾讯前复权日K回退（成交额、换手率已提供）,False,2026-08-06,27.84,24.948,27.494999999999997,True,True,False,True,39.68,-29.838709677419356,False,45.87426450376106,-3.2188630636732896,-3.638865592996168,0.8400050586457573,True,False,False,False,2026-08-05,1.0,25.356257701296215,22.980081250798985,30.108610602290675,False,False,,,False,401355.0,297626.8,1.3485176738116327,False,1104871700.0,11.03,100.16969174977335,2.8444772811230035,3.7680088659032123,1.254773595199136,12.745098039215593,87.25490196078441,True,52.72,False,False,False,False,False,True
1146,002656,摩登大道,C 制造业,腾讯前复权日K回退（成交额、换手率已提供）,False,2026-08-06,2.95,2.886,2.754,True,True,True,True,3.02,-2.3178807947019817,False,56.75294011574104,-0.020399584881979127,-0.07131852363027917,0.10183787749660009,True,False,False,False,2026-07-29,6.0,38.14646521172286,31.514328475661546,51.41073868384549,False,False,2026-07-28,7.0,True,154631.0,153255.2,1.0089771831559384,False,46115800.0,2.25,20.495911111111113,0.3401360544217802,4.761904761904766,7.116920842411045,78.57142857142841,21.428571428571587,False,3.61,False,True,False,False,True,False
1147,002657,中科金财,I 信息技术,腾讯前复权日K回退（成交额、换手率已提供）,False,2026-08-06,16.03,15.768,14.714500000000001,True,True,True,True,16.53,-3.0248033877797944,False,49.978353506755575,-0.67436243649116,-1.1140356202856319,0.8793463675889437,True,False,False,False,2026-07-29,6.0,24.675305623223625,20.59110992584328,32.84369701798432,False,False,2026-07-27,8.0,True,197469.0,255048.6,0.7742406741303423,False,316542700.0,5.87,53.925502555366265,1.0081915563957322,4.725897920604926,8.94016106561555,42.6666666666666,57.33333333333339,False,23.98,False,False,False,False,True,False
1148,002658,雪迪龙,C 制造业,腾讯前复权日K回退（成交额、换手率已提供）,False,2026-08-06,7.28,7.290000000000001,7.1255,False,True,True,True,7.42,-1.8867924528301845,False,47.10623309807828,-0.11645152767645683,-0.18376137013486923,0.1346196849168248,True,False,False,False,2026-07-24,9.0,15.431748455671825,14.316506923867856,17.662231519279764,False,False,,,False,50375.0,48368.8,1.041477150559865,False,36596500.0,1.4,26.140357142857145,-0.8174386920980825,2.1798365122615824,2.168268893410996,6.2499999999998614,62.50000000000028,False,10.5,False,True,False,False,False,False
1149,002659,凯文教育,P 教育,腾讯前复权日K回退（成交额、换手率已提供）,False,2026-08-06,4.66,4.792,4.167,False,True,True,True,5.2,-10.384615384615385,False,61.51021462627798,0.19726495591141457,0.0814634421965319,0.23160302742976535,True,False,False,False,,,59.62442894932975,50.238210017966765,78.39686681205572,False,False,2026-07-27,8.0,True,664852.0,589998.6,1.1268704705400996,False,312691500.0,11.11,28.145049504950496,-6.799999999999995,5.600000000000005,11.83105351571875,32.14285714285706,25.000000000000078,False,5.24,False,False,False,False,False,True
1150,002660,茂硕电源,C 制造业,腾讯前复权日K回退（成交额、换手率已提供）,False,2026-08-06,6.97,6.7780000000000005,6.3695,True,True,True,True,6.88,1.3081395348837188,True,61.049706821009266,0.006808022163398597,-0.12179555943695394,0.2572071632007051,True,False,False,False,2026-07-09,20.0,29.230951460045958,24.050861094931786,39.5911321902743,False,False,2026-07-23,10.0,True,132133.0,49579.0,2.665100143205793,True,92386000.0,3.85,23.996363636363636,3.106508875739644,8.13609467455621,9.427741580971809,69.0909090909091,30.909090909090907,False,9.06,False,False,False,False,True,False
1151,002661,克明食品,C 制造业,腾讯前复权日K回退（成交额、换手率已提供）,False,2026-08-06,7.53,7.58,7.306,False,True,True,True,7.76,-2.96391752577319,False,55.507337742108085,0.04256295568018231,-0.020241791533670308,0.12560949442770525,True,False,False,False,2026-07-29,6.0,33.37151597362404,30.634472508922755,38.84560290302662,False,False,,,False,26710.0,37014.2,0.7216149477767992,False,19966600.0,0.87,22.950114942528735,0.0,2.3904382470119603,3.0659731727347412,22.222222222222168,77.77777777777783,True,8.55,False,False,False,False,True,False
1152,002662,峰璟股份,C 制造业,腾讯前复权日K回退（成交额、换手率已提供）,False,2026-08-06,3.21,3.2220000000000004,3.192,False,True,True,True,3.5,-8.285714285714286,False,45.23129784340605,-0.07468748709555628,-0.09906474268985842,0.04875451118860427,True,False,False,False,2026-07-31,4.0,18.005002665587345,16.551943466336766,20.911121064088505,False,False,2026-07-29,6.0,True,100429.0,99854.0,1.0057584072746208,False,32087199.999999996,0.67,47.891343283582074,-0.31055900621118626,2.484472049689443,0.5639097744360838,25.0,75.0,True,4.11,False,True,False,False,False,False
1153,002663,普邦股份,E 建筑业,腾讯前复权日K回退（成交额、换手率已提供）,False,2026-08-06,1.62,1.596,1.5095,True,True,True,True,1.63,-0.6134969325153244,False,58.08423208836657,0.005090520616512606,-0.02221954884991522,0.05462013893285565,True,False,False,False,,,20.905358727422538,18.20098469649899,26.314106789269637,False,False,2026-07-23,10.0,True,366906.0,353467.8,1.0380181730839415,False,58661300.0,2.15,27.28432558139535,0.6211180124223503,4.347826086956511,7.320304736667774,14.285714285714013,85.71428571428599,True,2.43,False,True,False,True,False,False
1154,002664,信质集团,C 制造业,腾讯前复权日K回退（成交额、换手率已提供）,False,2026-08-06,15.96,16.096,15.6585,False,True,True,True,18.19,-12.259483232545355,False,46.398058899767236,-0.46593664085490616,-0.7146763642434926,0.4974794467771728,True,False,False,False,2026-07-29,6.0,16.755572295814915,14.45315044596777,21.360415995509204,False,False,2026-07-28,7.0,True,77950.0,49339.4,1.5798732858526856,False,124732400.0,1.94,64.29505154639176,-2.4449877750611138,3.5452322738386313,1.925471788485492,0.0,37.931034482758726,False,24.22,False,False,False,False,False,False
1155,002666,德联集团,C 制造业,腾讯前复权日K回退（成交额、换手率已提供）,False,2026-08-06,4.14,4.112,3.9319999999999995,True,True,True,True,4.23,-2.1276595744681024,False,57.06953619357374,0.00042490727417110463,-0.054714902181055666,0.11027961891045354,True,False,False,False,,,21.89561730196206,18.35966045067826,28.967531004529654,False,False,2026-07-27,8.0,True,84086.0,103439.0,0.8129042237453958,False,34560400.0,1.68,20.57166666666667,0.4854368932038833,2.184466019417494,5.289928789420148,11.11111111111177,88.88888888888823,True,5.15,False,False,False,False,False,False
1156,002667,*ST威领,C 制造业,腾讯前复权日K回退（成交额、换手率已提供）,False,2026-08-06,13.48,12.2,10.3235,True,True,True,True,12.89,4.577191621411946,True,60.41504956163287,-0.24453964570651188,-0.9780590794903503,1.4670388675676769,True,False,False,False,,,18.460629803050328,15.232744617557891,24.916400174035203,False,False,2026-07-23,10.0,True,217172.0,295666.4,0.7345170097109445,False,284830600.0,9.18,31.027298474945535,10.04081632653062,8.816326530612246,30.575870586525898,0.0,100.0,True,25.0,False,False,False,False,True,True
1157,002668,TCL智家,C 制造业,腾讯前复权日K回退（成交额、换手率已提供）,False,2026-08-06,10.84,10.426,10.35,True,True,True,True,10.99,-1.3648771610555084,False,57.92731614645533,0.06854245466769626,0.046105428928580036,0.04487405147823245,True,False,True,False,,,69.83614919122749,66.56479400496484,76.3788595637528,True,False,,,False,285953.0,217534.2,1.314519739884579,False,307285900.0,2.64,116.39617424242424,2.554399243140959,4.446546830652797,4.734299516908215,31.914893617021306,68.0851063829787,False,11.36,False,False,False,False,False,False
1158,002669,康达新材,C 制造业,腾讯前复权日K回退（成交额、换手率已提供）,False,2026-08-06,12.22,11.778,11.6325,True,True,True,True,14.34,-14.783821478382142,False,45.92282733716079,-0.8023843921362221,-1.0646813401080042,0.5245938959435641,True,False,False,False,2026-07-30,5.0,21.396008402767745,18.284591499309737,27.618842209683756,False,False,2026-07-27,8.0,True,136369.0,141192.6,0.9658367364861897,False,165704199.99999997,4.5,36.82315555555555,0.41084634346755244,2.6294165981922784,5.050505050505053,25.0,75.0,True,19.13,False,False,False,False,False,False
1159,002670,国盛证券,J 金融业,腾讯前复权日K回退（成交额、换手率已提供）,False,2026-08-06,11.33,11.404,11.6395,False,False,False,False,12.47,-9.141940657578191,False,45.92522884456333,-0.10218986562317767,-0.054450874389210153,-0.09547798246793503,False,True,False,False,,,14.223388512270887,16.653200528526888,9.363764479758885,False,False,,,False,253561.0,469248.6,0.5403553681353551,False,288693600.0,1.56,185.06,-1.1343804537521929,3.8394415357766096,-2.659048928218565,59.09090909090911,27.272727272727128,False,13.17,False,False,False,False,True,False
1160,002671,龙泉股份,C 制造业,腾讯前复权日K回退（成交额、换手率已提供）,False,2026-08-06,3.87,3.818,3.697,True,True,True,True,3.95,-2.0253164556962044,False,55.53422867542246,-0.023709299599903755,-0.07347249053702377,0.09952638187424004,True,False,False,False,2026-07-28,7.0,17.509043751769756,14.581052705086627,23.365025845136017,False,False,2026-07-28,7.0,True,123090.0,118328.4,1.0402405508736703,False,47322000.0,2.23,21.220627802690583,1.308900523560208,2.356020942408385,4.679469840411145,22.222222222222168,77.77777777777783,True,5.08,False,False,False,False,False,False
1161,002672,东江环保,C 制造业,腾讯前复权日K回退（成交额、换手率已提供）,False,2026-08-06,3.57,3.528,3.3745,True,True,True,True,3.7,-3.513513513513523,False,56.07731553921319,0.004680355977205508,-0.043070981284724065,0.09550267452385915,True,False,False,False,2026-07-27,8.0,24.43111304486062,20.845884874569435,31.601569385442986,False,False,,,False,135602.0,100300.4,1.3519587160170847,False,48206100.0,1.5,32.1374,-0.5571030640668551,4.178272980501391,5.793450881612091,46.666666666666885,53.33333333333312,False,4.33,False,True,False,False,True,False
1162,002673,西部证券,J 金融业,腾讯前复权日K回退（成交额、换手率已提供）,False,2026-08-06,6.72,6.781999999999999,6.658500000000001,False,True,True,False,6.88,-2.325581395348839,False,52.458496628612004,0.04257752458346431,0.02671378832863644,0.03172747250965574,True,False,False,False,2026-07-29,6.0,49.83003873998541,47.086371565735966,55.3173730884843,False,False,,,False,233198.0,280389.6,0.831692758932571,False,156834100.0,0.52,301.6040384615385,-1.0309278350515538,1.767304860088367,0.9236314485244239,0.0,33.33333333333333,False,7.2,False,False,False,False,False,False
1163,002674,兴业科技,C 制造业,腾讯前复权日K回退（成交额、换手率已提供）,False,2026-08-06,28.65,25.014000000000003,24.812,True,True,True,True,33.88,-15.436835891381357,False,61.344602783693915,0.43425652827229655,0.16859683641759063,0.5313193837094119,True,False,True,False,,,63.148786948570006,55.8595304316037,77.72729998250261,False,False,,,False,423976.0,313196.8,1.3537047632670578,False,1202436300.0,14.49,82.98387163561077,6.38692907538061,8.911994058670622,15.468321779783963,31.250000000000018,68.74999999999997,False,33.88,False,False,False,False,False,True
1164,002675,东诚药业,C 制造业,腾讯前复权日K回退（成交额、换手率已提供）,False,2026-08-06,12.85,12.87,12.801999999999998,False,True,True,True,13.67,-5.998536942209219,False,52.32585690848433,0.027984222743924647,0.009388365618083481,0.03719171425168233,True,False,False,False,2026-07-31,4.0,23.613721407703423,22.569526266934474,25.70211168924132,False,False,,,False,74918.0,59817.6,1.2524407532231316,False,96282099.99999999,1.01,95.3288118811881,0.07788161993769194,2.102803738317754,0.37494141540385745,37.03703703703696,62.96296296296303,False,13.67,False,True,False,False,True,False
1165,002676,顺威股份,C 制造业,腾讯前复权日K回退（成交额、换手率已提供）,False,2026-08-06,5.03,5.012,4.8045,True,True,True,True,5.1,-1.3725490196078314,False,53.41275336519702,-0.036134016721032225,-0.10845807618752726,0.14464811893299007,True,False,False,False,2026-07-27,8.0,13.642940581905007,11.605860454174875,17.71710083736527,False,False,2026-07-27,8.0,True,76283.0,98321.0,0.7758566328658171,False,38224300.0,1.06,36.06066037735849,-0.1984126984126977,2.182539682539689,4.693516494952654,36.363636363636296,63.63636363636371,False,7.27,False,True,False,True,False,False
1166,002677,浙江美大,C 制造业,腾讯前复权日K回退（成交额、换手率已提供）,False,2026-08-06,6.69,6.554,6.525,True,True,True,True,8.2,-18.414634146341452,False,53.5771117595647,0.007669322031321535,-0.038766149668743116,0.0928709434001293,True,False,False,False,2026-07-03,19.0,37.50599897118485,33.711818395074175,45.094360123406204,False,False,,,False,67206.0,91344.4,0.7357429683702559,False,44499700.0,1.22,36.475163934426234,0.45045045045044585,2.4024024024024047,2.5287356321839085,6.2499999999998614,93.75000000000013,True,8.49,False,True,False,False,False,False
1167,002678,珠江钢琴,C 制造业,腾讯前复权日K回退（成交额、换手率已提供）,False,2026-08-06,4.47,4.442,4.196,True,True,True,True,4.53,-1.3245033112582891,False,54.289865572591744,-0.038639680698985934,-0.12721401341466385,0.17714866543135582,True,False,False,False,2026-07-09,20.0,25.604873682514846,22.771628134901977,31.27136477774058,False,False,,,False,58577.0,73763.4,0.7941201191919028,False,26016000.0,0.43,60.50232558139535,0.22421524663676085,2.242152466367725,6.530028598665397,20.000000000000355,79.99999999999964,True,6.47,False,False,False,True,False,False
1168,002679,福建金森,A 农林牧渔,腾讯前复权日K回退（成交额、换手率已提供）,False,2026-08-06,8.78,8.684000000000001,8.202000000000002,True,True,True,True,8.93,-1.679731243001124,False,61.201084797354746,0.08508148155557649,-0.037794677352284964,0.2457523178157229,True,False,False,False,,,30.60427658385194,26.94381834588925,37.92519305977732,False,False,2026-07-23,10.0,True,29205.0,30677.8,0.951991342273566,False,25444699.999999996,1.24,20.519919354838706,1.1520737327188835,2.0737327188940267,7.047061692270147,11.11111111111177,88.88888888888823,True,11.41,False,False,False,False,False,False
1169,002681,奋达科技,C 制造业,腾讯前复权日K回退（成交额、换手率已提供）,False,2026-08-06,4.68,4.648,4.5725,True,True,True,True,5.26,-11.02661596958175,False,52.34899644717758,-0.04027909678548447,-0.09842108389404561,0.11628397421712228,True,False,False,False,2026-08-03,3.0,32.83074917328938,27.21658222406209,44.05908307174395,False,False,2026-07-31,4.0,True,385763.0,600391.2,0.6425194106775716,False,180801400.0,2.46,73.49650406504065,-1.473684210526327,2.9473684210526248,2.3510114816839787,35.71428571428567,42.85714285714268,False,5.96,False,False,False,False,False,False
1170,002682,龙洲股份,G 运输仓储,腾讯前复权日K回退（成交额、换手率已提供）,False,2026-08-06,4.46,4.388,4.1745,True,True,True,True,4.62,-3.463203463203466,False,57.46235760415137,-0.020266117520916893,-0.099011401562605,0.15749056808337622,True,False,False,False,,,26.929223581784157,23.305997726228345,34.17567529289578,False,False,,,False,143929.0,204044.0,0.7053821724726039,False,64038500.0,2.56,25.0150390625,0.0,3.1390134529147913,6.8391424122649385,35.71428571428567,64.28571428571433,False,6.21,False,True,False,False,False,False
1171,002683,广东宏大,B 采矿业,腾讯前复权日K回退（成交额、换手率已提供）,False,2026-08-06,27.86,28.296000000000003,27.175,False,True,True,False,29.79,-6.478684122188653,False,48.32836735680948,-0.28505966611877653,-0.6478469269366074,0.7255745216356617,True,False,False,False,2026-07-27,8.0,16.578058484670024,15.404933217761226,18.92430901848762,False,False,2026-07-23,10.0,True,91139.0,81943.0,1.112224351073307,False,255408500.0,1.37,186.4295620437956,-2.348405187521918,3.4700315457413193,2.520699172033114,9.090909090909092,24.242424242424125,False,40.94,False,True,False,False,True,False
1172,002685,华东重机,C 制造业,腾讯前复权日K回退（成交额、换手率已提供）,False,2026-08-06,5.35,5.324,5.224,True,True,True,True,6.05,-11.5702479338843,False,43.93261352876401,-0.24692098011816732,-0.3553556475270892,0.21686933481784376,True,False,False,False,2026-07-27,8.0,13.782481114488442,12.318134319367326,16.711174704730677,False,False,,,False,251475.0,259491.0,0.969108755216944,False,134497300.0,2.5,53.79892,-1.1090573012939142,2.957486136783736,2.4119448698315358,37.50000000000028,43.74999999999958,False,9.78,False,False,False,False,False,False
1173,002686,亿利达,C 制造业,腾讯前复权日K回退（成交额、换手率已提供）,False,2026-08-06,6.57,6.114,5.5355,True,True,True,True,6.39,2.816901408450714,True,68.64260056198218,0.13296022863688783,-0.014379401934152006,0.29467926114207965,True,False,False,False,,,33.55128818700663,26.129367377875536,48.3951298052688,False,False,,,False,319763.0,364367.0,0.8775849624142691,False,200985800.00000003,6.12,32.84081699346406,10.050251256281406,11.39028475711894,18.688465359949426,0.0,100.0,True,8.23,False,True,False,False,False,True
1174,002687,乔治白,C 制造业,腾讯前复权日K回退（成交额、换手率已提供）,False,2026-08-06,5.0,4.904000000000001,5.0915,True,False,False,True,5.86,-14.675767918088741,False,50.46219017567202,-0.028480146493041758,-0.003563804082111835,-0.049832684821859846,False,True,False,False,,,46.80430927922828,45.25058827060625,49.91175129647233,False,False,,,False,132461.0,198844.2,0.6661547080578664,False,65953400.0,3.2,20.6104375,0.2004008016031955,4.008016032064131,-1.7971128351173506,29.999999999999776,55.000000000000114,False,6.0,False,True,False,False,True,False
1175,002688,金河生物,C 制造业,腾讯前复权日K回退（成交额、换手率已提供）,False,2026-08-06,5.17,5.106,5.001,True,True,True,True,5.25,-1.5238095238095253,False,57.988618092059305,0.021309555135570868,-0.009154305057845402,0.06092772038683254,True,False,False,False,,,30.6650116012534,27.641263768403395,36.712507266953416,False,False,2026-07-28,7.0,True,178665.0,71044.4,2.5148357928281473,True,91978900.0,2.39,38.48489539748954,1.972386587771191,3.747534516765293,3.3793241351729573,36.84210526315797,63.15789473684204,False,5.95,False,True,False,False,False,False
1176,002689,ST远智,C 制造业,腾讯前复权日K回退（成交额、换手率已提供）,False,2026-08-06,2.69,2.646,2.591,True,True,True,True,2.82,-4.609929078014181,False,54.05933774182847,-0.02327835437293979,-0.05300952704019243,0.059462345334505284,True,False,False,False,2026-07-27,8.0,15.326231113750284,12.857018191714786,20.26465695782128,False,False,2026-07-29,6.0,True,90306.0,66472.2,1.3585528988058166,False,24284200.0,0.87,27.912873563218394,1.1278195488721776,4.135338345864657,3.820918564260893,54.54545454545465,45.45454545454534,False,3.44,False,False,False,False,True,False
1177,002690,美亚光电,C 制造业,腾讯前复权日K回退（成交额、换手率已提供）,False,2026-08-06,15.25,15.62,15.049000000000001,False,True,True,False,16.04,-4.925187032418948,False,52.09751246204485,0.23406260467322682,0.17690753567265055,0.11431013800115253,True,False,False,False,,,45.62696786372829,45.78056141580618,45.31978075957251,False,True,,,False,58398.0,67635.4,0.8634235917877325,False,89252900.00000001,1.35,66.11325925925927,-1.8661518661518661,2.25225225225225,1.335636919396629,11.428571428571196,28.5714285714285,False,17.47,False,False,False,False,False,False
1178,002691,*ST冀凯,C 制造业,腾讯前复权日K回退（成交额、换手率已提供）,False,2026-08-06,4.25,4.162000000000001,3.8600000000000003,True,True,True,True,4.26,-0.2347417840375537,False,56.69826679545984,-0.048982785558955744,-0.16002796387900195,0.2220903566400924,True,False,False,False,2026-07-27,8.0,20.376992462572662,17.10764941755323,26.91567855261153,False,False,2026-07-23,10.0,True,22725.0,33781.4,0.6727074662388178,False,9577700.0,0.68,14.08485294117647,0.2358490566037652,3.3018867924528434,10.103626943005173,21.42857142857152,78.57142857142848,True,6.17,False,False,False,False,False,False
1179,002692,远程股份,C 制造业,腾讯前复权日K回退（成交额、换手率已提供）,False,2026-08-06,4.07,4.029999999999999,3.7520000000000002,True,True,True,True,4.18,-2.631578947368408,False,58.316393922661234,0.016288781901113936,-0.0632339731294382,0.15904551006110426,True,False,False,False,,,17.359644301292974,15.076714636826296,21.92550363022633,False,False,2026-07-23,10.0,True,119192.0,181222.2,0.6577119138825155,False,47860700.0,1.66,28.831746987951806,0.4938271604938427,2.469135802469138,8.475479744136463,0.0,100.0,True,5.77,False,False,False,True,False,False
1180,002693,双成药业,C 制造业,腾讯前复权日K回退（成交额、换手率已提供）,False,2026-08-06,9.44,9.2,9.236,True,True,False,True,11.0,-14.181818181818187,False,53.428312052942296,-0.0874335186605304,-0.17105342928964912,0.16723982125823744,True,False,False,False,2026-08-04,2.0,34.70646149702754,29.984875454577917,44.14963358192679,False,False,,,False,269080.0,229272.8,1.1736237355674115,False,254428700.0,6.55,38.844076335877865,-0.7360672975814997,3.6803364879074625,2.2087483759202993,42.857142857143,37.1428571428569,False,12.43,False,False,False,False,False,True
1181,002694,*ST顾地,C 制造业,腾讯前复权日K回退（成交额、换手率已提供）,False,2026-08-06,2.16,2.108,1.9875,True,True,True,True,2.18,-0.9174311926605512,False,56.86894137733751,-0.016498877195978867,-0.06206773083129303,0.09113770727062832,True,False,False,False,2026-07-29,6.0,28.429648360547276,24.1521767076983,36.98459166624523,False,False,2026-07-23,10.0,True,36760.0,38523.2,0.9542301781783445,False,7871400.0,0.51,15.434117647058823,1.4084507042253724,1.8779342723004713,8.679245283018872,0.0,100.0,True,2.84,False,False,False,False,False,False
1182,002695,煌上煌,C 制造业,腾讯前复权日K回退（成交额、换手率已提供）,False,2026-08-06,10.1,10.192,9.5315,False,True,True,True,10.94,-7.678244972577695,False,52.742526829336654,-0.10552097384374193,-0.3250017790715784,0.43896161045567295,True,False,False,False,2026-07-30,5.0,42.31655056224597,37.527906835599076,51.89383801553977,False,False,2026-07-27,8.0,True,119516.0,216338.8,0.5524482894423007,False,119905500.0,2.34,51.24166666666667,0.2979145978152964,2.9791459781529364,5.964433719771288,36.666666666666984,63.333333333333016,False,13.2,False,False,False,False,True,False
1183,002696,百洋股份,C 制造业,腾讯前复权日K回退（成交额、换手率已提供）,False,2026-08-06,5.51,5.403999999999999,5.156499999999999,True,True,True,True,5.55,-0.7207207207207215,False,57.842564905914394,0.009513675141061384,-0.07306934526818944,0.16516604081850164,True,False,False,False,2026-07-29,6.0,31.326151131818232,25.97199289261491,42.03446761022487,False,False,2026-07-28,7.0,True,55746.0,73711.6,0.7562717401331676,False,30485300.000000004,1.67,18.254670658682638,1.4732965009208066,2.3941068139963146,6.855425191505875,7.692307692307534,92.30769230769246,True,6.68,False,True,False,False,False,False
1184,002697,红旗连锁,F 批发零售,腾讯前复权日K回退（成交额、换手率已提供）,False,2026-08-06,4.61,4.67,4.586,False,True,True,False,4.78,-3.5564853556485336,False,52.925778379989985,0.043136069444631,0.03242040529284831,0.02143132830356538,True,False,False,False,,,40.431746802707885,40.02741134860444,41.24041771091477,False,False,,,False,149555.0,184387.8,0.8110894538575764,False,68680900.0,1.31,52.428167938931296,-0.6465517241379226,2.370689655172421,0.5233318796336681,9.09090909090887,54.54545454545484,False,5.04,False,False,False,False,False,False
1185,002698,博实股份,C 制造业,腾讯前复权日K回退（成交额、换手率已提供）,False,2026-08-06,12.92,13.195999999999998,12.6655,False,True,True,False,13.9,-7.050359712230218,False,52.99899482652233,0.24170594262856504,0.19610223132601454,0.09120742260510101,True,False,False,False,2026-07-24,9.0,53.89868198027568,53.95145735508081,53.79313123066542,False,True,,,False,144626.0,191785.2,0.7541040705956455,False,186851800.0,1.71,109.27005847953217,-1.5243902439024293,3.048780487804881,2.0093956022265225,35.00000000000011,35.00000000000011,False,14.9,False,True,False,False,True,False
1186,002700,万憬能源,D 水电煤气,腾讯前复权日K回退（成交额、换手率已提供）,False,2026-08-06,6.04,5.890000000000001,5.6085,True,True,True,True,6.0,0.6666666666666672,True,51.474000547558774,-0.17967208221145992,-0.314760921378045,0.2701776783331702,True,False,False,False,2026-07-24,9.0,21.25076544091862,18.703392869400144,26.345510583955573,False,False,,,False,74616.0,76775.6,0.9718712716019151,False,44542700.00000001,1.82,24.474010989010992,2.372881355932188,3.220338983050839,7.6936792368726,5.263157894736744,94.73684210526325,True,9.7,False,True,False,False,False,False
1187,002701,奥瑞金,C 制造业,腾讯前复权日K回退（成交额、换手率已提供）,False,2026-08-06,4.84,4.901999999999999,4.773999999999999,False,True,True,False,5.04,-3.9682539682539715,False,54.51389729483487,0.07482025011259275,0.06243018837038559,0.024780123484414315,True,False,False,False,,,55.48628614111738,55.350651800002986,55.75755482334618,False,False,,,False,310891.0,312249.8,0.9956483558996675,False,150012200.0,1.22,122.96081967213115,-1.4256619144602856,2.851323828920582,1.3824884792626881,7.142857142856962,50.0,False,5.22,False,True,False,True,True,False
1188,002702,海欣食品,C 制造业,腾讯前复权日K回退（成交额、换手率已提供）,False,2026-08-06,4.76,4.837999999999999,4.4875,False,True,True,False,5.19,-8.285163776493269,False,54.55794799867188,0.03574462011592239,-0.04740202778360692,0.1662932957990586,True,False,False,False,2026-07-27,8.0,36.693334561116764,33.33044767583025,43.4191083316898,False,False,2026-07-23,10.0,True,471359.0,774709.8,0.6084329900047734,False,223553800.0,10.27,21.76765335929893,-1.2448132780083054,3.112033195020754,6.072423398328691,13.333333333333611,53.33333333333326,False,6.12,False,True,False,False,False,False
1189,002703,浙江世宝,C 制造业,腾讯前复权日K回退（成交额、换手率已提供）,False,2026-08-06,16.35,15.348000000000003,13.347,True,True,True,True,16.28,0.4299754299754317,True,69.1454614204032,0.2762265978206635,-0.28436693271811153,1.12118706107755,True,False,False,False,2026-07-23,10.0,36.463745038754446,28.500025844203403,52.39118342785654,False,False,,,False,1203637.0,520208.2,2.3137601444959923,True,2021982000.0,20.54,98.44118792599807,0.4299754299754266,10.380835380835377,22.499438075972144,0.0,26.627218934911312,False,22.58,False,False,False,False,False,False
1190,002705,新宝股份,C 制造业,腾讯前复权日K回退（成交额、换手率已提供）,False,2026-08-06,12.31,11.85,11.489999999999998,True,True,True,True,11.96,2.9264214046822707,True,65.15943774877834,0.07462551299812148,-0.03159564316010041,0.21244231231644378,True,False,False,False,,,14.713422492479424,12.684210200350847,18.771847076736577,False,False,2026-07-29,6.0,True,271790.0,80467.0,3.3776579218810197,True,328212500.0,3.36,97.68229166666669,5.846947549441106,5.674978503869305,7.136640557006111,3.030303030302965,96.96969696969704,True,13.91,False,True,False,True,True,False
1191,002706,良信股份,C 制造业,腾讯前复权日K回退（成交额、换手率已提供）,False,2026-08-06,9.0,9.193999999999999,9.259,False,False,False,True,10.64,-15.41353383458647,False,41.19377099078908,-0.4272256251241071,-0.542209373307963,0.22996749636771185,True,False,False,False,2026-07-29,6.0,8.817928232580348,8.279368597882538,9.895047501975966,False,False,2026-08-03,3.0,True,408539.0,250361.2,1.6317983777038934,False,367855300.0,4.47,82.29425055928412,-3.6402569593147693,4.389721627408996,-2.7972783237930696,0.0,34.14634146341476,False,15.4,False,False,False,False,True,False
1192,002707,众信旅游,L 商务服务,腾讯前复权日K回退（成交额、换手率已提供）,False,2026-08-06,5.14,5.192,4.9495,False,True,True,True,5.3,-3.0188679245283048,False,54.47058140404242,0.03293887551626096,-0.02184029551563207,0.10955834206378606,True,False,False,False,2026-07-09,20.0,25.33683629394623,23.421421359457153,29.167666162924384,False,False,2026-07-27,8.0,True,127552.0,165107.2,0.7725405070160477,False,65431300.0,1.47,44.511088435374155,-0.7722007722007707,2.7027027027026964,3.8488736235983456,21.428571428571654,49.99999999999968,False,6.14,False,False,False,False,False,False
1193,002708,光洋股份,C 制造业,腾讯前复权日K回退（成交额、换手率已提供）,False,2026-08-06,10.45,10.238,9.9625,True,True,True,True,11.77,-11.21495327102804,False,46.85296168262531,-0.5813949447683537,-0.8354366412493829,0.5080833929620583,True,False,False,False,2026-07-29,6.0,20.760393214748625,17.326572667714025,27.628034308817824,False,False,2026-07-23,10.0,True,157570.0,172052.0,0.9158277729988608,False,163847000.0,3.05,53.720327868852465,-1.4150943396226467,3.207547169811319,4.893350062735246,17.647058823529566,67.64705882352904,False,16.5,False,True,False,False,True,False
1194,002709,天赐材料,C 制造业,腾讯前复权日K回退（成交额、换手率已提供）,False,2026-08-06,39.25,37.418,36.9685,True,True,True,True,44.5,-11.797752808988763,False,47.21762961658517,-2.289025925462134,-3.084003900240855,1.5899559495574414,True,False,False,False,2026-07-28,7.0,16.579653136155667,13.94840710539824,21.842145197670515,False,False,2026-08-04,2.0,True,784136.0,621023.8,1.262650481350312,False,3049602000.0,5.2,586.4619230769231,0.512163892445594,2.5608194622279132,6.171470305800888,10.000000000000142,89.99999999999986,True,60.4,False,False,False,False,False,False
1195,002712,思美传媒,L 商务服务,腾讯前复权日K回退（成交额、换手率已提供）,False,2026-08-06,4.83,4.774,4.379499999999999,True,True,True,True,4.91,-1.629327902240327,False,63.73564895232492,0.08608595269475927,-0.0075627092817053265,0.1872973239529292,True,False,False,False,,,39.64362152837143,32.786287673392984,53.35828923832834,False,False,2026-07-28,7.0,True,168391.0,272499.8,0.6179490773938183,False,80959700.0,3.11,26.032057877813507,0.20746887966804906,2.9045643153526903,10.286562392967253,42.85714285714268,57.14285714285733,False,5.79,False,True,False,False,True,False
1196,002713,东易日盛,E 建筑业,腾讯前复权日K回退（成交额、换手率已提供）,False,2026-08-06,9.78,9.592,9.634,True,True,False,True,11.7,-16.41025641025641,False,47.07354325533427,-0.4380010430066843,-0.5645269741118002,0.2530518622102318,True,False,False,False,2026-08-04,2.0,19.85999013840943,17.11621788127429,25.347534652679705,False,False,2026-08-03,3.0,True,176389.0,205124.8,0.859910649516782,False,172433500.0,3.35,51.472686567164175,-2.200000000000002,2.8999999999999915,1.5154660577122587,0.0,48.27586206896524,False,14.49,False,False,False,False,False,False
1197,002714,牧原股份,A 农林牧渔,腾讯前复权日K回退（成交额、换手率已提供）,False,2026-08-06,38.37,38.588,39.1685,False,False,False,False,41.55,-7.653429602888087,False,49.41359439316523,0.31435703717271224,0.5430386537684001,-0.45736323319137573,False,True,False,False,,,45.58223048545455,45.252096202428994,46.242499051505675,False,False,,,False,411074.0,639230.0,0.6430768268072524,False,1568114900.0,1.25,1254.49192,0.026068821689251287,2.0855057351407824,-2.038627979115882,25.00000000000022,71.24999999999966,True,43.15,False,True,False,False,False,False
1198,002715,登云股份,C 制造业,腾讯前复权日K回退（成交额、换手率已提供）,False,2026-08-06,13.66,13.313999999999998,13.1665,True,True,True,True,15.38,-11.183355006501953,False,52.99632126844942,-0.24285516774351734,-0.4043040315860191,0.32289772768500347,True,False,False,False,2026-08-03,3.0,25.166913183535275,21.50379308948371,32.49315337163841,False,False,2026-07-29,6.0,True,23491.0,29703.8,0.7908415758253153,False,31870500.0,1.7,18.747352941176473,1.410541945063093,3.711952487008166,3.7481487107431812,28.000000000000114,71.99999999999989,True,17.8,False,True,False,False,True,False
1199,002716,湖南白银,C 制造业,腾讯前复权日K回退（成交额、换手率已提供）,False,2026-08-06,8.62,8.325999999999999,7.681,True,True,True,True,8.78,-1.8223234624145803,False,58.36018135975249,0.0104065339987649,-0.19529568696196867,0.41140444192146713,True,False,False,False,2026-07-22,11.0,25.041155006527323,20.513431915795664,34.09660118799064,False,False,,,False,2782961.0,1368200.6,2.0340299514559486,True,2455050300.0,11.98,204.92907345575958,-1.710376282782211,7.9817559863169825,12.224970706939189,25.7142857142857,19.999999999999847,False,12.79,False,False,False,False,False,False
1200,002717,*ST岭南,N 公共环保,腾讯前复权日K回退（成交额、换手率已提供）,False,2026-08-06,1.03,1.052,1.0185,False,True,True,True,1.12,-8.035714285714292,False,49.707101594521866,0.0011864163725825438,-0.006725887235556448,0.015824607216277986,True,False,False,False,,,20.742769776974598,19.918635984336113,22.391037362251566,False,False,2026-07-29,6.0,True,495512.0,641511.8,0.7724129158653044,False,51737900.0,2.88,17.964548611111113,-2.8301886792452824,2.8301886792452855,1.1291114383897956,33.33333333333333,0.0,False,1.35,False,False,False,False,True,False
1201,002718,友邦吊顶,C 制造业,腾讯前复权日K回退（成交额、换手率已提供）,False,2026-08-06,85.49,81.538,89.1765,True,False,False,True,114.23,-25.159765385625498,False,44.7225646496672,-5.200434758790081,-5.073423980069075,-0.2540215574420124,False,True,False,False,,,43.69785714209544,42.504051038388155,46.08546934950999,True,False,,,False,10582.0,14448.4,0.7323994352315828,False,89548400.0,1.13,79.24637168141594,2.077611940298496,3.7970149253731424,-4.133936631287401,21.698113207547497,78.3018867924525,True,121.0,False,False,False,False,False,False
1202,002719,ST麦趣,C 制造业,腾讯前复权日K回退（成交额、换手率已提供）,False,2026-08-06,5.95,5.981999999999999,5.716,False,True,True,True,6.18,-3.7216828478964326,False,50.558949784286625,-0.0760835222237013,-0.17314344943964527,0.19411985443188795,True,False,False,False,2026-07-23,10.0,24.718880563815446,23.17621312653417,27.804215438378,False,False,2026-07-23,10.0,True,26590.0,54906.8,0.4842751717455761,False,15751300.000000002,1.64,9.604451219512196,1.1904761904761862,2.21088435374151,4.093771868439468,23.07692307692313,76.92307692307688,True,8.35,False,True,False,False,False,False
1203,002721,金一文化,C 制造业,腾讯前复权日K回退（成交额、换手率已提供）,False,2026-08-06,2.94,2.5860000000000003,2.354,True,True,True,True,2.67,10.112359550561798,True,78.05578499496595,0.07827851718380163,0.01005989290955708,0.1364372485484891,True,False,False,False,,,47.50618156074378,32.79380350977392,76.93093766268348,False,False,2026-07-27,8.0,True,265598.0,428432.6,0.6199294824903614,False,78085800.0,1.0,78.0858,10.1123595505618,0.0,24.893797790994046,0.0,100.0,True,3.05,False,False,False,False,False,True
1204,002722,物产金轮,C 制造业,腾讯前复权日K回退（成交额、换手率已提供）,False,2026-08-06,12.68,12.652,12.110000000000001,True,True,True,True,12.96,-2.1604938271605025,False,58.75047506383424,0.08457301863697886,-0.05733551354310565,0.283817064360169,True,False,False,False,,,29.384309574339607,25.60509153200808,36.94274565900266,False,False,2026-07-28,7.0,True,26769.0,36195.0,0.7395772896808952,False,33862400.0,1.2,28.21866666666667,-0.7824726134585291,2.503912363067295,4.706853839801804,43.75000000000014,56.249999999999865,False,15.47,False,True,False,True,True,False
1205,002723,小崧股份,C 制造业,腾讯前复权日K回退（成交额、换手率已提供）,False,2026-08-06,7.09,6.959999999999999,7.216000000000001,True,False,False,True,8.89,-20.247469066366712,False,43.49212238300205,-0.4081759474585276,-0.4846279993424984,0.1529041037679416,True,False,False,False,2026-08-04,2.0,15.41800197889834,12.499326565757803,21.255352805179417,False,False,2026-08-03,3.0,True,82632.0,89064.0,0.9277822689302075,False,58763600.0,2.61,22.514789272030654,-2.2068965517241357,3.586206896551721,-1.7461197339246286,38.46153846153836,38.46153846153836,False,10.24,False,False,False,False,False,False
1206,002724,海洋王,C 制造业,腾讯前复权日K回退（成交额、换手率已提供）,False,2026-08-06,5.36,5.36,5.059,False,True,True,True,5.5,-2.5454545454545396,False,60.98129620797493,0.08263271014827467,0.02332152829359472,0.1186223637093599,True,False,False,False,,,25.897021062801432,22.950255513139677,31.790552162124946,False,False,2026-07-23,10.0,True,53396.0,62349.0,0.8564050746603795,False,28431300.0,0.94,30.246063829787236,0.18691588785046953,2.0560747663551466,5.949792449100616,18.18181818181774,81.81818181818225,True,5.95,False,False,False,True,False,False
1207,002725,跃岭股份,C 制造业,腾讯前复权日K回退（成交额、换手率已提供）,False,2026-08-06,11.51,11.104,10.786,True,True,True,True,11.83,-2.704987320371938,False,51.956425429019035,-0.2904592457421362,-0.5033338652046517,0.425749238925031,True,False,False,False,2026-07-23,10.0,23.009288097874744,20.444838840716603,28.138186612191028,False,False,,,False,68523.0,56801.0,1.2063696061689055,False,78269000.0,2.75,28.461454545454544,1.6784452296819685,2.5618374558303967,6.712404969404787,13.793103448276137,86.20689655172387,True,18.13,False,False,False,False,True,False
1208,002726,ST龙大,C 制造业,腾讯前复权日K回退（成交额、换手率已提供）,False,2026-08-06,2.1,2.118,1.952,False,True,True,False,2.31,-9.09090909090909,False,59.796103934576486,0.12569729870029178,0.11389767266663295,0.023599252067317666,True,False,False,False,,,37.41778160426824,35.98710192458207,40.279140963640586,False,False,,,False,761710.0,1093605.4,0.6965126543815531,False,157507300.0,5.6,28.126303571428576,2.941176470588247,5.8823529411764754,7.581967213114761,24.999999999999815,75.00000000000018,True,2.31,False,False,False,False,False,False
1209,002727,一心堂,F 批发零售,腾讯前复权日K回退（成交额、换手率已提供）,False,2026-08-06,11.31,11.524,11.264,False,True,True,False,11.85,-4.556962025316449,False,52.37809893532909,0.1848993168423565,0.17811470191531145,0.013569229854090092,True,False,False,False,,,57.3521188439417,58.476662715360526,55.103031101104065,False,True,,,False,102725.0,86683.0,1.1850651223423279,False,115764700.0,2.61,44.35429118773947,-0.08833922261484162,3.5335689045936425,0.40838068181819204,30.00000000000022,57.50000000000005,False,12.94,False,False,False,False,False,False
1210,002728,特一药业,C 制造业,腾讯前复权日K回退（成交额、换手率已提供）,False,2026-08-06,9.43,9.126000000000001,9.174,True,True,False,True,10.51,-10.27592768791627,False,55.965456913065935,0.016336252298371434,-0.015453889702817705,0.06358028400237828,True,False,False,False,2026-08-05,1.0,39.11722197181336,34.892168370331774,47.56732917477652,False,False,,,False,314670.0,172082.8,1.8285964663522445,True,291657500.0,6.28,46.442277070063696,2.611534276387384,4.57018498367791,2.790494876825815,11.904761904762076,88.09523809523793,True,10.51,False,False,False,False,False,False
1211,002729,好利科技,C 制造业,腾讯前复权日K回退（成交额、换手率已提供）,False,2026-08-06,13.77,13.52,13.014500000000002,True,True,True,True,14.71,-6.39021074099253,False,45.78339318556876,-0.7707104319539368,-1.118573445417321,0.6957260269267684,True,False,False,False,2026-07-28,7.0,19.28004774245477,16.68051003376884,24.479123159826628,False,False,2026-07-23,10.0,True,43378.0,46299.0,0.936910084451068,False,59572100.0,2.47,24.118259109311737,0.4376367614879584,2.844638949671776,5.805063582926718,30.769230769230983,69.23076923076901,False,21.86,False,True,False,False,True,False
1212,002730,电光科技,C 制造业,腾讯前复权日K回退（成交额、换手率已提供）,False,2026-08-06,21.6,20.982000000000003,22.7715,True,False,False,True,29.77,-27.443735303997308,False,40.86424732730351,-1.7795262523839206,-1.9640204889337092,0.36898847309957716,True,False,False,False,2026-08-05,1.0,14.86301973582156,13.905977131354192,16.777104944756296,False,False,2026-08-05,1.0,True,82459.0,99818.0,0.8260934901520768,False,179348400.0,2.38,75.3564705882353,-0.7352941176470562,4.044117647058819,-5.14458863052499,47.72727272727258,34.09090909090921,False,35.41,False,False,False,False,True,False
1213,002731,*ST萃华,C 制造业,腾讯前复权日K回退（成交额、换手率已提供）,False,2026-08-06,1.88,1.948,2.0835,False,False,False,False,3.18,-40.88050314465409,False,25.91687648561701,-0.7714373575342579,-0.9502015653464027,0.3575284156242895,True,False,False,False,2026-07-27,8.0,1.9184825466590192,1.8767869970702307,2.001873645836596,False,False,2026-07-29,6.0,True,376772.0,479962.4,0.7850031585807554,False,72937400.0,16.41,4.444692260816575,-5.527638190954775,6.03015075376885,-9.7672186225102,33.33333333333333,0.0,False,8.31,False,False,False,False,False,False
1214,002732,燕塘乳业,C 制造业,腾讯前复权日K回退（成交额、换手率已提供）,False,2026-08-06,13.49,13.486,12.885,True,True,True,True,13.82,-2.3878437047756877,False,56.71311640068234,0.06812692691747024,-0.0833115078227626,0.30287686948046566,True,False,False,False,,,26.817760643102428,23.519159931362037,33.41496206658321,False,False,2026-07-28,7.0,True,17994.0,28028.4,0.6419916941388021,False,24076600.0,1.15,20.93617391304348,1.048689138576786,2.621722846441958,4.695382227396201,17.142857142857217,82.85714285714279,True,15.99,False,False,False,False,False,False
1215,002733,雄韬股份,C 制造业,腾讯前复权日K回退（成交额、换手率已提供）,False,2026-08-06,19.09,18.206,19.0155,True,True,False,True,24.54,-22.208638956805213,False,40.752071219656195,-2.282399898001014,-2.7878023877444456,1.0108049794868634,True,False,False,False,2026-07-30,5.0,10.405723967660267,8.519592344560051,14.1779872138607,False,False,2026-08-04,2.0,True,137608.0,132982.2,1.0347851065781735,False,261000000.0,3.73,69.97319034852546,1.3269639065817351,3.1847133757961674,0.3917856485498696,24.999999999999854,75.00000000000014,True,37.98,False,False,False,False,False,False
1216,002734,利民股份,C 制造业,腾讯前复权日K回退（成交额、换手率已提供）,False,2026-08-06,16.15,14.425999999999998,14.0475,True,True,True,True,16.26,-0.6765067650676689,False,61.63906758769497,-0.4119799688454009,-0.7622419833991632,0.7005240291075245,True,False,False,False,2026-08-03,3.0,38.49333480562782,27.808555653395235,59.862893110092976,False,False,2026-07-23,10.0,True,441879.0,142980.8,3.0904778823450423,True,701576200.0,10.14,69.18897435897435,6.530343007915551,7.915567282321895,14.96707599216942,20.833333333333346,79.16666666666666,True,19.58,False,False,False,False,False,True
1217,002735,王子新材,C 制造业,腾讯前复权日K回退（成交额、换手率已提供）,False,2026-08-06,11.78,11.362,10.852,True,True,True,True,13.05,-9.731800766283536,False,47.592204541073045,-0.7873876657251166,-1.1641503977454055,0.7535254640405777,True,False,False,False,2026-07-28,7.0,21.20519365134054,18.202931371664448,27.209718210692728,False,False,,,False,178081.0,223563.8,0.7965556141021042,False,208995900.0,6.25,33.439344,0.9425878320479919,3.0848329048843137,8.55141909325469,38.888888888889106,61.111111111110894,False,21.44,False,False,False,False,True,False
1218,002736,国信证券,J 金融业,腾讯前复权日K回退（成交额、换手率已提供）,False,2026-08-06,10.14,10.286000000000001,10.204,False,False,True,False,10.45,-2.9665071770334808,False,47.63823788742551,0.025714344497220765,0.026908219696027684,-0.0023877503976138387,False,True,False,True,2026-07-31,4.0,31.122553655686584,30.965010567381185,31.43763983229738,False,False,,,False,278035.0,247931.4,1.1214190699524142,False,282693100.0,0.29,974.8037931034484,-1.553398058252431,2.1359223300970935,-0.6272050176401417,9.090909090909678,22.727272727272986,False,10.59,False,False,False,False,False,False
1219,002737,葵花药业,C 制造业,腾讯前复权日K回退（成交额、换手率已提供）,False,2026-08-06,13.07,13.382,13.3115,False,False,True,False,14.02,-6.776034236804559,False,49.70383568160548,0.23231124841806228,0.2907869800427546,-0.11695146324938466,False,True,False,False,,,73.51640809624028,76.97444940433286,66.60032548005512,False,False,,,False,54652.0,57931.0,0.9433981805941551,False,71371600.0,0.94,75.9272340425532,-1.2093726379440728,2.796674225245648,-1.8142207865379578,40.54054054054024,40.54054054054072,False,14.02,False,False,False,False,False,False
1220,002738,中矿资源,C 制造业,腾讯前复权日K回退（成交额、换手率已提供）,False,2026-08-06,52.95,49.736000000000004,48.837,True,True,True,True,57.22,-7.462425725270877,False,52.63383716248103,-1.8737318224584811,-2.8622716148961507,1.977079584875339,True,False,False,False,2026-07-27,8.0,15.873260919220845,13.027341148285187,21.56510046109216,False,False,2026-08-03,3.0,True,369208.0,223744.6,1.6501314445130741,False,1959672000.0,5.19,377.58612716763,2.6958882854926314,4.325058184639262,8.4218932366853,53.36322869955137,46.63677130044863,False,85.38,False,False,False,False,True,False
1221,002739,儒意电影,R 文化传播,腾讯前复权日K回退（成交额、换手率已提供）,False,2026-08-06,8.95,8.790000000000001,9.1145,True,False,False,True,11.26,-20.51509769094139,False,48.817574692430874,-0.12485348551208553,-0.09438058246836692,-0.060945806087437215,False,True,False,False,,,34.807796120641115,33.921944932958844,36.579498496005655,True,False,,,False,994247.0,703056.6,1.4141777489891996,False,900365399.9999999,4.73,190.35209302325578,0.561797752808979,5.05617977528089,-1.8048165011794428,15.555555555555644,11.11111111111089,False,11.26,False,False,False,False,False,False
1222,002741,光华科技,C 制造业,腾讯前复权日K回退（成交额、换手率已提供）,False,2026-08-06,23.91,21.928,23.828,True,True,False,True,33.33,-28.262826282628257,False,46.25705250233552,-2.214463128561121,-2.440446119507099,0.4519659818919557,True,False,True,False,,,23.927777539566318,21.770415458043548,28.242501702611854,False,False,,,False,368023.0,239897.2,1.5340862669510107,False,869471300.0,8.56,101.57375,4.364906154517678,6.852902662592755,0.3441329528286081,17.19745222929933,82.80254777070067,True,42.15,False,False,False,False,False,False
1223,002742,冀衡医药,C 制造业,腾讯前复权日K回退（成交额、换手率已提供）,False,2026-08-06,3.75,3.66,3.5150000000000006,True,True,True,True,3.8,-1.315789473684206,False,58.375631536803155,-0.0006901721059655586,-0.059546350210560574,0.11771235620919003,True,False,False,False,2026-07-27,8.0,23.54334742494439,19.300072167306507,32.02989794022016,False,False,2026-07-29,6.0,True,156576.0,106548.0,1.469534857529001,False,58076600.0,2.99,19.42361204013378,0.2673796791443861,4.010695187165773,6.685633001422459,0.0,86.66666666666664,True,5.25,False,False,False,True,False,False
1224,002743,富煌钢构,C 制造业,腾讯前复权日K回退（成交额、换手率已提供）,False,2026-08-06,3.89,3.8199999999999994,3.6334999999999993,True,True,True,True,4.08,-4.656862745098038,False,54.14599336647825,-0.06701927734369972,-0.14979201421512492,0.1655454737428504,True,False,False,False,2026-07-29,6.0,25.739251007075726,21.35098396905487,34.51578508311744,False,False,,,False,66654.0,90827.0,0.7338566725753355,False,25722700.0,1.53,16.81222222222222,1.3020833333333481,2.864583333333342,7.059309205999749,18.181818181818148,81.81818181818186,True,5.49,False,False,False,False,False,False
1225,002745,木林森,C 制造业,腾讯前复权日K回退（成交额、换手率已提供）,False,2026-08-06,10.98,10.376,10.901,True,True,False,True,13.98,-21.45922746781116,False,51.18513646800697,-0.23565103984627989,-0.21293235683952877,-0.045437366013502234,False,True,False,False,,,42.089365381423754,40.734230410054494,44.79963532416227,True,False,,,False,694740.0,626793.6,1.1084031489791855,False,752945500.0,6.53,115.30558958652372,2.7128157156220745,5.144995322731515,0.7247041555820625,9.090909090908914,90.90909090909108,True,13.98,False,False,False,False,False,False
1226,002746,仙坛股份,C 制造业,腾讯前复权日K回退（成交额、换手率已提供）,False,2026-08-06,6.17,6.16,5.972,True,True,True,True,6.33,-2.527646129541866,False,63.892000719031124,0.15211969560889482,0.13984962969509265,0.02454013182760434,True,False,False,False,,,86.24226510548657,83.32173175830123,92.08333179985723,False,False,,,False,103098.0,163592.8,0.6302111095353831,False,63375400.0,1.45,43.7071724137931,0.8169934640522847,1.4705882352941297,3.3154722036168707,22.222222222222552,77.77777777777744,True,6.33,False,False,False,False,False,False
1227,002747,埃斯顿,C 制造业,腾讯前复权日K回退（成交额、换手率已提供）,False,2026-08-06,34.81,32.374,34.305499999999995,True,True,False,True,43.98,-20.850386539336053,False,51.5088399820034,-1.2291808036805207,-1.2552596389692616,0.052157670577481774,True,False,True,False,,,46.25358707530241,42.603584771964684,53.55359168197786,False,False,,,False,882514.0,900197.8,0.9803556507247629,False,3065502000.0,11.28,271.7643617021277,1.5757222060110765,5.660927925299088,1.470609669003534,35.567010309278274,64.43298969072173,False,49.0,False,False,False,False,False,False
1228,002748,世龙实业,C 制造业,腾讯前复权日K回退（成交额、换手率已提供）,False,2026-08-06,11.0,10.598,10.381,True,True,True,True,12.2,-9.836065573770487,False,56.94181094458377,-0.05749152134439406,-0.17673003408814866,0.2384770254875092,True,False,False,False,2026-07-30,5.0,36.31346867733604,30.39722928769162,48.14594745662489,False,False,2026-07-28,7.0,True,53820.0,35584.0,1.5124775179856116,False,58656700.0,2.24,26.186026785714283,2.3255813953488413,3.1627906976744176,5.962816684327134,11.764705882352695,88.2352941176473,True,12.76,False,False,False,False,False,False
1229,002749,国光股份,C 制造业,腾讯前复权日K回退（成交额、换手率已提供）,False,2026-08-06,8.62,8.752,8.507,False,True,True,False,9.46,-8.879492600422848,False,51.15821618144185,0.10738360530385016,0.07443525902133544,0.06589669256502945,True,False,False,False,,,30.11726795957736,31.395065640904004,27.561672596924076,False,False,,,False,37037.0,66984.6,0.5529181334217118,False,31812500.0,0.68,46.783088235294116,-0.46189376443419583,1.8475750577367223,1.3283178558833848,18.749999999999584,68.74999999999959,False,10.25,False,False,False,False,False,False
1230,002752,昇兴股份,C 制造业,腾讯前复权日K回退（成交额、换手率已提供）,False,2026-08-06,5.94,5.9399999999999995,5.907500000000001,True,True,True,True,6.32,-6.0126582278481,False,49.012234315210115,-0.04697899942017969,-0.08020330944312973,0.06644862004590008,True,False,False,False,2026-07-28,7.0,21.274850860737867,19.876549094546153,24.071454393121293,False,False,2026-07-29,6.0,True,119082.0,122589.8,0.9713858738655254,False,70906800.0,1.22,58.12032786885246,-1.1647254575707033,3.1613976705490767,0.5501481168006728,21.05263157894744,42.10526315789488,False,7.7,False,False,False,False,False,False
1231,002753,永东股份,C 制造业,腾讯前复权日K回退（成交额、换手率已提供）,False,2026-08-06,6.2,6.108,5.961,True,True,True,True,6.19,0.16155088852988345,True,59.11164029990319,0.005970520538324919,-0.045429544717210626,0.10280013051107109,True,False,False,False,,,23.4174074750532,20.754206364029162,28.743809697101277,False,False,2026-07-27,8.0,True,37278.0,32928.0,1.132106413994169,False,22873000.0,1.26,18.1531746031746,1.4729950900163713,3.1096563011456544,4.009394396913268,10.526315789473488,89.47368421052651,True,7.5,False,True,False,False,False,False
1232,002755,奥赛康,C 制造业,腾讯前复权日K回退（成交额、换手率已提供）,False,2026-08-06,13.16,13.26,13.467499999999998,False,False,False,True,15.17,-13.249835201054713,False,45.636678722465575,-0.21231402509202368,-0.23322713740448373,0.04182622462492008,True,False,False,False,2026-08-05,1.0,19.55855862523776,18.8370518223493,21.001572231014684,False,False,2026-08-03,3.0,True,77703.0,85842.6,0.9051799456214047,False,102478500.0,0.84,121.99821428571428,-1.275318829707428,2.925731432858219,-2.283274549842194,7.692307692307973,23.076923076923006,False,17.65,False,True,False,False,True,False
1233,002756,永兴材料,C 制造业,腾讯前复权日K回退（成交额、换手率已提供）,False,2026-08-06,48.0,46.874,45.3605,True,True,True,True,53.58,-10.414333706606941,False,47.028091157477164,-2.157331700175341,-3.187633329000662,2.0606032576506426,True,False,False,False,2026-07-27,8.0,15.342778522519225,13.675788765033667,18.67675803749034,False,False,,,False,134179.0,124295.0,1.0795204955951567,False,645842600.0,3.47,186.12178674351586,-0.12484394506866447,2.8922180607573877,5.818939385588779,61.151079136690726,38.848920863309274,False,78.71,False,True,False,False,True,False
1234,002757,南兴股份,C 制造业,腾讯前复权日K回退（成交额、换手率已提供）,False,2026-08-06,17.26,17.034,16.207,True,True,True,True,18.78,-8.0937167199148,False,50.903222073829276,-0.5152009334819709,-0.948426676059698,0.8664514851554541,True,False,False,False,2026-07-24,9.0,16.6861565346718,14.054674854047613,21.949119895920173,False,False,,,False,189562.0,265897.8,0.7129130064257772,False,328009200.0,6.72,48.81089285714286,-1.4277555682467136,3.8834951456310662,6.497192571111253,44.11764705882365,45.588235294118,False,32.6,False,False,False,False,False,False
1235,002758,浙农股份,F 批发零售,腾讯前复权日K回退（成交额、换手率已提供）,False,2026-08-06,7.86,7.914,7.780500000000001,False,True,True,False,8.06,-2.481389578163774,False,51.42415232872125,0.022897589732663093,-0.004776835570062469,0.055348850605451125,True,False,False,False,2026-07-14,17.0,20.80290178422632,20.088876487383768,22.23095237791143,False,False,2026-07-28,7.0,True,52929.0,42598.4,1.2425114558293269,False,41447100.0,1.02,40.63441176470588,-0.25380710659898,1.9035532994923905,1.021785232311541,26.66666666666663,66.66666666666686,False,8.66,False,True,False,False,False,False
1236,002759,ST天际,C 制造业,腾讯前复权日K回退（成交额、换手率已提供）,False,2026-08-06,16.68,15.280000000000001,15.5395,True,True,False,True,22.99,-27.44671596346237,False,44.8199829564168,-2.142933204714158,-2.7916090304876517,1.2973516515469878,True,False,False,False,2026-07-28,7.0,12.79134017973974,10.871831844745317,16.63035684972858,False,False,,,False,606120.0,376269.0,1.610868819913413,False,971997600.0,12.1,80.33038016528926,10.026385224274414,10.68601583113456,7.339360983300618,0.0,100.0,True,39.6,False,True,False,False,True,True
1237,002760,凤形股份,C 制造业,腾讯前复权日K回退（成交额、换手率已提供）,False,2026-08-06,17.24,16.866000000000003,16.185000000000002,True,True,True,True,19.29,-10.627268014515296,False,55.9816591520053,-0.10403895924847362,-0.3939232355389204,0.5797685525808935,True,False,False,False,2026-07-27,8.0,24.171473046837875,20.856820190795897,30.80077875892183,False,False,2026-07-27,8.0,True,45017.0,41118.2,1.0948193257486953,False,77128300.0,4.17,18.49599520383693,-0.23148148148149916,3.356481481481471,6.5183812171763735,17.241379310345124,82.75862068965488,True,26.5,False,True,False,False,True,False
1238,002761,浙江建投,E 建筑业,腾讯前复权日K回退（成交额、换手率已提供）,False,2026-08-06,7.25,7.374,7.0625,False,True,True,False,7.59,-4.479578392621869,False,53.818693118162756,0.08992396805411662,0.04060233794141016,0.09864326022541292,True,False,False,False,,,32.54639600315997,32.016320188802986,33.60654763187394,False,False,,,False,119750.0,144484.4,0.8288092001627858,False,86809500.0,1.11,78.20675675675676,-0.6849315068493178,2.4657534246575303,2.6548672566371683,27.77777777777772,50.0,False,8.74,False,False,False,False,False,False
1239,002762,金发拉比,C 制造业,腾讯前复权日K回退（成交额、换手率已提供）,False,2026-08-06,9.46,9.016,7.9595,True,True,True,True,9.31,1.6111707841031184,True,71.06529252245191,0.25678862548964787,0.021764950197916272,0.4700473505834632,True,False,False,False,2026-07-27,8.0,76.17757028457491,64.70209627088263,99.12851831195945,False,False,,,False,77414.0,85806.2,0.9021958786194937,False,72077800.0,3.66,19.693387978142077,2.159827213822907,4.2116630669546495,18.85168666373517,10.256410256410023,89.74358974358998,True,9.84,False,False,False,False,True,False
1240,002763,汇洁股份,C 制造业,腾讯前复权日K回退（成交额、换手率已提供）,False,2026-08-06,7.25,7.298,6.9765,False,True,True,True,7.52,-3.5904255319148883,False,54.55668245016153,0.010936404992100357,-0.07281918239132759,0.1675111747668559,True,False,False,False,2026-07-28,7.0,27.04484343819237,26.67520434081465,27.78412163294781,False,False,,,False,55965.0,76146.2,0.7349677331239116,False,40413100.0,1.84,21.963641304347824,-0.4120879120879106,2.060439560439553,3.9203038773023766,20.000000000000238,66.66666666666666,False,9.5,False,False,False,True,False,False
1241,002765,蓝黛科技,C 制造业,腾讯前复权日K回退（成交额、换手率已提供）,False,2026-08-06,7.11,7.0,6.6395,True,True,True,True,7.52,-5.452127659574459,False,54.762059176864554,-0.11919335338076831,-0.2648360957975141,0.2912854848334916,True,False,False,False,2026-07-29,6.0,21.287888525659152,16.898169618146408,30.067326340684637,False,False,2026-07-28,7.0,True,74099.0,110608.8,0.6699195724029191,False,52560900.0,1.24,42.387822580645164,-0.1404494382022392,2.247191011235957,7.086376986218847,31.24999999999986,62.50000000000028,False,9.87,False,True,False,False,False,False
1242,002766,索菱股份,C 制造业,腾讯前复权日K回退（成交额、换手率已提供）,False,2026-08-06,4.43,4.140000000000001,3.747,True,True,True,True,4.39,0.9111617312072902,True,68.75365607511654,0.0982986473447709,-0.010882327739352882,0.21836195016824755,True,False,False,False,,,39.23472193965711,30.35285520631676,56.998455406337825,False,False,2026-07-28,7.0,True,1189853.0,246808.0,4.820966095102266,False,548274300.0,13.88,39.50103025936599,0.9111617312072884,10.022779043280192,18.227915665866025,0.0,9.090909090909092,False,5.55,False,False,False,False,True,False
1243,002767,先锋电子,C 制造业,腾讯前复权日K回退（成交额、换手率已提供）,False,2026-08-06,17.7,16.906,16.702,True,True,True,True,18.88,-6.249999999999998,False,56.31369308046687,-0.21351708072059594,-0.42042519341888995,0.413816225396588,True,False,False,False,2026-08-04,2.0,26.066881537184788,19.51829340931928,39.164057792915806,False,False,2026-07-31,4.0,True,25173.0,32231.8,0.7809988892956645,False,44050200.00000001,1.93,22.823937823834203,2.430555555555536,3.1249999999999947,5.975332295533454,5.555555555555775,94.44444444444422,True,21.39,False,False,False,False,True,False
1244,002768,国恩股份,C 制造业,腾讯前复权日K回退（成交额、换手率已提供）,False,2026-08-06,57.8,53.27,51.217999999999996,True,True,True,True,62.54,-7.579149344419575,False,60.66709603552531,0.620790894862914,-0.1776965048303204,1.5969747993864687,True,False,False,False,2026-08-05,1.0,74.21853962183205,65.50241507602887,91.6507887134384,False,False,,,False,103092.0,167172.8,0.6166792683977298,False,589037400.0,4.09,144.01892420537897,1.2259194395796813,3.9054290718038476,12.850950837596159,7.623318385650311,92.37668161434969,True,62.66,False,False,False,False,False,False
1245,002769,普路通,L 商务服务,腾讯前复权日K回退（成交额、换手率已提供）,False,2026-08-06,6.96,6.862,6.475,True,True,True,True,7.02,-0.8547008547008492,False,57.459737714676415,-0.022991889403329857,-0.15207083573266952,0.25815789265867933,True,False,False,False,,,17.99487192439862,14.721411321008624,24.541793131178608,False,False,2026-07-23,10.0,True,64785.0,67122.0,0.9651828014659873,False,44708600.0,1.74,25.694597701149426,0.8695652173912993,1.8840579710144911,7.490347490347496,0.0,100.0,True,9.39,False,True,False,False,False,False
1246,002771,真视通,I 信息技术,腾讯前复权日K回退（成交额、换手率已提供）,False,2026-08-06,12.94,12.612,11.977,True,True,True,True,13.95,-7.240143369175627,False,54.95287495543451,-0.196576765998703,-0.465535481322567,0.537917430647728,True,False,False,False,2026-07-28,7.0,22.43951142841379,18.463134119119292,30.392266047002785,False,False,,,False,74169.0,85136.4,0.8711784853482177,False,96042900.00000001,4.25,22.598329411764713,-0.5380476556494984,4.150653343581854,8.040410787342399,48.14814814814818,51.85185185185182,False,17.98,False,True,False,False,True,False
1247,002772,众兴菌业,A 农林牧渔,腾讯前复权日K回退（成交额、换手率已提供）,False,2026-08-06,10.65,10.443999999999999,10.546000000000001,True,True,False,True,13.19,-19.257012888551927,False,46.37522866781646,-0.5224475154842754,-0.6895598170634148,0.33422460315827895,True,False,False,False,2026-07-31,4.0,12.490241404289966,10.430956125810342,16.608811961249213,False,False,2026-07-29,6.0,True,95678.0,116800.6,0.8191567509071015,False,101276800.0,2.57,39.40731517509728,1.4285714285714235,2.571428571428567,0.9861558884885189,11.11111111111089,88.88888888888911,True,16.01,False,True,False,False,False,False
1248,002773,康弘药业,C 制造业,腾讯前复权日K回退（成交额、换手率已提供）,False,2026-08-06,21.05,21.44,21.9715,False,False,False,False,23.86,-11.77703269069572,False,43.75586132509927,-0.11710076145286408,-0.003041212411890419,-0.2281190980819473,False,True,False,False,,,21.849716531822384,23.162406727039823,19.22433614138751,False,False,,,False,82116.0,63522.4,1.2927093434756873,False,173377700.0,1.2,144.4814166666667,-1.635514018691575,2.8037383177570163,-4.194069590150869,13.333333333333016,25.000000000000295,False,24.13,False,False,False,False,False,False
1249,002774,快意电梯,C 制造业,腾讯前复权日K回退（成交额、换手率已提供）,False,2026-08-06,16.13,15.054000000000002,15.479000000000003,True,True,False,True,17.65,-8.611898016997166,False,56.1609100821321,0.29202708908505315,0.39855563245581266,-0.21305708674151902,False,True,False,False,,,70.39457330625008,67.81806926189039,75.54758139496946,True,False,,,False,98286.0,154907.8,0.6344806394513381,False,156279600.0,3.49,44.77925501432665,4.064516129032247,6.193548387096768,4.205698042509181,7.291666666666703,92.70833333333329,True,17.65,False,False,False,False,False,False
1250,002775,文科股份,E 建筑业,腾讯前复权日K回退（成交额、换手率已提供）,False,2026-08-06,3.91,3.8880000000000003,3.5215000000000005,True,True,True,True,4.16,-6.009615384615384,False,58.13012135569474,0.09689718870302366,0.035544377595515216,0.1227056222150169,True,False,False,False,2026-07-22,11.0,66.36050956154497,61.668405315317976,75.74471805399897,False,False,,,False,211676.0,234442.8,0.9028897453877875,False,81528800.0,3.64,22.39802197802198,1.558441558441559,2.857142857142865,11.03223058355813,0.0,100.0,True,4.33,False,False,False,False,False,False
1251,002777,久远银海,I 信息技术,腾讯前复权日K回退（成交额、换手率已提供）,False,2026-08-06,13.44,13.4,12.597,True,True,True,True,13.68,-1.7543859649122824,False,60.60928987114759,0.15440864381944586,-0.03308432976257973,0.3749859471640512,True,False,False,False,,,27.93454413942143,23.70748952009684,36.38865337807061,False,False,2026-07-28,7.0,True,105388.0,117239.6,0.8989112893595679,False,141304600.0,2.61,54.13969348659004,0.29850746268655914,3.208955223880595,6.692069540366755,41.86046511627903,58.13953488372097,False,17.5,False,True,False,False,True,False
1252,002778,中晟高科,C 制造业,腾讯前复权日K回退（成交额、换手率已提供）,False,2026-08-06,15.18,14.902000000000001,14.495500000000002,True,True,True,True,15.78,-3.8022813688212906,False,51.915734598465484,-0.29049560537511,-0.5299037601459069,0.4788163095415938,True,False,False,False,2026-07-24,9.0,21.233791656707613,18.02896252490829,27.64344992030626,False,False,2026-07-23,10.0,True,20207.0,29747.8,0.6792771230141389,False,30456100.0,1.64,18.570792682926832,0.6631299734747964,2.586206896551716,4.722155151598758,25.641025641025628,74.35897435897438,True,21.21,False,True,True,False,True,False
1253,002779,中坚科技,C 制造业,腾讯前复权日K回退（成交额、换手率已提供）,False,2026-08-06,71.12,65.474,62.753,True,True,True,True,78.21,-9.065336913438166,False,57.920558034871064,-1.9245263001227428,-3.790787116268044,3.7325216322906023,True,False,False,False,2026-08-03,3.0,26.621746676956047,17.880167113174803,44.10490580451853,False,False,2026-08-03,3.0,True,34585.0,31663.6,1.0922636718503267,False,244246000.0,2.09,116.86411483253589,2.008032128514059,3.6574870912220265,13.333227096712516,12.941176470588184,87.05882352941182,True,87.57,False,False,False,False,True,True
1254,002780,三夫户外,F 批发零售,腾讯前复权日K回退（成交额、换手率已提供）,False,2026-08-06,13.15,13.072,12.589,True,True,True,True,13.78,-4.571843251088527,False,54.750845178669245,0.02421685097778692,-0.12378335389716899,0.2960004097499118,True,False,False,False,2026-07-28,7.0,29.33528983947578,26.283429672166424,35.4390101740945,False,False,2026-07-27,8.0,True,43343.0,67745.4,0.639792517277926,False,56618000.0,3.32,17.053614457831326,0.30511060259343914,2.2120518688024347,4.456271348002224,17.24137931034451,82.75862068965549,True,17.04,False,True,False,True,True,False
1255,002782,可立克,C 制造业,腾讯前复权日K回退（成交额、换手率已提供）,False,2026-08-06,14.96,14.442000000000002,14.633,True,True,False,True,18.02,-16.98113207547169,False,41.29096721274958,-1.439772156249207,-1.8572588456752996,0.8349733788521854,True,False,False,False,2026-07-28,7.0,11.229845999886715,9.378075101212028,14.93338779723609,False,False,2026-08-03,3.0,True,108172.0,136100.8,0.794793270869826,False,161089200.0,2.21,72.8910407239819,-0.1335113484646211,3.070761014686242,2.23467504954556,28.260869565217234,71.73913043478277,True,31.23,False,False,False,False,True,False
1256,002783,凯龙股份,C 制造业,腾讯前复权日K回退（成交额、换手率已提供）,False,2026-08-06,7.52,7.462000000000001,7.1385000000000005,True,True,True,True,7.55,-0.39735099337748675,False,59.322536985491354,0.03311639446524417,-0.04622659780821103,0.1586859845469104,True,False,False,False,2026-07-16,15.0,25.25160804263986,22.243635203076092,31.267553721767392,False,False,2026-07-23,10.0,True,66641.0,60499.6,1.1015114149515037,False,50139900.0,1.45,34.579241379310346,0.53475935828875,2.2727272727272716,5.3442599985991315,52.941176470588694,47.058823529411306,False,8.96,False,False,False,True,True,False
1257,002785,万里石,C 制造业,腾讯前复权日K回退（成交额、换手率已提供）,False,2026-08-06,34.52,33.554,34.446000000000005,True,True,False,True,40.49,-14.744381328723138,False,45.119553486283586,-1.8390087310912548,-2.230619110180733,0.7832207581789561,True,False,False,False,2026-08-04,2.0,11.438700328549901,9.101188371439951,16.113724242769802,False,False,2026-08-04,2.0,True,54655.0,53679.8,1.0181669827383857,False,188019000.0,2.82,66.67340425531916,0.84721004966406,3.213555360794608,0.21482900772222627,41.818181818181465,58.181818181818535,False,57.3,False,False,False,False,True,False
1258,002786,银宝山新,C 制造业,腾讯前复权日K回退（成交额、换手率已提供）,False,2026-08-06,7.73,7.636,7.477000000000001,True,True,True,True,8.06,-4.094292803970224,False,53.30663795389172,-0.05027841203381467,-0.12193460122562741,0.14331237838362548,True,False,False,False,2026-07-31,4.0,28.04506048332601,24.21102013107776,35.713141187822515,False,False,2026-07-31,4.0,True,74564.0,76167.8,0.9789438581657866,False,57453600.0,1.51,38.048741721854306,0.0,2.457956015523938,3.3837100441353374,31.578947368420785,68.42105263157922,False,9.7,False,True,False,True,True,False
1259,002787,华源控股,C 制造业,腾讯前复权日K回退（成交额、换手率已提供）,False,2026-08-06,21.24,19.874,21.756999999999998,True,False,False,True,29.0,-26.758620689655178,False,45.417942966944544,-1.8218773019871328,-1.9138275023956894,0.18390040081711323,True,False,True,False,,,37.71235828511897,36.510662500186264,40.11574985498437,True,False,,,False,175516.0,243315.6,0.721351199840865,False,366616100.0,7.07,51.85517680339462,1.9683149303888703,5.616898703792598,-2.37624672519189,7.6923076923076925,92.3076923076923,True,34.99,False,False,False,False,False,True
1260,002788,鹭燕医药,F 批发零售,腾讯前复权日K回退（成交额、换手率已提供）,False,2026-08-06,10.82,10.616,10.3215,True,True,True,True,12.31,-12.103980503655567,False,55.270882786610315,-0.015319551996338276,-0.1559745269334359,0.2813099498741952,True,False,False,False,2026-07-30,5.0,14.99544071641887,12.822502207200728,19.341317734855153,False,False,2026-07-29,6.0,True,323573.0,170136.4,1.9018446375966578,True,349454500.0,8.47,41.25791027154663,0.5576208178438735,5.483271375464683,4.829724361769122,49.15254237288123,50.84745762711877,False,14.92,False,False,False,False,True,False
1261,002789,*ST建艺,E 建筑业,腾讯前复权日K回退（成交额、换手率已提供）,False,2026-08-06,10.38,10.024,9.471,True,True,True,True,10.84,-4.243542435424346,False,52.99365836703877,-0.3802362854795529,-0.6646935573097086,0.5689145436603114,True,False,False,False,2026-07-29,6.0,27.383154028521385,22.64453893386686,36.860384217830436,False,False,2026-07-24,9.0,True,21463.0,28120.8,0.7632428664902848,False,22020700.0,1.37,16.073503649635036,4.531722054380682,4.934541792547819,9.597719353816922,14.285714285714027,85.71428571428598,True,15.61,False,True,False,False,False,False
1262,002790,瑞尔特,C 制造业,腾讯前复权日K回退（成交额、换手率已提供）,False,2026-08-06,5.78,5.709999999999999,5.525,True,True,True,True,5.82,-0.6872852233676982,False,56.237546390087054,-0.010256411112672836,-0.07610026025461472,0.13168769828388377,True,False,False,False,,,18.00860125007159,15.378526083008685,23.268751584197393,False,False,2026-07-27,8.0,True,34426.0,43038.2,0.7998940476135155,False,19637000.0,1.32,14.87651515151515,1.403508771929829,2.982456140350876,4.615384615384613,0.0,100.0,True,7.32,False,True,False,False,False,False
1263,002791,坚朗五金,C 制造业,腾讯前复权日K回退（成交额、换手率已提供）,False,2026-08-06,15.32,15.301999999999998,14.611499999999998,True,True,True,True,15.65,-2.1086261980830674,False,58.10267539736358,0.21652257460493196,0.05676881083005905,0.3195075275497458,True,False,False,False,2026-07-29,6.0,31.74725558811801,28.280201457969742,38.68136384841454,False,False,,,False,48059.0,62247.0,0.7720693366748599,False,73069300.0,2.21,33.06303167420815,0.19620667102682177,2.6160889470242013,4.848920370940716,17.500000000000053,77.50000000000006,True,19.24,False,True,False,True,False,False
1264,002792,通宇通讯,C 制造业,腾讯前复权日K回退（成交额、换手率已提供）,False,2026-08-06,33.81,28.639999999999997,27.022000000000002,True,True,True,True,36.05,-6.213592233009695,False,61.659371059473145,-1.247738952515789,-2.5486538680074253,2.601829830983273,True,False,False,False,2026-07-31,4.0,24.470465602279916,16.70647141031647,39.998453986206805,False,False,,,False,234535.0,291800.8,0.8037503666885081,False,773173900.0,6.94,111.40834293948126,9.986987638256362,7.579700715679902,25.12027237066094,0.0,100.0,True,54.18,False,True,False,False,True,True
1265,002793,罗欣药业,C 制造业,腾讯前复权日K回退（成交额、换手率已提供）,False,2026-08-06,5.05,4.904,4.7685,True,True,True,True,5.23,-3.4416826003824204,False,59.563637286071376,0.13833108094869395,0.11556218587757684,0.04553779014223422,True,False,False,False,2026-08-04,2.0,61.17696838849326,56.133549908271654,71.26380534893646,False,False,,,False,513914.0,453738.8,1.132620794166159,False,258775400.0,4.73,54.709386892177584,-0.5905511811023723,4.133858267716534,5.903323896403469,38.09523809523814,38.09523809523814,False,5.58,False,False,False,False,True,True
1266,002795,永和智控,C 制造业,腾讯前复权日K回退（成交额、换手率已提供）,False,2026-08-06,6.64,6.4079999999999995,5.894,True,True,True,True,6.64,0.0,False,57.03729309604095,-0.08066477274491302,-0.27054680110565393,0.37976405672148184,True,False,False,False,2026-07-28,7.0,29.065122943255115,24.97804097952932,37.2392868707067,False,False,,,False,137631.0,196613.8,0.7000068153913916,False,90491900.0,3.17,28.54634069400631,1.2195121951219523,3.2012195121951215,12.656939260264668,14.285714285714407,85.7142857142856,True,10.8,False,False,False,True,True,False
1267,002796,世嘉科技,C 制造业,腾讯前复权日K回退（成交额、换手率已提供）,False,2026-08-06,29.18,26.506,27.927,True,True,False,True,35.0,-16.62857142857143,False,46.99319419651815,-2.6984747689785635,-3.4034237839676464,1.4098980299781658,True,False,False,False,2026-08-03,3.0,10.57302233033239,7.98577633622505,15.74751431854707,False,False,2026-08-04,2.0,True,193532.0,115265.4,1.679012088623299,False,555089900.0,8.5,65.30469411764706,4.813218390804597,8.333333333333334,4.486697461238228,12.499999999999961,87.50000000000003,True,59.41,False,False,False,False,False,True
1268,002797,第一创业,J 金融业,腾讯前复权日K回退（成交额、换手率已提供）,False,2026-08-06,6.61,6.638,6.536500000000001,False,True,True,True,6.87,-3.7845705967976677,False,51.47290466678882,0.008035386412140966,-0.016121632248468697,0.048314037321219326,True,False,False,False,,,28.22850386840747,26.857419720220133,30.970672164782137,False,False,,,False,724698.0,512418.0,1.41427116143461,False,483287000.0,1.72,280.9808139534884,-1.0479041916167553,2.9940119760478936,1.1244549835538777,59.99999999999982,20.00000000000009,False,7.98,False,False,False,False,True,False
1269,002798,帝欧水华,C 制造业,腾讯前复权日K回退（成交额、换手率已提供）,False,2026-08-06,5.58,5.404,5.1105,True,True,True,True,5.55,0.5405405405405451,True,56.82027020703048,-0.035993280508594516,-0.14546640572222366,0.2189462504272583,True,False,False,False,,,20.431483407232566,17.188265757072678,26.917918707552346,False,False,2026-07-27,8.0,True,85274.0,97588.4,0.8738128712019052,False,47142700.00000001,1.65,28.57133333333334,1.454545454545464,2.5454545454545396,9.186968007044321,14.285714285714013,85.71428571428599,True,8.67,False,False,False,False,False,False
1270,002799,环球印务,C 制造业,腾讯前复权日K回退（成交额、换手率已提供）,False,2026-08-06,6.6,6.558,6.205,True,True,True,True,6.73,-1.931649331352166,False,58.91228332244127,0.024138927280067612,-0.07915335234536952,0.20658455925087427,True,False,False,False,,,25.666190733265438,22.053433346888642,32.89170550601903,False,False,2026-07-27,8.0,True,45363.0,53434.2,0.8489506720415015,False,29770600.0,1.42,20.965211267605635,0.3039513677811412,2.4316109422492285,6.365834004834804,25.00000000000014,74.99999999999986,True,9.0,False,False,False,False,True,False
1271,002800,天顺股份,G 运输仓储,腾讯前复权日K回退（成交额、换手率已提供）,False,2026-08-06,13.29,13.044,12.357000000000001,True,True,True,True,13.67,-2.779809802487204,False,55.31223020807716,-0.16039399028341705,-0.442732680485941,0.5646773804050479,True,False,False,False,2026-07-27,8.0,19.764351599760772,17.04565334934316,25.201748100596,False,False,,,False,28662.0,34330.6,0.8348820003145881,False,37936500.0,1.94,19.554896907216495,0.834597875569032,2.731411229135062,7.550376304928365,25.000000000000373,74.99999999999963,True,19.2,False,True,False,False,True,False
1272,002801,微光股份,C 制造业,腾讯前复权日K回退（成交额、换手率已提供）,False,2026-08-06,27.86,28.1,27.068,False,True,True,True,28.67,-2.825252877572383,False,50.46194567201199,-0.20593788681389213,-0.5261356987235479,0.6403956238193116,True,False,False,False,2026-07-27,8.0,26.433411806110172,23.68331994740534,31.933595523519834,False,False,2026-07-27,8.0,True,12916.0,13095.0,0.9863306605574647,False,36075400.0,1.12,32.21017857142857,-1.4851485148514865,2.8642149929278595,2.925964238214859,22.22222222222222,35.802469135802426,False,35.73,False,True,False,False,True,False
1273,002802,洪汇新材,C 制造业,腾讯前复权日K回退（成交额、换手率已提供）,False,2026-08-06,11.27,11.044,10.5615,True,True,True,True,11.36,-0.7922535211267593,False,57.506651850568964,-0.03955461634981994,-0.21570747794501224,0.3523057231903846,True,False,False,False,2026-07-10,19.0,18.41652255951873,15.285222955309145,24.6791217679379,False,False,2026-07-27,8.0,True,20234.0,25754.6,0.7856460593447384,False,22528900.0,1.35,16.688074074074073,1.7148014440433235,2.5270758122743624,6.7083274156133035,3.5714285714285032,96.4285714285715,True,14.95,False,False,False,False,False,False
1274,002803,吉宏股份,F 批发零售,腾讯前复权日K回退（成交额、换手率已提供）,False,2026-08-06,19.98,19.22,19.506,True,True,False,True,24.24,-17.574257425742566,False,48.99468618079491,-0.8697695263102716,-1.0993527451324474,0.4591664376443516,True,False,False,False,2026-08-04,2.0,31.640032206394753,27.84720982082352,39.225676977537226,False,False,,,False,165840.0,187560.4,0.8841951712621641,False,332165000.0,5.57,59.63464991023339,2.042900919305435,5.4647599591419835,2.430021531836359,54.20560747663534,45.79439252336466,False,28.0,False,True,False,False,True,False
1275,002805,丰元股份,C 制造业,腾讯前复权日K回退（成交额、换手率已提供）,False,2026-08-06,18.58,17.592000000000002,18.0825,True,True,False,True,24.5,-24.163265306122454,False,45.330491848362115,-1.4490691785511167,-1.7377579742249945,0.5773775913477555,True,False,False,False,2026-08-04,2.0,20.0061949999409,17.31112673077455,25.396331538273593,False,False,2026-08-04,2.0,True,160223.0,155451.2,1.0306964500756506,False,295560400.0,5.75,51.40180869565217,1.585565882996165,3.061782394751243,2.751278860776987,23.214285714286078,76.78571428571392,True,30.58,False,False,False,False,True,False
1276,002806,华锋股份,C 制造业,腾讯前复权日K回退（成交额、换手率已提供）,False,2026-08-06,13.83,13.112,13.289000000000001,True,True,False,True,16.33,-15.309246785058168,False,46.40561839985857,-0.9897623365732553,-1.2664144509837938,0.553304228821077,True,False,False,False,2026-08-03,3.0,18.68473670683389,15.246572783395171,25.561064553711322,False,False,2026-08-03,3.0,True,74129.0,86738.6,0.854625276405199,False,101187400.0,4.26,23.752910798122066,1.9911504424778625,3.466076696165183,4.071036195349526,4.255319148936089,95.74468085106392,True,22.18,False,False,False,False,False,False
1277,002807,江阴银行,J 金融业,腾讯前复权日K回退（成交额、换手率已提供）,False,2026-08-06,4.03,4.106,3.9995,False,True,True,False,4.23,-4.72813238770686,False,52.598251030607535,0.04531111531423804,0.0372242444252516,0.016173741777972872,True,False,False,False,,,67.52085403365145,68.27781976951216,66.00692256193,False,True,,,False,382405.0,503367.6,0.7596933135942798,False,153369700.0,1.41,108.77283687943262,-0.24752475247524774,2.227722772277213,0.7625953244155624,11.111111111110947,66.66666666666717,False,4.23,False,False,False,True,False,False
1278,002809,红墙股份,C 制造业,腾讯前复权日K回退（成交额、换手率已提供）,False,2026-08-06,8.1,7.902000000000001,7.473999999999999,True,True,True,True,8.1,0.0,False,59.049604305956464,-0.0008584611956532484,-0.14594948322480206,0.2901820440582976,True,False,False,False,,,25.04308547438519,20.915227934084385,33.2988005549868,False,False,2026-07-23,10.0,True,48296.0,58284.0,0.8286322146729805,False,38637800.0,2.84,13.604859154929578,1.7587939698492372,2.3869346733668277,8.375702435108382,0.0,100.0,True,11.89,False,True,False,False,True,False
1279,002810,山东赫达,C 制造业,腾讯前复权日K回退（成交额、换手率已提供）,False,2026-08-06,20.42,20.052,19.647,True,True,True,True,21.32,-4.2213883677298245,False,48.03542043337563,-0.6325392770859501,-0.9065968991660377,0.5481152441601751,True,False,False,False,2026-07-29,6.0,20.925634545835994,18.637691868058354,25.501519901391276,False,False,2026-07-27,8.0,True,39169.0,57640.8,0.6795360230947523,False,79581100.0,1.21,65.7695041322314,0.44269552385638455,2.4102311854402285,3.9344429174937816,28.571428571428054,71.42857142857196,True,29.43,False,False,False,False,True,False
1280,002811,郑中设计,M 科研服务,腾讯前复权日K回退（成交额、换手率已提供）,False,2026-08-06,10.39,10.176,9.9855,True,True,True,True,11.36,-8.538732394366187,False,50.89693578811862,-0.2741631904339119,-0.4270470056480931,0.3057676304283624,True,False,False,False,2026-07-30,5.0,26.030934541777583,21.92986266758363,34.23307829016549,False,False,2026-07-23,10.0,True,35645.0,54398.4,0.6552582428894967,False,36734200.0,1.26,29.154126984126982,0.7759456838021261,2.6188166828321977,4.0508737669621,18.518518518518153,81.48148148148184,True,13.65,False,True,False,False,False,False
1281,002812,恩捷股份,C 制造业,腾讯前复权日K回退（成交额、换手率已提供）,False,2026-08-06,53.7,53.694,52.3875,True,True,True,True,62.24,-13.721079691516708,False,44.95196587237279,-2.135258924689488,-2.9962208596484556,1.7219238699179353,True,False,False,False,2026-07-27,8.0,16.555310995423003,15.372655753414087,18.92062147944084,False,False,2026-07-23,10.0,True,213982.0,198505.4,1.077965637206847,False,1150908400.0,2.6,442.65707692307694,-1.9178082191780743,3.8173515981735218,2.5053686471009304,19.138755980861145,37.79904306220119,False,82.83,False,False,False,False,False,False
1282,002813,路畅科技,C 制造业,腾讯前复权日K回退（成交额、换手率已提供）,False,2026-08-06,21.1,20.96,19.3665,True,True,True,True,22.68,-6.966490299823626,False,63.77852129390224,0.29414686234417786,-0.07988575921226443,0.7480652431128846,True,False,False,False,,,32.61251767522962,28.520562379168165,40.79642826735253,False,False,2026-07-23,10.0,True,30277.0,23003.6,1.3161852927367892,False,63742500.0,2.53,25.194664031620555,-0.2835538752362865,3.1190926275992443,8.951023674902554,43.9393939393938,56.0606060606062,False,27.11,False,True,False,True,True,False
1283,002815,崇达技术,C 制造业,腾讯前复权日K回退（成交额、换手率已提供）,False,2026-08-06,12.44,11.836,13.0725,True,False,False,True,18.87,-34.075251722310554,False,42.938498666824685,-1.1641179572202986,-1.2847124190092896,0.24118892357798183,True,False,False,False,2026-08-05,1.0,12.768732918487714,9.67690386603787,18.952391023387403,False,False,2026-08-04,2.0,True,405949.0,374739.2,1.0832840546171845,False,503160600.0,5.22,96.39091954022989,1.0560519902518273,4.630381803411862,-4.838401223943395,29.824561403508742,70.17543859649126,True,20.7,False,False,False,False,False,False
1284,002816,*ST和科,C 制造业,腾讯前复权日K回退（成交额、换手率已提供）,False,2026-08-06,26.93,25.24,24.7985,True,True,True,True,29.98,-10.17344896597732,False,58.295762094063264,-0.4108314887334217,-0.7961388983110471,0.7706148191552509,True,False,False,False,2026-08-04,2.0,46.648781843333474,38.09026765917175,63.76581021165693,False,False,,,False,27155.0,17671.4,1.5366637617845784,False,71274300.0,2.72,26.20378676470588,6.023622047244093,7.204724409448812,8.595277940197992,4.918032786885243,95.08196721311477,True,31.3,False,False,False,False,False,False
1285,002817,黄山胶囊,C 制造业,腾讯前复权日K回退（成交额、换手率已提供）,False,2026-08-06,6.28,6.25,6.037,True,True,True,True,6.41,-2.0280811232449283,False,55.329308294453796,-0.008469664637830832,-0.08190968991267039,0.14688005054967912,True,False,False,False,2026-07-28,7.0,24.04692120427919,21.024621309510167,30.09152099381724,False,False,2026-07-28,7.0,True,54763.0,61509.4,0.8903192032437318,False,34241400.0,1.89,18.11714285714286,0.6410256410256387,2.0833333333333313,4.025178068577113,23.076923076922604,76.92307692307739,True,8.09,False,False,False,False,True,False
1286,002818,富森美,L 商务服务,腾讯前复权日K回退（成交额、换手率已提供）,False,2026-08-06,10.82,10.872,10.719,False,True,True,False,11.19,-3.306523681858796,False,51.174133457456705,0.02897318714659214,-0.004054519844746784,0.06605541398267785,True,False,False,False,2026-07-15,16.0,32.75283003007231,32.81531932780365,32.627851434609624,False,True,,,False,32540.0,54053.0,0.6020017390339112,False,35033100.0,1.09,32.14045871559633,0.0,1.2939001848428724,0.9422520757533434,21.428571428571157,78.57142857142885,True,11.65,False,False,False,False,True,False
1287,002819,东方中科,F 批发零售,腾讯前复权日K回退（成交额、换手率已提供）,False,2026-08-06,21.0,20.802,19.855,True,True,True,True,21.25,-1.1764705882352942,False,54.86515161099277,-0.12054330120493972,-0.43396482458661345,0.6268430467633475,True,False,False,False,2026-07-24,9.0,23.351941938829153,20.1925679219316,29.670689972624253,False,False,2026-07-23,10.0,True,20362.0,22793.6,0.8933209321914924,False,42566100.0,0.86,49.49546511627907,-0.04759638267491928,2.8081865778200847,5.766809367917399,38.983050847457704,61.01694915254229,False,29.04,False,True,False,False,True,False
1288,002820,桂发祥,C 制造业,腾讯前复权日K回退（成交额、换手率已提供）,False,2026-08-06,9.2,9.064,8.555,True,True,True,True,9.33,-1.3933547695605657,False,60.56924454244967,0.07209724917474958,-0.07474012626326543,0.29367475087603,True,False,False,False,2026-07-28,7.0,33.727247545225254,28.59529618681155,43.99115026205266,False,False,2026-07-28,7.0,True,48976.0,82696.0,0.5922414627067815,False,44707600.0,2.44,18.322786885245904,0.5464480874316724,2.622950819672133,7.539450613676207,20.833333333333613,79.16666666666639,True,11.57,False,True,False,False,True,False
1289,002821,凯莱英,C 制造业,腾讯前复权日K回退（成交额、换手率已提供）,False,2026-08-06,156.6,156.232,163.34499999999997,True,False,False,True,200.0,-21.700000000000003,False,50.29358998729748,1.6942006970957948,3.5300603549265226,-3.6717193156614556,False,True,False,False,,,59.4741288275896,59.619751703498935,59.182883075770945,False,True,,,False,135131.0,95586.6,1.4137023390307846,False,2141637200.0,4.26,502.7317370892019,-4.1498347410943826,7.442771453054227,-4.12929688695704,5.4276315789473415,21.38157894736838,False,200.0,False,False,False,False,True,True
1290,002822,ST中装,E 建筑业,腾讯前复权日K回退（成交额、换手率已提供）,False,2026-08-06,3.23,3.142,2.991,True,True,True,True,3.3,-2.1212121212121167,False,63.23808554053956,0.04371772712611621,0.00921783636690277,0.06899978151842688,True,False,False,False,2026-07-31,4.0,65.51193387150603,58.46570770390432,79.60438620670946,False,False,,,False,122988.0,81824.4,1.5030724331617464,False,39210400.0,1.15,34.096000000000004,1.5723270440251458,3.1446540880503173,7.990638582413904,0.0,100.0,True,3.53,False,False,False,False,True,False
1291,002823,凯中精密,C 制造业,腾讯前复权日K回退（成交额、换手率已提供）,False,2026-08-06,13.32,13.219999999999999,12.7885,True,True,True,True,14.13,-5.732484076433124,False,48.19301521147743,-0.4212190209644415,-0.6736418279831725,0.504845614037462,True,False,False,False,2026-07-28,7.0,17.30989396338048,14.966410959829568,21.9968599704823,False,False,,,False,44463.0,52030.2,0.8545613893469562,False,59074500.0,2.03,29.100738916256162,-0.22471910112359383,1.9475655430711596,4.156077726082022,23.076923076923286,65.3846153846154,False,21.35,False,False,False,False,False,False
1292,002824,和胜股份,C 制造业,腾讯前复权日K回退（成交额、换手率已提供）,False,2026-08-06,22.93,20.832,22.817500000000003,True,True,False,True,32.57,-29.59778937672705,False,45.76400510221356,-2.2251367216031284,-2.4389691189356273,0.42766479466499785,True,False,True,False,,,16.975983098927117,16.4196214716034,18.08870635357455,True,False,2026-08-06,0.0,True,197730.0,194505.2,1.0165795053294204,False,441182000.0,8.74,50.47848970251716,4.227272727272724,7.863636363636366,0.4930426207954296,0.0,100.0,True,41.91,False,False,False,False,False,True
1293,002825,纳尔股份,C 制造业,腾讯前复权日K回退（成交额、换手率已提供）,False,2026-08-06,8.5,8.282,7.930499999999999,True,True,True,True,8.48,0.23584905660376854,True,58.67498722564166,-0.07162957503171263,-0.2210898954867708,0.29892064091011633,True,False,False,False,,,22.951848980812127,17.900495975408983,33.05455499161841,False,False,2026-07-28,7.0,True,39929.0,32054.6,1.2456558497064385,False,33845500.0,1.56,21.695833333333336,0.7109004739336511,3.31753554502371,7.18113612004288,50.0,50.0,False,11.47,False,False,False,False,True,False
1294,002826,易明医药,C 制造业,腾讯前复权日K回退（成交额、换手率已提供）,False,2026-08-06,18.15,16.666,16.2875,True,True,True,True,17.59,3.18362706083001,True,63.838520150612446,0.020522362469982625,-0.17278906793764204,0.3866228608152493,True,False,False,False,2026-08-03,3.0,32.601784128349344,24.72437349188033,48.35660540128737,False,False,2026-07-31,4.0,True,62198.0,31692.0,1.962577306575792,True,108308700.00000001,3.37,32.139080118694366,9.999999999999986,10.666666666666655,11.435149654643114,0.0,100.0,True,19.84,False,False,False,False,True,True
1295,002827,高争民爆,C 制造业,腾讯前复权日K回退（成交额、换手率已提供）,False,2026-08-06,49.24,41.706,29.250999999999998,True,True,True,True,46.06,6.904038211029091,True,89.8088352415779,4.727236637308689,2.1270604803876214,5.200352313842135,True,False,False,False,2026-07-14,17.0,91.2837034030827,77.4371162698597,118.97687766952868,False,False,,,False,176242.0,272186.8,0.647503846622981,False,860212500.0,6.39,134.61854460093898,10.008936550491509,4.3789097408400375,68.33612526067488,0.0,100.0,True,46.06,True,True,False,True,False,True
1296,002828,贝肯能源,B 采矿业,腾讯前复权日K回退（成交额、换手率已提供）,False,2026-08-06,11.97,12.132000000000001,12.092,False,False,True,False,14.2,-15.704225352112665,False,53.291598453669025,0.36030675845017157,0.434650456543275,-0.14868739618620685,False,True,False,False,,,54.144435431770496,53.348802584325135,55.735701126661226,False,False,,,False,208512.0,312075.4,0.66814622363698,False,253037599.99999997,10.37,24.40092574734812,-3.46774193548387,5.241935483870971,-1.0089315249751893,15.384615384615321,15.384615384615593,False,14.2,False,False,False,False,False,False
1297,002829,星网宇达,C 制造业,腾讯前复权日K回退（成交额、换手率已提供）,False,2026-08-06,20.72,20.28,20.023,True,True,True,True,23.23,-10.80499354283255,False,54.22238077705425,0.2539495451249927,0.14600660648929548,0.2158858772713944,True,False,False,False,2026-07-09,20.0,37.715350254661715,35.72727230890561,41.69150614617392,False,False,,,False,104869.0,136614.6,0.7676265933509302,False,217934000.0,7.18,30.352924791086355,-0.19267822736032114,3.709055876685932,3.4809968536183353,62.33766233766197,32.467532467532486,False,27.7,False,True,False,False,False,False
1298,002830,名雕股份,E 建筑业,腾讯前复权日K回退（成交额、换手率已提供）,False,2026-08-06,13.41,12.778,12.789,True,True,False,True,17.56,-23.63325740318906,False,49.367190854631446,-0.734134275169712,-0.9728226790665944,0.4773768077937648,True,False,False,False,2026-08-03,3.0,31.105587539683697,25.749058745714592,41.818645127621906,False,False,,,False,28307.0,36963.8,0.7658032994443211,False,37443600.0,3.05,12.276590163934426,2.210365853658547,3.658536585365857,4.855735397607322,4.166666666666574,95.83333333333343,True,18.52,False,False,False,False,False,False
1299,002831,裕同科技,C 制造业,腾讯前复权日K回退（成交额、换手率已提供）,False,2026-08-06,29.1,27.391999999999996,26.969,True,True,True,True,30.46,-4.464871963230464,False,54.677765398148814,-0.654976087938536,-1.0017490045741593,0.6935458332712465,True,False,False,False,2026-08-04,2.0,36.16716353014228,31.91123687864859,44.67901683312966,False,False,,,False,114468.0,101688.4,1.1256741181885053,False,323000800.0,1.6,201.8755,4.077253218884125,6.43776824034335,7.901664874485522,0.0,100.0,True,38.46,False,False,False,False,False,False
1300,002832,比音勒芬,C 制造业,腾讯前复权日K回退（成交额、换手率已提供）,False,2026-08-06,25.61,25.665999999999997,23.2935,False,True,True,False,26.9,-4.795539033457246,False,65.5173985968672,1.330538168880956,1.107979275596896,0.4451177865681202,True,False,False,False,2026-07-15,16.0,88.60512847118667,88.91758113886605,87.98022313582791,False,False,,,False,171769.0,220780.2,0.7780090787126743,False,433392000.0,4.41,98.27482993197279,-1.0814986481266997,4.750869061413675,9.944834395861497,16.260162601625954,68.29268292682923,False,26.9,False,False,False,True,False,False
1301,002833,弘亚数控,C 制造业,腾讯前复权日K回退（成交额、换手率已提供）,False,2026-08-06,18.1,17.94,16.8445,True,True,True,True,18.25,-0.8219178082191704,False,57.670517816726786,0.11313717892364039,-0.13335492971055746,0.4929842172683957,True,False,False,False,2026-07-28,7.0,37.2096042146463,32.758317204460006,46.112178235018874,False,False,2026-07-24,9.0,True,41059.0,71520.8,0.5740847417814118,False,74045100.0,1.4,52.88935714285714,0.38824181919023815,1.8857459789240145,7.453471459526857,32.35294117647044,67.64705882352956,False,21.92,False,False,False,False,True,False
1302,002835,同为股份,C 制造业,腾讯前复权日K回退（成交额、换手率已提供）,False,2026-08-06,12.34,12.106,11.5095,True,True,True,True,12.32,0.16233766233765887,True,60.282890511087054,0.0364184482994343,-0.13689081860437277,0.34661853380761415,True,False,False,False,,,24.720554170071107,19.686947651861498,34.78776720649032,False,False,2026-07-29,6.0,True,39662.0,29846.6,1.3288615788733056,False,48560000.0,3.12,15.564102564102564,1.6474464579901094,3.459637561779241,7.2157782701246855,23.80952380952373,76.19047619047628,True,15.15,False,False,False,False,True,False
1303,002836,新宏泽,C 制造业,腾讯前复权日K回退（成交额、换手率已提供）,False,2026-08-06,9.78,9.296000000000001,8.866499999999998,True,True,True,True,9.49,3.055848261327704,True,60.92693506640724,-0.1063813225035215,-0.3079205008380072,0.4030783566689714,True,False,False,False,2026-07-27,8.0,23.668691540482957,18.558680526964746,33.88871356751938,False,False,2026-07-23,10.0,True,48692.0,30669.6,1.5876307483632002,False,47000200.00000001,2.11,22.27497630331754,3.711558854718988,5.832449628844123,10.302825241075972,21.81818181818197,78.18181818181803,True,12.82,False,False,False,False,True,False
1304,002837,英维克,C 制造业,腾讯前复权日K回退（成交额、换手率已提供）,False,2026-08-06,52.93,49.718,58.4055,True,False,False,True,78.5,-32.57324840764331,False,40.1734326545124,-5.718472380615118,-5.383932342999239,-0.6690800752317578,False,True,False,False,,,10.548723118655467,9.116354839584455,13.41345967679749,True,False,2026-08-06,0.0,True,400237.0,482657.4,0.8292362242866265,False,2103992100.0,3.54,594.3480508474577,1.1465698452130635,5.847506210586652,-9.37497324738253,29.411764705882355,70.58823529411765,True,89.69,False,False,False,False,False,False
1305,002838,道恩股份,C 制造业,腾讯前复权日K回退（成交额、换手率已提供）,False,2026-08-06,25.92,25.59,27.941000000000003,True,False,False,True,34.88,-25.688073394495415,False,40.90579437110601,-1.768939193892379,-1.758670130968321,-0.020538125848116096,False,True,False,False,,,12.92234540364688,15.241856040675605,8.283324129589428,False,False,,,False,86602.0,70188.6,1.2338470919778994,False,224681000.0,2.06,109.06844660194174,-1.6318785578747663,3.225806451612895,-7.233098314305145,62.35294117647045,37.64705882352954,False,38.21,False,True,False,False,True,False
1306,002839,张家港行,J 金融业,腾讯前复权日K回退（成交额、换手率已提供）,False,2026-08-06,4.41,4.522,4.3815,False,True,True,False,4.66,-5.36480686695279,False,53.380016465199866,0.0847734768278885,0.07993266305030018,0.009681627555176625,True,False,False,False,,,77.13889932913737,78.97829531077865,73.46010736585484,False,True,,,False,322329.0,377359.6,0.8541693387421442,False,141918400.0,1.32,107.51393939393938,-1.1210762331838486,2.4663677130044714,0.6504621704895628,9.090909090908944,45.454545454545524,False,4.66,False,False,False,False,False,False
1307,002840,华统股份,C 制造业,腾讯前复权日K回退（成交额、换手率已提供）,False,2026-08-06,8.26,8.088,7.677499999999999,True,True,True,True,8.37,-1.3142174432496945,False,58.134190353819484,0.02056352404597206,-0.11813443386777976,0.27739591582750367,True,False,False,False,,,16.047006001845087,12.98272115902744,22.17557568748038,False,False,2026-07-29,6.0,True,193575.0,213767.6,0.9055394737088315,False,159704700.0,2.43,65.7220987654321,-0.8403361344537896,4.561824729891966,7.58710517746663,39.47368421052633,42.10526315789469,False,11.26,False,False,False,False,False,False
1308,002841,视源股份,C 制造业,腾讯前复权日K回退（成交额、换手率已提供）,False,2026-08-06,50.03,47.214000000000006,47.306,True,True,False,True,55.98,-10.628795998570912,False,64.55770728876502,1.6224025046850414,1.704342750219284,-0.16388049106848523,False,True,False,False,,,66.50813653231904,61.00902627104335,77.50635705487042,False,False,,,False,147705.0,140546.4,1.050934068748826,False,732974100.0,2.83,259.0014487632509,2.0395676116663264,5.608810932082398,5.758254766837196,22.54545454545445,77.45454545454554,True,55.98,False,False,False,False,False,False
1309,002842,翔鹭钨业,C 制造业,腾讯前复权日K回退（成交额、换手率已提供）,False,2026-08-06,36.98,32.424,32.4855,True,True,False,True,38.88,-4.886831275720179,False,55.921714638303754,-1.635933588249614,-2.3801435433791887,1.4884199102591493,True,False,False,False,2026-08-05,1.0,25.288388494327165,18.790244294978752,38.28467689302399,False,False,2026-08-04,2.0,True,735436.0,311982.2,2.3573011537196673,True,2664112300.0,27.39,97.26587440671777,7.002314814814792,7.552083333333331,13.835403487709886,34.48275862068988,65.51724137931012,False,54.44,False,False,False,False,False,True
1310,002843,泰嘉股份,C 制造业,腾讯前复权日K回退（成交额、换手率已提供）,False,2026-08-06,16.36,15.744,17.731,True,False,False,True,24.19,-32.36874741628773,False,38.87989696082193,-1.5772404410653742,-1.5945784138467387,0.034675945562729016,True,False,True,False,,,10.177317945765958,8.9189019476881,12.694149941921676,False,False,2026-08-05,1.0,True,83926.0,115812.2,0.7246732209559961,False,136330300.0,3.35,40.695611940298505,0.5531653349723387,3.3804548248309816,-7.732220404940511,25.454545454545524,74.54545454545448,True,29.93,False,False,False,False,False,False
1311,002845,同兴达,C 制造业,腾讯前复权日K回退（成交额、换手率已提供）,False,2026-08-06,12.74,12.412,12.935999999999998,True,False,False,True,17.5,-27.199999999999996,False,43.930560995723006,-0.6891343784509569,-0.7953288646350435,0.2123889723681731,True,False,False,False,2026-08-05,1.0,19.774454089287214,16.826246097645186,25.67087007257127,False,False,2026-08-04,2.0,True,86379.0,85123.2,1.0147527348595917,False,109718000.0,3.45,31.80231884057971,0.7114624505928813,2.7667984189723294,-1.5151515151514996,31.4285714285713,68.57142857142871,False,17.5,False,False,False,False,False,False
1312,002846,英联股份,C 制造业,腾讯前复权日K回退（成交额、换手率已提供）,False,2026-08-06,10.61,10.592,9.834999999999999,True,True,True,False,11.1,-4.414414414414416,False,53.7135977104268,-0.07734441198991426,-0.30562958359122017,0.4565703432026118,True,False,False,False,2026-07-23,10.0,19.3077677354262,17.005584410347623,23.912134385583357,False,False,2026-07-23,10.0,True,114549.0,200036.8,0.5726396343072875,False,121931700.0,4.4,27.71175,-0.7483629560336769,3.5547240411599534,7.880020335536354,57.89473684210511,36.84210526315767,False,15.06,False,True,False,False,False,False
1313,002847,盐津铺子,C 制造业,腾讯前复权日K回退（成交额、换手率已提供）,False,2026-08-06,49.9,51.066,48.791000000000004,False,True,True,False,53.84,-7.317979197622594,False,51.89189190729918,0.6763864153341714,0.3301309860416376,0.6925108585850677,True,False,False,False,,,42.08636284797334,42.31501581200589,41.62905691990825,False,True,,,False,34944.0,50626.6,0.6902300371741338,False,174634700.0,1.43,122.12216783216783,-1.3248961835080175,2.4520466679849755,2.2729601770818277,0.0,29.032258064516036,False,60.87,False,True,False,False,False,False
1314,002848,高斯贝尔,C 制造业,腾讯前复权日K回退（成交额、换手率已提供）,False,2026-08-06,12.76,12.594,12.593,True,True,True,True,14.02,-8.987161198288158,False,48.3204227314092,-0.3385995593786042,-0.4667950212643879,0.25639092377156736,True,False,False,False,2026-08-03,3.0,14.834001102857115,11.875980644310024,20.750042019951298,False,False,2026-08-03,3.0,True,63726.0,52964.8,1.203176449264417,False,81617800.0,3.85,21.19942857142857,0.23566378633148588,2.906520031421846,1.3261335662669722,45.9459459459458,43.24324324324317,False,17.92,False,False,False,False,False,False
1315,002849,威星智能,C 制造业,腾讯前复权日K回退（成交额、换手率已提供）,False,2026-08-06,16.09,14.64,14.1065,True,True,True,True,16.14,-0.30978934324659674,False,61.522907594686835,-0.22169645227333312,-0.5618242238772325,0.6802555432077988,True,False,False,False,2026-07-29,6.0,38.02245169151655,28.695590262009762,56.67617455053013,False,False,,,False,115858.0,54250.8,2.135599843688941,True,184158600.0,5.29,34.81258979206049,4.142394822006468,7.1844660194174725,14.060893914153045,19.819819819819728,80.18018018018027,True,19.74,False,False,False,False,False,False
1316,002850,科达利,C 制造业,腾讯前复权日K回退（成交额、换手率已提供）,False,2026-08-06,179.0,181.52200000000002,181.6845,False,False,False,True,208.46,-14.1322076177684,False,46.647778249476964,-3.190985464541825,-3.627822010282642,0.873673091481634,True,False,False,False,2026-08-05,1.0,30.917916553485515,34.89885637174231,22.956036916971925,False,False,,,False,46838.0,48395.6,0.9678152559323575,False,838860200.0,2.23,376.17049327354266,-2.6962383126766687,3.3322461404653154,-1.4775613770024487,13.703099510603655,35.72593800978792,False,237.77,False,True,False,False,True,False
1317,002851,麦格米特,C 制造业,腾讯前复权日K回退（成交额、换手率已提供）,False,2026-08-06,121.3,109.982,129.5845,True,False,False,True,176.5,-31.274787535410763,False,46.332615952310306,-10.975546443318649,-10.23001236580751,-1.4910681550222762,False,True,False,False,,,20.850945738145835,19.140631748889053,24.271573716659397,True,False,,,False,339434.0,346232.6,0.9803640673928452,False,4028469400.0,6.9,583.8361449275362,4.12017167381975,9.330472103004297,-6.393125721054598,19.04323827046924,80.95676172953075,True,189.95,False,False,False,False,False,True
1318,002852,道道全,C 制造业,腾讯前复权日K回退（成交额、换手率已提供）,False,2026-08-06,7.77,7.773999999999999,7.539,False,True,True,True,7.97,-2.509410288582185,False,55.73900402805529,0.042312721551547305,-0.01698598852009961,0.11859742014329383,True,False,False,False,2026-07-27,8.0,23.756798278293676,20.821289257774605,29.62781631933182,False,False,2026-07-28,7.0,True,39905.0,39092.0,1.0207970940345852,False,30760700.0,1.4,21.97192857142857,0.6476683937823857,2.5906735751295358,3.0640668523676866,15.00000000000011,84.99999999999989,True,8.92,False,False,False,False,False,False
1319,002853,皮阿诺,C 制造业,腾讯前复权日K回退（成交额、换手率已提供）,False,2026-08-06,21.0,20.23,20.4745,True,True,False,True,24.6,-14.634146341463419,False,52.423302860621945,-0.44460814769255563,-0.6919363502155795,0.4946564050460478,True,False,False,False,2026-08-04,2.0,22.67449959995857,18.794006357393133,30.435486085089444,False,False,2026-08-03,3.0,True,11348.0,17221.6,0.6589399358944582,False,23612500.0,0.88,26.832386363636363,1.0101010101010166,3.463203463203475,2.5666072431561258,16.66666666666675,83.33333333333324,True,30.08,False,False,False,False,True,False
1320,002855,捷荣技术,C 制造业,腾讯前复权日K回退（成交额、换手率已提供）,False,2026-08-06,9.91,9.738000000000001,9.196,True,True,True,True,9.91,0.0,False,58.13554822523169,-0.015826187727753904,-0.19518928007870048,0.35872618470189316,True,False,False,False,2026-07-10,19.0,30.899639598358373,27.070495066585604,38.55792866190391,False,False,,,False,23480.0,32317.6,0.7265390994380772,False,23106900.0,0.95,24.32305263157895,1.0193679918450549,2.85423037716615,7.764245324053941,14.285714285714013,85.71428571428599,True,13.4,False,False,False,True,False,False
1321,002856,*ST美芝,E 建筑业,腾讯前复权日K回退（成交额、换手率已提供）,False,2026-08-06,15.44,15.046000000000001,14.3125,True,True,True,True,18.99,-18.6940494997367,False,49.56372707418425,-0.7591467669780059,-1.191099089296844,0.8639046446376764,True,False,False,False,2026-07-29,6.0,25.69045703928927,23.45170269869551,30.167965720476793,False,False,2026-07-28,7.0,True,55614.0,65882.8,0.8441353433673128,False,83813600.0,4.49,18.66672605790646,2.3872679045092715,5.835543766578255,7.877729257641917,15.909090909090958,84.09090909090904,True,28.34,False,False,False,False,True,False
1322,002857,三晖电气,C 制造业,腾讯前复权日K回退（成交额、换手率已提供）,False,2026-08-06,16.65,16.262,15.213,True,True,True,True,16.88,-1.3625592417061638,False,55.94863230081715,-0.12330004930849725,-0.4820267590951381,0.7174534195732817,True,False,False,False,2026-07-27,8.0,24.623156340351795,19.288235500368007,35.29299802031937,False,False,2026-07-27,8.0,True,27411.0,30511.8,0.8983737439285785,False,44909799.99999999,2.13,21.084413145539905,0.7259528130671322,2.8433151845129996,9.4458686649576,0.0,100.0,True,23.1,False,False,False,True,False,False
1323,002858,力盛体育,R 文化传播,腾讯前复权日K回退（成交额、换手率已提供）,False,2026-08-06,11.49,11.506,10.7615,False,True,True,True,11.8,-2.6271186440678007,False,55.881647305926826,0.005968820963362376,-0.20627931517572262,0.42449627227817,True,False,False,False,,,21.704940122076746,18.835533480919867,27.4437534043905,False,False,2026-07-23,10.0,True,34168.0,57731.4,0.5918442996359,False,39247500.0,2.32,16.917025862068968,-1.2037833190025826,3.267411865864151,6.769502392789113,21.052631578947345,42.10526315789469,False,17.37,False,True,False,False,True,False
1324,002859,洁美科技,C 制造业,腾讯前复权日K回退（成交额、换手率已提供）,False,2026-08-06,67.81,61.727999999999994,64.2055,True,True,False,True,87.62,-22.608993380506735,False,49.367478901723274,-4.890870566273861,-5.835234362705343,1.8887275928629634,True,False,False,False,2026-08-05,1.0,32.586417138947844,30.033230111953277,37.69279119293699,False,False,,,False,219621.0,280924.2,0.7817802809441123,False,1469382500.0,5.13,286.4293372319688,3.7484700122399017,9.164626682986528,5.614005030721669,24.874791318864713,75.12520868113529,True,115.91,False,False,False,False,False,True
1325,002860,星帅尔,C 制造业,腾讯前复权日K回退（成交额、换手率已提供）,False,2026-08-06,16.59,16.444,16.9875,True,False,False,False,19.88,-16.549295774647884,False,50.49277454795163,0.41144453562131034,0.6535307922083431,-0.4841725131740655,False,True,False,False,,,62.35820970810278,67.82969004572412,51.41524903286009,False,False,,,False,137528.0,239281.8,0.5747532825313083,False,225595300.0,4.0,56.398825,-0.6586826347305341,3.413173652694613,-2.3399558498896296,8.771929824561523,75.43859649122798,True,19.88,False,False,False,False,True,False
1326,002861,瀛通通讯,C 制造业,腾讯前复权日K回退（成交额、换手率已提供）,False,2026-08-06,16.51,15.592000000000002,16.313499999999998,True,True,False,True,22.3,-25.964125560538108,False,46.997877808391245,-1.0411991880535627,-1.1981167999855298,0.31383522386393414,True,False,False,False,2026-08-05,1.0,18.45096997144961,13.915497630907618,27.521914652533592,False,False,2026-08-04,2.0,True,63836.0,73089.0,0.8734009221633898,False,104788400.0,4.25,24.656094117647058,2.229102167182684,4.1486068111455,1.2045238606062703,28.358208955223617,71.64179104477638,True,23.7,False,False,False,False,False,False
1327,002862,实丰文化,C 制造业,腾讯前复权日K回退（成交额、换手率已提供）,False,2026-08-06,13.67,13.547999999999998,12.703999999999999,True,True,True,True,13.83,-1.1569052783803335,False,57.09000652147734,-0.028725064610053863,-0.29826115645414514,0.5390721836881825,True,False,False,False,,,25.96550840134601,22.200602403750107,33.495320396537814,False,False,,,False,32600.0,43277.6,0.7532765218034272,False,44576500.0,2.54,17.549803149606298,-0.5818181818181833,4.145454545454547,7.603904282115878,40.35087719298251,47.36842105263148,False,19.27,False,False,False,False,False,False
1328,002863,今飞凯达,C 制造业,腾讯前复权日K回退（成交额、换手率已提供）,False,2026-08-06,4.47,4.42,4.2705,True,True,True,True,4.5,-0.6666666666666722,False,55.20709364648591,-0.02020734643690858,-0.07374990559657588,0.1070851183193346,True,False,False,False,,,22.780561430604337,19.35805950396706,29.625565283878892,False,False,2026-07-27,8.0,True,251365.0,92745.8,2.710257499530976,True,111693400.0,4.19,26.657136038186156,1.5909090909090873,5.4545454545454595,4.671584123638907,45.83333333333343,54.16666666666657,False,5.68,False,False,False,False,True,False
1329,002864,盘龙药业,C 制造业,腾讯前复权日K回退（成交额、换手率已提供）,False,2026-08-06,21.29,21.072,21.5825,True,False,False,True,25.19,-15.482334259626843,False,49.84947352887275,-0.16025630793752654,-0.13814340045581988,-0.044225814963413324,False,True,False,False,,,29.836398643657343,28.112025357806303,33.28514521535942,False,False,,,False,29278.0,26419.0,1.1082175706877626,False,61916500.0,2.97,20.847306397306397,0.1882352941176446,1.552941176470597,-1.3552646820340573,3.030303030303487,96.96969696969651,True,25.19,False,False,False,False,False,False
1330,002865,钧达股份,C 制造业,腾讯前复权日K回退（成交额、换手率已提供）,False,2026-08-06,44.22,42.714,43.6985,True,True,False,True,55.94,-20.95101894887379,False,41.75067657805708,-3.9869656298904346,-5.1798630103387255,2.385794760896582,True,False,False,False,2026-07-27,8.0,7.981539972520584,6.7050375359921075,10.534544845577537,False,False,2026-08-03,3.0,True,84245.0,91875.2,0.9169503848699105,False,371028900.0,3.77,98.41615384615385,-0.18058690744920947,3.3634311512415236,1.1934048079453439,38.926174496644315,61.073825503355685,False,110.63,False,False,False,False,True,False
1331,002866,传艺科技,C 制造业,腾讯前复权日K回退（成交额、换手率已提供）,False,2026-08-06,15.42,15.252,14.511500000000002,True,True,True,True,15.92,-3.1407035175879394,False,51.299549555688785,-0.30434547013017976,-0.6202028069544522,0.6317146736485448,True,False,False,False,2026-07-20,13.0,11.570274303901913,9.925711162186849,14.859400587332043,False,False,2026-07-29,6.0,True,127024.0,156469.0,0.8118157590321405,False,195399400.0,7.01,27.87437945791726,-0.899742930591263,3.470437017994853,6.260551976019007,33.33333333333333,51.85185185185182,False,25.06,False,False,False,False,False,False
1332,002867,周大生,F 批发零售,腾讯前复权日K回退（成交额、换手率已提供）,False,2026-08-06,12.76,12.841999999999999,12.2695,False,True,True,True,13.06,-2.297090352220526,False,65.44413310600343,0.35213129209534344,0.31161615730018555,0.08103026959031578,True,False,False,False,,,80.34254294873988,77.73189783982538,85.56383316656886,False,False,,,False,72438.0,94324.4,0.7679667191097956,False,92354800.0,0.67,137.84298507462685,-0.0783085356303781,2.192638997650739,3.9977179184155753,60.71428571428583,35.71428571428567,False,13.06,False,True,False,False,True,False
1333,002868,绿康生化,C 制造业,腾讯前复权日K回退（成交额、换手率已提供）,False,2026-08-06,23.02,22.398,22.7535,True,True,False,True,25.44,-9.512578616352208,False,47.54894952850643,-0.7520999398069463,-0.9975420651039226,0.4908842505939526,True,False,False,False,,,7.606999646495784,6.5450522748786675,9.730894389730018,False,False,2026-08-04,2.0,True,20904.0,16795.0,1.244656147662995,False,47766800.0,1.95,24.49579487179487,1.0092145677929043,3.9052215884159747,1.1712483793702095,39.32584269662935,60.674157303370656,False,44.62,False,True,False,False,True,False
1334,002869,金溢科技,C 制造业,腾讯前复权日K回退（成交额、换手率已提供）,False,2026-08-06,16.16,15.912,14.891500000000002,True,True,True,True,17.12,-5.607476635514024,False,55.69818744198014,-0.13688903988216694,-0.48126633008073194,0.68875458039713,True,False,False,False,2026-07-27,8.0,20.037599884756883,17.46659274894861,25.179614156373425,False,False,2026-07-23,10.0,True,42818.0,36171.4,1.1837529097574326,False,69391900.0,2.72,25.511727941176467,0.7481296758104827,3.865336658354121,8.518282241547174,51.61290322580642,48.38709677419358,False,21.08,False,False,False,False,True,False
1335,002870,香山股份,C 制造业,腾讯前复权日K回退（成交额、换手率已提供）,False,2026-08-06,39.93,39.008,38.7455,True,True,True,True,42.98,-7.096323871568165,False,55.06746983138698,-0.0030889116195425004,-0.1510503583284005,0.295922893417716,True,False,False,False,2026-08-04,2.0,46.7704396631693,42.99501961492189,54.32127975966412,False,False,,,False,18188.0,25186.2,0.7221414901811309,False,72739400.0,1.4,51.95671428571429,0.8078767987881763,3.433476394849784,3.0571292150056135,53.676470588235084,46.323529411764916,False,44.14,False,False,False,False,True,False
1336,002871,伟隆股份,C 制造业,腾讯前复权日K回退（成交额、换手率已提供）,False,2026-08-06,16.53,15.956,16.4285,True,True,False,True,20.62,-19.835111542192045,False,45.87896585522136,-0.9878268505849128,-1.1936778449181513,0.411701988666477,True,False,False,False,2026-08-04,2.0,22.284620415856722,18.859432057654082,29.134997132262,False,False,2026-08-04,2.0,True,33281.0,41967.8,0.7930127383374873,False,55054500.0,2.23,24.688116591928253,-0.6610576923076872,3.6658653846153815,0.617828773168588,54.09836065573748,45.90163934426252,False,23.76,False,True,False,False,True,False
1337,002872,ST天圣,C 制造业,腾讯前复权日K回退（成交额、换手率已提供）,False,2026-08-06,5.22,5.066,4.8740000000000006,True,True,True,True,5.13,1.7543859649122777,True,63.657501529780745,0.04967312151464398,-0.0014426171660003942,0.10223147736128875,True,False,False,False,2026-07-27,8.0,56.94461008968227,50.15627706544003,70.52127613816675,False,False,,,False,30452.0,18070.2,1.6852054764197406,False,15684600.0,1.42,11.045492957746479,3.1620553359683834,3.5573122529644388,7.0988920804267375,11.11111111111133,88.88888888888867,True,5.59,False,False,False,False,True,False
1338,002873,新天药业,C 制造业,腾讯前复权日K回退（成交额、换手率已提供）,False,2026-08-06,7.9,7.81,7.6995000000000005,True,True,True,True,8.51,-7.168037602820205,False,53.532874054715954,-0.03377135417819854,-0.09798802303358246,0.12843333771076784,True,False,False,False,2026-07-28,7.0,12.57337940854692,11.107925055790588,15.504288114059584,False,False,2026-07-31,4.0,True,64376.0,61952.0,1.0391270661157024,False,50402700.00000001,2.69,18.737063197026025,1.2820512820512997,1.9230769230769278,2.604065199038897,0.0,100.0,True,10.03,False,False,False,False,False,False
1339,002875,安奈儿,C 制造业,腾讯前复权日K回退（成交额、换手率已提供）,False,2026-08-06,14.01,13.098000000000003,12.359,True,True,True,True,14.22,-1.4767932489451536,False,56.59200945313806,-0.5121155154062222,-0.9653441077869936,0.9064571847615428,True,False,False,False,2026-07-24,9.0,16.374441730462028,12.855794463212547,23.411736264960993,False,False,,,False,85998.0,41492.4,2.072620528096712,True,119159700.0,4.05,29.42214814814815,3.931750741839757,5.192878338278939,13.358685977829921,20.00000000000005,79.99999999999994,True,25.68,False,False,False,False,False,False
1340,002876,三利谱,C 制造业,腾讯前复权日K回退（成交额、换手率已提供）,False,2026-08-06,27.55,26.936,26.9415,True,True,False,True,33.69,-18.22499257940041,False,47.95515843094815,-0.8857853871202899,-1.1740121992400363,0.5764536242394929,True,False,False,False,2026-07-31,4.0,32.650397218564926,29.725375764107653,38.500440127479465,False,False,,,False,29988.0,33693.6,0.8900206567419332,False,83008100.0,2.01,41.29756218905473,-0.25343953656770113,2.6068066618392427,2.2585973312547534,65.27777777777773,34.72222222222228,False,35.54,False,False,False,False,True,False
1341,002877,智能自控,C 制造业,腾讯前复权日K回退（成交额、换手率已提供）,False,2026-08-06,7.23,7.164,6.911,True,True,True,True,7.26,-0.41322314049585895,False,54.85206875770978,-0.05090341152834643,-0.14712923993619237,0.19245165681569187,True,False,False,False,2026-07-23,10.0,25.197589359236076,21.398675641994846,32.79541679371854,False,False,2026-07-23,10.0,True,52847.0,49625.0,1.064926952141058,False,37974200.0,2.2,17.261,0.5563282336578546,2.086230876216973,4.61582983649256,13.333333333333016,86.66666666666698,True,9.48,False,False,False,False,False,False
1342,002878,元隆雅图,L 商务服务,腾讯前复权日K回退（成交额、换手率已提供）,False,2026-08-06,12.53,12.437999999999999,11.6055,True,True,True,True,12.71,-1.416207710464213,False,57.72762485845306,-0.0004327792066316505,-0.261647654610132,0.5224297508070007,True,False,False,False,,,17.095847861429487,14.366457488132541,22.554628608023375,False,False,2026-07-28,7.0,True,61570.0,81284.2,0.7574657805575992,False,77074400.0,2.61,29.530421455938697,-0.5555555555555536,3.650793650793658,7.966050579466634,34.78260869565214,52.173913043478215,False,20.22,False,False,False,False,True,False
1343,002879,长缆科技,C 制造业,腾讯前复权日K回退（成交额、换手率已提供）,False,2026-08-06,18.0,17.98,15.737,True,True,True,True,20.86,-13.7104506232023,False,59.33913695516081,1.124507405836333,0.8223580920804303,0.6042986275118052,True,False,False,False,,,57.08292673895227,53.40322339836056,64.44233342013568,False,False,,,False,290772.0,363847.4,0.799159207953664,False,523938900.0,21.2,24.714099056603775,-5.312993161493962,6.102051551814835,14.380123276355086,5.172413793103337,24.137931034482854,False,20.86,False,False,False,False,True,False
1344,002880,卫光生物,C 制造业,腾讯前复权日K回退（成交额、换手率已提供）,False,2026-08-06,20.08,20.278,20.288999999999998,False,False,False,True,22.18,-9.467989179440945,False,45.506480041481844,-0.39722616139540534,-0.5644542148592477,0.3344561069276848,True,False,False,False,2026-07-31,4.0,17.92876542714005,15.32380584616547,23.13868458908921,False,False,2026-07-29,6.0,True,33693.0,18640.6,1.8075061961524845,True,67936900.0,1.49,45.59523489932886,-4.106972301814727,3.915950334288444,-1.030114840553993,3.658536585365991,18.292682926829087,False,26.99,False,True,True,False,False,False
1345,002881,美格智能,C 制造业,腾讯前复权日K回退（成交额、换手率已提供）,False,2026-08-06,38.13,36.838,38.011,True,True,False,True,43.86,-13.064295485636107,False,50.051004917630735,-0.5972494664589192,-0.6193418332329188,0.04418473354799923,True,False,True,False,,,21.962621997795992,20.357047177204144,25.173771638979687,True,False,,,False,72991.0,93380.0,0.781655600771043,False,277258900.0,3.99,69.48844611528821,0.686559281753385,3.802482175864795,0.31306727000078866,38.888888888888616,61.111111111111384,False,49.89,False,False,False,False,False,False
1346,002882,金龙羽,C 制造业,腾讯前复权日K回退（成交额、换手率已提供）,False,2026-08-06,21.97,22.916,18.96,False,True,True,True,24.82,-11.482675261885582,False,60.776121812642565,0.8983103866853064,0.18077640286606228,1.435067967638488,True,False,False,False,2026-07-21,12.0,41.036814570819054,36.07725263889489,50.95593843466739,False,False,,,False,187024.0,247883.0,0.7544849788004825,False,419821400.0,7.58,55.38540897097626,-4.2284219703574655,7.061900610287696,15.875527426160327,47.53086419753092,7.407407407407261,False,26.8,False,True,False,False,False,False
1347,002883,*ST中设,M 科研服务,腾讯前复权日K回退（成交额、换手率已提供）,False,2026-08-06,8.67,8.588,8.462,True,True,True,True,8.82,-1.7006802721088474,False,53.20976027439049,-0.03731174843698781,-0.09213883495609163,0.10965417303820763,True,False,False,False,2026-07-24,9.0,23.608599463727757,20.998011332337644,28.829775726507982,False,False,2026-07-27,8.0,True,14268.0,12191.6,1.170313986679353,False,12302100.0,0.93,13.228064516129031,1.4035087719298067,2.807017543859651,2.4580477428503924,25.000000000000185,74.99999999999982,True,10.43,False,False,False,False,False,False
1348,002884,凌霄泵业,C 制造业,腾讯前复权日K回退（成交额、换手率已提供）,False,2026-08-06,16.23,16.288,16.134999999999998,False,True,True,False,16.55,-1.9335347432024186,False,52.09639533239291,0.08036617249377542,0.0629215633285672,0.034889218330416444,True,False,False,False,,,40.804757899171285,41.15002476585784,40.11422416579818,False,True,,,False,16886.0,23040.8,0.7328738585465783,False,27275000.0,0.62,43.99193548387096,-0.12307692307692575,1.0461538461538566,0.5887821506042915,11.764705882352573,88.23529411764743,True,17.95,False,False,False,True,False,False
1349,002885,京泉华,C 制造业,腾讯前复权日K回退（成交额、换手率已提供）,False,2026-08-06,26.86,24.934000000000005,26.3805,True,True,False,True,36.06,-25.513033832501392,False,43.63123263155636,-3.0191239868059547,-3.6169911399716517,1.1957343063313939,True,False,False,False,2026-08-04,2.0,12.424712673135735,10.388002760402053,16.4981324986031,False,False,2026-08-05,1.0,True,154658.0,165356.2,0.9353020932991928,False,409812699.99999994,6.52,62.85470858895705,2.558228331424206,5.42191676212294,1.8176304467314799,20.422535211267572,79.57746478873243,True,55.77,False,False,False,False,False,False
1350,002886,沃特股份,C 制造业,腾讯前复权日K回退（成交额、换手率已提供）,False,2026-08-06,19.19,18.258000000000003,18.6455,True,True,False,True,23.88,-19.63986599664991,False,43.23792772411059,-1.7547715317802641,-2.2035586802028915,0.8975742968452547,True,False,False,False,2026-07-31,4.0,15.438352956968506,12.911904483242521,20.491249904420474,False,False,2026-08-04,2.0,True,95180.0,94969.8,1.002213335186554,False,180796000.0,4.55,39.73538461538462,1.4806980433633044,3.543098889476458,2.920275669732659,4.47761194029816,95.52238805970184,True,34.75,False,False,False,False,False,False
1351,002887,绿茵生态,N 公共环保,腾讯前复权日K回退（成交额、换手率已提供）,False,2026-08-06,10.76,9.968,9.8015,True,True,True,True,11.08,-2.8880866425992804,False,58.180922184932804,-0.20426416126096392,-0.37868054664206213,0.34883277076219643,True,False,False,False,2026-07-21,12.0,19.151819170604437,14.486282687096505,28.482892137620297,False,False,2026-08-04,2.0,True,109260.0,51451.8,2.1235408673749023,True,116725800.0,5.03,23.205924453280314,5.180840664711628,10.459433040078203,9.779115441514042,40.186915887850425,59.813084112149575,False,15.7,False,False,False,False,True,False
1352,002888,惠威科技,C 制造业,腾讯前复权日K回退（成交额、换手率已提供）,False,2026-08-06,17.71,16.612000000000002,16.072,True,True,True,True,19.0,-6.789473684210521,False,54.728755819465036,-0.5993010503535956,-0.9896999344882004,0.7807977682692095,True,False,False,False,2026-07-30,5.0,27.935478737036515,22.58808547659837,38.630265257912804,False,False,2026-07-23,10.0,True,29010.0,31685.4,0.9155636349864607,False,50422200.0,3.87,13.028992248062014,2.547770700636942,4.863925883034162,10.191637630662031,10.7142857142857,89.2857142857143,True,25.61,False,False,False,False,False,False
1353,002889,东方嘉盛,L 商务服务,腾讯前复权日K回退（成交额、换手率已提供）,False,2026-08-06,12.23,12.122,11.7125,True,True,True,False,13.57,-9.87472365512159,False,57.61794013088557,0.21534740262412022,0.1439541210018716,0.14278656324449723,True,False,False,False,2026-07-28,7.0,53.05595495900038,50.68081414745023,57.80623658210068,False,False,,,False,84901.0,111580.0,0.7608980103961284,False,103038600.0,3.38,30.484792899408284,-0.4071661237784907,2.76872964169381,4.418356456776948,20.58823529411774,79.41176470588226,True,14.11,False,False,False,False,True,False
1354,002890,弘宇股份,C 制造业,腾讯前复权日K回退（成交额、换手率已提供）,False,2026-08-06,14.1,13.431999999999999,13.157,True,True,True,True,14.86,-5.114401076716015,False,55.70809207276054,-0.2264095472098564,-0.41413450628957793,0.37544991815944306,True,False,False,False,2026-07-29,6.0,31.914974490833874,27.264901983328816,41.215119505843994,False,False,2026-07-27,8.0,True,32060.0,19137.0,1.6752887077389351,False,44567000.0,1.99,22.395477386934672,4.910714285714279,5.580357142857143,7.167287375541534,11.999999999999982,88.00000000000003,True,17.79,False,False,False,False,True,False
1355,002891,中宠股份,C 制造业,腾讯前复权日K回退（成交额、换手率已提供）,False,2026-08-06,31.02,31.971999999999998,29.972,False,True,True,False,34.68,-10.553633217993081,False,54.68499104293627,0.968752662014591,0.8055635722152108,0.32637817959876037,True,False,False,False,,,35.73496781593656,35.76089807125225,35.68310730530517,False,True,,,False,142914.0,190150.6,0.751583218775013,False,442127400.0,4.44,99.57824324324324,-1.9595448798988668,3.8242730720606852,3.496596823702116,1.6528925619834347,50.41322314049579,False,34.68,False,False,False,False,True,False
1356,002892,科力尔,C 制造业,腾讯前复权日K回退（成交额、换手率已提供）,False,2026-08-06,9.67,9.760000000000002,9.269,False,True,True,True,10.02,-3.4930139720558846,False,54.30114914054589,0.03204287471249678,-0.09473083350826826,0.2535474164415301,True,False,False,False,,,29.585352065006145,26.051084531044413,36.653887132929604,False,False,2026-07-29,6.0,True,88816.0,80996.4,1.0965425623854888,False,86722300.0,1.77,48.99564971751413,-2.224469160768461,2.9322548028311335,4.326248786276834,41.37931034482744,3.4482758620689022,False,12.33,False,True,False,False,True,False
1357,002893,京能热力,D 水电煤气,腾讯前复权日K回退（成交额、换手率已提供）,False,2026-08-06,9.79,9.734,9.502,True,True,True,True,9.97,-1.8054162487462535,False,53.23603149849051,-0.034388764497435886,-0.11672630552123096,0.16467508204759015,True,False,False,False,2026-07-09,20.0,17.672003337231903,15.949210448082702,21.117589115530308,False,False,2026-07-29,6.0,True,61430.0,66026.0,0.9303910580680338,False,59740600.00000001,3.03,19.7163696369637,0.6166495375128367,1.5416238437821024,3.030940854556919,0.0,100.0,True,12.99,False,False,False,False,False,False
1358,002895,川恒股份,C 制造业,腾讯前复权日K回退（成交额、换手率已提供）,False,2026-08-06,34.89,34.382,32.759499999999996,True,True,True,False,35.88,-2.759197324414721,False,60.48446035647867,0.9766581609560845,0.8210958966233148,0.3111245286655393,True,False,False,False,2026-07-15,16.0,57.709245459637465,55.679004631118886,61.76972711667463,False,False,,,False,54531.0,76621.4,0.7116941220076898,False,191316000.0,0.91,210.23736263736262,0.43177892918824234,2.648244099021306,6.50345701246968,65.21739130434786,34.78260869565214,False,36.1,False,False,False,False,True,False
1359,002896,中大力德,C 制造业,腾讯前复权日K回退（成交额、换手率已提供）,False,2026-08-06,78.61,74.128,67.661,True,True,True,True,80.0,-1.737500000000001,False,60.75036954373581,-0.20003709741811804,-2.478180832160001,4.556287469483766,True,False,False,False,2026-08-03,3.0,43.16385350814566,30.336163911152642,68.8192327021317,False,False,2026-07-31,4.0,True,181022.0,143656.2,1.2601057246397998,False,1426521500.0,9.21,154.88832790445167,-0.39280283831728546,5.600608210846429,16.18214333220023,40.95022624434393,59.049773755656076,False,95.28,False,False,False,False,True,False
1360,002897,意华股份,C 制造业,腾讯前复权日K回退（成交额、换手率已提供）,False,2026-08-06,56.75,53.306,61.727500000000006,True,False,False,True,91.0,-37.637362637362635,False,41.49315360523165,-6.7705487396468556,-6.753313413173997,-0.03447065294571772,False,True,False,False,,,9.313433285613344,8.273153912624057,11.393992031591921,True,False,2026-08-06,0.0,True,107340.0,126580.8,0.8479959045921657,False,602838800.0,5.82,103.58054982817869,2.0683453237410054,5.719424460431654,-8.063666923170395,22.32704402515726,77.67295597484274,True,104.0,False,False,False,False,False,False
1361,002899,英派斯,C 制造业,腾讯前复权日K回退（成交额、换手率已提供）,False,2026-08-06,20.38,19.384,18.9815,True,True,True,True,21.0,-2.952380952380957,False,52.64620337795348,-0.8074897002848935,-1.2448032439388492,0.8746270873079114,True,False,False,False,2026-07-28,7.0,14.051723826048777,11.035475376895983,20.084220724354363,False,False,2026-07-31,4.0,True,46452.0,41998.6,1.1060368678955965,False,93898700.00000001,3.14,29.90404458598727,4.4057377049180335,6.762295081967215,7.367700129073036,18.18181818181833,81.81818181818167,True,33.04,False,True,False,False,True,False
1362,002900,哈三联,C 制造业,腾讯前复权日K回退（成交额、换手率已提供）,False,2026-08-06,12.25,12.018,11.3705,True,True,True,True,13.61,-9.992652461425418,False,57.27398612368762,0.5393289216146968,0.4617062200434169,0.15524540314255986,True,False,False,False,,,69.67927323687515,66.19528817660914,76.64724335740718,False,False,,,False,293590.0,247884.2,1.1843836759260977,False,360440800.0,18.22,19.78270032930845,-3.6191974822974093,4.563335955940205,7.734928103425533,39.655172413793174,32.75862068965508,False,13.61,False,False,False,False,True,True
1363,002901,大博医疗,C 制造业,腾讯前复权日K回退（成交额、换手率已提供）,False,2026-08-06,43.28,43.160000000000004,44.517999999999994,True,False,False,False,48.74,-11.20229790726303,False,47.673618010835675,-0.02541794643810391,0.24613235679028914,-0.543100606456786,False,True,False,False,,,44.744732213071494,46.53352236369086,41.16715191183276,False,False,,,False,19764.0,17539.8,1.1268087435432559,False,85126700.0,0.69,123.37202898550726,-0.32243205895901017,1.8885306310456016,-2.780897614448072,14.634146341463097,68.29268292682951,False,48.74,False,False,False,False,False,False
1364,002902,铭普光磁,C 制造业,腾讯前复权日K回退（成交额、换手率已提供）,False,2026-08-06,24.07,22.93,22.927,True,True,True,True,28.94,-16.8279198341396,False,48.792401422038324,-1.4342279439767864,-2.007941863932833,1.1474278399120932,True,False,False,False,2026-07-31,4.0,18.889167075637427,15.906242287710468,24.855016651491344,False,False,2026-08-03,3.0,True,302070.0,256596.8,1.177216551414515,False,719793100.0,17.01,42.31587889476778,1.8620397799407495,5.8400338552687225,4.98538840668208,22.463768115941953,77.53623188405805,True,43.03,False,False,False,False,False,False
1365,002903,宇环数控,C 制造业,腾讯前复权日K回退（成交额、换手率已提供）,False,2026-08-06,27.39,25.092,25.557499999999997,True,True,False,True,38.85,-29.4980694980695,False,44.69829619734171,-3.527844718735036,-4.4857690876140115,1.9158487377579512,True,False,False,False,2026-07-30,5.0,15.935464923201385,13.029850087518684,21.746694594566787,False,False,2026-08-04,2.0,True,180635.0,170447.6,1.0597685153677727,False,492603800.0,16.93,29.096503248671,4.7418738049713305,7.8393881453154775,7.170106622322228,37.07317073170727,62.92682926829273,False,54.9,False,False,False,False,False,False
1366,002905,金逸影视,R 文化传播,腾讯前复权日K回退（成交额、换手率已提供）,False,2026-08-06,7.67,7.545999999999999,7.3035,True,True,True,True,7.97,-3.7641154328732727,False,57.95005797997244,0.042094769382938324,-0.03697689999832752,0.15814333876253167,True,False,False,False,,,18.891894213471964,16.423975233645532,23.82773217312483,False,False,2026-07-29,6.0,True,46356.0,47573.0,0.9744182624597987,False,35329900.0,1.33,26.563834586466164,0.9210526315789558,3.552631578947375,5.0181419867187005,40.74074074074079,59.25925925925921,False,9.59,False,True,False,False,True,False
1367,002906,华阳集团,C 制造业,腾讯前复权日K回退（成交额、换手率已提供）,False,2026-08-06,26.31,26.060000000000002,24.387,True,True,True,True,27.06,-2.771618625277162,False,58.6479806303936,0.12981946111645826,-0.3151773013837315,0.8899935250003795,True,False,False,False,2026-07-21,12.0,34.30697416721534,28.906358031050427,45.10820643954515,False,False,,,False,53389.0,67680.0,0.7888445626477542,False,141736600.0,1.02,138.95745098039214,-1.4606741573033766,2.58426966292134,7.885348751383926,71.01449275362319,1.449275362318557,False,32.68,False,True,False,False,True,False
1368,002907,华森制药,C 制造业,腾讯前复权日K回退（成交额、换手率已提供）,False,2026-08-06,13.0,12.974,13.2035,True,False,False,True,15.13,-14.077990746860547,False,49.14148347499593,-0.12361383517201929,-0.13069892177049547,0.014170173196952351,True,False,True,False,,,41.27261297186879,38.61850764567046,46.580823624265435,False,False,,,False,35991.0,40938.2,0.8791544327791647,False,46675600.00000001,1.07,43.62205607476636,-0.45941807044410643,2.0673813169984654,-1.5412579997727878,11.11111111111089,55.55555555555578,False,15.13,False,False,False,False,False,False
1369,002908,德生科技,I 信息技术,腾讯前复权日K回退（成交额、换手率已提供）,False,2026-08-06,7.35,7.0760000000000005,6.565,True,True,True,True,7.58,-3.034300791556734,False,64.48886284430097,0.1058937784415157,-0.04071657319320811,0.2932207032694476,True,False,False,False,,,31.915499790070726,23.699041733872537,48.3484159024671,False,False,2026-07-28,7.0,True,279549.0,78309.4,3.569801326532958,True,206022100.0,8.69,23.70795166858458,-3.034300791556732,6.200527704485484,11.957349581111945,31.91489361702118,29.78723404255314,False,8.55,False,False,False,False,True,True
1370,002909,集泰股份,C 制造业,腾讯前复权日K回退（成交额、换手率已提供）,False,2026-08-06,5.04,4.934,4.6845,True,True,True,True,5.06,-0.3952569169960391,False,56.72615267166136,-0.040661115340559384,-0.1346596010227103,0.18799697136430182,True,False,False,False,2026-07-24,9.0,25.611243015175194,21.706591376719683,33.42054629208622,False,False,2026-07-23,10.0,True,52201.0,60044.2,0.8693762261800474,False,26092700.0,1.37,19.045766423357662,1.6129032258064502,2.822580645161284,7.5888568683957764,7.1428571428570065,92.85714285714299,True,7.16,False,False,False,False,False,False
1371,002910,庄园牧场,C 制造业,腾讯前复权日K回退（成交额、换手率已提供）,False,2026-08-06,9.14,8.852,8.706,True,True,True,True,12.68,-27.917981072555197,False,48.83109664244835,-0.43329376715752765,-0.5841667673320978,0.30174600034914034,True,False,False,False,2026-08-03,3.0,22.994787803192395,18.928310746843184,31.127741915890816,False,False,2026-07-29,6.0,True,66782.0,125839.0,0.5306939819928639,False,60297100.0,3.9,15.460794871794873,1.5555555555555545,2.9999999999999956,4.9850677693544805,14.814814814814522,85.18518518518547,True,13.41,False,True,False,False,True,False
1372,002911,佛燃能源,D 水电煤气,腾讯前复权日K回退（成交额、换手率已提供）,False,2026-08-06,11.2,11.416,10.9295,False,True,True,False,11.76,-4.761904761904766,False,54.66928075191616,0.25966099792104025,0.21751092019443058,0.08430015545321934,True,False,False,False,,,34.42342685836393,34.6685260207802,33.93322853353139,False,True,,,False,63348.0,79815.0,0.7936853974816763,False,70993300.0,0.5,141.9866,-0.972590627763048,2.2988505747126418,2.4749531085593888,30.76923076923082,49.99999999999966,False,12.31,False,False,False,True,False,False
1373,002912,中新赛克,I 信息技术,腾讯前复权日K回退（成交额、换手率已提供）,False,2026-08-06,20.93,20.456,18.4615,True,True,True,True,22.4,-6.562499999999995,False,63.04862408493273,0.4477859886245916,-0.07666076663941301,1.0488935105280093,True,False,False,False,,,36.34741060396695,28.03534845130925,52.97153490928235,False,False,,,False,121563.0,66194.0,1.8364655406834456,True,256215400.0,7.49,34.207663551401865,-5.720720720720718,4.7297297297297325,13.371069523061498,48.57142857142835,35.238095238095305,False,24.68,False,False,False,True,False,True
1374,002913,奥士康,C 制造业,腾讯前复权日K回退（成交额、换手率已提供）,False,2026-08-06,50.38,44.653999999999996,45.0815,True,True,False,True,57.4,-12.22996515679442,False,54.38863454524365,-2.5016800225690403,-3.551222849117531,2.0990856530969815,True,False,False,False,2026-08-04,2.0,30.09931852835402,23.063572810286875,44.170809964488306,False,False,,,False,99508.0,82930.2,1.1999006393328366,False,495165400.0,3.26,151.89122699386502,5.133555926544231,8.91068447412353,11.753158169093762,22.950819672131097,77.04918032786891,True,70.66,False,False,False,False,False,True
1375,002915,中欣氟材,C 制造业,腾讯前复权日K回退（成交额、换手率已提供）,False,2026-08-06,18.65,16.942,16.398500000000002,True,True,True,True,18.95,-1.5831134564643838,False,58.688680652396954,-0.5342431252412005,-0.9093777113043444,0.7502691721262877,True,False,False,False,2026-07-31,4.0,24.78593690377765,18.299190169581426,37.759430372170094,False,False,2026-07-23,10.0,True,255709.0,62620.8,4.0834515049312685,False,459944900.0,8.88,51.79559684684684,10.029498525073732,11.386430678466075,13.729914321431815,0.0,100.0,True,25.41,False,True,False,False,False,True
1376,002916,深南电路,C 制造业,腾讯前复权日K回退（成交额、换手率已提供）,False,2026-08-06,353.99,329.204,345.225,True,True,False,True,459.8,-23.01217920835146,False,49.830755859980606,-17.990093998927875,-20.75478037736853,5.529372756881308,True,False,False,False,2026-08-05,1.0,46.30859801336803,42.75260248626796,53.42058906756816,False,False,,,False,107346.0,126560.4,0.8481799994311017,False,3801472700.0,1.61,2361.163167701863,1.3775130305286654,8.365313019073268,2.5389238902165214,45.532351934269066,54.467648065730934,False,484.57,False,False,False,False,False,True
1377,002917,金奥博,C 制造业,腾讯前复权日K回退（成交额、换手率已提供）,False,2026-08-06,10.55,10.422,9.987,True,True,True,True,10.54,0.09487666034157081,True,54.41689198348646,-0.1147115587042915,-0.2794560071873715,0.32948889696616,True,False,False,False,,,17.722761451740094,14.928598193859562,23.311087967501155,False,False,2026-07-27,8.0,True,35068.0,30422.2,1.1527108493139877,False,36838600.0,1.35,27.28785185185185,1.24760076775432,2.1113243761996054,5.6373285270852165,22.72727272727236,77.27272727272764,True,15.0,False,True,False,False,True,False
1378,002918,蒙娜丽莎,C 制造业,腾讯前复权日K回退（成交额、换手率已提供）,False,2026-08-06,9.76,9.538,9.118,True,True,True,True,9.75,0.10256410256410037,True,52.52856793167923,-0.1970609951811806,-0.3964766800948765,0.39883136982739187,True,False,False,False,2026-07-16,15.0,14.401937753242066,12.539634700211593,18.126543859303013,False,False,,,False,122611.0,120491.2,1.017592986043794,False,118960000.0,5.72,20.797202797202797,1.349948078920038,3.3229491173416434,7.041017767054172,21.87500000000007,78.12499999999993,True,18.55,False,False,False,True,True,False
1379,002919,名臣健康,I 信息技术,腾讯前复权日K回退（成交额、换手率已提供）,False,2026-08-06,17.5,17.062,17.0125,True,True,True,True,20.28,-13.708086785009868,False,48.6312225945295,-0.6964055528938324,-0.9541219064220983,0.5154327070565317,True,False,False,False,2026-08-03,3.0,15.943242798059751,12.572249094938305,22.685230204302645,False,False,2026-08-03,3.0,True,36791.0,47140.0,0.7804624522698346,False,64105500.0,1.39,46.119064748201446,0.0,3.885714285714284,2.865540044085236,29.41176470588226,70.58823529411774,True,27.32,False,True,False,False,True,False
1380,002920,德赛西威,C 制造业,腾讯前复权日K回退（成交额、换手率已提供）,False,2026-08-06,93.3,93.602,86.416,False,True,True,True,96.8,-3.6157024793388435,False,59.3264243506504,1.7256727771366656,0.18540440693965543,3.0805367403940203,True,False,False,False,,,41.64882795400808,36.0087732290608,52.92893740390262,False,False,2026-07-28,7.0,True,118542.0,122097.8,0.9708774441472328,False,1119230200.0,1.99,562.4272361809045,-2.7922483850802315,3.9383204834340497,7.966117385669322,7.936507936507859,21.164021164021083,False,114.96,False,False,False,False,True,False
1381,002921,联诚精密,C 制造业,腾讯前复权日K回退（成交额、换手率已提供）,False,2026-08-06,22.98,21.983999999999998,22.285500000000003,True,True,False,True,28.6,-19.650349650349654,False,50.173178547772075,-0.9651168512299435,-1.2813000425623886,0.6323663826648902,True,False,False,False,2026-08-04,2.0,22.49105819143077,17.367250033909034,32.73867450647425,False,False,,,False,58937.0,117357.4,0.5022009690057891,False,135080500.0,4.59,29.42930283224401,-0.30368763557483414,3.817787418655109,3.1163761190011345,42.04545454545453,57.95454545454546,False,32.52,False,False,False,False,True,True
1382,002922,伊戈尔,C 制造业,腾讯前复权日K回退（成交额、换手率已提供）,False,2026-08-06,25.26,24.704,24.767999999999997,True,True,False,True,29.97,-15.715715715715708,False,43.8723768091473,-1.723288022421567,-2.2926641168658035,1.138752188888473,True,False,False,False,2026-07-27,8.0,14.636525975558845,12.918776959028248,18.072024008620037,False,False,2026-08-03,3.0,True,149239.0,161074.6,0.926521003311509,False,376663200.0,3.96,95.1169696969697,-1.6738030362008605,2.491241728298951,1.98643410852715,29.68750000000017,51.56250000000024,False,48.57,False,False,False,False,False,False
1383,002923,润都股份,C 制造业,腾讯前复权日K回退（成交额、换手率已提供）,False,2026-08-06,10.8,10.682,10.733,True,True,False,True,12.14,-11.037891268533771,False,52.69207957339159,0.01873425697773179,-0.011214639477126514,0.059897792909716606,True,False,False,False,2026-08-05,1.0,17.101083540887146,16.01093009579508,19.28139043107128,False,False,2026-08-04,2.0,True,78350.0,83752.6,0.9354933458782174,False,84838100.0,3.04,27.907269736842103,-0.8264462809917328,2.571166207529838,0.6242429889127007,35.71428571428567,32.14285714285717,False,12.9,False,False,False,False,True,False
1384,002925,盈趣科技,C 制造业,腾讯前复权日K回退（成交额、换手率已提供）,False,2026-08-06,23.14,22.646,21.664,True,True,True,True,24.38,-5.086136177194415,False,55.56960281507925,0.20311690319761055,-0.03580717761955063,0.47784816163432237,True,False,False,False,2026-07-28,7.0,55.98468702554057,50.7554129066039,66.44323526341391,False,False,,,False,143996.0,135584.2,1.0620411522876558,False,336310199.99999994,1.97,170.71583756345174,-1.4480408858603022,3.3645655877342384,6.813146233382565,73.41772151898721,20.253164556962062,False,26.55,False,True,False,False,False,False
1385,002926,华西证券,J 金融业,腾讯前复权日K回退（成交额、换手率已提供）,False,2026-08-06,8.27,8.374,8.325999999999999,False,False,True,False,8.69,-4.833141542002301,False,49.12713305926726,0.04757883008910824,0.0573974583763946,-0.01963725657457273,False,True,False,False,,,72.15610904794268,72.93483933171836,70.59864848039132,False,True,,,False,137067.0,166804.2,0.8217239134266403,False,113846700.0,0.52,218.93596153846153,-1.5476190476190532,1.7857142857142898,-0.6725918808551425,6.666666666666508,19.999999999999527,False,8.69,False,False,False,False,True,False
1386,002927,泰永长征,C 制造业,腾讯前复权日K回退（成交额、换手率已提供）,False,2026-08-06,15.59,15.198000000000002,14.852,True,True,True,True,18.07,-13.724405091311567,False,47.534754600186716,-0.7846381991089153,-1.1403637056615972,0.7114510131053637,True,False,False,False,2026-07-29,6.0,20.972779446303917,18.083882510517622,26.75057331787651,False,False,,,False,47420.0,62092.0,0.7637054693036139,False,73390000.0,2.15,34.13488372093023,0.3863490019317517,2.6400515132002584,4.969027740371664,17.07317073170738,82.92682926829262,True,25.62,False,False,False,False,True,False
1387,002928,华夏航空,G 运输仓储,腾讯前复权日K回退（成交额、换手率已提供）,False,2026-08-06,6.66,6.692,6.327,False,True,True,True,6.81,-2.2026431718061596,False,52.19669367807882,-0.041510023781770045,-0.14018390737061412,0.19734776717768815,True,False,False,False,2026-07-27,8.0,24.167390436418884,21.187417258271044,30.127336792714566,False,False,2026-07-23,10.0,True,308336.0,261547.6,1.1788905728823358,False,205190500.0,2.41,85.14128630705393,-1.6248153618906858,3.6927621861152145,5.263157894736845,39.99999999999986,44.00000000000013,False,8.32,False,False,False,True,False,False
1388,002929,润建股份,I 信息技术,腾讯前复权日K回退（成交额、换手率已提供）,False,2026-08-06,57.22,53.214,52.6725,True,True,True,True,64.62,-11.451562983596418,False,53.32112165270597,-2.209575349301147,-3.4617508275694857,2.504350956536677,True,False,False,False,2026-08-04,2.0,19.161128343202318,14.22647149780105,29.03044203400485,False,False,2026-08-04,2.0,True,201946.0,176511.6,1.1440947790400178,False,1162933000.0,9.32,124.77821888412016,-0.9520512376666179,4.015925220702787,8.633537424652332,65.94827586206901,34.051724137931,False,100.03,False,True,False,False,True,True
1389,002930,宏川智慧,G 运输仓储,腾讯前复权日K回退（成交额、换手率已提供）,False,2026-08-06,9.08,8.824000000000002,8.43,True,True,True,True,9.19,-1.1969532100108753,False,54.47053748306608,-0.1720727432076128,-0.3547420690704136,0.36533865172560165,True,False,False,False,,,12.948000021589563,10.530099630724209,17.78380080332027,False,False,2026-07-23,10.0,True,89322.0,89698.6,0.9958014952295798,False,80319100.0,2.06,38.989854368932036,1.3392857142856984,3.571428571428574,7.710557532621594,15.625000000000208,84.37499999999979,True,16.88,False,True,False,False,True,False
1390,002931,锋龙股份,C 制造业,腾讯前复权日K回退（成交额、换手率已提供）,False,2026-08-06,50.77,47.882000000000005,47.282500000000006,True,True,True,True,61.78,-17.821301392036254,False,48.96978638230484,-3.5960383958139417,-4.793559626783073,2.395042461938262,True,False,False,False,2026-08-03,3.0,19.35258462620837,14.746492877664295,28.564768123296517,False,False,2026-07-31,4.0,True,153397.0,116151.6,1.3206619624697378,False,770452800.0,7.57,101.77712021136063,2.565656565656571,7.232323232323229,7.3758790250092465,25.418994413407738,74.58100558659227,True,83.57,False,False,False,False,False,False
1391,002932,*ST明德,C 制造业,腾讯前复权日K回退（成交额、换手率已提供）,False,2026-08-06,14.88,14.809999999999999,14.431000000000001,True,True,True,True,15.0,-0.7999999999999948,False,55.435157157449716,0.015894612244327533,-0.09899662672719614,0.22978247794304735,True,False,False,False,2026-07-27,8.0,25.937995929472788,21.868290462544508,34.077406863329344,False,False,2026-07-27,8.0,True,10559.0,10112.8,1.0441223004509137,False,15642500.0,0.68,23.003676470588236,-0.0671591672263272,1.2760241773001981,3.1113574942831392,15.78947368421023,84.21052631578976,True,17.12,False,False,False,False,False,False
1392,002933,新兴装备,C 制造业,腾讯前复权日K回退（成交额、换手率已提供）,False,2026-08-06,26.7,25.910000000000004,25.024,True,True,True,True,27.29,-2.1619640894100396,False,58.45387302515956,-0.21552270167513043,-0.6020864775306356,0.7731275517110103,True,False,False,False,2026-07-28,7.0,26.449444650675606,20.529674413693517,38.28898512463979,False,False,2026-07-24,9.0,True,12453.0,12012.8,1.0366442461374534,False,33055600.0,1.07,30.89308411214953,1.3667425968109326,2.505694760820046,6.6975703324808125,24.24242424242426,75.75757575757575,True,31.45,False,False,False,False,False,False
1393,002935,天奥电子,C 制造业,腾讯前复权日K回退（成交额、换手率已提供）,False,2026-08-06,16.73,15.88,16.0495,True,True,False,True,22.33,-25.078369905956105,False,47.829237016699615,-1.0524922966536714,-1.3391231896644706,0.5732617860215985,True,False,False,False,2026-08-03,3.0,23.01448861260974,18.666320409559138,31.710825018710942,False,False,2026-07-31,4.0,True,112300.0,54087.2,2.076276827049653,True,187035400.0,2.71,69.01675276752768,4.627892432770486,10.00625390869292,4.240007476868452,41.87499999999994,58.12500000000006,False,24.1,False,True,False,False,False,False
1394,002936,郑州银行,J 金融业,腾讯前复权日K回退（成交额、换手率已提供）,False,2026-08-06,1.79,1.828,1.78,False,True,True,False,1.88,-4.787234042553185,False,52.18657162063955,0.024811639880180092,0.02183968251192918,0.005943914736501826,True,False,False,False,,,66.24597111285247,66.40553097793406,65.92685138268928,False,True,,,False,1176172.0,1097809.8,1.0713804886784577,False,210580099.99999997,1.67,126.09586826347304,-1.104972375690605,3.314917127071826,0.5617977528089892,33.33333333333333,33.33333333333333,False,1.88,False,False,False,False,False,False
1395,002937,兴瑞科技,C 制造业,腾讯前复权日K回退（成交额、换手率已提供）,False,2026-08-06,29.57,27.474,33.138,True,False,False,True,44.5,-33.550561797752806,False,39.364472866300176,-3.2833181237649782,-2.8890934027455977,-0.7884494420387611,False,True,False,False,,,21.776722069057953,22.798314660128653,19.733536886916553,False,False,,,False,83923.0,110880.4,0.7568785826890957,False,243295200.0,2.66,91.46436090225563,3.681626928471249,6.346423562412349,-10.76709517774156,5.52486187845311,94.47513812154689,True,46.3,False,False,False,False,False,False
1396,002938,鹏鼎控股,C 制造业,腾讯前复权日K回退（成交额、换手率已提供）,False,2026-08-06,93.85,87.27799999999999,91.4055,True,True,False,True,107.89,-13.013254240430072,False,51.682059286245085,-3.1681801677436,-3.7747289395306374,1.213097543574075,True,False,True,False,,,55.32774065555927,52.165929830081495,61.65136230651481,False,False,,,False,291928.0,289404.8,1.0087185837968133,False,2712485900.0000005,1.26,2152.7665873015876,2.984747064632942,8.932294524305938,2.6743467296825583,28.501228501228592,71.4987714987714,True,123.1,False,False,False,False,True,True
1397,002939,长城证券,J 金融业,腾讯前复权日K回退（成交额、换手率已提供）,False,2026-08-06,8.2,8.298,8.188500000000001,False,True,True,False,8.55,-4.093567251462005,False,48.29444410657211,0.011909448392749766,-0.004010228537463325,0.03183935386042618,True,False,False,False,2026-07-20,13.0,24.701239931785636,24.949258241809048,24.205203311738813,False,True,,,False,227675.0,237186.4,0.9598990498612062,False,187118000.0,0.63,297.0126984126984,-1.3237063778580138,1.5643802647412848,0.1404408621847477,0.0,23.076923076922444,False,9.8,False,True,False,False,False,False
1398,002940,昂利康,C 制造业,腾讯前复权日K回退（成交额、换手率已提供）,False,2026-08-06,25.68,25.096,25.629,True,True,False,True,31.5,-18.476190476190478,False,47.51899834044437,-0.9675131636442664,-1.2218925223237056,0.5087587173588783,True,False,False,False,2026-08-03,3.0,9.134228155984575,7.1614268877442955,13.079830692465135,False,False,2026-08-03,3.0,True,134064.0,92326.8,1.4520594236992943,False,344085700.0,7.24,47.525649171270715,0.430191630817367,2.9722330856472348,0.19899332787076504,26.315789473684188,47.368421052631625,False,45.5,False,False,False,False,False,False
1399,002941,新疆交建,E 建筑业,腾讯前复权日K回退（成交额、换手率已提供）,False,2026-08-06,10.91,10.876,10.0355,True,True,True,True,11.07,-1.4453477868112028,False,63.98869199370364,0.19883360340681833,0.010021945516992717,0.37762331577965125,True,False,False,False,,,25.30810903191656,22.48358473300844,30.957157629732798,False,False,,,False,171289.0,160181.8,1.0693412110489458,False,187795500.0,2.35,79.91297872340425,-0.18298261665141702,4.300091491308332,8.714065069005025,68.0851063829787,27.659574468085236,False,14.0,False,True,False,False,False,False
1400,002942,新农股份,C 制造业,腾讯前复权日K回退（成交额、换手率已提供）,False,2026-08-06,15.17,14.969999999999999,14.375499999999999,True,True,True,True,15.29,-0.7848266841072546,False,56.63298831963939,-0.05943362764194049,-0.27300284929182034,0.4271384432997597,True,False,False,False,2026-07-28,7.0,23.261396053720276,19.15063663961553,31.482914881929766,False,False,2026-07-28,7.0,True,11367.0,16067.6,0.7074485299609151,False,17166600.0,0.82,20.93487804878049,0.8643617021276695,2.2606382978723394,5.52676428645961,23.529411764705912,76.47058823529409,True,19.38,False,False,False,True,False,False
1401,002943,宇晶股份,C 制造业,腾讯前复权日K回退（成交额、换手率已提供）,False,2026-08-06,32.69,29.384000000000004,32.5635,True,True,False,True,45.8,-28.624454148471617,False,44.22890964394587,-4.143164160944362,-4.866019359942162,1.4457103979955992,True,False,False,False,2026-08-04,2.0,9.101634227211525,6.523561292076818,14.257780097480937,False,False,2026-08-05,1.0,True,134753.0,102752.4,1.3114340881575517,False,433913500.0,7.14,60.77219887955182,5.69026834788231,10.313611380536699,0.38847175518602134,15.987460815047175,84.01253918495283,True,73.67,False,False,False,False,False,False
1402,002945,华林证券,J 金融业,腾讯前复权日K回退（成交额、换手率已提供）,False,2026-08-06,14.77,14.904,13.6775,False,True,True,True,15.39,-4.028589993502281,False,60.47370460284785,0.3462574026252483,0.1273940194755136,0.4377267662994694,True,False,False,False,2026-07-20,13.0,58.732534454994756,51.542896508629774,73.11181034772473,False,False,,,False,167781.0,322546.6,0.520175999374974,False,248829000.0,0.62,401.3370967741936,-1.7298735861610126,1.7964071856287396,7.987570828002188,66.66666666666666,18.518518518518153,False,16.12,False,False,False,False,True,False
1403,002946,新乳业,C 制造业,腾讯前复权日K回退（成交额、换手率已提供）,False,2026-08-06,16.8,17.466,16.1035,False,True,True,False,18.45,-8.943089430894302,False,55.59169630277739,0.5403803032197914,0.3871372963961731,0.3064860136472365,True,False,False,False,,,62.574234269175754,61.892818625690076,63.93706555614712,False,False,,,False,89532.0,137432.4,0.6514621006400237,False,151018800.0,1.05,143.82742857142856,-2.8901734104046284,3.5260115606936386,4.325146707237559,16.393442622951067,18.032786885245823,False,18.45,False,True,False,False,True,False
1404,002947,恒铭达,C 制造业,腾讯前复权日K回退（成交额、换手率已提供）,False,2026-08-06,57.55,54.596000000000004,57.916,True,False,False,True,77.2,-25.453367875647675,False,42.95367274904329,-5.175262230585474,-6.056530707986224,1.762536954801499,True,False,False,False,2026-08-04,2.0,12.216319830144805,12.362378111231797,11.924203267970821,False,False,,,False,70145.0,75424.6,0.9300016175094067,False,400032900.0,3.54,113.00364406779661,1.6964127937798112,6.343877010072443,-0.6319497202845495,20.891364902506986,79.10863509749302,True,105.0,False,False,False,False,False,False
1405,002948,青岛银行,J 金融业,腾讯前复权日K回退（成交额、换手率已提供）,False,2026-08-06,5.74,5.784000000000001,5.6979999999999995,False,True,True,False,6.09,-5.7471264367816035,False,54.26398917544248,0.08474563932607992,0.0922282923475057,-0.01496530604285154,False,True,False,False,,,74.53775139963018,77.77988023016616,68.05349373855825,False,False,,,False,365400.0,495741.2,0.7370781367374751,False,209565400.0,1.04,201.5051923076923,0.17452006980802626,1.745200698080273,0.7371007371007495,50.0,50.0,False,6.09,False,True,False,False,True,False
1406,002949,华阳国际,M 科研服务,腾讯前复权日K回退（成交额、换手率已提供）,False,2026-08-06,10.42,10.276,9.846499999999999,True,True,True,True,10.53,-1.0446343779677059,False,55.83350586168831,-0.0859442203597851,-0.2548998813211643,0.3379113219227584,True,False,False,False,,,20.233555175782353,16.881442887027134,26.937779753292787,False,False,2026-07-28,7.0,True,31187.0,30400.4,1.0258746595439534,False,32325600.0,2.05,15.76858536585366,1.5594541910331383,2.6315789473684172,5.824404610775414,22.22222222222244,77.77777777777756,True,14.64,False,True,False,False,True,False
1407,002950,奥美医疗,C 制造业,腾讯前复权日K回退（成交额、换手率已提供）,False,2026-08-06,9.26,9.3,9.0165,False,True,True,True,9.54,-2.935010482180287,False,52.03037198473941,-0.017342431612004106,-0.10372439350180702,0.17276392377960584,True,False,False,False,,,14.399046999405263,13.196852978474361,16.803435041267065,False,False,2026-07-29,6.0,True,58216.0,71073.4,0.8190968773127499,False,53698300.0,1.36,39.48404411764706,-0.6437768240343367,1.8240343347639476,2.7006044474019757,5.8823529411763475,64.70588235294088,False,12.19,False,False,False,True,True,False
1408,002951,金时科技,C 制造业,腾讯前复权日K回退（成交额、换手率已提供）,False,2026-08-06,13.97,13.612,12.684000000000001,True,True,True,True,17.12,-18.399532710280376,False,54.28927851388228,-0.2456832821273327,-0.5979001663917548,0.7044337685288442,True,False,False,False,2026-07-28,7.0,21.769455307423055,18.861901863720686,27.58456219482779,False,False,2026-07-27,8.0,True,61456.0,63812.0,0.963079044693788,False,85490300.0,1.53,55.87601307189543,1.0122921185828027,3.1814895155459113,10.138757489750864,29.54545454545435,70.45454545454565,True,24.79,False,False,False,False,False,False
1409,002952,亚世光电,C 制造业,腾讯前复权日K回退（成交额、换手率已提供）,False,2026-08-06,19.67,19.008000000000003,18.6785,True,True,True,True,20.62,-4.607177497575166,False,50.54732741439376,-0.6781252153888779,-1.0422426687582034,0.7282349067386509,True,False,False,False,2026-07-27,8.0,17.135744847459794,14.732943174953467,21.94134819247245,False,False,,,False,42964.0,31635.4,1.3580988386427861,False,84180700.0,3.26,25.82230061349693,2.0757654385054503,4.566683964711983,5.3082420965281045,24.9999999999999,75.0000000000001,True,33.69,False,False,False,False,True,False
1410,002953,日丰股份,C 制造业,腾讯前复权日K回退（成交额、换手率已提供）,False,2026-08-06,9.71,9.686000000000002,9.3085,True,True,True,True,10.8,-10.09259259259259,False,55.10158854189987,0.10260649853812787,0.029394596663383274,0.14642380374948918,True,False,False,False,,,31.50619625017373,29.298407079641276,35.92177459123864,False,False,,,False,63198.0,94077.0,0.6717688701808093,False,61033800.0,2.33,26.194763948497854,0.0,1.7507723995880526,4.313262072299516,11.764705882352695,88.2352941176473,True,12.0,False,True,False,False,False,False
1411,002955,鸿合科技,C 制造业,腾讯前复权日K回退（成交额、换手率已提供）,False,2026-08-06,34.45,32.565999999999995,30.8245,True,True,True,True,35.2,-2.130681818181818,False,61.03043821703708,0.5112098241509955,0.2052736259247398,0.6118723964525113,True,False,False,False,2026-07-27,8.0,62.68221678338987,57.7057997432552,72.63505086365922,False,False,,,False,62864.0,63161.8,0.9952851248697788,False,213911300.0,3.21,66.63903426791276,1.9834221432800447,5.091770278271163,11.761747960226451,8.720930232558063,91.27906976744194,True,39.15,False,False,False,False,False,False
1412,002956,西麦食品,C 制造业,腾讯前复权日K回退（成交额、换手率已提供）,False,2026-08-06,18.09,17.916,17.72,True,True,True,True,22.1,-18.144796380090504,False,47.713914414373015,-0.6093877204389777,-0.84728346627626,0.4757914916745647,True,False,False,False,2026-07-30,5.0,27.05865212747155,23.84388444512352,33.48818749216761,False,False,,,False,37971.0,83902.6,0.45256046892468166,False,68589500.0,1.22,56.22090163934426,-0.05524861878454246,3.0939226519337137,2.0880361173814954,44.64285714285696,53.571428571428484,False,22.58,False,True,False,False,False,False
1413,002957,科瑞技术,C 制造业,腾讯前复权日K回退（成交额、换手率已提供）,False,2026-08-06,38.64,35.54,37.3465,True,True,False,True,48.2,-19.834024896265564,False,47.97379988850792,-3.191462812067215,-3.9087506914510755,1.4345757587677213,True,False,False,False,2026-08-05,1.0,24.59940657963645,22.976852842269505,27.844514054370343,False,False,,,False,314540.0,156186.2,2.0138783067902284,True,1217258900.0,7.51,162.08507323568574,0.4419027813880927,4.315050688848444,3.4635106368736066,51.80722891566272,48.192771084337274,False,72.15,False,False,False,False,True,True
1414,002958,青农商行,J 金融业,腾讯前复权日K回退（成交额、换手率已提供）,False,2026-08-06,3.06,3.14,3.0160000000000005,False,True,True,False,3.25,-5.846153846153845,False,57.29217783098719,0.0858393272387401,0.08327003400204222,0.005138586473395768,True,False,False,False,,,80.73231324721543,85.87855483823574,70.43983006517482,False,False,,,False,730400.0,892236.8,0.81861676182825,False,223226800.0,1.34,166.58716417910446,-1.2903225806451646,2.903225806451608,1.4588859416445488,22.22222222222228,44.44444444444456,False,3.25,False,False,False,False,False,False
1415,002959,小熊电器,C 制造业,腾讯前复权日K回退（成交额、换手率已提供）,False,2026-08-06,34.25,34.414,33.427,False,True,True,False,34.95,-2.0028612303290494,False,55.48955418954858,0.21503710244470398,-0.004485195485511885,0.4390445958604317,True,False,False,False,,,25.999290919935234,24.911618671423295,28.174635416959113,False,False,2026-07-28,7.0,True,7214.0,10363.4,0.696103595345157,False,24660000.0,0.52,47.42307692307693,-0.1457725947521804,1.5743440233236334,2.4620815508421345,9.259259259259942,62.96296296296286,False,39.09,False,True,False,True,False,False
1416,002960,青鸟智控,C 制造业,腾讯前复权日K回退（成交额、换手率已提供）,False,2026-08-06,8.19,8.181999999999999,7.9875,True,True,True,True,8.75,-6.400000000000006,False,51.21807219748203,-0.0875760844176785,-0.171545189551681,0.16793821026800498,True,False,False,False,2026-07-30,5.0,25.692647917101272,21.712251463350494,33.65344082460283,False,False,2026-07-28,7.0,True,74643.0,98218.6,0.759968071220726,False,61184799.99999999,0.77,79.46077922077922,-0.727272727272732,1.6969696969696821,2.5352112676056295,64.28571428571473,35.71428571428526,False,10.35,False,True,False,False,True,False
1417,002961,瑞达期货,J 金融业,腾讯前复权日K回退（成交额、换手率已提供）,False,2026-08-06,19.83,19.866,19.023,False,True,True,True,20.29,-2.26712666338098,False,53.51247658116415,-0.02270644894121787,-0.2522362718162096,0.4590596457499835,True,False,False,False,2026-07-21,12.0,19.63891427616032,16.97481580031477,24.967111227851426,False,False,2026-07-29,6.0,True,46302.0,60628.6,0.7636989803492081,False,92277400.0,0.97,95.13134020618557,-0.998502246630073,2.5961058412381406,4.242233086263989,34.615384615384585,32.69230769230737,False,26.98,False,False,False,False,False,False
1418,002962,五方光电,C 制造业,腾讯前复权日K回退（成交额、换手率已提供）,False,2026-08-06,13.15,12.556000000000001,12.388499999999999,True,True,True,True,15.37,-14.443721535458678,False,46.27951242181262,-0.99576207080373,-1.3482403926533624,0.7049566436992647,True,False,False,False,2026-07-29,6.0,18.75550086558779,15.525837641220837,25.2148273143217,False,False,2026-07-23,10.0,True,113286.0,98297.0,1.1524868510737867,False,147814600.0,5.42,27.272066420664206,1.3878180416345476,2.929838087895135,6.1468297211123355,13.157894736841861,86.84210526315815,True,22.39,False,False,False,False,False,False
1419,002963,豪尔赛,E 建筑业,腾讯前复权日K回退（成交额、换手率已提供）,False,2026-08-06,19.35,16.137999999999998,15.123,True,True,True,True,20.04,-3.443113772455079,False,64.07577120968045,-0.49110423059573804,-1.1771258925417962,1.3720433238921164,True,False,False,False,2026-08-04,2.0,38.840241609855205,25.48796646217656,65.54479190521249,False,False,2026-08-03,3.0,True,137339.0,41723.8,3.291622527190716,True,262601600.0,11.17,23.509543419874664,10.00568504832291,4.7185901080159285,27.95080341202144,0.0,100.0,True,24.58,False,True,False,True,False,True
1420,002965,祥鑫科技,C 制造业,腾讯前复权日K回退（成交额、换手率已提供）,False,2026-08-06,31.4,29.492,39.6525,True,False,False,True,55.48,-43.403028118240805,False,33.88998732006928,-4.322490512209448,-3.0192665989823526,-2.6064478264541915,False,True,False,False,,,11.964436079165027,15.284896576701415,5.323515084092254,False,False,,,False,162040.0,240429.2,0.6739613990313988,False,501952600.0,8.51,58.98385428907169,1.7828200972447306,4.538087520259326,-20.81205472542716,5.714285714285838,94.28571428571416,True,57.86,False,False,False,False,False,False
1421,002966,苏州银行,J 金融业,腾讯前复权日K回退（成交额、换手率已提供）,False,2026-08-06,8.21,8.354000000000001,8.0895,False,True,True,False,8.61,-4.645760743321703,False,57.11767791602537,0.1802999465101891,0.166786845775796,0.027026201468786204,True,False,False,False,,,75.42410647212438,76.38665987041875,73.49899967553563,False,True,,,False,422687.0,562469.8,0.7514839018912659,False,347021300.0,0.96,361.48052083333334,-0.48484848484847687,2.4242424242424154,1.4895852648495163,50.0,40.00000000000018,False,8.61,False,True,False,False,False,False
1422,002967,广电计量,M 科研服务,腾讯前复权日K回退（成交额、换手率已提供）,False,2026-08-06,17.39,17.29,16.910999999999998,True,True,True,True,18.88,-7.891949152542364,False,50.2182104424872,-0.2806186253316163,-0.4772417855717287,0.3932463204802248,True,False,False,False,2026-07-30,5.0,19.62079612231362,16.40692267718687,26.048543012567123,False,False,2026-07-29,6.0,True,73741.0,42319.0,1.7425033672818355,False,129931400.0,1.34,96.96373134328358,0.0,3.795284646348477,2.832475903258251,48.48484848484852,12.121212121212398,False,23.0,False,False,False,False,True,False
1423,002968,新大正,K 房地产,腾讯前复权日K回退（成交额、换手率已提供）,False,2026-08-06,8.9,8.818,8.4125,True,True,True,True,9.02,-1.330376940133029,False,57.50886939429583,-0.01484591325990614,-0.14897982733733514,0.268267828154858,True,False,False,False,,,22.291188927536112,18.80719800989571,29.259170762816915,False,False,2026-07-27,8.0,True,31718.0,37772.2,0.839718099554699,False,28042700.0,1.49,18.82060402684564,0.33821871476888976,2.593010146561428,5.794947994056472,17.391304347825816,82.60869565217418,True,11.94,False,False,False,True,True,False
1424,002969,嘉美包装,C 制造业,腾讯前复权日K回退（成交额、换手率已提供）,False,2026-08-06,13.56,13.018,11.935500000000001,True,True,True,True,13.81,-1.8102824040550323,False,55.22118032005832,-0.26723835856976663,-0.7110914787668028,0.8877062403940723,True,False,False,False,2026-07-27,8.0,19.850566985132886,16.56022140035353,26.431258154691598,False,False,,,False,632602.0,1003021.0,0.6306966653739055,False,855126100.0,5.79,147.69017271157168,1.7254313578394687,4.801200300075023,13.610657282895557,53.124999999999936,46.875000000000064,False,24.1,False,False,False,False,True,False
1425,002970,锐明技术,I 信息技术,腾讯前复权日K回退（成交额、换手率已提供）,False,2026-08-06,53.42,50.422,49.689499999999995,True,True,True,True,61.98,-13.810906744110996,False,53.702341820491945,-1.739027688249692,-2.8997667703553516,2.321478164211319,True,False,False,False,2026-07-31,4.0,21.864473537363065,16.434830685014578,32.723759242060034,False,False,2026-08-03,3.0,True,38436.0,48422.0,0.7937714262112263,False,205130300.0,3.04,67.47707236842105,0.5647590361445909,3.8591867469879464,7.507622334698491,35.609756097560876,64.39024390243912,False,80.3,False,False,False,False,False,False
1426,002971,和远气体,C 制造业,腾讯前复权日K回退（成交额、换手率已提供）,False,2026-08-06,41.25,35.674,39.798,True,True,False,True,60.66,-31.998021760633033,False,47.56567394143286,-4.546026150627739,-4.858611406553233,0.6251705118509872,True,False,True,False,,,18.299741954038254,16.232186343605246,22.43485317490427,True,False,,,False,227604.0,138056.6,1.6486281713442168,False,891435500.0,14.14,63.04352899575671,10.000000000000009,9.866666666666674,3.6484245439469274,0.0,100.0,True,78.88,False,False,False,False,False,True
1427,002972,科安达,C 制造业,腾讯前复权日K回退（成交额、换手率已提供）,False,2026-08-06,13.6,12.678,13.9385,True,False,False,True,18.27,-25.56102900930487,False,46.46727446663553,-0.8704927939600449,-0.8315547219889293,-0.07787614394223108,False,True,False,False,,,20.77636280832057,20.501542335571262,21.326003753819187,True,False,,,False,129466.0,82467.2,1.5699090062473324,False,175296500.0,9.62,18.2220893970894,4.695919938414161,11.162432640492682,-2.428525307601247,40.00000000000002,59.99999999999998,False,19.97,False,False,False,False,False,False
1428,002973,侨银股份,N 公共环保,腾讯前复权日K回退（成交额、换手率已提供）,False,2026-08-06,10.99,9.774000000000001,9.6095,True,True,True,True,10.7,2.7102803738317847,True,62.64109801643049,-0.2617971508685617,-0.497908222922106,0.4722221441070886,True,False,False,False,2026-07-31,4.0,23.15238177708659,13.729783266694502,41.99757879787076,False,False,2026-08-03,3.0,True,123117.0,86548.4,1.4225219645886003,False,131996600.0,3.88,34.01974226804124,10.010010010010006,9.709709709709715,14.365991987096097,0.0,100.0,True,14.3,False,False,False,False,True,True
1429,002975,博杰股份,C 制造业,腾讯前复权日K回退（成交额、换手率已提供）,False,2026-08-06,93.07,79.586,90.01,True,True,False,True,130.3,-28.572524942440538,False,48.67198297933227,-10.383151401453972,-11.764092575059495,2.7618823472110456,True,False,True,False,,,29.15983972387227,26.293091896966974,34.89333537768287,True,False,,,False,157364.0,88423.4,1.7796646589025078,False,1433678599.9999998,11.46,125.10284467713784,9.998818106606766,6.984989953906154,3.3996222641928537,0.0,100.0,True,157.97,False,False,False,False,False,True
1430,002976,瑞玛精密,C 制造业,腾讯前复权日K回退（成交额、换手率已提供）,False,2026-08-06,21.85,20.424,21.025,True,True,False,True,27.67,-21.033610408384533,False,51.23060688010801,-1.0051396977360731,-1.2919281413345116,0.5735768871968769,True,False,False,False,2026-08-05,1.0,21.6956267773984,15.334441418695334,34.417997494804524,False,False,2026-08-04,2.0,True,38137.0,57700.8,0.6609440423702964,False,82512900.00000001,3.13,26.361948881789147,1.345083487940646,4.08163265306122,3.9239001189060776,3.4090909090906383,96.59090909090936,True,29.98,False,False,False,False,False,False
1431,002977,*ST天箭,C 制造业,腾讯前复权日K回退（成交额、换手率已提供）,False,2026-08-06,22.05,21.726,22.130999999999997,True,False,False,True,25.84,-14.667182662538696,False,47.72466181642383,-0.4926963206432582,-0.6131006468243401,0.24080865236216376,True,False,False,False,2026-07-27,8.0,27.26513132901968,26.354088851364974,29.087216284329095,False,False,,,False,11988.0,10943.2,1.0954748154104832,False,26285400.0,1.8,14.603,-1.076716016150736,3.095558546433384,-0.3660024400162486,0.0,63.768115942029056,False,31.35,False,False,False,False,True,False
1432,002978,安宁股份,B 采矿业,腾讯前复权日K回退（成交额、换手率已提供）,False,2026-08-06,26.76,26.753999999999998,26.103500000000004,True,True,True,True,27.17,-1.509017298490983,False,54.11919925732565,0.11431894023921174,-0.03968168105340052,0.30800124258522454,True,False,False,False,2026-07-14,17.0,22.190976269679865,20.2481382598429,26.076652289353795,False,False,,,False,35367.0,30854.8,1.1462398070964648,False,94857700.0,0.96,98.81010416666668,-1.0355029585798703,2.2559171597633116,2.514988411515688,8.196721311475534,34.42622950819689,False,31.78,False,False,False,False,False,False
1433,002979,雷赛智能,C 制造业,腾讯前复权日K回退（成交额、换手率已提供）,False,2026-08-06,60.39,58.17,58.43449999999999,True,True,False,True,70.25,-14.035587188612098,False,53.89144044309017,0.0037341049612820143,-0.008130084224544549,0.023728378371653126,True,False,True,False,,,57.62574559746571,55.475815733332716,61.925605325731695,False,False,,,False,163246.0,153396.2,1.0642114993722138,False,987600700.0000001,7.33,134.73406548431106,0.6164611796067865,4.065311562812392,3.346481958432104,50.409836065573685,49.590163934426315,False,76.26,False,False,False,False,True,False
1434,002980,华盛昌,C 制造业,腾讯前复权日K回退（成交额、换手率已提供）,False,2026-08-06,79.03,70.71600000000001,83.19,True,False,False,True,112.35,-29.65732087227414,False,45.090154682706036,-8.790580379981847,-8.730767303363532,-0.11962615323663073,False,True,False,False,,,36.95745370352229,36.545949810545686,37.7804614894755,True,False,,,False,109091.0,89401.0,1.2202436214360017,False,851386300.0,10.77,79.05165273909007,3.7956396112424517,8.60257420541108,-5.000601033778095,23.206106870228957,76.79389312977104,True,135.95,False,False,False,False,False,True
1435,002981,朝阳科技,C 制造业,腾讯前复权日K回退（成交额、换手率已提供）,False,2026-08-06,23.68,23.288,22.088,True,True,True,True,23.76,-0.33670033670034444,False,62.83628075385309,0.4039556255202541,0.12070061217586085,0.5665100266887865,True,False,False,False,,,45.83199355202637,42.71591302481455,52.06415460645,False,False,,,False,19132.0,21072.0,0.9079347000759301,False,45116300.0,1.57,28.73649681528662,-0.1686340640809414,2.5295109612141715,7.207533502354213,35.00000000000006,64.99999999999993,False,29.84,False,False,False,False,True,False
1436,002982,湘佳股份,A 农林牧渔,腾讯前复权日K回退（成交额、换手率已提供）,False,2026-08-06,11.93,11.794,11.7075,True,True,True,True,12.4,-3.790322580645166,False,53.034593425790284,-0.07080670235513153,-0.14898994061120815,0.15636647651215324,True,False,False,False,2026-07-31,4.0,23.960060582580365,21.718267816266362,28.443646115208367,False,False,2026-07-31,4.0,True,38710.0,34343.2,1.1271518088005779,False,45763000.0,2.98,15.356711409395974,0.3364171572750152,2.1867115222876348,1.900491138159301,0.0,100.0,True,14.54,False,False,False,True,False,False
1437,002983,芯瑞达,C 制造业,腾讯前复权日K回退（成交额、换手率已提供）,False,2026-08-06,19.57,18.896,19.1885,True,True,False,True,26.16,-25.19113149847095,False,45.77436593495874,-1.1961298176674546,-1.5130161316319837,0.6337726279290581,True,False,False,False,2026-08-03,3.0,21.678997481069555,17.878410332445455,29.28017177831775,False,False,2026-07-28,7.0,True,21377.0,20318.0,1.0521212717787183,False,41537600.0,1.67,24.872814371257487,0.8762886597938335,2.7835051546391707,1.9881699976548404,20.370370370370296,79.6296296296297,True,28.41,False,False,False,False,False,False
1438,002984,森麒麟,C 制造业,腾讯前复权日K回退（成交额、换手率已提供）,False,2026-08-06,14.29,14.662,14.1805,False,True,True,False,15.18,-5.862977602108041,False,50.155313217129184,0.12544942432595896,0.055251258537132364,0.1403963315776532,True,False,False,False,,,31.451937204141228,31.41332820477646,31.52915520287076,False,False,,,False,98310.0,118904.2,0.8268000625713811,False,141725100.0,1.38,102.69934782608696,-1.4482758620689706,2.4137931034482856,0.772187158421768,25.714285714285566,0.0,False,16.2,False,False,False,False,False,False
1439,002985,北摩高科,C 制造业,腾讯前复权日K回退（成交额、换手率已提供）,False,2026-08-06,26.16,26.094,25.063,True,True,True,True,27.41,-4.560379423568041,False,51.10935347978833,-0.3366374321274179,-0.7357666961176688,0.7982585279805017,True,False,False,False,2026-07-24,9.0,14.68522250222052,12.69172334582278,18.672220815016004,False,False,2026-07-27,8.0,True,38764.0,44359.2,0.8738660751321035,False,101273600.0,1.17,86.55863247863249,-0.7963594994311762,2.161547212741753,4.376970035510519,22.807017543859462,52.63157894736852,False,35.76,False,False,False,False,True,False
1440,002986,宇新股份,C 制造业,腾讯前复权日K回退（成交额、换手率已提供）,False,2026-08-06,12.43,12.172,11.852,True,True,True,True,12.86,-3.343701399688956,False,58.67161408609122,0.04339945953114821,-0.056442125224469786,0.199683169511236,True,False,False,False,2026-07-29,6.0,24.232436055751624,20.845091683982655,31.007124799289564,False,False,2026-07-24,9.0,True,48710.0,45538.2,1.0696514135385238,False,60310500.0,1.61,37.45993788819876,1.6353229762878119,3.107113654946844,4.876814039824497,28.947368421052555,71.05263157894744,True,14.05,False,False,False,False,False,False
1441,002987,京北方,I 信息技术,腾讯前复权日K回退（成交额、换手率已提供）,False,2026-08-06,11.62,11.584,10.568999999999999,True,True,True,True,12.68,-8.359621451104104,False,63.77042795919499,0.3045531817187985,0.1183369978577031,0.37243236772219085,True,False,False,False,2026-07-14,17.0,46.57174880752236,41.58831134303997,56.53862373648714,False,False,,,False,395131.0,344581.0,1.1466999051021385,False,464804200.0,3.9,119.1805641025641,-0.5988023952095856,6.159110350727123,9.944176364840573,70.8333333333335,29.16666666666651,False,12.98,False,True,True,False,True,False
1442,002988,豪美新材,C 制造业,腾讯前复权日K回退（成交额、换手率已提供）,False,2026-08-06,20.96,20.735999999999997,20.039,True,True,True,True,21.88,-4.204753199268731,False,48.32619353086438,-0.6803216204230864,-1.1048268934939933,0.8490105461418138,True,False,False,False,2026-07-23,10.0,12.344833971545716,10.513926365419252,16.006649183798643,False,False,2026-07-23,10.0,True,34766.0,31116.0,1.1173029952436047,False,72966700.0,1.39,52.49402877697842,-0.8514664143803197,3.59508041627246,4.596037726433452,28.947368421052555,47.368421052631625,False,35.05,False,False,False,False,False,False
1443,002989,中天精装,E 建筑业,腾讯前复权日K回退（成交额、换手率已提供）,False,2026-08-06,22.65,21.36,23.122,True,False,False,True,31.26,-27.543186180422275,False,44.48059994774312,-2.1983182403830774,-2.525672521023492,0.6547085612808292,True,False,False,False,2026-08-05,1.0,13.85546888204861,10.30481679808223,20.95677304998137,False,False,2026-08-04,2.0,True,89627.0,78720.8,1.1385427993617951,False,200842100.0,4.53,44.33600441501103,-0.4395604395604491,3.6483516483516567,-2.0413459043335407,13.253012048193103,86.7469879518069,True,39.38,False,False,False,False,False,True
1444,002990,盛视科技,I 信息技术,腾讯前复权日K回退（成交额、换手率已提供）,False,2026-08-06,49.22,44.940000000000005,48.7815,True,True,False,True,67.0,-26.537313432835823,False,47.5941778885525,-3.799385291601453,-4.070927605706416,0.5430846282099253,True,False,True,False,,,34.21055618366348,31.440754584246708,39.750159382497024,False,False,,,False,225577.0,121112.2,1.86254563949792,True,1124050200.0,16.34,68.79132190942472,-0.1420166362345321,7.039967539054573,0.8989063476932806,65.7060518731989,34.2939481268011,False,81.62,False,False,False,False,True,True
1445,002991,甘源食品,C 制造业,腾讯前复权日K回退（成交额、换手率已提供）,False,2026-08-06,42.49,43.284000000000006,41.708999999999996,False,True,True,False,44.9,-5.367483296213801,False,52.32436540284434,0.28860585218198054,-0.016703153571333056,0.6106180115066272,True,False,False,False,2026-07-28,7.0,29.622500091236688,28.441742821585226,31.984014630539612,False,False,,,False,5788.0,11306.6,0.5119133957157767,False,24610400.0,1.16,21.215862068965517,-0.9557109557109533,2.5174825174825135,1.8724975424968375,30.555555555555447,31.48148148148185,False,49.35,False,False,False,False,False,False
1446,002992,宝明科技,C 制造业,腾讯前复权日K回退（成交额、换手率已提供）,False,2026-08-06,35.94,33.727999999999994,34.779,True,True,False,True,42.11,-14.652101638565664,False,48.892668590590404,-1.830068157603577,-2.3336573342354194,1.0071783532636847,True,False,False,False,2026-08-05,1.0,12.883440958189306,8.459219110268025,21.73188465403187,False,False,2026-08-04,2.0,True,38498.0,18431.6,2.0886955012044535,True,138666100.0,2.46,56.36833333333333,-0.6907985631389835,4.365846919038404,3.3382213404640564,47.4683544303798,52.5316455696202,False,50.96,False,False,False,False,True,True
1447,002993,奥海科技,C 制造业,腾讯前复权日K回退（成交额、换手率已提供）,False,2026-08-06,37.52,35.7,40.2765,True,False,False,True,62.3,-39.775280898876396,False,35.65218402689649,-5.962490422058046,-6.476443532781923,1.0279062214477541,True,False,False,False,2026-08-05,1.0,7.66626312767377,6.310894479155714,10.377000424709882,False,False,2026-08-05,1.0,True,74142.0,72901.8,1.0170119256314658,False,275666400.0,3.11,88.63871382636655,0.4551539491298495,5.1941097724230385,-6.843941256067423,22.164948453608176,77.83505154639182,True,75.66,False,False,False,False,True,False
1448,002995,天地在线,L 商务服务,腾讯前复权日K回退（成交额、换手率已提供）,False,2026-08-06,18.13,17.906,16.281,True,True,True,True,18.46,-1.7876489707475722,False,56.74848276440376,-0.05988268083807924,-0.5583126968058599,0.9968600319355614,True,False,False,False,2026-07-23,10.0,29.49693870703457,25.393189833933207,37.70443645323729,False,False,,,False,135079.0,212941.6,0.6343476333417237,False,245996699.99999997,12.02,20.465615640598998,-0.8205689277899442,4.376367614879653,11.356796265585654,66.25000000000009,33.74999999999992,False,27.62,False,False,False,False,True,False
1449,002996,顺博合金,C 制造业,腾讯前复权日K回退（成交额、换手率已提供）,False,2026-08-06,6.26,6.247999999999999,6.1325,True,True,True,True,6.45,-2.945736434108533,False,53.15829767118866,0.0009884773968309446,-0.03791903196441495,0.07781501872249179,True,False,False,False,,,27.26793548476573,24.59442876053899,32.61494893321921,False,False,2026-07-27,8.0,True,68705.0,62578.4,1.0979027907392966,False,42826500.0,1.5,28.551,-0.31847133757962887,2.7070063694267503,2.079086832450053,29.41176470588226,58.82352941176452,False,7.36,False,True,False,False,True,False
1450,002997,瑞鹄模具,C 制造业,腾讯前复权日K回退（成交额、换手率已提供）,False,2026-08-06,27.03,26.860000000000003,26.452499999999997,True,True,True,True,29.55,-8.527918781725887,False,49.310614638444164,-0.4903924661390171,-0.7646346930594887,0.5484844538409432,True,False,False,False,2026-07-31,4.0,21.559121893548618,18.41993000039589,27.83750567985407,False,False,2026-07-29,6.0,True,21484.0,24820.0,0.8655922643029814,False,58064100.0,1.03,56.37291262135923,-0.9164222873900285,2.8592375366568956,2.183158491635967,25.64102564102551,42.307692307692484,False,35.41,False,False,False,False,True,False
1451,002998,优彩资源,C 制造业,腾讯前复权日K回退（成交额、换手率已提供）,False,2026-08-06,7.88,7.5200000000000005,7.111,True,True,True,True,7.94,-0.7556675062972354,False,63.42943908609765,0.13022103055794876,0.006833972814960267,0.246774115485977,True,False,False,False,,,39.10966875789276,33.28019007604837,50.76862612158155,False,False,,,False,258125.0,162404.2,1.589398550037499,False,203344700.0,9.54,21.314958071278827,-0.25316455696202667,4.556962025316448,10.814231472366757,58.333333333333414,41.666666666666586,False,9.75,False,True,False,True,True,False
1452,002999,天禾股份,F 批发零售,腾讯前复权日K回退（成交额、换手率已提供）,False,2026-08-06,5.74,5.69,5.5005,True,True,True,True,5.82,-1.3745704467353963,False,56.250987822960475,-0.0006045547152950803,-0.062028881204037226,0.12284865297748429,True,False,False,False,,,22.597790408905606,19.48703243995725,28.819306346802314,False,False,2026-07-28,7.0,True,54274.0,59063.2,0.9189139768925491,False,30914300.0,1.58,19.566012658227848,1.2345679012345734,2.46913580246913,4.354149622761576,14.285714285714013,85.71428571428599,True,7.12,False,False,False,False,False,False
1453,003000,劲仔食品,C 制造业,腾讯前复权日K回退（成交额、换手率已提供）,False,2026-08-06,10.65,10.788,10.413499999999999,False,True,True,False,11.05,-3.6199095022624466,False,55.619999527784216,0.1292847786201552,0.07107397060654674,0.1164216160272169,True,False,False,False,2026-07-28,7.0,75.64712565117647,73.05123556740683,80.83890581871574,False,False,,,False,27204.0,63726.0,0.42689012334055176,False,28896600.0,0.88,32.83704545454545,-0.5602240896358635,1.5873015873015865,2.271090411485104,5.8823529411763475,52.94117647058817,False,11.08,False,False,False,True,False,False
1454,003001,中岩大地,E 建筑业,腾讯前复权日K回退（成交额、换手率已提供）,False,2026-08-06,20.02,20.416,18.378,False,True,True,True,22.24,-9.982014388489205,False,57.256764112849254,1.2722803116010581,1.0631867292866746,0.41818716462876715,True,False,False,False,,,68.30466141963757,64.697062736933,75.5198587850467,False,False,,,False,245601.0,211001.6,1.163976955624981,False,495802600.0,21.47,23.092808570097812,-3.5180722891566263,7.5180722891566365,8.934595712264661,53.20512820512825,35.256410256410255,False,23.67,False,False,False,False,False,False
1455,003002,壶化股份,C 制造业,腾讯前复权日K回退（成交额、换手率已提供）,False,2026-08-06,16.87,16.434000000000005,15.901,True,True,True,True,17.2,-1.9186046511627808,False,50.90024417791264,-0.5632493811157566,-0.9400862266489451,0.753673691066377,True,False,False,False,2026-07-23,10.0,14.358711020345197,11.755496792890037,19.565139475255517,False,False,2026-07-23,10.0,True,25984.0,28894.8,0.899262150975262,False,43330600.00000001,1.42,30.514507042253527,1.0179640718563032,2.335329341317369,6.093956354946237,0.0,100.0,True,27.1,False,False,False,True,False,False
1456,003003,天元股份,C 制造业,腾讯前复权日K回退（成交额、换手率已提供）,False,2026-08-06,10.62,10.402,9.952,True,True,True,True,10.67,-0.4686035613870732,False,59.06940122487675,-0.028538314390665676,-0.19419896363454095,0.33132129848775055,True,False,False,False,2026-07-28,7.0,26.931822785370613,22.115010294557766,36.56544776699631,False,False,2026-07-28,7.0,True,30320.0,39594.0,0.7657725918068394,False,31964899.999999996,2.57,12.437704280155643,1.5296367112810572,2.390057361376673,6.712218649517678,16.00000000000037,83.99999999999963,True,13.63,False,False,False,False,True,False
1457,003004,声迅股份,I 信息技术,腾讯前复权日K回退（成交额、换手率已提供）,False,2026-08-06,65.5,61.348,64.0835,True,True,False,True,89.45,-26.774734488541085,False,52.27961719646673,-2.027179260721425,-2.3166264140379553,0.5788943066330603,True,False,True,False,,,56.18574758569608,52.931919668603115,62.693403419882,False,False,,,False,14703.0,22618.6,0.650040232375125,False,95315900.0,2.14,44.540140186915885,2.1522145976294427,4.678727386150967,2.2103973721784844,10.999999999999943,89.00000000000006,True,89.45,False,False,False,False,False,False
1458,003005,竞业达,I 信息技术,腾讯前复权日K回退（成交额、换手率已提供）,False,2026-08-06,13.9,13.748,12.5215,True,True,True,True,15.22,-8.672798948751643,False,58.72720436385304,0.034364956874636476,-0.3157067235777317,0.7001433609047364,True,False,False,False,2026-07-28,7.0,29.902397646868106,22.948271361651482,43.81065021730135,False,False,2026-07-29,6.0,True,137760.0,88338.8,1.5594506604119593,False,194562900.0,10.85,17.932064516129035,-2.7291812456263,3.6389083275017593,11.009064409216155,92.30769230769215,7.69230769230785,False,18.81,False,True,True,False,True,False
1459,003006,百亚股份,C 制造业,腾讯前复权日K回退（成交额、换手率已提供）,False,2026-08-06,14.37,14.703999999999999,13.930000000000001,False,True,True,False,15.22,-5.584756898817355,False,50.47974650146466,0.04243719262301049,-0.11450586946857176,0.3138861241831645,True,False,False,False,2026-07-22,11.0,30.520742978262632,29.641935071780477,32.27835879122694,False,False,,,False,56876.0,61853.8,0.9195231335827386,False,81926000.0,1.33,61.5984962406015,-1.7099863201094356,2.5307797537619767,3.1586503948312825,0.0,24.32432432432422,False,17.49,False,False,False,False,False,False
1460,003007,直真科技,I 信息技术,腾讯前复权日K回退（成交额、换手率已提供）,False,2026-08-06,37.99,36.7,34.795500000000004,True,True,True,True,39.7,-4.307304785894209,False,56.16033103885963,-0.4896361132012146,-1.3329084774562148,1.6865447285100004,True,False,False,False,2026-07-31,4.0,25.36829674864926,19.82794984649763,36.44899055295252,False,False,2026-07-31,4.0,True,28459.0,30221.8,0.9416712439364961,False,108742600.0,3.92,27.74045918367347,-2.0118648439515163,3.92055713180293,9.180784871606953,32.894736842105345,34.868421052631746,False,56.97,False,False,False,False,False,False
1461,003008,开普检测,M 科研服务,腾讯前复权日K回退（成交额、换手率已提供）,False,2026-08-06,18.45,18.162,17.2785,True,True,True,True,18.45,0.0,False,60.08507221713651,0.05157279851546548,-0.22142182684283648,0.545989250716604,True,False,False,False,2026-07-27,8.0,27.72177304509091,22.504568457480474,38.15618222031178,False,False,2026-07-27,8.0,True,12893.0,12844.4,1.0037837501167823,False,23746300.0,1.66,14.305,0.32626427406199365,2.6644915715062645,6.780102439447858,48.979591836734905,51.020408163265095,False,23.05,False,True,False,False,True,False
1462,003009,中天火箭,C 制造业,腾讯前复权日K回退（成交额、换手率已提供）,False,2026-08-06,49.68,48.188,52.1065,True,False,False,True,63.86,-22.2048230504228,False,44.54057676810517,-2.583782279034253,-2.5108363383517016,-0.14589188136510245,False,True,False,False,,,16.458749293956988,13.203807347958815,22.968633185953337,False,False,2026-08-04,2.0,True,44829.0,43166.8,1.0385064447677381,False,221595400.0,2.72,81.46889705882353,1.140065146579805,3.379478827361557,-4.656808651511803,28.91566265060228,71.08433734939771,True,66.08,False,False,False,False,False,False
1463,003010,若羽臣,I 信息技术,腾讯前复权日K回退（成交额、换手率已提供）,False,2026-08-06,26.81,26.410000000000004,25.209,True,True,True,True,27.32,-1.8667642752562281,False,59.01950875863893,0.5525148000091811,0.36497705823281357,0.375075483552735,True,False,False,False,2026-07-15,16.0,41.50114086293479,38.88000200951542,46.743418569773524,False,False,,,False,116703.0,118783.2,0.9824874224637827,False,307762100.0,5.16,59.64381782945736,1.1316484345529787,5.243304413428883,6.35090642230949,24.460431654676302,75.53956834532369,True,29.49,False,False,False,False,True,False
1464,003011,海象新材,C 制造业,腾讯前复权日K回退（成交额、换手率已提供）,False,2026-08-06,19.03,18.442,17.5875,True,True,True,True,18.98,0.263435194942048,True,57.40821834492216,-0.15185926850850962,-0.4794566249391321,0.655194712861245,True,False,False,False,2026-07-28,7.0,26.969289082109768,22.180096568686423,36.54767410895646,False,False,,,False,24685.0,25033.6,0.9860747155822575,False,46418100.00000001,3.21,14.46046728971963,2.037533512064349,3.2707774798927587,8.201847903340456,13.114754098360388,86.8852459016396,True,26.38,False,True,False,False,True,False
1465,003012,东鹏控股,C 制造业,腾讯前复权日K回退（成交额、换手率已提供）,False,2026-08-06,4.73,4.758,4.642,False,True,True,False,4.89,-3.2719836400817846,False,52.78320637880169,0.02166823949288954,-0.007028525181442621,0.057393529348664325,True,False,False,False,,,25.457786153717734,23.932053564160743,28.509251332831717,False,False,2026-07-29,6.0,True,82870.0,113381.0,0.7308984750531394,False,38940700.0,0.73,53.34342465753425,0.424628450106157,2.123142250530778,1.8957345971563997,19.999999999999645,80.00000000000036,True,5.43,False,False,False,True,False,False
1466,003013,地铁设计,M 科研服务,腾讯前复权日K回退（成交额、换手率已提供）,False,2026-08-06,18.18,17.81,16.256,True,True,True,True,18.3,-0.6557377049180382,False,62.16370019172379,0.7532556713179872,0.5103723609741067,0.4857666206877611,True,False,False,False,2026-07-27,8.0,94.30115844262036,88.85342805611401,105.19661921563306,False,False,,,False,82425.0,86574.0,0.9520756809203686,False,146119800.0,2.05,71.2779512195122,-0.1098901098901095,5.9340659340659245,11.835629921259839,0.0,100.0,True,18.3,True,False,False,True,False,False
1467,003015,日久光电,C 制造业,腾讯前复权日K回退（成交额、换手率已提供）,False,2026-08-06,11.75,10.940000000000001,10.689,True,True,True,True,11.86,-0.9274873524451891,False,59.57764843833892,-0.24918590846558786,-0.44756648471298394,0.39676115249479216,True,False,False,False,2026-07-29,6.0,20.408032872882053,15.33938950916619,30.54531960031378,False,False,,,False,157601.0,62599.0,2.5176280771258326,True,179503300.00000003,6.38,28.135313479623832,6.721162579473217,8.083560399636683,9.926092244363364,3.3707865168538653,96.62921348314613,True,15.19,False,False,False,False,False,False
1468,003016,欣贺股份,C 制造业,腾讯前复权日K回退（成交额、换手率已提供）,False,2026-08-06,6.77,6.741999999999999,6.501,True,True,True,True,6.94,-2.4495677233429514,False,57.185073952545125,0.0328343864835432,-0.036409554242044305,0.13848788145117502,True,False,False,False,,,28.373832418194926,25.496960450355868,34.127576353873046,False,False,2026-07-28,7.0,True,27348.0,34678.8,0.7886086023737845,False,18410300.0,0.67,27.478059701492533,0.2962962962962834,1.9259259259259243,4.137824950007679,15.384615384615753,84.61538461538424,True,8.38,False,False,False,False,False,False
1469,003017,大洋生物,C 制造业,腾讯前复权日K回退（成交额、换手率已提供）,False,2026-08-06,21.72,21.29,20.8715,True,True,True,True,22.8,-4.7368421052631655,False,54.03004247237317,-0.25139043680454876,-0.484994643805913,0.4672084140027285,True,False,False,False,2026-07-31,4.0,24.639156695650637,20.71091568789778,32.495638711156346,False,False,2026-07-27,8.0,True,12609.0,17604.4,0.7162413941969052,False,27023200.0,1.52,17.77842105263158,1.023255813953483,2.4186046511627888,4.065352274632862,0.0,100.0,True,28.9,False,True,False,False,True,False
1470,003018,金富科技,C 制造业,腾讯前复权日K回退（成交额、换手率已提供）,False,2026-08-06,39.4,35.148,40.119,True,False,False,True,57.65,-31.65654813529922,False,46.61461215554791,-4.266136731163449,-4.560395909830016,0.5885183573331343,True,False,True,False,,,32.28101759842943,30.378645353836276,36.085762087615734,False,False,,,False,216276.0,110759.0,1.95267201762385,True,836638300.0,7.6,110.08398684210528,3.03347280334727,4.733263598326347,-1.7921682993095573,6.0773480662983275,93.92265193370167,True,67.74,False,False,False,False,False,True
1471,003019,宸展光电,C 制造业,腾讯前复权日K回退（成交额、换手率已提供）,False,2026-08-06,23.72,22.812,23.427,True,True,False,True,29.15,-18.62778730703259,False,44.060598174021465,-1.7799431386176394,-2.2579234374431523,0.9559605976510257,True,False,False,False,2026-07-29,6.0,8.81845599433256,6.922830749268411,12.609706484460856,False,False,2026-08-04,2.0,True,45863.0,55492.0,0.8264794925394652,False,108328200.0,2.65,40.87856603773585,0.7646559048428259,3.101104502973664,1.2506936440858807,34.24657534246573,65.75342465753427,False,46.99,False,False,False,False,True,False
1472,003020,立方制药,C 制造业,腾讯前复权日K回退（成交额、换手率已提供）,False,2026-08-06,17.53,17.216,17.657000000000004,True,False,False,True,22.56,-22.296099290780134,False,53.2944302600809,0.07264045024657051,0.06609960447389847,0.013081691545344082,True,False,True,False,,,36.36339731893153,33.738726916549645,41.61273812369531,False,False,,,False,137361.0,94748.4,1.449744797801335,False,238830099.99999997,8.15,29.304306748466253,0.9792626728110765,3.974654377880192,-0.7192614826980938,28.985507246376656,71.01449275362334,True,22.56,False,False,False,False,True,False
1473,003021,兆威机电,C 制造业,腾讯前复权日K回退（成交额、换手率已提供）,False,2026-08-06,80.25,79.77000000000001,78.5575,True,True,True,True,90.7,-11.521499448732087,False,47.466151619911535,-2.7699197726791454,-3.9384178519770368,2.336996158595783,True,False,False,False,2026-07-31,4.0,15.533589884755528,12.460678104908482,21.679413444449622,False,False,2026-07-31,4.0,True,31885.0,35561.4,0.896618243376245,False,257222300.0,1.54,167.02746753246754,-1.1334236786990304,2.599482567451028,2.1544728383667953,62.08530805687216,26.06635071090035,False,117.12,False,False,False,False,True,False
1474,003022,联泓新科,C 制造业,腾讯前复权日K回退（成交额、换手率已提供）,False,2026-08-06,19.9,19.487999999999996,19.080000000000002,True,True,True,True,21.74,-8.463661453541858,False,46.43267461056191,-0.9017752502186909,-1.2685568004495273,0.733563100461673,True,False,False,False,2026-07-29,6.0,19.474830425535963,16.546010523660993,25.332470229285903,False,False,2026-07-27,8.0,True,108505.0,117046.4,0.9270255215025837,False,215212800.0,0.81,265.6948148148148,0.35300050428643814,1.613716591023703,4.297693920335412,21.87500000000007,78.12499999999993,True,28.7,False,False,False,False,False,False
1475,003023,彩虹集团,C 制造业,腾讯前复权日K回退（成交额、换手率已提供）,False,2026-08-06,22.47,21.154,19.160000000000004,True,True,True,True,21.8,3.0733944954128356,True,68.56687381620728,0.17432576169987257,-0.44062259178789526,1.2298967069755355,True,False,False,False,2026-07-23,10.0,28.9761314520799,23.7612889166392,39.40581652296131,False,False,,,False,55423.0,32416.6,1.7097104569880863,False,121828000.0,5.27,23.117267552182163,3.7396121883656486,6.048014773776541,17.275574112734834,20.610687022900752,79.38931297709925,True,32.94,False,False,False,False,True,False
1476,003025,思进智能,C 制造业,腾讯前复权日K回退（成交额、换手率已提供）,False,2026-08-06,12.05,11.86,11.6295,True,True,True,True,13.63,-11.592076302274394,False,46.50082954273411,-0.4913888594352258,-0.700731469213097,0.41868521955574245,True,False,False,False,2026-07-29,6.0,16.871363924067122,14.332377126998685,21.949337518203993,False,False,2026-07-23,10.0,True,41700.0,43168.2,0.9659888529056111,False,50107400.0,1.84,27.23228260869565,0.24958402662229595,2.1630615640598987,3.6158046347650417,34.615384615384585,65.3846153846154,False,18.62,False,False,False,False,True,False
1477,003026,中晶科技,C 制造业,腾讯前复权日K回退（成交额、换手率已提供）,False,2026-08-06,28.69,26.79,29.178500000000003,True,False,False,True,42.72,-32.84176029962546,False,45.83386076991999,-2.252921294011717,-2.395183251541054,0.28452391505867425,True,False,True,False,,,17.27450036955464,15.699105157577813,20.425290793508292,False,False,2026-08-05,1.0,True,120549.0,92837.4,1.2984960802435226,False,341246700.0,8.34,40.916870503597124,2.464285714285719,4.642857142857145,-1.6741779049642782,8.461538461538414,91.53846153846159,True,49.8,False,False,False,False,False,False
1478,003027,同兴科技,N 公共环保,腾讯前复权日K回退（成交额、换手率已提供）,False,2026-08-06,16.5,16.106,15.430499999999999,True,True,True,True,16.77,-1.610017889087654,False,52.46042484466546,-0.4347264459870406,-0.8019177467140766,0.734382601454072,True,False,False,False,2026-07-23,10.0,17.12049181458978,14.142229208941396,23.077017025886544,False,False,,,False,19776.0,24982.2,0.7916036217787065,False,32560900.0,1.89,17.22798941798942,0.4872107186357999,3.166869671132762,6.931078059686993,36.53846153846182,63.46153846153818,False,27.35,False,False,False,False,True,False
1479,003028,振邦智能,C 制造业,腾讯前复权日K回退（成交额、换手率已提供）,False,2026-08-06,22.73,22.121999999999996,21.347,True,True,True,True,22.69,0.17628911414719764,True,56.36667419845618,-0.29375245620474644,-0.6635314650974287,0.7395580177853645,True,False,False,False,2026-07-27,8.0,19.86107555844729,15.693146912211331,28.196932850919207,False,False,2026-07-27,8.0,True,15558.0,9552.8,1.6286324428439831,False,35509100.0,2.2,16.140499999999996,1.067140951534018,5.068919519786574,6.478662107087642,57.01754385964897,42.98245614035103,False,31.9,False,False,False,False,True,False
1480,003029,吉大正元,I 信息技术,腾讯前复权日K回退（成交额、换手率已提供）,False,2026-08-06,18.76,17.253999999999998,16.0465,True,True,True,True,17.41,7.754164273406096,True,70.97936589699198,0.18280796670157784,-0.20240553456522575,0.7704270025336072,True,False,False,False,,,33.230218376063476,24.207280759449024,51.27609360929238,False,False,2026-07-27,8.0,True,91939.0,29226.6,3.1457302594212124,True,165371100.0,5.22,31.68028735632184,10.029325513196486,10.674486803519063,16.910229645093942,0.0,100.0,True,22.3,False,False,False,False,False,True
1481,003030,祖名股份,C 制造业,腾讯前复权日K回退（成交额、换手率已提供）,False,2026-08-06,22.13,21.406,22.004,True,True,False,True,26.15,-15.37284894837476,False,51.09428876626628,-0.30257629496742666,-0.3484775923014226,0.0918025946679919,True,False,True,False,,,33.67386232047494,33.553611849948744,33.91436326152733,True,False,,,False,45084.0,41847.8,1.0773326196359188,False,99601900.0,5.57,17.881849192100535,1.8407731247123804,4.003681546249413,0.5726231594255483,39.08045977011504,60.91954022988496,False,27.15,False,True,False,False,False,False
1482,003031,中瓷电子,C 制造业,腾讯前复权日K回退（成交额、换手率已提供）,False,2026-08-06,111.76,101.31400000000001,110.21000000000001,True,True,False,True,155.76,-28.248587570621464,False,45.89760999384535,-11.700652449385629,-13.37803898468276,3.3547730705942627,True,False,False,False,2026-08-05,1.0,23.570140607932633,21.545275344797094,27.619871134203713,False,False,,,False,111623.0,111520.4,1.0009200110473062,False,1231800100.0,3.28,375.54881097560974,2.881340329559068,7.640614931418574,1.4064059522729309,25.54216867469869,74.45783132530131,True,205.95,False,False,False,False,False,True
1483,003032,传智教育,P 教育,腾讯前复权日K回退（成交额、换手率已提供）,False,2026-08-06,10.95,10.368,6.952500000000001,True,True,True,True,11.73,-6.649616368286454,False,79.77815692893083,1.3013553600139467,0.6733082220145277,1.256094275998838,True,False,False,False,2026-07-10,19.0,91.21092638953382,85.15885369558465,103.31507177743217,False,False,,,False,1097463.0,315131.4,3.482556800115761,True,1228161700.0,38.58,31.83415500259202,-6.649616368286459,11.508951406649613,57.49730312837107,37.037037037037045,22.22222222222215,False,11.73,False,True,False,True,False,True
1484,003033,征和工业,C 制造业,腾讯前复权日K回退（成交额、换手率已提供）,False,2026-08-06,60.75,59.008,64.14250000000001,True,False,False,True,71.71,-15.283781899316685,False,48.31813484879139,-0.5743166922582859,0.31345594647356945,-1.7755452774637106,False,True,False,False,,,49.8022858022369,50.2908976391601,48.82506212839051,False,False,,,False,14788.0,18345.4,0.80608762959652,False,90590700.0,1.83,49.503114754098355,-1.8578352180936952,4.652665589660748,-5.289004949916221,63.5416666666668,27.430555555555504,False,71.71,False,True,False,False,False,False
1485,003035,南网能源,M 科研服务,腾讯前复权日K回退（成交额、换手率已提供）,False,2026-08-06,5.6,5.6579999999999995,5.482,False,True,True,True,5.83,-3.9451114922813106,False,48.03740011750109,-0.06558838986560733,-0.13112963965484425,0.13108249957847384,True,False,False,False,2026-07-15,16.0,12.465400640447278,11.27096338750882,14.854275146324195,False,False,,,False,262800.0,309727.8,0.8484869617774059,False,147634700.0,0.69,213.96333333333337,-1.7543859649122862,2.8070175438596516,2.152499087924105,12.499999999999723,25.0,False,8.33,False,False,False,False,False,False
1486,003036,泰坦股份,C 制造业,腾讯前复权日K回退（成交额、换手率已提供）,False,2026-08-06,52.25,46.142,55.053999999999995,True,False,False,True,88.47,-40.9404317847858,False,43.83060947030629,-7.912199152917701,-8.08921737344174,0.35403644104807697,True,False,True,False,,,30.89395348574335,30.520993025217894,31.639874406794256,True,False,,,False,77466.0,79974.4,0.9686349631882203,False,387588300.0,3.58,108.26488826815641,10.000000000000009,9.094736842105263,-5.09318124023685,0.0,100.0,True,104.79,False,False,False,False,False,True
1487,003037,三和管桩,C 制造业,腾讯前复权日K回退（成交额、换手率已提供）,False,2026-08-06,5.7,5.618,5.5225,True,True,True,True,6.29,-9.379968203497613,False,51.498237500665994,-0.09587749778117516,-0.16193792275833663,0.13212084995432294,True,False,False,False,2026-07-29,6.0,20.236874760159992,16.806405762764467,27.097812754951043,False,False,2026-07-28,7.0,True,32163.0,41882.6,0.7679322678152741,False,18206100.0,0.54,33.715,1.0638297872340496,1.7730496453900804,3.21412403802626,0.0,100.0,True,7.56,False,True,False,False,False,False
1488,003038,鑫铂股份,C 制造业,腾讯前复权日K回退（成交额、换手率已提供）,False,2026-08-06,10.75,10.684000000000001,10.204,True,True,True,True,11.15,-3.587443946188344,False,52.69931192553349,-0.18053501987793652,-0.3757510036026709,0.39043196744946873,True,False,False,False,2026-07-28,7.0,15.365395743903107,12.684864317661427,20.72645859638647,False,False,2026-07-27,8.0,True,42119.0,42846.8,0.9830139006880326,False,45070500.0,2.57,17.537159533073932,-0.09293680297397522,2.6022304832713696,5.350842806742447,0.0,64.28571428571433,False,15.0,False,False,False,False,True,False
1489,003039,顺控发展,D 水电煤气,腾讯前复权日K回退（成交额、换手率已提供）,False,2026-08-06,11.97,12.042,11.5415,False,True,True,True,12.34,-2.998379254457044,False,56.488981337043256,0.09402336246357734,-0.012807868716238905,0.2136624623596325,True,False,False,False,,,24.046425320789137,21.653998354340484,28.83127925368644,False,False,,,False,30936.0,39498.2,0.783225564709278,False,36901300.0,0.5,73.8026,0.0,1.9214703425229775,3.7126889918988124,34.78260869565214,65.21739130434786,False,14.42,False,False,False,False,True,False
1490,003040,楚天龙,C 制造业,腾讯前复权日K回退（成交额、换手率已提供）,False,2026-08-06,12.46,11.476,10.618,True,True,True,True,11.56,7.785467128027684,True,72.02383546118104,0.12279384738587851,-0.14169327769858384,0.5289742501689247,True,False,False,False,2026-07-09,20.0,24.02974422326896,18.275824540360848,35.53758358908518,False,False,,,False,124084.0,130486.8,0.9509314352103048,False,150579400.0,2.72,55.360073529411764,9.973521624007065,10.856134157105036,17.347899792804675,0.0,100.0,True,14.96,False,False,False,False,True,True
1491,003041,真爱美家,C 制造业,腾讯前复权日K回退（成交额、换手率已提供）,False,2026-08-06,42.79,41.459999999999994,38.253,True,True,True,True,45.15,-5.227021040974528,False,56.55183038789257,-0.5549073272160001,-1.8664214837551718,2.6230283130783434,True,False,False,False,2026-07-29,6.0,24.510209506555285,19.101796525716914,35.327035468232026,False,False,,,False,30900.0,38244.2,0.8079656523080625,False,134350900.0,2.26,59.44730088495576,-4.614355773517609,6.620597414177438,11.86050767260084,16.83501683501684,8.75420875420869,False,66.99,False,False,False,False,False,False
1492,003042,中农联合,C 制造业,腾讯前复权日K回退（成交额、换手率已提供）,False,2026-08-06,13.07,12.819999999999999,12.2195,True,True,True,True,13.12,-0.38109756097560166,False,58.331396092668506,-0.034569448862445284,-0.24545633493141703,0.4217737721379435,True,False,False,False,,,19.28092625294649,16.266065419872195,25.310647919095082,False,False,2026-07-27,8.0,True,49341.0,35744.2,1.3803917838418542,False,63962400.0,4.0,15.9906,1.950078003120126,3.8221528861154463,6.960186587012564,36.734693877550946,63.26530612244905,False,17.15,False,False,False,False,False,False
1493,003043,华亚智能,C 制造业,腾讯前复权日K回退（成交额、换手率已提供）,False,2026-08-06,66.71,62.25599999999999,69.063,True,False,False,True,104.66,-36.26027135486337,False,45.566168099810156,-5.203940582340351,-5.074240544618551,-0.259400075443601,False,True,False,False,,,24.13763684115734,25.20940512333452,21.994100276802982,False,False,,,False,63463.0,65414.2,0.9701716141143667,False,425274900.0,6.75,63.003688888888895,0.16516516516515978,6.051051051051053,-3.4070341572187837,56.823821339950506,43.176178660049494,False,108.07,False,False,False,False,True,False
1494,003816,中国广核,D 水电煤气,腾讯前复权日K回退（成交额、换手率已提供）,False,2026-08-06,3.96,4.062,4.022,False,False,True,False,4.24,-6.603773584905666,False,44.61074162285757,0.010828056880265002,0.009622025251692111,0.002412063257145783,True,False,False,False,2026-07-09,20.0,28.793271162008267,31.95728184501667,22.46524979599146,False,False,,,False,1105802.0,1267147.8,0.8726701020985871,False,437216200.0,0.28,1561.4864285714286,-0.7518796992481258,1.5037593984962419,-1.5415216310293456,16.666666666667037,49.99999999999963,False,4.85,False,False,False,False,False,False
