序号,股票代码,股票名称,所属行业,数据来源,缓存命中,数据日期,收盘价,MA5,MA20,站上MA5,站上MA20,MA5高于MA20,MA5上行,前20日平台最高价,平台突破幅度（%）,收盘突破前20日平台,RSI14,MACD_DIF,MACD_DEA,MACD柱,MACD多头,MACD空头,MACD金叉,MACD死叉,最近MACD金叉日期,最近MACD金叉距今交易日数,"KDJ_K(89,3,3)","KDJ_D(89,3,3)","KDJ_J(89,3,3)",KDJ金叉,KDJ死叉,最近KDJ健康金叉日期,最近KDJ健康金叉距今交易日数（0=当日）,KDJ金叉且状态良好,当日成交量,5日均量,量比,放量,当日成交额,换手率,估算流通市值（亿元）,当日涨跌幅,振幅,BIAS20,上影线比例,收盘日内位置（%）,收盘位于日内高位,60日最高价,触及60日高点压力,近3日十字星,近3日倒T字星,近3日吊颈线,近3日长上影阳线,近3日极端大阳线
1,000001,平安银行,J 金融业,腾讯前复权日K回退（成交额、换手率已提供）,False,2026-07-30,11.61,11.26,10.83,True,True,True,True,11.36,2.200704225352113,True,74.85845001507042,0.2061984314273122,0.12580775934512628,0.16078134416437184,True,False,False,False,2026-07-08,16.0,92.80145786645933,85.97326470750723,106.45784418436355,False,False,,,False,2777708.0,1153179.4,2.4087388310960116,True,3194072400.0,1.43,2233.617062937063,2.92553191489362,3.900709219858152,7.202216066481988,2.272727272727227,97.72727272727278,True,11.36,True,False,False,False,False,False
2,000002,万 科Ａ,K 房地产,腾讯前复权日K回退（成交额、换手率已提供）,False,2026-07-30,3.33,3.1919999999999997,3.1189999999999998,True,True,True,True,3.31,0.6042296072507558,True,60.63098993380249,0.01819309559080251,-0.01318605204517738,0.06275829527195978,True,False,False,False,,,22.503251781612516,17.418431541585893,32.67289226166576,False,False,2026-07-27,3.0,True,2118666.0,1286825.0,1.6464290016124958,False,708739100.0,2.18,325.10967889908255,1.5243902439024515,4.268292682926833,6.764988778454644,49.99999999999984,50.000000000000156,False,4.16,False,False,False,False,False,False
3,000006,深振业Ａ,K 房地产,腾讯前复权日K回退（成交额、换手率已提供）,False,2026-07-30,6.37,6.34,6.4875,True,False,False,True,7.58,-15.963060686015831,False,41.178549654099236,-0.3762730077915428,-0.468917574385617,0.18528913318814833,True,False,False,False,2026-07-27,3.0,13.21068466376721,10.857371285524996,17.91731142025164,False,False,2026-07-21,7.0,True,222568.0,247512.2,0.8992203212609318,False,143913500.0,1.65,87.22030303030304,-2.1505376344086002,4.147465437788026,-1.8111753371868937,59.25925925925921,11.111111111111184,False,11.25,False,False,False,False,False,False
4,000007,全新好,K 房地产,腾讯前复权日K回退（成交额、换手率已提供）,False,2026-07-30,8.71,9.104,10.0685,False,False,False,False,13.5,-35.481481481481474,False,29.139554476309968,-0.9109708359409385,-0.8949388880233958,-0.0320638958350854,False,True,False,False,,,8.645271393486304,9.049860664241672,7.836092851975568,False,True,,,False,75239.0,76694.0,0.9810285028815814,False,67022100.0,2.17,30.885760368663597,-4.912663755458513,5.676855895196502,-13.492575855390568,5.769230769230651,7.692307692307876,False,17.79,False,False,False,False,True,False
5,000008,神州高铁,C 制造业,腾讯前复权日K回退（成交额、换手率已提供）,False,2026-07-30,2.35,2.332,2.3520000000000003,True,False,False,True,2.86,-17.832167832167826,False,46.76442934367904,-0.04065656129416828,-0.04999078309591814,0.018668443603499715,True,False,False,False,2026-07-28,2.0,12.02467627654179,11.312276486518961,13.449475856587448,False,False,2026-07-28,2.0,True,282883.0,258932.6,1.0924966574313162,False,66796100.0,1.04,64.22701923076923,-0.8438818565400852,2.531645569620255,-0.08503401360545168,50.00000000000037,33.33333333333333,False,2.87,False,False,False,False,True,False
6,000009,中国宝安,J 金融业,腾讯前复权日K回退（成交额、换手率已提供）,False,2026-07-30,7.15,6.453999999999999,6.2415,True,True,True,True,6.59,8.497723823975727,True,68.45908479706715,-0.041291947806398,-0.1704492115972671,0.2583145275817382,True,False,False,False,2026-07-03,19.0,19.326879910625863,11.848998818158401,34.28264209556079,False,False,2026-07-27,3.0,True,562050.0,269877.6,2.0826107835552117,True,390363900.0,2.18,179.06600917431192,10.000000000000009,10.769230769230772,14.555795882400066,0.0,100.0,True,8.83,False,False,False,False,False,True
7,000010,*ST美丽,E 建筑业,腾讯前复权日K回退（成交额、换手率已提供）,False,2026-07-30,1.51,1.486,1.6470000000000002,True,False,False,False,1.96,-22.959183673469386,False,37.83667551426117,-0.14127324128452812,-0.15007658117845238,0.017606679787848523,True,False,False,False,2026-07-29,1.0,2.8614322452101373,2.498253853349852,3.5877890289307075,False,False,2026-07-28,2.0,True,190836.0,187068.4,1.0201402267833584,False,29124600.0,2.19,13.29890410958904,-0.6578947368421018,5.263157894736847,-8.318154219793577,50.0,25.0,False,2.86,False,False,False,False,True,False
8,000011,深物业A,K 房地产,腾讯前复权日K回退（成交额、换手率已提供）,False,2026-07-30,7.99,7.953999999999999,6.9315,True,True,True,True,9.09,-12.101210121012098,False,63.81187224059128,0.2544371387556801,0.07760206311537744,0.3536701512806053,True,False,False,False,2026-07-15,11.0,54.068823868848206,45.8243075027958,70.55785660095303,False,False,,,False,327880.0,363034.2,0.9031655970704688,False,262751200.0,6.23,42.175152487961476,2.1739130434782705,9.846547314578,15.270864892158992,46.75324675324671,53.2467532467533,False,9.09,False,False,False,False,True,False
9,000012,南 玻Ａ,C 制造业,腾讯前复权日K回退（成交额、换手率已提供）,False,2026-07-30,3.93,3.844,4.0055,True,False,False,True,5.13,-23.391812865497073,False,45.47755237550668,-0.15198697464344502,-0.15663946849212984,0.009304987697369649,True,False,True,False,,,14.836815180153332,13.244942517462258,18.02056050553548,False,False,2026-07-29,1.0,True,274754.0,233987.2,1.1742266243623583,False,107928000.0,1.4,77.09142857142858,0.7692307692307665,2.3076923076923155,-1.8849082511546489,44.444444444444336,55.55555555555567,False,5.41,False,False,False,False,False,False
10,000014,沙河股份,K 房地产,腾讯前复权日K回退（成交额、换手率已提供）,False,2026-07-30,9.98,9.562,9.2045,True,True,True,True,10.2,-2.156862745098028,False,57.29574784157384,-0.07399015067088222,-0.2500061216823692,0.35203194202297394,True,False,False,False,2026-07-02,20.0,18.001894724488505,13.372357837613906,27.2609684982377,False,False,2026-07-27,3.0,True,127346.0,96645.6,1.3176595727068794,False,129687900.00000001,5.26,24.65549429657795,-0.10010010010009784,5.805805805805806,8.425226791243425,86.20689655172413,10.34482758620698,False,13.32,False,True,False,False,True,False
11,000016,*ST康佳A,C 制造业,腾讯前复权日K回退（成交额、换手率已提供）,False,2026-07-30,2.47,2.5060000000000002,2.4945,False,False,True,True,2.82,-12.411347517730485,False,45.7548298125421,-0.051687332291828536,-0.07709059306942928,0.05080652155520149,True,False,False,False,2026-07-03,19.0,24.12450044888837,23.714935725760853,24.943629895143403,False,False,,,False,189861.0,172873.4,1.0982661300119048,False,47831700.0,1.19,40.19470588235294,-3.137254901960773,4.705882352941163,-0.9821607536580376,41.666666666666636,0.0,False,3.64,False,True,False,False,False,False
12,000017,深中华A,C 制造业,腾讯前复权日K回退（成交额、换手率已提供）,False,2026-07-30,5.82,5.894,5.8035,False,True,True,True,6.67,-12.743628185907042,False,52.534331406850974,0.04270597360751971,0.018330856160055795,0.04875023489492783,True,False,False,False,2026-07-28,2.0,41.970063137093646,37.13930520680777,51.6315789976654,False,False,,,False,100749.0,136357.2,0.7388608742332637,False,60000300.0,2.29,26.201004366812224,-2.8380634390651083,4.507512520868121,0.284311191522368,33.33333333333323,3.703703703703947,False,6.67,False,False,False,False,True,False
13,000019,深粮控股,F 批发零售,腾讯前复权日K回退（成交额、换手率已提供）,False,2026-07-30,6.08,5.982,5.9775,True,True,True,True,6.19,-1.777059773828761,False,52.236285504170034,-0.03294525449132113,-0.06128328530959812,0.056676061636553976,True,False,False,False,2026-07-02,20.0,16.07210959074197,15.112274663717779,17.99177944479035,False,False,2026-07-29,1.0,True,68159.0,45043.8,1.513171624063689,False,41561400.0,1.64,25.342317073170733,0.6622516556291425,2.3178807947019964,1.714763697197826,57.14285714285696,42.85714285714304,False,7.81,False,False,False,False,True,False
14,000020,深华发Ａ,C 制造业,腾讯前复权日K回退（成交额、换手率已提供）,False,2026-07-30,10.37,10.15,10.2765,True,True,False,True,11.57,-10.371650821089032,False,45.80166846406614,-0.3668871357662855,-0.4822677548880854,0.23076123824359973,True,False,False,False,2026-07-23,5.0,6.253625411383967,5.048981841422894,8.662912551306112,False,False,2026-07-21,7.0,True,53477.0,28527.6,1.8745705912870345,True,56060300.0,2.95,19.003491525423726,0.09652509652509078,5.0193050193050155,0.9098428453267046,73.07692307692328,26.92307692307671,False,16.15,False,False,False,False,True,False
15,000021,深科技,C 制造业,腾讯前复权日K回退（成交额、换手率已提供）,False,2026-07-30,36.42,40.414,45.8985,False,False,False,False,61.86,-41.12512124151309,False,39.26569557737795,-2.383190390208327,-1.237961930949375,-2.290456918517904,False,True,False,False,,,34.341635108166265,37.65507965289887,27.714746018701064,False,False,,,False,1592658.0,1879265.8,0.8474894823286838,False,5981223800.0,10.12,591.0300197628459,-9.290161892901615,8.244084682440835,-20.65100166672113,28.096676737160152,4.531722054380628,False,66.2,False,False,False,False,True,False
16,000025,特 力Ａ,F 批发零售,腾讯前复权日K回退（成交额、换手率已提供）,False,2026-07-30,15.64,14.437999999999999,13.7185,True,True,True,True,14.5,7.8620689655172455,True,69.5534234159966,0.06969008715112324,-0.1647049325399508,0.4687900393821481,True,False,False,False,2026-07-16,10.0,47.699462963678315,35.21352680940338,72.67133527222818,False,False,,,False,146365.0,58708.4,2.4930844649147312,True,223174700.0,3.73,59.832359249329755,9.985935302391002,10.61884669479606,14.006633378284796,0.0,100.0,True,16.57,False,False,False,False,True,True
17,000026,飞亚达,F 批发零售,腾讯前复权日K回退（成交额、换手率已提供）,False,2026-07-30,16.2,16.125999999999998,17.7405,True,False,False,True,22.86,-29.13385826771654,False,37.73298565039834,-1.2199848478124125,-1.1674332211553715,-0.10510325331408188,False,True,False,False,,,22.054459330951136,22.89950212607167,20.36437374071007,False,False,,,False,104043.0,49411.0,2.1056647305255916,True,171953200.0,2.85,60.33445614035087,0.6211180124223503,8.198757763975156,-8.683520757588576,81.06060606060606,18.939393939393938,False,27.67,False,False,False,False,True,False
18,000027,深圳能源,D 水电煤气,腾讯前复权日K回退（成交额、换手率已提供）,False,2026-07-30,6.47,6.382,6.2505,True,True,True,False,6.59,-1.8209408194233705,False,51.75034121482481,-0.052077612610250235,-0.10941048136142933,0.1146657375023582,True,False,False,False,2026-07-15,11.0,21.44283033794389,20.077998246431346,24.172494520968975,False,False,,,False,275666.0,280081.4,0.9842352973099963,False,177149100.0,0.58,305.42948275862074,0.6220839813374734,2.1772939346811913,3.5117190624750028,14.285714285714556,85.71428571428544,True,8.29,False,False,False,False,False,False
19,000028,国药一致,F 批发零售,腾讯前复权日K回退（成交额、换手率已提供）,False,2026-07-30,21.0,20.54,20.663999999999998,True,True,False,True,22.08,-4.89130434782608,False,55.84087633497822,0.09697241519123878,0.08457537186548432,0.024794086651508923,True,False,True,False,,,36.6733339672629,34.967566189563236,40.08486952266223,True,False,,,False,29511.0,24968.6,1.1819244971684437,False,61735600.00000001,0.56,110.24214285714287,1.1073663938372613,1.8777082330283918,1.6260162601626118,15.384615384615174,84.61538461538483,True,22.08,False,True,False,False,False,False
20,000029,深深房Ａ,K 房地产,腾讯前复权日K回退（成交额、换手率已提供）,False,2026-07-30,19.5,19.47,21.1415,True,False,False,False,24.56,-20.602605863192178,False,38.49411640810155,-1.1924924506023764,-1.1187165682300142,-0.14755176474472442,False,True,False,False,,,14.899151724859117,16.53481310350809,11.627828967561172,False,False,,,False,66426.0,64085.2,1.0365263742642608,False,131336400.0,0.74,177.48162162162163,-3.129657228017879,4.967709885742673,-7.76434973866566,24.0000000000002,23.999999999999844,False,31.08,False,False,False,False,False,False
21,000030,富奥股份,C 制造业,腾讯前复权日K回退（成交额、换手率已提供）,False,2026-07-30,4.28,4.194000000000001,4.1135,True,True,True,True,4.3,-0.46511627906975755,False,57.45450470934707,0.012263758555527637,-0.01811511170144628,0.06075774051394783,True,False,False,False,2026-07-03,19.0,22.39970218385514,20.472938838591254,26.253228874382913,False,False,,,False,122870.0,89683.2,1.3700447798472848,False,52549200.0,0.74,71.01243243243243,0.9433962264151052,2.122641509433959,4.047647988331107,44.44444444444456,55.55555555555544,False,4.98,False,False,False,False,True,False
22,000031,大悦城,K 房地产,腾讯前复权日K回退（成交额、换手率已提供）,False,2026-07-30,2.19,2.146,2.1310000000000002,True,True,True,True,2.24,-2.232142857142869,False,49.29685114819727,-0.047146898647632884,-0.07300843748973945,0.05172307768421314,True,False,False,False,2026-07-08,16.0,11.209050930434548,8.767339894622006,16.09247300205963,False,False,2026-07-27,3.0,True,299550.0,297214.0,1.0078596566783529,False,66037200.0,0.7,94.33885714285715,0.0,4.109589041095884,2.7686532144532947,66.66666666666683,33.33333333333317,False,3.17,False,True,False,False,True,False
23,000032,深桑达Ａ,E 建筑业,腾讯前复权日K回退（成交额、换手率已提供）,False,2026-07-30,12.31,13.844,17.479999999999997,False,False,False,False,23.52,-47.66156462585034,False,28.27081426633235,-1.9940515260295903,-1.4557578384949577,-1.0765873750692654,False,True,False,False,,,3.7884899059295614,7.541889973168163,-3.718310228547642,False,False,,,False,880648.0,443054.4,1.9876746512392156,True,1124051100.0,7.25,155.04153103448277,-9.285187914517312,10.906411201179061,-29.57665903890159,13.513513513513479,6.081081081081077,False,27.19,False,False,False,False,False,False
24,000034,神州数码,F 批发零售,腾讯前复权日K回退（成交额、换手率已提供）,False,2026-07-30,23.33,25.625999999999998,26.756,False,False,False,False,30.58,-23.708306082406803,False,38.88491971122156,-0.38626768277755374,-0.08491387414066345,-0.6027076172737806,False,True,False,False,,,33.59215708742311,42.435901133242275,15.904668995784775,False,False,,,False,529866.0,620133.4,0.8544387385036832,False,1274800000.0,6.24,204.2948717948718,-7.859399684044243,8.807266982622435,-12.804604574674846,2.2421524663677443,0.44843049327345325,False,31.34,False,False,False,False,False,False
25,000035,中国天楹,N 公共环保,腾讯前复权日K回退（成交额、换手率已提供）,False,2026-07-30,5.01,4.795999999999999,4.609,True,True,True,True,5.18,-3.281853281853281,False,57.37612587585078,-0.06173142383773644,-0.15868144715863694,0.193900046641801,True,False,False,False,,,16.30410134719808,11.882474488681423,25.147355064231395,False,False,2026-07-23,5.0,True,546552.0,639521.6,0.8546263331840551,False,274720500.0,2.36,116.40699152542373,0.6024096385542022,3.4136546184738936,8.700368843566931,58.823529411765044,41.176470588234956,False,6.77,False,False,False,False,True,False
26,000036,华联控股,K 房地产,腾讯前复权日K回退（成交额、换手率已提供）,False,2026-07-30,3.86,3.9539999999999997,4.164,False,False,False,False,4.97,-22.334004024144868,False,36.4152656572116,-0.20705569469342944,-0.20463447383450825,-0.004842441717842372,False,True,False,True,2026-07-29,1.0,8.351658117731155,10.202827822976863,4.64931870723974,False,False,,,False,320595.0,237659.4,1.3489683134771864,False,125435200.0,2.29,54.775196506550216,-3.7406483790523692,5.236907730673327,-7.300672430355423,33.33333333333341,19.047619047619026,False,6.43,False,False,False,False,False,False
27,000037,深南电A,D 水电煤气,腾讯前复权日K回退（成交额、换手率已提供）,False,2026-07-30,9.0,9.108,8.937000000000001,False,True,True,False,10.7,-15.887850467289713,False,46.55811839837433,-0.10086470881236842,-0.1775161585129321,0.15330289940112735,True,False,False,False,2026-07-16,10.0,24.840913651700983,26.566098652929952,21.390543649243043,False,False,,,False,230962.0,361844.8,0.6382902282967725,False,208864100.0,6.81,30.670205580029368,-2.9126213592232997,4.8543689320388275,0.7049345417925348,42.22222222222218,35.55555555555564,False,12.91,False,True,False,False,False,False
28,000039,中集集团,C 制造业,腾讯前复权日K回退（成交额、换手率已提供）,False,2026-07-30,8.7,8.398,8.0575,True,True,True,True,8.78,-0.9111617312072902,False,55.55043109724871,-0.10874921676163218,-0.2839064371508333,0.35031444077840224,True,False,False,False,2026-07-06,18.0,17.62370242786213,14.282405385042855,24.306296513500687,False,False,2026-07-20,8.0,True,449910.0,453405.0,0.992291659774374,False,393811500.0,1.95,201.9546153846154,0.0,3.6781609195402334,7.9739373254731625,65.62500000000021,34.374999999999794,False,13.65,False,False,False,False,True,False
29,000042,中洲控股,K 房地产,腾讯前复权日K回退（成交额、换手率已提供）,False,2026-07-30,8.06,7.92,7.8575,True,True,True,True,8.62,-6.496519721577712,False,48.406331749636216,-0.17223893345105967,-0.24834312862956248,0.15220839035700562,True,False,False,False,2026-07-14,12.0,22.45765088890465,20.973878194981513,25.425196276750917,False,False,,,False,53553.0,47422.4,1.1292764600695029,False,43504100.0,0.81,53.70876543209876,-0.24752475247524774,2.8465346534653517,2.5771555838371056,60.86956521739144,17.391304347826456,False,10.49,False,False,False,False,True,False
30,000045,深纺织Ａ,C 制造业,腾讯前复权日K回退（成交额、换手率已提供）,False,2026-07-30,9.52,9.370000000000001,9.309999999999999,True,True,True,True,10.39,-8.373435996150153,False,48.36590713027837,-0.27597144063727086,-0.4083816991271304,0.2648205169797191,True,False,False,False,2026-07-27,3.0,14.472259898117075,10.970313863340282,21.476151967670663,False,False,2026-07-23,5.0,True,116514.0,87187.8,1.3363566921060057,False,111912099.99999999,2.55,43.88709803921568,-0.6263048016701522,2.296450939457209,2.2556390977443703,95.45454545454557,4.545454545454435,False,12.75,False,True,True,False,True,True
31,000048,京基智农,A 农林牧渔,腾讯前复权日K回退（成交额、换手率已提供）,False,2026-07-30,17.1,18.006,20.220499999999998,False,False,False,False,26.38,-35.17816527672478,False,38.52479168474611,-0.4869772596260873,0.031402475850474496,-1.0367594709531236,False,True,False,False,,,39.963334023343194,44.52643689776793,30.837128274493722,False,False,,,False,184161.0,136852.6,1.3456887191036195,False,316443700.0,3.48,90.93209770114943,-5.577029265599109,11.319712865819973,-15.432358250290529,25.3658536585366,36.58536585365859,False,26.38,False,True,False,False,True,False
32,000049,德赛电池,C 制造业,腾讯前复权日K回退（成交额、换手率已提供）,False,2026-07-30,24.34,24.389999999999997,24.258000000000003,False,True,True,True,25.49,-4.511573165947425,False,50.4302250260971,0.002528993026277959,-0.09435211480107518,0.19376221565470628,True,False,False,False,,,23.589711489021425,22.258108140009863,26.25291818704455,False,False,,,False,112529.0,87508.8,1.285916387837566,False,275281600.0,2.93,93.95276450511946,-1.8943974203949998,4.191858121725122,0.33803281391704665,25.961538461538698,50.96153846153844,False,29.23,False,False,False,False,True,False
33,000050,深天马Ａ,C 制造业,腾讯前复权日K回退（成交额、换手率已提供）,False,2026-07-30,6.45,6.354,7.018000000000001,True,False,False,True,10.3,-37.37864077669903,False,37.148361470532414,-0.5884283686509368,-0.5813535588218482,-0.014149619658177182,False,True,False,False,,,7.326831876703001,6.229173353840463,9.522148922428078,False,False,2026-07-29,1.0,True,364315.0,285754.6,1.274922608419952,False,235574800.0,1.5,157.04986666666667,-1.82648401826484,2.739726027397256,-8.093473924194933,22.22222222222228,50.0,False,10.99,False,False,False,False,False,False
34,000055,方大集团,C 制造业,腾讯前复权日K回退（成交额、换手率已提供）,False,2026-07-30,3.34,3.3120000000000003,3.287,True,True,True,True,3.48,-4.02298850574713,False,49.2203205744634,-0.040503036342013576,-0.06372352111043755,0.046440969536847954,True,False,False,False,2026-07-15,11.0,15.125190705766215,13.084161839844905,19.207248437608836,False,False,2026-07-27,3.0,True,107900.0,95139.8,1.1341205257946727,False,36479700.0,1.6,22.7998125,-1.764705882352946,3.823529411764716,1.6124125342257358,61.53846153846143,15.384615384615358,False,4.44,False,False,False,False,False,False
35,000056,*ST皇庭,L 商务服务,腾讯前复权日K回退（成交额、换手率已提供）,False,2026-07-30,1.83,1.8780000000000001,1.9925000000000002,False,False,False,False,2.42,-24.38016528925619,False,44.1124232082085,-0.027090928170754536,-0.005582823034194687,-0.0430162102731197,False,True,False,False,,,52.485653207094764,52.97890433789547,51.49915094549334,False,True,,,False,153197.0,158955.6,0.9637722735153715,False,28590400.0,1.7,16.817882352941176,-3.6842105263157787,5.263157894736835,-8.155583437892098,20.000000000000046,0.0,False,2.42,False,True,False,False,True,False
36,000058,深 赛 格,L 商务服务,腾讯前复权日K回退（成交额、换手率已提供）,False,2026-07-30,6.6,6.305999999999999,6.153499999999999,True,True,True,True,6.52,1.2269938650306762,True,59.88029804227443,-0.05364291501331575,-0.14473570504860878,0.18218558007058605,True,False,False,False,2026-07-03,19.0,18.512832953908433,13.184663147988841,29.16917256574762,False,False,2026-07-27,3.0,True,136710.0,76776.2,1.7806299347975023,False,90340200.0,1.39,64.99294964028778,1.8518518518518379,4.475308641975309,7.256033151864799,55.172413793103495,44.827586206896505,False,8.56,False,True,False,False,True,False
37,000059,华锦股份,C 制造业,腾讯前复权日K回退（成交额、换手率已提供）,False,2026-07-30,4.66,4.578,4.372999999999999,True,True,True,True,4.66,0.0,False,61.34276750546654,0.09276642166678872,0.05084041203169748,0.08385201927018249,True,False,False,False,,,41.541120252664435,36.702285902865675,51.21878895226196,False,False,,,False,216781.0,256857.0,0.843975441588121,False,100543300.0,1.36,73.92889705882352,0.8658008658008587,2.8138528138528307,6.563000228675985,23.07692307692313,76.92307692307688,True,5.69,False,False,False,True,False,False
38,000060,中金岭南,C 制造业,腾讯前复权日K回退（成交额、换手率已提供）,False,2026-07-30,6.23,6.214,6.3925,True,False,False,False,7.9,-21.139240506329113,False,42.27467403874276,-0.285185659307472,-0.315849848171414,0.06132837772788402,True,False,False,False,2026-07-27,3.0,18.024843794704328,18.024214741853925,18.026101900405138,False,False,2026-07-29,1.0,True,920535.0,908784.6,1.012929796565655,False,575824800.0,2.07,278.176231884058,-0.9538950715421213,3.1796502384737564,-2.542041454829873,34.99999999999982,40.00000000000018,False,8.86,False,False,False,False,True,False
39,000061,农 产 品,L 商务服务,腾讯前复权日K回退（成交额、换手率已提供）,False,2026-07-30,5.9,5.723999999999999,5.6765,True,True,True,True,5.93,-0.5059021922428223,False,55.769959919041185,-0.028135049167839377,-0.07598848117051492,0.09570686400535108,True,False,False,False,,,17.3407606202349,14.326648707751593,23.36898444520151,False,False,2026-07-28,2.0,True,248600.0,169885.4,1.463339404092406,False,146811700.0,1.39,105.61992805755396,0.3401360544217802,3.40136054421769,3.9372852990399094,44.99999999999989,55.000000000000114,False,7.55,False,False,False,False,True,False
40,000062,深圳华强,F 批发零售,腾讯前复权日K回退（成交额、换手率已提供）,False,2026-07-30,20.76,21.477999999999998,25.922500000000003,False,False,False,False,34.2,-39.29824561403509,False,28.89680263873815,-2.7026127285971846,-2.3673973127111765,-0.6704308317720162,False,True,False,False,,,4.148036084578346,6.764454811891775,-1.0848013700485115,False,False,,,False,197701.0,206700.8,0.9564597718054308,False,415241000.0,1.89,219.70423280423282,-3.5764050162563787,4.4124477473293044,-19.915131642395608,19.999999999999776,23.157894736842376,False,40.13,False,False,False,False,False,False
41,000063,中兴通讯,C 制造业,腾讯前复权日K回退（成交额、换手率已提供）,False,2026-07-30,33.3,34.086,36.39450000000001,False,False,False,False,42.59,-21.812632073256648,False,41.120337498509976,-0.8255473049596702,-0.40950793589618717,-0.8320787381269661,False,True,False,False,,,24.314031931566745,30.75811392824555,11.425867938209137,False,False,,,False,1280222.0,1725180.0,0.7420802466988952,False,4295358700.0,3.18,1350.7417295597484,-2.2887323943661997,3.1103286384976383,-8.502658368709586,35.84905660377332,22.641509433961886,False,42.59,False,False,False,False,False,False
42,000065,北方国际,F 批发零售,腾讯前复权日K回退（成交额、换手率已提供）,False,2026-07-30,9.24,9.126,9.0455,True,True,True,False,9.98,-7.414829659318639,False,43.33402495755948,-0.4206098037692385,-0.5720396966787243,0.30285978581897166,True,False,False,False,2026-07-20,8.0,9.218033568906188,8.23040703377464,11.193286639169287,False,False,,,False,140442.0,134187.0,1.0466140535223234,False,130211100.0,1.44,90.424375,-0.4310344827586077,3.017241379310338,2.150240451053006,57.14285714285733,35.71428571428567,False,13.96,False,True,False,False,False,False
43,000066,中国长城,C 制造业,腾讯前复权日K回退（成交额、换手率已提供）,False,2026-07-30,13.15,14.154,16.304000000000002,False,False,False,False,20.4,-35.5392156862745,False,31.475299835875873,-1.1421146670237246,-0.8636662906981722,-0.5568967526511046,False,True,False,False,,,4.8792098695658925,8.549944960094763,-2.462260311491848,False,False,,,False,1439369.0,1127111.2,1.2770425846180928,False,1927442300.0,4.46,432.16195067264573,-5.327573794096474,5.111591072714189,-19.34494602551522,16.901408450704345,5.633802816901532,False,25.74,False,False,False,False,False,False
44,000068,华控赛格,F 批发零售,腾讯前复权日K回退（成交额、换手率已提供）,False,2026-07-30,2.7,2.696,2.7039999999999997,True,False,False,True,3.35,-19.402985074626862,False,44.40637863303882,-0.09488352681859968,-0.12311924441217853,0.05647143518715769,True,False,False,False,2026-07-24,4.0,13.240821604963985,11.154036340151372,17.414392134589214,False,False,2026-07-23,5.0,True,129750.0,121971.6,1.0637722223861947,False,35735500.0,1.29,27.701937984496123,-2.1739130434782483,4.710144927536229,-0.14792899408282395,46.15384615384623,7.692307692307876,False,4.22,False,False,False,False,True,False
45,000069,华侨城Ａ,K 房地产,腾讯前复权日K回退（成交额、换手率已提供）,False,2026-07-30,1.74,1.69,1.673,True,True,True,True,1.75,-0.571428571428572,False,53.537319792595824,-0.0177327675798431,-0.034488696327168014,0.03351185749464983,True,False,False,False,2026-07-03,19.0,17.091424389408967,13.809215396690377,23.655842374846145,False,False,2026-07-28,2.0,True,625190.0,496166.2,1.260041494160626,False,109409900.0,0.91,120.23065934065933,1.1627906976744207,4.069767441860469,4.004781829049609,57.14285714285714,42.857142857142854,False,2.31,False,False,False,False,True,False
46,000070,特发信息,C 制造业,腾讯前复权日K回退（成交额、换手率已提供）,False,2026-07-30,12.18,12.918000000000001,15.1625,False,False,False,False,19.33,-36.98913605794102,False,31.86294450498427,-1.7531624160052637,-1.5779203970162985,-0.3504840379779304,False,True,False,False,,,8.445654615643631,10.883143504260916,3.57067683840906,False,False,,,False,422878.0,457660.8,0.9239987344338865,False,524244000.0,4.94,106.12226720647772,-4.245283018867929,7.468553459119491,-19.670239076669414,32.63157894736831,18.947368421052616,False,26.05,False,False,False,False,False,False
47,000078,ST海王,F 批发零售,腾讯前复权日K回退（成交额、换手率已提供）,False,2026-07-30,1.58,1.6079999999999999,1.7965,False,False,False,False,2.3,-31.304347826086946,False,44.274916253985054,-0.03482773716592247,-0.007867391217683208,-0.05392069189647852,False,True,False,False,,,13.04821058093072,14.381779688737865,10.381072365316427,False,False,,,False,989255.0,1075340.0,0.9199462495582792,False,159819200.0,3.77,42.39236074270557,-5.3892215568862145,5.389221556886219,-12.05121068744781,0.0,11.11111111111114,False,3.02,False,False,False,False,True,False
48,000088,盐 田 港,G 运输仓储,腾讯前复权日K回退（成交额、换手率已提供）,False,2026-07-30,4.47,4.386,4.297499999999999,True,True,True,True,4.45,0.44943820224718145,True,70.06759067986198,0.04882491275368306,0.03140679800502532,0.03483622949731548,True,False,False,False,2026-07-03,19.0,67.17731183684741,60.52892806891992,80.47407937270238,False,False,,,False,329680.0,190504.6,1.7305618866945995,False,146803500.0,1.04,141.15721153846152,1.5909090909090873,2.045454545454542,4.01396160558465,22.222222222222772,77.77777777777723,True,4.59,False,False,False,True,True,False
49,000089,深圳机场,G 运输仓储,腾讯前复权日K回退（成交额、换手率已提供）,False,2026-07-30,6.77,6.587999999999999,6.499,True,True,True,True,6.82,-0.7331378299120338,False,64.82839354157838,0.08319460424450309,0.06392918823233729,0.03853083202433161,True,False,False,False,,,62.289423986589064,57.77446233084914,71.3193472980689,False,False,,,False,168512.0,136920.6,1.230727881706624,False,113504800.0,0.82,138.42048780487806,1.957831325301207,2.40963855421687,4.1698722880443135,12.500000000000277,87.49999999999972,True,6.98,False,False,False,False,True,False
50,000090,天健集团,E 建筑业,腾讯前复权日K回退（成交额、换手率已提供）,False,2026-07-30,3.29,3.2660000000000005,3.18,True,True,True,True,3.36,-2.0833333333333286,False,54.851017389462015,0.008321387816430548,-0.014309178724011709,0.045261133080884516,True,False,False,False,2026-07-10,14.0,31.945197456872876,29.957279176356792,35.92103401790504,False,False,,,False,155500.0,138032.6,1.1265454682444582,False,51305900.0,0.83,61.81433734939759,0.0,1.8237082066869317,3.4591194968553416,49.99999999999963,50.00000000000037,False,3.97,False,False,False,False,True,False
51,000096,广聚能源,F 批发零售,腾讯前复权日K回退（成交额、换手率已提供）,False,2026-07-30,7.63,7.514,7.459999999999999,True,True,True,False,8.1,-5.8024691358024665,False,52.15718413962675,-0.01672238115531055,-0.056233476836704925,0.07902219136278875,True,False,False,False,2026-07-02,20.0,19.865354992088115,18.187096828313646,23.221871319637053,False,False,,,False,63954.0,66899.6,0.9559698413742383,False,49019100.0,1.25,39.21528,0.6596306068601621,2.7704485488126642,2.278820375335132,66.66666666666653,33.33333333333348,False,9.77,False,True,False,False,True,False
52,000099,中信海直,G 运输仓储,腾讯前复权日K回退（成交额、换手率已提供）,False,2026-07-30,14.39,13.956,13.874,True,True,True,True,14.87,-3.227975790181565,False,50.91039130580333,-0.3127202624383578,-0.4679814253510282,0.3105223258253408,True,False,False,False,2026-07-21,7.0,14.91826607104206,11.060269993715941,22.634258225694296,False,False,2026-07-20,8.0,True,106607.0,70942.4,1.5027261553034577,False,153217600.0,1.37,111.83766423357665,1.6961130742049413,3.3215547703180257,3.719186968430157,19.14893617021271,80.8510638297873,True,18.15,False,False,False,False,False,False
53,000100,TCL科技,C 制造业,腾讯前复权日K回退（成交额、换手率已提供）,False,2026-07-30,4.72,4.9399999999999995,5.0945,False,False,False,False,6.18,-23.624595469255663,False,42.40396592592893,-0.02857505312812858,0.029523997051273433,-0.11619810035880403,False,True,False,False,,,39.69040366725349,44.189639126086696,30.69193274958708,False,False,,,False,7206880.0,5188025.4,1.38913737777768,False,3441265100.0,3.58,961.2472346368714,-4.259634888438136,3.651115618661252,-7.351064873883606,16.66666666666683,11.11111111111089,False,6.26,False,False,False,False,False,False
54,000151,中成股份,F 批发零售,腾讯前复权日K回退（成交额、换手率已提供）,False,2026-07-30,9.48,9.292000000000002,9.334,True,True,False,True,10.82,-12.384473197781883,False,42.34595476595372,-0.5548565336107067,-0.7105597046065287,0.31140634199164396,True,False,False,False,2026-07-23,5.0,11.531640031150436,9.522458146790564,15.55000379987018,False,False,,,False,71276.0,58848.6,1.2111757968753718,False,67656100.0,2.31,29.288354978354977,0.21141649048626032,2.325581395348825,1.5641739875723248,59.09090909090895,40.909090909091056,False,15.33,False,False,False,False,True,False
55,000153,丰原药业,C 制造业,腾讯前复权日K回退（成交额、换手率已提供）,False,2026-07-30,5.39,5.336,5.4125,True,False,False,False,5.83,-7.547169811320761,False,49.29378010767651,-0.023973694595886386,-0.02550487591727915,0.003062362642785532,True,False,True,False,,,20.395192565428143,20.158725739873635,20.868126216537156,True,False,,,False,74543.0,73546.0,1.0135561417344248,False,40461300.0,1.62,24.976111111111113,-0.5535055350553542,2.3985239852398506,-0.4157043879907615,69.23076923076917,23.076923076922604,False,6.46,False,True,False,False,True,False
56,000155,川能动力,D 水电煤气,腾讯前复权日K回退（成交额、换手率已提供）,False,2026-07-30,12.26,12.254000000000001,11.513,True,True,True,False,12.84,-4.517133956386293,False,52.82634615396122,-0.09684812636031381,-0.359624009004658,0.5255517652886884,True,False,False,False,2026-07-17,9.0,19.987665347199385,16.799990580653226,26.363014880291708,False,False,,,False,626863.0,732786.2,0.8554514263505508,False,788288900.0,3.4,231.84967647058824,-2.9295328582739533,5.700712589073639,6.488317554069312,65.27777777777781,0.0,False,17.97,False,False,False,False,True,False
57,000156,华数传媒,I 信息技术,腾讯前复权日K回退（成交额、换手率已提供）,False,2026-07-30,6.85,6.6819999999999995,6.595000000000001,True,True,True,True,6.89,-0.5805515239477509,False,57.478917550760485,0.01773913401146121,-0.02166213101761024,0.0788025300581429,True,False,False,False,2026-07-03,19.0,28.229183690482916,22.447081629890718,39.793387811667316,False,False,2026-07-27,3.0,True,111423.0,81915.8,1.3602137804916756,False,76391300.0,0.66,115.74439393939394,1.0324483775811188,2.359882005899707,3.8665655799848215,37.50000000000028,62.49999999999972,False,7.75,False,False,False,False,False,False
58,000157,中联重科,C 制造业,腾讯前复权日K回退（成交额、换手率已提供）,False,2026-07-30,7.73,7.546000000000001,7.206500000000001,True,True,True,True,7.67,0.7822685788787549,True,64.65806885662383,0.12142723581459691,0.046313955213883026,0.15022656120142777,True,False,False,False,2026-07-14,12.0,43.294270586067476,35.816101593308694,58.25060857158503,False,False,,,False,598238.0,484104.2,1.2357628791487452,False,458378100.0,0.85,539.2683529411764,1.5768725361366531,2.4967148488830535,7.2642753070144925,10.526315789473438,89.47368421052656,True,8.24,False,False,False,False,False,False
59,000158,常山北明,I 信息技术,腾讯前复权日K回退（成交额、换手率已提供）,False,2026-07-30,12.52,12.528,12.656,False,False,False,False,13.78,-9.143686502177067,False,42.51163887893536,-0.39824268927189443,-0.5101393443007627,0.2237933100577365,True,False,False,False,2026-07-09,15.0,8.169096897767005,6.954226091899014,10.598838509502988,False,False,,,False,261751.0,267540.4,0.9783606513259305,False,333346800.0,1.65,202.02836363636365,-1.6496465043205122,3.456402199528669,-1.0745891276864807,72.72727272727248,2.272727272727227,False,18.17,False,False,False,False,True,False
60,000159,国际实业,F 批发零售,腾讯前复权日K回退（成交额、换手率已提供）,False,2026-07-30,5.22,5.164,5.3415,True,False,False,False,5.67,-7.93650793650794,False,42.553495627850936,-0.1719697072581221,-0.19452110317897553,0.045102791841706846,True,False,False,False,2026-07-28,2.0,11.792689413503808,10.440979753390371,14.496108733730683,False,False,2026-07-28,2.0,True,100077.0,87853.0,1.1391415204944624,False,52922400.0,2.08,25.443461538461538,-0.9487666034155517,3.036053130929794,-2.274641954507164,56.249999999999865,6.2499999999998614,False,7.38,False,False,False,False,False,False
61,000166,申万宏源,J 金融业,腾讯前复权日K回退（成交额、换手率已提供）,False,2026-07-30,4.7,4.656000000000001,4.6235,True,True,True,False,4.78,-1.673640167364018,False,55.90214757787015,0.038460097738665766,0.03604318239928752,0.004833830678756493,True,False,False,False,,,62.31846415245993,56.740455663026076,73.47448113132764,False,False,,,False,846319.0,706117.8,1.1985521396005028,False,396119500.0,0.38,1042.4197368421053,0.6423982869379063,1.498929336188443,1.6545906780577535,14.285714285713924,85.71428571428608,True,4.82,False,False,False,False,False,False
62,000301,东方盛虹,C 制造业,腾讯前复权日K回退（成交额、换手率已提供）,False,2026-07-30,11.9,11.738,12.0385,True,False,False,False,13.89,-14.326853851691865,False,49.80294441932339,-0.08519824810511167,-0.08831855772640837,0.006240619242593393,True,False,True,False,,,45.699072229720336,44.44997870809042,48.19725927298016,False,False,,,False,235577.0,250032.8,0.9421843854086345,False,282193500.0,0.36,783.8708333333334,-0.5847953216374324,4.511278195488715,-1.150475557586082,53.70370370370363,29.6296296296297,False,13.89,False,False,False,False,True,False
63,000333,美的集团,C 制造业,腾讯前复权日K回退（成交额、换手率已提供）,False,2026-07-30,88.95,85.992,82.58349999999999,True,True,True,True,87.5,1.6571428571428606,True,77.38426346664605,2.441706374473469,1.9563250402431827,0.9707626684605728,True,False,False,False,,,95.95699282457326,94.55617840853351,98.75862165665276,False,False,,,False,461498.0,294439.2,1.5673796152142785,False,4071773600.0,0.67,6077.274029850746,2.2296287783013513,3.447879554074244,7.709167085434762,18.333333333333236,81.66666666666677,True,87.5,True,False,False,False,False,False
64,000338,潍柴动力,C 制造业,腾讯前复权日K回退（成交额、换手率已提供）,False,2026-07-30,25.96,27.101999999999997,27.145,False,False,False,False,30.68,-15.38461538461538,False,44.29053364189529,-0.5825254640003266,-0.7191782829076891,0.27330563781472517,True,False,False,False,2026-07-23,5.0,35.814503604477814,37.03015568883209,33.38319943576927,False,True,,,False,1031806.0,935318.8,1.1031596927165368,False,2684248400.0000005,2.08,1290.5040384615386,-4.873580065958216,5.679736167094177,-4.36544483330263,18.064516129032093,40.645161290322726,False,36.34,False,False,False,False,False,False
65,000400,许继电气,C 制造业,腾讯前复权日K回退（成交额、换手率已提供）,False,2026-07-30,22.96,22.372000000000003,21.208499999999997,True,True,True,False,23.28,-1.3745704467353963,False,58.53293345540012,0.09787268845853347,-0.23941010353069825,0.6745655839784634,True,False,False,False,2026-07-16,10.0,30.70379044682441,25.69264168848385,40.72608796350553,False,False,,,False,250010.0,282225.6,0.8858516024060186,False,574141200.0,2.47,232.44582995951416,1.4582412726469318,2.7397260273972646,8.25848126930242,37.0967741935484,62.9032258064516,False,27.74,False,False,False,False,False,False
66,000401,金隅冀东,C 制造业,腾讯前复权日K回退（成交额、换手率已提供）,False,2026-07-30,3.66,3.598,3.5585,True,True,True,True,3.71,-1.3477088948787015,False,53.84128876848024,-0.011936369244404332,-0.0365631929486395,0.04925364740847034,True,False,False,False,2026-07-06,18.0,18.23452233583323,16.623888675355,21.455789656789683,False,False,2026-07-27,3.0,True,73762.0,71141.4,1.0368364974543656,False,27024100.0,0.28,96.51464285714285,0.5494505494505475,1.9230769230769187,2.852325418013212,42.85714285714268,57.14285714285733,False,4.3,False,True,False,True,False,False
67,000402,金 融 街,K 房地产,腾讯前复权日K回退（成交额、换手率已提供）,False,2026-07-30,2.46,2.4080000000000004,2.4215,True,True,False,True,2.54,-3.1496062992126013,False,47.862455987918516,-0.05611839374006733,-0.07510545339857184,0.03797411931700903,True,False,False,False,2026-07-14,12.0,6.620382249433483,5.294602569008309,9.27194161028383,False,False,2026-07-29,1.0,True,512882.0,366890.2,1.3979168699518274,False,125923500.0,1.72,73.21133720930233,0.8196721311475308,2.8688524590164053,1.5899236010737137,42.85714285714304,57.14285714285696,False,3.49,False,False,False,False,True,False
68,000403,派林生物,C 制造业,腾讯前复权日K回退（成交额、换手率已提供）,False,2026-07-30,10.42,9.937999999999999,9.5855,True,True,True,True,10.29,1.2633624878522915,True,58.46246600191903,-0.059248879975452695,-0.23132184689307203,0.34414593383523867,True,False,False,False,2026-07-09,15.0,28.743661277558207,23.43521414635398,39.36055553996666,False,False,2026-07-27,3.0,True,116411.0,129442.8,0.8993238712388792,False,121032900.00000001,1.24,97.60717741935485,2.0568070519098924,3.81978452497552,8.70585780606124,33.333333333333485,66.66666666666652,False,13.15,False,False,False,False,False,False
69,000404,长虹华意,C 制造业,腾讯前复权日K回退（成交额、换手率已提供）,False,2026-07-30,7.68,7.5280000000000005,7.664499999999999,True,True,False,True,8.53,-9.964830011723325,False,50.46471446734821,-0.06712129449917992,-0.08660553680817137,0.03896848461798291,True,False,False,False,2026-07-29,1.0,41.74393849041246,40.15050287978392,44.93080971166954,False,False,,,False,148791.0,108564.8,1.3705270953384523,False,114954500.0,2.15,53.467209302325585,-0.7751937984496138,3.229974160206718,0.20223106530106713,64.00000000000006,27.99999999999976,False,9.69,False,True,False,False,True,False
70,000407,胜利股份,D 水电煤气,腾讯前复权日K回退（成交额、换手率已提供）,False,2026-07-30,3.9,3.864,3.8294999999999995,True,True,True,False,4.05,-3.7037037037037015,False,51.84795425164495,-0.015356701071984169,-0.03997228302327196,0.04923116390257558,True,False,False,False,2026-07-02,20.0,19.565051940809198,16.82393749478477,25.047280832858057,False,False,2026-07-23,5.0,True,134610.0,143805.6,0.9360553413775263,False,52600500.0,1.54,34.15616883116883,-0.2557544757033292,2.81329923273657,1.8409714061888096,54.54545454545465,45.45454545454534,False,4.89,False,True,False,False,True,False
71,000408,藏格矿业,C 制造业,腾讯前复权日K回退（成交额、换手率已提供）,False,2026-07-30,79.8,79.162,73.6455,True,True,True,True,81.35,-1.9053472649047294,False,60.350712353992655,1.4746747776711118,0.23317862378603194,2.48299230777016,True,False,False,False,2026-07-14,12.0,46.92413774275868,41.169492114224425,58.433428999827186,False,False,2026-07-21,7.0,True,109441.0,134243.6,0.8152418439314798,False,877048700.0,0.7,1252.9267142857145,0.2512562814070307,3.1407035175879403,8.356926085096848,50.0,41.999999999999886,False,92.88,False,True,False,False,True,False
72,000409,云鼎科技,I 信息技术,腾讯前复权日K回退（成交额、换手率已提供）,False,2026-07-30,8.51,8.448,8.2595,True,True,True,True,8.65,-1.6184971098265961,False,51.765043756145616,-0.08056711359193791,-0.1696403025867962,0.17814637798971655,True,False,False,False,2026-07-06,18.0,18.945705035471143,16.3500683403493,24.13697842571483,False,False,,,False,60944.0,60331.0,1.0101606139463957,False,52209600.0,1.03,50.688932038834956,-0.3512880562060783,2.2248243559718914,3.032871239179135,73.68421052631629,26.315789473683722,False,10.8,False,True,False,False,True,False
73,000410,沈阳机床,C 制造业,腾讯前复权日K回退（成交额、换手率已提供）,False,2026-07-30,4.83,4.76,4.6635,True,True,True,True,5.19,-6.936416184971105,False,51.641700361299456,-0.057785557233281715,-0.11821787517863172,0.12086463589070001,True,False,False,False,2026-07-15,11.0,16.747161874419472,13.634657533357887,22.97217055654264,False,False,2026-07-16,10.0,True,161163.0,137493.2,1.172152513724315,False,78791600.0,0.82,96.08731707317074,-0.6172839506172867,2.880658436213985,3.5702798327436494,92.85714285714299,7.1428571428570065,False,6.4,False,True,True,False,False,False
74,000411,英特集团,F 批发零售,腾讯前复权日K回退（成交额、换手率已提供）,False,2026-07-30,9.46,9.32,9.3215,True,True,False,True,9.9,-4.444444444444439,False,50.91309548626118,-0.07014494349344957,-0.1214376545387918,0.10258542209068444,True,False,False,False,2026-07-03,19.0,30.037261227783905,28.839742139435785,32.43229940448015,False,False,,,False,34749.0,35494.0,0.9790105369921677,False,32730500.0,0.62,52.79112903225806,0.6382978723404209,2.2340425531914794,1.485812369253881,23.809523809523405,76.1904761904766,True,11.94,False,True,False,False,True,False
75,000415,渤海租赁,L 商务服务,腾讯前复权日K回退（成交额、换手率已提供）,False,2026-07-30,4.41,4.287999999999999,4.32,True,True,False,True,4.75,-7.157894736842102,False,54.69711042241147,0.012683230815824231,0.0028283936539372835,0.019709674323773897,True,False,False,False,2026-07-29,1.0,54.78624983730475,50.146554516335584,64.06564047924309,False,False,,,False,606528.0,592777.2,1.0231972484771683,False,267576100.0,1.12,238.90723214285714,-0.4514672686230181,3.6117381489842018,2.08333333333333,56.249999999999865,43.75000000000014,False,4.91,False,True,False,False,True,False
76,000417,合百集团,F 批发零售,腾讯前复权日K回退（成交额、换手率已提供）,False,2026-07-30,5.64,5.868,6.5735,False,False,False,False,9.02,-37.47228381374723,False,36.70019387905532,-0.5491030583156737,-0.49206133279575104,-0.11408345103984541,False,True,False,False,,,11.50304197248928,12.160478869858316,10.188168177751209,False,False,,,False,507782.0,629389.6,0.8067848594892576,False,292774800.0,6.52,44.904110429447854,-1.7421602787456525,5.749128919860628,-14.200958393549865,81.81818181818167,3.030303030302965,False,10.73,False,False,False,False,False,False
77,000419,通程控股,F 批发零售,腾讯前复权日K回退（成交额、换手率已提供）,False,2026-07-30,4.84,4.698,4.7045,True,True,False,True,4.96,-2.4193548387096793,False,54.36733288724768,-0.03358332483187443,-0.06307518725881113,0.058983724853873404,True,False,False,False,,,17.955923885899242,14.689966637069986,24.487838383557758,False,False,2026-07-28,2.0,True,79562.0,62856.4,1.2657740500569552,False,38632200.0,1.46,26.46041095890411,0.8333333333333304,3.1250000000000075,2.880221064937815,46.66666666666674,53.33333333333326,False,5.92,False,False,False,False,False,False
78,000420,吉林化纤,C 制造业,腾讯前复权日K回退（成交额、换手率已提供）,False,2026-07-30,3.77,3.686,3.728,True,True,False,True,4.19,-10.023866348448696,False,46.308745607568156,-0.12647762698649112,-0.16537347449069154,0.07779169500840083,True,False,False,False,2026-07-23,5.0,9.285386850845542,7.512979722739881,12.830201107056867,False,False,2026-07-21,7.0,True,424086.0,462444.6,0.9170525507271574,False,159577600.0,1.73,92.241387283237,0.5333333333333412,2.3999999999999964,1.1266094420600807,33.33333333333317,66.66666666666683,False,5.87,False,False,False,False,False,False
79,000421,南京公用,D 水电煤气,腾讯前复权日K回退（成交额、换手率已提供）,False,2026-07-30,5.36,5.2780000000000005,5.2645,True,True,True,True,5.55,-3.4234234234234147,False,52.35645781870582,-0.02381457074120963,-0.05182554704385581,0.05602195260529236,True,False,False,False,2026-07-03,19.0,21.69806165567985,19.450280017263534,26.193624932512485,False,False,2026-07-27,3.0,True,66940.0,64132.8,1.043771673776913,False,35950300.0,1.17,30.72675213675214,-0.18621973929235924,2.7932960893854815,1.81403742045779,66.66666666666627,33.33333333333373,False,6.34,False,True,False,False,False,False
80,000422,湖北宜化,C 制造业,腾讯前复权日K回退（成交额、换手率已提供）,False,2026-07-30,13.13,12.970000000000002,13.102500000000001,True,True,False,False,15.19,-13.561553653719544,False,48.4348552521716,-0.19995256895322022,-0.24277160251085628,0.08563806711527211,True,False,False,False,2026-07-23,5.0,13.750849548609308,11.974191561975331,17.30416552187726,False,False,2026-07-23,5.0,True,255175.0,330056.0,0.7731263785539424,False,337433399.99999994,2.41,140.01385892116178,0.07621951219514145,2.9725609756097606,0.20988360999809086,66.66666666666652,33.333333333333485,False,16.85,False,False,False,False,True,False
81,000423,东阿阿胶,C 制造业,腾讯前复权日K回退（成交额、换手率已提供）,False,2026-07-30,55.24,52.74399999999999,49.983,True,True,True,True,54.1,2.1072088724584113,True,75.97271795719752,1.5114583906605148,0.9690008483245308,1.084915084671968,True,False,False,False,2026-07-02,20.0,73.76822213539835,65.03344356893813,91.2377792683188,False,False,,,False,113101.0,57805.0,1.9565954502205691,True,621403700.0,1.77,351.07553672316385,2.6765799256505574,3.959107806691441,10.517575975831793,21.126760563380127,78.87323943661987,True,54.1,True,False,False,False,False,False
82,000425,徐工机械,C 制造业,腾讯前复权日K回退（成交额、换手率已提供）,False,2026-07-30,9.19,8.928,8.625499999999999,True,True,True,True,9.29,-1.0764262648008573,False,59.07742193822205,0.08165111183167184,-0.011160936106131683,0.18562409587560705,True,False,False,False,2026-07-06,18.0,41.2984518912394,36.03309873575094,51.82915820221632,False,False,,,False,1489569.0,1072327.8,1.3890985573627765,False,1350774400.0,1.66,813.7195180722891,2.111111111111108,5.3333333333333375,6.544548142136697,33.33333333333333,66.66666666666666,False,10.86,False,False,False,False,True,False
83,000426,兴业银锡,B 采矿业,腾讯前复权日K回退（成交额、换手率已提供）,False,2026-07-30,31.5,31.96,31.815999999999995,False,False,True,False,38.45,-18.075422626788043,False,46.21353011423738,-1.1862324092189702,-1.6392266922553134,0.9059885660726863,True,False,False,False,2026-07-23,5.0,20.531573893343758,19.009359218812406,23.576003242406458,False,False,2026-07-21,7.0,True,650488.0,746151.4,0.8717908992732574,False,2097067200.0,3.66,572.9691803278688,-2.6275115919629055,7.511591962905706,-0.993210963037451,23.86831275720161,21.39917695473253,False,52.69,False,False,False,False,True,False
84,000428,华天酒店,H 住宿餐饮,腾讯前复权日K回退（成交额、换手率已提供）,False,2026-07-30,3.83,3.5840000000000005,3.2119999999999997,True,True,True,True,4.04,-5.198019801980197,False,67.07887342445844,0.1043619869476049,-0.005263925931077551,0.2192518257573649,True,False,False,False,2026-07-06,18.0,50.58466042177858,34.26495821769029,83.22406482995515,False,False,,,False,1086562.0,260065.8,4.178027253102869,False,452627100.0,10.66,42.46032833020638,-5.198019801980203,19.30693069306931,19.2403486924035,0.0,21.794871794871778,False,4.04,False,True,False,True,False,True
85,000429,粤高速Ａ,G 运输仓储,腾讯前复权日K回退（成交额、换手率已提供）,False,2026-07-30,14.26,14.681999999999999,14.27,False,False,True,False,15.3,-6.797385620915039,False,51.02590129737616,0.24701995538795884,0.22696791102212693,0.04010408873166382,True,False,False,False,2026-07-17,9.0,78.53661608302444,80.85435345689382,73.90114133528567,False,True,,,False,131365.0,101707.8,1.2915921886030373,False,189977599.99999997,1.01,188.09663366336628,-2.9931972789115635,4.421768707482996,-0.07007708479327111,9.230769230769303,10.769230769230807,False,15.3,False,True,False,True,False,False
86,000430,张家界,N 公共环保,腾讯前复权日K回退（成交额、换手率已提供）,False,2026-07-30,6.29,6.1579999999999995,6.379,True,False,False,True,7.52,-16.3563829787234,False,42.972440857925946,-0.3125538761583053,-0.3665071727611413,0.10790659320567197,True,False,False,False,2026-07-28,2.0,15.73224298463011,12.263094610286034,22.67053973331826,False,False,2026-07-27,3.0,True,77304.0,73627.8,1.04992951032083,False,49020300.0,2.09,23.45468899521531,0.15923566878981443,3.0254777070063614,-1.3952030098761488,73.68421052631582,26.315789473684188,False,8.75,False,True,False,False,True,False
87,000488,ST晨鸣,C 制造业,腾讯前复权日K回退（成交额、换手率已提供）,False,2026-07-30,1.95,1.9299999999999997,1.952,True,False,False,True,2.1,-7.1428571428571495,False,46.057071923793345,-0.03962163548908104,-0.053101882551270824,0.026960494124379564,True,False,False,False,2026-07-03,19.0,8.876383116178282,7.467983580116207,11.693182188302432,False,False,2026-07-28,2.0,True,96365.0,84947.0,1.1344132223621788,False,18952800.0,0.57,33.25052631578948,-0.5102040816326481,2.040816326530614,-0.10245901639344271,100.0,0.0,False,2.55,False,True,True,False,False,False
88,000498,山东路桥,E 建筑业,腾讯前复权日K回退（成交额、换手率已提供）,False,2026-07-30,5.07,4.974,4.9535,True,True,True,True,5.16,-1.744186046511625,False,57.931907358679396,0.02965786631533529,0.020069027044692163,0.019177678541286255,True,False,False,False,2026-07-02,20.0,35.2408805102553,32.249748711745475,41.22314410727496,False,False,,,False,113656.0,106762.4,1.0645695488299252,False,57312500.0,0.78,73.4775641025641,1.4000000000000012,1.9999999999999927,2.351872413445044,9.999999999999822,90.00000000000018,True,5.4,False,False,False,False,False,False
89,000501,武商集团,F 批发零售,腾讯前复权日K回退（成交额、换手率已提供）,False,2026-07-30,7.17,6.93,6.942500000000001,True,True,False,True,7.25,-1.1034482758620698,False,56.13870990933408,-0.036753722981156756,-0.07680166107832462,0.08009587619433572,True,False,False,False,,,25.999345578649194,21.669283370024925,34.65946999589773,False,False,2026-07-28,2.0,True,138698.0,70730.4,1.9609390021829372,True,99586700.0,1.81,55.02027624309392,1.7021276595744705,3.546099290780142,3.2769175369103225,35.99999999999994,64.00000000000006,False,8.32,False,False,False,False,False,False
90,000503,国新健康,I 信息技术,腾讯前复权日K回退（成交额、换手率已提供）,False,2026-07-30,7.16,6.85,6.530500000000001,True,True,True,True,7.38,-2.9810298102980997,False,60.78568123522628,0.06210996633528154,-0.04997914768209331,0.22417822803474968,True,False,False,False,2026-07-10,14.0,35.722727720863226,25.6804130282446,55.80735710610048,False,False,,,False,287714.0,254591.0,1.1301027923218023,False,207880700.0,2.94,70.70772108843538,-0.5555555555555536,3.4722222222222223,9.639384426919825,71.99999999999989,28.000000000000114,False,8.34,False,True,False,False,True,True
91,000504,南华生物,M 科研服务,腾讯前复权日K回退（成交额、换手率已提供）,False,2026-07-30,7.39,7.5200000000000005,7.973999999999999,False,False,False,False,9.36,-21.047008547008545,False,41.115231981067474,-0.18469853542786474,-0.13360476226072002,-0.10218754633428945,False,True,False,False,,,16.526268911101095,20.64176646874897,8.295273795805343,False,False,,,False,74508.0,71373.4,1.0439183225123085,False,55750800.0,2.26,24.668495575221243,-3.0183727034120755,4.986876640419958,-7.323802357662398,39.47368421052633,21.052631578947345,False,9.86,False,True,False,False,False,False
92,000505,京粮控股,C 制造业,腾讯前复权日K回退（成交额、换手率已提供）,False,2026-07-30,5.53,5.426,5.3549999999999995,True,True,True,True,5.59,-1.073345259391764,False,55.153140991181864,-0.009529438003021973,-0.0518135563976954,0.08456823678934686,True,False,False,False,,,22.326947957151457,19.178992086378802,28.622859698696764,False,False,2026-07-27,3.0,True,71543.0,60463.6,1.183240825885326,False,39831100.0,1.13,35.24876106194691,0.0,2.71247739602169,3.2679738562091636,73.33333333333321,26.66666666666678,False,7.23,False,False,False,False,True,False
93,000506,招金黄金,B 采矿业,腾讯前复权日K回退（成交额、换手率已提供）,False,2026-07-30,13.2,12.636,12.753499999999999,True,True,False,True,14.8,-10.81081081081082,False,52.12752901143271,-0.20110741474866067,-0.3259485716065922,0.24968231371586302,True,False,False,False,2026-07-23,5.0,21.847020934913996,19.07172401918567,27.397614766370644,False,False,2026-07-22,6.0,True,1157187.0,715304.8,1.6177537184148632,False,1563182200.0,12.46,125.45603531300159,3.8552321007080836,8.811959087332816,3.5009997255655336,69.64285714285718,30.357142857142815,False,17.28,False,True,False,False,True,False
94,000507,珠海港,G 运输仓储,腾讯前复权日K回退（成交额、换手率已提供）,False,2026-07-30,5.05,4.982,4.8614999999999995,True,True,True,True,5.12,-1.3671875000000056,False,57.80573025914323,0.03602462371054127,0.008122366656006188,0.05580451410907017,True,False,False,False,2026-07-13,13.0,33.34339214595928,29.961376523236954,40.10742339140392,False,False,,,False,117603.0,132192.6,0.8896337616477775,False,59318100.00000001,1.3,45.6293076923077,0.5976095617529875,2.191235059760963,3.877404093386822,27.27272727272742,72.72727272727259,True,5.45,False,False,False,False,True,False
95,000509,华塑控股,C 制造业,腾讯前复权日K回退（成交额、换手率已提供）,False,2026-07-30,2.84,2.85,2.999,False,False,False,False,3.71,-23.45013477088949,False,36.72805257472839,-0.24993654916158414,-0.285123332380956,0.0703735664387437,True,False,False,False,2026-07-27,3.0,10.277466162713955,9.25125657944402,12.329885329253823,False,False,2026-07-21,7.0,True,298168.0,293145.2,1.017134171052434,False,85772900.00000001,2.78,30.853561151079145,-2.73972602739726,5.13698630136986,-5.301767255751925,40.00000000000006,19.999999999999883,False,6.3,False,True,True,False,True,False
96,000510,新金路,C 制造业,腾讯前复权日K回退（成交额、换手率已提供）,False,2026-07-30,13.0,14.339999999999998,16.914499999999997,False,False,False,False,25.0,-48.0,False,31.00002817895023,-1.706932036226446,-1.3429316949651888,-0.7280006825225143,False,True,False,False,,,10.051840588398054,14.706103445329424,0.7433148745353151,False,False,,,False,532136.0,407346.2,1.306348261012377,False,713113900.0,8.77,81.31287343215507,-9.972299168975063,11.495844875346261,-23.142865588696075,8.43373493975907,0.0,False,27.85,False,True,False,False,False,False
97,000513,丽珠集团,C 制造业,腾讯前复权日K回退（成交额、换手率已提供）,False,2026-07-30,31.01,30.612000000000002,30.691499999999998,True,True,False,True,31.75,-2.330708661417318,False,55.013592491945445,0.21469465010219935,0.2293835837286251,-0.02937786725285152,False,True,False,False,,,49.320308043565944,47.09389778442363,53.77312856185057,False,False,,,False,66951.0,56447.8,1.1860692533632842,False,207886200.0,1.18,176.17474576271186,0.2910737386804696,2.26390685640362,1.0377466073668729,55.71428571428535,44.285714285714654,False,31.75,False,True,False,False,True,False
98,000514,渝 开 发,K 房地产,腾讯前复权日K回退（成交额、换手率已提供）,False,2026-07-30,3.77,3.7039999999999997,3.72,True,True,False,True,3.94,-4.314720812182739,False,48.74979517217294,-0.06973598478725629,-0.10147206018278052,0.06347215079104845,True,False,False,False,2026-07-06,18.0,10.50651261017945,8.797618756435538,13.924300317667278,False,False,2026-07-28,2.0,True,108126.0,85887.2,1.2589303179053457,False,41071300.0,1.28,32.086953125,-0.2645502645502562,3.703703703703707,1.3440860215053716,71.42857142857143,28.57142857142857,False,5.33,False,False,False,False,True,False
99,000516,国际医学,Q 卫生,腾讯前复权日K回退（成交额、换手率已提供）,False,2026-07-30,4.22,4.174,4.144,True,True,True,True,4.46,-5.381165919282516,False,54.058778342031935,0.026062675091377052,0.018957468040270098,0.014210414102213909,True,False,False,False,,,25.513053585735843,24.066267382265746,28.406625992676034,False,False,,,False,254306.0,243374.6,1.0449159443918963,False,107920300.0,1.15,93.8437391304348,0.23752969121140222,3.087885985748216,1.8339768339768248,69.23076923076917,30.76923076923082,False,4.7,False,True,False,False,True,False
100,000517,荣安地产,K 房地产,腾讯前复权日K回退（成交额、换手率已提供）,False,2026-07-30,1.88,1.7899999999999998,1.72,True,True,True,True,1.97,-4.56852791878173,False,61.76380367878544,0.0035125820184460643,-0.027293499689621838,0.061612163416135804,True,False,False,False,2026-07-10,14.0,23.70527425590357,16.970452354473867,37.17491805876298,False,False,,,False,614312.0,431593.8,1.4233568693526182,False,115901500.0,2.47,46.92368421052631,-0.5291005291005346,4.761904761904755,9.302325581395344,55.55555555555569,44.44444444444431,False,2.51,False,True,False,False,True,True
101,000518,四环生物,C 制造业,腾讯前复权日K回退（成交额、换手率已提供）,False,2026-07-30,3.45,3.528,3.6875,False,False,False,False,4.23,-18.439716312056742,False,45.30504275116889,0.011953646411932528,0.054791409880857976,-0.0856755269378509,False,True,False,False,,,43.981258799366834,46.35881604213748,39.22614431382556,False,False,,,False,351528.0,435047.0,0.8080230411886532,False,123384500.0,3.41,36.18313782991202,-3.6312849162011163,4.1899441340782095,-6.44067796610169,20.000000000000178,0.0,False,4.54,False,False,False,False,False,False
102,000519,中兵红箭,C 制造业,腾讯前复权日K回退（成交额、换手率已提供）,False,2026-07-30,14.0,14.053999999999998,15.656,False,False,False,False,21.26,-34.14863593603011,False,33.82059043996837,-1.417990168570661,-1.4011087798452362,-0.03376277745084977,False,True,False,False,,,9.518689232321972,9.282244624671165,9.991578447623585,False,False,2026-07-27,3.0,True,477750.0,655704.4,0.7286057558863415,False,670883100.0,3.43,195.59274052478133,-0.2138275124732636,2.138275124732708,-10.577414409810938,60.00000000000012,39.99999999999988,False,22.81,False,False,False,False,True,False
103,000520,凤凰航运,G 运输仓储,腾讯前复权日K回退（成交额、换手率已提供）,False,2026-07-30,3.65,3.7939999999999996,4.0104999999999995,False,False,False,False,4.92,-25.8130081300813,False,39.68137124405681,-0.11876583811158348,-0.10112794998282523,-0.03527577625751649,False,True,False,False,,,26.77092574374851,27.33915157249632,25.634474086252894,False,True,,,False,213910.0,248229.4,0.8617432101112923,False,79807700.0,2.11,37.82355450236967,-4.450261780104714,6.544502617801047,-8.988904126667489,19.99999999999993,8.000000000000007,False,5.0,False,True,False,False,False,False
104,000521,长虹美菱,C 制造业,腾讯前复权日K回退（成交额、换手率已提供）,False,2026-07-30,4.91,4.854,5.2075000000000005,True,False,False,True,6.36,-22.79874213836478,False,41.31666286143697,-0.1763876572341978,-0.15216008736792144,-0.04845513973255272,False,True,False,False,,,7.952731557616638,7.4980534077340915,8.862087857381733,True,False,2026-07-30,0.0,True,103079.0,84303.6,1.2227117228682998,False,50746600.0,1.18,43.00559322033898,0.0,2.0366598778004184,-5.7129140662506055,69.9999999999999,30.00000000000009,False,6.36,False,True,False,False,True,False
105,000523,红棉股份,C 制造业,腾讯前复权日K回退（成交额、换手率已提供）,False,2026-07-30,2.88,2.77,2.7224999999999997,True,True,True,True,2.87,0.34843205574912145,True,58.48807580420727,-0.0069822636673366745,-0.03545822198472873,0.056951916634784105,True,False,False,False,2026-07-06,18.0,26.709109878812722,22.052016223843395,36.02329718875137,False,False,,,False,513597.0,207658.0,2.4732829941538492,True,149138700.0,3.88,38.437809278350514,1.7667844522968101,7.773851590105998,5.785123966942156,68.18181818181822,31.818181818181777,False,3.5,False,False,False,False,True,False
106,000524,岭南控股,L 商务服务,腾讯前复权日K回退（成交额、换手率已提供）,False,2026-07-30,8.96,8.622,8.755999999999998,True,True,False,True,10.84,-17.343173431734307,False,52.25182722594944,-0.15898701188178066,-0.22792186211785703,0.13786970047215275,True,False,False,False,2026-07-28,2.0,11.649579419160807,8.425717215382283,18.09730382671785,False,False,2026-07-28,2.0,True,172144.0,115200.6,1.4942977727546558,False,157278200.0,2.57,61.19774319066148,0.11173184357544663,4.3575418994413475,2.3298309730470814,92.30769230769202,7.692307692307973,False,10.84,False,True,True,False,True,False
107,000525,红太阳,C 制造业,腾讯前复权日K回退（成交额、换手率已提供）,False,2026-07-30,4.66,4.542,4.215999999999999,True,True,True,True,4.73,-1.4799154334038114,False,65.68757827792842,0.06749856126791087,-0.018377207948140052,0.17175153843210184,True,False,False,False,2026-07-03,19.0,26.66539734202681,21.17192739325766,37.652337239565114,False,False,,,False,262335.0,225086.0,1.1654878579742853,False,123570000.0,2.36,52.36016949152543,-0.42735042735041473,2.991452991453004,10.531309297912735,71.42857142857152,14.285714285714556,False,5.69,False,False,False,False,False,False
108,000526,学大教育,P 教育,腾讯前复权日K回退（成交额、换手率已提供）,False,2026-07-30,36.33,33.518,29.630000000000003,True,True,True,True,33.98,6.915832842848739,True,76.61889363872868,1.7355667842642326,0.9736589776403619,1.5238156132477414,True,False,False,False,,,80.11129850305925,68.82219685662027,102.68950179593722,False,False,,,False,62313.0,52131.6,1.1953018898326544,False,220878700.0,5.13,43.056276803118905,9.990917347865569,8.870723584620041,22.612217347283142,0.0,100.0,True,36.26,True,False,False,False,True,True
109,000528,柳 工,C 制造业,腾讯前复权日K回退（成交额、换手率已提供）,False,2026-07-30,8.86,8.642,8.279,True,True,True,True,8.9,-0.4494382022472014,False,64.18420422216253,0.13658769844324503,0.04485023889315359,0.18347491910018288,True,False,False,False,2026-07-02,20.0,46.632488043710374,41.31602174185415,57.26542064742283,False,False,,,False,310970.0,368068.4,0.8448701382677785,False,274934100.0,1.53,179.69549019607842,0.7963594994311762,1.8202502844141086,7.017755767604777,25.000000000000554,74.99999999999945,True,10.22,False,False,False,False,False,False
110,000529,广弘控股,C 制造业,腾讯前复权日K回退（成交额、换手率已提供）,False,2026-07-30,4.69,4.5840000000000005,4.6085,True,True,False,True,4.88,-3.8934426229508095,False,53.73770261613497,-0.019096542454676957,-0.038088346670519205,0.037983608431684496,True,False,False,False,,,23.69782812706569,20.43274134630367,30.228001688589735,False,False,,,False,35952.0,34906.2,1.0299602935868128,False,16941200.0,0.63,26.890793650793654,0.21367521367523512,2.7777777777777755,1.768471303027018,61.538461538460965,38.46153846153904,False,5.61,False,False,False,False,True,False
111,000530,冰山冷热,C 制造业,腾讯前复权日K回退（成交额、换手率已提供）,False,2026-07-30,4.8,4.752,4.8505,True,False,False,True,5.44,-11.764705882352951,False,43.790517088787695,-0.1740565079408185,-0.21063310033548802,0.07315318478933902,True,False,False,False,2026-07-27,3.0,12.639434664707187,10.427484771203206,17.063334451715146,False,False,2026-07-23,5.0,True,107420.0,109001.8,0.9854883130370324,False,52032000.0,1.79,29.068156424581,-1.0309278350515427,2.2680412371133905,-1.0411297804350155,54.545454545454476,18.18181818181789,False,6.8,False,False,False,False,False,False
112,000531,穗恒运Ａ,D 水电煤气,腾讯前复权日K回退（成交额、换手率已提供）,False,2026-07-30,5.81,5.7700000000000005,5.7955,True,True,False,False,6.2,-6.290322580645171,False,43.79941609062735,-0.15139099820260427,-0.19296785596280006,0.08315371552039158,True,False,False,False,2026-07-15,11.0,10.535672931669707,10.939434364709925,9.728150065589269,False,False,,,False,97814.0,124724.2,0.7842423523261725,False,56994100.0,1.08,52.77231481481481,-0.34305317324185847,2.0583190394511166,0.2501941161245787,58.33333333333351,41.66666666666648,False,8.22,False,False,False,False,True,False
113,000532,华金资本,S 综合,腾讯前复权日K回退（成交额、换手率已提供）,False,2026-07-30,10.57,10.27,10.3455,True,True,False,True,11.19,-5.540661304736365,False,49.36982373455189,-0.25594805934915854,-0.3563163692688226,0.2007366198393281,True,False,False,False,2026-07-16,10.0,14.951993513565315,10.415723254068281,24.024534032559384,False,False,2026-07-27,3.0,True,53774.0,51197.2,1.0503308774698616,False,57603000.0,1.57,36.68980891719745,-0.2830188679245227,3.584905660377366,2.1700256150016997,76.31578947368429,18.421052631578984,False,13.89,False,True,False,False,True,False
114,000533,顺钠股份,C 制造业,腾讯前复权日K回退（成交额、换手率已提供）,False,2026-07-30,10.92,10.934000000000001,9.1145,False,True,True,True,12.72,-14.15094339622642,False,59.535466380086675,0.18929189187208983,-0.30130050721544965,0.981184798175079,True,False,False,False,2026-07-22,6.0,29.10776443673136,20.878955441243964,45.56538242770616,False,False,2026-07-21,7.0,True,1404204.0,1032392.4,1.360145619049501,False,1585978200.0,20.5,77.36479024390243,-9.97526793075021,8.903544929925804,19.809095397443638,44.44444444444448,0.0,False,15.35,False,True,False,True,False,False
115,000534,万泽股份,C 制造业,腾讯前复权日K回退（成交额、换手率已提供）,False,2026-07-30,24.99,25.534,27.128500000000003,False,False,False,False,34.35,-27.24890829694324,False,42.20094720220392,-1.4245011614538505,-1.5418128607931731,0.23462339867864523,True,False,False,False,2026-07-27,3.0,11.110041813156146,10.701246663528183,11.927632112412073,False,False,2026-07-21,7.0,True,178490.0,166787.8,1.0701622061086002,False,451302100.0,3.55,127.12735211267606,-4.691075514874143,6.369183829138056,-7.8828538253128775,19.161676646706624,16.766467065868138,False,43.05,False,False,False,False,False,False
116,000536,华映科技,C 制造业,腾讯前复权日K回退（成交额、换手率已提供）,False,2026-07-30,3.09,3.0780000000000003,3.2325000000000004,True,False,False,True,4.29,-27.972027972027973,False,42.38270086782305,-0.14493727413423318,-0.1607011206655394,0.03152769306261244,True,False,False,False,2026-07-28,2.0,13.56724288153905,11.857395505424726,16.986937633767695,False,False,2026-07-27,3.0,True,406617.0,476012.0,0.8542158601043671,False,125940700.0,1.47,85.6739455782313,-1.2779552715655007,2.8753993610223736,-4.408352668213472,44.444444444444336,44.444444444444336,False,4.71,False,False,False,False,True,False
117,000537,绿发电力,D 水电煤气,腾讯前复权日K回退（成交额、换手率已提供）,False,2026-07-30,7.64,7.558,7.43,True,True,True,False,8.01,-4.619225967540576,False,47.831759381115425,-0.14534075207544905,-0.24445380197204225,0.1982260997931864,True,False,False,False,2026-07-06,18.0,14.198874200366355,13.687296987557835,15.222028625983395,False,False,,,False,206946.0,267121.4,0.7747263978101342,False,158283900.0,1.01,156.71673267326733,0.1310615989515096,2.883355176933155,2.8263795423956926,54.54545454545465,45.45454545454534,False,11.6,False,False,False,False,True,False
118,000538,云南白药,C 制造业,腾讯前复权日K回退（成交额、换手率已提供）,False,2026-07-30,52.75,51.638,50.582499999999996,True,True,True,True,52.82,-0.1325255585005685,False,65.32170939623606,0.7288896751100111,0.5544593790286898,0.34886059216264265,True,False,False,False,2026-07-02,20.0,59.71177604790944,55.34998338293034,68.43536137786764,False,False,,,False,145172.0,85028.4,1.707335431455843,False,763130500.0,0.82,930.6469512195122,1.6573520909616501,1.7729813066101263,4.285078831611731,5.434782608695375,94.56521739130463,True,53.07,True,False,False,False,False,False
119,000539,粤电力Ａ,D 水电煤气,腾讯前复权日K回退（成交额、换手率已提供）,False,2026-07-30,5.45,5.604,5.823,False,False,False,False,7.36,-25.951086956521742,False,39.905916865751664,-0.317683236630125,-0.3377243790594256,0.040082284858601214,True,False,False,False,2026-07-22,6.0,10.189444591693425,13.656776296455336,3.254781182169605,False,False,,,False,879105.0,1314071.4,0.6689933286730082,False,488485199.99999994,3.44,142.00151162790695,-3.539823008849563,5.84070796460177,-6.405632835308264,45.45454545454555,9.090909090909165,False,9.8,False,False,False,False,True,False
120,000541,佛山照明,C 制造业,腾讯前复权日K回退（成交额、换手率已提供）,False,2026-07-30,4.99,4.896,4.9595,True,True,False,True,5.35,-6.7289719626168125,False,50.852519238785604,-0.043810204063426283,-0.04904386938655431,0.01046733064625606,True,False,True,False,,,23.2288864498026,19.438988738480294,30.808681872447217,False,False,,,False,89249.0,63453.6,1.4065238221314473,False,44676000.0,0.73,61.2,0.8080808080808133,3.232323232323235,0.6149813489263025,56.249999999999865,43.75000000000014,False,5.8,False,False,False,False,True,False
121,000543,皖能电力,D 水电煤气,腾讯前复权日K回退（成交额、换手率已提供）,False,2026-07-30,7.98,7.828,7.641000000000001,True,True,True,False,8.25,-3.2727272727272676,False,55.601146422135365,0.03997188624712411,-0.015090449991049455,0.11012467247634714,True,False,False,False,2026-07-13,13.0,31.271051871833475,29.770329891269416,34.27249583296159,False,False,,,False,333143.0,334740.0,0.9952291330584931,False,265430200.0,1.47,180.56476190476192,0.8849557522123908,2.4020227560050618,4.436592069100896,36.84210526315797,63.15789473684204,False,9.71,False,False,False,False,False,False
122,000544,中原环保,D 水电煤气,腾讯前复权日K回退（成交额、换手率已提供）,False,2026-07-30,7.42,7.276000000000001,7.253,True,True,True,True,7.53,-1.460823373173975,False,54.9763922971973,-0.0173525589245056,-0.044856572503576435,0.05500802715814167,True,False,False,False,2026-07-08,16.0,23.312821008904052,19.945083818715045,30.048295389282067,False,False,,,False,54204.0,44913.8,1.206845112192689,False,40021600.0,0.56,71.46714285714285,0.952380952380949,1.6326530612244914,2.3024955190955443,8.333333333333147,91.66666666666686,True,8.31,False,False,False,False,False,False
123,000545,金浦钛业,C 制造业,腾讯前复权日K回退（成交额、换手率已提供）,False,2026-07-30,2.45,2.436,2.513,True,False,False,False,2.75,-10.909090909090903,False,46.51891773574382,-0.039059733295690346,-0.03791913103972596,-0.002281204511928772,False,True,False,False,,,12.457351588590754,10.702578216150764,15.966898333470734,False,False,2026-07-28,2.0,True,318757.0,344181.8,0.9261297372493258,False,78728100.0,3.23,24.374024767801856,-1.2096774193548265,4.032258064516133,-2.506963788300825,60.0,30.00000000000022,False,3.15,False,True,False,False,True,False
124,000546,金圆股份,C 制造业,腾讯前复权日K回退（成交额、换手率已提供）,False,2026-07-30,4.29,4.196,4.3635,True,False,False,True,5.26,-18.441064638783267,False,41.960418479024966,-0.25413395274692974,-0.30436235834396175,0.10045681119406402,True,False,False,False,2026-07-27,3.0,9.29866083760434,7.4150687346899415,13.065845043433137,False,False,2026-07-23,5.0,True,172711.0,184385.0,0.9366868237654907,False,75235600.0,2.48,30.33693548387097,-0.9237875288683584,4.157043879907615,-1.6844276383637016,66.66666666666683,5.555555555555445,False,8.27,False,False,False,False,True,False
125,000547,航天发展,C 制造业,腾讯前复权日K回退（成交额、换手率已提供）,False,2026-07-30,13.75,14.032,15.204999999999998,False,False,False,False,20.42,-32.66405484818806,False,34.66129665547916,-1.3992235868104181,-1.5215787539515389,0.24471033428224143,True,False,False,False,2026-07-27,3.0,9.122382875863268,8.340716612074035,10.685715403441737,False,False,2026-07-21,7.0,True,504669.0,775851.6,0.6504710436892829,False,702155000.0,3.18,220.80345911949684,-3.0324400564174847,4.090267983074754,-9.5692206511016,22.413793103448405,17.241379310344765,False,29.97,False,True,False,False,True,False
126,000548,湖南投资,G 运输仓储,腾讯前复权日K回退（成交额、换手率已提供）,False,2026-07-30,4.24,4.156000000000001,4.168,True,True,False,True,4.41,-3.8548752834467104,False,50.200298473142894,-0.06375917549214805,-0.09294542505393887,0.05837249912358164,True,False,False,False,2026-07-03,19.0,12.681097520723938,10.06591845431298,17.911455653545854,False,False,2026-07-28,2.0,True,91011.0,60827.4,1.496217165290642,False,38862700.0,1.82,21.353131868131868,0.4739336492891155,2.606635071090034,1.7274472168905965,63.63636363636341,36.36363636363658,False,5.39,False,False,False,False,True,False
127,000550,江铃汽车,C 制造业,腾讯前复权日K回退（成交额、换手率已提供）,False,2026-07-30,17.1,16.482000000000003,16.241000000000003,True,True,True,True,16.97,0.7660577489687835,True,61.087117393373504,0.0674871218690356,-0.034439851016017126,0.20385394577010546,True,False,False,False,2026-07-14,12.0,38.46219499315357,33.89197001424417,47.60264495097236,False,False,,,False,48300.0,31743.6,1.5215665519978832,False,82086100.0,0.93,88.26462365591398,2.6410564225690436,3.781512605042011,5.289083184532959,12.698412698412447,87.30158730158756,True,18.96,False,True,False,False,True,False
128,000551,创元科技,C 制造业,腾讯前复权日K回退（成交额、换手率已提供）,False,2026-07-30,12.05,12.629999999999999,15.101999999999999,False,False,False,False,21.67,-44.39317028149515,False,32.724653812123094,-1.2876346147304467,-1.0183198835986649,-0.5386294622635637,False,True,False,False,,,10.362803902286112,12.75818199524403,5.572047716370278,False,False,,,False,227490.0,191200.4,1.189798766111368,False,281144600.0,4.69,59.94554371002131,-6.371406371406363,6.8376068376068435,-20.209243808767038,13.636363636363738,5.681818181818257,False,21.92,False,True,False,False,True,False
129,000552,甘肃能化,B 采矿业,腾讯前复权日K回退（成交额、换手率已提供）,False,2026-07-30,2.61,2.5799999999999996,2.4925,True,True,True,False,2.65,-1.5094339622641524,False,57.67396835305657,0.026258714955543105,0.00445366536308703,0.043610099184912154,True,False,False,False,2026-07-06,18.0,44.38756155356682,41.50957335287348,50.14353795495349,False,False,,,False,631883.0,654955.8,0.9647719739255687,False,164554500.0,1.7,96.79676470588235,0.0,3.065134099616861,4.714142427281834,37.50000000000028,62.49999999999972,False,2.97,False,False,False,False,True,False
130,000553,安道麦A,C 制造业,腾讯前复权日K回退（成交额、换手率已提供）,False,2026-07-30,5.35,5.196,5.4355,True,False,False,True,6.01,-10.981697171381034,False,45.3671964917889,-0.1793408071144551,-0.19577828187150553,0.03287494951410086,True,False,True,False,,,8.955739279111398,7.006186920381261,12.854843996571674,False,False,2026-07-29,1.0,True,87886.0,80293.0,1.0945661514702403,False,46951899.99999999,0.4,117.37974999999996,1.7110266159695797,3.6121673003802353,-1.5729923650078297,31.57894736842125,68.42105263157875,False,7.63,False,False,False,False,False,False
131,000554,泰山石油,F 批发零售,腾讯前复权日K回退（成交额、换手率已提供）,False,2026-07-30,6.45,6.324,6.2795000000000005,True,True,True,False,6.97,-7.460545193687225,False,51.90142355943399,0.028375672894968673,0.00790117363372308,0.04094899852249119,True,False,False,False,2026-07-03,19.0,22.95459594099846,21.62806371270855,25.60766039757828,False,False,,,False,299286.0,360400.0,0.8304273029966703,False,192712800.0,8.33,23.134789915966387,1.7350157728706739,4.100946372239744,2.715184329962571,53.84615384615377,46.15384615384623,False,8.11,False,True,False,False,True,False
132,000555,神州信息,I 信息技术,腾讯前复权日K回退（成交额、换手率已提供）,False,2026-07-30,11.25,10.651999999999997,10.1435,True,True,True,True,10.87,3.4958601655933834,True,58.59370357926891,-0.08149535918503759,-0.30805627477376424,0.4531218311774533,True,False,False,False,2026-07-09,15.0,16.326188844782852,11.995299730266717,24.987967073815124,False,False,2026-07-21,7.0,True,486115.0,324805.8,1.4966327571736713,False,541921500.0,4.99,108.60150300601202,3.974121996303137,6.007393715341946,10.908463548084987,16.92307692307687,83.07692307692312,True,15.08,False,False,False,False,False,False
133,000557,西部创业,G 运输仓储,腾讯前复权日K回退（成交额、换手率已提供）,False,2026-07-30,3.65,3.6020000000000003,3.6,True,True,True,False,3.78,-3.4391534391534364,False,49.26302684567142,-0.038645129000189904,-0.06328278015505497,0.049275302309730123,True,False,False,False,2026-07-03,19.0,16.51181458712409,14.70820615662519,20.119031448121884,False,False,2026-07-29,1.0,True,86597.0,71138.4,1.2173031724075887,False,31789600.0,0.59,53.88067796610169,-0.544959128065392,2.452316076294286,1.388888888888884,77.77777777777783,22.222222222222168,False,4.75,False,True,False,False,False,False
134,000558,天府文旅,N 公共环保,腾讯前复权日K回退（成交额、换手率已提供）,False,2026-07-30,3.32,3.272,3.2305,True,True,True,True,3.48,-4.5977011494252915,False,50.79590376120413,-0.04743038253378273,-0.08441193637396549,0.07396310768036551,True,False,False,False,2026-07-06,18.0,14.875400850090093,12.418565173045758,19.789072204178762,False,False,,,False,301153.0,290190.4,1.0377772662362366,False,101402300.0,2.34,43.334316239316244,-0.30030030030030463,3.603603603603607,2.7704689676520564,83.33333333333334,16.666666666666664,False,4.29,False,True,False,False,False,False
135,000559,万向钱潮,C 制造业,腾讯前复权日K回退（成交额、换手率已提供）,False,2026-07-30,10.71,10.584,11.3055,True,False,False,False,14.45,-25.88235294117646,False,37.52350265210968,-0.7811910051116886,-0.8695599704180628,0.17673793061274834,True,False,False,False,2026-07-27,3.0,6.780616716669617,5.892146311608131,8.557557526792591,False,False,2026-07-21,7.0,True,335842.0,300080.4,1.1191733948635099,False,361851800.0,1.01,358.26910891089113,-0.557103064066844,3.2497678737233184,-5.2673477510945945,74.28571428571392,25.714285714286078,False,18.78,False,True,False,False,True,False
136,000560,我爱我家,K 房地产,腾讯前复权日K回退（成交额、换手率已提供）,False,2026-07-30,2.22,2.1799999999999997,2.1125,True,True,True,True,2.27,-2.2026431718061596,False,52.84438200499687,-0.020588278036938856,-0.05381527566855412,0.06645399526323052,True,False,False,False,,,16.370440982854536,13.972366491945715,21.16658996467218,False,False,,,False,705743.0,695484.4,1.014750294902373,False,157972700.0,3.02,52.30884105960265,-0.8928571428571397,4.017857142857136,5.088757396449722,66.66666666666634,33.33333333333366,False,3.42,False,True,False,False,False,False
137,000561,烽火电子,C 制造业,腾讯前复权日K回退（成交额、换手率已提供）,False,2026-07-30,7.51,7.247999999999999,7.154999999999999,True,True,True,True,7.81,-3.841229193341867,False,54.27610528729782,-0.10515339904491139,-0.197719525604574,0.18513225311932524,True,False,False,False,,,18.52288540455707,14.34058288913782,26.887490435395563,False,False,,,False,136132.0,107597.6,1.2651955062194695,False,102137700.0,1.75,58.3644,1.6238159675236785,3.112313937753727,4.961565338923836,26.086956521739296,73.9130434782607,True,10.0,False,False,False,False,False,False
138,000563,陕国投Ａ,J 金融业,腾讯前复权日K回退（成交额、换手率已提供）,False,2026-07-30,3.11,3.03,2.9675000000000002,True,True,True,True,3.1,0.32258064516128343,True,62.97626143281619,0.03411596046771859,0.019512575044321048,0.02920677084679508,True,False,False,False,2026-07-02,20.0,43.20283306377515,37.04003030067857,55.5284385899683,False,False,,,False,524625.0,389343.8,1.3474594946676948,False,162516200.0,1.03,157.78271844660193,1.3029315960912058,1.9543973941368098,4.802021903959549,16.666666666667037,83.33333333333296,True,3.29,False,False,False,False,False,False
139,000564,供销大集,F 批发零售,腾讯前复权日K回退（成交额、换手率已提供）,False,2026-07-30,1.4,1.364,1.3495000000000001,True,True,True,True,1.43,-2.0979020979020997,False,51.54904481125972,-0.02034346301161083,-0.03627939564320779,0.031871865263193924,True,False,False,False,2026-07-03,19.0,11.660357486663687,9.154800299011256,16.67147186196855,False,False,2026-07-28,2.0,True,3034719.0,2227872.8,1.3621599042817885,False,432423700.0,2.01,215.1361691542289,0.0,5.000000000000004,3.7421267135976115,85.71428571428571,14.285714285714285,False,1.89,False,False,False,False,True,False
140,000565,渝三峡Ａ,C 制造业,腾讯前复权日K回退（成交额、换手率已提供）,False,2026-07-30,5.54,5.45,5.6215,True,False,False,True,6.22,-10.932475884244369,False,43.41251579762156,-0.20719918766863454,-0.24894004888046162,0.08348172242365415,True,False,False,False,2026-07-27,3.0,12.380490706073749,10.304050481766941,16.533371154687362,False,False,2026-07-23,5.0,True,86226.0,93120.4,0.9259625173431386,False,48326800.0,1.99,24.284824120603012,-0.8944543828264706,3.220035778175324,-1.4497909810548808,61.111111111111086,11.11111111111133,False,8.77,False,False,False,False,False,False
141,000566,海南海药,C 制造业,腾讯前复权日K回退（成交额、换手率已提供）,False,2026-07-30,5.95,5.462,5.288,True,True,True,True,6.73,-11.58989598811293,False,59.477726776323834,0.2155938004048732,0.16748323035410384,0.0962211401015387,True,False,False,False,2026-07-28,2.0,62.95094787196274,55.77648279261401,77.2998780306602,False,False,,,False,3655394.0,1612616.0,2.2667479424735957,True,2127007200.0,28.19,75.45254345512592,9.981515711645095,10.166358595194081,12.518910741301056,0.0,100.0,True,6.73,False,False,False,False,False,True
142,000567,海德股份,J 金融业,腾讯前复权日K回退（成交额、换手率已提供）,False,2026-07-30,6.08,5.756,5.807,True,True,False,True,6.59,-7.738998482549314,False,56.53585879265789,-0.04069370648828308,-0.07672917449016868,0.07207093600377121,True,False,False,False,2026-07-29,1.0,40.208054145072815,33.31926385624367,53.98563472273109,False,False,,,False,416398.0,234322.8,1.7770272461749348,False,255772200.0,2.14,119.51971962616821,1.333333333333342,5.833333333333343,4.70122266230411,57.1428571428571,42.8571428571429,False,7.05,False,False,False,False,True,False
143,000568,泸州老窖,C 制造业,腾讯前复权日K回退（成交额、换手率已提供）,False,2026-07-30,90.54,86.502,82.1315,True,True,True,True,89.5,1.1620111731843645,True,64.10333417556282,1.6051513381339646,0.4887746642905493,2.2327533476868306,True,False,False,False,2026-07-02,20.0,40.22602069929217,34.766150857455976,51.14576038296455,False,False,,,False,197631.0,127129.8,1.5545607717466714,False,1793155500.0,1.34,1338.1757462686567,2.618157089425366,4.828289697381832,10.237850276690432,39.20187793427209,60.79812206572791,False,100.35,False,False,False,False,True,False
144,000570,苏常柴Ａ,C 制造业,腾讯前复权日K回退（成交额、换手率已提供）,False,2026-07-30,4.89,4.843999999999999,4.8469999999999995,True,True,False,True,5.07,-3.5502958579881776,False,48.38478376339507,-0.07133723046252971,-0.10825944699779158,0.07384443307052374,True,False,False,False,2026-07-02,20.0,13.529614203161737,12.368010145157129,15.852822319170954,False,False,2026-07-28,2.0,True,110687.0,100357.4,1.1029281348460602,False,54411000.0,1.99,27.342211055276383,-0.6097560975609762,3.048780487804885,0.8871466886734094,53.33333333333326,39.999999999999645,False,6.84,False,True,False,False,False,False
145,000571,新大洲A,B 采矿业,腾讯前复权日K回退（成交额、换手率已提供）,False,2026-07-30,5.41,5.796,6.1465,False,False,False,False,7.23,-25.172890733056715,False,40.201124399568904,-0.10705976121791938,-0.01757175131287024,-0.17897601981009828,False,True,False,False,,,36.213411150004156,41.25877994999539,26.122673550021673,False,False,,,False,220678.0,242917.8,0.9084472195944472,False,122962500.0,2.71,45.37361623616237,-4.2477876106194685,7.787610619469033,-11.982429024648166,43.18181818181823,13.636363636363738,False,7.23,False,False,False,False,False,False
146,000572,海马汽车,C 制造业,腾讯前复权日K回退（成交额、换手率已提供）,False,2026-07-30,3.79,3.6060000000000003,3.5420000000000003,True,True,True,True,4.2,-9.761904761904765,False,53.48597027776939,-0.10483001236050082,-0.1759512726759542,0.14224252063090675,True,False,False,False,2026-07-14,12.0,12.792157077417698,9.564991625061209,19.246487982130677,False,False,2026-07-22,6.0,True,943951.0,525551.8,1.7961141033100827,False,359222400.0,5.75,62.47346086956522,1.8817204301075252,6.18279569892473,7.00169395821569,43.47826086956526,56.521739130434746,False,5.69,False,False,False,False,True,False
147,000573,粤宏远Ａ,C 制造业,腾讯前复权日K回退（成交额、换手率已提供）,False,2026-07-30,3.48,3.5100000000000002,3.5260000000000007,False,False,False,False,3.88,-10.309278350515463,False,43.41023070800169,-0.09370691745864956,-0.11936412240379532,0.05131440989029151,True,False,False,False,2026-07-10,14.0,14.100054418525659,13.7082213483986,14.883720558779775,False,False,2026-07-28,2.0,True,175078.0,140240.8,1.2484098778672112,False,61956500.0,2.77,22.36696750902527,-3.3333333333333326,4.444444444444437,-1.30459444129327,31.24999999999995,6.249999999999878,False,5.05,False,False,False,False,True,False
148,000576,甘化科工,C 制造业,腾讯前复权日K回退（成交额、换手率已提供）,False,2026-07-30,6.56,6.582000000000001,6.745500000000002,False,False,False,True,8.14,-19.41031941031942,False,45.01998475152663,-0.18649142893405735,-0.23147364063244477,0.08996442339677485,True,False,False,False,2026-07-27,3.0,14.505061280336065,12.081533770498433,19.35211630001133,False,False,2026-07-23,5.0,True,111061.0,134970.4,0.8228544925405867,False,74025000.0,2.56,28.916015625,-1.9431988041853643,3.288490284005975,-2.7499814691275954,49.9999999999998,9.090909090908909,False,9.18,False,False,False,False,False,False
149,000581,威孚高科,C 制造业,腾讯前复权日K回退（成交额、换手率已提供）,False,2026-07-30,17.92,17.312,17.087,True,True,True,True,17.68,1.3574660633484277,True,62.585850663710254,0.04035250293394199,-0.09165788626358765,0.2640207783950593,True,False,False,False,2026-07-02,20.0,28.88520242630052,22.05674154902127,42.54212418085901,False,False,2026-07-20,8.0,True,108160.0,71167.6,1.51979271466229,False,192670099.99999997,1.36,141.66919117647055,1.7603634298694049,2.5553662691652432,4.87505120852111,17.777777777777427,82.22222222222257,True,19.72,False,False,False,False,False,False
150,000582,北部湾港,G 运输仓储,腾讯前复权日K回退（成交额、换手率已提供）,False,2026-07-30,12.51,12.258,11.4665,True,True,True,True,12.58,-0.5564387917329116,False,61.9299525917397,0.22029217330242545,0.036511203889294006,0.36756193882626287,True,False,False,False,2026-07-06,18.0,40.8548432160366,35.815179720562476,50.934170206984845,False,False,,,False,435022.0,425533.8,1.0222971712235316,False,539231600.0,2.02,266.94633663366335,1.5422077922077948,3.490259740259738,9.100422971264116,20.930232558139515,79.06976744186048,True,15.46,False,True,False,False,True,False
151,000586,汇源通信,C 制造业,腾讯前复权日K回退（成交额、换手率已提供）,False,2026-07-30,10.29,10.466,11.3265,False,False,False,False,13.85,-25.703971119133577,False,31.20095433488072,-1.056329355729849,-1.1493350048701092,0.18601129828052043,True,False,False,False,2026-07-27,3.0,7.029949131455837,6.580958277411706,7.927930839544098,False,False,2026-07-21,7.0,True,57436.0,55596.4,1.03308847335439,False,59843400.0,3.0,19.9478,-2.9245283018867974,5.471698113207548,-9.1511058137995,34.48275862068953,20.68965517241366,False,20.7,False,True,False,False,True,False
152,000589,贵州轮胎,C 制造业,腾讯前复权日K回退（成交额、换手率已提供）,False,2026-07-30,4.38,4.314,4.309,True,True,True,True,4.47,-2.0134228187919434,False,54.3905682602897,-0.005464373825500246,-0.022012507395889783,0.033096267140779075,True,False,False,False,2026-07-03,19.0,31.329210815185302,28.802511253251627,36.38260993905265,False,False,,,False,258842.0,178869.6,1.4470988921538372,False,113278000.0,1.68,67.42738095238096,0.4587155963302614,1.8348623853211024,1.6477140867950737,37.50000000000028,62.49999999999972,False,5.0,False,False,False,False,False,False
153,000590,古汉医药,C 制造业,腾讯前复权日K回退（成交额、换手率已提供）,False,2026-07-30,8.02,7.973999999999999,8.120000000000001,True,False,False,True,8.8,-8.863636363636376,False,42.287491973999785,-0.2655448095704642,-0.32279430978635015,0.11449900043177186,True,False,False,False,2026-07-14,12.0,10.94310651364601,9.830970545211407,13.167378450515216,False,False,2026-07-27,3.0,True,34056.0,32065.8,1.0620661265273281,False,27526400.0,1.42,19.384788732394366,-0.7425742574257432,3.960396039603964,-1.2315270935960765,43.75000000000014,31.24999999999986,False,11.41,False,False,False,False,True,False
154,000591,太阳能,D 水电煤气,腾讯前复权日K回退（成交额、换手率已提供）,False,2026-07-30,4.53,4.464,4.3945,True,True,True,False,4.72,-4.025423728813549,False,48.97300952487209,-0.07910354574285705,-0.13019729622905804,0.10218750097240198,True,False,False,False,2026-07-15,11.0,15.054633910110189,13.87338631037872,17.417129109573125,False,False,,,False,497710.0,506447.8,0.9827468892154335,False,224948800.0,1.28,175.74125,0.22123893805310324,1.9911504424778732,3.083399704175683,33.333333333332675,66.66666666666733,False,6.49,False,False,False,False,False,False
155,000592,平潭发展,C 制造业,腾讯前复权日K回退（成交额、换手率已提供）,False,2026-07-30,5.57,5.682,5.8100000000000005,False,False,False,False,7.76,-28.221649484536076,False,37.290398923616536,-0.44576709505049283,-0.5492200645646006,0.20690593902821552,True,False,False,False,2026-07-22,6.0,8.750161672698674,8.052886649883929,10.144711718328164,False,False,2026-07-21,7.0,True,1275771.0,1540513.8,0.8281464275100944,False,729272600.0,6.66,109.5003903903904,-3.298611111111105,6.5972222222222365,-4.130808950086061,60.52631578947367,2.6315789473685935,False,12.46,False,True,False,False,True,False
156,000593,德龙汇能,D 水电煤气,腾讯前复权日K回退（成交额、换手率已提供）,False,2026-07-30,15.38,16.818,20.425500000000003,False,False,False,False,26.78,-42.56908140403286,False,31.202900094016243,-1.5545059187726977,-1.0054587820980019,-1.0980942733493917,False,True,False,False,,,25.713547457913517,33.42941404305512,10.281814287630311,False,False,,,False,209799.0,188793.4,1.1112623640445058,False,341917000.0,5.85,58.447350427350436,-7.738452309538102,13.01739652069586,-24.701965680154718,42.39631336405537,2.3041474654378207,False,27.99,False,False,False,False,True,False
157,000595,新能股份,C 制造业,腾讯前复权日K回退（成交额、换手率已提供）,False,2026-07-30,4.93,5.53,5.371,False,False,True,False,6.65,-25.864661654135347,False,41.17520482411055,-0.2136221774440097,-0.28345608526192223,0.1396678156358251,True,False,False,False,2026-07-23,5.0,24.84360625113167,25.422507422329804,23.6858039087354,False,True,,,False,504207.0,716628.2,0.7035824155398853,False,257454100.0,4.43,58.11604966139956,-8.022388059701502,8.582089552238804,-8.21076149692796,17.391304347826104,2.1739130434782146,False,8.2,False,False,False,False,False,False
158,000596,古井贡酒,C 制造业,腾讯前复权日K回退（成交额、换手率已提供）,False,2026-07-30,92.59,89.844,84.3205,True,True,True,True,98.61,-6.104857519521343,False,61.095805384572756,2.859102552211084,1.9471876776327188,1.8238297491567304,True,False,False,False,,,51.52167672252305,47.96714872874804,58.63073271007306,False,False,,,False,119346.0,84202.6,1.4173671596839053,False,1132395900.0,2.92,387.8068150684932,1.847981520184816,9.668903310966883,9.807223628892153,72.24118316268488,27.75881683731513,False,105.55,False,False,False,False,True,False
159,000597,东北制药,C 制造业,腾讯前复权日K回退（成交额、换手率已提供）,False,2026-07-30,4.56,4.568,4.616,False,False,False,False,4.94,-7.692307692307708,False,48.56945038461546,0.019672684507966665,0.03186223983800825,-0.024379110660083164,False,True,False,False,,,31.47834815715126,33.017364758099454,28.40031495525487,False,False,,,False,122218.0,102626.8,1.1908975043555874,False,55993300.0,0.87,64.36011494252874,-1.0845986984815759,3.4707158351410006,-1.2131715771230516,31.24999999999986,37.49999999999972,False,5.1,False,False,False,False,True,False
160,000598,兴蓉环境,D 水电煤气,腾讯前复权日K回退（成交额、换手率已提供）,False,2026-07-30,7.4,7.312,6.9159999999999995,True,True,True,False,7.44,-0.5376344086021511,False,69.2629799487866,0.22711009991744469,0.18317753866891126,0.08786512249706685,True,False,False,False,2026-07-08,16.0,92.88037469707722,90.6710519299038,97.29902023142404,False,False,,,False,295748.0,288429.8,1.0253725516572838,False,216575099.99999997,0.99,218.76272727272723,0.9549795361528002,3.137789904502052,6.998264893001749,17.39130434782607,82.60869565217392,True,7.44,True,False,False,False,False,False
161,000599,青岛双星,C 制造业,腾讯前复权日K回退（成交额、换手率已提供）,False,2026-07-30,4.62,4.506,4.406499999999999,True,True,True,True,4.64,-0.4310344827586115,False,54.82915150205269,-0.02950997286596113,-0.08182968085682846,0.10463941598173465,True,False,False,False,2026-07-03,19.0,17.967371923232097,14.33640433870559,25.229307092285115,False,False,2026-07-27,3.0,True,115149.0,120517.6,0.9554538092361613,False,53222800.0,1.41,37.74666666666667,0.6535947712418277,2.3965141612200505,4.845115170770469,45.45454545454516,54.54545454545484,False,6.08,False,False,False,False,True,False
162,000600,建投能源,D 水电煤气,腾讯前复权日K回退（成交额、换手率已提供）,False,2026-07-30,8.54,8.639999999999999,8.4705,False,True,True,False,9.58,-10.855949895615876,False,45.296719381817546,-0.16909658794734383,-0.2593818163702458,0.18057045684580397,True,False,False,False,2026-07-20,8.0,18.9456679780905,19.56101265267821,17.714978628915084,False,True,,,False,326098.0,423589.4,0.7698445711814318,False,280862600.0,2.99,93.93397993311036,-2.733485193621865,3.986332574031887,0.8204946579304607,34.285714285714604,19.99999999999959,False,12.99,False,False,False,False,False,False
163,000601,韶能股份,D 水电煤气,腾讯前复权日K回退（成交额、换手率已提供）,False,2026-07-30,6.23,6.3420000000000005,6.5045,False,False,False,False,7.26,-14.18732782369145,False,44.79342906268463,-0.10269937412991492,-0.10466780712157707,0.003936865983324295,True,False,False,False,2026-07-03,19.0,15.539872888796971,18.3141778281806,9.991263010029712,False,False,,,False,491869.0,798388.8,0.6160770291366813,False,311118900.0,4.69,66.33665245202559,-2.808112324492973,4.836193447737918,-4.220155277115839,38.70967741935481,3.2258064516131153,False,9.89,False,False,False,False,True,False
164,000603,盛达资源,B 采矿业,腾讯前复权日K回退（成交额、换手率已提供）,False,2026-07-30,24.07,24.574,22.496,False,True,True,False,26.69,-9.816410640689401,False,50.703607073127365,-0.4131962552532542,-1.1303058256781469,1.4342191408497853,True,False,False,False,2026-07-21,7.0,23.906928738134912,20.654609458455482,30.411567297493775,False,False,2026-07-21,7.0,True,556868.0,676088.2,0.8236617648407413,False,1374390300.0,8.35,164.5976407185629,-3.720000000000001,6.840000000000003,6.996799431009965,11.695906432748698,10.526315789473664,False,41.19,False,False,False,False,True,False
165,000605,渤海股份,D 水电煤气,腾讯前复权日K回退（成交额、换手率已提供）,False,2026-07-30,5.48,5.378,5.461,True,True,False,True,5.92,-7.4324324324324245,False,47.77443359814756,-0.11461465907728474,-0.14731586611788078,0.06540241408119207,True,False,False,False,2026-07-27,3.0,13.30514699100508,10.8721735525179,18.171093867979437,False,False,2026-07-29,1.0,True,40711.0,46417.4,0.8770633426258256,False,22622300.0,1.15,19.671565217391304,-1.0830324909747224,3.7906137184115516,0.3479216260758126,57.14285714285721,19.04761904761907,False,7.3,False,False,False,False,True,False
166,000607,华媒控股,L 商务服务,腾讯前复权日K回退（成交额、换手率已提供）,False,2026-07-30,3.42,3.344,3.2585,True,True,True,True,3.46,-1.1560693641618507,False,56.962040762582674,0.003500591018421595,-0.03247038114756935,0.0719419443319819,True,False,False,False,2026-07-02,20.0,29.51190139675127,25.274562336748176,37.98657951675746,False,False,,,False,139281.0,103838.2,1.3413271801706887,False,48264900.0,1.57,30.741974522292992,-0.5813953488372103,3.488372093023246,4.956268221574336,91.66666666666681,8.33333333333318,False,4.22,False,True,True,False,False,False
167,000608,阳光股份,K 房地产,腾讯前复权日K回退（成交额、换手率已提供）,False,2026-07-30,5.64,6.208,6.1690000000000005,False,False,True,False,7.13,-20.8976157082749,False,41.946253764511006,0.0006205209133378631,0.07384810447674048,-0.14645516712680523,False,True,False,False,,,55.09897910113744,58.64142744610724,48.01408241119783,False,False,,,False,262502.0,365701.6,0.7178038050694884,False,152601700.0,3.52,43.35275568181818,-6.467661691542292,9.286898839137638,-8.575133733182051,17.857142857142804,10.714285714285653,False,8.14,False,False,False,False,False,False
168,000609,*ST中迪,S 综合,腾讯前复权日K回退（成交额、换手率已提供）,False,2026-07-30,8.94,9.107999999999999,10.633500000000002,False,False,False,False,14.06,-36.415362731152214,False,29.548847898712495,-0.9045641270375651,-0.7697811474443499,-0.26956595918643034,False,True,False,False,,,12.35088073576022,14.672712265942955,7.707217675394752,False,False,,,False,72100.0,72891.8,0.9891373240885806,False,65218400.0,2.48,26.29774193548387,-2.7203482045701888,5.65832426550598,-15.926082663281157,48.076923076923116,21.15384615384606,False,16.86,False,False,False,False,True,False
169,000610,*ST西旅,L 商务服务,腾讯前复权日K回退（成交额、换手率已提供）,False,2026-07-30,5.53,5.34,5.4605,True,True,False,True,6.19,-10.662358642972539,False,46.95466399985846,-0.24413190732395407,-0.3170799008857026,0.14589598712349705,True,False,False,False,2026-07-23,5.0,9.48980477006792,7.336051363327525,13.79731158354871,False,False,2026-07-27,3.0,True,34926.0,24618.8,1.4186719092725886,False,19360600.0,1.48,13.081486486486487,1.6544117647058876,5.330882352941177,1.2727772182034716,51.7241379310343,48.27586206896571,False,7.99,False,True,False,False,True,False
170,000612,焦作万方,C 制造业,腾讯前复权日K回退（成交额、换手率已提供）,False,2026-07-30,10.96,10.706,10.556999999999999,True,True,True,False,11.2,-2.142857142857129,False,52.45279065028886,-0.058012472273535565,-0.14235687166375438,0.16868879878043763,True,False,False,False,2026-07-14,12.0,31.674002465893704,27.861102877891806,39.299801641897496,False,False,,,False,335507.0,375136.8,0.89435907114418,False,371238500.0,2.81,132.11334519572955,-0.4541326067211582,3.814713896457765,3.81737235957187,49.99999999999979,26.19047619047648,False,13.47,False,False,False,False,False,False
171,000615,*ST美谷,Q 卫生,腾讯前复权日K回退（成交额、换手率已提供）,False,2026-07-30,3.04,2.992,3.0839999999999996,True,False,False,True,3.4,-10.588235294117645,False,44.20722198518104,-0.07953111291299564,-0.08710863091419951,0.015155036002407751,True,False,False,False,2026-07-29,1.0,21.58924587742183,19.561820934748592,25.64409576276831,False,False,2026-07-22,6.0,True,72009.0,43353.2,1.6609846562652815,False,21861400.0,0.78,28.0274358974359,0.996677740863805,2.9900332225913577,-1.4267185473411026,55.55555555555544,44.44444444444456,False,3.92,False,False,False,False,True,False
172,000617,中油资本,J 金融业,腾讯前复权日K回退（成交额、换手率已提供）,False,2026-07-30,7.17,6.964,6.831999999999999,True,True,True,True,7.24,-0.9668508287292857,False,55.32138940704217,-0.036265867599922785,-0.10926947938034673,0.1460072235608479,True,False,False,False,,,10.069292667716924,8.70747512976722,12.792927743616335,False,False,,,False,1141585.0,907185.6,1.258380864952001,False,818617500.0,0.9,909.575,1.7021276595744705,3.82978723404256,4.947306791569102,40.74074074074079,59.25925925925921,False,9.46,False,False,False,False,True,False
173,000619,海螺新材,C 制造业,腾讯前复权日K回退（成交额、换手率已提供）,False,2026-07-30,4.44,4.316,4.362,True,True,False,True,4.66,-4.72103004291845,False,47.75766920907887,-0.13599054852495485,-0.18255909057777348,0.09313708410563726,True,False,False,False,2026-07-03,19.0,12.415196657607053,9.729294868672662,17.787000235475833,False,False,2026-07-27,3.0,True,82483.0,68243.4,1.2086590058525808,False,36628100.0,2.29,15.994803493449782,1.3698630136986356,3.6529680365296837,1.7881705639614922,37.49999999999972,62.50000000000028,False,6.27,False,True,False,False,True,False
174,000620,盈新发展,K 房地产,腾讯前复权日K回退（成交额、换手率已提供）,False,2026-07-30,2.56,2.6599999999999997,3.0245,False,False,False,False,3.96,-35.35353535353536,False,36.071269092903144,-0.15289094372745593,-0.09694752109608414,-0.11188684526274359,False,True,False,False,,,8.859738355635402,13.849679089867516,-1.1201431128288242,False,False,,,False,1815662.0,1705993.2,1.0642844297386413,False,472091200.0,3.89,121.36020565552698,-4.119850187265916,4.494382022471914,-15.357910398412963,33.33333333333333,8.333333333333519,False,3.96,False,False,False,False,False,False
175,000623,吉林敖东,C 制造业,腾讯前复权日K回退（成交额、换手率已提供）,False,2026-07-30,18.3,18.008000000000003,18.101000000000003,True,True,False,False,18.79,-2.607770090473648,False,53.84384470857046,0.12611677346438555,0.15555151135324985,-0.05886947577772861,False,True,False,False,,,73.20159153234854,72.11614891409288,75.37247676885988,True,False,,,False,135824.0,131274.6,1.0346555997885347,False,247513800.0,1.14,217.11736842105267,0.328947368421062,2.192982456140343,1.0993867742113588,19.999999999999645,80.00000000000036,True,18.87,False,False,False,False,False,False
176,000625,长安汽车,C 制造业,腾讯前复权日K回退（成交额、换手率已提供）,False,2026-07-30,7.83,7.424000000000001,7.1435,True,True,True,True,7.59,3.162055335968382,True,65.95988689351915,0.03771530488950958,-0.06672030795851212,0.2088712256960434,True,False,False,False,,,24.72590635396827,19.616689546235197,34.94433996943442,False,False,,,False,1948573.0,811655.2,2.4007398708219947,True,1514490000.0,2.36,641.7330508474577,4.122340425531923,5.585106382978722,9.610135087842089,14.285714285714196,85.71428571428581,True,9.47,False,False,False,False,False,False
177,000626,远大控股,F 批发零售,腾讯前复权日K回退（成交额、换手率已提供）,False,2026-07-30,6.89,6.787999999999999,6.511,True,True,True,True,7.22,-4.570637119113575,False,54.53071018804411,-0.036977510601525765,-0.14478639277340796,0.2156177643437644,True,False,False,False,2026-07-07,17.0,23.691800798566145,19.435977875260246,32.20344664517794,False,False,2026-07-23,5.0,True,100777.0,117005.4,0.8613021279359756,False,70289900.0,2.0,35.14495,-1.2893982808023008,4.44126074498568,5.820918445707258,19.354838709677548,25.80645161290321,False,9.64,False,False,False,False,True,False
178,000628,高新发展,E 建筑业,腾讯前复权日K回退（成交额、换手率已提供）,False,2026-07-30,34.68,36.0,39.677499999999995,False,False,False,False,50.15,-30.84745762711864,False,30.024431677324813,-3.8036538205787735,-4.008626682609211,0.4099457240608757,True,False,False,False,2026-07-28,2.0,8.944390185361081,9.153262484350334,8.526645587382578,False,True,,,False,86841.0,103139.2,0.8419786075517359,False,306420700.0,4.52,67.79219026548674,-4.8037331869338455,6.340927806752683,-12.595299603049575,19.480519480519582,9.523809523809465,False,68.01,False,True,False,False,True,False
179,000629,钒钛股份,C 制造业,腾讯前复权日K回退（成交额、换手率已提供）,False,2026-07-30,3.06,3.056,3.104,True,False,False,False,3.65,-16.164383561643834,False,44.87725172159508,-0.06270301056684469,-0.07163419136653498,0.017862361599380594,True,False,False,False,2026-07-27,3.0,11.458111123356767,11.059858779629236,12.254615810811831,False,False,2026-07-23,5.0,True,1004922.0,980140.8,1.0252833062351858,False,308373800.0,1.08,285.53129629629626,-0.6493506493506551,2.5974025974025996,-1.4175257731958775,62.49999999999972,37.50000000000028,False,4.0,False,True,False,False,False,False
180,000630,铜陵有色,C 制造业,腾讯前复权日K回退（成交额、换手率已提供）,False,2026-07-30,6.09,6.098,6.079,False,True,True,False,6.68,-8.832335329341316,False,47.04436938982487,-0.10655232827741123,-0.14109502648994568,0.06908539642506889,True,False,False,False,2026-07-23,5.0,24.235244527122916,23.56975935373949,25.56621487388977,False,False,,,False,1998118.0,2371224.0,0.8426525709928712,False,1224565900.0,1.79,684.1150279329609,-0.9756097560975729,2.6016260162601648,0.18095081427866624,25.0,25.0,False,8.02,False,False,False,False,True,False
181,000631,顺发恒能,K 房地产,腾讯前复权日K回退（成交额、换手率已提供）,False,2026-07-30,2.88,2.8779999999999997,2.863,True,True,True,False,3.11,-7.395498392282958,False,46.784058140290774,-0.04455779355714462,-0.06464671434617336,0.04017784157805748,True,False,False,False,2026-07-16,10.0,9.09162013994384,8.540020993426616,10.194818432978288,False,False,,,False,108217.0,120296.4,0.8995863550363935,False,31442100.0,0.47,66.89808510638298,-1.3698630136986356,3.424657534246579,0.593782745371984,49.99999999999978,20.0,False,3.64,False,True,False,False,False,False
182,000632,ST三木,F 批发零售,腾讯前复权日K回退（成交额、换手率已提供）,False,2026-07-30,3.4,3.0940000000000003,3.1290000000000004,True,True,False,True,3.58,-5.027932960893859,False,56.03244349508527,-0.09231048036508094,-0.14509881214060996,0.10557666355105805,True,False,False,False,2026-07-28,2.0,22.535814776875174,16.970780413836337,33.66588350295285,False,False,2026-07-23,5.0,True,174848.0,91186.2,1.9174831279294455,True,57892700.00000001,3.76,15.396994680851066,6.91823899371069,9.433962264150951,8.660914030041528,23.33333333333341,76.6666666666666,True,4.44,False,False,False,False,True,False
183,000633,合金投资,C 制造业,腾讯前复权日K回退（成交额、换手率已提供）,False,2026-07-30,4.88,4.822,4.843,True,True,False,True,5.21,-6.333973128598849,False,47.526037314849006,-0.10108257060140957,-0.14202605359336573,0.08188696598391232,True,False,False,False,2026-07-02,20.0,15.702321960313903,13.347680945898494,20.41160398914472,False,False,2026-07-23,5.0,True,82072.0,76623.8,1.0711032342431464,False,40400000.0,2.13,18.967136150234744,-1.2145748987854366,4.251012145748987,0.7639892628536016,42.8571428571428,23.80952380952373,False,6.94,False,False,False,False,False,False
184,000635,英 力 特,C 制造业,腾讯前复权日K回退（成交额、换手率已提供）,False,2026-07-30,6.07,6.029999999999999,5.9985,True,True,True,False,6.51,-6.7588325652841705,False,46.742968301022856,-0.13440117771320992,-0.19761627435888926,0.12643019329135868,True,False,False,False,2026-07-14,12.0,12.235550622635381,10.352287786216879,16.00207629547239,False,False,,,False,39634.0,47067.4,0.8420690329187506,False,24289899.999999996,1.08,22.49064814814814,-1.140065146579794,3.257328990228016,1.19196465783113,40.0,25.000000000000334,False,8.5,False,True,False,False,True,False
185,000636,风华高科,C 制造业,腾讯前复权日K回退（成交额、换手率已提供）,False,2026-07-30,50.5,45.132,51.5135,True,False,False,True,71.07,-28.943295342619948,False,48.065280463018965,-4.205000093751529,-3.858556330904051,-0.6928875256949567,False,True,False,False,,,43.273627818962744,41.35501478086329,47.11085389516164,True,False,,,False,2673623.0,1411533.6,1.8941263601518235,True,13157270000.0,23.11,569.3323236694072,6.29341191328141,12.376341822774144,-1.967445426926923,29.931972789115633,70.06802721088437,True,83.9,False,True,False,False,True,True
186,000637,茂化实华,C 制造业,腾讯前复权日K回退（成交额、换手率已提供）,False,2026-07-30,3.57,3.532,3.554,True,True,False,True,3.85,-7.27272727272728,False,46.53163697078598,-0.07887786548983611,-0.10642102140194401,0.055086311824215806,True,False,False,False,2026-07-03,19.0,15.543435293453497,13.389564863582088,19.851176153196313,False,False,2026-07-27,3.0,True,104349.0,111160.0,0.938727959697733,False,37775300.0,2.86,13.208146853146854,-0.5571030640668551,4.456824512534823,0.45019696117051256,43.74999999999986,12.5,False,4.87,False,False,False,False,True,False
187,000639,ST西王,C 制造业,腾讯前复权日K回退（成交额、换手率已提供）,False,2026-07-30,1.52,1.468,1.4285,True,True,True,True,1.68,-9.523809523809518,False,54.928637569697486,0.02349782971502279,0.006703714952016779,0.03358822952601202,True,False,False,False,2026-07-02,20.0,20.78831174024492,19.246570196499505,23.871794827735755,False,False,2026-07-28,2.0,True,665379.0,649335.2,1.0247080398536843,False,101481200.00000001,6.16,16.474220779220783,-2.564102564102566,6.410256410256415,6.405320266013294,30.0,40.0,False,2.02,False,False,False,False,False,False
188,000650,仁和药业,C 制造业,腾讯前复权日K回退（成交额、换手率已提供）,False,2026-07-30,5.49,5.412,5.317,True,True,True,True,5.6,-1.9642857142857042,False,59.40202840753401,0.07787919679602684,0.0632038527261592,0.029350688139735293,True,False,False,False,,,65.08460270661378,61.70012749641649,71.85355312700834,False,False,,,False,150585.0,174978.4,0.8605919359189478,False,82388000.0,1.13,72.90973451327434,0.365630712979903,2.0109689213893867,3.253714500658267,27.272727272726833,72.72727272727316,True,5.63,False,False,False,False,False,False
189,000651,格力电器,C 制造业,腾讯前复权日K回退（成交额、换手率已提供）,False,2026-07-30,42.47,41.154,39.8315,True,True,True,True,41.9,1.3603818615751797,True,78.16342019853245,0.8710562718388033,0.6444307722746077,0.4532509991283913,True,False,False,False,,,94.11181887692821,89.72449571699735,102.88646519678991,False,False,,,False,670717.0,457158.8,1.467142270913302,False,2822839400.0,1.21,2332.925123966942,1.9687875150059986,2.5930372148859506,6.624154249777188,0.9259259259257432,99.07407407407426,True,41.9,True,False,False,False,False,False
190,000652,泰达股份,F 批发零售,腾讯前复权日K回退（成交额、换手率已提供）,False,2026-07-30,3.51,3.502,3.439,True,True,True,False,3.6,-2.5000000000000084,False,51.75599352316664,-0.005063840821739163,-0.02717639055921773,0.04422509947495713,True,False,False,False,,,21.4190919555399,20.19250433432478,23.872267197970146,False,False,,,False,127814.0,107820.0,1.1854386941198294,False,45141700.0,0.88,51.29738636363636,-0.5665722379603388,2.2662889518413496,2.064553649316654,62.500000000000064,24.999999999999584,False,4.48,False,True,True,False,False,False
191,000655,金岭矿业,B 采矿业,腾讯前复权日K回退（成交额、换手率已提供）,False,2026-07-30,6.73,6.5680000000000005,6.481,True,True,True,True,6.75,-0.29629629629629,False,54.3256676179474,-0.044266958044128835,-0.10288039678354656,0.11722687747883545,True,False,False,False,2026-07-14,12.0,15.92928175308325,12.298165632248354,23.19151399475304,False,False,,,False,55348.0,55633.0,0.9948771412650765,False,37286700.0,0.93,40.09322580645161,0.7485029940119903,2.3952095808383125,3.841999691405656,49.99999999999972,50.00000000000028,False,8.34,False,False,False,False,False,False
192,000656,金科股份,K 房地产,腾讯前复权日K回退（成交额、换手率已提供）,False,2026-07-30,1.19,1.232,1.2615,False,False,False,False,1.53,-22.222222222222225,False,41.710610378056195,-0.02312914263154875,-0.024319268383310253,0.002380251503523008,True,False,False,False,2026-07-24,4.0,36.78848053906223,38.702509334373076,32.96042294844054,False,True,,,False,2009824.0,1341889.6,1.4977565963697759,False,243239600.0,2.65,91.78852830188679,-3.25203252032521,4.878048780487809,-5.667855727308769,33.33333333333333,16.666666666666664,False,1.53,False,False,False,False,False,False
193,000657,中钨高新,C 制造业,腾讯前复权日K回退（成交额、换手率已提供）,False,2026-07-30,48.4,53.88399999999999,65.7535,False,False,False,False,101.27,-52.20697146242718,False,30.24057303137569,-7.779511511308499,-6.023934245282916,-3.5111545320511652,False,True,False,False,,,11.504509182349688,16.43115645902103,1.6512146290070078,False,False,,,False,677262.0,537617.4,1.2597471733615764,False,3364472900.0,4.66,721.9898927038627,-7.879710696612108,11.629234868671487,-26.391751009451976,16.530278232405863,15.220949263502451,False,113.76,False,False,False,False,False,False
194,000659,珠海中富,C 制造业,腾讯前复权日K回退（成交额、换手率已提供）,False,2026-07-30,2.57,2.578,2.632,False,False,False,True,3.18,-19.18238993710693,False,40.26720191801898,-0.1919549724758287,-0.24111324542335358,0.09831654589504973,True,False,False,False,2026-07-27,3.0,13.693278023537667,11.169026138598198,18.741781793416607,False,False,2026-07-21,7.0,True,459575.0,395497.8,1.1620165775890536,False,120535300.0,3.57,33.7633893557423,-2.6515151515151603,6.060606060606066,-2.3556231003039616,68.75000000000013,6.2499999999998614,False,4.54,False,False,False,False,False,True
195,000661,长春高新,C 制造业,腾讯前复权日K回退（成交额、换手率已提供）,False,2026-07-30,80.49,79.286,73.38799999999999,True,True,True,True,82.97,-2.9890321803061397,False,64.6504587236042,2.8397118989694405,1.8556144792377225,1.968194839463436,True,False,False,False,,,63.226723033173016,56.867066036054474,75.9460370274101,False,False,,,False,94248.0,121305.4,0.7769480995899606,False,764736400.0,2.36,324.04084745762714,-0.8133086876155438,2.9328404189771966,9.677331443832786,42.85714285714277,28.571428571428314,False,89.84,False,True,False,False,True,False
196,000663,永安林业,A 农林牧渔,腾讯前复权日K回退（成交额、换手率已提供）,False,2026-07-30,4.97,4.914,5.008,True,False,False,True,5.47,-9.140767824497258,False,45.30426408451507,-0.15213168395859622,-0.18987882691461883,0.07549428591204521,True,False,False,False,2026-07-27,3.0,16.577332177128643,13.628499919747334,22.474996691891263,False,False,2026-07-23,5.0,True,51145.0,62425.2,0.8193005388849375,False,25748200.0,1.67,15.418083832335329,-1.1928429423459397,3.976143141153067,-0.7587859424920179,65.00000000000018,14.999999999999734,False,7.03,False,False,False,False,True,False
197,000665,湖北广电,I 信息技术,腾讯前复权日K回退（成交额、换手率已提供）,False,2026-07-30,3.78,3.7399999999999998,3.7290000000000005,True,True,True,True,4.0,-5.500000000000005,False,48.31089921153224,-0.05401764927403896,-0.08341062733983123,0.05878595613158455,True,False,False,False,2026-07-06,18.0,13.287278339465615,11.608442257458984,16.644950503478878,False,False,2026-07-28,2.0,True,140258.0,153486.2,0.9138150530796905,False,53607600.0,1.23,43.58341463414634,-0.7874015748031593,2.8871391076115454,1.3676588897827637,81.81818181818178,9.090909090908909,False,5.18,False,True,True,False,True,False
198,000668,荣丰控股,K 房地产,腾讯前复权日K回退（成交额、换手率已提供）,False,2026-07-30,19.01,18.89,19.1295,True,False,False,True,22.97,-17.239878101871998,False,49.778702816628304,-0.5654944961732902,-0.7203028252283428,0.3096166581101052,True,False,False,False,2026-07-29,1.0,56.088212005839786,50.230466684973685,67.803702647572,False,False,,,False,75973.0,68432.6,1.1101872499364338,False,146930900.0,5.17,28.419903288201162,-6.3546798029556655,12.610837438423655,-0.6246896155152963,0.39062500000006073,27.34375000000009,False,23.64,False,False,False,False,False,True
199,000669,ST金鸿,D 水电煤气,腾讯前复权日K回退（成交额、换手率已提供）,False,2026-07-30,3.34,3.382,3.5549999999999997,False,False,False,False,3.96,-15.656565656565661,False,36.44578141116833,-0.1420518015871446,-0.14052004727310968,-0.003063508628069811,False,True,False,False,,,6.918676653460717,7.778257490137656,5.199514980106839,False,False,,,False,31666.0,36502.0,0.8675141088159553,False,10672800.0,0.47,22.70808510638298,-2.052785923753675,2.639296187683293,-6.047819971870601,33.3333333333335,0.0,False,4.86,False,False,False,False,True,False
200,000670,盈方微,F 批发零售,腾讯前复权日K回退（成交额、换手率已提供）,False,2026-07-30,7.0,6.728,6.4875,True,True,True,True,7.69,-8.972691807542267,False,51.95297269933753,-0.3167453618263876,-0.4892184919100433,0.34494626016731145,True,False,False,False,2026-07-27,3.0,29.922576320351173,23.57199150158766,42.6237459578782,False,False,2026-07-21,7.0,True,855294.0,619610.8,1.3803729696125373,False,585579000.0,10.3,56.852330097087375,4.32190760059612,13.710879284649776,7.899807321772642,35.86956521739131,64.13043478260867,False,10.37,False,False,False,False,False,False
201,000672,上峰材料,C 制造业,腾讯前复权日K回退（成交额、换手率已提供）,False,2026-07-30,12.54,13.648,16.989,False,False,False,False,22.87,-45.16834280717097,False,30.341913219787955,-1.5785819103787553,-1.0118484819836084,-1.1334668567902937,False,True,False,False,,,13.760071785500244,20.83811441100457,-0.39601346550841043,False,False,,,False,286184.0,379952.4,0.7532101389542479,False,362373800.0,2.95,122.83857627118643,-5.000000000000004,7.95454545454546,-26.1875331096592,28.57142857142862,27.61904761904752,False,24.6,False,False,False,False,False,False
202,000676,智度股份,L 商务服务,腾讯前复权日K回退（成交额、换手率已提供）,False,2026-07-30,6.81,7.0040000000000004,6.121,False,True,True,False,7.82,-12.915601023017912,False,57.802224372841444,0.39553104681223594,0.2720526033724878,0.24695688687949624,True,False,False,False,,,64.09975991721609,58.75768103020298,74.78391769124231,False,False,,,False,1557878.0,1802730.6,0.8641768215395023,False,1095046000.0,12.37,88.52433306386419,-5.020920502092052,8.50767085076709,11.256330664924018,59.01639344262297,9.836065573770423,False,7.82,False,True,False,False,True,False
203,000677,ST海龙,C 制造业,腾讯前复权日K回退（成交额、换手率已提供）,False,2026-07-30,1.61,1.5939999999999999,1.6460000000000001,True,False,False,True,1.98,-18.68686868686868,False,45.509887725408284,-0.06728623900352204,-0.08604694301275717,0.03752140801847026,True,False,False,False,,,5.823033548934162,5.737578666261609,5.993943314279267,False,False,2026-07-29,1.0,True,463869.0,431493.6,1.0750310085711585,False,76439600.0,5.37,14.234562383612664,-3.59281437125748,7.784431137724544,-2.187120291616041,53.846153846153946,15.38461538461541,False,3.63,False,False,False,False,False,False
204,000678,襄阳轴承,C 制造业,腾讯前复权日K回退（成交额、换手率已提供）,False,2026-07-30,8.11,7.953999999999999,8.145,True,False,False,True,9.83,-17.497456765005094,False,43.244582162496506,-0.43737793078503984,-0.5611987166902253,0.24764157181037083,True,False,False,False,2026-07-03,19.0,9.372696869532065,7.734442976568384,12.64920465545943,False,False,2026-07-23,5.0,True,89839.0,81270.2,1.1054359408491674,False,73025800.0,1.95,37.449128205128204,0.12345679012344402,3.08641975308642,-0.42971147943523813,56.00000000000023,43.99999999999977,False,13.9,False,False,False,False,True,False
205,000679,大连友谊,F 批发零售,腾讯前复权日K回退（成交额、换手率已提供）,False,2026-07-30,5.43,5.4159999999999995,5.686,True,False,False,True,6.74,-19.436201780415438,False,42.019776451652284,-0.2525751056902772,-0.2614487422289358,0.01774727307731727,True,False,False,False,2026-07-29,1.0,17.021704977726465,15.040929424760913,20.98325608365757,False,False,2026-07-27,3.0,True,77608.0,68420.6,1.1342782729178054,False,43222800.0,2.18,19.826972477064217,-3.380782918149472,5.5160142348754535,-4.502286317270493,48.38709677419358,3.2258064516128298,False,8.09,False,False,False,False,True,False
206,000680,山推股份,C 制造业,腾讯前复权日K回退（成交额、换手率已提供）,False,2026-07-30,11.3,10.878,10.453500000000002,True,True,True,True,11.38,-0.7029876977152906,False,62.46141828978607,0.15682357187650986,0.017699468518304673,0.2782482067164104,True,False,False,False,2026-07-20,8.0,47.631565344438975,39.959274405623205,62.97614722207052,False,False,,,False,237153.0,258232.6,0.9183697178435255,False,269422100.0,1.8,149.67894444444445,0.08857395925598865,2.8343666961913225,8.097766298368954,62.49999999999972,37.50000000000028,False,12.75,False,False,False,False,True,False
207,000681,视觉中国,I 信息技术,腾讯前复权日K回退（成交额、换手率已提供）,False,2026-07-30,16.74,16.384,17.2395,True,False,False,True,20.98,-20.209723546234517,False,40.95173774998337,-1.037966892895529,-1.158712689702974,0.24149159361489003,True,False,False,False,2026-07-28,2.0,11.674397358046205,8.806870741477827,17.40945059118296,False,False,2026-07-28,2.0,True,295770.0,272961.4,1.083559800030334,False,504123700.0,4.37,115.36011441647597,-0.7705986959099187,4.030823947836394,-2.8974158183242045,75.00000000000027,7.352941176470173,False,25.46,False,False,False,False,False,False
208,000682,东方电子,I 信息技术,腾讯前复权日K回退（成交额、换手率已提供）,False,2026-07-30,11.88,11.782,11.8675,True,True,False,False,12.8,-7.187499999999999,False,46.96885024616238,-0.2248883766761054,-0.2784475411876018,0.10711832902299279,True,False,False,False,2026-07-23,5.0,12.514530165571058,11.211420541393565,15.120749413926042,False,False,2026-07-29,1.0,True,187343.0,218607.6,0.8569830143142324,False,224006699.99999997,1.4,160.0047857142857,-0.917431192660545,2.168473728106754,0.10532968190436964,76.92307692307672,19.23076923076952,False,15.1,False,True,False,False,False,False
209,000683,博源化工,C 制造业,腾讯前复权日K回退（成交额、换手率已提供）,False,2026-07-30,6.31,6.2219999999999995,5.8055,True,True,True,True,6.41,-1.560062402496108,False,59.821851907778324,0.03522703761491108,-0.0860201160651805,0.24249430736018315,True,False,False,False,2026-07-03,19.0,24.67343010472906,21.08559372347168,31.849102867243822,False,False,2026-07-17,9.0,True,920624.0,801331.8,1.1488674229576312,False,582471200.0,2.75,211.80770909090907,0.0,3.328050713153724,8.69003531134268,71.4285714285716,28.57142857142839,False,8.69,False,False,False,False,True,False
210,000685,中山公用,D 水电煤气,腾讯前复权日K回退（成交额、换手率已提供）,False,2026-07-30,11.13,10.972,10.895999999999999,True,True,True,False,11.64,-4.38144329896907,False,54.359678466941965,0.03891841083092906,0.015236140887957873,0.04736453988594238,True,False,False,False,2026-07-23,5.0,39.685201330131385,37.584386481451396,43.88683102749137,False,False,,,False,172170.0,202688.6,0.8494310977529076,False,191073900.0,1.38,138.45934782608697,0.6329113924050667,1.8987341772151816,2.1475770925110296,23.809523809523405,76.1904761904766,True,12.84,False,True,False,False,False,False
211,000686,东北证券,J 金融业,腾讯前复权日K回退（成交额、换手率已提供）,False,2026-07-30,8.1,7.9879999999999995,8.1605,True,False,False,True,8.83,-8.267270668176675,False,49.433512176115705,-0.06390137650323346,-0.04962981214325325,-0.028543128719960426,False,True,False,False,,,42.29411863797356,41.33091333617111,44.220529241578475,True,False,,,False,226556.0,194914.6,1.1623346840103306,False,182621400.0,0.97,188.2694845360825,0.7462686567164312,1.990049751243772,-0.7413761411678341,12.499999999999792,87.50000000000021,True,8.96,False,False,False,False,False,False
212,000688,国城矿业,B 采矿业,腾讯前复权日K回退（成交额、换手率已提供）,False,2026-07-30,27.59,28.062,29.732500000000005,False,False,False,False,38.22,-27.812663526949237,False,38.77674026508129,-2.346848452017227,-2.669628020676444,0.6455591373184344,True,False,False,False,2026-07-27,3.0,13.926526999299854,12.747189197623213,16.28520260265314,False,False,2026-07-22,6.0,True,191357.0,253786.2,0.7540086892037471,False,538874200.0,1.61,334.7044720496894,-4.631870031109575,6.982371240926373,-7.205919448415051,14.85148514851489,14.356435643564316,False,52.66,False,False,False,False,False,False
213,000690,宝新能源,D 水电煤气,腾讯前复权日K回退（成交额、换手率已提供）,False,2026-07-30,4.96,4.9239999999999995,4.74,True,True,True,False,5.32,-6.766917293233088,False,53.10043284887726,0.003941980999427663,-0.05143546803279203,0.11075489806443939,True,False,False,False,2026-07-15,11.0,29.482618946566294,27.115696427015134,34.21646398566862,False,False,2026-07-17,9.0,True,1120401.0,931228.0,1.2031435910432247,False,557766600.0,5.15,108.30419417475727,-2.5540275049115935,3.929273084479375,4.641350210970459,60.0,35.00000000000011,False,6.4,False,True,False,False,False,False
214,000691,亚太实业,C 制造业,腾讯前复权日K回退（成交额、换手率已提供）,False,2026-07-30,9.1,9.309999999999999,10.4405,False,False,False,False,12.3,-26.016260162601633,False,37.95129465795089,-0.4327433484892431,-0.22282325491344382,-0.4198401871515986,False,True,False,False,,,33.86414706944648,37.3114565535918,26.96952810115583,False,False,,,False,136975.0,107451.6,1.2747599849606706,False,126993900.0,4.24,29.95139150943396,-4.109589041095896,6.427818756585873,-12.839423399262492,18.032786885245823,19.672131147540874,False,13.71,False,False,False,False,True,False
215,000692,惠天热电,D 水电煤气,腾讯前复权日K回退（成交额、换手率已提供）,False,2026-07-30,3.62,3.678,3.781,False,False,False,False,4.32,-16.203703703703706,False,36.512654026731674,-0.15965077073819156,-0.18313045954462034,0.04695937761285757,True,False,False,False,2026-07-23,5.0,11.920558187749279,11.28777074364595,13.186133075955937,False,False,2026-07-21,7.0,True,126969.0,115434.8,1.099919608298364,False,46806400.0,2.38,19.66655462184874,-3.4666666666666623,5.0666666666666655,-4.258132769108702,42.10526315789478,10.526315789473696,False,5.51,False,True,False,False,True,False
216,000695,滨海能源,C 制造业,腾讯前复权日K回退（成交额、换手率已提供）,False,2026-07-30,12.74,12.882,12.485000000000001,False,True,True,False,13.5,-5.629629629629628,False,49.297152853191925,-0.07870512831291343,-0.21029319989020742,0.263176143154588,True,False,False,False,2026-07-16,10.0,27.895413509621886,26.585845202840947,30.51455012318376,False,False,2026-07-21,7.0,True,51598.0,57857.8,0.8918071547829333,False,66361400.0,2.33,28.481287553648066,-1.9245573518090864,4.003079291762892,2.042450941129347,38.46153846153836,19.23076923076918,False,16.8,False,False,False,False,True,False
217,000697,炼石航空,C 制造业,腾讯前复权日K回退（成交额、换手率已提供）,False,2026-07-30,8.13,8.306000000000001,8.539,False,False,False,True,10.3,-21.06796116504854,False,34.53327461691816,-0.5581277824838846,-0.6543948200969801,0.19253407522619104,True,False,False,False,2026-07-27,3.0,16.774113442604314,14.81854575727357,20.685248813265797,False,False,2026-07-21,7.0,True,84047.0,86703.2,0.9693644525230903,False,69444600.0,1.29,53.83302325581395,-3.900709219858156,5.319148936170204,-4.789788031385395,6.666666666666535,11.111111111111287,False,13.28,False,False,False,False,False,False
218,000698,ST沈化,C 制造业,腾讯前复权日K回退（成交额、换手率已提供）,False,2026-07-30,3.23,3.2159999999999997,3.1795,True,True,True,True,3.45,-6.376811594202904,False,52.619582464036746,-0.007720950299929363,-0.02792812313114133,0.04041434566242393,True,False,False,False,,,31.503638775614537,28.579998574933825,37.350919176975964,False,False,,,False,42055.0,27833.0,1.5109761793554415,False,13641099.999999998,0.54,25.26129629629629,-0.30864197530865445,2.1604938271604888,1.5883000471772288,71.42857142857135,28.571428571428665,False,3.91,False,True,False,False,False,False
219,000700,模塑科技,C 制造业,腾讯前复权日K回退（成交额、换手率已提供）,False,2026-07-30,9.49,10.303999999999998,12.980500000000001,False,False,False,False,18.25,-48.0,False,28.697145495006566,-1.3361023065702735,-1.0080465948997648,-0.6561114233410175,False,True,False,False,,,3.657429868587966,7.933864952027392,-4.895440298290886,False,False,,,False,562287.0,404933.2,1.3885919949265706,False,548856600.0,6.13,89.53615008156606,-7.594936708860756,8.081791626095425,-26.890335503254885,3.6144578313254376,10.843373493975886,False,18.66,False,False,False,False,False,False
220,000701,厦门信达,F 批发零售,腾讯前复权日K回退（成交额、换手率已提供）,False,2026-07-30,4.73,4.642,4.576,True,True,True,True,4.93,-4.056795131845828,False,51.20260244808322,-0.06984584318377074,-0.12672778094231893,0.11376387551709638,True,False,False,False,2026-07-06,18.0,21.37042761980415,17.66819798073414,28.774886897944178,False,False,2026-07-27,3.0,True,134849.0,127949.4,1.0539244420059806,False,64992900.0,2.02,32.174702970297034,-1.0460251046025104,3.974895397489548,3.365384615384633,78.94736842105266,10.526315789473905,False,6.35,False,False,False,False,False,False
221,000702,正虹科技,C 制造业,腾讯前复权日K回退（成交额、换手率已提供）,False,2026-07-30,4.95,4.811999999999999,4.9784999999999995,True,False,False,True,5.42,-8.671586715867154,False,46.09225941804176,-0.1672373540590657,-0.1962088876534281,0.05794306718872477,True,False,False,False,2026-07-28,2.0,11.942763707289032,10.192331237352482,15.443628647162132,False,False,2026-07-29,1.0,True,75113.0,71755.4,1.0467922971650916,False,37332600.0,2.82,13.238510638297873,1.22699386503069,3.6809815950920193,-0.5724615848146892,61.111111111110894,38.888888888889106,False,7.15,False,False,False,False,True,False
222,000703,恒逸石化,C 制造业,腾讯前复权日K回退（成交额、换手率已提供）,False,2026-07-30,16.05,15.562000000000001,14.719,True,True,True,True,16.5,-2.727272727272723,False,59.03086203404141,0.45028919233278586,0.3287402107468282,0.24309796317191534,True,False,False,False,2026-07-17,9.0,65.86516176098479,62.52232439732719,72.55083648829999,False,False,,,False,901982.0,853495.4,1.0568094450186842,False,1427403599.9999998,2.37,602.2799999999999,2.8846153846153966,7.692307692307689,9.04273388137782,31.666666666666604,68.3333333333334,False,18.31,False,False,False,False,False,False
223,000705,浙江震元,F 批发零售,腾讯前复权日K回退（成交额、换手率已提供）,False,2026-07-30,6.43,6.336,6.3045,True,True,True,True,6.83,-5.85651537335286,False,51.34522707133692,-0.04188139205643626,-0.08473706826965062,0.08571135242642872,True,False,False,False,,,17.75042925159026,16.44057264315332,20.37014246846413,False,False,2026-07-28,2.0,True,41265.0,52488.0,0.7861796982167353,False,26666500.0,1.46,18.26472602739726,-0.4643962848297267,2.786377708978324,1.9906416052026286,66.66666666666683,33.33333333333317,False,8.34,False,True,False,False,True,False
224,000707,双环科技,C 制造业,腾讯前复权日K回退（成交额、换手率已提供）,False,2026-07-30,4.41,4.282,4.279,True,True,True,True,4.55,-3.07692307692307,False,51.47334984844704,-0.07890808288831863,-0.12192733765032943,0.08603850952402159,True,False,False,False,2026-07-02,20.0,9.563072545471359,7.17122661405135,14.346764408311378,False,False,2026-07-28,2.0,True,89014.0,85402.6,1.0422867687868986,False,39408100.0,1.62,24.325987654320983,0.6849315068493178,3.4246575342465837,3.0614629586352007,59.999999999999766,40.000000000000234,False,5.98,False,False,False,False,True,False
225,000708,中信特钢,C 制造业,腾讯前复权日K回退（成交额、换手率已提供）,False,2026-07-30,14.99,14.526000000000002,13.663499999999999,True,True,True,True,14.78,1.4208389715832264,True,70.11152593730426,0.3181208189252658,0.13524460882552808,0.3657524201994754,True,False,False,False,2026-07-06,18.0,49.64449597984261,41.55097093447416,65.8315460705795,False,False,,,False,149698.0,129060.4,1.1599065243870312,False,223343200.0,0.3,744.4773333333335,1.6271186440677932,2.576271186440683,9.708347056025184,15.789473684210625,84.21052631578938,True,15.41,False,False,False,False,False,False
226,000709,河钢股份,C 制造业,腾讯前复权日K回退（成交额、换手率已提供）,False,2026-07-30,2.15,2.1,2.0174999999999996,True,True,True,True,2.15,0.0,False,63.76186322640306,0.02400851876586252,0.0033029711911045393,0.04141109514951596,True,False,False,False,2026-07-06,18.0,39.55951836898283,32.60383470980293,53.47088568734263,False,False,,,False,942676.0,881117.0,1.06986472852073,False,202876500.0,0.91,222.9412087912088,0.9389671361502261,2.8169014084507067,6.567534076827772,50.00000000000037,49.99999999999963,False,2.37,False,False,False,False,True,False
227,000710,贝瑞基因,M 科研服务,腾讯前复权日K回退（成交额、换手率已提供）,False,2026-07-30,7.97,7.898000000000001,7.835500000000001,True,True,True,True,8.83,-9.739524348810875,False,50.46089059505219,-0.05696996826929723,-0.11782620201900414,0.1217124674994138,True,False,False,False,,,15.09068980854712,13.80541810984572,17.661233205949923,False,False,2026-07-28,2.0,True,68157.0,70349.4,0.9688355551006832,False,55058700.0,2.07,26.59840579710145,-1.3613861386138626,3.341584158415847,1.7165464871418437,51.85185185185197,7.407407407407236,False,12.09,False,False,False,False,True,False
228,000711,ST京蓝,C 制造业,腾讯前复权日K回退（成交额、换手率已提供）,False,2026-07-30,4.52,4.843999999999999,4.9245,False,False,False,False,5.93,-23.77740303541316,False,42.1716432925906,-0.13347094316150887,-0.13641159299869793,0.005881299674378115,True,False,False,False,2026-07-24,4.0,38.8992495230548,41.24756743286607,34.20261370343225,False,False,,,False,806554.0,813270.0,0.9917419799082715,False,364160300.0,3.39,107.42191740412979,-1.310043668122285,6.1135371179039355,-8.21403188140929,0.0,53.571428571428335,False,6.89,False,True,True,False,True,False
229,000712,锦龙股份,J 金融业,腾讯前复权日K回退（成交额、换手率已提供）,False,2026-07-30,8.59,8.458,8.5045,True,True,False,False,9.39,-8.519701810436642,False,47.951974824511964,-0.178653747484951,-0.23668797360217778,0.11606845223445356,True,False,False,False,2026-07-20,8.0,9.997494813445407,9.312407890242477,11.367668659851265,True,False,2026-07-30,0.0,True,256936.0,231657.6,1.1091196662660754,False,220436100.0,2.87,76.80700348432056,1.297169811320753,3.419811320754728,1.0053501087659438,24.13793103448278,75.86206896551721,True,12.26,False,False,False,False,False,False
230,000713,国投丰乐,A 农林牧渔,腾讯前复权日K回退（成交额、换手率已提供）,False,2026-07-30,5.73,5.6240000000000006,5.58,True,True,True,True,5.83,-1.7152658662092564,False,56.129545219106845,0.003875803944104028,-0.02165026520418704,0.05105213829658214,True,False,False,False,2026-07-03,19.0,27.60996955104007,23.533684273554158,35.7625401060119,False,False,,,False,62300.0,44305.0,1.4061618327502539,False,35729300.0,1.01,35.375544554455445,1.0582010582010692,2.469135802469146,2.688172043010759,35.714285714285445,64.28571428571456,False,6.47,False,False,False,False,False,False
231,000715,中兴商业,F 批发零售,腾讯前复权日K回退（成交额、换手率已提供）,False,2026-07-30,4.71,4.606,4.693,True,True,False,True,5.04,-6.547619047619049,False,49.29297026238028,-0.07041840129185939,-0.08603292733956662,0.03122905209541446,True,False,False,False,2026-07-29,1.0,10.221886344804808,8.107390619084429,14.450877796245567,False,False,2026-07-29,1.0,True,85496.0,62241.8,1.3736106603600795,False,40750400.0,1.76,23.153636363636366,-0.42283298097252064,3.382663847780111,0.36224163647987107,74.99999999999986,12.499999999999792,False,5.96,False,False,False,False,False,False
232,000716,黑芝麻,C 制造业,腾讯前复权日K回退（成交额、换手率已提供）,False,2026-07-30,4.66,4.476,4.4235,True,True,True,True,4.74,-1.6877637130801704,False,57.53965713606909,-0.018609589817142336,-0.06658168760944348,0.0959441955846023,True,False,False,False,2026-07-03,19.0,26.05518163119207,22.617982358507447,32.929580176561316,False,False,,,False,293298.0,162234.0,1.807870113539702,True,137522100.0,3.99,34.46669172932331,0.6479481641468832,3.6717062634989186,5.346445122640452,64.70588235294088,35.29411764705913,False,6.22,False,False,False,False,True,False
233,000717,中南股份,C 制造业,腾讯前复权日K回退（成交额、换手率已提供）,False,2026-07-30,2.22,2.178,2.1445,True,True,True,True,2.33,-4.72103004291845,False,58.085542431728335,0.01315172487580929,0.002090975123450507,0.022121499504717566,True,False,False,False,,,33.66495161293093,28.273460620341552,44.44793359810967,False,False,,,False,219194.0,153160.6,1.4311382953579446,False,49026600.0,0.9,54.474,0.9090909090909038,3.1818181818181746,3.5206341804616628,57.142857142856684,42.85714285714331,False,2.51,False,False,False,False,True,False
234,000718,苏宁环球,K 房地产,腾讯前复权日K回退（成交额、换手率已提供）,False,2026-07-30,1.84,1.832,1.813,True,True,True,True,1.92,-4.166666666666659,False,49.883280343298324,-0.009306925680404365,-0.02065984679807986,0.022705842235350993,True,False,False,False,2026-07-09,15.0,22.705203015556368,21.694890136672516,24.725828773324075,False,False,,,False,242331.0,194294.0,1.2472387207016171,False,45105800.0,1.06,42.55264150943396,-1.0752688172043001,3.763440860215045,1.4892443463872111,71.42857142857135,14.285714285714333,False,2.45,False,True,False,False,False,False
235,000719,中原传媒,R 文化传播,腾讯前复权日K回退（成交额、换手率已提供）,False,2026-07-30,12.84,12.534,12.0095,True,True,True,True,12.89,-0.3878975950349163,False,68.60980958008929,0.25466456312257435,0.13164354065290051,0.24604204493934767,True,False,False,False,2026-07-02,20.0,62.48958937570334,56.27740606639552,74.91395599431898,False,False,,,False,55087.0,54078.6,1.0186469324279845,False,70793900.0,0.83,85.29385542168676,0.31249999999998224,2.734375000000011,6.915358674382786,37.14285714285722,62.85714285714279,False,13.81,False,False,False,False,False,False
236,000720,新能泰山,C 制造业,腾讯前复权日K回退（成交额、换手率已提供）,False,2026-07-30,3.35,3.372,3.2975000000000003,False,True,True,False,3.73,-10.187667560321714,False,44.161633881432486,-0.1631157189693928,-0.23720843323201357,0.14818542852524152,True,False,False,False,2026-07-16,10.0,8.839029056516539,7.815222638103836,10.886641893341947,False,False,2026-07-20,8.0,True,498240.0,517037.6,0.963643649900897,False,171068200.0,3.97,43.09022670025188,-3.458213256484155,6.916426512968293,1.5921152388172786,37.49999999999998,8.333333333333348,False,6.27,False,False,False,False,False,False
237,000721,西安饮食,H 住宿餐饮,腾讯前复权日K回退（成交额、换手率已提供）,False,2026-07-30,6.81,6.112,5.786499999999999,True,True,True,True,6.3,8.095238095238091,True,70.16984723666855,0.07695269951378148,-0.04716832746290746,0.24824205395337787,True,False,False,False,2026-07-03,19.0,30.16930500863477,21.17721578499795,48.15348345590841,False,False,2026-07-27,3.0,True,291404.0,146588.2,1.9879089858528858,True,193167599.99999997,5.69,33.948611599297,10.016155088852985,9.854604200323092,17.687721420547835,0.0,100.0,True,7.63,False,False,False,False,True,True
238,000722,湖南发展,D 水电煤气,腾讯前复权日K回退（成交额、换手率已提供）,False,2026-07-30,12.16,12.594,12.466000000000001,False,False,True,False,15.59,-22.001282873636946,False,44.96647574833,-0.02626869319263392,-0.034260927729695495,0.015984469074123153,True,False,False,False,2026-07-15,11.0,24.021280328940822,28.02740533729813,16.00903031222621,False,False,,,False,247797.0,371167.6,0.6676148456923503,False,308164700.0,5.34,57.70874531835206,-3.415409054805396,5.957108816521049,-2.4546767206802578,37.33333333333324,8.000000000000068,False,17.81,False,True,False,False,True,False
239,000723,美锦能源,C 制造业,腾讯前复权日K回退（成交额、换手率已提供）,False,2026-07-30,3.58,3.536,3.4425,True,True,True,False,3.68,-2.7173913043478284,False,51.46241314487603,-0.032819163679135954,-0.07487786012334778,0.08411739288842365,True,False,False,False,2026-07-10,14.0,16.66526457224418,14.682285329616926,20.631223057498683,False,False,,,False,457714.0,499168.4,0.9169530763565963,False,164308300.00000003,1.04,157.98875000000004,0.2801120448179262,2.801120448179274,3.994190268700078,60.0,40.0,False,4.51,False,True,False,True,True,False
240,000725,京东方Ａ,C 制造业,腾讯前复权日K回退（成交额、换手率已提供）,False,2026-07-30,5.36,5.6819999999999995,6.602500000000001,False,False,False,False,9.5,-43.57894736842105,False,37.249059644003985,-0.3392405537751477,-0.16352169553376644,-0.35143771648276256,False,True,False,False,,,32.806789026080324,36.559592245091885,25.301182588057202,False,False,,,False,21987199.0,16395575.0,1.341044702610308,False,11990208100.0,6.22,1927.686189710611,-6.129597197898418,7.005253940455347,-18.81862930708066,15.00000000000011,17.500000000000053,False,9.5,False,False,False,False,True,False
241,000726,鲁 泰Ａ,C 制造业,腾讯前复权日K回退（成交额、换手率已提供）,False,2026-07-30,5.98,5.874,5.7589999999999995,True,True,True,True,5.97,0.16750418760470143,True,61.930742236312206,0.044935085889293624,0.012104041139151693,0.06566208950028386,True,False,False,False,,,30.79581482489864,25.63436755643315,41.11870936182961,False,False,,,False,55821.0,47841.4,1.1667927778033251,False,33262800.000000004,0.95,35.01347368421053,0.3355704697986628,1.5100671140939574,3.837471783295728,22.22222222222178,77.77777777777821,True,6.49,False,False,False,False,False,False
242,000727,冠捷科技,C 制造业,腾讯前复权日K回退（成交额、换手率已提供）,False,2026-07-30,2.23,2.202,2.2575000000000003,True,False,False,True,2.67,-16.479400749063668,False,41.242409440141685,-0.10965648591750154,-0.12856737565181348,0.03782177946862386,True,False,False,False,2026-07-27,3.0,9.250431189812804,7.120071429425626,13.511150710587161,False,False,2026-07-27,3.0,True,804468.0,675623.8,1.190704057494718,False,181738700.0,1.78,102.10039325842698,-0.8888888888888946,2.6666666666666687,-1.2181616832779756,83.33333333333296,0.0,False,3.11,False,False,False,False,True,False
243,000728,国元证券,J 金融业,腾讯前复权日K回退（成交额、换手率已提供）,False,2026-07-30,7.31,7.226000000000001,7.333,True,False,False,False,7.8,-6.282051282051285,False,50.3662324134897,-0.010845595239624473,0.009330550174054032,-0.04035229082735701,False,True,False,False,,,48.26284782469346,48.35994754077805,48.06864839252427,False,False,,,False,310628.0,262656.6,1.1826392331279703,False,227227900.0,0.71,320.0392957746479,0.274348422496562,1.9204389574759901,-0.31365062048275705,42.85714285714331,57.142857142856684,False,8.02,False,False,False,False,True,False
244,000729,燕京啤酒,C 制造业,腾讯前复权日K回退（成交额、换手率已提供）,False,2026-07-30,12.83,12.558,11.695,True,True,True,True,12.88,-0.38819875776398066,False,72.41181222421892,0.46279807986855737,0.32842728102842095,0.26874159768027284,True,False,False,False,2026-07-02,20.0,64.41612006073166,60.469442994064764,72.30947419406544,False,False,,,False,296425.0,250482.4,1.1834164795610391,False,381667500.0,1.18,323.4470338983051,0.469851213782313,3.3672670321064975,9.705002137665666,55.81395348837218,44.18604651162782,False,13.25,False,False,False,False,True,False
245,000731,四川美丰,C 制造业,腾讯前复权日K回退（成交额、换手率已提供）,False,2026-07-30,5.81,5.774,5.755999999999999,True,True,True,False,6.22,-6.591639871382639,False,51.46107880850773,0.026043942969141476,0.013490655946219465,0.025106574045844023,True,False,False,False,2026-07-03,19.0,24.177437869039636,23.465067477172123,25.60217865277466,False,False,,,False,68395.0,59545.0,1.1486270887564027,False,40053700.0,1.25,32.04296,-1.0221465076661107,2.3850085178875733,0.938151494093125,50.0,7.142857142856962,False,7.26,False,False,False,False,False,False
246,000733,振华科技,C 制造业,腾讯前复权日K回退（成交额、换手率已提供）,False,2026-07-30,40.81,39.79,43.2675,True,False,False,True,60.88,-32.966491458607095,False,41.10075296244171,-3.2981427307853153,-3.3220686500024046,0.04785183843417862,True,False,True,False,,,11.828643554461534,10.358967607054472,14.767995449275656,False,False,2026-07-29,1.0,True,209533.0,124963.4,1.6767549538504876,False,848656500.0,3.78,224.5123015873016,1.0398613518197708,5.694478831393902,-5.679782746865421,36.0869565217391,63.9130434782609,False,62.3,False,True,False,False,True,False
247,000735,罗 牛 山,A 农林牧渔,腾讯前复权日K回退（成交额、换手率已提供）,False,2026-07-30,5.21,5.022,4.9825,True,True,True,True,5.2,0.1923076923076882,True,56.8786063670948,-0.02876986942454618,-0.07328308469513269,0.08902643054117301,True,False,False,False,,,13.597760921706275,10.509947821244127,19.77338712263057,False,False,2026-07-28,2.0,True,320399.0,201996.6,1.586160361114989,False,166132700.0,2.78,59.75996402877698,2.5590551181102317,3.543307086614185,4.565980933266434,11.11111111111133,88.88888888888867,True,6.62,False,False,False,False,True,False
248,000736,中交发展,K 房地产,腾讯前复权日K回退（成交额、换手率已提供）,False,2026-07-30,4.32,4.098000000000001,3.9645,True,True,True,True,4.4,-1.8181818181818195,False,57.77822606970564,-0.018726750657606317,-0.09862109733721468,0.15978869335921672,True,False,False,False,2026-07-03,19.0,27.991542196650897,22.056648449824507,39.86132969030368,False,False,2026-07-28,2.0,True,350458.0,92082.8,3.8059007762578894,False,154945100.0,4.69,33.03733475479744,-1.8181818181818188,7.727272727272723,8.96708286038593,70.58823529411747,29.411764705882522,False,5.73,False,False,False,False,True,True
249,000737,北方铜业,C 制造业,腾讯前复权日K回退（成交额、换手率已提供）,False,2026-07-30,12.98,13.038,12.75,False,True,True,False,13.76,-5.668604651162786,False,49.26167731317754,-0.08018140498163007,-0.1903177291211561,0.22027264827905207,True,False,False,False,2026-07-21,7.0,32.25479732233124,30.75768022018984,35.24903152661405,False,False,,,False,396054.0,429402.2,0.9223380783796636,False,521936200.0,2.08,250.93086538461537,-2.111613876319751,3.695324283559579,1.8039215686274546,4.081632653061136,6.1224489795920665,False,16.36,False,False,False,False,False,False
250,000738,航发控制,C 制造业,腾讯前复权日K回退（成交额、换手率已提供）,False,2026-07-30,18.36,18.154000000000003,17.587,True,True,True,True,18.95,-3.1134564643799467,False,54.60822190789769,-0.06873105705925298,-0.29162776304604476,0.4457934119735836,True,False,False,False,2026-07-21,7.0,25.105766732828624,20.533076283760604,34.25114763096466,False,False,2026-07-21,7.0,True,115019.0,137492.6,0.8365468396117318,False,211828700.0,0.87,243.4812643678161,-0.37981551817688475,1.8990775908844162,4.395291977028485,54.28571428571397,37.14285714285708,False,23.38,False,True,False,False,True,False
251,000739,普洛药业,C 制造业,腾讯前复权日K回退（成交额、换手率已提供）,False,2026-07-30,20.02,20.062,19.432499999999997,False,True,True,False,21.5,-6.883720930232561,False,56.37937053890891,0.7868583648452727,0.8173193543989067,-0.06092197910726793,False,True,False,True,,,78.82028293198395,79.1334207542343,78.19400728748326,False,True,,,False,160623.0,191341.0,0.8394593944841932,False,323214400.0,1.39,232.52834532374104,-3.0977734753146247,4.695062923523729,3.0232857326643625,11.340206185566922,21.649484536082507,False,21.5,False,False,False,False,False,False
252,000750,国海证券,J 金融业,腾讯前复权日K回退（成交额、换手率已提供）,False,2026-07-30,3.83,3.8,3.7830000000000004,True,True,True,False,3.92,-2.295918367346935,False,54.3746524648557,0.027511307209936664,0.02795606955601471,-0.000889524692156092,False,True,False,False,,,67.50325818564484,62.88461451701274,76.74054552290904,False,False,,,False,578435.0,414752.4,1.3946513630783088,False,221712400.00000003,1.0,221.71240000000003,0.0,1.8276762402088733,1.2424002114723685,42.85714285714268,57.14285714285733,False,3.97,False,False,False,False,True,False
253,000751,锌业股份,C 制造业,腾讯前复权日K回退（成交额、换手率已提供）,False,2026-07-30,4.34,4.36,4.624,False,False,False,False,6.19,-29.886914378029083,False,40.00185152894494,-0.2705798795568626,-0.27375772257674386,0.006355686039762554,True,False,True,False,,,12.475743933812582,11.916470757921148,13.594290285595452,False,False,2026-07-22,6.0,True,413956.0,407321.2,1.016288864905632,False,181639900.00000003,2.94,61.78227891156464,-2.6905829596412634,4.48430493273543,-6.141868512110723,40.0,20.0,False,6.64,False,False,False,False,False,False
254,000752,*ST西发,C 制造业,腾讯前复权日K回退（成交额、换手率已提供）,False,2026-07-30,7.98,7.99,7.909999999999999,False,True,True,False,8.55,-6.66666666666667,False,46.631025453516905,-0.10165727810972847,-0.14575817446531353,0.08820179271117012,True,False,False,False,2026-07-13,13.0,22.126328420402075,22.329575784349533,21.71983369250716,False,False,,,False,28263.0,15782.0,1.7908376631605627,False,22728100.0,1.07,21.241214953271026,-0.3745318352059823,3.245942571785255,0.8849557522124043,69.23076923076941,15.384615384615463,False,10.02,False,False,False,False,False,False
255,000753,漳州发展,F 批发零售,腾讯前复权日K回退（成交额、换手率已提供）,False,2026-07-30,4.64,4.574,4.453,True,True,True,True,5.0,-7.200000000000006,False,51.33088789789041,-0.0759160995762036,-0.1452832629102347,0.13873432666806218,True,False,False,False,,,10.416834563297913,8.472488077038028,14.305527535817685,False,False,2026-07-23,5.0,True,249414.0,308526.6,0.8084035541830106,False,116734599.99999999,2.52,46.32325396825396,-0.21505376344087557,2.7956989247311803,4.1994161239613605,76.92307692307739,23.076923076922604,False,6.92,False,True,False,False,True,False
256,000755,山西高速,G 运输仓储,腾讯前复权日K回退（成交额、换手率已提供）,False,2026-07-30,4.67,4.606,4.6,True,True,True,True,4.77,-2.0964360587002027,False,54.82762289830236,0.01402066987242545,0.0022552278377891777,0.023530884069272548,True,False,False,False,2026-07-02,20.0,39.95049105745462,36.9751568503142,45.901159471735454,False,False,,,False,39418.0,36620.8,1.0763828206920656,False,18429100.0,0.27,68.25592592592592,0.0,2.141327623126331,1.521739130434789,50.0,50.0,False,5.29,False,True,False,False,False,False
257,000756,新华制药,C 制造业,腾讯前复权日K回退（成交额、换手率已提供）,False,2026-07-30,13.51,13.474,14.006499999999999,True,False,False,True,15.43,-12.443292287751134,False,47.28222106556844,-0.059981183408249095,0.03184930620729722,-0.18366097923109265,False,True,False,False,,,49.32585665090894,50.13800690059574,47.70155615153533,False,False,,,False,81797.0,115196.6,0.7100643595383891,False,110996500.0,1.64,67.68079268292684,-1.1704462326261877,2.4140453547915146,-3.5447827794238345,51.51515151515148,27.272727272727227,False,15.45,False,False,False,False,True,False
258,000757,浩物股份,F 批发零售,腾讯前复权日K回退（成交额、换手率已提供）,False,2026-07-30,3.65,3.56,3.5829999999999997,True,True,False,True,4.08,-10.539215686274513,False,50.88714096498384,-0.06461653699652903,-0.09698829882290591,0.06474352365275376,True,False,False,False,2026-07-27,3.0,18.749762637221355,14.864381428903458,26.520525053857153,False,False,2026-07-28,2.0,True,125614.0,130295.6,0.9640693929802694,False,46176600.0,2.36,19.56635593220339,-0.815217391304357,2.9891304347826053,1.8699413898967394,54.54545454545465,27.272727272727128,False,5.0,False,False,False,False,False,False
259,000758,中色股份,B 采矿业,腾讯前复权日K回退（成交额、换手率已提供）,False,2026-07-30,5.9,5.7700000000000005,5.8025,True,True,False,True,6.71,-12.07153502235469,False,47.137520276293884,-0.1902478616187997,-0.24771421251754464,0.11493270179748988,True,False,False,False,2026-07-23,5.0,15.01906445459123,12.300840239496798,20.455512884780095,False,False,2026-07-21,7.0,True,271211.0,277632.4,0.9768708551307411,False,160151000.0,1.37,116.8985401459854,0.3401360544217802,2.721088435374152,1.6803102111159005,50.0,50.0,False,7.89,False,False,False,False,True,False
260,000759,中百集团,F 批发零售,腾讯前复权日K回退（成交额、换手率已提供）,False,2026-07-30,6.66,6.802,6.657500000000001,False,True,True,False,7.47,-10.843373493975898,False,51.09019198846351,0.1863999048084617,0.20763847097721627,-0.04247713233750916,False,True,False,True,2026-07-29,1.0,75.33740295373063,76.14993210765931,73.71234464587326,False,True,,,False,1120989.0,982918.4,1.1404700532617966,False,773877800.0,17.1,45.25601169590643,-6.72268907563025,7.843137254901955,0.037551633496049605,57.142857142857075,0.0,False,7.47,False,False,False,False,True,False
261,000761,本钢板材,C 制造业,腾讯前复权日K回退（成交额、换手率已提供）,False,2026-07-30,2.33,2.2760000000000002,2.251,True,True,True,False,2.37,-1.6877637130801704,False,53.46497919694834,-0.008996944772279303,-0.027610758037809213,0.03722762653105982,True,False,False,False,2026-07-02,20.0,15.346984962450342,12.882472308171074,20.27601027100888,False,False,2026-07-27,3.0,True,151798.0,149547.0,1.0150521240813926,False,35625300.0,0.41,86.89097560975611,0.4310344827586299,3.8793103448275996,3.509551310528662,66.6666666666665,33.3333333333335,False,2.98,False,False,False,False,True,False
262,000762,西藏矿业,B 采矿业,腾讯前复权日K回退（成交额、换手率已提供）,False,2026-07-30,22.42,21.833999999999996,22.625999999999998,True,False,False,True,28.48,-21.278089887640444,False,42.45062893489414,-1.5628479597644045,-1.8967955673262007,0.6678952151235924,True,False,False,False,2026-07-27,3.0,11.705251141823451,9.4444391457618,16.226875133946752,False,False,2026-07-21,7.0,True,153372.0,182894.4,0.8385822638637378,False,344764500.0,2.94,117.26683673469387,0.17873100983021306,2.815013404825749,-0.910456996375833,57.14285714285682,42.857142857143174,False,41.43,False,False,False,False,True,False
263,000766,通化金马,C 制造业,腾讯前复权日K回退（成交额、换手率已提供）,False,2026-07-30,16.55,16.008000000000003,16.412,True,True,False,True,19.0,-12.894736842105258,False,40.931861246747694,-1.3153710527616589,-1.5708159816349763,0.5108898577466348,True,False,False,False,2026-07-20,8.0,10.093150412868077,9.156516696382253,11.966417845839725,False,False,2026-07-29,1.0,True,180499.0,182190.4,0.9907163055792183,False,298518300.0,1.87,159.63545454545454,1.1613691931540382,4.217603911980448,0.8408481598830227,52.17391304347808,47.82608695652192,False,27.73,False,True,True,False,True,False
264,000767,晋控电力,D 水电煤气,腾讯前复权日K回退（成交额、换手率已提供）,False,2026-07-30,3.59,3.6759999999999997,3.6045000000000003,False,False,True,False,4.32,-16.898148148148156,False,43.86890212925107,-0.11591108439661335,-0.16431907894154485,0.096815989089863,True,False,False,False,2026-07-20,8.0,13.279939673127885,14.432546098927887,10.97472682152788,False,False,,,False,1567417.0,2338644.6,0.6702245394618745,False,571488200.0,5.38,106.22457249070634,-4.521276595744683,5.053191489361701,-0.40227493411015125,26.315789473684127,10.526315789473696,False,6.6,False,False,False,False,False,False
265,000768,中航西飞,C 制造业,腾讯前复权日K回退（成交额、换手率已提供）,False,2026-07-30,20.96,20.746,20.333000000000002,True,True,True,True,21.1,-0.663507109004742,False,54.93722028784209,0.006284540172206476,-0.15175830510906246,0.3160856905625379,True,False,False,False,,,23.2688140928003,19.230110431610985,31.34622141517894,False,False,2026-07-16,10.0,True,187816.0,221316.4,0.8486311904585472,False,393963300.0,0.68,579.357794117647,-0.09532888465204614,1.5252621544327944,3.083657109132931,53.124999999999375,46.875000000000625,False,25.64,False,False,False,False,True,False
266,000776,广发证券,J 金融业,腾讯前复权日K回退（成交额、换手率已提供）,False,2026-07-30,21.2,21.554,22.261999999999997,False,False,False,False,24.9,-14.859437751004014,False,44.76460205123211,-0.04001351574271439,0.17273961910067254,-0.42550626968677385,False,True,False,False,,,50.79765574612785,54.64698998401348,43.0989872703566,False,False,,,False,725145.0,692235.8,1.047540447922514,False,1548953000.0,1.23,1259.311382113821,-2.2140221402214055,4.243542435424362,-4.770460875033679,43.47826086956537,36.95652173913035,False,25.43,False,False,False,False,False,False
267,000777,中核科技,C 制造业,腾讯前复权日K回退（成交额、换手率已提供）,False,2026-07-30,17.07,17.024,16.811,True,True,True,True,19.44,-12.191358024691363,False,49.24713107952845,-0.23568667165274704,-0.3687004166524052,0.26602748999931636,True,False,False,False,2026-07-24,4.0,18.04233701837654,14.802003939371495,24.523003176386624,False,False,2026-07-24,4.0,True,97829.0,116327.4,0.8409798551330125,False,167845700.0,2.55,65.8218431372549,-1.1008111239861007,3.0127462340672047,1.5406579025637996,44.230769230769354,38.46153846153836,False,21.75,False,False,False,False,True,False
268,000778,新兴铸管,C 制造业,腾讯前复权日K回退（成交额、换手率已提供）,False,2026-07-30,3.85,3.7920000000000003,3.7225,True,True,True,True,3.87,-0.5167958656330753,False,54.52460491177815,-0.01817683516328783,-0.050968379352165104,0.06558308837775455,True,False,False,False,2026-07-08,16.0,20.991301472603094,18.287125620577157,26.399653176654965,False,False,,,False,653385.0,542406.8,1.204603260873573,False,252157700.0,1.68,150.09386904761905,0.5221932114882533,2.349869451697124,3.425117528542645,55.55555555555544,44.44444444444456,False,4.6,False,False,False,False,True,False
269,000779,甘咨询,M 科研服务,腾讯前复权日K回退（成交额、换手率已提供）,False,2026-07-30,11.96,11.285999999999998,10.348499999999998,True,True,True,True,12.3,-2.7642276422764214,False,65.3712737997658,0.7822014028857822,0.6704314817114316,0.22353984234870117,True,False,False,False,2026-07-28,2.0,82.6183900572068,74.67944856467115,98.49627304227809,False,False,,,False,767216.0,968068.4,0.7925225118390394,False,941542100.0000001,16.51,57.02859479103574,-1.967213114754085,5.409836065573757,15.572305164999792,63.63636363636378,0.0,False,12.3,False,False,False,False,False,True
270,000782,恒申新材,C 制造业,腾讯前复权日K回退（成交额、换手率已提供）,False,2026-07-30,6.33,6.351999999999999,6.898000000000001,False,False,False,True,8.53,-25.79132473622508,False,39.167961733542654,-0.3513028816685919,-0.32046560508657307,-0.06167455316403769,False,True,False,False,,,35.704156370109125,35.68613302656416,35.740203057199054,False,False,,,False,121809.0,141531.8,0.8606475717824547,False,77641600.0,2.31,33.61108225108225,-3.9453717754172946,6.221547799696512,-8.234270803131349,17.07317073170738,26.829268292682997,False,9.05,False,False,False,False,False,False
271,000783,长江证券,J 金融业,腾讯前复权日K回退（成交额、换手率已提供）,False,2026-07-30,8.57,8.58,8.8515,False,False,False,False,10.65,-19.530516431924884,False,47.65941334466203,-0.04684630603250639,0.024103493154833622,-0.14189959837468002,False,True,False,False,,,49.924661155044475,50.91342631750166,47.94713083013011,False,False,,,False,918437.0,1268902.6,0.7238041753559334,False,788346900.0,1.66,474.9077710843374,-0.34883720930232176,2.674418604651147,-3.1802519347003266,56.52173913043468,43.47826086956532,False,10.73,False,False,False,False,True,False
272,000785,居然智家,L 商务服务,腾讯前复权日K回退（成交额、换手率已提供）,False,2026-07-30,2.26,2.19,2.1209999999999996,True,True,True,True,2.35,-3.829787234042566,False,58.62049306679323,0.007776998310596639,-0.017034000993595127,0.04962199860838353,True,False,False,False,2026-07-09,15.0,32.723330120119655,27.087836740294183,43.9943168797706,False,False,,,False,877991.0,591457.0,1.4844544911971622,False,197971400.0,1.51,131.10688741721856,0.4444444444444251,4.444444444444429,6.553512494106566,40.00000000000018,59.99999999999982,False,2.72,False,False,False,False,True,False
273,000786,北新建材,C 制造业,腾讯前复权日K回退（成交额、换手率已提供）,False,2026-07-30,20.41,19.772,18.55,True,True,True,True,20.64,-1.1143410852713198,False,62.901019457859874,0.13698874152280638,-0.2359978411222079,0.7459731652900286,True,False,False,False,2026-07-10,14.0,34.27297745511956,29.431537472707117,43.955857419944444,False,False,,,False,180140.0,197070.2,0.9140905119089542,False,366879400.0,1.07,342.87794392523364,0.24557956777997436,2.7013752455795537,10.02695417789757,43.636363636363576,56.363636363636424,False,26.38,False,False,False,False,True,False
274,000788,北大医药,C 制造业,腾讯前复权日K回退（成交额、换手率已提供）,False,2026-07-30,5.13,5.1259999999999994,5.2215,True,False,False,False,5.65,-9.203539823008859,False,46.783319328053885,-0.03726750139181245,-0.03313763265042147,-0.00825973748278197,False,True,False,False,,,15.501976161684096,15.8856224520599,14.734683580932487,False,False,,,False,130843.0,171443.8,0.7631830372401919,False,67712000.0,2.2,30.778181818181814,-1.3461538461538525,3.653846153846161,-1.7523700086182117,42.10526315789469,21.052631578947345,False,6.34,False,True,False,False,True,False
275,000789,万年青,C 制造业,腾讯前复权日K回退（成交额、换手率已提供）,False,2026-07-30,4.07,3.942,3.933,True,True,True,True,4.21,-3.3254156769596124,False,55.14623234843576,-0.03291156737185741,-0.061367528981581945,0.05691192321944907,True,False,False,False,2026-07-03,19.0,13.134312457927427,10.663353534408769,18.076230304964742,False,False,2026-07-29,1.0,True,84219.0,44115.8,1.9090439253056726,True,34336200.0,1.06,32.39264150943396,0.992555831265518,2.9776674937965284,3.4833460462751193,49.99999999999963,50.00000000000037,False,4.86,False,False,False,False,True,False
276,000790,华神科技,C 制造业,腾讯前复权日K回退（成交额、换手率已提供）,False,2026-07-30,3.73,3.7,3.7024999999999997,True,True,False,True,3.99,-6.516290726817048,False,50.74667425847192,-0.013303615146230907,-0.026071769178934476,0.02553630806540714,True,False,False,False,2026-07-27,3.0,25.060555181361604,23.55830774176734,28.065050060550128,False,False,,,False,144518.0,143876.0,1.004462175762462,False,54237700.00000001,2.32,23.37831896551725,-0.5333333333333301,2.666666666666657,0.7427413909520677,59.99999999999982,29.99999999999991,False,4.65,False,True,False,False,True,False
277,000791,甘肃能源,D 水电煤气,腾讯前复权日K回退（成交额、换手率已提供）,False,2026-07-30,7.78,7.6819999999999995,7.593000000000001,True,True,True,False,8.13,-4.305043050430511,False,49.45570392022611,-0.09807241180501425,-0.170086272002596,0.14402772039516348,True,False,False,False,2026-07-20,8.0,21.43072000911974,20.682266702611816,22.927626622135584,False,False,,,False,299792.0,332595.6,0.9013709141071019,False,235648200.0,1.55,152.03109677419354,-0.3841229193341733,4.097311139564653,2.4627946793098823,59.37499999999996,25.00000000000007,False,10.91,False,True,False,True,True,False
278,000792,盐湖股份,C 制造业,腾讯前复权日K回退（成交额、换手率已提供）,False,2026-07-30,27.86,27.294,26.494,True,True,True,True,31.14,-10.53307642903019,False,51.91149411340138,-0.5838061976386371,-1.0287630678241755,0.8899137403710768,True,False,False,False,2026-07-22,6.0,18.458448174379853,15.389836784745336,24.595670953648888,False,False,2026-07-21,7.0,True,786634.0,711303.2,1.1059053298227817,False,2190461500.0,1.49,1470.108389261745,0.8689355539464039,3.3671252715423727,5.1558843511738495,43.01075268817212,56.98924731182788,False,40.79,False,False,False,False,True,False
280,000795,英洛华,C 制造业,腾讯前复权日K回退（成交额、换手率已提供）,False,2026-07-30,8.39,8.258,8.4665,True,False,False,True,9.96,-15.763052208835344,False,46.46879311135783,-0.2061857132738414,-0.23123653682886824,0.050101647110053715,True,False,False,False,2026-07-29,1.0,15.181065448465233,13.29787439255476,18.94744756028618,False,False,2026-07-29,1.0,True,127678.0,105449.6,1.2107964373501654,False,107243600.0,1.14,94.07333333333334,0.2389486260454099,2.2700119474313176,-0.9035610937223097,42.10526315789449,57.89473684210551,False,10.18,False,False,False,False,False,False
281,000796,凯撒旅业,L 商务服务,腾讯前复权日K回退（成交额、换手率已提供）,False,2026-07-30,3.73,3.636,3.6324999999999994,True,True,True,True,3.98,-6.281407035175879,False,48.1704242673901,-0.11699655114655672,-0.16879272548908328,0.10359234868505313,True,False,False,False,2026-07-15,11.0,12.11703751529818,9.291713409441185,17.767685727012175,False,False,2026-07-27,3.0,True,420788.0,355849.6,1.1824883321493127,False,160282000.0,3.16,50.722151898734175,0.0,4.55764075067024,2.68410185822438,88.23529411764704,11.764705882352956,False,5.17,False,True,False,False,True,False
282,000797,中国武夷,K 房地产,腾讯前复权日K回退（成交额、换手率已提供）,False,2026-07-30,2.32,2.29,2.2735,True,True,True,True,2.39,-2.928870292887041,False,51.34598067424999,-0.017181591125055462,-0.03348127817980659,0.032599374109502255,True,False,False,False,2026-07-03,19.0,18.756976812231912,17.06987340751721,22.131183621661314,False,False,2026-07-27,3.0,True,220714.0,193631.6,1.1398656004495133,False,51712600.0,1.41,36.675602836879435,-0.42918454935623185,3.433476394849788,2.045304596437211,75.0,25.0,False,2.92,False,True,False,False,True,False
283,000798,中水渔业,A 农林牧渔,腾讯前复权日K回退（成交额、换手率已提供）,False,2026-07-30,7.87,7.703999999999999,7.547499999999999,True,True,True,True,8.11,-2.9593094944512863,False,56.11032243128794,0.0195155879472102,-0.04800883246582013,0.13504884082606067,True,False,False,False,,,22.857089163151556,19.840391305098017,28.890484879258636,False,False,2026-07-27,3.0,True,71180.0,58088.2,1.2253779597233174,False,56343800.0,1.95,28.89425641025641,0.12722646310432406,2.7989821882951618,4.27293805895993,63.636363636363555,36.36363636363644,False,9.56,False,False,False,False,True,False
284,000799,酒鬼酒,C 制造业,腾讯前复权日K回退（成交额、换手率已提供）,False,2026-07-30,40.71,38.952,39.096000000000004,True,True,False,True,44.36,-8.228133453561764,False,53.852581981051536,-0.43136415486880253,-0.6025390223690561,0.34234973500050714,True,False,False,False,2026-07-29,1.0,23.61747675299236,18.60412845024391,33.64417335848926,False,False,2026-07-29,1.0,True,213421.0,76336.8,2.79578132696157,True,874271900.0,6.57,133.07030441400303,4.277663934426235,9.503073770491788,4.128299570288513,47.70889487870617,52.291105121293825,False,47.12,False,False,False,False,False,False
285,000800,一汽解放,C 制造业,腾讯前复权日K回退（成交额、换手率已提供）,False,2026-07-30,6.48,6.324,6.2524999999999995,True,True,True,True,6.47,0.15455950540959315,True,63.59668083708765,0.06232278188197071,0.0435061760755462,0.03763321161284902,True,False,False,False,,,49.02955805046154,45.65022478815329,55.78822457507805,False,False,,,False,187820.0,144277.4,1.3017977867635542,False,121064300.0,0.38,318.59026315789475,1.7268445839874413,2.197802197802207,3.6385445821671483,7.142857142856962,92.85714285714303,True,6.73,False,True,False,True,True,False
286,000801,四川九洲,C 制造业,腾讯前复权日K回退（成交额、换手率已提供）,False,2026-07-30,11.55,11.14,11.2655,True,True,False,True,13.6,-15.0735294117647,False,51.63984086456492,-0.22100293763121037,-0.3058077832280438,0.16960969119366687,True,False,False,False,2026-07-28,2.0,15.447600951763144,10.99346879063056,24.355865274028314,False,False,2026-07-28,2.0,True,176289.0,124299.2,1.418263351654717,False,203541699.99999997,1.74,116.9779885057471,1.9417475728155331,4.060017652250654,2.5254094358883434,28.260869565217234,71.73913043478277,True,14.62,False,False,False,False,False,False
287,000802,北京文化,R 文化传播,腾讯前复权日K回退（成交额、换手率已提供）,False,2026-07-30,3.85,3.872,3.7045000000000003,False,True,True,True,4.16,-7.451923076923078,False,50.37962494432774,-0.038369458701085435,-0.10480891990298317,0.13287892240379548,True,False,False,False,2026-07-08,16.0,23.252953437605,20.37913400094966,29.000592310915685,False,False,2026-07-22,6.0,True,918601.0,622848.8,1.4748378739751926,False,362205899.99999994,12.84,28.209182242990646,-5.405405405405405,7.862407862407858,3.9276555540558706,59.37499999999988,21.8750000000001,False,5.5,False,True,False,False,False,False
288,000803,山高环能,N 公共环保,腾讯前复权日K回退（成交额、换手率已提供）,False,2026-07-30,6.56,6.58,6.529999999999999,False,True,True,False,7.14,-8.12324929971989,False,46.58910242460464,-0.15882365639647755,-0.22553126607771354,0.13341521936247197,True,False,False,False,2026-07-23,5.0,18.372968186248126,15.458304973115391,24.202294612513594,False,False,2026-07-22,6.0,True,91849.0,166097.4,0.5529827679421834,False,60776500.0,2.0,30.38825,-0.60606060606061,2.8787878787878713,0.459418070444108,73.68421052631582,15.78947368421023,False,8.94,False,False,False,False,False,False
289,000807,云铝股份,C 制造业,腾讯前复权日K回退（成交额、换手率已提供）,False,2026-07-30,26.5,25.854000000000003,24.630000000000003,True,True,True,False,27.61,-4.020282506338281,False,56.67162006547569,0.29109793690786745,-0.027356753333641008,0.6369093804830169,True,False,False,False,2026-07-07,17.0,31.6670842299629,29.842575544498484,35.316101600891734,False,False,,,False,943572.0,799675.8,1.179943171970441,False,2537737600.0,2.72,932.9917647058822,1.3384321223709472,4.091778202676865,7.592367032074694,97.19626168224289,0.0,False,32.72,False,True,True,False,False,False
290,000809,和展能源,C 制造业,腾讯前复权日K回退（成交额、换手率已提供）,False,2026-07-30,3.11,3.074,3.0454999999999997,True,True,True,True,3.31,-6.042296072507558,False,46.749377272348475,-0.10364032423417235,-0.149892977057587,0.0925053056468293,True,False,False,False,2026-07-23,5.0,16.752746097209254,13.410289800654928,23.437658690317907,False,False,2026-07-23,5.0,True,151660.0,162101.8,0.935584922561008,False,47644100.0,1.84,25.89353260869565,-1.5822784810126667,4.113924050632908,2.1178788376292967,46.15384615384623,23.076923076922945,False,4.75,False,False,False,False,True,False
291,000810,创维数字,C 制造业,腾讯前复权日K回退（成交额、换手率已提供）,False,2026-07-30,9.2,9.212,10.5215,False,False,False,False,13.73,-32.99344501092499,False,35.408195622541044,-0.7383848966720485,-0.612097764689352,-0.2525742639653932,False,True,False,False,,,6.005440452470796,7.443536528595348,3.1292483002216915,False,False,,,False,238862.0,200515.4,1.191240174071418,False,222172000.0,2.15,103.33581395348837,-1.7094017094017144,3.5256410256410264,-12.55999619826071,45.45454545454555,21.212121212120756,False,13.75,False,False,False,False,True,False
292,000811,冰轮环境,C 制造业,腾讯前复权日K回退（成交额、换手率已提供）,False,2026-07-30,33.46,39.282000000000004,46.240500000000004,False,False,False,False,57.76,-42.07063711911357,False,34.072017475102726,-1.6737257947898883,0.23513804689540846,-3.8177276833705935,False,True,False,False,,,51.851980871105475,58.8326575820469,37.890627449222634,False,False,,,False,466316.0,596463.8,0.7818010078734031,False,1612299700.0,4.77,338.0083228511531,-10.00537923614846,9.521247982786441,-27.639190752695153,13.55932203389822,0.0,False,58.5,False,True,False,False,True,False
293,000812,陕西金叶,C 制造业,腾讯前复权日K回退（成交额、换手率已提供）,False,2026-07-30,3.49,3.322,3.2445,True,True,True,True,3.44,1.453488372093031,True,60.77625258188253,-0.004789426864475033,-0.04410961179398397,0.07864036985901787,True,False,False,False,2026-07-03,19.0,28.098461841759455,23.105610694529002,38.08416413622036,False,False,2026-07-27,3.0,True,411308.0,101337.6,4.058789629910319,False,144331300.0,5.44,26.53148897058823,3.5608308605341366,10.979228486646887,7.566651255971653,54.05405405405397,45.94594594594603,False,4.12,False,False,False,False,True,False
294,000813,德展健康,C 制造业,腾讯前复权日K回退（成交额、换手率已提供）,False,2026-07-30,3.27,3.272,3.279,False,False,False,False,3.55,-7.887323943661967,False,50.56182270411087,0.019986069953286112,0.020355985898704517,-0.0007398318908368104,False,True,False,True,,,30.546657332241114,30.591883239836246,30.456205517050854,False,True,,,False,255987.0,257900.2,0.9925816265361562,False,84581000.0,1.22,69.32868852459016,-1.5060240963855387,3.6144578313252915,-0.27447392497712403,41.666666666666636,24.999999999999908,False,4.5,False,False,False,False,True,False
295,000815,美利云,C 制造业,腾讯前复权日K回退（成交额、换手率已提供）,False,2026-07-30,13.8,15.482,14.277000000000001,False,False,True,False,17.74,-22.2096956031567,False,44.19107593847391,-0.020489970501897048,-0.2179898889758588,0.3949998369479235,True,False,False,False,2026-07-20,8.0,26.532424145342276,29.023242410745336,21.550787614536155,False,True,,,False,843037.0,1282362.2,0.6574094276952331,False,1200633500.0,12.13,98.98050288540807,-7.9999999999999964,9.266666666666671,-3.341038033200254,25.899280575539517,7.194244604316646,False,23.45,False,False,False,False,True,False
296,000816,智慧农业,C 制造业,腾讯前复权日K回退（成交额、换手率已提供）,False,2026-07-30,2.55,2.5300000000000002,2.4494999999999996,True,True,True,True,2.62,-2.6717557251908506,False,55.98871235580987,0.009747667659529835,-0.016924550449189512,0.053344436217438694,True,False,False,False,,,25.019773148581958,20.821929512899597,33.415460419946676,False,False,2026-07-23,5.0,True,320734.0,272815.6,1.1756439147907964,False,83087000.0,2.23,37.25874439461884,-0.7782101167315147,3.5019455252918235,4.102878138395602,66.66666666666683,11.11111111111089,False,3.23,False,False,False,False,True,False
297,000818,航锦科技,C 制造业,腾讯前复权日K回退（成交额、换手率已提供）,False,2026-07-30,12.05,12.25,13.2125,False,False,False,False,16.95,-28.908554572271377,False,40.00975273947611,-0.49203110211364987,-0.42668072047635375,-0.13070076327459224,False,True,False,False,,,6.320249680354416,7.016168645273612,4.928411750516025,False,False,,,False,199828.0,205567.2,0.972081149132741,False,245053700.0,3.04,80.60976973684211,-3.368083400160382,4.170008019246201,-8.798486281929987,38.46153846153857,3.8461538461540954,False,19.64,False,False,False,False,True,False
298,000819,岳阳兴长,C 制造业,腾讯前复权日K回退（成交额、换手率已提供）,False,2026-07-30,12.02,11.572,11.385000000000002,True,True,True,True,12.15,-1.069958847736632,False,52.290661615903204,-0.2730058611993851,-0.46682306826033126,0.38763441412189237,True,False,False,False,2026-07-13,13.0,17.80769154047512,14.82717947220298,23.768715677019397,False,False,,,False,70510.0,52714.4,1.337585175967098,False,86284700.0,1.93,44.707098445595854,1.0933557611437994,5.803195962994108,5.577514273166429,69.56521739130446,30.43478260869554,False,17.32,False,False,False,False,True,False
299,000820,神雾节能,M 科研服务,腾讯前复权日K回退（成交额、换手率已提供）,False,2026-07-30,3.2,2.97,2.8890000000000002,True,True,True,True,3.2,0.0,False,61.282257240472475,-0.027667972418911724,-0.0785321343996976,0.10172832396157175,True,False,False,False,2026-07-02,19.0,27.315198717983378,20.757399715907063,40.43079672213601,False,False,2026-07-23,4.0,True,6728.0,28746.0,0.2340499547763167,False,2153000.0,0.23,9.360869565217392,9.965635738831624,0.0,10.764970578054687,0.0,100.0,True,4.06,False,True,True,False,False,False
300,000821,ST京机,C 制造业,腾讯前复权日K回退（成交额、换手率已提供）,False,2026-07-30,6.93,6.946,7.2675,False,False,False,False,8.48,-18.278301886792462,False,38.24973190031363,-0.38458191291330124,-0.4400369340793043,0.11091004233200608,True,False,False,False,2026-07-27,3.0,8.058611426986802,7.143533842846137,9.888766595268136,False,False,2026-07-23,5.0,True,69152.0,71168.0,0.9716726618705036,False,48261100.0,1.14,42.334298245614036,-1.1412268188302432,3.1383737517831634,-4.643962848297218,50.0000000000002,31.81818181818158,False,10.95,False,False,False,False,True,False
301,000822,山东海化,C 制造业,腾讯前复权日K回退（成交额、换手率已提供）,False,2026-07-30,4.21,4.142,4.0615000000000006,True,True,True,False,4.26,-1.1737089201877893,False,50.91750588432531,-0.06020997173854248,-0.11335332184196976,0.10628670020685457,True,False,False,False,2026-07-02,20.0,11.090423142949854,9.348450210065392,14.57436900871878,False,False,,,False,127720.0,163806.6,0.779699963249344,False,53887000.0,1.43,37.683216783216785,-0.23696682464454666,2.8436018957346,3.6562846239074083,58.33333333333351,41.66666666666648,False,5.95,False,True,False,False,True,False
302,000823,超声电子,C 制造业,腾讯前复权日K回退（成交额、换手率已提供）,False,2026-07-30,12.21,12.974,15.694999999999999,False,False,False,False,24.92,-51.00321027287319,False,32.92499963617935,-1.991644551705937,-1.699886908578856,-0.5835152862541619,False,True,False,False,,,7.173643935568958,9.539102681695448,2.4427264433159763,False,False,,,False,560009.0,417562.4,1.341138474153803,False,701272000.0,9.41,74.5241232731137,-6.935975609756085,8.231707317073171,-22.20452373367313,19.44444444444452,14.814814814814827,False,29.77,False,False,False,False,False,False
303,000825,太钢不锈,C 制造业,腾讯前复权日K回退（成交额、换手率已提供）,False,2026-07-30,3.63,3.5519999999999996,3.4844999999999997,True,True,True,True,3.65,-0.5479452054794526,False,55.805000119182075,-0.01444859166594048,-0.0458554459899258,0.06281370864797065,True,False,False,False,2026-07-10,14.0,20.24210324425975,17.103970526659328,26.518368679460586,False,False,,,False,355844.0,333058.8,1.068411944077142,False,129594300.0,0.62,209.02306451612904,0.5540166204986097,2.4930747922437635,4.1756349547998335,66.66666666666683,33.33333333333317,False,4.43,False,True,False,False,True,False
304,000826,*ST启环,N 公共环保,腾讯前复权日K回退（成交额、换手率已提供）,False,2026-07-30,1.57,1.454,1.6355,True,False,False,True,2.0,-21.499999999999996,False,43.90559757857497,-0.14222305683779846,-0.15048796140938628,0.016529809143175644,True,False,True,False,,,15.790821119346072,11.190255613104547,24.991952131829123,False,False,2026-07-23,5.0,True,600604.0,230642.6,2.6040462603179115,True,92921000.0,4.21,22.071496437054634,2.614379084967333,12.418300653594768,-4.004891470498312,36.84210526315782,57.89473684210533,False,2.49,False,True,False,False,True,True
305,000828,东莞控股,G 运输仓储,腾讯前复权日K回退（成交额、换手率已提供）,False,2026-07-30,10.07,9.914,9.816500000000001,True,True,True,True,10.08,-0.09920634920634709,False,60.6784431141664,0.054283887513188134,0.027024343296512515,0.05451908843335124,True,False,False,False,2026-07-03,19.0,54.76629044122114,48.76545265191421,66.76796601983499,False,False,,,False,77953.0,57612.4,1.3530594108212814,False,78417800.0,0.75,104.55706666666666,0.7000000000000117,1.8000000000000147,2.5823867977384904,33.33333333333333,66.66666666666666,False,10.5,False,False,False,False,False,False
306,000829,天音控股,F 批发零售,腾讯前复权日K回退（成交额、换手率已提供）,False,2026-07-30,8.49,8.428,8.203999999999999,True,True,True,False,9.35,-9.197860962566839,False,52.03223417057739,0.05923964299951301,0.0006207929688692489,0.11723770006128752,True,False,False,False,2026-07-03,19.0,26.203582733645835,26.005696603425193,26.599354994087122,False,False,,,False,242374.0,219476.8,1.1043262887011294,False,208545300.0,2.37,87.99379746835443,-1.0489510489510523,3.729603729603733,3.4861043393466775,18.75000000000014,18.75000000000014,False,12.03,False,False,False,False,False,False
307,000830,鲁西化工,C 制造业,腾讯前复权日K回退（成交额、换手率已提供）,False,2026-07-30,12.73,12.578,12.2895,True,True,True,False,13.59,-6.32818248712288,False,53.31537827453598,-0.0036624854121285466,-0.11971928601068474,0.23211360119711238,True,False,False,False,2026-07-20,8.0,20.88052333567866,17.242385114935562,28.156799777164856,False,False,2026-07-20,8.0,True,285568.0,318927.8,0.8954001501280228,False,364415400.0,1.5,242.9436,-0.8566978193146335,3.2710280373831773,3.5843606330607436,47.61904761904746,35.7142857142858,False,16.81,False,False,False,False,False,False
308,000831,中国稀土,C 制造业,腾讯前复权日K回退（成交额、换手率已提供）,False,2026-07-30,47.4,47.574,48.2465,False,False,False,False,56.32,-15.838068181818185,False,43.53711727720172,-1.4800277034982088,-1.66454737892198,0.36903935084754247,True,False,False,False,2026-07-23,5.0,13.721357118218931,14.531887550443534,12.100296253769724,False,False,,,False,171309.0,205825.4,0.8323025243725993,False,815516900.0,1.61,506.5322360248447,-1.311680199875087,3.2271496981053596,-1.7545314167867077,43.870967741935345,36.77419354838701,False,66.85,False,False,False,False,False,False
309,000833,粤桂股份,S 综合,腾讯前复权日K回退（成交额、换手率已提供）,False,2026-07-30,18.73,19.324,20.247,False,False,False,False,24.94,-24.899759422614277,False,36.10669972630877,-1.1025426032445367,-1.1320820977322816,0.05907898897548991,True,False,False,False,2026-07-27,3.0,10.251803212458272,10.736230843896942,9.282947949580933,False,True,,,False,186853.0,238591.2,0.7831512645898088,False,355991700.0,4.12,86.40575242718447,-3.453608247422668,4.329896907216495,-7.49246801995357,32.142857142857096,0.0,False,31.21,False,False,False,False,False,False
310,000837,秦川机床,C 制造业,腾讯前复权日K回退（成交额、换手率已提供）,False,2026-07-30,9.13,8.974,9.7395,True,False,False,True,12.65,-27.826086956521735,False,39.3654686895528,-0.6503351268418474,-0.6878735847600037,0.07507691583631271,True,False,False,False,2026-07-29,1.0,10.135380719007788,7.9591269289562385,14.487888299110887,False,False,2026-07-28,2.0,True,129528.0,143852.4,0.9004229335068445,False,119526100.0,1.29,92.65589147286822,-1.4038876889848728,3.1317494600432068,-6.258021459007123,65.51724137931058,13.793103448276137,False,13.6,False,False,False,False,False,False
311,000838,*ST发展,K 房地产,腾讯前复权日K回退（成交额、换手率已提供）,False,2026-07-30,2.27,2.3600000000000003,2.175,False,True,True,False,2.52,-9.920634920634921,False,56.63358966078993,0.14464413029380463,0.1437026707402108,0.001882919107187686,True,False,False,False,,,81.19196959088987,80.88455623895696,81.80679629475569,False,False,,,False,240781.0,316381.4,0.7610466354848926,False,54821000.0,2.28,24.044298245614037,0.0,5.726872246696031,4.367816091954032,61.53846153846164,38.46153846153836,False,2.52,False,True,False,False,True,False
312,000839,国安股份,I 信息技术,腾讯前复权日K回退（成交额、换手率已提供）,False,2026-07-30,2.69,2.6399999999999997,2.5100000000000002,True,True,True,True,2.94,-8.503401360544217,False,54.03025790708879,-0.0058145906122208935,-0.05575923551886683,0.09988928981329187,True,False,False,False,2026-07-16,10.0,24.486652273287675,19.045704065208295,35.368548689446435,False,False,2026-07-22,6.0,True,1874427.0,1503303.2,1.2468722211194654,False,503338399.99999994,4.78,105.30092050209204,-4.6099290780141855,6.382978723404261,7.171314741035845,33.33333333333333,66.66666666666666,False,3.71,False,False,False,False,True,False
313,000848,承德露露,C 制造业,腾讯前复权日K回退（成交额、换手率已提供）,False,2026-07-30,9.1,8.512,8.264999999999999,True,True,True,True,8.92,2.0179372197309386,True,74.45318276906053,0.199007593783044,0.12357848909255362,0.15085820938098077,True,False,False,False,2026-07-28,2.0,87.0440849232054,78.77547761625152,103.58129953711318,False,False,,,False,373281.0,192381.2,1.9403195322619882,True,336869500.0,3.69,91.29254742547427,2.5930101465614586,4.284103720405872,10.102843315184524,10.526315789473905,89.47368421052609,True,8.92,True,False,False,False,False,False
314,000850,华茂股份,C 制造业,腾讯前复权日K回退（成交额、换手率已提供）,False,2026-07-30,3.96,3.968,3.8609999999999998,False,True,True,False,4.14,-4.347826086956515,False,55.8270909936361,0.057993287718182795,0.0357795981390039,0.04442737915835779,True,False,False,False,,,34.663990790804995,32.261273744941434,39.46942488253211,False,False,,,False,67152.0,66001.4,1.0174329635431976,False,26850700.0,0.71,37.817887323943665,-1.2468827930174564,2.743142144638401,2.5641025641025696,54.545454545454255,18.18181818181822,False,4.51,False,False,False,False,True,False
315,000852,石化机械,C 制造业,腾讯前复权日K回退（成交额、换手率已提供）,False,2026-07-30,5.19,5.15,5.066000000000001,True,True,True,False,5.4,-3.8888888888888884,False,49.29227540271392,-0.06696691860160797,-0.12104576620754218,0.10815769521186841,True,False,False,False,2026-07-03,19.0,12.816565731066598,11.029090115097896,16.391516963004005,False,False,,,False,104529.0,155065.2,0.6740970894823596,False,54530900.0,1.1,49.57354545454545,-0.19230769230769162,2.499999999999998,2.4476904855902024,61.53846153846164,30.76923076923082,False,7.55,False,True,False,False,True,False
316,000856,冀东装备,C 制造业,腾讯前复权日K回退（成交额、换手率已提供）,False,2026-07-30,7.4,7.202,7.208500000000001,True,True,False,True,7.8,-5.1282051282051215,False,49.77368561827654,-0.1929872333835414,-0.28632898453464983,0.18668350230221686,True,False,False,False,2026-07-02,20.0,13.31423144680466,10.961412033872016,18.019870272669948,False,False,,,False,43926.0,49640.8,0.8848769560522796,False,32498600.0,1.94,16.751855670103094,0.5434782608695565,3.1250000000000053,2.6565859748907474,17.39130434782607,60.86956521739144,False,10.99,False,False,False,True,True,False
317,000858,五 粮 液,C 制造业,腾讯前复权日K回退（成交额、换手率已提供）,False,2026-07-30,78.56,75.2,72.8515,True,True,True,True,76.76,2.344971339239183,True,63.617624004642664,0.3438387429344658,-0.4525492770323457,1.592776039933623,True,False,False,False,,,22.598885613878306,19.370175827967643,29.056305185699628,False,False,,,False,729039.0,321456.6,2.2679235703979947,True,5681290300.0,1.88,3021.962925531915,4.509777836903028,5.095117733138218,7.8358029690534865,7.310704960835541,92.68929503916445,True,91.92,False,False,False,False,True,False
318,000859,国风新材,C 制造业,腾讯前复权日K回退（成交额、换手率已提供）,False,2026-07-30,8.37,7.924000000000001,8.0745,True,True,False,True,10.42,-19.67370441458734,False,48.33164676246775,-0.544069937513985,-0.6822526005792966,0.27636532613062315,True,False,False,False,2026-07-28,2.0,26.83651840230658,20.962070472676743,38.58541426156626,False,False,2026-07-21,7.0,True,774794.0,352318.8,2.1991276082911275,True,646554200.0,8.65,74.74615028901734,6.353240152477757,12.071156289707753,3.6596693293702245,30.526315789473774,69.47368421052622,False,12.19,False,False,False,False,False,True
319,000860,顺鑫农业,C 制造业,腾讯前复权日K回退（成交额、换手率已提供）,False,2026-07-30,11.13,10.708,10.536,True,True,True,True,11.32,-1.6784452296819745,False,59.35207663701354,0.10684678902403988,0.046706258173108785,0.12028106170186219,True,False,False,False,,,31.78610082875758,27.801438232472282,39.75542602132817,False,False,,,False,168527.0,95910.4,1.7571295709328707,False,187571400.0,2.27,82.63057268722467,2.6752767527675303,4.612546125461255,5.637813211845114,31.999999999999673,68.00000000000033,False,12.88,False,False,False,False,False,False
320,000862,银星能源,D 水电煤气,腾讯前复权日K回退（成交额、换手率已提供）,False,2026-07-30,5.51,5.754,5.1434999999999995,False,True,True,False,6.24,-11.698717948717956,False,51.971524095480355,0.09128965214116302,-0.03547495217840953,0.2535292086391451,True,False,False,False,2026-07-08,16.0,23.507868840436583,22.483759848104686,25.556086825100373,False,False,,,False,499297.0,853494.0,0.5850035266797423,False,278354400.0,7.95,35.013132075471695,-3.839441535776622,5.06108202443281,7.125498201613693,27.586206896551747,27.586206896551747,False,7.72,False,False,False,False,False,False
321,000863,三湘印象,K 房地产,腾讯前复权日K回退（成交额、换手率已提供）,False,2026-07-30,3.63,3.6799999999999997,3.9325,False,False,False,True,4.77,-23.899371069182386,False,37.77693034630851,-0.21214713239724725,-0.21946225619798887,0.014630247601483237,True,False,False,False,2026-07-29,1.0,9.470345206257038,8.577532484335775,11.255970650099567,False,False,2026-07-28,2.0,True,175012.0,170210.4,1.0282097921161104,False,65175200.00000001,1.5,43.45013333333334,-5.714285714285716,8.571428571428573,-7.692307692307697,30.303030303030326,12.12121212121213,False,6.05,False,False,False,False,True,False
322,000868,安凯客车,C 制造业,腾讯前复权日K回退（成交额、换手率已提供）,False,2026-07-30,3.64,3.498,3.4190000000000005,True,True,True,True,3.6,1.111111111111112,True,59.72776533398854,-0.017322173803219876,-0.06321415578844286,0.09178396397044597,True,False,False,False,2026-07-03,19.0,21.342611568334576,16.77822849771374,30.471377709576245,False,False,2026-07-27,3.0,True,120841.0,112337.4,1.075696962899266,False,44090500.0,1.29,34.178682170542636,1.1111111111111072,3.333333333333336,6.463878326996186,50.0,50.0,False,4.53,False,False,False,False,True,False
323,000869,张 裕Ａ,C 制造业,腾讯前复权日K回退（成交额、换手率已提供）,False,2026-07-30,17.8,17.182,16.761499999999998,True,True,True,True,17.55,1.4245014245014245,True,63.97504665531111,0.134635713839792,-0.012979222941887528,0.29522987356335906,True,False,False,False,2026-07-06,18.0,48.53565073907422,41.085236793213056,63.43647863079656,False,False,,,False,17682.0,12714.8,1.3906628495926008,False,31391200.0,0.39,80.4902564102564,1.9473081328751363,3.0355097365406505,6.195746204098695,15.094339622641256,84.90566037735874,True,19.25,False,False,False,False,False,False
324,000875,电投绿能,D 水电煤气,腾讯前复权日K回退（成交额、换手率已提供）,False,2026-07-30,5.44,5.206,5.0545,True,True,True,True,5.39,0.9276437847866551,True,56.04386344579264,-0.07641055463353563,-0.16506795028267057,0.17731479129826988,True,False,False,False,2026-07-14,12.0,18.835551893263542,15.127975419466187,26.25070484085825,False,False,,,False,801631.0,558711.8,1.434784445218447,False,431121100.0,2.4,179.63379166666667,2.2556390977443552,4.887218045112777,7.626867148085872,7.692307692307534,92.30769230769246,True,7.38,False,False,False,False,False,False
325,000876,新 希 望,C 制造业,腾讯前复权日K回退（成交额、换手率已提供）,False,2026-07-30,7.0,6.862,7.0344999999999995,True,False,False,True,7.47,-6.291834002677373,False,50.97559095521287,-0.02213717470539578,-0.021351799185061485,-0.0015707510406685887,False,True,False,False,,,34.677626809723904,34.54642935849807,34.94002171217558,True,False,,,False,370955.0,249289.4,1.4880496322747778,False,259357700.0,0.82,316.2898780487805,1.4492753623188248,3.3333333333333264,-0.49043997441182086,43.47826086956515,56.521739130434845,False,8.85,False,False,False,False,False,False
326,000877,天山股份,C 制造业,腾讯前复权日K回退（成交额、换手率已提供）,False,2026-07-30,3.82,3.6719999999999997,3.6694999999999993,True,True,True,True,3.79,0.7915567282321848,True,54.64761746552376,-0.057341562566715965,-0.09295785845432575,0.07123259177521957,True,False,False,False,2026-07-06,18.0,10.736162930363578,7.267232641072108,17.67402350894652,False,False,2026-07-29,1.0,True,176649.0,138280.0,1.2774732426959792,False,67170400.0,0.25,268.6816,2.1390374331550666,2.6737967914438525,4.101376209292834,10.000000000000222,89.99999999999979,True,4.88,False,False,False,False,False,False
327,000878,云南铜业,C 制造业,腾讯前复权日K回退（成交额、换手率已提供）,False,2026-07-30,15.62,15.356,15.241499999999998,True,True,True,False,16.55,-5.619335347432033,False,49.12887694641981,-0.3228165825461655,-0.4835458769853139,0.3214585888782968,True,False,False,False,2026-07-22,6.0,20.153307820010514,17.281496830968244,25.89692979809506,False,False,2026-07-21,7.0,True,338014.0,350242.2,0.9650864458937273,False,527242600.0,1.69,311.9778698224852,0.5795235028976276,3.0264005151319955,2.483351376176891,34.042553191489475,65.95744680851053,False,20.92,False,False,False,False,True,False
328,000880,潍柴重机,C 制造业,腾讯前复权日K回退（成交额、换手率已提供）,False,2026-07-30,21.24,21.34,22.0785,False,False,False,False,24.98,-14.97197758206566,False,41.1862421666645,-0.9938404508183005,-1.1488999879923174,0.31011907434803376,True,False,False,False,2026-07-23,5.0,10.389675331773898,9.73306830568991,11.702889383941873,False,False,2026-07-22,6.0,True,81197.0,83161.8,0.9763737677635644,False,174013000.0,3.58,48.606983240223464,-1.7121702915317005,2.869042110134202,-3.7978123513825657,43.54838709677406,17.741935483870847,False,37.13,False,False,False,False,False,False
329,000881,中广核技,C 制造业,腾讯前复权日K回退（成交额、换手率已提供）,False,2026-07-30,6.35,6.3020000000000005,6.252999999999999,True,True,True,True,6.59,-3.641881638846741,False,47.41307858408068,-0.11696672220233939,-0.17831611117358165,0.12269877794248452,True,False,False,False,2026-07-06,18.0,12.980141018748379,10.925498835710707,17.089425384823723,False,False,2026-07-23,5.0,True,74264.0,80481.2,0.9227496607903461,False,47294399.99999999,0.82,57.6760975609756,-0.31397174254317317,1.7268445839874322,1.5512553974092504,72.72727272727316,27.272727272726833,False,8.26,False,False,False,False,True,False
330,000882,华联股份,L 商务服务,腾讯前复权日K回退（成交额、换手率已提供）,False,2026-07-30,1.4,1.378,1.3575,True,True,True,True,1.45,-3.448275862068969,False,53.56934335114624,-0.0021761505769581913,-0.01190199334591079,0.019451685537905196,True,False,False,False,2026-07-08,16.0,22.812920077418383,18.863983898886683,30.71079243448178,False,False,2026-07-28,2.0,True,754648.0,547332.6,1.3787740763111864,False,107283300.0,2.76,38.87076086956522,-0.7092198581560294,4.255319148936175,3.130755064456721,66.66666666666666,16.666666666666664,False,1.66,False,False,False,False,False,False
331,000883,湖北能源,D 水电煤气,腾讯前复权日K回退（成交额、换手率已提供）,False,2026-07-30,4.76,4.6819999999999995,4.517,True,True,True,False,4.84,-1.6528925619834725,False,59.911194498177395,0.051044465190347665,0.012682492225181157,0.07672394593033302,True,False,False,False,2026-07-09,15.0,50.39443036279772,47.12030475264544,56.942681583102285,False,False,,,False,275466.0,363453.2,0.75791326090952,False,130408900.0,0.43,303.276511627907,0.8474576271186418,1.6949152542372707,5.379676776621638,12.499999999999861,87.50000000000014,True,5.31,False,False,False,False,False,False
332,000885,城发环境,N 公共环保,腾讯前复权日K回退（成交额、换手率已提供）,False,2026-07-30,12.94,12.697999999999999,12.519,True,True,True,True,12.86,0.6220839813374812,True,59.80293336253112,0.046318287494083066,-0.013318671607624575,0.11927391820341528,True,False,False,False,2026-07-06,18.0,35.84675032059622,30.755089118246477,46.03007272529572,False,False,,,False,53788.0,45535.4,1.181234819503068,False,69193000.0,0.84,82.37261904761905,1.3312451057165164,1.8794048551291969,3.362888409617377,4.166666666666605,95.8333333333334,True,14.05,False,False,False,False,True,False
333,000886,海南高速,G 运输仓储,腾讯前复权日K回退（成交额、换手率已提供）,False,2026-07-30,4.57,4.494,4.3465,True,True,True,True,4.6,-0.6521739130434644,False,59.49985260656804,0.03554262764271687,-0.005383087569341511,0.08185143042411677,True,False,False,False,,,27.178985264462142,23.848863645676364,33.8392285020337,False,False,,,False,157255.0,126558.2,1.2425508580242135,False,72051700.0,1.61,44.75260869565217,0.6607929515418665,3.0837004405286272,5.142068330840917,49.99999999999968,50.00000000000032,False,5.55,False,False,False,False,True,False
334,000887,中鼎股份,C 制造业,腾讯前复权日K回退（成交额、换手率已提供）,False,2026-07-30,16.8,16.668,17.916,True,False,False,False,20.79,-19.191919191919187,False,42.371080601197264,-0.6944883496098733,-0.6187435083730255,-0.15148968247369554,False,True,False,False,,,10.41614254985606,11.65750641029765,7.933414828972879,False,False,,,False,205498.0,257293.8,0.7986900578249457,False,346071700.0,1.56,221.8408333333333,-1.2925969447708519,3.2902467685076306,-6.229068988613528,62.499999999999766,37.50000000000024,False,22.75,False,True,False,False,True,False
335,000888,峨眉山Ａ,N 公共环保,腾讯前复权日K回退（成交额、换手率已提供）,False,2026-07-30,9.64,9.45,9.339,True,True,True,True,9.94,-3.0181086519114584,False,55.08996025293198,0.009064448778604017,-0.0543866047027125,0.12690210696263304,True,False,False,False,,,20.66899777621026,18.498142735929523,25.010707856771738,False,False,2026-07-28,2.0,True,108633.0,76180.4,1.425996713065303,False,106006800.0,2.06,51.45961165048544,0.3121748178980255,3.537981269510925,3.223043152371776,82.35294117647044,17.647058823529566,False,11.69,False,False,False,False,True,False
336,000889,中嘉博创,I 信息技术,腾讯前复权日K回退（成交额、换手率已提供）,False,2026-07-30,3.45,3.6119999999999997,3.3725,False,True,True,False,4.16,-17.06730769230769,False,47.67098655419582,0.02020161624115735,-0.027967459014780052,0.0963381505118748,True,False,False,False,2026-07-15,11.0,24.522213819952317,25.256510840152377,23.0536197795522,False,True,,,False,514402.0,926539.2,0.5551864400340536,False,181988600.0,5.91,30.793333333333337,-5.994550408719334,6.267029972752043,2.297998517420315,4.347826086956429,4.347826086956622,False,5.89,False,False,False,False,True,False
337,000890,法尔胜,C 制造业,腾讯前复权日K回退（成交额、换手率已提供）,False,2026-07-30,6.35,6.548,6.840000000000001,False,False,False,False,9.02,-29.60088691796009,False,34.683077211282324,-0.6480388109146045,-0.7637312283954197,0.23138483496163054,True,False,False,False,2026-07-22,6.0,7.680080164781278,7.275512133957694,8.489216226428447,False,False,2026-07-22,6.0,True,160552.0,165539.4,0.9698718250760846,False,104304500.0,3.83,27.23355091383812,-4.511278195488733,7.669172932330824,-7.163742690058495,27.450980392156808,11.76470588235287,False,17.0,False,True,False,False,True,False
338,000892,欢瑞世纪,R 文化传播,腾讯前复权日K回退（成交额、换手率已提供）,False,2026-07-30,3.35,3.2359999999999998,3.54,True,False,False,True,4.62,-27.48917748917749,False,45.953684891356744,-0.1419833384142124,-0.13444909356434132,-0.015068489699742171,False,True,False,False,,,9.920366853996127,8.46530395997302,12.830492642042337,False,False,2026-07-29,1.0,True,1368588.0,621469.2,2.2021815401310314,True,478041800.0,19.25,24.83334025974026,-4.55840455840455,11.111111111111114,-5.367231638418078,53.84615384615382,12.820512820512885,False,5.07,False,False,False,False,True,True
339,000893,亚钾国际,C 制造业,腾讯前复权日K回退（成交额、换手率已提供）,False,2026-07-30,52.3,49.688,44.795,True,True,True,True,51.99,0.5962685131756014,True,64.86600211448925,1.8161188241849544,0.6672482728966072,2.2977411025766945,True,False,False,False,2026-07-15,11.0,44.3815012173641,36.58528899790651,59.97392565627926,False,False,,,False,214385.0,195206.2,1.098248928568867,False,1141524800.0,2.64,432.3957575757575,1.8897330995519157,6.409507110851352,16.754102020314757,74.46808510638309,25.531914893616914,False,56.2,False,False,False,False,True,False
340,000895,双汇发展,C 制造业,腾讯前复权日K回退（成交额、换手率已提供）,False,2026-07-30,26.85,25.722,24.422500000000003,True,True,True,True,26.17,2.598395108903323,True,76.63198452947684,0.5889651046626199,0.302156301550188,0.5736176062248637,True,False,False,False,,,57.02662705029502,48.559545882688234,73.96078938550859,False,False,,,False,166691.0,129585.4,1.2863408995149146,False,444324400.0,0.48,925.6758333333335,2.9919447640966768,3.337169159953974,9.939604872556037,2.298850574712592,97.7011494252874,True,27.84,False,False,False,False,False,False
341,000897,津滨发展,K 房地产,腾讯前复权日K回退（成交额、换手率已提供）,False,2026-07-30,1.74,1.718,1.6924999999999997,True,True,True,True,1.78,-2.247191011235957,False,51.90928116903102,-0.013695105698222632,-0.02890059062790623,0.0304109698593672,True,False,False,False,2026-07-06,18.0,18.21843652216043,15.150009545842034,24.355290474797226,False,False,2026-07-27,3.0,True,264975.0,252801.4,1.0481547966110947,False,46467600.0,1.64,28.333902439024392,-0.5714285714285672,3.4285714285714315,2.8064992614475823,83.33333333333334,16.666666666666664,False,2.19,False,True,False,False,False,False
342,000898,鞍钢股份,C 制造业,腾讯前复权日K回退（成交额、换手率已提供）,False,2026-07-30,2.07,2.02,1.9489999999999998,True,True,True,True,2.06,0.4854368932038731,True,63.38703992501977,0.019454236097353084,0.0008412011528467021,0.03722606988901277,True,False,False,False,2026-07-03,19.0,31.00346168050501,24.179844052274678,44.650696936965666,False,False,,,False,384489.0,425348.0,0.9039398327957343,False,79654500.0,0.48,165.946875,0.9756097560975618,2.926829268292686,6.208311954848641,50.00000000000037,49.99999999999963,False,2.34,False,False,False,False,True,False
343,000899,赣能股份,D 水电煤气,腾讯前复权日K回退（成交额、换手率已提供）,False,2026-07-30,10.83,10.658,10.342500000000001,True,True,True,False,11.77,-7.986406117247234,False,51.11258881204168,-0.031285967192724584,-0.1606114666139621,0.25865099884247506,True,False,False,False,2026-07-13,13.0,24.51787607121177,23.77779764341904,25.99803292679723,False,False,,,False,207178.0,281522.4,0.7359201257164616,False,224669600.0,2.12,105.97622641509433,-1.0958904109588996,3.1963470319634673,4.713560551123992,57.142857142857,42.857142857143,False,15.2,False,True,False,False,True,False
344,000900,现代投资,G 运输仓储,腾讯前复权日K回退（成交额、换手率已提供）,False,2026-07-30,3.76,3.7119999999999997,3.693,True,True,True,True,3.82,-1.5706806282722525,False,57.122042067167236,0.014638470010682969,0.006733088770010227,0.015810762481345483,True,False,False,False,2026-07-02,20.0,43.666734811613566,39.45606461127389,52.08807521229292,False,False,,,False,123960.0,101187.8,1.2250488695277493,False,46558000.0,0.82,56.77804878048781,0.53475935828875,1.3368983957219203,1.814243162740312,40.00000000000018,59.99999999999982,False,4.1,False,False,False,False,True,False
345,000901,航天科技,C 制造业,腾讯前复权日K回退（成交额、换手率已提供）,False,2026-07-30,13.87,13.828,14.923000000000002,True,False,False,False,18.76,-26.066098081023465,False,37.24213640672921,-1.10824448052559,-1.1938123943644088,0.17113582767763758,True,False,False,False,2026-07-29,1.0,9.830220698243224,8.656155224127698,12.178351646474276,False,False,2026-07-21,7.0,True,138407.0,158767.8,0.8717573714569328,False,193428900.0,1.73,111.808612716763,-1.2811387900355964,3.1316725978647653,-7.056221939288363,43.181818181818116,29.54545454545435,False,25.08,False,False,False,False,False,False
346,000902,新洋丰,C 制造业,腾讯前复权日K回退（成交额、换手率已提供）,False,2026-07-30,13.91,13.535999999999998,12.9395,True,True,True,True,13.89,0.1439884809215232,True,63.63978933415934,0.30378493061775025,0.1872068623767788,0.2331561364819429,True,False,False,False,,,42.23534281963821,35.03510439868063,56.63581966155337,False,False,,,False,99297.0,106934.2,0.9285803793360777,False,138102200.0,0.87,158.73816091954023,1.0901162790697638,2.5436046511627883,7.500289810270871,37.1428571428569,62.8571428571431,False,15.71,False,False,False,False,False,False
347,000903,ST云动,C 制造业,腾讯前复权日K回退（成交额、换手率已提供）,False,2026-07-30,1.71,1.7239999999999998,1.732,False,False,False,True,1.98,-13.636363636363638,False,44.78590576501649,-0.04669010049734457,-0.05951241070941468,0.02564462042414023,True,False,False,False,2026-07-27,3.0,17.071838772161083,14.593542131159793,22.02843205416366,False,False,2026-07-22,6.0,True,166936.0,185473.0,0.9000555336895397,False,28866800.0,0.87,33.18022988505747,-1.7241379310344862,3.448275862068969,-1.2702078521939966,50.0,16.666666666666664,False,2.21,False,True,False,False,True,False
348,000905,厦门港务,F 批发零售,腾讯前复权日K回退（成交额、换手率已提供）,False,2026-07-30,8.43,8.440000000000001,8.108,False,True,True,False,8.6,-1.976744186046511,False,52.73736577025891,-0.015805527552569032,-0.12036265676853473,0.2091142584319314,True,False,False,False,,,18.419652220358284,16.62545264379552,22.00805137348381,False,False,,,False,111290.0,145995.8,0.762282202638706,False,94271800.0,1.5,62.84786666666667,-0.5896226415094463,2.240566037735843,3.9713862851504587,73.68421052631629,26.315789473683722,False,11.82,False,True,False,False,False,False
349,000906,浙商中拓,L 商务服务,腾讯前复权日K回退（成交额、换手率已提供）,False,2026-07-30,5.41,5.3100000000000005,5.339,True,True,False,True,5.65,-4.247787610619472,False,51.27718431502542,-0.03993585504607022,-0.06393256898809607,0.0479934278840517,True,False,False,False,2026-07-03,19.0,22.863909583711674,21.421834973128906,25.74805880487721,False,False,,,False,56583.0,58448.8,0.9680780443738793,False,30700800.0,0.81,37.90222222222222,0.0,2.0332717190388063,1.32983704813635,54.545454545454476,45.454545454545524,False,6.82,False,False,False,False,True,False
350,000908,石药景峰,C 制造业,腾讯前复权日K回退（成交额、换手率已提供）,False,2026-07-30,5.86,6.154,6.6255,False,False,False,False,7.84,-25.25510204081632,False,40.48057043619042,-0.1106360155746513,-0.03232128855266676,-0.15662945404396908,False,True,False,False,,,30.837776353225863,37.78022144438153,16.952886170914525,False,False,,,False,244705.0,207571.2,1.1788966870163105,False,145798100.0,2.78,52.445359712230214,-4.7154471544715415,5.691056910569114,-11.55384499283072,14.285714285714214,14.285714285714468,False,7.99,False,False,False,False,False,False
351,000909,*ST数源,K 房地产,腾讯前复权日K回退（成交额、换手率已提供）,False,2026-07-30,4.24,4.154000000000001,4.0969999999999995,True,True,True,True,4.84,-12.396694214876026,False,53.59903451568821,-0.010402333823138044,-0.07256813101606308,0.12433159438585006,True,False,False,False,2026-07-28,2.0,21.311172137646604,17.73007582889934,28.473364755141127,False,False,2026-07-27,3.0,True,73377.0,70471.2,1.0412338657494127,False,31738300.0,1.68,18.89184523809524,-3.1963470319634646,8.904109589041088,3.490358799121325,51.28205128205137,20.512820512820547,False,5.36,False,False,False,False,False,True
352,000910,大亚圣象,C 制造业,腾讯前复权日K回退（成交额、换手率已提供）,False,2026-07-30,5.07,4.964,5.179,True,False,False,True,5.6,-9.464285714285703,False,41.53279765226778,-0.18278090483451503,-0.20257072955899402,0.039579649448957976,True,False,False,False,2026-07-29,1.0,8.47333852839544,7.02786163083939,11.36429232350754,False,False,2026-07-29,1.0,True,52246.0,63877.2,0.817913120800536,False,26698700.0,0.95,28.103894736842108,0.3960396039603964,2.772277227722766,-2.104653407993821,71.42857142857135,28.571428571428665,False,7.49,False,True,False,False,True,False
353,000911,*ST广糖,C 制造业,腾讯前复权日K回退（成交额、换手率已提供）,False,2026-07-30,4.11,4.1,4.06,True,True,True,True,4.38,-6.1643835616438265,False,47.078405604688506,-0.10312425702676187,-0.1658327825798782,0.1254170511062327,True,False,False,False,2026-07-03,19.0,18.089405548019613,16.29592036752945,21.676375908999937,False,False,2026-07-27,3.0,True,29937.0,29270.8,1.0227598835699743,False,12454100.0,0.75,16.60546666666667,-1.9093078758949944,3.102625298329374,1.2315270935960767,30.76923076923061,7.692307692308166,False,6.52,False,False,False,False,True,False
354,000912,泸天化,C 制造业,腾讯前复权日K回退（成交额、换手率已提供）,False,2026-07-30,3.61,3.56,3.4560000000000004,True,True,True,False,3.68,-1.902173913043486,False,54.85354839430204,0.00808882112955045,-0.028659997960726824,0.07349763818055455,True,False,False,False,,,14.313509084543972,12.195637236689402,18.54925278025311,False,False,,,False,206366.0,214242.0,0.963237833851439,False,75143400.0,1.32,56.92681818181818,-0.8241758241758323,3.021978021978031,4.456018518518503,63.63636363636371,18.181818181818148,False,4.88,False,False,False,False,True,False
355,000913,钱江摩托,C 制造业,腾讯前复权日K回退（成交额、换手率已提供）,False,2026-07-30,12.16,11.214,10.7745,True,True,True,True,11.4,6.666666666666665,True,69.67357545431604,0.0963512082408382,-0.06993827179646885,0.33257896007461407,True,False,False,False,2026-07-08,16.0,23.321613411747865,17.47953582810459,35.00576857903442,False,False,2026-07-27,3.0,True,141321.0,51488.2,2.744725976048881,True,168751800.0,2.72,62.04110294117646,7.042253521126773,9.242957746478881,12.859065385864776,13.333333333333378,86.66666666666663,True,13.04,False,False,False,False,True,False
356,000915,华特达因,C 制造业,腾讯前复权日K回退（成交额、换手率已提供）,False,2026-07-30,25.79,25.227999999999998,25.1935,True,True,True,True,26.3,-1.9391634980988652,False,54.717982357707605,-0.028412708442562717,-0.08874291768992495,0.12066041849472448,True,False,False,False,2026-07-29,1.0,21.018204323775944,18.038949777059425,26.976713417208977,False,False,2026-07-29,1.0,True,36089.0,22215.2,1.6245183477979042,False,93315200.0,1.54,60.59428571428572,1.0579937304075138,2.8996865203761835,2.3676742016790002,41.89189189189209,58.10810810810791,False,27.57,False,False,False,False,True,False
357,000917,电广传媒,I 信息技术,腾讯前复权日K回退（成交额、换手率已提供）,False,2026-07-30,6.81,6.611999999999999,6.5515,True,True,True,True,7.0,-2.7142857142857197,False,51.5933721972466,-0.11325244351576558,-0.18924699586677496,0.15198910470201876,True,False,False,False,2026-07-09,15.0,12.969907492682585,10.4410329106421,18.027656656763554,False,False,2026-07-27,3.0,True,310896.0,234721.0,1.3245342342611015,False,213888200.0,2.19,97.66584474885845,0.4424778761061843,3.982300884955746,3.94566129893917,74.07407407407426,25.925925925925743,False,9.06,False,False,False,False,True,False
358,000919,金陵药业,C 制造业,腾讯前复权日K回退（成交额、换手率已提供）,False,2026-07-30,6.19,6.154000000000001,6.1875,True,True,False,False,6.57,-5.783866057838659,False,50.17132315663748,-0.003131238603137021,-0.008205703438873878,0.010148929671473714,True,False,False,False,2026-07-29,1.0,12.757785390260617,12.512599706204993,13.248156758371866,False,False,2026-07-29,1.0,True,109666.0,106611.8,1.0286478607433698,False,68280300.0,1.76,38.795625,-0.9599999999999942,2.719999999999999,0.04040404040404672,52.94117647058817,29.41176470588278,False,7.27,False,False,False,False,True,False
359,000920,沃顿科技,C 制造业,腾讯前复权日K回退（成交额、换手率已提供）,False,2026-07-30,10.5,11.346,12.373999999999999,False,False,False,False,15.36,-31.640625,False,36.33894744112544,-0.5751666896517715,-0.32661030504970856,-0.49711276920412595,False,True,False,False,,,12.716914530451513,20.779488648388735,-3.40823370542293,False,False,,,False,198727.0,162638.6,1.2218932037044097,False,213648200.0,4.2,50.86861904761905,-6.666666666666665,6.933333333333344,-15.144658154194271,6.410256410256491,7.692307692307746,False,16.6,False,False,False,False,False,False
360,000921,海信家电,C 制造业,腾讯前复权日K回退（成交额、换手率已提供）,False,2026-07-30,27.15,25.808,25.6115,True,True,True,True,27.38,-0.8400292184075984,False,58.550103348871495,-0.016699310282817237,-0.17351754733985847,0.31363647411408246,True,False,False,False,2026-07-29,1.0,48.220330682363766,43.76443654464677,57.13211895779776,False,False,,,False,149512.0,159324.6,0.9384112685674403,False,402507000.0,1.62,248.4611111111111,2.491506228765572,4.001510003775005,6.007067137809184,16.037735849056784,83.96226415094321,True,31.8,False,False,False,False,False,False
361,000922,佳电股份,C 制造业,腾讯前复权日K回退（成交额、换手率已提供）,False,2026-07-30,10.83,10.6,11.377500000000001,True,False,False,False,14.15,-23.46289752650177,False,40.677955066784676,-0.6398314970429784,-0.6319105819632466,-0.01584183015946361,False,True,False,False,,,11.956538216460578,11.557749752845565,12.754115143690601,True,False,2026-07-30,0.0,True,126245.0,123218.8,1.0245595639626421,False,137157700.0,1.79,76.62441340782122,0.6505576208178487,3.717472118959095,-4.812129202373115,52.49999999999996,47.50000000000004,False,15.08,False,False,False,False,True,False
362,000923,河钢资源,B 采矿业,腾讯前复权日K回退（成交额、换手率已提供）,False,2026-07-30,14.74,14.574000000000002,13.5455,True,True,True,True,15.22,-3.153745072273327,False,59.14028338302103,0.2712521528273282,0.02241551474403599,0.49767327616658436,True,False,False,False,2026-07-03,19.0,35.521952781524114,29.310173689261564,47.94551096604922,False,False,,,False,138621.0,180779.8,0.7667947414478831,False,207027200.0,2.21,93.67746606334843,-1.7333333333333312,4.333333333333336,8.818426783802737,38.46153846153844,21.538461538461615,False,17.98,False,True,False,False,True,False
363,000925,众合科技,C 制造业,腾讯前复权日K回退（成交额、换手率已提供）,False,2026-07-30,6.81,6.866,7.5485,False,False,False,True,10.74,-36.59217877094972,False,37.75609059560633,-0.497596717080091,-0.4631968634296761,-0.06879970730082985,False,True,False,False,,,12.275881964896614,12.057237554798922,12.713170785092,False,False,2026-07-28,2.0,True,202515.0,251608.6,0.8048810732224574,False,139382900.0,3.02,46.15327814569536,-1.7316017316017285,3.7518037518037493,-9.783400675630922,0.0,7.692307692307534,False,11.83,False,False,False,False,True,False
364,000926,福星股份,K 房地产,腾讯前复权日K回退（成交额、换手率已提供）,False,2026-07-30,2.07,2.056,1.9869999999999997,True,True,True,True,2.15,-3.720930232558143,False,55.062207223767516,0.00335778024736344,-0.018330054485886413,0.043375669466499706,True,False,False,False,2026-07-14,12.0,23.375734761024223,19.92959715749333,30.268009968086012,False,False,,,False,263670.0,280667.0,0.9394406895003687,False,55508700.0,1.68,33.04089285714286,-1.8957345971563955,3.7914691943128,4.177151484650237,75.0,0.0,False,2.74,False,True,False,False,False,False
365,000927,中国铁物,L 商务服务,腾讯前复权日K回退（成交额、换手率已提供）,False,2026-07-30,2.53,2.472,2.412,True,True,True,True,2.52,0.39682539682538837,True,60.97883438759126,0.014409409768679105,-0.004387665804937026,0.03759415114723226,True,False,False,False,2026-07-02,20.0,20.776570212661873,18.5006763362567,25.32835796547222,False,False,,,False,426844.0,459027.6,0.9298874403194928,False,107732000.0,0.71,151.73521126760565,1.200000000000001,2.3999999999999844,4.89220563847429,33.333333333333584,66.66666666666642,False,2.86,False,False,False,False,False,False
366,000928,中钢国际,E 建筑业,腾讯前复权日K回退（成交额、换手率已提供）,False,2026-07-30,5.16,5.062,4.9845,True,True,True,True,5.16,0.0,False,51.073903433641156,-0.07545172992026306,-0.12922231163303832,0.10754116342555053,True,False,False,False,2026-07-14,12.0,13.23651231244005,11.474479101417579,16.760578734484994,False,False,,,False,172439.0,152251.6,1.1325923668454059,False,88687900.00000001,1.2,73.90658333333334,0.5847953216374213,1.7543859649122953,3.520914835991583,33.33333333333333,66.66666666666666,False,6.85,False,False,False,True,False,False
367,000929,兰州黄河,C 制造业,腾讯前复权日K回退（成交额、换手率已提供）,False,2026-07-30,8.08,7.872,8.287,True,False,False,True,9.36,-13.675213675213667,False,41.13967211923271,-0.4072760552303851,-0.44586234737439656,0.07717258428802287,True,False,False,False,2026-07-29,1.0,15.211555031343691,12.646630284890483,20.341404524250105,False,False,2026-07-23,5.0,True,47775.0,32508.0,1.4696382428940569,False,38938900.0,2.57,15.151322957198444,0.7481296758104827,7.231920199501247,-2.497888258718483,70.68965517241381,29.310344827586192,False,12.02,False,True,False,False,True,False
368,000930,中粮科技,C 制造业,腾讯前复权日K回退（成交额、换手率已提供）,False,2026-07-30,4.74,4.588,4.5295000000000005,True,True,True,True,4.73,0.21141649048625338,True,56.49878483115803,-0.021442796402754816,-0.06289486295994362,0.08290413311437761,True,False,False,False,2026-07-03,19.0,13.215084503632996,10.98711859477058,17.67101632135783,False,False,2026-07-27,3.0,True,195161.0,162454.0,1.2013308382680636,False,91877900.00000001,1.05,87.50276190476193,1.7167381974249052,2.7896995708154484,4.647312065349369,15.384615384615069,84.61538461538493,True,6.04,False,False,False,False,False,False
369,000931,中 关 村,C 制造业,腾讯前复权日K回退（成交额、换手率已提供）,False,2026-07-30,3.79,4.06,4.1770000000000005,False,False,False,False,4.53,-16.3355408388521,False,34.57892838780019,-0.05692575526713828,-0.03064724951981563,-0.0525570114946453,False,True,False,False,,,10.722376353266256,13.855413555806223,4.456301948186322,False,False,,,False,281151.0,56310.6,4.9928610243897245,False,109927099.99999999,3.74,29.39227272727272,-9.330143540669845,11.244019138755997,-9.265022743595893,12.7659574468086,6.3829787234043,False,4.76,False,False,False,False,True,False
370,000932,华菱钢铁,C 制造业,腾讯前复权日K回退（成交额、换手率已提供）,False,2026-07-30,3.98,3.8259999999999996,3.6555,True,True,True,True,3.96,0.5050505050505055,True,66.04345728142435,0.06009350911919409,0.01392014051528958,0.09234673720780902,True,False,False,False,,,30.22662860034191,23.965602247968672,42.74868130508839,False,False,,,False,1040969.0,1084300.6,0.9600372811746115,False,413330300.0,1.52,271.9278289473684,1.5306122448979664,3.0612244897959098,8.87703460538914,24.999999999999908,75.00000000000009,True,4.61,False,False,False,False,True,False
371,000933,神火股份,C 制造业,腾讯前复权日K回退（成交额、换手率已提供）,False,2026-07-30,26.36,25.508000000000003,24.172,True,True,True,True,26.84,-1.7883755588673638,False,57.81986888808627,0.3199015102479308,-0.04737886843926674,0.7345607573743951,True,False,False,False,2026-07-06,18.0,34.565341470827796,30.386538629953574,42.922947152576235,False,False,,,False,674340.0,643835.4,1.04737950103396,False,1784969500.0,3.0,594.9898333333333,2.3689320388349477,3.184466019417477,9.051795465828226,73.17073170731722,26.82926829268278,False,32.56,False,False,False,False,True,False
372,000935,四川双马,C 制造业,腾讯前复权日K回退（成交额、换手率已提供）,False,2026-07-30,21.4,22.266,24.794999999999998,False,False,False,False,28.13,-23.924635620334165,False,34.27298078500475,-1.2503353798536452,-0.93837341066908,-0.6239239383691304,False,True,False,False,,,6.509549684222347,9.714141478002091,0.10036609666286012,False,False,,,False,82596.0,66819.6,1.236104376560171,False,179319199.99999997,1.08,166.03629629629626,-4.888888888888898,8.577777777777776,-13.692276668683201,19.689119170984405,25.90673575129534,False,34.13,False,False,False,False,False,False
373,000936,华西股份,C 制造业,腾讯前复权日K回退（成交额、换手率已提供）,False,2026-07-30,5.06,4.922000000000001,4.982,True,True,False,True,5.51,-8.166969147005448,False,45.52785976286953,-0.19782179898354002,-0.2640574222501128,0.13247124653314557,True,False,False,False,,,7.275997517266866,5.256055009742672,11.315882532315253,False,False,2026-07-27,3.0,True,131110.0,125249.6,1.0467897701868907,False,66263900.0,1.48,44.77290540540541,0.5964214711729587,2.1868787276341837,1.5656362906463148,36.36363636363658,63.63636363636341,False,8.27,False,False,False,False,True,False
374,000937,冀中能源,B 采矿业,腾讯前复权日K回退（成交额、换手率已提供）,False,2026-07-30,4.75,4.7459999999999996,4.5255,True,True,True,False,4.98,-4.618473895582338,False,57.58395892739695,0.07778340816964135,0.03558522051921292,0.08439637530085686,True,False,False,False,2026-07-06,18.0,58.88592690334152,56.74638090976225,63.16501889050005,False,False,,,False,184858.0,281597.0,0.6564629594775513,False,88331100.0,0.49,180.26755102040818,-0.6276150627615107,2.3012552301255296,4.960777814606119,36.363636363636296,27.27272727272742,False,5.29,False,False,False,False,False,False
375,000938,紫光股份,C 制造业,腾讯前复权日K回退（成交额、换手率已提供）,False,2026-07-30,33.6,39.065999999999995,37.462,False,False,True,False,45.8,-26.637554585152827,False,45.38809225419964,2.2401581247446174,2.809731205922422,-1.1391461623556092,False,True,False,False,,,65.30565612157544,76.17458850414077,43.56779135644476,False,False,,,False,2539454.0,3987117.0,0.6369148434821451,False,8755283400.0,8.88,985.9553378378376,-9.991963568175722,6.295204929011524,-10.309113234744546,40.42553191489372,0.0,False,45.8,False,False,False,False,True,False
376,000948,南天信息,I 信息技术,腾讯前复权日K回退（成交额、换手率已提供）,False,2026-07-30,15.38,13.88,13.5255,True,True,True,True,15.48,-0.6459948320413413,False,64.12202374132616,0.3906213009918762,0.2584830694589501,0.2642764630658522,True,False,False,False,2026-07-28,2.0,61.59271568392006,50.22286817403742,84.33241070368534,False,False,,,False,559889.0,204757.4,2.7344017847462414,True,866775900.0,14.39,60.23460041695621,6.36237897648686,12.37897648686031,13.711138220398519,29.60893854748598,70.39106145251401,True,15.67,True,False,False,False,False,True
377,000949,新乡化纤,C 制造业,腾讯前复权日K回退（成交额、换手率已提供）,False,2026-07-30,5.89,5.786,5.6735,True,True,True,False,7.04,-16.33522727272728,False,48.917369015915554,-0.16701957805144652,-0.25600063333243456,0.17796211056197608,True,False,False,False,2026-07-22,6.0,19.784444136108366,17.49927682748118,24.354778753362744,False,False,2026-07-21,7.0,True,306349.0,499006.2,0.6139182238617475,False,180666500.0,1.85,97.65756756756755,-1.340033500837523,3.1825795644891186,3.815986604388824,42.10526315789469,47.368421052631405,False,8.89,False,False,False,False,True,False
378,000950,重药控股,F 批发零售,腾讯前复权日K回退（成交额、换手率已提供）,False,2026-07-30,5.44,5.343999999999999,5.3345,True,True,True,True,5.8,-6.206896551724128,False,53.649976799954956,0.007254704248118138,-0.01193536038744292,0.03838012927112212,True,False,False,False,,,22.964614898930233,21.795747390453638,25.30234991588342,False,False,,,False,235705.0,231697.0,1.0172984544469716,False,128041200.00000001,1.38,92.78347826086959,0.18416206261511192,2.5782688766114124,1.9776923797919232,42.85714285714268,57.14285714285733,False,6.97,False,True,False,False,True,False
379,000951,中国重汽,C 制造业,腾讯前复权日K回退（成交额、换手率已提供）,False,2026-07-30,23.71,22.676,21.878,True,True,True,True,23.65,0.2536997885835191,True,63.16272791923872,0.44429568450995305,0.21448278699603368,0.45962579502783873,True,False,False,False,2026-07-21,7.0,56.26923190913072,49.537811761140624,69.7320722051109,False,False,,,False,135801.0,103044.4,1.3178882112953252,False,318737600.0,1.16,274.77379310344827,2.06629358588033,4.132587171760642,8.373708748514492,17.70833333333319,82.29166666666681,True,23.65,True,False,False,False,True,False
380,000952,广济药业,C 制造业,腾讯前复权日K回退（成交额、换手率已提供）,False,2026-07-30,5.44,5.422,5.5135,True,False,False,True,6.04,-9.933774834437079,False,44.527665269745086,-0.15741682227411768,-0.19225374069096113,0.06967383683368689,True,False,False,False,2026-07-27,3.0,14.487336724683813,13.033125146872067,17.395759880307303,False,False,2026-07-27,3.0,True,77788.0,88124.8,0.8827027125167943,False,42875700.0,2.26,18.971548672566374,-1.270417422867498,4.174228675136108,-1.333091502675238,69.56521739130454,17.391304347826136,False,7.74,False,True,False,False,True,False
381,000953,中哲精化,C 制造业,腾讯前复权日K回退（成交额、换手率已提供）,False,2026-07-30,5.29,5.276000000000001,5.285,True,True,False,True,5.8,-8.79310344827586,False,46.56448740860916,-0.10658650567881534,-0.1480713386905161,0.08296966602340156,True,False,False,False,2026-07-02,20.0,14.201576428457303,12.500869540232651,17.602990204906607,False,False,2026-07-28,2.0,True,57978.0,68577.4,0.8454388763645166,False,31077300.0,1.58,19.669177215189872,-1.6728624535315983,3.531598513011143,0.09460737937558927,57.89473684210511,5.263157894736744,False,7.18,False,False,False,False,True,False
382,000955,欣龙控股,C 制造业,腾讯前复权日K回退（成交额、换手率已提供）,False,2026-07-30,3.79,3.752,4.002999999999999,True,False,False,True,4.91,-22.810590631364562,False,41.64046192305146,-0.18752457642911757,-0.1806864389470137,-0.013676274964207757,False,True,False,False,,,16.325019819841675,13.864211867840872,21.246635723843283,False,False,2026-07-27,3.0,True,118708.0,106259.2,1.1171550322230923,False,45648100.00000001,2.21,20.655248868778287,-1.813471502590669,5.699481865284979,-5.32100924306768,45.45454545454545,18.181818181818183,False,5.26,False,False,False,False,True,False
383,000957,中通客车,C 制造业,腾讯前复权日K回退（成交额、换手率已提供）,False,2026-07-30,10.59,10.13,9.743500000000001,True,True,True,True,10.47,1.1461318051575857,True,64.64544579187422,0.09089863242525276,-0.037778696020710836,0.25735465689192716,True,False,False,False,2026-07-15,11.0,36.223792084055354,30.551581860611474,47.56821253094311,False,False,,,False,153973.0,90794.4,1.6958424748662915,False,162464400.0,2.6,62.48630769230769,1.8269230769230704,3.4615384615384563,8.68784317750294,27.77777777777772,72.22222222222227,True,12.26,False,False,False,False,False,False
384,000958,电投产融,D 水电煤气,腾讯前复权日K回退（成交额、换手率已提供）,False,2026-07-30,5.42,5.388,5.42,True,False,False,False,5.71,-5.078809106830123,False,44.89876179621337,-0.09246733683416242,-0.11681799237978835,0.048701311091251864,True,False,False,False,2026-07-20,8.0,13.397615153498679,12.377437622264486,15.437970215967066,False,False,2026-07-28,2.0,True,151144.0,160537.0,0.94149012377209,False,82158300.0,0.28,293.42249999999996,-0.18416206261510082,1.4732965009208117,0.0,75.00000000000055,24.999999999999446,False,6.64,False,True,False,False,True,False
385,000959,首钢股份,C 制造业,腾讯前复权日K回退（成交额、换手率已提供）,False,2026-07-30,3.89,3.8600000000000003,3.6655,True,True,True,True,4.05,-3.9506172839506104,False,61.25708040350473,0.10572032117137642,0.07598503434771745,0.05947057364731795,True,False,False,False,,,32.09399453299824,29.31524955124588,37.65148449650295,False,False,,,False,417016.0,452482.0,0.921618981528547,False,163743000.0,0.56,292.3982142857143,-0.7653061224489721,4.33673469387755,6.124676033283315,64.70588235294113,35.29411764705887,False,4.65,False,False,False,False,True,False
386,000960,锡业股份,C 制造业,腾讯前复权日K回退（成交额、换手率已提供）,False,2026-07-30,31.46,31.57,33.831,False,False,False,False,43.2,-27.17592592592593,False,41.87016183991511,-2.1376868809103016,-2.121030712047005,-0.03331233772659292,False,True,False,False,,,19.196075002455064,19.06452770444994,19.459169598465316,False,False,,,False,485576.0,464922.2,1.0444242068888085,False,1533408800.0,2.95,519.7995932203389,-1.6874999999999973,6.875000000000009,-7.0083651089237735,32.727272727272634,40.000000000000064,False,48.77,False,False,False,False,False,False
387,000962,东方钽业,C 制造业,腾讯前复权日K回退（成交额、换手率已提供）,False,2026-07-30,41.05,46.36800000000001,56.1195,False,False,False,False,91.49,-55.13170838342988,False,31.985024026387805,-5.920785797697832,-4.275242238023813,-3.291087119348038,False,True,False,False,,,10.00748253748532,15.405745006560911,-0.7890424006658634,False,False,,,False,254032.0,204900.0,1.2397852611029772,False,1074522300.0,5.05,212.77669306930696,-9.401898035753709,11.189582873537852,-26.852520068781804,18.540433925049406,5.325443786982169,False,96.24,False,True,False,False,False,False
388,000963,华东医药,F 批发零售,腾讯前复权日K回退（成交额、换手率已提供）,False,2026-07-30,29.49,29.016000000000002,29.896500000000003,True,False,False,False,32.5,-9.261538461538468,False,49.253969838151946,0.03017668805432905,0.18909444655397403,-0.31783551699928997,False,True,False,False,,,34.27853657997709,36.20463549513604,30.426338749659195,False,False,,,False,182778.0,202576.0,0.9022687781375879,False,538257600.0,1.04,517.5553846153846,0.8205128205128087,2.5299145299145365,-1.3596909337213545,48.64864864864892,51.351351351351084,False,33.52,False,False,False,False,True,False
389,000965,天保基建,K 房地产,腾讯前复权日K回退（成交额、换手率已提供）,False,2026-07-30,3.12,3.078,3.05,True,True,True,True,3.18,-1.8867924528301903,False,52.04577177198339,-0.01677580080587049,-0.036771280985441995,0.03999096035914301,True,False,False,False,2026-07-08,16.0,16.044445380785863,14.536521594103933,19.060292954149727,False,False,2026-07-28,2.0,True,137047.0,107454.0,1.275401567182236,False,42986500.0,1.23,34.94837398373984,-0.31948881789136685,2.8753993610223736,2.2950819672131244,66.6666666666665,33.3333333333335,False,3.79,False,False,False,False,True,False
390,000966,长源电力,D 水电煤气,腾讯前复权日K回退（成交额、换手率已提供）,False,2026-07-30,4.27,4.266,4.095000000000001,True,True,True,False,4.51,-5.321507760532156,False,50.82652135895322,-0.008941216616991987,-0.05885373406289365,0.09982503489180333,True,False,False,False,2026-07-14,12.0,26.739654955928035,26.119119605230242,27.980725657323624,False,False,,,False,462813.0,684007.2,0.6766200706659229,False,198274800.0,1.33,149.0787969924812,-0.9280742459396807,2.32018561484918,4.273504273504247,30.000000000000355,29.999999999999467,False,5.81,False,False,False,False,False,False
391,000967,盈峰环境,C 制造业,腾讯前复权日K回退（成交额、换手率已提供）,False,2026-07-30,7.14,7.256,8.098,False,False,False,False,10.72,-33.3955223880597,False,34.791084866505386,-0.7881387449713433,-0.8199535833379363,0.06362967673318609,True,False,False,False,2026-07-29,1.0,7.165026163183605,6.733623792937131,8.027830903676556,False,False,2026-07-27,3.0,True,957445.0,822787.2,1.1636605430906073,False,699079100.0,2.85,245.29091228070175,-4.9267643142476665,7.057256990679098,-11.830081501605347,26.41509433962257,7.5471698113207575,False,16.96,False,False,False,False,True,False
392,000968,蓝焰控股,B 采矿业,腾讯前复权日K回退（成交额、换手率已提供）,False,2026-07-30,6.98,6.802,6.6515,True,True,True,False,7.43,-6.056527590847905,False,53.71849535201581,0.03365821879952691,-0.019922006876952506,0.10716045135295882,True,False,False,False,2026-07-03,19.0,15.487541911781511,15.089186707242446,16.28425232085964,True,False,2026-07-30,0.0,True,507806.0,537575.0,0.9446235409012695,False,354078600.0,5.25,67.44354285714286,1.7492711370262315,4.810495626822158,4.938735623543562,51.51515151515148,48.48484848484852,False,8.9,False,True,False,False,True,False
393,000969,安泰科技,C 制造业,腾讯前复权日K回退（成交额、换手率已提供）,False,2026-07-30,15.37,15.663999999999998,17.88,False,False,False,False,25.97,-40.816326530612244,False,30.16065415964559,-1.9222898497886014,-1.8649457253887882,-0.11468824879962636,False,True,False,False,,,7.127832321396807,7.5685538226026745,6.246389318985072,False,True,,,False,285340.0,231599.2,1.2320422523048438,False,445455800.0,2.74,162.57510948905107,-3.696741854636598,5.012531328320806,-14.038031319910512,23.75000000000014,14.999999999999888,False,27.62,False,True,False,False,True,False
394,000970,中科三环,C 制造业,腾讯前复权日K回退（成交额、换手率已提供）,False,2026-07-30,12.19,12.898,14.281,False,False,False,False,17.13,-28.83829538820782,False,40.11869348796002,-0.44690024601829315,-0.1782060907017051,-0.537388310633176,False,True,False,False,,,32.2066908811994,37.49227316388582,21.635526315826567,False,False,,,False,602622.0,549679.8,1.096314618074013,False,756975100.0,4.96,152.61594758064516,-5.209953343701401,7.38724727838259,-14.641831804495489,24.21052631578949,1.0526315789473448,False,17.13,False,False,False,False,False,False
395,000972,中基健康,C 制造业,腾讯前复权日K回退（成交额、换手率已提供）,False,2026-07-30,3.24,3.314,3.46,False,False,False,False,3.76,-13.829787234042543,False,35.11655033685675,-0.06213030399386632,-0.04358999154917786,-0.037080624889376926,False,True,False,False,,,25.03948710686488,29.25297545514566,16.612510410303315,False,False,,,False,90662.0,100575.2,0.9014349461895179,False,29813800.0,1.18,25.26593220338983,-2.409638554216853,4.216867469879522,-6.3583815028901665,28.57142857142857,7.142857142857302,False,3.98,False,True,True,False,True,False
396,000973,佛塑科技,C 制造业,腾讯前复权日K回退（成交额、换手率已提供）,False,2026-07-30,12.2,12.218,12.293,False,False,False,True,15.25,-20.000000000000004,False,44.53000318084001,-0.5992995848356575,-0.7608432799440524,0.3230873902167899,True,False,False,False,2026-07-24,4.0,11.206380495889407,9.760779463826497,14.09758256001523,False,False,2026-07-23,5.0,True,313277.0,437881.2,0.7154383426372267,False,387266500.0,3.24,119.52669753086418,-1.4539579967689953,3.1502423263327994,-0.7565281054258519,79.48717948717949,5.128205128205011,False,21.45,False,False,False,False,True,False
397,000975,山金国际,B 采矿业,腾讯前复权日K回退（成交额、换手率已提供）,False,2026-07-30,23.17,22.36,20.5775,True,True,True,True,23.66,-2.0710059171597566,False,62.19384129849088,0.5786984821183161,0.12356176886845896,0.9102734264997143,True,False,False,False,2026-07-03,19.0,38.04751454444429,33.871939311288024,46.39866501075683,False,False,,,False,957854.0,789882.8,1.2126533202140874,False,2242544300.0,3.8,590.1432368421052,3.207126948775074,5.968819599109131,12.598712185639659,76.1194029850746,23.8805970149254,False,29.41,False,False,False,False,True,False
398,000977,浪潮信息,C 制造业,腾讯前复权日K回退（成交额、换手率已提供）,False,2026-07-30,69.08,78.836,81.04499999999999,False,False,False,False,96.37,-28.31794126802947,False,40.33054392136668,2.105170870533698,4.038028194937454,-3.865714648807513,False,True,False,False,,,52.97369644468384,64.52089242563699,29.879304482777542,False,False,,,False,916212.0,1078823.0,0.8492699914629184,False,6495033100.000001,6.25,1039.205296,-7.819589004536964,8.967173738991193,-14.763403047689543,23.66071428571434,13.392857142857018,False,96.37,False,False,False,False,False,False
399,000978,桂林旅游,N 公共环保,腾讯前复权日K回退（成交额、换手率已提供）,False,2026-07-30,5.84,5.728,5.5225,True,True,True,True,5.9,-1.0169491525423813,False,57.20784336747894,0.0054710355563170054,-0.0693483756423144,0.1496388223972628,True,False,False,False,2026-07-03,19.0,18.642179444996213,16.248100906891896,23.430336521204843,False,False,,,False,157498.0,113281.2,1.3903277860757126,False,92778200.0,3.36,27.612559523809523,0.6896551724137945,4.1379310344827624,5.749207786328654,66.66666666666666,33.33333333333333,False,6.88,False,False,False,False,True,False
400,000980,众泰汽车,C 制造业,腾讯前复权日K回退（成交额、换手率已提供）,False,2026-07-30,1.65,1.6039999999999999,1.6635000000000002,True,False,False,True,2.09,-21.052631578947366,False,41.03319852611832,-0.13340816957332247,-0.16335976828075047,0.059903197414856,True,False,False,False,2026-07-24,4.0,13.259357321517783,10.912630869853606,17.952810224846136,False,False,2026-07-21,7.0,True,1491884.0,1302373.2,1.1455119008898524,False,248745000.0,2.96,84.03547297297297,0.6097560975609762,6.097560975609748,-0.8115419296663835,70.00000000000016,29.999999999999844,False,2.99,False,True,False,False,True,False
401,000981,山子高科,C 制造业,腾讯前复权日K回退（成交额、换手率已提供）,False,2026-07-30,2.56,2.518,2.585,True,False,False,True,3.04,-15.789473684210526,False,40.34614447446558,-0.15270652796725814,-0.19001983950083576,0.07462662306715523,True,False,False,False,2026-07-21,7.0,9.22487122905519,7.705231516056358,12.264150655052852,False,False,2026-07-21,7.0,True,2380175.0,1824572.6,1.3045109852027812,False,616085900.0,2.5,246.43436,-0.38910505836574627,4.280155642023342,-0.9671179883945807,81.81818181818178,18.18181818181822,False,4.58,False,True,True,False,True,False
402,000983,山西焦煤,B 采矿业,腾讯前复权日K回退（成交额、换手率已提供）,False,2026-07-30,6.52,6.392,6.2475000000000005,True,True,True,False,6.59,-1.0622154779969695,False,55.25804005643521,0.013048258618016284,-0.042682035985071407,0.11146058920617538,True,False,False,False,2026-07-10,14.0,33.16995977156011,30.460762279320132,38.588354756040054,False,False,,,False,704160.0,631837.8,1.1144632372422163,False,459953500.0,1.24,370.9302419354839,0.3076923076922977,1.9999999999999982,4.3617446978791365,53.84615384615411,46.15384615384589,False,7.98,False,True,False,True,True,False
403,000985,大庆华科,C 制造业,腾讯前复权日K回退（成交额、换手率已提供）,False,2026-07-30,14.14,14.052000000000001,14.278500000000003,True,False,False,False,15.17,-6.789716545814102,False,43.18672093100525,-0.39755954363258894,-0.4894699252135491,0.1838207631619203,True,False,False,False,2026-07-03,19.0,10.471236579934683,9.073614592177995,13.266480555448059,False,False,2026-07-23,5.0,True,18668.0,16378.2,1.1398077932861974,False,26502900.0,1.44,18.404791666666668,-0.7022471910112293,4.35393258426967,-0.969989844871676,38.70967741935481,43.54838709677434,False,20.3,False,True,False,False,True,False
404,000987,越秀资本,J 金融业,腾讯前复权日K回退（成交额、换手率已提供）,False,2026-07-30,7.79,7.656000000000001,7.7765,True,True,False,True,8.43,-7.591933570581253,False,50.790534122173334,-0.054426470073738464,-0.06267798968148286,0.01650303921548879,True,False,True,False,,,30.870543108421405,28.84018421355151,34.9312608981612,False,False,,,False,364145.0,323250.6,1.126509896656031,False,283719000.0,0.73,388.65616438356165,0.3865979381443285,2.5773195876288684,0.17359994856297334,44.99999999999989,55.000000000000114,False,9.11,False,False,False,False,True,False
405,000988,华工科技,C 制造业,腾讯前复权日K回退（成交额、换手率已提供）,False,2026-07-30,91.1,102.37800000000001,129.2865,False,False,False,False,168.98,-46.088294472718665,False,28.18347756295384,-15.59722185706788,-11.823514233977566,-7.547415246180627,False,True,False,False,,,8.28115559079333,14.813555727285928,-4.783644682191866,False,False,,,False,735040.0,479039.6,1.5344034188405302,False,6868311600.0,7.31,939.5775102599179,-9.136245761021355,9.545182525433866,-29.536339834398795,18.70428422152553,9.090909090908998,False,187.66,False,True,False,False,False,False
406,000989,九芝堂,C 制造业,腾讯前复权日K回退（成交额、换手率已提供）,False,2026-07-30,8.85,8.972,8.878499999999999,False,False,True,False,10.32,-14.244186046511635,False,51.372742793545335,0.18929157737350444,0.22138512796736987,-0.06418710118773086,False,True,False,False,,,54.13293591743521,56.142629703295256,50.11354834571512,False,False,,,False,404758.0,370186.0,1.0933908899850346,False,365146700.0,5.83,62.63236706689537,-1.7758046614872347,4.217536071032195,-0.32100016894744954,63.15789473684204,2.6315789473683595,False,10.32,False,False,False,False,False,False
407,000990,诚志股份,C 制造业,腾讯前复权日K回退（成交额、换手率已提供）,False,2026-07-30,6.5,6.384,6.420999999999999,True,True,False,False,6.91,-5.933429811866862,False,51.06481786763557,-0.012738993292797929,-0.02610195723998643,0.026725927894377,True,False,False,False,,,18.891821209472752,18.778271350862436,19.118920926693384,True,False,2026-07-30,0.0,True,430593.0,441762.6,0.9747158315348561,False,279862400.0,2.53,110.61754940711464,0.15408320493066618,4.006163328197223,1.2303379535897934,50.0,50.0,False,9.06,False,True,False,False,True,False
408,000993,闽东电力,D 水电煤气,腾讯前复权日K回退（成交额、换手率已提供）,False,2026-07-30,10.01,9.895999999999999,9.7865,True,True,True,False,10.63,-5.832549388523057,False,47.0783654924808,-0.22652457339908239,-0.3507707343818709,0.24849232196557702,True,False,False,False,2026-07-10,14.0,11.980421709466071,11.814604849565896,12.312055429266422,False,False,2026-07-29,1.0,True,115664.0,127659.2,0.9060373243761515,False,116645800.0,2.53,46.10505928853755,-0.09980039920159944,3.093812375249506,2.2837582383896144,48.38709677419358,29.032258064516036,False,15.27,False,False,False,False,False,False
409,000995,皇台酒业,C 制造业,腾讯前复权日K回退（成交额、换手率已提供）,False,2026-07-30,10.45,9.888,9.7345,True,True,True,True,10.44,0.09578544061302478,True,55.23723122135858,-0.1918117561372874,-0.3648723399839525,0.34612116769333023,True,False,False,False,2026-07-02,20.0,16.82344119068489,12.488887254091239,25.49254906387219,False,False,2026-07-27,3.0,True,289762.0,124204.4,2.332944726595837,True,306518300.0,16.33,18.77025719534599,2.9556650246305383,10.837438423645317,7.350146386563241,63.636363636363754,36.363636363636246,False,15.5,False,False,False,False,True,False
410,000997,新 大 陆,I 信息技术,腾讯前复权日K回退（成交额、换手率已提供）,False,2026-07-30,18.47,17.145999999999997,16.6275,True,True,True,True,18.28,1.0393873085339043,True,59.93864404077625,-0.036352417097287315,-0.3259122311181858,0.579119628041797,True,False,False,False,2026-07-03,19.0,22.74031105587392,18.402656012671233,31.4156211422793,False,False,2026-07-28,2.0,True,438873.0,207401.2,2.1160581520261212,True,812634200.0,4.36,186.38399082568804,4.883588869960254,8.233957978421348,11.081040445045842,33.79310344827602,66.20689655172399,False,25.53,False,False,False,False,False,False
411,000998,隆平高科,A 农林牧渔,腾讯前复权日K回退（成交额、换手率已提供）,False,2026-07-30,8.43,8.206,8.029,True,True,True,True,8.36,0.8373205741626829,True,63.12907137536443,0.062325861682166916,0.006816160436960619,0.11101940249041259,True,False,False,False,2026-07-02,20.0,28.60635591675388,25.05011079146136,35.71884616733892,False,False,,,False,179298.0,142264.0,1.260318843839622,False,150379500.0,1.36,110.57316176470587,1.93470374848852,2.4183796856106325,4.994395316975959,9.999999999999822,90.00000000000018,True,9.23,False,False,False,True,False,False
412,000999,华润三九,C 制造业,腾讯前复权日K回退（成交额、换手率已提供）,False,2026-07-30,25.92,25.214,24.7745,True,True,True,True,26.0,-0.30769230769230116,False,62.626421150683214,0.3718213217698434,0.28893941206748935,0.16576381940470808,True,False,False,False,2026-07-02,20.0,49.72494176349003,45.734250101104,57.70632508826209,False,False,,,False,201877.0,107593.0,1.8763023616778043,True,521476400.0,1.21,430.97223140495873,1.7667844522968323,2.7483313702394945,4.623705826555539,11.428571428571196,88.5714285714288,True,26.0,True,False,False,False,True,False
413,001201,东瑞股份,A 农林牧渔,腾讯前复权日K回退（成交额、换手率已提供）,False,2026-07-30,11.2,11.146,11.459,True,False,False,False,12.06,-7.131011608623558,False,46.047807180197246,-0.07441302667917427,-0.043764812704997325,-0.06129642794835388,False,True,False,False,,,21.841029845331104,20.91603142305846,23.691026689876388,True,False,,,False,36047.0,19750.2,1.8251460744701318,True,40685200.0,1.7,23.932470588235294,-0.5328596802841923,3.2859680284191914,-2.2602321319486895,59.459459459459474,27.027027027026858,False,13.66,False,True,False,False,True,False
414,001202,炬申股份,G 运输仓储,腾讯前复权日K回退（成交额、换手率已提供）,False,2026-07-30,12.18,12.709999999999999,13.7095,False,False,False,False,15.32,-20.49608355091384,False,36.92891611670801,-0.46986365774973926,-0.3180389933601883,-0.3036493287791019,False,True,False,False,,,7.5859185482929234,14.46449553085077,-6.171235416822771,False,False,,,False,30707.0,66513.2,0.46166775918163616,False,37599500.0,2.63,14.29638783269962,-1.1363636363636465,1.5422077922077881,-11.156497319377078,52.631578947368375,15.78947368421023,False,17.55,False,True,False,False,False,False
415,001203,大中矿业,B 采矿业,腾讯前复权日K回退（成交额、换手率已提供）,False,2026-07-30,25.97,26.48,27.735500000000002,False,False,False,False,33.95,-23.50515463917527,False,36.669105809887895,-1.9488452916056467,-2.2358948241227505,0.5740990650342077,True,False,False,False,2026-07-23,5.0,7.983996984075783,7.4988635129917425,8.954263926243863,False,False,2026-07-22,6.0,True,134017.0,179808.6,0.7453314246370863,False,351998500.0,1.03,341.74611650485434,-2.9521674140508325,5.08221225710016,-6.365488273151747,20.588235294117684,23.529411764705852,False,53.3,False,False,False,False,True,False
416,001205,盛航股份,G 运输仓储,腾讯前复权日K回退（成交额、换手率已提供）,False,2026-07-30,13.38,12.830000000000002,13.031,True,True,False,True,14.1,-5.1063829787233965,False,53.65356628728737,-0.26041636927705625,-0.34118629361463404,0.16153984867515558,True,False,False,False,2026-07-29,1.0,23.790862239983564,15.450065828136703,40.47245506367729,False,False,2026-07-27,3.0,True,66524.0,23642.8,2.8137107280017597,True,91091400.0,4.0,22.77285,0.9049773755656076,5.882352941176466,2.6782288389225704,78.20512820512819,21.794871794871803,False,15.57,False,False,False,False,True,False
417,001206,依依股份,C 制造业,腾讯前复权日K回退（成交额、换手率已提供）,False,2026-07-30,15.22,16.294,19.393,False,False,False,False,25.6,-40.546875,False,35.08750243160233,-0.6159807844947061,0.11348345506928635,-1.4589284791279848,False,True,False,False,,,12.620688200020716,26.62217689432856,-15.382289188594974,False,False,,,False,114449.0,124418.6,0.9198705016774019,False,182615000.0,10.71,17.050887021475255,-6.968215158924195,8.31295843520781,-21.518073531686692,27.941176470588207,0.0,False,25.6,False,True,False,False,False,False
418,001207,联科科技,C 制造业,腾讯前复权日K回退（成交额、换手率已提供）,False,2026-07-30,14.87,14.559999999999999,14.911000000000001,True,False,False,True,16.56,-10.205314009661834,False,44.97898449882821,-0.525064091308554,-0.6402785660986734,0.23042894958023874,True,False,False,False,2026-07-08,16.0,7.770147956006201,6.272367746808727,10.765708374401148,False,False,2026-07-29,1.0,True,34231.0,24787.6,1.3809727444367346,False,51241800.0,1.17,43.796410256410255,0.3373819163292824,3.7786774628879924,-0.2749647910938377,69.64285714285718,30.357142857142815,False,21.9,False,True,False,False,True,False
419,001208,华菱线缆,C 制造业,腾讯前复权日K回退（成交额、换手率已提供）,False,2026-07-30,13.16,13.662,13.767,False,False,False,False,16.07,-18.108276291225884,False,42.88001010300285,-0.4674129552441215,-0.5871915607965912,0.23955721110493933,True,False,False,False,2026-07-24,4.0,16.75516134221265,15.405490910151277,19.454502206335395,False,False,2026-07-23,5.0,True,190391.0,280698.6,0.6782755596216014,False,255858000.0,5.97,42.857286432160805,-5.187319884726227,5.1152737752161315,-4.409094210793922,8.450704225351943,1.4084507042253238,False,20.78,False,True,False,False,True,False
420,001209,洪兴股份,C 制造业,腾讯前复权日K回退（成交额、换手率已提供）,False,2026-07-30,15.6,15.276000000000002,15.7005,True,False,False,True,17.23,-9.460243760882186,False,43.75430756781594,-0.6270817969344016,-0.7647179850946074,0.2752723763204117,True,False,False,False,2026-07-27,3.0,13.383885364276134,10.76927991738359,18.613096258061223,False,False,2026-07-27,3.0,True,17492.0,16676.6,1.0488948586642362,False,27388500.0,1.82,15.048626373626373,0.0,3.782051282051281,-0.6401070029616908,52.54237288135602,47.45762711864397,False,23.04,False,True,False,False,True,False
421,001210,金房能源,D 水电煤气,腾讯前复权日K回退（成交额、换手率已提供）,False,2026-07-30,16.94,17.564,19.068,False,False,False,False,24.15,-29.855072463768106,False,34.09990083821343,-1.179227744111916,-1.0287001808688536,-0.301055126486125,False,True,False,False,,,30.418606172346017,33.14606790022405,24.963682716589958,False,False,,,False,46996.0,42785.4,1.0984120751471296,False,81341400.0,3.52,23.108352272727274,-3.6405005688281977,5.631399317406155,-11.160058737151248,39.39393939393937,8.08080808080825,False,26.93,False,False,False,False,False,False
422,001211,双枪科技,C 制造业,腾讯前复权日K回退（成交额、换手率已提供）,False,2026-07-30,18.37,18.668,20.1345,False,False,False,False,24.68,-25.567260940032412,False,31.431823319496516,-2.3313357537065187,-2.6113105020001726,0.5599494965873077,True,False,False,False,2026-07-23,5.0,3.7767510457075666,4.390032898357188,2.550187340408323,False,False,,,False,30089.0,44194.0,0.6808390279223424,False,55924600.0,3.22,17.367888198757765,-2.3391812865496964,5.688463583200427,-8.763565025205484,27.10280373831767,27.102803738318006,False,44.4,False,True,False,False,False,False
423,001212,中旗新材,C 制造业,腾讯前复权日K回退（成交额、换手率已提供）,False,2026-07-30,31.15,33.544,36.0505,False,False,False,False,47.26,-34.088023698688104,False,29.37294034959099,-3.5538696088771644,-3.7695842646793345,0.43142931160434017,True,False,False,False,2026-07-27,3.0,14.89895739034534,14.83431530036286,15.0282415703103,False,False,2026-07-21,7.0,True,54475.0,52405.6,1.039488146304975,False,174210000.0,3.13,55.658146964856236,-6.343956704750453,6.7047504509921945,-13.593431436457196,19.730941704036056,0.0,False,60.29,False,False,False,False,False,False
424,001213,中铁特货,G 运输仓储,腾讯前复权日K回退（成交额、换手率已提供）,False,2026-07-30,3.58,3.524,3.508,True,True,True,True,3.63,-1.3774104683195545,False,55.40653970687604,-0.003937574840270575,-0.017508802381126704,0.027142455081712258,True,False,False,False,2026-07-02,20.0,23.377816172175553,21.342381959731057,27.448684597064542,False,False,,,False,81552.0,70764.2,1.1524471413511352,False,29135500.0,0.18,161.86388888888888,0.561797752808979,1.6853932584269677,2.0524515393386564,33.33333333333333,66.66666666666666,False,4.0,False,False,False,False,False,False
425,001215,千味央厨,C 制造业,腾讯前复权日K回退（成交额、换手率已提供）,False,2026-07-30,30.55,30.898000000000003,33.054,False,False,False,True,39.85,-23.337515683814306,False,38.898502859446126,-2.090543946593524,-2.127365222856888,0.07364255252672791,True,False,True,False,,,13.44850269349987,12.218265206306507,15.9089776678866,False,False,2026-07-24,4.0,True,22923.0,27493.4,0.833763739661155,False,71724300.0,2.37,30.263417721518984,-3.688524590163933,5.359394703657007,-7.575482543716347,10.588235294117613,2.941176470588272,False,49.8,False,False,False,False,True,False
426,001216,华瓷股份,C 制造业,腾讯前复权日K回退（成交额、换手率已提供）,False,2026-07-30,13.37,13.374,13.687999999999999,False,False,False,False,14.86,-10.02691790040377,False,39.16264571529641,-0.4913308231960478,-0.5598429655238835,0.1370242846556713,True,False,False,False,2026-07-21,7.0,6.621676907655729,5.985862066413977,7.893306590139234,False,False,2026-07-27,3.0,True,30559.0,24171.0,1.2642836456911175,False,41257500.0,1.24,33.27217741935484,-1.1825572801182571,3.4737620103473676,-2.3232028053769698,59.57446808510639,29.787234042553006,False,19.0,False,False,False,False,True,False
427,001217,华尔泰,C 制造业,腾讯前复权日K回退（成交额、换手率已提供）,False,2026-07-30,9.91,9.330000000000002,8.796000000000001,True,True,True,True,9.79,1.2257405515832585,True,67.39111715069814,0.045886368815011735,-0.1557780236225517,0.40332878487512686,True,False,False,False,,,28.431821836581502,18.723219469658634,47.849026570427235,False,False,2026-07-23,5.0,True,82514.0,54014.6,1.5276240127669185,False,82443300.0,2.51,32.84593625498008,1.5368852459016535,4.713114754098351,12.664847658026362,58.69565217391307,41.30434782608693,False,12.03,False,False,False,False,True,False
428,001218,丽臣实业,C 制造业,腾讯前复权日K回退（成交额、换手率已提供）,False,2026-07-30,21.46,21.256,22.4985,True,False,False,True,26.25,-18.247619047619043,False,43.17756574108353,-0.7359861442362146,-0.6892102087773959,-0.09355187091763728,False,True,False,False,,,15.21630399809393,14.45781367913306,16.733284636015668,False,False,2026-07-29,1.0,True,18331.0,19372.4,0.9462431087526584,False,39504800.0,1.53,25.82013071895425,-1.1059907834101268,3.0875576036866277,-4.615863279774203,52.23880597014908,37.313432835821,False,28.73,False,False,False,False,False,False
429,001219,青岛食品,C 制造业,腾讯前复权日K回退（成交额、换手率已提供）,False,2026-07-30,12.41,12.05,12.047,True,True,True,True,12.62,-1.664025356576855,False,54.93594755973929,-0.09580130850782709,-0.18263893327506134,0.1736752495344685,True,False,False,False,2026-07-03,19.0,20.183170376532843,17.016258744030566,26.516993641537397,False,False,,,False,36264.0,22692.6,1.5980539911689273,False,45184100.0,1.91,23.656596858638743,0.0,2.7397260273972592,3.013198306632353,55.88235294117635,44.11764705882365,False,15.82,False,False,False,False,True,False
431,001221,悍高集团,C 制造业,腾讯前复权日K回退（成交额、换手率已提供）,False,2026-07-30,41.67,38.82,38.209,True,True,True,True,42.65,-2.297772567409137,False,56.73280029394939,-1.0704980886994022,-1.8910375950072105,1.6410790126156165,True,False,False,False,2026-07-15,11.0,12.054007493779253,8.380599788383082,19.400822904571594,False,False,2026-07-22,6.0,True,46637.0,21555.2,2.1636078533254155,True,194379000.0,6.07,32.02289950576606,5.0680786686838175,9.329299041855782,9.058075322567976,29.729729729729748,70.27027027027025,True,65.32,False,False,False,False,True,False
432,001222,源飞宠物,C 制造业,腾讯前复权日K回退（成交额、换手率已提供）,False,2026-07-30,14.05,13.541999999999998,13.527000000000001,True,True,True,True,14.55,-3.4364261168384878,False,53.16149069992068,-0.20265508491649875,-0.3540381744139925,0.3027661789949875,True,False,False,False,,,13.217764023720818,9.886080437600546,19.881131195961363,False,False,2026-07-28,2.0,True,74888.0,41494.0,1.8047910541283076,True,106842700.0,6.63,16.11503770739065,0.14255167498218313,4.0627227369921615,3.8663413912914883,82.45614035087695,17.543859649123046,False,19.1,False,False,False,False,True,False
433,001223,欧克科技,C 制造业,腾讯前复权日K回退（成交额、换手率已提供）,False,2026-07-30,29.89,30.141999999999996,33.284,False,False,False,True,45.86,-34.82337549062364,False,35.004224175866696,-3.742444229935483,-3.9100476678400113,0.3352068758090567,True,False,False,False,2026-07-29,1.0,15.253558904148017,13.333510723217161,19.09365526600973,False,False,2026-07-27,3.0,True,20473.0,19989.8,1.0241723278872226,False,62827000.0,2.93,21.442662116040953,-5.111111111111111,6.095238095238101,-10.197091695709645,0.0,0.5208333333334143,False,54.99,False,False,False,False,True,False
434,001225,和泰机电,C 制造业,腾讯前复权日K回退（成交额、换手率已提供）,False,2026-07-30,43.66,40.194,38.9195,True,True,True,True,44.81,-2.5663914304842796,False,59.92243501030056,-0.6846573454064142,-1.53611944425436,1.7029241976958915,True,False,False,False,2026-07-24,4.0,25.75737935673008,19.601350793607654,38.06943648297493,False,False,2026-07-21,7.0,True,18323.0,14014.8,1.307403601906556,False,77704500.0,8.71,8.92129735935706,10.002519526329046,11.237087427563603,12.180269530697972,0.0,100.0,True,64.74,False,False,False,False,True,True
435,001226,拓山重工,C 制造业,腾讯前复权日K回退（成交额、换手率已提供）,False,2026-07-30,36.85,38.294,42.3615,False,False,False,False,50.3,-26.739562624254464,False,35.16698670452206,-2.824708849838146,-2.5271220460065984,-0.5951736076630949,False,True,False,False,,,17.433031558274333,18.78875580110929,14.721583072604417,False,True,,,False,8606.0,7513.4,1.1454201826070753,False,32837100.0,2.54,12.927992125984252,-7.7134986225895315,8.464813423491115,-13.010634656468723,7.1005917159763845,1.4792899408285274,False,55.67,False,True,True,False,True,False
436,001227,兰州银行,J 金融业,腾讯前复权日K回退（成交额、换手率已提供）,False,2026-07-30,2.22,2.162,2.1015,True,True,True,True,2.19,1.3698630136986416,True,69.95146218076643,0.0270616837207176,0.014073460178440769,0.025976447084553662,True,False,False,False,2026-07-06,18.0,58.202348381816364,46.5635910670235,81.47986301140209,False,False,,,False,1180081.0,757660.8,1.557532077679088,False,260481400.0,2.8,93.02907142857143,1.8348623853211121,2.7522935779816535,5.638829407566027,16.666666666666295,83.3333333333337,True,2.21,True,False,False,True,False,False
437,001228,永泰运,L 商务服务,腾讯前复权日K回退（成交额、换手率已提供）,False,2026-07-30,26.86,26.598000000000003,26.619,True,True,False,True,29.41,-8.670520231213876,False,51.685702074110495,-0.17789781357908296,-0.3021849380187308,0.2485742488792957,True,False,False,False,2026-07-24,4.0,22.472072872539055,20.578579956247722,26.259058705121717,False,False,,,False,8618.0,9016.2,0.9558350524611254,False,23097500.0,1.08,21.386574074074073,0.561587420441767,2.134032197678773,0.9053683459183278,31.578947368420984,68.42105263157902,False,32.09,False,True,False,False,False,False
438,001229,魅视科技,C 制造业,腾讯前复权日K回退（成交额、换手率已提供）,False,2026-07-30,31.49,36.290000000000006,38.574,False,False,False,False,49.6,-36.51209677419355,False,41.32384846414373,0.5174511509957753,1.5972315039736833,-2.159560705955816,False,True,False,False,,,43.075637441436214,49.30365816505014,30.619595994208368,False,False,,,False,50959.0,83463.6,0.6105535826396177,False,166368000.0,6.91,24.076410998552824,-10.002857959416989,9.802800800228646,-18.364701612485092,7.288629737609323,0.0,False,49.6,False,False,False,False,True,False
439,001230,劲旅环境,N 公共环保,腾讯前复权日K回退（成交额、换手率已提供）,False,2026-07-30,16.51,17.054,17.323500000000003,False,False,False,False,20.87,-20.89123143267848,False,44.625842895151116,-0.13557394408571,-0.08822234114368083,-0.09470320588405834,False,True,False,False,,,34.651094586333485,37.476851999273066,28.999579760454324,False,False,,,False,48641.0,69185.4,0.7030529562595577,False,81977700.0,4.42,18.546990950226245,-4.400694846554709,5.616676317313274,-4.695933269835779,15.463917525773377,6.185567010309497,False,20.87,False,False,False,False,False,False
440,001231,农心科技,C 制造业,腾讯前复权日K回退（成交额、换手率已提供）,False,2026-07-30,18.34,17.674,18.0695,True,True,False,True,19.54,-6.14124872057318,False,48.86899990033214,-0.5597875539880306,-0.7170312706028816,0.3144874332297021,True,False,False,False,2026-07-27,3.0,16.89696459101353,13.220666205581566,24.249561361877454,False,False,2026-07-27,3.0,True,17746.0,13292.0,1.3350887752031297,False,32541500.0,3.48,9.351005747126436,1.7193566278424832,3.272323904603438,1.4969977033122024,42.372881355932215,57.627118644067785,False,25.85,False,False,False,False,False,False
441,001233,海安集团,C 制造业,腾讯前复权日K回退（成交额、换手率已提供）,False,2026-07-30,44.51,43.304,42.897000000000006,True,True,True,True,47.65,-6.5897166841553005,False,49.97112857754351,-1.1733742245355785,-1.752745337055535,1.158742225039913,True,False,False,False,2026-07-14,12.0,11.966141324685253,10.306120232969418,15.286183508116924,False,False,2026-07-22,6.0,True,19790.0,12109.6,1.6342406024971923,False,87355700.0,5.25,16.639180952380954,2.699584679280087,4.291647438855559,3.76016970883743,18.817204301075353,81.18279569892465,True,62.77,False,True,False,False,True,False
442,001234,泰慕士,C 制造业,腾讯前复权日K回退（成交额、换手率已提供）,False,2026-07-30,19.4,18.871999999999996,19.344,True,True,False,True,21.38,-9.260991580916746,False,45.5847591190865,-0.7749460917772524,-0.9640218038877628,0.3781514242210209,True,False,False,False,2026-07-27,3.0,8.515108180692835,6.655620753431028,12.234083035216448,False,False,2026-07-23,5.0,True,14900.0,12265.4,1.2147993542811486,False,29102199.999999996,1.63,17.85411042944785,0.5702436495593544,4.043545878693611,0.28949545078575983,73.07692307692334,26.92307692307666,False,32.31,False,False,False,False,True,False
443,001236,弘业期货,J 金融业,腾讯前复权日K回退（成交额、换手率已提供）,False,2026-07-30,7.62,7.316,7.1225,True,True,True,True,7.55,0.9271523178807984,True,58.26227087883872,-0.03964837964480061,-0.14298783906788787,0.2066789188461745,True,False,False,False,,,19.61836687700981,14.927614169515417,28.999872291998596,False,False,2026-07-27,3.0,True,154158.0,130142.6,1.184531429370552,False,117306400.0,2.03,57.78640394088671,1.3297872340425565,3.5904255319149003,6.984906984906993,25.925925925925984,74.07407407407402,True,10.15,False,False,False,False,False,False
445,001238,浙江正特,C 制造业,腾讯前复权日K回退（成交额、换手率已提供）,False,2026-07-30,24.19,23.548,25.208,True,False,False,True,29.2,-17.157534246575338,False,39.963958889342116,-1.3425160142010633,-1.399917143545339,0.11480225868855154,True,False,True,False,,,8.537335760613177,6.660096986949838,12.291813307939856,False,False,2026-07-28,2.0,True,4911.0,4103.8,1.1966957454066962,False,11841500.0,0.34,34.82794117647059,1.5959680806383991,3.0659386812263776,-4.0384005077752985,20.547945205479245,79.45205479452075,True,35.26,False,True,False,False,True,False
448,001255,博菲电气,C 制造业,腾讯前复权日K回退（成交额、换手率已提供）,False,2026-07-30,22.75,22.502,23.3245,True,False,False,True,27.15,-16.206261510128908,False,39.20660101190107,-1.333589044992248,-1.5969255512124776,0.526673012440459,True,False,False,False,2026-07-27,3.0,11.205453575626253,8.952686824686673,15.710987077505415,False,False,2026-07-23,5.0,True,11835.0,12580.0,0.940779014308426,False,27183600.0,1.53,17.76705882352941,-1.258680555555547,3.862847222222209,-2.4630753070805396,40.449438202247265,26.966292134831377,False,37.06,False,False,False,False,True,False
449,001256,炜冈科技,C 制造业,腾讯前复权日K回退（成交额、换手率已提供）,False,2026-07-30,21.82,22.496000000000002,24.8475,False,False,False,False,33.0,-33.87878787878788,False,37.329193767643034,-1.0564770354970747,-0.7547226026142944,-0.6035088657655607,False,True,False,False,,,16.10743744765795,18.12217664495784,12.077959053058173,False,False,,,False,25057.0,22731.2,1.1023175195326247,False,55440900.0,2.34,23.692692307692308,-3.8766519823788537,4.008810572687225,-12.184324378710132,7.692307692307722,2.1978021978021505,False,33.0,False,False,False,False,True,False
451,001258,立新能源,D 水电煤气,腾讯前复权日K回退（成交额、换手率已提供）,False,2026-07-30,12.35,12.844,9.1355,False,True,True,True,15.73,-21.48760330578513,False,65.72759619384638,1.3342168755090853,0.8351321439758279,0.9981694630665148,True,False,False,False,2026-07-06,18.0,69.03335725970432,69.79796786292785,67.50413605325727,False,True,,,False,1868895.0,1538697.4,1.2145955403577078,False,2245060900.0,20.02,112.1409040959041,6.373815676141259,10.766580534022395,35.18690821520441,8.800000000000097,91.1999999999999,True,15.73,False,True,True,False,False,False
452,001259,利仁科技,C 制造业,腾讯前复权日K回退（成交额、换手率已提供）,False,2026-07-30,38.97,42.532,51.504,False,False,False,False,66.6,-41.486486486486484,False,24.222574620639918,-6.121667169785603,-5.187066557639733,-1.8692012242917393,False,True,False,False,,,20.751479276065776,24.3609494850882,13.532538858020928,False,False,,,False,16903.0,15998.6,1.0565299463703073,False,67441100.0,3.56,18.944129213483144,-6.814921090387383,11.429937828790056,-24.33597390493942,20.292887029288675,15.899581589958114,False,89.88,False,False,False,False,False,False
453,001260,坤泰股份,C 制造业,腾讯前复权日K回退（成交额、换手率已提供）,False,2026-07-30,15.2,15.069999999999999,15.572,True,False,False,True,17.32,-12.240184757505778,False,41.93547601499875,-0.5964660270731255,-0.6984676947442785,0.20400333534230608,True,False,False,False,2026-07-27,3.0,15.945610374946208,13.28060832738552,21.275614470067584,False,False,,,False,12600.0,10730.4,1.1742339521359875,False,19357200.0,1.1,17.597454545454546,-1.6817593790427021,5.045278137128079,-2.3889031595170813,29.4871794871795,33.33333333333326,False,22.79,False,False,False,False,True,False
454,001266,宏英智能,C 制造业,腾讯前复权日K回退（成交额、换手率已提供）,False,2026-07-30,28.88,30.589999999999996,35.702,False,False,False,False,48.88,-40.91653027823241,False,28.906821915474538,-4.241072190413,-4.001081487654397,-0.47998140551720603,False,True,False,False,,,13.000257120757155,14.92239448398216,9.155982394307145,False,False,,,False,26622.0,27207.8,0.9784694095075677,False,78421500.0,4.58,17.122598253275108,-5.9895833333333375,6.315104166666671,-19.108173211584784,0.0,11.855670103092798,False,56.16,False,True,True,False,True,False
455,001267,汇绿生态,C 制造业,腾讯前复权日K回退（成交额、换手率已提供）,False,2026-07-30,27.11,30.684000000000005,36.977999999999994,False,False,False,False,50.22,-46.01752289924333,False,27.186118250038064,-5.6091013378423185,-5.167962580844862,-0.8822775139949126,False,True,False,False,,,4.984498927355132,7.748850249408018,-0.5442037167506406,False,False,,,False,371944.0,268897.8,1.383216969421096,False,1035829700.0,6.11,169.53022913256953,-9.993359893758303,10.65737051792829,-26.68613770349937,23.364485981308405,0.0,False,69.72,False,False,False,False,False,False
456,001268,联合精密,C 制造业,腾讯前复权日K回退（成交额、换手率已提供）,False,2026-07-30,16.23,17.497999999999998,21.417,False,False,False,False,30.49,-46.76943260085273,False,24.703720476772205,-2.6715665423027453,-2.3971367276811915,-0.5488596292431076,False,True,False,False,,,8.283705672564473,11.001567780311467,2.8479814570704853,False,False,,,False,31040.0,29243.8,1.061421566280716,False,51908300.0,3.29,15.777598784194529,-5.913043478260871,7.3043478260869446,-24.219078302283236,9.523809523809335,0.0,False,33.59,False,False,False,False,False,False
457,001269,欧晶科技,C 制造业,腾讯前复权日K回退（成交额、换手率已提供）,False,2026-07-30,18.63,17.637999999999998,18.326,True,True,False,True,22.98,-18.929503916449093,False,45.77877628121524,-1.2802927428519588,-1.5480566831163007,0.5355278805286838,True,False,False,False,2026-07-27,3.0,14.989444875688358,11.771670095440692,21.42499443618369,False,False,2026-07-21,7.0,True,53311.0,23798.2,2.2401274045936246,True,98883700.00000001,2.77,35.698086642599286,4.839617332583002,6.921778277996626,1.6588453563243395,26.829268292683068,73.17073170731693,True,31.22,False,False,False,False,True,False
458,001270,铖昌科技,C 制造业,腾讯前复权日K回退（成交额、换手率已提供）,False,2026-07-30,88.05,95.586,124.474,False,False,False,False,180.64,-51.25664304694419,False,31.448698733582304,-13.306019340594204,-9.755436689545078,-7.101165302098252,False,True,False,False,,,6.81580867611671,11.861847425509135,-3.27626882266814,False,False,,,False,85539.0,87943.8,0.9726552639299189,False,777514500.0,4.18,186.00825358851677,-7.529930686830499,9.45179584120983,-29.262335909507208,19.555555555555454,1.888888888888908,False,180.64,False,False,False,False,False,False
459,001277,速达股份,C 制造业,腾讯前复权日K回退（成交额、换手率已提供）,False,2026-07-30,26.69,26.171999999999997,26.732499999999998,True,False,False,True,29.19,-8.564576909900651,False,44.310978775400386,-0.9064123071969519,-1.1160604972218893,0.4192963800498748,True,False,False,False,2026-07-23,5.0,10.03561977216488,7.6294808720293545,14.847897572435933,False,False,2026-07-27,3.0,True,10473.0,7626.6,1.3732200456297694,False,28166000.0,2.3,12.24608695652174,0.03748125937033109,4.160419790104945,-0.1589825119236767,57.65765765765741,42.34234234234258,False,38.06,False,True,False,False,True,False
460,001278,一彬科技,C 制造业,腾讯前复权日K回退（成交额、换手率已提供）,False,2026-07-30,13.96,13.894,14.450999999999999,True,False,False,True,16.74,-16.606929510155304,False,37.96474539900223,-0.7751427442117418,-0.8929665984030561,0.23564770838262872,True,False,False,False,2026-07-27,3.0,10.51798677575121,8.951022944682272,13.651914437889083,False,False,2026-07-21,7.0,True,25468.0,19387.6,1.313623140564072,False,36094600.0,2.99,12.071772575250835,-0.99290780141843,5.106382978723409,-3.3976887412635657,1.3888888888888582,23.611111111111327,False,24.15,False,True,False,False,True,False
461,001279,强邦新材,C 制造业,腾讯前复权日K回退（成交额、换手率已提供）,False,2026-07-30,24.73,23.68,25.3235,True,False,False,True,28.93,-14.517801590044934,False,45.162495765387746,-1.0297362344856857,-1.025424708136291,-0.00862305269878938,False,True,False,False,,,9.96878786510752,7.0406134628049495,15.825136669712661,False,False,2026-07-28,2.0,True,25506.0,6284.8,4.058363034623218,False,63131500.0,6.38,9.895219435736678,4.170176916596469,8.29823083403538,-2.3436728730230767,42.63959390862946,57.36040609137054,False,35.08,False,True,False,False,False,False
462,001280,中国铀业,B 采矿业,腾讯前复权日K回退（成交额、换手率已提供）,False,2026-07-30,59.73,60.507999999999996,60.975,False,False,False,False,69.52,-14.082278481012658,False,41.13437790572136,-2.067387206980449,-2.532826046356721,0.9308776787525446,True,False,False,False,2026-07-22,6.0,14.842672512438762,14.44662188583793,15.634773765640428,False,False,2026-07-21,7.0,True,48851.0,71163.8,0.6864585646072863,False,293604000.0,2.81,104.48540925266903,-1.435643564356448,3.168316831683171,-2.0418204182041895,21.87500000000007,38.02083333333314,False,87.3,False,False,False,False,False,False
463,001282,三联锻造,C 制造业,腾讯前复权日K回退（成交额、换手率已提供）,False,2026-07-30,15.01,14.776,15.948500000000001,True,False,False,True,20.12,-25.397614314115312,False,38.21589627235245,-1.134245000455552,-1.1675433194824922,0.0665966380538805,True,False,True,False,,,11.489567998398101,9.330065962511258,15.808572070171788,False,False,2026-07-27,3.0,True,32196.0,21633.0,1.488281791707114,False,48749900.0,2.11,23.104218009478675,-0.596026490066226,3.774834437086095,-5.884565946640757,78.94736842105277,19.29824561403498,False,23.01,False,True,False,False,False,False
464,001283,豪鹏科技,C 制造业,腾讯前复权日K回退（成交额、换手率已提供）,False,2026-07-30,41.81,41.902,43.906,False,False,False,False,53.36,-21.645427286356817,False,42.585511654954594,-2.1900418249107716,-2.4329563860673153,0.4858291223130875,True,False,False,False,2026-07-29,1.0,14.873827624815398,13.154729246793934,18.312024380858325,False,False,2026-07-23,5.0,True,24346.0,25739.2,0.9458724435879903,False,103784500.0,2.35,44.1636170212766,-4.652223489167618,4.355758266818692,-4.773835011160198,0.0,5.759162303664902,False,63.68,False,False,False,False,False,False
465,001285,瑞立科密,C 制造业,腾讯前复权日K回退（成交额、换手率已提供）,False,2026-07-30,40.79,40.006,40.3295,True,True,False,True,44.41,-8.151317270884931,False,47.848941061388885,-0.921322760890483,-1.2276582946621621,0.6126710675433582,True,False,False,False,2026-07-15,11.0,9.175745529994648,7.342525042277342,12.84218650542926,False,False,2026-07-27,3.0,True,13735.0,7174.6,1.9143924399966548,True,55888500.0,3.31,16.884743202416917,1.3919960228685024,2.8088491175739563,1.14184405955937,30.088495575221476,69.91150442477853,False,54.2,False,False,False,False,True,False
466,001286,陕西能源,D 水电煤气,腾讯前复权日K回退（成交额、换手率已提供）,False,2026-07-30,10.5,10.434000000000001,10.389,True,True,True,False,10.88,-3.4926470588235365,False,48.81100850297956,-0.0918981993604131,-0.14508919048775934,0.10638198225469248,True,False,False,False,2026-07-15,11.0,21.740582310463974,21.48413912712289,22.253468677146138,True,False,,,False,250013.0,231307.8,1.0808671389378137,False,261812900.0,1.85,141.52048648648648,0.190839694656475,1.9083969465648956,1.068437770719036,34.99999999999995,65.00000000000004,False,13.38,False,False,False,False,True,False
467,001287,中电港,F 批发零售,腾讯前复权日K回退（成交额、换手率已提供）,False,2026-07-30,20.37,21.432,25.256,False,False,False,False,32.57,-37.45778323610685,False,32.50583962630574,-2.037592043197286,-1.5502513038960974,-0.9746814786023767,False,True,False,False,,,16.36916550821099,20.857793708603435,7.391909107426102,False,False,,,False,225294.0,268328.0,0.8396216570764139,False,462478600.0,2.96,156.24277027027028,-2.953787517865636,4.287756074321115,-19.345898004434588,29.999999999999883,32.22222222222245,False,32.64,False,False,False,False,False,False
468,001288,运机集团,C 制造业,腾讯前复权日K回退（成交额、换手率已提供）,False,2026-07-30,25.27,25.529999999999998,24.0825,False,True,True,True,26.48,-4.56948640483384,False,52.96174591724051,0.14589704132315973,-0.19579339087660352,0.6833808643995265,True,False,False,False,2026-07-21,7.0,42.84496558596792,37.08146623473638,54.371964288431,False,False,2026-07-20,8.0,True,31408.0,39387.8,0.7974042723889122,False,78481500.0,2.07,37.91376811594203,-1.2504884720593967,3.98593200468933,4.930966469428008,15.686274509803594,69.607843137255,False,30.53,False,True,False,True,True,False
469,001289,龙源电力,D 水电煤气,腾讯前复权日K回退（成交额、换手率已提供）,False,2026-07-30,16.42,16.266,16.0965,True,True,True,False,16.85,-2.5519287833827873,False,50.79032976900152,-0.06466987093295273,-0.1417204426126538,0.15410114335940212,True,False,False,False,2026-07-15,11.0,26.52365171283731,26.190944661446697,27.18906581561854,True,False,,,False,57129.0,75045.4,0.7612591844403521,False,93417200.0,0.11,849.2472727272728,0.92194222495392,1.9668100799016615,2.0097536731587784,15.624999999999098,84.3750000000009,True,20.17,False,False,False,False,False,False
470,001296,长江材料,C 制造业,腾讯前复权日K回退（成交额、换手率已提供）,False,2026-07-30,16.78,16.598000000000003,17.4475,True,False,False,True,20.79,-19.28811928811928,False,43.13250173595235,-0.8152804192447114,-0.878346871306544,0.12613290412366518,True,False,False,False,2026-07-29,1.0,13.507180685916216,11.548734635802498,17.42407278614365,False,False,2026-07-27,3.0,True,19694.0,20910.2,0.9418369982113992,False,33412800.000000004,2.55,13.103058823529414,-1.1778563015312105,3.8280329799764345,-3.8257630032956036,27.69230769230771,24.61538461538469,False,23.47,False,False,False,False,True,False
471,001298,好上好,F 批发零售,腾讯前复权日K回退（成交额、换手率已提供）,False,2026-07-30,15.62,15.913999999999998,18.061500000000002,False,False,False,False,22.18,-29.576194770063125,False,30.185427215697672,-1.3108125695526347,-1.1539008059376918,-0.3138235272298857,False,True,False,False,,,7.775179145336917,9.198806681183836,4.92792407364308,False,False,,,False,68871.0,78138.0,0.8814021346847885,False,108842000.0,1.69,64.403550295858,-2.9210689869484163,2.8589185829707837,-13.5177034022645,34.78260869565189,4.347826086956438,False,25.28,False,False,False,False,True,False
472,001299,美能能源,D 水电煤气,腾讯前复权日K回退（成交额、换手率已提供）,False,2026-07-30,9.52,9.441999999999998,9.7625,True,False,False,True,10.6,-10.18867924528302,False,42.534140387528474,-0.3374817565676924,-0.37670983546473247,0.0784561577940801,True,False,False,False,2026-07-28,2.0,14.04236185117027,12.639874380774188,16.847336791962434,False,False,2026-07-27,3.0,True,23904.0,28637.2,0.8347184780634979,False,22810400.0,0.85,26.835764705882355,-0.9365244536940653,3.9542143600416315,-2.483994878361073,31.57894736842125,42.10526315789469,False,13.83,False,False,False,False,True,False
473,001300,三柏硕,C 制造业,腾讯前复权日K回退（成交额、换手率已提供）,False,2026-07-30,9.8,9.882000000000001,10.721,False,False,False,False,12.06,-18.739635157545603,False,31.200702632018775,-0.9041656303819217,-0.9864347143237284,0.16453816788361353,True,False,False,False,2026-07-27,3.0,7.932162876807408,7.2631773604710625,9.2701339094801,False,False,2026-07-23,5.0,True,28143.0,35473.6,0.7933505480131704,False,28117399.999999996,1.15,24.44991304347826,-3.4482758620689613,5.418719211822666,-8.590616546963897,18.181818181818414,9.090909090909207,False,19.19,False,False,False,False,True,False
474,001301,尚太科技,C 制造业,腾讯前复权日K回退（成交额、换手率已提供）,False,2026-07-30,56.5,54.894000000000005,53.605500000000006,True,True,True,True,64.27,-12.089621907577403,False,51.405378230891294,-1.463305136890014,-2.182290957353171,1.437971640926314,True,False,False,False,2026-07-23,5.0,33.92282711907125,29.695666737926967,42.37714788135981,False,False,,,False,65504.0,73786.0,0.8877564849700486,False,361254600.0,2.52,143.355,2.447869446962825,6.636446056210329,5.399632500396402,13.114754098360581,86.88524590163942,True,69.73,False,False,False,False,False,False
475,001306,夏厦精密,C 制造业,腾讯前复权日K回退（成交额、换手率已提供）,False,2026-07-30,47.19,46.516,50.5015,True,False,False,True,65.09,-27.500384083576595,False,38.13747222217609,-3.351745437665791,-3.562466104029927,0.4214413327282722,True,False,False,False,2026-07-29,1.0,12.162811915852354,10.578144967956241,15.33214581164458,False,False,2026-07-22,6.0,True,6751.0,5934.8,1.1375278021163309,False,32017199.999999996,4.36,7.343394495412842,-0.46403712296984034,3.691204387260072,-6.55723097333743,45.71428571428555,39.428571428571296,False,77.13,False,False,False,False,True,False
476,001308,康冠科技,C 制造业,腾讯前复权日K回退（成交额、换手率已提供）,False,2026-07-30,17.14,16.954,18.1085,True,False,False,True,21.65,-20.831408775981515,False,35.831241611715896,-0.8728305678895296,-0.8526374399121546,-0.040386255954750094,False,True,False,False,,,6.796012605655169,5.812304247052205,8.763429322861098,False,False,2026-07-29,1.0,True,24189.0,20549.0,1.177137573604555,False,41570400.0,0.5,83.1408,-0.6376811594202891,2.1449275362318896,-5.348317088660015,54.054054054053715,45.945945945946285,False,23.17,False,False,False,False,True,False
477,001309,德明利,C 制造业,腾讯前复权日K回退（成交额、换手率已提供）,False,2026-07-30,390.04,381.51,609.7545,True,False,False,False,954.19,-59.123445016191745,False,30.784286573561246,-103.43582149842922,-73.71386028195246,-59.443922432953514,False,True,False,False,,,13.213086364127534,18.907695174444157,1.8238687434942875,False,False,,,False,306387.0,233792.8,1.310506568209115,False,11365746100.000002,18.57,612.0487937533658,10.000564047605632,10.728185458852733,-36.033272407173705,0.0,100.0,True,980.0,False,False,False,False,False,True
478,001311,多利科技,C 制造业,腾讯前复权日K回退（成交额、换手率已提供）,False,2026-07-30,15.69,15.11,16.2405,True,False,False,True,20.0,-21.550000000000004,False,44.71604573642826,-0.8431614038144417,-0.9581654967337448,0.23000818583860627,True,False,False,False,2026-07-29,1.0,12.493720712891308,9.303324784486335,18.874512569701253,False,False,2026-07-27,3.0,True,56664.0,49455.4,1.1457596137125572,False,89933500.0,3.2,28.10421875,-1.937500000000003,4.125000000000001,-3.389673963240056,0.0,12.12121212121213,False,24.58,False,False,False,False,False,False
480,001313,粤海饲料,C 制造业,腾讯前复权日K回退（成交额、换手率已提供）,False,2026-07-30,7.1,7.029999999999999,7.431,True,False,False,False,8.88,-20.045045045045057,False,43.80814443484837,-0.18927134582770044,-0.16477666867523671,-0.04898935430492746,False,True,False,False,,,18.353373698397075,19.144858568372296,16.77040395844663,False,False,,,False,136553.0,90059.8,1.5162480929338062,False,97175700.0,1.95,49.83369230769231,0.0,2.2535211267605657,-4.45431301305343,62.50000000000028,37.49999999999972,False,9.96,False,False,False,False,True,False
481,001314,亿道信息,C 制造业,腾讯前复权日K回退（成交额、换手率已提供）,False,2026-07-30,44.54,48.166000000000004,54.88349999999999,False,False,False,False,67.88,-34.384207424867405,False,32.54831250246586,-2.8120783437917183,-1.5462058830311696,-2.5317449215210974,False,True,False,False,,,32.55341353766146,39.800973788344116,18.05829303629615,False,False,,,False,70509.0,79733.6,0.8843072431195882,False,322463900.0,5.68,56.7718133802817,-7.246980424823002,7.767596834652236,-18.8462834913954,9.38337801608582,8.579088471849865,False,67.88,False,False,False,False,True,False
482,001316,润贝航科,F 批发零售,腾讯前复权日K回退（成交额、换手率已提供）,False,2026-07-30,24.73,24.958000000000002,27.512499999999996,False,False,False,False,34.82,-28.977599080987936,False,30.850265153961217,-2.4871556120777,-2.5875713908201123,0.2008315574848245,True,False,False,False,2026-07-29,1.0,9.290708198363726,8.615405122564523,10.641314349962133,False,False,2026-07-22,6.0,True,18426.0,19178.0,0.9607884033788716,False,46228900.0,1.23,37.58447154471545,-3.095611285266453,4.741379310344831,-10.113584734211706,33.057851239669276,8.264462809917466,False,45.1,False,False,False,False,True,False
483,001317,三羊马,G 运输仓储,腾讯前复权日K回退（成交额、换手率已提供）,False,2026-07-30,50.87,50.802,47.3825,True,True,True,True,54.99,-7.4922713220585635,False,56.06311487917878,1.1354831707534245,0.3260362372708825,1.618893866965084,True,False,False,False,2026-07-03,19.0,53.58200089551801,48.93276414566177,62.88047439523048,False,False,,,False,72129.0,78166.0,0.9227669319141315,False,373081900.0,8.44,44.20401658767773,-3.10476190476191,5.1809523809523785,7.3603123516066,20.955882352941195,17.647058823529306,False,61.98,False,False,False,False,True,False
484,001318,阳光乳业,C 制造业,腾讯前复权日K回退（成交额、换手率已提供）,False,2026-07-30,10.65,10.23,10.196,True,True,True,True,11.1,-4.054054054054048,False,54.30571103684909,-0.10333789008121563,-0.22383744861093066,0.24099911705943006,True,False,False,False,2026-07-28,2.0,20.803621885834715,13.91044445138155,34.589976754741045,False,False,2026-07-28,2.0,True,163331.0,50728.0,3.219740577196026,True,179100300.0,5.78,30.986211072664357,-4.0540540540540455,7.657657657657654,4.452726559435079,27.05882352941162,5.882352941176556,False,13.34,False,False,False,False,False,True
485,001319,铭科精技,C 制造业,腾讯前复权日K回退（成交额、换手率已提供）,False,2026-07-30,18.22,17.682,19.473,True,False,False,True,23.64,-22.927241962774964,False,39.69335829438636,-1.103081535262568,-1.0844387301022131,-0.03728561032070976,False,True,False,False,,,12.88680021420143,10.154400619325926,18.35159940395244,False,False,2026-07-28,2.0,True,19143.0,21807.8,0.8778051889690844,False,35061900.0,2.33,15.04802575107296,-0.10964912280702066,3.5087719298245648,-6.434550403122273,60.937500000000036,39.062499999999964,False,26.3,False,False,False,False,True,False
486,001322,箭牌家居,C 制造业,腾讯前复权日K回退（成交额、换手率已提供）,False,2026-07-30,6.11,5.998,6.1765,True,False,False,False,6.78,-9.882005899705014,False,47.81034220812476,-0.07256074141794588,-0.06943394498044582,-0.00625359287500013,False,True,False,False,,,17.45919915256781,15.891039921770963,20.595517614161505,True,False,,,False,44928.0,36333.2,1.2365549965320974,False,27383300.0,0.57,48.040877192982464,0.49342105263159297,2.6315789473684235,-1.0766615397069466,37.49999999999972,62.50000000000028,False,7.76,False,False,False,False,True,False
487,001323,慕思股份,C 制造业,腾讯前复权日K回退（成交额、换手率已提供）,False,2026-07-30,17.77,16.268,16.261000000000003,True,True,True,True,17.17,3.494467093768187,True,60.31091241855142,-0.3236267505837205,-0.5915261212959155,0.5357987414243901,True,False,False,False,2026-07-03,19.0,16.36909315148023,9.748620732738665,29.610037988963356,False,False,2026-07-28,2.0,True,97512.0,33037.6,2.9515461171513673,True,170295400.0,3.13,54.407476038338665,3.4944670937681943,8.270238788584729,9.279872086587519,19.01408450704225,80.98591549295774,True,23.87,False,False,False,False,False,True
488,001324,长青科技,C 制造业,腾讯前复权日K回退（成交额、换手率已提供）,False,2026-07-30,18.61,18.512,18.785,True,False,False,True,20.45,-8.997555012224938,False,49.66722967343341,-0.1545180826751391,-0.19341337455376018,0.07779058375724213,True,False,False,False,2026-07-29,1.0,39.9318859641914,35.42391441375667,48.94782906506087,False,False,,,False,17530.0,20227.0,0.8666633707420774,False,32577100.0,1.27,25.651259842519686,-1.7941952506596248,4.749340369393151,-0.9315943571998972,24.444444444444656,51.111111111111086,False,21.78,False,False,False,False,True,False
490,001326,联域股份,C 制造业,腾讯前复权日K回退（成交额、换手率已提供）,False,2026-07-30,42.17,44.996,50.382,False,False,False,False,63.96,-34.06816760475297,False,29.858412743017297,-4.526855219078804,-4.171788074915167,-0.710134288327275,False,True,False,False,,,8.335572774239147,11.290349016994265,2.4260202887289104,False,False,,,False,14891.0,13098.6,1.136839051501687,False,64055900.0,6.2,10.331596774193548,-4.484711211778025,7.338618346545855,-16.29947203366281,18.827160493827172,13.271604938271617,False,75.5,False,False,False,False,False,False
491,001328,登康口腔,C 制造业,腾讯前复权日K回退（成交额、换手率已提供）,False,2026-07-30,31.83,31.141999999999996,28.353500000000004,True,True,True,True,32.6,-2.3619631901840585,False,66.13419778670595,0.9964398462248099,0.41665995095634856,1.1595597905369226,True,False,False,False,2026-07-03,19.0,63.985155807498984,54.637395713195815,82.68067599610532,False,False,,,False,33586.0,30544.6,1.099572428514369,False,108946800.0,2.08,52.378269230769234,-0.7793017456359075,4.239401496259361,12.26127285872994,72.0588235294119,9.55882352941167,False,32.6,False,False,False,False,False,False
493,001331,胜通能源,D 水电煤气,腾讯前复权日K回退（成交额、换手率已提供）,False,2026-07-30,37.1,40.986000000000004,50.8745,False,False,False,False,68.0,-45.44117647058823,False,34.963991744802755,-2.1609219898744385,-0.07025672002530037,-4.181330539698276,False,True,False,False,,,30.25704545871316,37.38136839638065,16.00839958337818,False,False,,,False,102943.0,109366.4,0.9412671533487433,False,389632500.0,3.6,108.23125,-4.134366925064603,9.92248062015503,-27.075450372976633,40.885416666666714,20.572916666666664,False,68.0,False,False,False,False,False,False
494,001332,锡装股份,C 制造业,腾讯前复权日K回退（成交额、换手率已提供）,False,2026-07-30,29.29,29.512,30.516,False,False,False,True,37.88,-22.67687434002113,False,33.804791590025275,-2.8151336313925093,-3.3302379076567434,1.0302085525284683,True,False,False,False,2026-07-24,4.0,13.279301210620366,11.521423135968133,16.79505735992483,False,False,2026-07-21,7.0,True,14054.0,19018.0,0.7389841203070775,False,41644300.0,2.09,19.925502392344498,-2.0728853226345767,3.477097960548309,-4.017564556298332,23.076923076922945,17.307692307692292,False,53.88,False,False,False,False,False,False
495,001333,光华股份,C 制造业,腾讯前复权日K回退（成交额、换手率已提供）,False,2026-07-30,17.69,17.601999999999997,18.41,True,False,False,True,20.38,-13.199214916584875,False,40.660845416106795,-0.7086958827358565,-0.782712469264879,0.1480331730580451,True,False,False,False,2026-07-28,2.0,10.345669787986518,9.2492198256937,12.538569712572155,False,False,2026-07-27,3.0,True,14124.0,9312.4,1.5166874275160003,False,25084200.0,1.1,22.80381818181818,-1.3385387618516376,3.5136642498605632,-3.9109179793590374,33.33333333333352,28.57142857142857,False,27.44,False,True,False,False,True,False
496,001335,信凯科技,F 批发零售,腾讯前复权日K回退（成交额、换手率已提供）,False,2026-07-30,29.36,29.413999999999998,31.565500000000004,False,False,False,False,45.98,-36.14615050021748,False,30.41129454998324,-3.445657967044035,-3.745975603985108,0.6006352738821468,True,False,False,False,2026-07-28,2.0,10.128632238669963,9.095947110633077,12.194002494743735,False,False,2026-07-21,7.0,True,8152.0,7969.8,1.0228613014128334,False,24227399.999999996,3.19,7.5947962382445136,-1.9372077488310047,3.473613894455575,-6.987058655810946,28.846153846153594,15.38461538461541,False,51.24,False,False,False,False,False,False
497,001336,楚环科技,C 制造业,腾讯前复权日K回退（成交额、换手率已提供）,False,2026-07-30,16.18,15.744,16.1245,True,True,False,True,18.05,-10.360110803324105,False,45.843798314156615,-0.6438785678330259,-0.809426090321944,0.33109504497783626,True,False,False,False,2026-07-27,3.0,18.604366414619886,14.896150839328973,26.020797565201708,False,False,,,False,17893.0,15254.4,1.1729730438430879,False,28935500.0,2.78,10.408453237410072,-0.2466091245376001,5.425400739827368,0.34419671927810813,43.181818181818116,48.86363636363639,False,23.58,False,True,False,False,False,False
498,001337,四川黄金,B 采矿业,腾讯前复权日K回退（成交额、换手率已提供）,False,2026-07-30,38.91,38.458,37.089999999999996,True,True,True,False,42.9,-9.300699300699305,False,51.15165193730097,-0.7124942783510448,-1.5028926184702027,1.5807966802383158,True,False,False,False,2026-07-21,7.0,23.11595751456909,19.994959152908944,29.35795423788938,False,False,2026-07-21,7.0,True,245778.0,180268.6,1.3633988392875964,False,984974500.0,5.85,168.3717094017094,-0.2051808155937529,6.3093100795075685,4.906983014289567,64.63414634146324,0.40650406504056935,False,60.71,False,False,False,False,False,False
499,001338,永顺泰,C 制造业,腾讯前复权日K回退（成交额、换手率已提供）,False,2026-07-30,8.68,8.452,8.538499999999999,True,True,False,True,8.95,-3.016759776536308,False,47.7814552289591,-0.230280643416922,-0.32094329147509226,0.18132529611634052,True,False,False,False,,,8.386982208830558,6.0560342999605785,13.048878026570515,False,False,2026-07-28,2.0,True,53031.0,42175.6,1.2573857870427452,False,46264600.0,1.06,43.64584905660377,0.2309468822170757,2.6558891454965408,1.6571997423435105,65.21739130434786,34.78260869565214,False,13.48,False,False,False,False,True,False
500,001339,智微智能,C 制造业,腾讯前复权日K回退（成交额、换手率已提供）,False,2026-07-30,63.36,70.60999999999999,84.1295,False,False,False,False,105.39,-39.880444064901795,False,28.911869943527975,-5.82742450893673,-3.2996893745595104,-5.055470268754439,False,True,False,False,,,39.193961256553315,45.735937140623186,26.11000948841358,False,False,,,False,109493.0,101904.6,1.074465725786667,False,710179400.0,6.76,105.05612426035503,-7.692307692307699,9.30944055944055,-24.68753528785978,6.729264475743241,16.275430359937406,False,109.67,False,False,False,False,False,False
501,001356,富岭股份,C 制造业,腾讯前复权日K回退（成交额、换手率已提供）,False,2026-07-30,8.36,8.318,8.49,True,False,False,False,9.06,-7.726269315673301,False,41.75280357674347,-0.17845526284287594,-0.2077800022992402,0.058649478912728537,True,False,False,False,2026-07-03,19.0,7.599432037349676,8.424609100653626,5.949077910741778,False,False,,,False,46913.0,35855.4,1.3083942725502993,False,39548600.0,2.22,17.814684684684686,-0.7125890736342066,2.969121140142518,-1.5312131919905863,47.99999999999969,28.000000000000114,False,12.02,False,True,False,False,True,False
502,001358,兴欣新材,C 制造业,腾讯前复权日K回退（成交额、换手率已提供）,False,2026-07-30,24.28,23.672000000000004,23.077,True,True,True,True,28.85,-15.84055459272097,False,52.71878124272552,-0.385397866483288,-0.8987002978858595,1.026604862805143,True,False,False,False,2026-07-28,2.0,40.877557199446365,29.429826669399272,63.77301825954056,False,False,2026-07-23,5.0,True,116310.0,39805.4,2.921965361483618,True,302572500.0,22.82,13.259092900964067,-10.007412898443292,15.08524833209785,5.212982623391253,73.21867321867323,0.0,False,31.1,False,False,False,False,False,True
503,001359,平安电工,C 制造业,腾讯前复权日K回退（成交额、换手率已提供）,False,2026-07-30,69.7,80.256,98.407,False,False,False,False,124.41,-43.975564665219835,False,32.18807060994172,-6.72894361881994,-2.6925423641526933,-8.072802509334494,False,True,False,False,,,33.361392293272104,40.69446138426515,18.695254111286005,False,False,,,False,59650.0,38695.4,1.5415268998382237,False,427592400.0,9.89,43.23482305358948,-9.994834710743794,10.795454545454545,-29.171705264869363,23.684210526315837,0.0,False,134.04,False,False,False,False,False,False
504,001360,南矿集团,C 制造业,腾讯前复权日K回退（成交额、换手率已提供）,False,2026-07-30,13.89,13.912,14.7405,False,False,False,True,18.72,-25.801282051282044,False,34.40958163892017,-1.1849206597893662,-1.3172951309554488,0.26474894233216517,True,False,False,False,2026-07-28,2.0,15.24760308056814,13.105324343209196,19.53216055528603,False,False,2026-07-21,7.0,True,30461.0,36232.8,0.8407023470446666,False,43033800.0,2.43,17.709382716049383,-2.3893183415319763,4.6380885453267755,-5.769817848783964,45.45454545454555,12.12121212121213,False,23.05,False,False,False,False,False,False
506,001366,播恩集团,C 制造业,腾讯前复权日K回退（成交额、换手率已提供）,False,2026-07-30,10.75,10.54,10.8485,True,False,False,True,11.8,-8.898305084745768,False,43.22050216825729,-0.4637392324914469,-0.5615252661779735,0.19557206737305322,True,False,False,False,2026-07-03,19.0,9.80507854919225,8.414919209923081,12.585397227730589,False,False,2026-07-27,3.0,True,34219.0,33548.2,1.019995111511199,False,37094200.0,2.13,17.41511737089202,0.18639328984155767,4.193849021435238,-0.9079596257547088,66.66666666666666,31.11111111111116,False,18.61,False,True,False,False,True,False
507,001367,海森药业,C 制造业,腾讯前复权日K回退（成交额、换手率已提供）,False,2026-07-30,17.47,17.504,18.5035,False,False,False,False,21.27,-17.865538316878236,False,40.001357396834756,-0.6456415400955784,-0.6246294140993207,-0.04202425199251536,False,True,False,False,,,7.221241509002788,7.195578799523091,7.272566927962185,False,False,2026-07-29,1.0,True,11826.0,13079.2,0.9041837421249006,False,20953300.0,0.97,21.60134020618557,-2.674094707520891,3.8997214484679827,-5.5854297835544635,32.85714285714278,10.0,False,24.75,False,True,False,False,True,False
508,001368,通达创智,C 制造业,腾讯前复权日K回退（成交额、换手率已提供）,False,2026-07-30,19.6,19.578,20.473499999999998,True,False,False,True,22.6,-13.27433628318584,False,39.574339348862125,-0.7998290815917848,-0.8685054650072239,0.13735276683087827,True,False,False,False,2026-07-28,2.0,7.157276143182944,6.712132769952601,8.04756288964363,False,False,2026-07-28,2.0,True,14467.0,12212.8,1.1845768374164811,False,28613600.0,1.34,21.353432835820893,-1.8036072144288595,4.258517034068143,-4.26649082960899,42.35294117647045,23.529411764706175,False,30.8,False,True,False,False,True,False
510,001373,翔腾新材,C 制造业,腾讯前复权日K回退（成交额、换手率已提供）,False,2026-07-30,24.69,24.526000000000003,26.079,True,False,False,True,31.98,-22.795497185741084,False,34.088715393195386,-2.0714279510091416,-2.313646703769223,0.4844375055201633,True,False,False,False,2026-07-27,3.0,11.95092979639007,10.573682732031054,14.705423925108104,False,False,2026-07-21,7.0,True,18726.0,17665.8,1.0600142648507285,False,46689600.0,4.46,10.468520179372197,-1.318944844124692,5.795363709032785,-5.326124467962726,44.13793103448271,32.41379310344838,False,42.77,False,False,False,False,True,False
511,001376,百通能源,D 水电煤气,腾讯前复权日K回退（成交额、换手率已提供）,False,2026-07-30,11.15,10.714,10.1535,True,True,True,True,11.47,-2.789886660854405,False,55.6251266479823,-0.16090086254099312,-0.4492612067028195,0.5767206883236528,True,False,False,False,2026-07-03,19.0,17.21401536203122,12.027329269849767,27.587387546394122,False,False,2026-07-22,6.0,True,340865.0,241589.6,1.4109258014417838,False,384679300.0,15.93,24.148104205900818,-1.8485915492957639,2.816901408450691,9.81434973161965,93.7500000000001,6.249999999999896,False,16.1,False,True,True,False,True,True
512,001378,德冠新材,C 制造业,腾讯前复权日K回退（成交额、换手率已提供）,False,2026-07-30,16.06,16.1,18.269,False,False,False,False,21.63,-25.751271382339347,False,36.56694426710723,-0.9778434044179001,-0.7261050777130603,-0.5034766534096795,False,True,False,False,,,10.237284838369467,13.966122429201356,2.779609656705688,False,False,,,False,38053.0,34934.6,1.0892639389029788,False,61588700.0,4.51,13.656031042128603,-1.8337408312958492,3.7286063569682013,-12.091521156056707,31.147540983606305,29.508196721311254,False,22.08,False,False,False,False,True,False
513,001379,腾达科技,C 制造业,腾讯前复权日K回退（成交额、换手率已提供）,False,2026-07-30,14.67,14.604,15.007,True,False,False,True,16.69,-12.103055721989223,False,40.41500359311716,-0.604615043155313,-0.7197798406965249,0.2303295950824238,True,False,False,False,,,7.587918345556653,6.50533371884745,9.753087598975059,False,False,2026-07-27,3.0,True,16886.0,17496.0,0.9651348879743942,False,24989699.999999996,2.51,9.956055776892429,-1.1455525606469008,3.167115902964964,-2.245618711268073,31.914893617021306,29.787234042553273,False,22.99,False,True,False,False,False,False
514,001380,华纬科技,C 制造业,腾讯前复权日K回退（成交额、换手率已提供）,False,2026-07-30,15.73,15.466,15.8435,True,False,False,True,17.52,-10.216894977168947,False,47.432934523994135,-0.3033221768885177,-0.3542945142471718,0.10194467471730817,True,False,False,False,2026-07-29,1.0,10.222731889817235,8.400664591771314,13.866866485909078,False,False,2026-07-29,1.0,True,15901.0,12124.6,1.3114659452682975,False,25204500.0,0.68,37.065441176470586,0.06361323155215093,2.608142493638689,-0.7163821125382659,68.29268292682923,31.707317073170778,False,20.3,False,False,False,False,True,False
515,001382,新亚电缆,C 制造业,腾讯前复权日K回退（成交额、换手率已提供）,False,2026-07-30,17.06,17.24,15.8295,False,True,True,True,18.05,-5.484764542936299,False,53.18562061521055,-0.10638970498171219,-0.5331020262985573,0.8534246426336902,True,False,False,False,2026-07-15,11.0,24.924803531256742,19.66143772682962,35.451535140110984,False,False,,,False,81587.0,96374.0,0.8465665013385353,False,141162200.0,12.95,10.900555984555986,-5.327413984461716,4.71698113207546,7.773460943175711,30.58823529411749,5.88235294117615,False,23.76,False,False,False,False,True,False
516,001386,马可波罗,C 制造业,腾讯前复权日K回退（成交额、换手率已提供）,False,2026-07-30,15.18,14.863999999999999,14.504500000000002,True,True,True,True,15.08,0.6631299734747986,True,56.190891593447,-0.08879654309832219,-0.2516694070092227,0.325745727821801,True,False,False,False,2026-07-03,19.0,14.949727963462676,11.52932284831583,21.790538193756365,False,False,,,False,47166.0,37980.0,1.2418641390205372,False,71410300.0,4.39,16.266583143507972,1.3351134846461887,2.7369826435247004,4.657175359371213,24.39024390243893,75.60975609756107,True,19.87,False,False,False,False,False,False
517,001387,雪祺电气,C 制造业,腾讯前复权日K回退（成交额、换手率已提供）,False,2026-07-30,11.37,11.006,11.626000000000001,True,False,False,True,14.35,-20.766550522648085,False,45.64854470655563,-0.43079261310340655,-0.45325370746503274,0.044922188723252376,True,False,True,False,,,18.89567944563036,14.117914169769612,28.451209997351853,False,False,2026-07-28,2.0,True,36302.0,27848.0,1.3035765584602126,False,41722500.0,3.12,13.372596153846155,-0.9581881533101133,4.181184668989551,-2.201961121623963,64.58333333333339,20.83333333333324,False,14.65,False,False,False,False,False,False
518,001388,信通电子,C 制造业,腾讯前复权日K回退（成交额、换手率已提供）,False,2026-07-30,19.45,20.956,20.9395,False,False,True,False,26.75,-27.289719626168228,False,44.58965441352527,0.24561407576464234,0.4548098316378628,-0.41839151174644096,False,True,False,False,,,28.58158074118427,33.29903831287458,19.146665597803647,False,False,,,False,84831.0,133491.2,0.6354800915715791,False,168086800.0,6.78,24.791563421828908,-5.993233446109237,7.201546640889328,-7.113350366532151,24.832214765100705,16.778523489932866,False,26.76,False,True,False,False,False,False
519,001389,广合科技,C 制造业,腾讯前复权日K回退（成交额、换手率已提供）,False,2026-07-30,131.4,151.23399999999998,172.77450000000002,False,False,False,False,212.18,-38.07144876991234,False,33.35909510999444,-11.57899382390724,-7.017100638226213,-9.123786371362053,False,True,False,False,,,35.5622240866413,43.011937664178625,20.66279693156666,False,False,,,False,88878.0,85743.8,1.0365530802227099,False,1199143200.0,5.83,205.6849399656947,-9.999999999999998,11.068493150684928,-23.94711025064463,12.747524752475265,0.0,False,237.61,False,True,False,False,False,False
520,001390,古麒绒材,C 制造业,腾讯前复权日K回退（成交额、换手率已提供）,False,2026-07-30,17.58,17.454,18.035500000000003,True,False,False,True,20.47,-14.118221787982415,False,44.91160446353562,-0.3851032397792977,-0.38882072927328976,0.007434978987984064,True,False,True,False,,,18.945426536510972,17.27955125100384,22.277177107525233,False,False,2026-07-28,2.0,True,8793.0,8492.4,1.0353963543874523,False,15569500.0,0.74,21.039864864864864,-0.6779661016949157,2.146892655367226,-2.5255745612819394,18.421052631579073,21.052631578946976,False,21.36,False,False,False,False,True,False
521,001391,国货航,G 运输仓储,腾讯前复权日K回退（成交额、换手率已提供）,False,2026-07-30,4.35,4.282,4.2490000000000006,True,True,True,True,4.47,-2.684563758389264,False,51.68957522696727,-0.031034548895367386,-0.0642160831863405,0.06636306858194624,True,False,False,False,2026-07-03,19.0,23.706918227237338,21.926832781541,27.267089118630018,False,False,,,False,295638.0,215591.6,1.3712871930075197,False,128291400.0,1.95,65.79046153846154,0.23041474654377225,2.30414746543778,2.377029889385716,40.00000000000018,59.99999999999982,False,5.54,False,True,False,False,True,False
523,001395,亚联机械,C 制造业,腾讯前复权日K回退（成交额、换手率已提供）,False,2026-07-30,27.6,27.726,28.485000000000003,False,False,False,False,34.54,-20.092646207295882,False,48.28245826542052,0.44116211057263044,0.7495050208055182,-0.6166858204657755,False,True,False,False,,,45.52337599364015,50.84357436534583,34.8829792502288,False,False,,,False,42106.0,45223.8,0.9310584249886121,False,118555400.00000001,8.1,14.636469135802471,-2.2662889518413443,5.382436260623228,-3.1068983675618798,57.23684210526324,13.81578947368427,False,34.54,False,False,False,False,True,False
526,001400,江顺科技,C 制造业,腾讯前复权日K回退（成交额、换手率已提供）,False,2026-07-30,61.2,66.202,83.587,False,False,False,False,132.23,-53.71700824321258,False,27.387412470302465,-12.209501811461706,-11.10781497855363,-2.2033736658161516,False,True,False,False,,,4.590082694479981,6.4495583067379885,0.8711314699639647,False,False,,,False,15691.0,16928.0,0.9269258034026465,False,98586800.0,3.39,29.081651917404127,-6.593406593406581,7.768620268620275,-26.78287293478651,18.07465618860513,2.946954813359638,False,160.43,False,False,False,False,False,False
527,001696,宗申动力,C 制造业,腾讯前复权日K回退（成交额、换手率已提供）,False,2026-07-30,13.82,14.412,16.4925,False,False,False,False,21.94,-37.010027347310846,False,32.74237713241318,-1.4457140536592625,-1.2211181077502613,-0.44919189181800245,False,True,False,False,,,5.698852333244875,8.710261377735835,-0.32396575573704567,False,False,,,False,544745.0,306382.8,1.7779881899375554,False,761675399.9999999,6.11,124.66045826513908,-4.951856946354871,6.671251719394766,-16.204335303926023,15.463917525773068,25.77319587628869,False,25.74,False,False,False,False,False,False
528,001872,招商港口,G 运输仓储,腾讯前复权日K回退（成交额、换手率已提供）,False,2026-07-30,22.2,21.452,21.1105,True,True,True,True,22.93,-3.1836022677714806,False,59.20039696794698,0.44218667056673766,0.38649177080604286,0.11138979952138961,True,False,False,False,2026-07-02,20.0,67.82833780401226,64.7478755052229,73.98926240159099,True,False,,,False,35730.0,43651.4,0.8185304480497761,False,78438100.0,0.16,490.238125,2.5404157043879882,3.1870669745958327,5.160938869283063,0.0,100.0,True,23.29,False,False,False,False,True,False
529,001896,豫能控股,D 水电煤气,腾讯前复权日K回退（成交额、换手率已提供）,False,2026-07-30,11.84,13.408000000000001,14.321000000000002,False,False,False,False,17.81,-33.520494104435706,False,34.51923910166154,-1.0591448087146489,-0.9686951161865418,-0.18089938505621417,False,True,False,True,2026-07-22,6.0,9.706942576722499,15.407751862168881,-1.6946759941702645,False,False,,,False,1070219.0,1288531.4,0.8305726969478587,False,1321986000.0,7.01,188.58573466476463,-10.030395136778115,10.410334346504566,-17.324209203267937,14.598540145985469,0.0,False,24.04,False,False,False,False,False,False
530,001914,招商积余,K 房地产,腾讯前复权日K回退（成交额、换手率已提供）,False,2026-07-30,9.15,8.898,8.572999999999999,True,True,True,True,9.11,0.4390779363337094,True,63.00080384430041,0.08549156891271359,-0.009917119098984014,0.1908173760233952,True,False,False,False,2026-07-06,18.0,40.58209485220603,35.12752453447133,51.49123548767544,False,False,,,False,60490.0,74437.8,0.8126247685987495,False,55320900.0,0.57,97.0542105263158,0.8820286659316334,2.4255788313120243,6.730432753995122,40.90909090909072,59.09090909090927,False,10.58,False,False,False,False,False,False
531,001965,招商公路,G 运输仓储,腾讯前复权日K回退（成交额、换手率已提供）,False,2026-07-30,10.7,10.443999999999999,9.9525,True,True,True,True,10.65,0.4694835680751073,True,70.46827416719529,0.23711454471626325,0.15258974543153478,0.16904959856945695,True,False,False,False,2026-07-09,15.0,94.36584092858082,89.85875239345243,103.38001799883759,False,False,,,False,192572.0,146554.8,1.3139931274854186,False,204829199.99999997,0.28,731.5328571428569,1.325757575757569,1.9886363636363715,7.510675709620685,4.761904761905487,95.23809523809452,True,10.65,True,False,False,False,False,False
532,001979,招商蛇口,K 房地产,腾讯前复权日K回退（成交额、换手率已提供）,False,2026-07-30,7.02,6.944,6.718500000000001,True,True,True,False,7.34,-4.359673024523165,False,51.37948684385557,-0.049183635799301406,-0.1495082076515046,0.2006491437044064,True,False,False,False,2026-07-08,16.0,21.67863625663469,20.082770223892066,24.870368322119937,False,False,,,False,888515.0,692025.0,1.283934828944041,False,631737600.0,1.0,631.7376,-1.81818181818183,5.1748251748251635,4.487608841259194,45.94594594594603,21.621621621621443,False,9.98,False,False,False,False,False,False
533,002001,新 和 成,C 制造业,腾讯前复权日K回退（成交额、换手率已提供）,False,2026-07-30,30.52,29.924,29.639499999999998,True,True,True,False,32.0,-4.625000000000002,False,53.75488237931976,0.10553796018640327,-0.023201576258658842,0.2574790728901242,True,False,False,False,2026-07-17,9.0,26.899294414123002,25.0365993892096,30.624684463949805,False,False,,,False,290495.0,311551.6,0.9324137638837355,False,884830800.0,0.96,921.69875,0.7260726072607193,2.904290429042901,2.970697886266642,40.90909090909089,59.09090909090911,False,33.9,False,False,False,False,False,False
534,002003,伟星股份,C 制造业,腾讯前复权日K回退（成交额、换手率已提供）,False,2026-07-30,10.87,10.524,9.4755,True,True,True,True,10.95,-0.7305936073059367,False,77.62230955946555,0.48052993468140315,0.30236520243998477,0.35632946448283676,True,False,False,False,2026-07-02,20.0,94.82976380172924,90.8428698028801,102.80355179942751,False,False,,,False,203569.0,155684.4,1.3075748116060442,False,221872900.0,1.99,111.49391959798996,0.3693444136657398,2.3084025854108954,14.716901482771346,52.00000000000031,47.99999999999969,False,10.95,True,False,False,False,True,False
535,002004,华邦健康,C 制造业,腾讯前复权日K回退（成交额、换手率已提供）,False,2026-07-30,4.4,4.3,4.258000000000001,True,True,True,True,4.48,-1.785714285714287,False,57.50480272916196,0.028113956883005997,0.012708084403833045,0.030811744958345905,True,False,False,False,2026-07-02,20.0,32.3820397856915,29.090916687957115,38.964285981160266,False,False,,,False,211080.0,219847.4,0.9601205199606636,False,92560500.0,1.12,82.64330357142856,1.1494252873563315,2.0689655172413763,3.334899013621405,22.22222222222178,77.77777777777821,True,4.7,False,False,False,False,False,False
536,002005,德豪润达,C 制造业,腾讯前复权日K回退（成交额、换手率已提供）,False,2026-07-30,2.18,2.2299999999999995,2.341,False,False,False,False,2.63,-17.110266159695808,False,33.12352513447905,-0.09708166863420287,-0.0971878336453241,0.00021233002224246844,True,False,False,False,2026-07-23,5.0,10.262052715079312,13.539228534827755,3.707701075582424,False,False,,,False,148480.0,166228.8,0.8932266851472188,False,32859000.0,0.85,38.65764705882353,-1.3574660633484115,4.072398190045242,-6.877402819307989,88.88888888888911,0.0,False,3.04,False,False,False,False,False,False
537,002006,精工科技,C 制造业,腾讯前复权日K回退（成交额、换手率已提供）,False,2026-07-30,13.12,12.99,13.797000000000002,True,False,False,True,15.96,-17.794486215538857,False,40.2209031997894,-0.575717413719973,-0.5947443076348062,0.03805378782966651,True,False,True,False,,,6.738391340714803,5.3753678429166705,9.46443833631107,False,False,2026-07-29,1.0,True,84044.0,69503.2,1.2092105111707088,False,111099100.0,1.62,68.57969135802469,-1.4274981217130112,3.531179564237407,-4.906863810973422,53.19148936170226,29.787234042553006,False,19.1,False,False,False,False,True,False
538,002007,华兰生物,C 制造业,腾讯前复权日K回退（成交额、换手率已提供）,False,2026-07-30,13.48,13.080000000000002,13.062000000000001,True,True,True,True,13.73,-1.820830298616169,False,57.90312981054911,0.07021147823209262,0.04004020564368793,0.06034254517680937,True,False,False,False,2026-07-29,1.0,50.38974039688668,45.79493847904077,59.57934423257849,False,False,,,False,147704.0,114524.4,1.2897164272417057,False,197912500.0,0.94,210.54521276595744,1.6591251885369473,2.4132730015082844,3.200122492726988,18.749999999999687,81.25000000000031,True,14.54,False,False,False,False,True,False
539,002008,大族激光,C 制造业,腾讯前复权日K回退（成交额、换手率已提供）,False,2026-07-30,81.9,94.43,110.8095,False,False,False,False,140.68,-41.78276940574353,False,28.691968382926362,-10.444810472498347,-7.997574021745601,-4.894472901505491,False,True,False,False,,,30.379956364190562,36.08729117508255,18.96528674240659,False,False,,,False,538394.0,421071.6,1.2786281478019417,False,4528445000.0,5.63,804.341918294849,-9.999999999999998,9.72527472527472,-26.089369593762264,18.870056497175174,0.0,False,168.08,False,False,False,False,False,False
540,002009,天奇股份,C 制造业,腾讯前复权日K回退（成交额、换手率已提供）,False,2026-07-30,15.97,16.074,17.305,False,False,False,False,22.39,-28.673514962036624,False,36.53395068604506,-1.2258504853318009,-1.3247567680861025,0.19781256550860338,True,False,False,False,2026-07-28,2.0,10.132147676820015,9.093805456230433,12.20883211799918,False,False,2026-07-21,7.0,True,114768.0,114619.4,1.001296464647346,False,185452000.0,3.24,57.23827160493827,-3.2121212121212106,3.9393939393939306,-7.714533371857839,32.30769230769251,12.307692307692346,False,29.91,False,True,False,False,True,False
541,002010,传化智联,L 商务服务,腾讯前复权日K回退（成交额、换手率已提供）,False,2026-07-30,4.79,4.622,4.593500000000001,True,True,True,True,4.76,0.6302521008403413,True,56.477409979930194,-0.03326681086014016,-0.07404096855196242,0.08154831538364452,True,False,False,False,2026-07-02,20.0,18.37887071556651,14.131402259411722,26.87380762787609,False,False,2026-07-27,3.0,True,244559.0,216648.0,1.1288310992947084,False,116588300.0,0.89,130.99808988764045,1.4830508474576343,2.5423728813559157,4.2777838249700535,16.66666666666642,83.33333333333358,True,5.81,False,False,False,False,False,False
542,002011,盾安环境,C 制造业,腾讯前复权日K回退（成交额、换手率已提供）,False,2026-07-30,10.54,10.370000000000001,10.318999999999999,True,True,True,False,11.09,-4.959422903516688,False,51.42389657569051,-0.11532180773623857,-0.1974118255337779,0.16418003559507865,True,False,False,False,,,15.330377164896348,12.444638315503141,21.10185486368276,False,False,2026-07-23,5.0,True,109395.0,134732.4,0.8119427843636721,False,115711900.0,1.03,112.3416504854369,0.1901140684410496,2.281368821292778,2.1416803953871506,58.33333333333351,41.66666666666648,False,13.23,False,True,False,False,True,False
543,002012,凯恩股份,C 制造业,腾讯前复权日K回退（成交额、换手率已提供）,False,2026-07-30,5.33,5.6080000000000005,5.7265,False,False,False,True,6.75,-21.037037037037035,False,38.44077703243531,-0.34009221108556265,-0.3756062820733296,0.07102814197553386,True,False,False,False,2026-07-27,3.0,11.276724446720507,10.940948185457183,11.948276969247157,False,False,2026-07-21,7.0,True,144784.0,222123.8,0.6518166896118291,False,78516200.0,3.1,25.3278064516129,-2.3809523809523836,4.945054945054937,-6.923950056753683,37.03703703703696,14.81481481481485,False,9.65,False,True,False,False,False,False
544,002014,永新股份,C 制造业,腾讯前复权日K回退（成交额、换手率已提供）,False,2026-07-30,11.05,10.83,10.8515,True,True,False,True,11.24,-1.6903914590747287,False,56.213200871760144,0.026379097079571423,0.018399606205253723,0.0159589817486354,True,False,True,False,,,48.32907119127626,44.307013782499006,56.373186008830785,False,False,,,False,41298.0,28199.2,1.4645096314789072,False,45522600.0,0.69,65.97478260869566,2.314814814814814,2.7777777777777675,1.8292401972077685,19.999999999999645,80.00000000000036,True,11.48,False,False,False,False,True,False
545,002015,协鑫能科,D 水电煤气,腾讯前复权日K回退（成交额、换手率已提供）,False,2026-07-30,13.71,14.235999999999999,14.451500000000001,False,False,False,False,16.89,-18.827708703374775,False,39.51526869010702,-0.8226805483563826,-0.9722261619354186,0.2990912271580719,True,False,False,False,2026-07-21,7.0,9.672964356321406,11.49942690482616,6.020039259311897,False,False,,,False,508228.0,941498.8,0.5398073794677167,False,708927800.0,3.13,226.49450479233226,-3.2462949894142445,5.151729004940017,-5.130955264159431,45.205479452054774,6.849315068493245,False,25.53,False,False,False,False,True,False
546,002016,世荣兆业,K 房地产,腾讯前复权日K回退（成交额、换手率已提供）,False,2026-07-30,4.25,4.15,4.1075,True,True,True,True,4.55,-6.5934065934065895,False,52.40724119912551,-0.04590437491395427,-0.0840995405281295,0.07639033122835046,True,False,False,False,2026-07-06,18.0,12.089949258340402,10.621030309482252,15.0277871560567,False,False,2026-07-28,2.0,True,106969.0,92167.8,1.1605897070343438,False,45568500.0,1.32,34.521590909090904,0.7109004739336511,3.317535545023689,3.4692635423006712,57.14285714285733,42.85714285714268,False,5.49,False,False,False,False,True,False
547,002017,东信和平,C 制造业,腾讯前复权日K回退（成交额、换手率已提供）,False,2026-07-30,13.38,12.992,13.095500000000001,True,True,False,True,14.89,-10.141034251175283,False,45.77457808693631,-0.57102548064905,-0.760934107105196,0.37981725291229207,True,False,False,False,2026-07-23,5.0,10.705988694835865,7.603193199790522,16.91157968492655,False,False,2026-07-27,3.0,True,155551.0,134797.2,1.1539631387002103,False,209729500.0,2.68,78.25727611940297,0.6015037593984918,3.684210526315791,2.1725020045053607,57.14285714285698,42.85714285714301,False,20.16,False,False,False,False,True,False
548,002019,亿帆医药,C 制造业,腾讯前复权日K回退（成交额、换手率已提供）,False,2026-07-30,10.23,10.06,10.133000000000001,True,True,False,False,11.05,-7.420814479638012,False,52.045895252673525,0.020978545783522762,0.01569425984879813,0.010568571869449261,True,False,True,False,,,22.627560244476154,20.859425380513798,26.163829972400862,False,False,,,False,89093.0,114021.6,0.7813694949027201,False,91188200.0,1.06,86.0266037735849,-0.09765625,2.44140625,0.9572683311951004,51.9999999999996,48.0000000000004,False,11.19,False,False,False,False,True,False
549,002020,京新药业,C 制造业,腾讯前复权日K回退（成交额、换手率已提供）,False,2026-07-30,13.6,13.678,14.267000000000001,False,False,False,False,15.88,-14.35768261964736,False,47.77334362247133,0.07937536521319188,0.20639894398482853,-0.2540471575432733,False,True,False,False,,,42.793809716609395,45.21604793823067,37.94933327336685,False,False,,,False,133450.0,143862.0,0.9276250851510476,False,183490500.0,1.84,99.72309782608696,-2.017291066282434,3.746397694524505,-4.675124412981016,51.92307692307705,13.461538461538481,False,15.88,False,False,False,False,False,False
550,002021,中捷资源,C 制造业,腾讯前复权日K回退（成交额、换手率已提供）,False,2026-07-30,2.5,2.416,2.3779999999999997,True,True,True,True,2.67,-6.3670411985018704,False,53.691074484044485,-0.03655675833112104,-0.07237731425819748,0.07164111185415287,True,False,False,False,2026-07-27,3.0,23.814145635432357,17.149026189829044,37.14438452663899,False,False,2026-07-23,5.0,True,339255.0,361201.6,0.9392400255148372,False,85991800.0,2.84,30.27880281690141,-2.34375,4.687499999999987,5.130361648444085,50.00000000000019,8.33333333333318,False,3.4,False,False,False,False,False,False
551,002022,科华生物,C 制造业,腾讯前复权日K回退（成交额、换手率已提供）,False,2026-07-30,5.05,4.965999999999999,4.951499999999999,True,True,True,True,5.39,-6.307977736549162,False,52.49588709784785,-0.010210419208648958,-0.03300764179319749,0.04559444516909707,True,False,False,False,2026-07-03,19.0,29.778442843916746,27.988961093974098,33.35740634380204,False,False,,,False,52423.0,68819.0,0.7617518417878784,False,26586400.0,1.02,26.065098039215684,0.0,2.5742574257425725,1.989296172876916,61.53846153846164,38.46153846153836,False,6.26,False,False,False,False,True,False
552,002023,海特高新,C 制造业,腾讯前复权日K回退（成交额、换手率已提供）,False,2026-07-30,9.09,8.968,10.008500000000002,True,False,False,True,13.58,-33.06332842415316,False,36.44322405030463,-0.8585022002219098,-0.84640696685196,-0.024190466739899552,False,True,False,False,,,13.994045884372659,12.343372015689226,17.29539362173952,False,False,2026-07-27,3.0,True,219103.0,180906.6,1.2111387865340457,False,198894100.0,2.96,67.1939527027027,-0.1098901098901095,3.8461538461538423,-9.177199380526567,45.7142857142858,54.28571428571421,False,14.24,False,True,False,False,True,False
553,002024,ST易购,F 批发零售,腾讯前复权日K回退（成交额、换手率已提供）,False,2026-07-30,1.19,1.186,1.1965,True,False,False,True,1.27,-6.2992125984252025,False,48.0426868334743,-0.007491192810746394,-0.009180175612369479,0.0033779656032461684,True,False,False,False,2026-07-29,1.0,18.930679240079602,17.48778870173945,21.81646031675991,False,False,2026-07-28,2.0,True,292248.0,163793.2,1.7842498956000614,False,34906700.0,0.32,109.0834375,-0.8333333333333304,2.500000000000002,-0.5432511491851192,66.66666666666666,33.33333333333333,False,1.35,False,True,False,False,False,False
554,002025,航天电器,C 制造业,腾讯前复权日K回退（成交额、换手率已提供）,False,2026-07-30,57.16,62.698,72.564,False,False,False,False,95.75,-40.302872062663184,False,34.57223650176694,-3.176058975501647,-1.398086192839906,-3.5559455653234817,False,True,False,False,,,15.054093107811058,23.156921685118018,-1.1515640468028607,False,False,,,False,191144.0,161310.2,1.184946767160415,False,1100888800.0,4.21,261.4937767220903,-6.41781270464964,10.445317616240999,-21.228157212943056,5.48589341692792,34.326018808777384,False,95.75,False,False,False,False,False,False
555,002026,山东威达,C 制造业,腾讯前复权日K回退（成交额、换手率已提供）,False,2026-07-30,9.61,9.576,10.04,True,False,False,True,11.62,-17.29776247848537,False,36.71053029003353,-0.5017082980782224,-0.5564047535636767,0.10939291097090864,True,False,False,False,2026-07-28,2.0,12.71572601856757,10.316533554379284,17.514110946944143,False,False,2026-07-23,5.0,True,63275.0,41565.2,1.5223071223042355,False,61680300.0,1.44,42.83354166666667,-1.9387755102040938,2.959183673469397,-4.282868525896412,58.6206896551722,0.0,False,13.53,False,False,False,False,True,False
556,002027,分众传媒,L 商务服务,腾讯前复权日K回退（成交额、换手率已提供）,False,2026-07-30,5.62,5.331999999999999,5.021,True,True,True,True,5.5,2.181818181818184,True,71.97276706564148,0.11854473875857341,0.037248625024234296,0.16259222746867824,True,False,False,False,2026-07-02,20.0,44.40336059516111,35.76762945708893,61.67482287130548,False,False,,,False,2160882.0,1467527.2,1.4724647011653345,False,1206991200.0,1.5,804.6608,2.742230347349195,3.473491773308949,11.929894443337986,10.526315789473488,89.47368421052651,True,6.29,False,False,False,False,False,False
557,002028,思源电气,C 制造业,腾讯前复权日K回退（成交额、换手率已提供）,False,2026-07-30,154.1,162.404,159.544,False,False,True,False,179.1,-13.958682300390842,False,43.26052273734123,-4.0793316355091065,-5.630786568597193,3.102909866176173,True,False,False,False,2026-07-22,6.0,17.140141128588443,17.411764679031563,16.596894027702206,False,True,,,False,109449.0,129788.6,0.843286698523599,False,1730813900.0000002,1.79,966.9351396648046,-6.978148014004592,7.165278280816133,-3.41222484079628,7.582139848357248,0.5897219882055026,False,219.11,False,False,False,False,False,False
558,002029,七 匹 狼,C 制造业,腾讯前复权日K回退（成交额、换手率已提供）,False,2026-07-30,8.04,7.846000000000001,7.865,True,True,False,True,9.08,-11.45374449339208,False,51.31736897570664,-0.13586828682766772,-0.20924789357851747,0.14675921350169951,True,False,False,False,2026-07-27,3.0,18.297437474521544,14.66483894766067,25.562634528243294,False,False,,,False,214881.0,224134.8,0.9587132386403183,False,174295900.0,3.23,53.96157894736842,-0.12422360248449671,3.9751552795030975,2.2250476795931204,75.00000000000021,24.99999999999979,False,11.8,False,True,False,False,True,False
559,002030,达安基因,C 制造业,腾讯前复权日K回退（成交额、换手率已提供）,False,2026-07-30,5.34,5.3580000000000005,5.214499999999999,False,True,True,True,5.63,-5.150976909413854,False,50.351869762362206,-0.023340628419139087,-0.07733317758932975,0.10798509834038134,True,False,False,False,2026-07-03,19.0,18.64656396522458,17.318706895409317,21.302278104855105,False,False,2026-07-22,6.0,True,218798.0,233705.2,0.9362136572057447,False,117783900.0,1.56,75.5025,-2.0183486238532167,2.935779816513764,2.4067504075175115,18.749999999999584,18.75000000000014,False,7.79,False,True,False,False,True,False
560,002031,巨轮智能,C 制造业,腾讯前复权日K回退（成交额、换手率已提供）,False,2026-07-30,4.7,4.659999999999999,5.075,True,False,False,False,6.3,-25.39682539682539,False,39.76737634912444,-0.3275985548520879,-0.3396538302686143,0.024110550833052802,True,False,False,False,2026-07-29,1.0,7.289569768751002,6.472425711186108,8.92385788388079,False,False,2026-07-27,3.0,True,511042.0,537407.2,0.9509399948493433,False,242663000.0,2.67,90.88501872659175,-1.467505241090139,2.9350104821803056,-7.389162561576354,85.71428571428544,14.285714285714556,False,8.8,False,True,False,False,True,False
561,002032,苏 泊 尔,C 制造业,腾讯前复权日K回退（成交额、换手率已提供）,False,2026-07-30,44.94,42.986000000000004,43.458,True,True,False,True,46.85,-4.076840981856998,False,58.01045555889069,0.20460601658342625,0.20507700618556307,-0.0009419792042736352,False,True,False,False,,,53.61743426272201,52.00319422845018,56.84591433126566,True,False,,,False,44578.0,31635.6,1.4091087256129171,False,196456600.0,0.56,350.8153571428571,5.147402901263454,5.264389330837623,3.4101891481430338,0.0,100.0,True,47.76,False,False,False,False,False,False
562,002033,丽江股份,N 公共环保,腾讯前复权日K回退（成交额、换手率已提供）,False,2026-07-30,8.59,8.464000000000002,8.3845,True,True,True,True,8.67,-0.9227220299884669,False,55.56241552185747,0.0005579889082039102,-0.04148229519703674,0.08408056821048131,True,False,False,False,2026-07-15,11.0,15.30513641425136,12.97339144600425,19.96862635074558,False,False,,,False,174788.0,145090.6,1.2046817643596484,False,151381500.0,3.18,47.60424528301886,0.11655011655011815,2.0979020979020944,2.4509511598783553,83.33333333333366,16.666666666666337,False,9.08,False,True,False,False,True,False
563,002034,旺能环境,D 水电煤气,腾讯前复权日K回退（成交额、换手率已提供）,False,2026-07-30,14.25,14.044,14.2245,True,True,False,False,16.38,-13.003663003662998,False,42.08815823390618,-0.642471925412444,-0.8278065478842075,0.37066924494352693,True,False,False,False,2026-07-16,10.0,5.90152001859115,4.9722891456010165,7.759981764571416,False,False,2026-07-23,5.0,True,74354.0,71069.0,1.0462226849962712,False,106310100.0,1.45,73.31731034482759,0.35211267605634866,2.4647887323943762,0.17926816408309038,60.0,40.0,False,23.8,False,True,False,False,True,False
564,002035,华帝股份,C 制造业,腾讯前复权日K回退（成交额、换手率已提供）,False,2026-07-30,4.87,4.744,4.699,True,True,True,True,5.01,-2.7944111776447045,False,56.23564369706133,-0.008048160875165244,-0.04032209226105171,0.06454786277177293,True,False,False,False,,,18.796664772597982,16.83154148869381,22.726911340406332,False,False,2026-07-28,2.0,True,101480.0,79413.0,1.2778764182186795,False,49410800.0,1.3,38.00830769230769,0.8281573498964745,2.2774327122153273,3.6390721430091566,36.363636363636296,63.63636363636371,False,5.85,False,False,False,False,False,False
565,002036,联创电子,C 制造业,腾讯前复权日K回退（成交额、换手率已提供）,False,2026-07-30,6.88,6.764,6.8084999999999996,True,True,False,True,8.05,-14.534161490683239,False,46.27192778690188,-0.3592184621706753,-0.48596519428886364,0.25349346423637664,True,False,False,False,2026-07-21,2.0,18.181252998957106,13.401644197126856,27.740470602617606,False,False,2026-07-20,3.0,True,1150517.0,550405.8,2.090306824528375,True,856771400.0,10.9,78.60288073394496,-4.8409405255878335,14.799446749654221,1.0501578908717095,65.42056074766354,0.0,False,10.93,False,False,False,False,False,True
566,002037,保利联合,C 制造业,腾讯前复权日K回退（成交额、换手率已提供）,False,2026-07-30,6.53,6.246,6.0785,True,True,True,True,6.72,-2.827380952380945,False,56.10790551718634,-0.08466107630175834,-0.19975458040841704,0.2301870082133174,True,False,False,False,2026-07-02,20.0,18.64647117738709,12.969366281145227,30.00068096987082,False,False,2026-07-27,3.0,True,221189.0,64878.8,3.409264659642287,True,144523200.0,4.57,31.62433260393873,-2.8273809523809423,3.7202380952380953,7.427819363329773,16.000000000000014,32.00000000000003,False,8.76,False,False,False,False,False,True
567,002038,双鹭药业,C 制造业,腾讯前复权日K回退（成交额、换手率已提供）,False,2026-07-30,5.38,5.444,5.9845,False,False,False,False,7.32,-26.50273224043716,False,42.80912048974638,-0.13877494917509559,-0.048230398723143386,-0.1810891009039044,False,True,False,False,,,14.847882461228602,17.10585367508894,10.331940033507927,False,False,,,False,343267.0,334121.4,1.0273720869121223,False,187541800.0,4.03,46.536426799007444,-2.0036429872495543,4.371584699453539,-10.101094494109782,62.49999999999996,8.33333333333318,False,7.32,False,False,False,False,False,False
568,002039,黔源电力,D 水电煤气,腾讯前复权日K回退（成交额、换手率已提供）,False,2026-07-30,20.04,19.62,19.645999999999997,True,True,False,False,20.75,-3.4216867469879557,False,52.82854597607466,-0.04848168969168043,-0.11587789242080898,0.1347924054582571,True,False,False,False,2026-07-17,9.0,36.98263211153384,35.47653796318098,39.99482040823956,True,False,,,False,90029.0,87091.2,1.0337324551734275,False,180684300.0,2.11,85.63236966824645,0.7035175879396949,2.4120603015075224,2.005497302249832,60.416666666666885,39.583333333333115,False,23.29,False,False,False,False,True,False
569,002040,南 京 港,G 运输仓储,腾讯前复权日K回退（成交额、换手率已提供）,False,2026-07-30,8.06,8.001999999999999,7.778499999999999,True,True,True,True,8.12,-0.7389162561576198,False,53.49999958910891,-0.03953331502764801,-0.1271176819016255,0.175168733747955,True,False,False,False,2026-07-06,18.0,20.32583580049645,17.92701949292272,25.123468415643906,False,False,,,False,60667.0,65248.6,0.9297824014614873,False,49082900.0,1.25,39.26632,-0.3708281829418958,2.2249690976514183,3.618949668959327,66.66666666666634,33.33333333333366,False,10.88,False,True,False,False,True,False
570,002041,登海种业,A 农林牧渔,腾讯前复权日K回退（成交额、换手率已提供）,False,2026-07-30,8.66,8.472,8.3465,True,True,True,True,8.67,-0.11534025374855578,False,57.24689844033141,0.02393261604202479,-0.025740333844692657,0.09934589977343489,True,False,False,False,2026-07-02,20.0,21.00621768354301,17.913721161998666,27.191210726631695,False,False,,,False,157854.0,124560.8,1.267284731633066,False,136675500.0,1.79,76.3550279329609,1.5240328253224078,2.9308323563892147,3.756065416641699,35.99999999999994,64.00000000000006,False,10.53,False,False,False,False,True,False
571,002042,华孚时尚,C 制造业,腾讯前复权日K回退（成交额、换手率已提供）,False,2026-07-30,3.64,3.6020000000000003,3.6414999999999997,True,False,False,False,3.86,-5.699481865284968,False,48.01384082579441,-0.05006028037553856,-0.0706612212363649,0.04120188172165268,True,False,False,False,,,15.887157665295065,15.464233741003914,16.73300551387737,False,False,2026-07-29,1.0,True,244687.0,253357.2,0.9657787503177332,False,89609000.0,1.44,62.22847222222222,-1.0869565217391353,2.7173913043478284,-0.04119181655909963,60.0,30.00000000000022,False,5.59,False,True,False,False,False,False
572,002043,兔 宝 宝,C 制造业,腾讯前复权日K回退（成交额、换手率已提供）,False,2026-07-30,13.58,12.974,11.9595,True,True,True,True,13.84,-1.8786127167630042,False,67.22950101838462,0.34471370934768686,0.08812129521413099,0.5131848282671118,True,False,False,False,2026-07-03,19.0,45.447808104055035,36.5766141408186,63.1901960305279,False,False,,,False,163102.0,126760.6,1.2866931838441913,False,223168500.0,2.02,110.47945544554455,-1.0924981791696986,3.9329934450109314,13.549897570968684,74.07407407407402,24.07407407407418,False,16.08,False,True,False,False,False,False
573,002044,美年健康,Q 卫生,腾讯前复权日K回退（成交额、换手率已提供）,False,2026-07-30,4.5,4.454000000000001,4.5135000000000005,True,False,False,True,5.22,-13.79310344827586,False,44.23582211146048,-0.15887960121304268,-0.19161915656468306,0.06547911070328077,True,False,False,False,2026-07-17,9.0,9.418698010062718,8.64853644195024,10.959021146287672,False,False,2026-07-29,1.0,True,739284.0,697257.0,1.0602747623903381,False,336783700.0,1.91,176.3265445026178,-1.098901098901095,3.9560439560439695,-0.2991026919242386,77.77777777777783,16.66666666666675,False,6.72,False,True,False,False,True,False
574,002045,国光电器,C 制造业,腾讯前复权日K回退（成交额、换手率已提供）,False,2026-07-30,8.16,7.836,7.736999999999999,True,True,True,True,8.82,-7.482993197278913,False,52.383208840157145,-0.1373154541647006,-0.2614427469820614,0.24825458563472158,True,False,False,False,,,15.10951006835685,11.128496510643515,23.07153718378352,False,False,,,False,547266.0,230686.0,2.3723416245459195,True,454726700.0,9.74,46.68651950718686,-3.7735849056603765,6.721698113207529,5.467235362543634,26.31578947368403,5.263157894736744,False,11.76,False,False,False,False,False,True
575,002046,国机精工,C 制造业,腾讯前复权日K回退（成交额、换手率已提供）,False,2026-07-30,40.77,46.007999999999996,55.25600000000001,False,False,False,False,75.92,-46.29873551106428,False,28.607555996010433,-5.007704442218369,-3.5651815904817745,-2.885045703473189,False,True,False,False,,,11.830612969567332,19.164719945250923,-2.837600981799852,False,False,,,False,155563.0,128331.2,1.212199371625918,False,662665399.9999999,2.93,226.16566552901017,-9.999999999999986,11.986754966887418,-26.21615752135515,10.86556169429104,0.0,False,76.95,False,False,False,False,False,False
576,002047,宝鹰股份,E 建筑业,腾讯前复权日K回退（成交额、换手率已提供）,False,2026-07-30,3.03,3.1759999999999997,3.5885,False,False,False,False,4.79,-36.743215031315245,False,25.206773671503484,-0.36298062965379563,-0.35100104579010766,-0.02395916772737594,False,True,False,False,,,8.858962901941076,9.17153470168982,8.233819302443589,False,True,,,False,263952.0,220228.2,1.1985386067724295,False,81918700.0,1.74,47.07971264367816,-5.0156739811912265,6.896551724137938,-15.563605963494497,22.72727272727283,13.636363636363535,False,5.88,False,False,False,False,False,False
577,002048,宁波华翔,C 制造业,腾讯前复权日K回退（成交额、换手率已提供）,False,2026-07-30,17.69,18.036,20.688000000000002,False,False,False,False,26.51,-33.27046397585816,False,30.399997474242937,-1.9018181666553353,-1.8216623421479503,-0.16031164901477002,False,True,False,False,,,4.1481390287087985,4.8679300035673,2.708557078991797,False,True,,,False,178153.0,176884.8,1.0071696380921369,False,319165700.0,2.52,126.65305555555555,-2.855573860516203,4.0087863811092825,-14.491492652745558,31.506849315068536,10.958904109589287,False,30.73,False,False,False,False,False,False
578,002049,紫光国微,C 制造业,腾讯前复权日K回退（成交额、换手率已提供）,False,2026-07-30,64.7,64.776,72.611,False,False,False,False,90.2,-28.270509977827054,False,36.63337848011047,-4.335596559799839,-3.5801728518633267,-1.510847415873025,False,True,False,False,,,15.780865954424621,17.354602934639452,12.633391993994962,False,False,,,False,239084.0,224259.4,1.0661046983983726,False,1544530000.0,2.84,543.8485915492959,-0.24668516805426144,3.5769349367869263,-10.895043450716834,47.41379310344803,52.58620689655198,False,91.79,False,False,False,False,True,False
579,002050,三花智控,C 制造业,腾讯前复权日K回退（成交额、换手率已提供）,False,2026-07-30,35.46,35.628,40.05,False,False,False,False,49.13,-27.824140036637495,False,35.02759900944693,-2.4281568752651737,-2.10446611744677,-0.6473815156368072,False,True,False,False,,,4.2960543872925365,5.6496885764006555,1.5887860090762995,False,False,,,False,475219.0,626943.0,0.7579939484131731,False,1695794700.0,1.29,1314.569534883721,-1.554691837867861,2.859522487506924,-11.460674157303362,56.31067961165065,25.2427184466019,False,55.72,False,True,True,False,False,False
580,002051,中工国际,E 建筑业,腾讯前复权日K回退（成交额、换手率已提供）,False,2026-07-30,8.97,8.82,8.8535,True,True,False,True,11.44,-21.590909090909083,False,44.3921956099817,-0.5481437129452527,-0.6782455561142828,0.26020368633806035,True,False,False,False,2026-07-27,3.0,15.971073884589316,13.785788848475969,20.34164395681601,False,False,2026-07-27,3.0,True,321713.0,336146.2,0.9570627304428846,False,288071100.0,2.62,109.95080152671756,-0.6644518272425071,3.1007751937984622,1.315863782684817,35.714285714285445,64.28571428571456,False,13.89,False,False,False,False,False,False
581,002052,同洲电子,C 制造业,腾讯前复权日K回退（成交额、换手率已提供）,False,2026-07-30,8.42,8.6,8.2335,False,True,True,False,9.27,-9.169363538295574,False,49.23979121447013,-0.02370762712695651,-0.13981713193856865,0.23221900962322428,True,False,False,False,2026-07-02,20.0,22.36307209301185,20.537319749413143,26.014576780209268,False,False,,,False,104081.0,131071.6,0.7940774355390489,False,89633799.99999999,1.51,59.360132450331115,-4.643261608154026,5.662514156285391,2.2651363332726127,17.99999999999997,0.0,False,12.23,False,True,False,True,False,False
582,002053,云南能投,D 水电煤气,腾讯前复权日K回退（成交额、换手率已提供）,False,2026-07-30,9.51,9.376000000000001,9.3935,True,True,False,False,11.0,-13.545454545454547,False,48.04889508066429,-0.16155330844365423,-0.2286062166245993,0.13410581636189012,True,False,False,False,,,18.03612369841272,17.632445116656857,18.84348086192444,False,False,2026-07-29,1.0,True,77871.0,87001.6,0.8950525047815212,False,74325300.0,0.85,87.44152941176472,-0.41884816753927634,2.5130890052356043,1.2402193005801914,58.33333333333351,37.49999999999991,False,12.86,False,True,False,False,True,False
583,002054,德美化工,C 制造业,腾讯前复权日K回退（成交额、换手率已提供）,False,2026-07-30,6.75,6.652000000000001,6.76,True,False,False,True,7.18,-5.98885793871866,False,46.68683192659384,-0.15490604127822305,-0.19446689831889935,0.0791217140813526,True,False,False,False,2026-07-09,15.0,11.248944235259634,8.94968093602665,15.847470833725598,False,False,2026-07-28,2.0,True,227080.0,124434.4,1.8248972952816906,True,154375200.0,5.91,26.121015228426394,-2.1739130434782705,5.072463768115937,-0.14792899408283708,42.857142857143,28.5714285714285,False,8.93,False,True,False,False,False,False
584,002055,ST得润,C 制造业,腾讯前复权日K回退（成交额、换手率已提供）,False,2026-07-30,5.07,5.2540000000000004,5.9445,False,False,False,False,7.23,-29.87551867219917,False,32.49051967225523,-0.3413832688190501,-0.2650821973572459,-0.1526021429236084,False,True,False,False,,,12.597214640068911,14.99832088040278,7.795002159401172,False,False,,,False,150691.0,109333.6,1.3782679798341955,False,77910300.0,2.54,30.673346456692915,-4.339622641509422,3.9622641509433953,-14.711077466565722,14.285714285713983,4.761904761905084,False,8.31,False,False,False,False,False,False
585,002056,横店东磁,C 制造业,腾讯前复权日K回退（成交额、换手率已提供）,False,2026-07-30,20.15,21.058,24.85,False,False,False,False,33.73,-40.260895345389855,False,34.60250393055263,-1.7160589978775604,-1.1617717711950832,-1.1085744533649544,False,True,False,False,,,23.17285472996043,27.70002326954058,14.118517650800129,False,False,,,False,374688.0,298772.6,1.2540909039182309,False,762850900.0,2.31,330.23848484848486,-3.4961685823754807,6.369731800766293,-18.91348088531188,33.834586466165575,28.57142857142846,False,33.73,False,True,False,False,False,False
586,002057,中钢天源,C 制造业,腾讯前复权日K回退（成交额、换手率已提供）,False,2026-07-30,7.92,7.837999999999999,8.8625,True,False,False,True,13.37,-40.762902019446514,False,36.12369793613329,-0.8361360699836027,-0.814286343417264,-0.04369945313267731,False,True,False,False,,,7.088919369470614,6.562379327398191,8.14199945361546,False,False,2026-07-29,1.0,True,259043.0,228575.4,1.133293434026584,False,205404199.99999997,3.44,59.71052325581394,-0.8760951188986232,3.5043804755944965,-10.634696755994366,53.57142857142865,46.428571428571345,False,13.45,False,True,False,False,True,False
587,002058,威尔泰,C 制造业,腾讯前复权日K回退（成交额、换手率已提供）,False,2026-07-30,14.76,15.197999999999999,16.7695,False,False,False,False,20.97,-29.613733905579398,False,29.9600894840936,-1.6411000841690395,-1.7161000104055533,0.1499998524730275,True,False,False,False,2026-07-28,2.0,7.599985255775326,7.611483921952506,7.576987923420964,False,True,,,False,27981.0,18163.0,1.5405494687001047,False,42096500.0,1.96,21.47780612244898,-4.774193548387096,6.774193548387101,-11.983064492083848,15.238095238095243,14.28571428571431,False,28.52,False,False,False,False,False,False
588,002059,云南旅游,N 公共环保,腾讯前复权日K回退（成交额、换手率已提供）,False,2026-07-30,4.39,4.306,4.294499999999999,True,True,True,True,4.45,-1.348314606741584,False,54.12623354685671,-0.015472794739891604,-0.03598144440094365,0.04101729932210409,True,False,False,False,2026-07-02,20.0,23.294284077014055,20.752523672855016,28.377804885332132,False,False,,,False,139950.0,77402.4,1.8080834702799915,True,61925500.0,1.42,43.609507042253526,0.9195402298850519,3.218390804597694,2.223774595412746,57.14285714285733,42.85714285714268,False,4.9,False,False,False,False,True,False
589,002060,广东建工,E 建筑业,腾讯前复权日K回退（成交额、换手率已提供）,False,2026-07-30,3.32,3.254,3.2060000000000004,True,True,True,True,3.31,0.3021148036253712,True,58.82886780298949,0.007721018245196998,-0.012009330508811492,0.03946069750801698,True,False,False,False,2026-07-06,18.0,28.580251029907828,25.1996273236756,35.341498442372284,False,False,,,False,155680.0,144858.2,1.074706160921508,False,51574399.99999999,1.0,51.57439999999999,0.911854103343468,1.8237082066869317,3.5558328134747166,16.666666666667037,83.33333333333296,True,3.74,False,False,False,False,False,False
590,002061,浙江交科,E 建筑业,腾讯前复权日K回退（成交额、换手率已提供）,False,2026-07-30,3.64,3.564,3.563999999999999,True,True,True,True,3.67,-0.8174386920980874,False,58.699870895719975,0.016508247243337326,0.008529219253640731,0.01595805597939319,True,False,False,False,2026-07-29,1.0,47.059120086102105,39.55372667570156,62.0699069069032,False,False,,,False,170681.0,155797.2,1.095533167476694,False,62132800.0,0.66,94.14060606060606,0.27548209366392573,1.6528925619834725,2.1324354657688267,33.33333333333333,66.66666666666666,False,3.83,False,True,False,False,False,False
591,002062,宏润建设,E 建筑业,腾讯前复权日K回退（成交额、换手率已提供）,False,2026-07-30,7.4,7.406000000000001,7.269,False,True,True,True,8.14,-9.090909090909092,False,49.50411776803633,-0.10188377838146945,-0.17087174879613676,0.13797594082933462,True,False,False,False,2026-07-15,11.0,21.599342571111716,19.837982632542992,25.12206244824916,False,False,2026-07-23,5.0,True,144875.0,156843.0,0.9236943950319747,False,107304900.0,1.29,83.18209302325582,-1.2016021361815787,3.738317757009349,1.8021736139771662,39.28571428571436,39.28571428571436,False,10.48,False,False,False,False,True,False
592,002063,远光软件,I 信息技术,腾讯前复权日K回退（成交额、换手率已提供）,False,2026-07-30,5.39,5.322,5.2615,True,True,True,True,5.62,-4.092526690391467,False,52.52627101714023,-0.0037735827380709352,-0.03737167709350057,0.06719618871085926,True,False,False,False,,,19.851610238759427,18.147203395952406,23.26042392437347,False,False,2026-07-28,2.0,True,280230.0,256845.0,1.0910471295917772,False,152480700.0,1.58,96.50677215189873,-0.5535055350553542,2.214022140221404,2.44226931483417,83.33333333333296,8.333333333333147,False,6.7,False,True,True,False,False,False
593,002064,华峰化学,C 制造业,腾讯前复权日K回退（成交额、换手率已提供）,False,2026-07-30,11.15,10.984,10.547,True,True,True,False,11.4,-2.1929824561403506,False,57.400949122426724,0.20277583013775846,0.10339311472419374,0.19876543082712944,True,False,False,False,2026-07-21,7.0,64.87150269559332,59.1156989158354,76.38311025510914,False,False,,,False,609759.0,404363.2,1.5079487945490588,False,686311700.0,1.23,557.9769918699187,-0.6238859180035639,6.506238859180039,5.71726557314876,72.60273972602727,27.397260273972734,False,12.05,False,True,False,False,True,False
594,002065,东华软件,I 信息技术,腾讯前复权日K回退（成交额、换手率已提供）,False,2026-07-30,6.88,6.81,6.911,True,False,False,False,7.31,-5.8823529411764675,False,46.36844998876275,-0.0993205647263764,-0.11709653241726156,0.03555193538177032,True,False,False,False,2026-07-08,16.0,14.399492737076189,12.327594770314471,18.543288670599626,False,False,2026-07-28,2.0,True,415360.0,398741.2,1.041678161173212,False,288021200.0,1.43,201.4134265734266,-0.5780346820809301,3.034682080924855,-0.4485602662422181,76.19047619047628,23.80952380952373,False,8.98,False,True,False,False,True,False
595,002066,瑞泰科技,C 制造业,腾讯前复权日K回退（成交额、换手率已提供）,False,2026-07-30,19.98,20.336000000000002,20.305,False,False,True,False,22.35,-10.604026845637588,False,43.827265488511806,-0.4188779286875999,-0.5663416646509567,0.29492747192671365,True,False,False,False,2026-07-22,6.0,25.014385125679752,24.7262619055431,25.590631565953053,False,False,,,False,34069.0,34974.6,0.9741069233100593,False,68479700.0,1.47,46.58482993197279,-2.821011673151741,3.5505836575875507,-1.6005909874415132,6.849315068493245,13.69863013698649,False,28.23,False,False,False,False,False,False
596,002067,景兴纸业,C 制造业,腾讯前复权日K回退（成交额、换手率已提供）,False,2026-07-30,4.16,4.234,4.0555,False,True,True,True,4.4,-5.4545454545454595,False,51.589442272189395,0.013696407836832236,-0.03906908553441426,0.10553098674249299,True,False,False,False,2026-07-03,19.0,29.12498364809717,27.30111064095821,32.77272966237509,False,False,,,False,569132.0,625815.4,0.9094247281227019,False,239974600.0,4.25,56.464611764705886,-2.8037383177570097,2.803738317757012,2.5767476266798126,16.666666666667037,0.0,False,5.73,False,True,False,False,True,False
597,002068,黑猫股份,C 制造业,腾讯前复权日K回退（成交额、换手率已提供）,False,2026-07-30,7.3,7.404000000000001,9.354,False,False,False,False,15.28,-52.22513089005235,False,31.419712403903915,-1.1790458542483684,-0.9773893849699458,-0.40331293855684525,False,True,False,False,,,7.718305377508442,9.098984819170136,4.956946494185054,False,False,,,False,318609.0,236537.2,1.3469720618997771,False,236162200.0,4.33,54.54092378752887,-0.815217391304357,4.891304347826091,-21.95852041907205,97.22222222222229,2.7777777777777164,False,15.99,False,True,True,False,True,False
598,002069,獐子岛,A 农林牧渔,腾讯前复权日K回退（成交额、换手率已提供）,False,2026-07-30,3.13,3.066,3.089,True,True,False,True,3.33,-6.006006006006012,False,51.067731847812496,-0.031326983273502584,-0.04496541029980005,0.02727685405259493,True,False,False,False,2026-07-02,20.0,19.266894206703274,16.52604548582866,24.748591648452503,False,False,2026-07-28,2.0,True,92957.0,95886.6,0.9694472428889959,False,29136700.0,1.31,22.24175572519084,0.6430868167202508,3.2154340836012896,1.3272903852379387,50.00000000000022,49.99999999999978,False,3.92,False,False,False,False,True,False
599,002072,凯瑞德,F 批发零售,腾讯前复权日K回退（成交额、换手率已提供）,False,2026-07-30,6.67,6.738000000000001,7.217499999999999,False,False,False,False,10.6,-37.075471698113205,False,40.647567686525605,-0.40692618035275174,-0.40297437609585124,-0.007903608513801008,False,True,False,False,,,15.627359124183206,15.232140799876207,16.417795772797202,False,False,2026-07-23,5.0,True,63760.0,81526.6,0.7820760340796745,False,42465600.00000001,1.73,24.54658959537573,-0.2989536621823663,2.98953662182362,-7.585729130585375,55.000000000000114,44.99999999999989,False,10.6,False,False,False,False,True,False
600,002073,软控股份,C 制造业,腾讯前复权日K回退（成交额、换手率已提供）,False,2026-07-30,5.84,5.558000000000001,5.3895,True,True,True,True,5.67,2.9982363315696636,True,65.49205065174444,0.03901374023223969,-0.025743823331753044,0.12951512712798546,True,False,False,False,,,23.066062335083412,19.168085069417803,30.862016866414628,False,False,,,False,275952.0,145075.0,1.902133379286576,True,159677100.0,2.72,58.70481617647059,3.362831858407067,3.5398230088495604,8.358845904072734,10.000000000000222,89.99999999999979,True,6.81,False,False,False,False,False,False
601,002074,国轩高科,C 制造业,腾讯前复权日K回退（成交额、换手率已提供）,False,2026-07-30,28.68,27.65,26.7625,True,True,True,True,29.09,-1.4094190443451364,False,55.578316374206494,-0.20110554809490466,-0.6157097387721027,0.829208381354396,True,False,False,False,2026-07-15,11.0,22.1189541518097,19.747876089481707,26.86111027646568,False,False,,,False,402869.0,326592.6,1.2335521380459937,False,1154177300.0,2.32,497.49021551724144,1.378579003181346,3.7822552138564878,7.164876226062589,27.10280373831767,72.89719626168232,True,39.29,False,False,False,False,True,False
602,002075,沙钢股份,C 制造业,腾讯前复权日K回退（成交额、换手率已提供）,False,2026-07-30,3.67,3.5379999999999994,3.4534999999999996,True,True,True,True,3.66,0.27322404371584114,True,58.4045971732504,-0.011933330571749057,-0.053469307433517986,0.08307195372353786,True,False,False,False,,,18.70530111889714,14.331439664565607,27.453024027560204,False,False,,,False,351159.0,306165.4,1.1469584740796968,False,129203600.0,1.6,80.75225,1.1019283746556585,3.305785123966945,6.269002461271185,50.0,50.0,False,4.8,False,False,False,False,True,False
603,002076,星光股份,C 制造业,腾讯前复权日K回退（成交额、换手率已提供）,False,2026-07-30,1.9,1.8760000000000001,2.0090000000000003,True,False,False,True,2.53,-24.901185770750985,False,39.35001571102957,-0.12878351274861677,-0.1379618296847587,0.018356633872283867,True,False,False,False,2026-07-29,1.0,13.562330350590903,11.849166158479152,16.988658734814404,False,False,2026-07-28,2.0,True,312813.0,286716.0,1.091020382538819,False,60731700.0,3.0,20.2439,-1.5544041450777257,4.663212435233165,-5.425584868093599,66.66666666666666,0.0,False,2.83,False,False,False,False,True,False
604,002077,大港股份,C 制造业,腾讯前复权日K回退（成交额、换手率已提供）,False,2026-07-30,11.25,11.746,14.987,False,False,False,False,20.3,-44.58128078817734,False,26.101471894499483,-1.7179291839370254,-1.3449899464165147,-0.7458784750410214,False,True,False,False,,,8.533488933391551,11.959949478454556,1.680567843265539,False,False,,,False,294091.0,354931.0,0.8285864013005345,False,334474000.0,5.07,65.97120315581854,-3.100775193798444,4.0482342807924105,-24.934943617802098,21.276595744680826,21.276595744680826,False,20.3,False,False,False,False,False,False
605,002078,太阳纸业,C 制造业,腾讯前复权日K回退（成交额、换手率已提供）,False,2026-07-30,14.66,14.443999999999999,13.711500000000001,True,True,True,True,15.07,-2.7206370272063714,False,67.7379476812678,0.4394716067293398,0.3418933153775364,0.1951565827036068,True,False,False,False,2026-07-02,20.0,72.06109893699085,63.151687436026975,89.87992193891859,False,False,,,False,186698.0,183163.0,1.0192997494035367,False,273621300.0,0.67,408.39,0.9641873278236845,2.548209366391179,6.917550960872254,45.94594594594603,54.05405405405398,False,15.07,False,False,False,False,True,False
606,002079,苏州固锝,C 制造业,腾讯前复权日K回退（成交额、换手率已提供）,False,2026-07-30,8.72,8.84,10.854000000000001,False,False,False,False,15.2,-42.63157894736842,False,31.220172890247852,-1.196079514614171,-1.0238470466956002,-0.34446493583714144,False,True,False,False,,,12.628722199701214,14.141983010328588,9.602200578446464,False,False,,,False,431161.0,435181.0,0.9907624643539125,False,380668300.0,5.32,71.5541917293233,-3.2186459489456087,3.5516093229744765,-19.660954486825137,0.0,12.500000000000277,False,15.2,False,False,False,False,True,False
607,002080,中材科技,C 制造业,腾讯前复权日K回退（成交额、换手率已提供）,False,2026-07-30,42.33,46.372,60.681000000000004,False,False,False,False,89.78,-52.85141456894632,False,31.547727299143887,-8.023571562663435,-5.9949845094136895,-4.05717410649949,False,True,False,False,,,12.408950476764943,17.782613849280203,1.661623731734423,False,False,,,False,687506.0,478841.0,1.4357709552857838,False,2930889800.0,4.1,714.8511707317073,-2.957359009628613,9.491059147180195,-30.241756068621157,25.845410628019327,44.68599033816428,False,102.22,False,False,False,False,False,False
608,002081,金 螳 螂,E 建筑业,腾讯前复权日K回退（成交额、换手率已提供）,False,2026-07-30,3.65,3.656,3.807,False,False,False,False,4.57,-20.131291028446398,False,38.147979140583224,-0.28978126169707963,-0.34143269523540704,0.10330286707665481,True,False,False,False,2026-07-23,5.0,11.697623394888728,11.651962390393727,11.788945403878728,False,False,2026-07-29,1.0,True,1064641.0,834268.4,1.2761372718899577,False,393765700.0,4.03,97.70861042183623,-2.144772117962468,5.630026809651474,-4.123982138166536,38.09523809523814,23.80952380952373,False,8.47,False,True,False,False,False,False
609,002082,ST万邦,C 制造业,腾讯前复权日K回退（成交额、换手率已提供）,False,2026-07-30,9.35,9.546000000000001,10.9095,False,False,False,True,13.33,-29.857464366091524,False,35.271189268683415,-0.9964593211751378,-1.018087687209606,0.04325673206893654,True,False,False,False,2026-07-29,1.0,3.6541992375297476,3.2436842847114735,4.475229143166296,False,False,2026-07-28,2.0,True,200086.0,199575.6,1.0025574268597965,False,199170900.0,3.52,56.58264204545455,-8.153241650294696,11.787819253438126,-14.294880608643842,26.666666666666668,5.833333333333353,False,27.07,False,True,True,False,False,True
610,002083,孚日股份,C 制造业,腾讯前复权日K回退（成交额、换手率已提供）,False,2026-07-30,11.26,11.492,10.1815,False,True,True,True,12.67,-11.128650355169693,False,55.543414778667604,0.3118629836117588,0.11097895366964936,0.4017680598842189,True,False,False,False,2026-07-23,5.0,47.61492537095671,42.003902264112526,58.836971584645084,False,False,,,False,1168990.0,1288945.0,0.9069355170313707,False,1339629300.0,12.35,108.47200809716601,-5.218855218855223,6.565656565656575,10.59274173746501,58.974358974359,17.948717948717995,False,12.71,False,False,False,False,False,True
611,002084,海鸥住工,C 制造业,腾讯前复权日K回退（成交额、换手率已提供）,False,2026-07-30,3.37,3.35,3.5140000000000002,True,False,False,True,3.93,-14.249363867684478,False,45.55027331727018,-0.05375148299281296,-0.035847818456535216,-0.03580732907255549,False,True,False,False,,,31.116314985205133,28.69683503145153,35.95527489271233,False,False,,,False,151889.0,144632.2,1.0501741659187926,False,52105300.0,2.36,22.07851694915254,-2.034883720930225,4.941860465116276,-4.097894137734778,52.94117647058817,11.764705882352956,False,3.93,False,False,False,False,True,False
612,002085,万丰奥威,C 制造业,腾讯前复权日K回退（成交额、换手率已提供）,False,2026-07-30,10.55,10.218,10.348500000000001,True,True,False,True,11.72,-9.982935153583616,False,47.29157030580304,-0.38382540131674325,-0.4985488104203327,0.22944681820717894,True,False,False,False,2026-07-22,6.0,10.92702921561679,8.13686610123884,16.507355444372685,False,False,2026-07-21,7.0,True,329988.0,219120.6,1.5059652082004156,False,346724300.0,1.55,223.69309677419355,1.9323671497584627,3.2850241545893706,1.9471420978885763,14.705882352940868,85.29411764705912,True,14.47,False,False,False,False,True,False
613,002086,东方海洋,A 农林牧渔,腾讯前复权日K回退（成交额、换手率已提供）,False,2026-07-30,1.78,1.7580000000000002,1.746,True,True,True,True,1.83,-2.732240437158472,False,52.569234617402245,-0.004762730392402048,-0.015627479550141384,0.02172949831547867,True,False,False,False,2026-07-02,20.0,25.647680631146727,20.396149857939516,36.15074217756115,False,False,2026-07-27,3.0,True,343246.0,327044.0,1.0495407345800565,False,62112800.0,2.17,28.62341013824885,-1.1111111111111072,3.8888888888888924,1.947308132875145,57.14285714285714,14.285714285714285,False,2.06,False,False,False,False,False,False
614,002088,鲁阳节能,C 制造业,腾讯前复权日K回退（成交额、换手率已提供）,False,2026-07-30,7.19,7.0840000000000005,7.374,True,False,False,False,8.05,-10.6832298136646,False,42.91172111387597,-0.26065442550693074,-0.28548272728720114,0.0496566035605408,True,False,False,False,2026-07-29,1.0,8.325600156791442,7.194126003165142,10.588548464044042,False,False,2026-07-29,1.0,True,36618.0,58606.2,0.6248144394279104,False,26433700.0,0.72,36.71347222222222,-0.2773925104022079,2.9126213592233006,-2.4952535937076115,61.90476190476186,38.09523809523814,False,9.86,False,False,False,False,True,False
615,002090,金智科技,C 制造业,腾讯前复权日K回退（成交额、换手率已提供）,False,2026-07-30,9.56,8.962,8.9315,True,True,True,True,9.74,-1.8480492813141656,False,57.9143696829662,-0.1073055024803029,-0.2250489762866337,0.2354869476126616,True,False,False,False,2026-07-27,3.0,26.908135241633044,18.677980291761756,43.36844514137562,False,False,2026-07-23,5.0,True,218605.0,76913.0,2.842237333090635,True,211600099.99999997,5.49,38.54282331511839,3.239740820734349,6.911447084233267,7.036891899456986,53.124999999999936,46.875000000000064,False,11.7,False,False,False,False,True,False
616,002091,江苏国泰,F 批发零售,腾讯前复权日K回退（成交额、换手率已提供）,False,2026-07-30,7.95,7.648000000000001,7.484,True,True,True,True,7.8,1.9230769230769278,True,62.622115881460424,0.010915433070583624,-0.06473393213366353,0.15129873040849431,True,False,False,False,2026-07-02,20.0,24.89358641748949,20.369286427591433,33.94218639728561,False,False,,,False,159820.0,107567.0,1.4857716585941785,False,126166400.0,1.0,126.1664,2.7131782945736482,3.488372093023262,6.22661678246927,11.111111111111184,88.88888888888881,True,9.5,False,False,False,True,False,False
617,002092,中泰化学,C 制造业,腾讯前复权日K回退（成交额、换手率已提供）,False,2026-07-30,4.44,4.4079999999999995,4.1815,True,True,True,False,4.58,-3.056768558951958,False,56.501200170390845,0.03160166731582237,-0.028284043666913092,0.11977142196547091,True,False,False,False,,,16.838108487293464,14.733059198834857,21.048207064210676,False,False,,,False,566402.0,750636.4,0.754562395322156,False,251567000.0,2.2,114.34863636363636,0.0,3.153153153153146,6.181992108095196,57.142857142856684,42.85714285714331,False,6.91,False,True,False,False,False,False
618,002093,国脉科技,I 信息技术,腾讯前复权日K回退（成交额、换手率已提供）,False,2026-07-30,6.83,6.596000000000001,6.412000000000001,True,True,True,True,6.79,0.5891016200294555,True,56.67361521924846,-0.039790104074156396,-0.13605918131555986,0.19253815448280692,True,False,False,False,,,15.94577943985278,12.114165618387146,23.60900708278405,False,False,,,False,163946.0,165612.6,0.9899367560197714,False,112221200.00000001,1.63,68.84736196319021,1.0355029585798814,3.1065088757396446,6.519026824703668,42.8571428571428,57.14285714285721,False,8.8,False,False,False,False,False,False
619,002094,青岛金王,C 制造业,腾讯前复权日K回退（成交额、换手率已提供）,False,2026-07-30,4.58,4.42,4.369,True,True,True,True,4.6,-0.4347826086956429,False,54.09703660866815,-0.07307294386176544,-0.13266750152182158,0.11918911532011228,True,False,False,False,2026-07-02,20.0,11.334524355954064,7.911987328343993,18.179598411174204,False,False,2026-07-27,3.0,True,263247.0,221861.8,1.1865359426453765,False,122097300.0,3.81,32.046535433070865,0.43859649122808264,4.3859649122807065,4.829480430304424,64.99999999999989,35.00000000000011,False,6.42,False,True,False,False,True,False
620,002095,生 意 宝,I 信息技术,腾讯前复权日K回退（成交额、换手率已提供）,False,2026-07-30,13.81,13.404,13.1565,True,True,True,True,13.8,0.07246376811594048,True,56.81203212650177,-0.01479368583262719,-0.13076177827527236,0.23193618488529033,True,False,False,False,,,19.342123491443683,14.750463317683723,28.5254438389636,False,False,2026-07-28,2.0,True,38869.0,24701.2,1.573567276083753,False,54068600.0,1.54,35.10948051948052,1.5441176470588402,3.6764705882352944,4.9671265154106425,51.99999999999996,48.00000000000004,False,16.75,False,False,False,False,True,False
621,002096,易普力,C 制造业,腾讯前复权日K回退（成交额、换手率已提供）,False,2026-07-30,9.57,9.246,8.899000000000001,True,True,True,True,9.49,0.8429926238145424,True,60.32377877008214,0.01958147240109831,-0.10326547911461562,0.24569390303142785,True,False,False,False,2026-07-03,19.0,21.760647913638973,17.257647045144697,30.76664965062752,False,False,,,False,84890.0,71671.0,1.18444001060401,False,81171600.0,0.68,119.37,2.025586353944564,2.8784648187633213,7.5401730531520315,33.33333333333333,66.66666666666666,False,12.19,False,False,False,False,False,False
622,002097,山河智能,C 制造业,腾讯前复权日K回退（成交额、换手率已提供）,False,2026-07-30,7.17,7.008,6.9855,True,True,True,True,7.53,-4.780876494023908,False,48.32535472981791,-0.19962348961170306,-0.2931511205213632,0.1870552618193203,True,False,False,False,2026-07-10,14.0,11.397305675698886,8.589450456875873,17.01301611334491,False,False,2026-07-21,7.0,True,176802.0,184696.2,0.9572584601090872,False,127151299.99999999,1.65,77.06139393939392,0.2797202797202747,2.5174825174825255,2.6411853124328952,61.111111111111086,38.888888888888914,False,10.44,False,False,False,False,True,False
623,002098,浔兴股份,C 制造业,腾讯前复权日K回退（成交额、换手率已提供）,False,2026-07-30,6.52,6.3999999999999995,6.4405,True,True,False,True,6.81,-4.258443465491924,False,49.08797767937952,-0.11009879758726449,-0.1585331357016576,0.09686867622878625,True,False,False,False,,,10.908446395898167,8.851913142379589,15.021512902935324,False,False,2026-07-28,2.0,True,26383.0,30427.0,0.8670917277418083,False,17372300.0,0.74,23.47608108108108,-0.6097560975609762,2.8963414634146267,1.2343762130269305,68.42105263157907,15.78947368421023,False,8.75,False,False,False,False,False,False
624,002099,海翔药业,C 制造业,腾讯前复权日K回退（成交额、换手率已提供）,False,2026-07-30,5.43,5.2700000000000005,5.213,True,True,True,True,5.58,-2.688172043010759,False,55.53898921498733,-0.028077428481654287,-0.0771920310781544,0.09822920519300021,True,False,False,False,2026-07-27,3.0,15.908275078806525,12.240834132356573,23.24315697170643,False,False,2026-07-27,3.0,True,163022.0,204767.2,0.7961333651092557,False,88340500.0,1.01,87.46584158415843,-0.7312614259597838,2.742230347349184,4.16267024745827,46.66666666666674,53.33333333333326,False,6.45,False,False,False,False,True,False
625,002100,天康生物,C 制造业,腾讯前复权日K回退（成交额、换手率已提供）,False,2026-07-30,7.2,7.054,6.8375,True,True,True,True,7.36,-2.1739130434782625,False,61.324444600126625,0.1686340647499165,0.14435978401295377,0.048548561473925445,True,False,False,False,,,52.646119296249395,50.935220725398885,56.067916437950416,False,False,,,False,213040.0,177076.8,1.203093798848861,False,152292300.0,1.56,97.62326923076924,2.4182076813655806,3.840682788051203,5.301645338208407,22.22222222222211,77.77777777777789,True,8.1,False,False,False,False,False,False
626,002101,广东鸿图,C 制造业,腾讯前复权日K回退（成交额、换手率已提供）,False,2026-07-30,8.97,8.614,8.8855,True,True,False,True,9.41,-4.675876726886285,False,53.446953128809085,-0.06792363351407715,-0.05109629613033425,-0.03365467476748581,False,True,False,False,,,26.116861624834616,23.333307406348894,31.683970061806065,False,False,,,False,64620.0,59261.6,1.090419428432577,False,57827299.99999999,0.98,59.00744897959183,2.3972602739726234,3.310502283105013,0.950987564008781,20.689655172413413,79.31034482758659,True,9.88,False,False,False,False,False,False
627,002102,ST能特,C 制造业,腾讯前复权日K回退（成交额、换手率已提供）,False,2026-07-30,2.26,2.304,2.371,False,False,False,False,2.61,-13.40996168582376,False,43.9035007471428,-0.0058494990972270955,0.008330993960660176,-0.028360986115774544,False,True,False,False,,,18.14623009764213,18.356862878275678,17.724964536375026,False,False,,,False,123063.0,110676.2,1.1119192744239503,False,28022800.000000004,0.58,48.315172413793114,-2.16450216450218,2.5974025974025996,-4.681568958245475,33.33333333333333,16.666666666666295,False,2.7,False,False,False,False,True,False
628,002103,广博股份,C 制造业,腾讯前复权日K回退（成交额、换手率已提供）,False,2026-07-30,6.42,6.188000000000001,6.084,True,True,True,True,6.41,0.15600624024960666,True,57.32401936550214,-0.029247903986506785,-0.09907116572314296,0.13964652347327236,True,False,False,False,,,19.586463113148593,15.751278463974266,27.256832411497243,False,False,2026-07-28,2.0,True,117956.0,66796.6,1.7658982642829124,False,76068800.0,3.04,25.02263157894737,1.2618296529968376,4.5741324921135655,5.522682445759374,44.827586206896505,55.172413793103495,False,8.39,False,False,False,False,False,False
629,002104,恒宝股份,C 制造业,腾讯前复权日K回退（成交额、换手率已提供）,False,2026-07-30,10.12,9.77,9.6685,True,True,True,True,10.88,-6.985294117647073,False,50.87155444466289,-0.3015928853242791,-0.47689467727434826,0.35060358390013835,True,False,False,False,2026-07-21,7.0,11.938157992727865,8.497019448266563,18.820435081650466,False,False,2026-07-27,3.0,True,385761.0,396853.0,0.9720501041947522,False,393507300.00000006,6.43,61.1986469673406,0.3968253968253954,4.662698412698419,4.669804002689138,59.574468085106545,40.42553191489346,False,15.62,False,False,False,False,True,False
630,002105,信隆健康,C 制造业,腾讯前复权日K回退（成交额、换手率已提供）,False,2026-07-30,5.23,5.0840000000000005,5.031,True,True,True,True,5.46,-4.212454212454204,False,52.866139952935214,-0.06722409096136772,-0.12550858938763443,0.11656899685253341,True,False,False,False,2026-07-02,20.0,22.89243535200194,17.47619785333117,33.72491034934348,False,False,2026-07-27,3.0,True,80567.0,83415.4,0.9658528281348528,False,42176400.0,2.21,19.084343891402714,-0.3809523809523707,3.809523809523813,3.955476048499319,49.99999999999978,50.00000000000022,False,6.86,False,True,False,False,False,False
631,002106,莱宝高科,C 制造业,腾讯前复权日K回退（成交额、换手率已提供）,False,2026-07-30,9.72,9.612,10.739,True,False,False,True,17.17,-43.38963308095516,False,38.610610417347,-0.9891950666795797,-0.9292518245774595,-0.11988648420424042,False,True,False,False,,,7.171112723354933,7.0069271768123835,7.499483816440032,True,False,2026-07-30,0.0,True,220029.0,189912.0,1.1585839757361305,False,213500600.0,3.12,68.42967948717948,-0.917431192660545,3.4658511722731893,-9.488779215941895,41.176470588234956,58.823529411765044,False,18.35,False,True,True,False,True,False
632,002107,沃华医药,C 制造业,腾讯前复权日K回退（成交额、换手率已提供）,False,2026-07-30,5.95,5.944,6.234500000000001,True,False,False,False,6.96,-14.511494252873561,False,44.95984705845977,-0.07938708234369152,-0.04688068445847078,-0.06501279577044147,False,True,False,False,,,17.295253088773297,18.737258388555702,14.41124248920849,False,False,,,False,104722.0,104443.6,1.0026655534661768,False,63037900.0,1.83,34.44693989071038,-1.490066225165565,3.8079470198675565,-4.563317026225045,56.52173913043502,13.043478260869648,False,7.58,False,True,False,False,True,False
633,002108,沧州明珠,C 制造业,腾讯前复权日K回退（成交额、换手率已提供）,False,2026-07-30,4.33,4.2620000000000005,4.19,True,True,True,True,4.42,-2.036199095022621,False,50.831340928628876,-0.05647806799482513,-0.10191420996417076,0.09087228393869126,True,False,False,False,2026-07-14,12.0,15.036758639192465,13.428679824051892,18.252916269473612,False,False,2026-07-27,3.0,True,251119.0,216533.0,1.1597262311056513,False,109254300.0,1.52,71.87782894736843,0.0,2.540415704387998,3.3412887828162217,63.63636363636371,36.363636363636296,False,6.39,False,False,False,False,True,False
634,002109,ST兴化,C 制造业,腾讯前复权日K回退（成交额、换手率已提供）,False,2026-07-30,2.54,2.532,2.5745,True,False,False,True,2.86,-11.188811188811183,False,45.68837940564501,-0.04792760706302612,-0.06265753216889787,0.029459850211743493,True,False,False,False,,,8.790299425577416,8.322225966787318,9.726446343157612,False,False,2026-07-28,2.0,True,60542.0,52063.8,1.1628425124558714,False,15537200.0,0.47,33.05787234042553,-0.78125,2.343750000000002,-1.3400660322392688,33.33333333333333,16.666666666667037,False,3.84,False,False,False,False,False,False
635,002110,三钢闽光,C 制造业,腾讯前复权日K回退（成交额、换手率已提供）,False,2026-07-30,3.2,3.064,2.979,True,True,True,True,3.12,2.5641025641025665,True,64.1948151208892,0.025895866168814674,-0.0021156489269900233,0.056023030191609396,True,False,False,False,,,25.00993469384213,19.13306923694556,36.763665607635275,False,False,,,False,407008.0,207691.0,1.9596804868771396,True,130210500.0,1.68,77.50625,3.2258064516129004,4.8387096774193665,7.418596844578721,26.66666666666663,73.33333333333337,True,3.5,False,False,False,False,True,False
636,002111,威海广泰,C 制造业,腾讯前复权日K回退（成交额、换手率已提供）,False,2026-07-30,9.48,9.361999999999998,9.118500000000001,True,True,True,True,9.53,-0.5246589716684044,False,56.942664982817526,0.04028698263259578,-0.03708266810118215,0.15473930146755588,True,False,False,False,2026-07-03,19.0,35.19367425375609,32.256760484969654,41.06750179132898,False,False,,,False,83591.0,75018.0,1.1142792396491508,False,79203900.0,1.71,46.31807017543859,-0.21052631578947212,2.7368421052631557,3.964467840105274,42.30769230769212,57.69230769230788,False,11.45,False,False,False,False,True,False
637,002112,三变科技,C 制造业,腾讯前复权日K回退（成交额、换手率已提供）,False,2026-07-30,16.58,15.532,14.867,True,True,True,True,16.93,-2.0673360897814614,False,58.34805856962909,-0.33923429383825265,-0.7144375113063025,0.7504064349360997,True,False,False,False,2026-07-24,4.0,25.252618316485414,18.581005443119498,38.59584406321725,False,False,2026-07-21,7.0,True,451421.0,308059.4,1.465369990333033,False,738076500.0,17.22,42.861585365853664,2.408894379246429,7.6590487955528,11.522163180197735,38.70967741935492,61.290322580645075,False,23.24,False,False,False,False,True,True
638,002114,罗平锌电,C 制造业,腾讯前复权日K回退（成交额、换手率已提供）,False,2026-07-30,6.4,6.31,6.369999999999999,True,True,False,True,7.51,-14.780292942743003,False,45.04661819087298,-0.2718513549969952,-0.3502024606196657,0.156702211245341,True,False,False,False,2026-07-23,5.0,15.45257685080198,13.094594940495206,20.168540671415528,False,False,2026-07-21,7.0,True,72335.0,70171.6,1.0308301364084616,False,46829500.0,2.24,20.906026785714282,-1.2345679012345734,4.012345679012342,0.4709576138147746,57.69230769230753,11.538461538461643,False,10.16,False,False,False,False,False,False
639,002115,三维通信,L 商务服务,腾讯前复权日K回退（成交额、换手率已提供）,False,2026-07-30,10.21,10.547999999999998,10.7285,False,False,False,False,12.0,-14.916666666666659,False,42.51980346885446,-0.1707979142254743,-0.16811110282054104,-0.0053736228098665295,False,True,False,True,2026-07-10,14.0,16.912801938790995,19.886812162011527,10.964781492349935,False,False,,,False,610942.0,652041.8,0.9369675379707251,False,641639400.0,8.19,78.34424908424909,-4.579439252336437,7.663551401869162,-4.832921657268019,48.78048780487808,6.097560975609841,False,15.98,False,True,False,False,True,False
640,002116,中国海诚,E 建筑业,腾讯前复权日K回退（成交额、换手率已提供）,False,2026-07-30,7.02,6.906000000000001,6.891499999999999,True,True,True,True,7.18,-2.2284122562674114,False,51.91499634117844,-0.046798219771565286,-0.08043412365342058,0.06727180776371058,True,False,False,False,2026-07-14,12.0,17.439035531330276,14.785783901880677,22.745538790229475,False,False,2026-07-28,2.0,True,34971.0,29083.6,1.2024302355966938,False,24609200.0,0.63,39.062222222222225,0.42918454935620964,2.145922746781108,1.8646158310962886,53.33333333333356,46.66666666666643,False,8.08,False,True,False,False,True,False
641,002117,东港股份,C 制造业,腾讯前复权日K回退（成交额、换手率已提供）,False,2026-07-30,7.88,7.712000000000001,7.827000000000001,True,True,False,True,8.42,-6.413301662707839,False,47.239549943877904,-0.20034769587574797,-0.2646258274866106,0.1285562632217253,True,False,False,False,2026-07-06,18.0,11.19729907506823,8.208670408718262,17.174556407768165,False,False,2026-07-28,2.0,True,73649.0,66554.0,1.1066051627250053,False,58557500.0,1.41,41.530141843971634,0.12706480304955914,2.795425667090213,0.6771432221796224,68.18181818181802,31.818181818181984,False,10.48,False,True,False,False,True,False
642,002119,康强电子,C 制造业,腾讯前复权日K回退（成交额、换手率已提供）,False,2026-07-30,19.2,21.424,27.1505,False,False,False,False,41.8,-54.06698564593301,False,28.724478393396424,-2.9585343605031547,-2.104032831045269,-1.709003058915771,False,True,False,False,,,8.88760951134849,14.377534920161219,-2.092241306276968,False,False,,,False,362855.0,395147.2,0.9182780492940352,False,720041700.0,9.67,74.46139607032057,-8.309455587392556,8.50047755491882,-29.283070293364766,13.483146067415833,7.303370786516794,False,41.8,False,False,False,False,False,False
643,002120,韵达股份,G 运输仓储,腾讯前复权日K回退（成交额、换手率已提供）,False,2026-07-30,6.89,6.756,6.747,True,True,True,True,7.09,-2.8208744710860394,False,58.68485284955516,0.0387931999420541,0.023212592273838508,0.031161215336431188,True,False,False,False,2026-07-29,1.0,35.59198562595153,32.82419324629752,41.127570385259546,False,False,,,False,344140.0,304540.4,1.1300306954348256,False,236612200.0,1.22,193.9444262295082,0.8784773060029227,2.0497803806735075,2.1194605009633882,35.71428571428608,64.28571428571392,False,7.93,False,False,False,False,False,False
644,002121,科陆电子,C 制造业,腾讯前复权日K回退（成交额、换手率已提供）,False,2026-07-30,4.96,4.840000000000001,4.9094999999999995,True,True,False,True,5.6,-11.428571428571423,False,44.157599148218374,-0.2629377871358525,-0.3439934898751854,0.16211140547866587,True,False,False,False,2026-07-10,14.0,8.723124218917082,6.927649331279572,12.314073994192102,False,False,2026-07-23,5.0,True,309538.0,287001.4,1.0785243556303208,False,153690200.0,2.19,70.17817351598174,0.4048582995951344,3.441295546558703,1.0286179855382511,52.94117647058817,47.058823529411825,False,8.78,False,True,False,False,True,False
645,002122,ST汇洲,C 制造业,腾讯前复权日K回退（成交额、换手率已提供）,False,2026-07-30,2.33,2.338,2.37,False,False,False,True,2.67,-12.734082397003741,False,43.85166152206378,-0.047421673424421495,-0.061910127951955635,0.02897690905506828,True,False,False,False,2026-07-24,4.0,25.60506268423181,24.38444384218479,28.046300368325852,False,False,,,False,131991.0,122957.8,1.0734658557651486,False,31024200.0,0.66,47.00636363636363,-1.6877637130801704,2.531645569620255,-1.6877637130801704,33.33333333333333,16.666666666667037,False,2.99,False,False,False,False,True,False
646,002123,梦网科技,I 信息技术,腾讯前复权日K回退（成交额、换手率已提供）,False,2026-07-30,7.92,7.9719999999999995,8.1835,False,False,False,True,9.52,-16.806722689075627,False,47.67765943959766,-0.05540785973411566,-0.05353762213244059,-0.0037404752033501354,False,True,False,True,2026-07-29,1.0,23.67755031801754,22.04802514608592,26.93660066188079,False,False,,,False,285260.0,224502.4,1.2706322961358096,False,231023500.0,3.96,58.339267676767676,-3.8834951456310662,5.703883495145617,-3.219893688519588,29.787234042553006,4.255319148936089,False,10.48,False,True,False,False,True,False
647,002124,天邦食品,A 农林牧渔,腾讯前复权日K回退（成交额、换手率已提供）,False,2026-07-30,2.19,2.1719999999999997,2.241,True,False,False,False,2.45,-10.612244897959194,False,45.464856529799185,-0.039957314703105595,-0.04235811337719427,0.004801597348177353,True,False,False,False,2026-07-29,1.0,12.402302275743835,12.652496359610927,11.901914108009652,False,False,,,False,572162.0,466314.6,1.2269871026984787,False,126300900.0,2.9,43.552034482758614,0.0,3.6529680365296837,-2.2757697456492707,75.0,25.0,False,3.07,False,False,False,False,True,False
648,002125,湘潭电化,C 制造业,腾讯前复权日K回退（成交额、换手率已提供）,False,2026-07-30,12.24,11.926,11.989,True,True,False,True,14.22,-13.924050632911394,False,44.22347198536255,-0.6697012557711499,-0.845162346373566,0.3509221812048322,True,False,False,False,2026-07-21,7.0,10.81708445969594,9.811930766323863,12.82739184644009,False,False,2026-07-29,1.0,True,193068.0,197559.6,0.9772645824348702,False,236349199.99999997,3.07,76.98671009771986,0.16366612111291534,2.2913256955810093,2.0935857869713854,39.28571428571417,60.71428571428583,False,20.86,False,False,False,False,True,False
649,002126,银轮股份,C 制造业,腾讯前复权日K回退（成交额、换手率已提供）,False,2026-07-30,37.08,39.724000000000004,46.58,False,False,False,False,58.53,-36.64787288569965,False,33.99431460771103,-3.113838292374261,-2.171885200533792,-1.8839061836809385,False,True,False,False,,,5.819791967495413,9.623480396038518,-1.7875848895907964,False,False,,,False,326136.0,202182.6,1.613076496197002,False,1222725600.0,4.1,298.225756097561,-6.623016872324361,8.23470158650213,-20.395019321597253,24.46483180428129,14.67889908256873,False,61.88,False,False,False,False,False,False
650,002127,南极电商,L 商务服务,腾讯前复权日K回退（成交额、换手率已提供）,False,2026-07-30,3.05,3.008,2.9370000000000003,True,True,True,True,3.33,-8.408408408408416,False,57.64048482524765,0.06152429923595948,0.05269361414740119,0.01766137017711658,True,False,False,False,,,59.865113393624846,57.5496474374049,64.49604530606473,False,False,,,False,437265.0,549612.2,0.795588234758981,False,134440600.0,2.19,61.38840182648402,-0.6514657980456029,3.257328990228016,3.84746339802518,80.0,20.0,False,3.38,False,True,False,False,False,False
651,002128,电投能源,B 采矿业,腾讯前复权日K回退（成交额、换手率已提供）,False,2026-07-30,27.1,26.516,25.5245,True,True,True,False,27.89,-2.832556471853708,False,56.01638238008801,0.2308574015516882,-0.04421752967505865,0.5501498624534937,True,False,False,False,2026-07-06,18.0,38.181960122577294,35.59604079674465,43.35379877424258,False,False,,,False,174297.0,145050.4,1.2016306056377646,False,470665800.0,0.78,603.4176923076923,1.2705530642750373,2.9147982062780313,6.1725009304785665,48.717948717948516,51.28205128205148,False,32.49,False,False,False,False,True,False
652,002129,TCL中环,C 制造业,腾讯前复权日K回退（成交额、换手率已提供）,False,2026-07-30,8.85,8.634,9.54,True,False,False,False,11.59,-23.64106988783434,False,41.99438059421084,-0.4495786298501425,-0.34738600820181004,-0.20438524329666496,False,True,False,False,,,14.512667355932058,16.00011772283632,11.537766622123534,False,False,,,False,1413916.0,929539.2,1.5210934622230026,False,1239226400.0,3.5,354.06468571428576,2.6682134570765736,5.104408352668228,-7.2327044025157186,25.0000000000002,74.9999999999998,True,12.44,False,False,False,False,True,False
653,002130,沃尔核材,C 制造业,腾讯前复权日K回退（成交额、换手率已提供）,False,2026-07-30,17.09,16.11,16.4675,True,True,False,True,19.2,-10.98958333333333,False,50.23300539207712,-0.7353231604387958,-0.9666978447275112,0.4627493685774309,True,False,False,False,2026-07-23,5.0,11.949070816241557,8.265652696492499,19.31590705573967,False,False,2026-07-21,7.0,True,598508.0,323588.0,1.8495988726405181,True,1018314100.0,5.22,195.0793295019157,3.7014563106796183,7.463592233009711,3.7801730681645584,21.13821138211394,78.86178861788606,True,23.94,False,False,False,False,False,False
654,002131,利欧股份,L 商务服务,腾讯前复权日K回退（成交额、换手率已提供）,False,2026-07-30,4.24,4.046,4.130000000000001,True,True,False,True,4.99,-15.03006012024048,False,45.35634060911071,-0.2703285829685784,-0.3480602942773515,0.1554634226175462,True,False,False,False,2026-07-21,7.0,9.638667951689008,7.592063148381871,13.731877558303283,False,False,2026-07-21,7.0,True,9182004.0,2527998.6,3.632123846904029,True,3973950200.0,15.68,253.44070153061227,3.6674816625916984,11.246943765281173,2.6634382566585812,56.521739130434746,43.47826086956526,False,7.56,False,False,False,False,True,False
655,002132,恒星科技,C 制造业,腾讯前复权日K回退（成交额、换手率已提供）,False,2026-07-30,3.73,4.002000000000001,4.7135,False,False,False,False,6.14,-39.25081433224755,False,29.916564419995268,-0.36532066805793395,-0.2795607598200338,-0.17151981647580028,False,True,False,False,,,18.257601501872557,23.971768491482454,6.8292675226527635,False,False,,,False,768971.0,522014.4,1.4730838842759892,False,295623500.0,5.5,53.74972727272727,-6.982543640897754,7.481296758104723,-20.865598811923196,9.999999999999808,3.3333333333332695,False,6.32,False,False,False,False,False,False
656,002133,广宇集团,K 房地产,腾讯前复权日K回退（成交额、换手率已提供）,False,2026-07-30,2.48,2.432,2.4575,True,True,False,True,2.63,-5.703422053231936,False,48.345422546973815,-0.05133536838134756,-0.07064938777008992,0.03862803877748472,True,False,False,False,2026-07-02,20.0,12.474223456756967,9.85657661627142,17.70951713772806,False,False,2026-07-28,2.0,True,110993.0,125311.4,0.8857374508624116,False,27800300.000000004,1.44,19.305763888888894,-0.8000000000000007,4.0000000000000036,0.9155645981688695,80.0,20.0,False,3.5,False,True,False,False,False,False
657,002134,天津普林,C 制造业,腾讯前复权日K回退（成交额、换手率已提供）,False,2026-07-30,18.11,19.494,23.5775,False,False,False,False,30.63,-40.87495919033628,False,23.52094934371516,-2.453172953309835,-2.00715898858493,-0.8920279294498101,False,True,False,False,,,8.425163477859632,13.53863080415941,-1.801771174739926,False,False,,,False,102225.0,82209.2,1.243473966417384,False,189358800.0,4.13,45.84958837772397,-6.601340897369779,7.013924703455386,-23.189481497190123,11.764705882352695,10.29411764705887,False,33.66,False,False,False,False,False,False
658,002135,东南网架,C 制造业,腾讯前复权日K回退（成交额、换手率已提供）,False,2026-07-30,5.81,5.812,6.01,False,False,False,True,6.9,-15.797101449275372,False,40.108002415907016,-0.2988312609856987,-0.3401960726739288,0.08272962337646028,True,False,False,False,2026-07-27,3.0,10.870642655291645,9.708595511212485,13.194736943449964,False,False,2026-07-23,5.0,True,137402.0,110191.8,1.2469348898919883,False,81298800.0,1.32,61.59,-1.6920473773265776,4.90693739424704,-3.327787021630619,51.7241379310343,13.793103448275874,False,9.65,False,False,False,False,True,False
659,002136,安 纳 达,C 制造业,腾讯前复权日K回退（成交额、换手率已提供）,False,2026-07-30,11.83,11.834,11.880500000000001,False,False,False,False,13.79,-14.213197969543142,False,44.8190780147805,-0.30645114609239954,-0.38845526225414384,0.1640082323234886,True,False,False,False,2026-07-24,4.0,22.444606805521147,20.658575577197837,26.016669262167767,False,False,,,False,72307.0,63864.2,1.1321992603054607,False,85212600.0,3.37,25.285637982195844,-0.8382229673092989,4.526404023470236,-0.4250662850890225,22.22222222222211,66.66666666666666,False,15.86,False,False,False,False,True,False
660,002137,实益达,C 制造业,腾讯前复权日K回退（成交额、换手率已提供）,False,2026-07-30,7.09,6.996,8.799,True,False,False,True,12.57,-43.59586316626889,False,35.487051615980405,-0.9041792825214152,-0.7317752821547888,-0.3448080007332528,False,True,False,False,,,9.716397741594621,10.692831561006699,7.763530102770467,False,False,,,False,252138.0,296275.0,0.8510269175596996,False,177176900.0,6.36,27.858003144654088,-0.7002801120448154,3.9215686274509713,-19.422661666098417,32.14285714285717,67.85714285714283,False,12.57,False,False,False,False,True,False
661,002138,顺络电子,C 制造业,腾讯前复权日K回退（成交额、换手率已提供）,False,2026-07-30,40.1,42.446,48.4785,False,False,False,False,72.88,-44.97804610318331,False,37.159537388441805,-4.577382999710743,-3.9316740727317763,-1.2914178539579328,False,True,False,False,,,21.13451058376649,23.20935967446785,16.984812402363772,False,False,,,False,523110.0,409738.2,1.27669326413793,False,2142911500.0,6.91,310.1174384949349,-7.068366164542283,11.79606025492469,-17.282919232236964,26.326129666011838,20.8251473477407,False,79.72,False,False,False,False,False,False
662,002139,拓邦股份,C 制造业,腾讯前复权日K回退（成交额、换手率已提供）,False,2026-07-30,9.75,9.578,9.7785,True,False,False,True,10.41,-6.34005763688761,False,49.26273430303075,-0.08766363320884274,-0.10234299479007702,0.02935872316246857,True,False,False,False,2026-07-29,1.0,19.819193682605015,19.058621896128887,21.340337255557266,False,False,2026-07-29,1.0,True,140928.0,149133.6,0.944978194048826,False,138343500.0,1.32,104.80568181818182,-0.40858018386107364,2.042900919305407,-0.2914557447461196,65.00000000000063,14.999999999999734,False,11.75,False,False,False,False,False,False
663,002140,东华科技,E 建筑业,腾讯前复权日K回退（成交额、换手率已提供）,False,2026-07-30,8.91,8.718,8.8225,True,True,False,True,9.44,-5.61440677966101,False,46.587179000514155,-0.21479449733202927,-0.27760773120771176,0.125626467751365,True,False,False,False,2026-07-15,11.0,6.330649542715656,4.617917765911051,9.756113096324865,False,False,2026-07-28,2.0,True,66993.0,59910.0,1.1182273410115173,False,59781500.0,0.95,62.927894736842106,0.9060022650056565,2.3782559456398533,0.9917823746103752,47.61904761904766,52.38095238095234,False,12.71,False,False,False,False,True,False
664,002141,贤丰控股,C 制造业,腾讯前复权日K回退（成交额、换手率已提供）,False,2026-07-30,5.67,5.728,5.4865,False,True,True,True,6.5,-12.769230769230772,False,54.34247574317603,0.30350432738535194,0.30620590561330635,-0.005403156455908831,False,True,False,True,2026-07-29,1.0,79.02167210623985,75.9257572354257,85.21350184786812,False,False,,,False,3300511.0,2711975.6,1.2170135306527095,False,1929020300.0,31.95,60.376222222222225,-9.999999999999998,13.01587301587302,3.3445730429235314,10.97560975609754,0.0,False,6.5,False,False,False,False,False,True
665,002142,宁波银行,J 金融业,腾讯前复权日K回退（成交额、换手率已提供）,False,2026-07-30,32.9,32.108,31.183500000000002,True,True,True,True,32.74,0.4886988393402461,True,66.56205100306995,0.5240657189745299,0.3950616600258866,0.2580081178972866,True,False,False,False,2026-07-08,16.0,82.91078592196398,76.40100305166946,95.93035166255302,False,False,,,False,360012.0,288347.8,1.2485338885887114,False,1172332300.0,0.55,2131.5132727272726,3.0701754385964897,3.634085213032593,5.504513604951324,7.758620689655442,92.24137931034456,True,32.74,True,True,False,False,True,False
666,002144,宏达高科,C 制造业,腾讯前复权日K回退（成交额、换手率已提供）,False,2026-07-30,9.89,9.656,9.930499999999999,True,False,False,True,10.95,-9.680365296803641,False,46.03438324128125,-0.31790592658549777,-0.3840495542372892,0.13228725530358287,True,False,False,False,2026-07-28,2.0,10.744168733991216,8.587392942537605,15.05772031689844,False,False,2026-07-28,2.0,True,52080.0,41399.0,1.2580014010000242,False,51693200.0,3.78,13.675449735449735,0.20263424518744966,2.634245187436675,-0.40783444942347297,53.84615384615342,46.15384615384657,False,14.29,False,True,False,False,True,False
667,002145,钛能化学,C 制造业,腾讯前复权日K回退（成交额、换手率已提供）,False,2026-07-30,4.6,4.538,4.451,True,True,True,True,4.96,-7.258064516129038,False,54.11630176042299,-0.00010361809989145598,-0.02669138798431811,0.05317553976885331,True,False,False,False,2026-07-27,3.0,43.00619406908779,33.27908685401871,62.46040849922595,False,False,,,False,430550.0,513088.2,0.8391344801926842,False,198818400.0,1.13,175.94548672566373,-0.6479481641468721,2.1598272138228864,3.3475623455403287,70.00000000000053,29.999999999999467,False,5.04,False,True,False,False,False,False
668,002146,荣盛发展,K 房地产,腾讯前复权日K回退（成交额、换手率已提供）,False,2026-07-30,1.11,1.094,1.0935000000000001,True,True,True,True,1.17,-5.128205128205114,False,48.8468900548032,-0.018146285846286636,-0.026690065863845945,0.017087560035118618,True,False,False,False,2026-07-10,14.0,19.9484615764683,17.283717739158554,25.27794925108779,False,False,2026-07-27,3.0,True,1126102.0,813464.0,1.3843292389091588,False,125889000.0,2.88,43.71145833333334,0.0,3.6036036036035863,1.5089163237311347,74.99999999999986,25.00000000000014,False,1.4,False,True,False,False,True,False
669,002148,北纬科技,I 信息技术,腾讯前复权日K回退（成交额、换手率已提供）,False,2026-07-30,6.01,5.950000000000001,6.114,True,False,False,True,7.14,-15.826330532212884,False,47.64351790680546,-0.1185400106536525,-0.14942102715972522,0.061762033012145445,True,False,False,False,2026-07-28,2.0,16.904329062823326,14.925924142356715,20.86113890375655,False,False,2026-07-28,2.0,True,190157.0,160865.8,1.1820846941985184,False,116575500.0,4.22,27.62452606635071,-2.593192868719618,4.700162074554296,-1.7010140660778557,51.7241379310346,3.448275862068892,False,8.35,False,False,False,False,False,False
670,002149,西部材料,C 制造业,腾讯前复权日K回退（成交额、换手率已提供）,False,2026-07-30,31.26,32.326,37.157,False,False,False,False,50.79,-38.452451269935025,False,29.26595644430448,-5.395827809947242,-5.646962859162939,0.5022700984313939,True,False,False,False,2026-07-28,2.0,7.19386387342622,7.349711119008138,6.882169382262383,False,True,,,False,275040.0,253331.0,1.0856942103414111,False,886042300.0,5.63,157.37873889875667,-2.889095992544255,8.294501397949668,-15.870495465188242,59.925093632958756,13.108614232209801,False,78.77,False,False,False,False,False,False
671,002150,正泰电源,C 制造业,腾讯前复权日K回退（成交额、换手率已提供）,False,2026-07-30,19.7,21.232,23.061500000000002,False,False,False,False,28.25,-30.26548672566372,False,29.00247217123065,-1.4526562575373987,-1.3428862460952482,-0.21954002288430097,False,True,False,False,,,4.8756471188314885,6.974408516715851,0.6781243230627645,False,False,,,False,96142.0,81889.8,1.1740412114817718,False,193732900.0,2.68,72.28839552238806,-6.145783706526919,6.050500238208669,-14.576241788261834,0.0,0.0,False,36.2,False,False,False,False,False,False
672,002151,北斗星通,C 制造业,腾讯前复权日K回退（成交额、换手率已提供）,False,2026-07-30,28.0,27.601999999999997,28.915999999999997,True,False,False,True,33.51,-16.442852879737387,False,41.81697881756598,-1.3948547816647334,-1.5538048672177,0.31790017110593327,True,False,False,False,2026-07-28,2.0,8.0714887778293,6.538521620259252,11.137423092969394,False,False,2026-07-21,7.0,True,147327.0,126879.4,1.1611577608343042,False,412357800.0,3.33,123.83117117117116,-0.17825311942959443,2.4955436720142576,-3.1677963757089396,42.857142857143,57.142857142857,False,44.85,False,False,False,False,True,False
673,002152,广电运通,C 制造业,腾讯前复权日K回退（成交额、换手率已提供）,False,2026-07-30,9.91,9.751999999999999,9.936,True,False,False,False,11.0,-9.909090909090908,False,49.09197199187139,-0.048890703114198075,-0.04559616539699502,-0.006589075434406108,False,True,False,False,,,20.650561893893993,19.931980946000376,22.087723789681228,True,False,,,False,325497.0,339127.0,0.9598085672918995,False,323693200.0,1.31,247.0940458015267,0.4052684903748771,2.735562310030409,-0.2616747181964553,51.851851851851805,48.148148148148195,False,12.08,False,False,False,False,True,False
674,002153,石基信息,I 信息技术,腾讯前复权日K回退（成交额、换手率已提供）,False,2026-07-30,8.23,7.806,7.6114999999999995,True,True,True,True,8.15,0.9815950920245406,True,60.13166500951838,0.02434540523443296,-0.07747043212259476,0.20363167471405544,True,False,False,False,,,25.85381357286676,20.589309131314376,36.38282245597153,False,False,,,False,413461.0,289794.4,1.426739095027371,False,340107200.0,2.58,131.82449612403101,3.5220125786163514,5.157232704402517,8.12586218222428,24.39024390243893,75.60975609756107,True,10.74,False,False,False,False,True,False
675,002154,报 喜 鸟,C 制造业,腾讯前复权日K回退（成交额、换手率已提供）,False,2026-07-30,3.88,3.7359999999999998,3.743,True,True,False,True,3.97,-2.267002518891695,False,56.62911231782463,-0.021041837908872374,-0.04493523542504161,0.04778679503233847,True,False,False,False,2026-07-28,2.0,37.10148956905212,32.34679156278074,46.610885581594886,False,False,,,False,302942.0,295840.4,1.0240048350394333,False,116945500.0,2.57,45.50408560311284,1.5706806282722585,2.8795811518324577,3.6601656425327285,18.18181818181822,81.81818181818178,True,4.53,False,False,False,False,False,False
676,002155,湖南黄金,B 采矿业,腾讯前复权日K回退（成交额、换手率已提供）,False,2026-07-30,22.44,22.503999999999998,22.796,False,False,False,False,26.6,-15.639097744360903,False,45.79689282592541,-0.5817039624080209,-0.7109036487325302,0.2583993726490186,True,False,False,False,2026-07-23,5.0,18.15141896376162,16.634680897418615,21.184895096447633,False,False,2026-07-21,7.0,True,548349.0,412770.0,1.3284613707391526,False,1256332500.0,3.51,357.92948717948724,-1.6220955721174768,4.690925032880317,-1.5616774872784616,34.57943925233653,11.214953271028127,False,30.58,False,False,False,False,True,False
677,002156,通富微电,C 制造业,腾讯前复权日K回退（成交额、换手率已提供）,False,2026-07-30,55.89,68.06,69.985,False,False,False,False,84.7,-34.01416765053129,False,38.60276314393738,-0.7571860480120733,0.9195966012574616,-3.3535652985390696,False,True,False,False,,,54.78394453072142,65.12107415562164,34.109685280920985,False,False,,,False,1610228.0,2182213.0,0.7378876397491904,False,9191320300.0,10.61,866.2884354382659,-9.999999999999998,8.921095008051529,-20.14003000642995,6.4981949458483665,0.0,False,84.7,False,False,False,False,False,False
678,002157,正邦科技,A 农林牧渔,腾讯前复权日K回退（成交额、换手率已提供）,False,2026-07-30,2.91,2.878,2.927,True,False,False,False,3.04,-4.2763157894736805,False,47.71482787226491,-0.028415383194494215,-0.0317780334619549,0.006725300534921375,True,False,False,False,2026-07-29,1.0,19.932415736137557,19.871413692213114,20.054419823986443,True,False,,,False,1072960.0,937656.8,1.1442992787979567,False,313903300.0,1.38,227.46615942028987,0.34482758620690834,2.758620689655175,-0.5807994533652171,75.0,25.0,False,3.68,False,True,False,False,True,False
679,002158,汉钟精机,C 制造业,腾讯前复权日K回退（成交额、换手率已提供）,False,2026-07-30,23.91,25.613999999999997,29.915999999999997,False,False,False,False,38.58,-38.0248833592535,False,34.83717050354444,-2.063000209538874,-1.4523992793982101,-1.2212018602813277,False,True,False,False,,,22.364174997471164,26.64780642367647,13.796912145060546,False,False,,,False,148428.0,130256.4,1.139506388937511,False,364831400.0,2.78,131.2343165467626,-7.325581395348834,7.829457364341083,-20.076213397513026,9.900990099009869,6.930693069306961,False,40.79,False,False,False,False,False,False
680,002159,三特索道,N 公共环保,腾讯前复权日K回退（成交额、换手率已提供）,False,2026-07-30,13.02,12.672,12.6755,True,True,False,True,13.46,-3.2689450222882708,False,51.693682666353745,-0.1970773156859167,-0.3092279747042633,0.22430131803669318,True,False,False,False,2026-07-02,20.0,9.156643827536387,7.04416540354642,13.381600675516323,False,False,2026-07-28,2.0,True,48460.0,27825.6,1.7415617273302284,False,63221600.0,3.5,18.063314285714284,1.480904130943106,3.195635229929853,2.717841505266065,41.46341463414631,58.53658536585369,False,16.5,False,False,False,False,True,False
681,002160,常铝股份,C 制造业,腾讯前复权日K回退（成交额、换手率已提供）,False,2026-07-30,3.72,3.6879999999999997,3.6324999999999994,True,True,True,False,3.87,-3.87596899224806,False,47.14841809541378,-0.10026112946600385,-0.15444126665419186,0.10836027437637602,True,False,False,False,2026-07-14,12.0,11.93843649862733,10.241881146703937,15.331547202474116,False,False,,,False,194970.0,200311.6,0.9733335463348103,False,73392000.0,1.89,38.831746031746036,-1.0638297872340274,3.1914893617021307,2.4088093599449643,58.33333333333351,8.333333333333519,False,5.05,False,False,False,False,True,False
682,002161,远 望 谷,C 制造业,腾讯前复权日K回退（成交额、换手率已提供）,False,2026-07-30,5.16,5.132,5.0809999999999995,True,True,True,True,5.94,-13.131313131313135,False,47.710351471176175,-0.15755532702358988,-0.23580819025023095,0.15650572645328215,True,False,False,False,2026-07-27,3.0,18.85256662774756,14.60932366090544,27.339052561431796,False,False,2026-07-23,5.0,True,198171.0,200000.0,0.990855,False,104622700.0,2.68,39.03832089552238,-3.731343283582089,4.850746268656729,1.554812044873069,38.46153846153857,7.69230769230785,False,7.28,False,False,False,False,False,False
683,002162,悦心健康,C 制造业,腾讯前复权日K回退（成交额、换手率已提供）,False,2026-07-30,3.95,3.8879999999999995,3.7529999999999992,True,True,True,True,4.02,-1.7412935323382936,False,59.63597648578289,0.0639087045809017,0.03194256971858928,0.06393226972462483,True,False,False,False,,,37.16723331678022,32.83897203886438,45.8237558726119,False,False,,,False,175704.0,191303.6,0.9184563176019688,False,69661800.0,1.91,36.47214659685864,-0.2525252525252486,2.020202020202022,5.249134026112469,62.49999999999972,37.50000000000028,False,4.51,False,False,False,False,True,False
684,002163,海南发展,E 建筑业,腾讯前复权日K回退（成交额、换手率已提供）,False,2026-07-30,7.88,7.708,7.7705,True,True,False,True,9.27,-14.994606256742177,False,45.56236391435831,-0.34143503333099456,-0.46365472322481865,0.24443937978764818,True,False,False,False,2026-07-10,14.0,11.62158549818078,8.978462606699454,16.907831281143434,False,False,2026-07-21,7.0,True,291034.0,249640.6,1.1658119712899264,False,233621100.0,3.62,64.53621546961325,-0.8805031446540879,5.031446540880507,1.409175728717582,84.99999999999989,10.0,False,13.15,False,True,True,False,False,False
685,002164,宁波东力,C 制造业,腾讯前复权日K回退（成交额、换手率已提供）,False,2026-07-30,10.55,10.463999999999999,10.897499999999999,True,False,False,True,13.2,-20.075757575757567,False,42.22431736536281,-0.49340259029613875,-0.5637436205819124,0.1406820605715473,True,False,False,False,2026-07-28,2.0,14.478895026030997,13.002696987400986,17.43129110329102,False,False,2026-07-29,1.0,True,89194.0,68001.6,1.3116456083386272,False,95049800.0,1.86,51.10204301075269,-2.854511970534057,4.143646408839772,-3.188804771736622,60.0,17.77777777777782,False,15.26,False,False,False,False,True,False
686,002165,红 宝 丽,C 制造业,腾讯前复权日K回退（成交额、换手率已提供）,False,2026-07-30,6.3,6.442,6.0024999999999995,False,True,True,False,6.81,-7.488986784140966,False,49.14676277160648,-0.08758341614231657,-0.2230509457170462,0.27093505914945926,True,False,False,False,2026-07-17,9.0,16.546680219450717,13.579713543248891,22.480613571854366,False,False,,,False,720752.0,977882.6,0.737053711764582,False,460511100.0,9.91,46.46933400605449,-3.8167938931297662,4.580152671755722,4.95626822157435,43.33333333333332,13.333333333333353,False,10.2,False,False,False,False,True,False
687,002166,莱茵生物,C 制造业,腾讯前复权日K回退（成交额、换手率已提供）,False,2026-07-30,6.51,6.459999999999999,6.5055000000000005,True,True,False,True,7.37,-11.66892808683854,False,46.05649498454645,-0.14641260755146313,-0.1955776576819451,0.09833010026096395,True,False,False,False,2026-07-06,18.0,12.882212790364578,12.468355473310131,13.709927424473474,False,False,2026-07-29,1.0,True,142622.0,129904.8,1.0978963056022564,False,93715100.0,1.93,48.557046632124354,-1.5128593040847238,3.1770045385779113,0.06917223887478721,38.09523809523814,19.04761904761907,False,9.35,False,False,False,False,True,False
688,002167,东方锆业,C 制造业,腾讯前复权日K回退（成交额、换手率已提供）,False,2026-07-30,14.23,15.341999999999999,18.073,False,False,False,False,26.85,-47.001862197392924,False,36.71439412353311,-0.8687528864054777,-0.33943344637353334,-1.0586388800638886,False,True,False,False,,,24.697540036254395,29.232506055178742,15.6276079984057,False,False,,,False,836172.0,988701.4,0.8457275371512571,False,1228600100.0,11.02,111.48821234119784,-7.8367875647668335,11.010362694300515,-21.263763625297404,25.88235294117645,8.82352941176473,False,26.85,False,True,False,False,True,False
689,002168,ST惠程,C 制造业,腾讯前复权日K回退（成交额、换手率已提供）,False,2026-07-30,3.6,3.59,3.5989999999999993,True,True,False,True,3.91,-7.928388746803069,False,49.08411655818899,-0.03018858975603189,-0.04494699308411357,0.029516806656163352,True,False,False,False,2026-07-28,2.0,16.252161859781566,13.165902511141965,22.424680557060768,False,False,2026-07-27,3.0,True,44671.0,45674.2,0.9780357400895912,False,16176300.000000002,0.57,28.379473684210534,-1.9073569482288777,2.724795640326978,0.027785495971124705,0.0,30.00000000000022,False,4.42,False,False,False,False,False,False
690,002169,智光电气,C 制造业,腾讯前复权日K回退（成交额、换手率已提供）,False,2026-07-30,10.4,10.804,11.9785,False,False,False,False,14.66,-29.058663028649384,False,31.15911668967945,-1.0014723178355052,-0.9674231753985127,-0.06809828487398484,False,True,False,False,,,9.886088851525079,10.13787864446889,9.382509265637456,False,True,,,False,245086.0,200713.4,1.2210744275170466,False,262108400.0,3.23,81.14811145510836,-5.711695376246595,6.980961015412508,-13.177776850189924,20.779220779220807,7.792207792207861,False,19.78,False,True,False,False,False,False
691,002170,芭田股份,C 制造业,腾讯前复权日K回退（成交额、换手率已提供）,False,2026-07-30,11.73,11.354000000000001,11.0205,True,True,True,True,11.75,-0.1702127659574432,False,59.13664543421035,0.04556472023956459,-0.08364902815515497,0.2584274967894391,True,False,False,False,2026-07-21,7.0,32.52057839453269,24.87182759083555,47.81808000192697,False,False,2026-07-21,7.0,True,179518.0,195727.0,0.91718567187971,False,210646600.0,2.28,92.38885964912281,0.6866952789699621,2.489270386266087,6.438001905539678,37.931034482758534,62.06896551724146,False,13.38,False,False,False,False,False,False
692,002171,楚江新材,C 制造业,腾讯前复权日K回退（成交额、换手率已提供）,False,2026-07-30,9.13,9.064,10.341000000000001,True,False,False,False,14.27,-36.01962158374211,False,34.40804505235725,-1.0534356537449838,-1.007422474184321,-0.09202635912132573,False,True,False,False,,,6.474869050448656,6.37018618417546,6.684234782995047,True,False,2026-07-30,0.0,True,448260.0,402153.0,1.1146503942529336,False,411264700.0,2.78,147.93694244604316,-0.4362050163576825,3.2715376226826685,-11.710666279856882,59.999999999999766,40.000000000000234,False,16.47,False,True,False,False,True,False
693,002172,澳洋健康,Q 卫生,腾讯前复权日K回退（成交额、换手率已提供）,False,2026-07-30,3.14,3.1079999999999997,3.0385,True,True,True,True,3.34,-5.9880239520958005,False,53.524701559466024,0.007738515330292017,-0.017482478169470902,0.05044198699952584,True,False,False,False,,,26.12161589894366,23.398143409437797,31.568560877955385,False,False,,,False,147727.0,178703.0,0.8266621153534076,False,46597600.0,1.93,24.143834196891195,-0.6329113924050667,3.4810126582278436,3.340464044758932,45.45454545454534,36.36363636363644,False,3.88,False,True,False,False,False,False
694,002173,创新医疗,Q 卫生,腾讯前复权日K回退（成交额、换手率已提供）,False,2026-07-30,19.05,20.358,18.229999999999997,False,True,True,True,24.0,-20.624999999999996,False,51.51579590585312,0.5273116172810965,0.12444759221081665,0.8057280501405598,True,False,False,False,,,34.02987445032735,28.61607119338775,44.85748096420654,False,False,2026-07-17,9.0,True,973508.0,700624.2,1.389486689155185,False,1958464900.0,23.13,84.67206658019887,-6.982421875,12.792968749999986,4.498080087767438,46.56488549618321,10.305343511450376,False,25.39,False,True,False,True,False,True
695,002174,游族网络,I 信息技术,腾讯前复权日K回退（成交额、换手率已提供）,False,2026-07-30,11.05,11.056000000000001,11.7295,False,False,False,True,13.33,-17.10427606901725,False,45.38884708190357,-0.21804415412272427,-0.1254923756091561,-0.18510355702713632,False,True,False,False,,,50.907848199870415,51.66494561066691,49.39365337827742,False,False,,,False,300285.0,348482.2,0.8616939401782931,False,340108900.0,3.07,110.78465798045603,-3.0701754385964897,5.789473684210527,-5.793085809284276,56.0606060606062,7.575757575757682,False,13.33,False,False,False,False,False,False
696,002175,*ST东智,C 制造业,腾讯前复权日K回退（成交额、换手率已提供）,False,2026-07-30,2.31,2.4000000000000004,2.5755,False,False,False,False,3.0,-23.0,False,39.75201372991209,-0.04167704526778859,-0.013487975009608365,-0.056378140516360455,False,True,False,False,,,20.694912260525687,23.488075983846315,15.108584813884434,False,False,,,False,187340.0,235996.6,0.7938249957838376,False,43837500.0,1.47,29.82142857142857,-2.5316455696202556,3.3755274261603407,-10.308677926616186,37.49999999999972,12.500000000000277,False,3.0,False,False,False,False,False,False
697,002176,江特电机,C 制造业,腾讯前复权日K回退（成交额、换手率已提供）,False,2026-07-30,8.16,8.01,8.3355,True,False,False,True,10.52,-22.433460076045623,False,39.54021424861627,-0.6448385947392108,-0.7784907443966241,0.2673042993148267,True,False,False,False,2026-07-24,4.0,8.208854503025199,6.649361850048444,11.327839808978707,False,False,2026-07-23,5.0,True,544981.0,627894.2,0.8679503648863137,False,447179800.00000006,3.21,139.30834890965735,-0.6090133982947665,2.5578562728380128,-2.105452582328589,71.4285714285713,23.809523809524052,False,16.38,False,True,True,False,True,False
698,002177,御银股份,C 制造业,腾讯前复权日K回退（成交额、换手率已提供）,False,2026-07-30,5.71,5.473999999999999,5.311,True,True,True,True,5.86,-2.5597269624573435,False,53.80229428905046,-0.13136028796407384,-0.24014147765864785,0.21756237938914802,True,False,False,False,2026-07-15,11.0,15.731148864189015,11.166143200012614,24.861160192541814,False,False,2026-07-20,8.0,True,565834.0,299516.2,1.889159918562001,True,325908000.0,8.38,38.89116945107398,1.9642857142857295,6.964285714285709,7.512709470909434,74.35897435897442,25.64102564102557,False,8.28,False,False,False,False,True,False
699,002178,延华智能,I 信息技术,腾讯前复权日K回退（成交额、换手率已提供）,False,2026-07-30,4.36,4.311999999999999,4.2765,True,True,True,True,4.56,-4.385964912280686,False,45.97696148192088,-0.1402026462563919,-0.2056065905182845,0.13080788852378522,True,False,False,False,2026-07-10,14.0,12.514657656878475,9.783884966621692,17.97620303739204,False,False,2026-07-23,5.0,True,121103.0,114070.6,1.061649539846376,False,53832500.0,1.7,31.666176470588237,-1.5801354401805745,3.6117381489842018,1.952531275575819,62.49999999999972,6.2500000000004166,False,6.42,False,False,False,False,False,False
700,002179,中航光电,C 制造业,腾讯前复权日K回退（成交额、换手率已提供）,False,2026-07-30,33.38,33.474000000000004,36.229499999999994,False,False,False,False,45.67,-26.91044449310269,False,38.560508392181525,-1.7930454681914085,-1.5947511048392324,-0.3965887267043522,False,True,False,False,,,11.2773426639053,12.797223384173671,8.237581223368554,False,False,,,False,264538.0,210833.6,1.2547241046967845,False,881503700.0,1.26,699.6061111111111,-0.8613008613008621,2.8809028809028776,-7.8651375260491925,45.36082474226786,54.63917525773214,False,47.21,False,True,False,False,True,False
701,002180,奔图科技,C 制造业,腾讯前复权日K回退（成交额、换手率已提供）,False,2026-07-30,16.2,16.662,16.3845,False,False,True,False,17.6,-7.954545454545466,False,49.56339208256414,0.24752448183200215,0.2379201018448243,0.019208759974355727,True,False,False,False,,,56.27418109639212,56.85422993905191,55.11408341107254,False,True,,,False,159026.0,151475.0,1.049849810199703,False,257099000.0,1.17,219.74273504273506,-3.51399642644431,4.4073853484216805,-1.1260642680582251,1.3513513513515623,43.24324324324303,False,19.29,False,False,False,False,True,False
702,002181,粤 传 媒,L 商务服务,腾讯前复权日K回退（成交额、换手率已提供）,False,2026-07-30,8.01,8.004,8.346,True,False,False,False,10.54,-24.00379506641366,False,35.4750215691042,-0.8782477067006607,-1.0722324718919989,0.38796953038267645,True,False,False,False,2026-07-13,13.0,6.1791135956380545,5.458876726392099,7.619587334129966,False,False,2026-07-21,7.0,True,332552.0,341644.8,0.9733852234835713,False,270977000.0,2.93,92.48361774744026,-2.19780219780219,6.1050061050061055,-4.025880661394684,53.999999999999915,17.99999999999997,False,21.66,False,False,False,False,False,False
703,002182,宝武镁业,C 制造业,腾讯前复权日K回退（成交额、换手率已提供）,False,2026-07-30,11.63,11.384,12.1765,True,False,False,True,15.9,-26.85534591194968,False,42.44007862062221,-0.6785830507664325,-0.7287794670953068,0.10039283265774857,True,False,False,False,2026-07-29,1.0,12.789571576120046,9.548033976756836,19.272646774846468,False,False,2026-07-23,5.0,True,160682.0,180312.6,0.8911301816955665,False,188357100.0,1.86,101.26725806451613,-1.6074450084602288,3.8917089678511068,-4.488153410257463,41.30434782608716,28.26086956521751,False,16.83,False,False,False,False,False,False
704,002183,怡 亚 通,L 商务服务,腾讯前复权日K回退（成交额、换手率已提供）,False,2026-07-30,4.52,4.438,4.566000000000001,True,False,False,True,5.35,-15.514018691588788,False,41.65930188595327,-0.26147280239187065,-0.3118364909279049,0.10072737707206847,True,False,False,False,2026-07-21,7.0,6.274551961156772,5.191170214760283,8.44131545394975,False,False,2026-07-28,2.0,True,500990.0,448795.0,1.1163003152887176,False,228122200.0,1.93,118.1980310880829,-0.440528634361248,3.3039647577092395,-1.0074463425317814,73.33333333333381,26.666666666666195,False,7.93,False,True,False,False,False,False
705,002184,海得控制,C 制造业,腾讯前复权日K回退（成交额、换手率已提供）,False,2026-07-30,9.51,9.348,9.2995,True,True,True,True,10.95,-13.150684931506845,False,48.68861880631061,-0.22804083129524244,-0.34599522502221125,0.23590878745393762,True,False,False,False,2026-07-15,11.0,18.422562494264998,15.270552460391073,24.72658256201285,False,False,2026-07-22,6.0,True,69257.0,60218.2,1.150100800090338,False,66667299.99999999,2.88,23.148368055555554,-1.1434511434511352,2.3908523908523955,2.2635625571267237,86.95652173913074,4.347826086956421,False,13.28,False,True,True,False,False,False
706,002185,华天科技,C 制造业,腾讯前复权日K回退（成交额、换手率已提供）,False,2026-07-30,14.91,17.226,20.0935,False,False,False,False,26.81,-44.3864229765013,False,35.45646927739055,-0.9468304962583858,-0.2400789504923254,-1.4135030915321207,False,True,False,False,,,35.27248079189021,42.69587596615625,20.42569044335812,False,False,,,False,3996137.0,4515392.2,0.8850033004884935,False,6187454600.0,12.03,514.3353782211138,-10.018105009052503,9.656004828002422,-25.79689949486152,12.500000000000167,0.0,False,26.81,False,False,False,False,False,False
707,002186,全 聚 德,H 住宿餐饮,腾讯前复权日K回退（成交额、换手率已提供）,False,2026-07-30,9.2,8.956,8.7905,True,True,True,True,9.28,-0.8620689655172422,False,57.70673448959314,0.01934178309801915,-0.056655610098583026,0.15199478639320435,True,False,False,False,2026-07-02,20.0,29.502259378239074,25.546530090195983,37.41371795432526,False,False,,,False,87152.0,37232.8,2.340731827850712,True,81455000.0,2.84,28.681338028169016,0.8771929824561431,4.0570175438596605,4.658438086570724,72.97297297297314,27.027027027026858,False,11.23,False,True,False,False,True,False
708,002187,广百股份,F 批发零售,腾讯前复权日K回退（成交额、换手率已提供）,False,2026-07-30,5.21,4.981999999999999,4.867,True,True,True,True,5.23,-0.3824091778202765,False,59.56572750704228,-0.010875595176056407,-0.07502070658396144,0.12829022281581007,True,False,False,False,2026-07-03,19.0,23.912455399349017,18.544665038140003,34.64803612176705,False,False,2026-07-28,2.0,True,227158.0,129785.8,1.750253109354028,False,120062700.0,3.24,37.05638888888889,0.7736943907156624,5.415860735009677,7.047462502568316,67.85714285714293,32.14285714285706,False,6.24,False,True,False,False,True,False
709,002188,中天服务,K 房地产,腾讯前复权日K回退（成交额、换手率已提供）,False,2026-07-30,4.7,4.572,4.6979999999999995,True,True,False,True,5.23,-10.133843212237098,False,45.585519813670736,-0.2034521638751201,-0.25560169333150795,0.10429905891277569,True,False,False,False,2026-07-27,3.0,17.247866374300752,14.069403222396568,23.604792678109117,False,False,2026-07-23,5.0,True,103574.0,113414.4,0.9132350036679646,False,49220400.0,4.02,12.243880597014925,-0.8438818565400852,5.063291139240492,0.04257130693913725,49.999999999999815,37.50000000000004,False,7.35,False,False,False,False,False,False
710,002189,中光学,C 制造业,腾讯前复权日K回退（成交额、换手率已提供）,False,2026-07-30,18.15,18.956,18.841,False,False,True,True,22.78,-20.324846356453037,False,43.41195404089429,-0.5639736933056199,-0.664831684924239,0.20171598323723838,True,False,False,False,2026-07-27,3.0,29.01681052230104,26.636278167542624,33.777875231817866,False,False,,,False,42658.0,67837.0,0.6288308740068105,False,79201500.0,1.63,48.5898773006135,-3.096636412172993,4.911906033101966,-3.6675335704049807,58.69565217391307,1.0869565217389163,False,24.58,False,False,False,False,False,False
711,002190,成飞集成,C 制造业,腾讯前复权日K回退（成交额、换手率已提供）,False,2026-07-30,22.54,22.82,22.1905,False,True,True,True,24.49,-7.962433646386277,False,45.58880324116522,-0.6246127449527492,-0.964390768248164,0.6795560465908297,True,False,False,False,2026-07-22,6.0,13.697376999320921,12.040735381100594,17.010660235761573,False,False,2026-07-21,7.0,True,63638.0,99114.0,0.6420687289383942,False,145242400.0,1.77,82.05785310734463,-0.8358996920369566,3.123625164980206,1.574998310087646,66.19718309859181,11.267605633802564,False,36.38,False,True,False,False,True,False
712,002191,劲嘉股份,C 制造业,腾讯前复权日K回退（成交额、换手率已提供）,False,2026-07-30,3.76,3.7300000000000004,3.718,True,True,True,True,3.98,-5.527638190954779,False,50.78347774752677,-0.030034021461059268,-0.04174596167567683,0.023423880429235128,True,False,False,False,2026-07-28,2.0,33.49280042232317,30.448127408901303,39.582146449166906,False,False,,,False,168466.0,85365.2,1.9734739683149574,True,63863200.0,1.2,53.21933333333334,0.2666666666666595,4.800000000000004,1.129639591178048,72.22222222222234,27.777777777777658,False,4.27,False,False,False,False,True,False
713,002192,融捷股份,B 采矿业,腾讯前复权日K回退（成交额、换手率已提供）,False,2026-07-30,62.77,63.870000000000005,70.929,False,False,False,False,101.0,-37.85148514851485,False,39.59949783183866,-5.755985910123371,-5.795361540645589,0.0787512610444363,True,False,True,False,,,19.10750187385425,19.15732587578951,19.007853869983734,False,True,,,False,157041.0,212749.0,0.7381515306769949,False,1003386000.0,6.06,165.57524752475248,-4.226426609704004,4.45529447665548,-11.50305234812277,10.958904109589287,8.219178082191844,False,114.78,False,False,False,False,True,False
714,002193,ST如意,C 制造业,腾讯前复权日K回退（成交额、换手率已提供）,False,2026-07-30,3.76,3.718,3.942,True,False,False,True,4.72,-20.33898305084746,False,41.86476901315751,-0.21636792380711478,-0.23991468114180192,0.04709351466937428,True,False,False,False,2026-07-29,1.0,13.191005641388529,11.32015832045406,16.932700283257464,False,False,2026-07-22,6.0,True,38549.0,38044.0,1.0132741036694355,False,14615800.0,1.47,9.942721088435375,-1.8276762402088864,4.96083550913838,-4.6169457128361335,42.10526315789478,26.315789473684127,False,6.52,False,False,False,False,True,False
715,002194,武汉凡谷,C 制造业,腾讯前复权日K回退（成交额、换手率已提供）,False,2026-07-30,8.67,8.5,8.5275,True,True,False,True,9.84,-11.890243902439025,False,42.960847098883214,-0.5291071005560184,-0.6879355706549963,0.3176569401979559,True,False,False,False,2026-07-23,5.0,13.366716865387495,10.428018070688909,19.24411445478467,False,False,2026-07-23,5.0,True,152696.0,154883.6,0.985875844827987,False,133207000.0,2.99,44.550836120401335,-1.4772727272727382,3.409090909090897,1.6710642040457353,56.66666666666684,39.99999999999988,False,13.4,False,True,False,False,False,False
716,002195,岩山科技,I 信息技术,腾讯前复权日K回退（成交额、换手率已提供）,False,2026-07-30,6.6,6.444,6.1739999999999995,True,True,True,True,7.03,-6.11664295874823,False,53.367783042780424,-0.1073409868880022,-0.24670301927215058,0.27872406476829675,True,False,False,False,2026-07-21,7.0,19.641608246953933,14.08356756235555,30.757689616150696,False,False,2026-07-21,7.0,True,3268423.0,2650741.8,1.2330220167049089,False,2202136800.0,5.82,378.3740206185567,-1.3452914798206428,4.7832585949177915,6.899902818270168,87.5,12.5,False,9.21,False,True,True,False,True,True
717,002196,方正电机,C 制造业,腾讯前复权日K回退（成交额、换手率已提供）,False,2026-07-30,10.27,10.059999999999999,10.941500000000001,True,False,False,True,14.2,-27.67605633802817,False,40.14212704580778,-0.7542945649009223,-0.8040289148247373,0.09946869984762996,True,False,False,False,2026-07-29,1.0,12.283652526240637,10.479226422728862,15.892504733264186,False,False,2026-07-22,6.0,True,276225.0,173394.8,1.5930408524361748,False,285846000.0,5.66,50.50282685512367,0.19512195121951237,4.878048780487805,-6.137184115523481,66.00000000000001,33.999999999999986,False,17.77,False,False,False,False,True,False
718,002197,证通电子,I 信息技术,腾讯前复权日K回退（成交额、换手率已提供）,False,2026-07-30,6.11,6.630000000000001,6.1035,False,True,True,False,7.67,-20.338983050847453,False,47.314708583454966,0.12434897561992031,0.0470376207421893,0.15462270975546202,True,False,False,False,,,34.54706746599366,35.82501133370419,31.99117973057261,False,True,,,False,656363.0,902420.6,0.7273360116114371,False,412220899.99999994,12.29,33.541163547599666,-7.703927492447127,8.006042296072511,0.10649627263045712,3.7735849056604627,5.660377358490611,False,8.76,False,False,False,False,True,False
719,002198,ST嘉应,C 制造业,腾讯前复权日K回退（成交额、换手率已提供）,False,2026-07-30,3.23,3.128,3.239,True,False,False,True,3.68,-12.228260869565222,False,47.11076849952234,-0.12141409946641879,-0.15547575023803628,0.06812330154323498,True,False,False,False,,,5.045377886568061,4.309718050366913,6.516697558970357,False,False,2026-07-28,2.0,True,49167.0,46960.8,1.0469796085245566,False,15817600.0,0.97,16.30680412371134,1.2539184952978122,3.448275862068962,-0.27786353812904896,27.272727272727128,72.72727272727288,True,5.55,False,False,False,False,False,False
720,002199,东晶电子,C 制造业,腾讯前复权日K回退（成交额、换手率已提供）,False,2026-07-30,14.24,12.532,11.7245,True,True,True,True,13.6,4.70588235294118,True,64.93499942677583,0.06057941166799985,-0.2928399802266467,0.7068387837892931,True,False,False,False,2026-07-28,2.0,64.43413849556322,54.26740386201235,84.76760776266495,False,False,,,False,339720.0,119791.0,2.835939260879365,True,486525199.99999994,14.71,33.07445275322909,6.348020911127694,12.92008961911875,21.4550727109898,28.323699421965326,71.67630057803468,True,16.0,False,False,False,False,False,True
721,002200,交投生态,E 建筑业,腾讯前复权日K回退（成交额、换手率已提供）,False,2026-07-30,6.42,6.305999999999999,6.348,True,True,False,True,6.87,-6.550218340611356,False,50.81141791876491,-0.06911926356546783,-0.1120136894668917,0.08578885180284776,True,False,False,False,2026-07-28,2.0,31.017346774203357,27.78734948135109,37.47734135990789,False,False,,,False,27856.0,41002.0,0.6793814935856788,False,18245100.0,1.42,12.848661971830985,-1.5337423312883347,5.368098159509211,1.1342155009451806,45.71428571428569,11.428571428571422,False,8.13,False,False,False,True,True,False
722,002201,九鼎新材,C 制造业,腾讯前复权日K回退（成交额、换手率已提供）,False,2026-07-30,7.51,7.529999999999999,8.081,False,False,False,True,10.85,-30.783410138248847,False,34.6450680010541,-0.8741292150331024,-0.9649555529446896,0.18165267582317446,True,False,False,False,2026-07-28,2.0,9.659553898072282,8.526090522662606,11.926480648891634,False,False,2026-07-21,7.0,True,154769.0,158053.0,0.9792221596553055,False,117354599.99999999,2.57,45.663268482490274,-1.572739187418093,4.062909567496718,-7.065957183516888,51.61290322580656,22.580645161290157,False,14.82,False,True,False,False,False,False
723,002202,金风科技,C 制造业,腾讯前复权日K回退（成交额、换手率已提供）,False,2026-07-30,18.01,17.97,19.4325,True,False,False,False,24.98,-27.902321857485983,False,39.838002700473325,-1.2515302683738199,-1.2914658408857709,0.07987114502390202,True,False,True,False,,,9.853895898763245,8.512112788278579,12.537462119732577,False,False,2026-07-23,5.0,True,821684.0,896641.0,0.9164024397724396,False,1489225000.0,2.44,610.3381147540983,-0.38716814159289736,2.876106194690283,-7.320210986749,65.38461538461496,34.61538461538504,False,28.99,False,True,False,False,True,False
724,002203,海亮股份,C 制造业,腾讯前复权日K回退（成交额、换手率已提供）,False,2026-07-30,17.25,17.544,18.7285,False,False,False,False,22.23,-22.402159244264507,False,40.89347068907587,-0.9783543785330018,-0.8900656214543181,-0.17657751415736733,False,True,False,False,,,36.638319588183464,38.444191190676264,33.02657638319786,False,False,,,False,503824.0,297262.4,1.6948796753306168,False,852948900.0,2.28,374.10039473684213,-2.871621621621634,8.333333333333336,-7.894385562111222,10.135135135135275,76.35135135135125,True,26.87,False,False,False,False,False,False
725,002204,大连重工,C 制造业,腾讯前复权日K回退（成交额、换手率已提供）,False,2026-07-30,5.42,5.274,5.2055,True,True,True,True,5.52,-1.8115942028985446,False,55.217706387459806,-0.054795380434979,-0.10875521224172356,0.10791966361348912,True,False,False,False,2026-07-15,11.0,17.197804642488588,12.850011031902076,25.89339186366161,False,False,2026-07-21,7.0,True,250558.0,245530.8,1.020474824339757,False,135554500.0,1.3,104.2726923076923,0.9310986964618184,1.8621973929236597,4.120641629046204,30.00000000000009,69.9999999999999,False,6.8,False,False,False,False,True,False
726,002205,国统股份,C 制造业,腾讯前复权日K回退（成交额、换手率已提供）,False,2026-07-30,9.57,9.452000000000002,9.7875,True,False,False,True,11.03,-13.236627379873067,False,41.905957017010515,-0.44607738072505043,-0.532634771180712,0.17311478091132315,True,False,False,False,2026-07-27,3.0,13.809530636073745,11.467514861681073,18.49356218485909,False,False,2026-07-23,5.0,True,23207.0,23206.2,1.0000344735458626,False,22434300.0,1.25,17.94744,-0.8290155440414559,4.145077720207258,-2.2222222222222157,49.99999999999978,30.00000000000022,False,14.6,False,False,False,False,True,False
727,002206,海 利 得,C 制造业,腾讯前复权日K回退（成交额、换手率已提供）,False,2026-07-30,5.28,5.2299999999999995,5.243,True,True,False,True,5.57,-5.206463195691204,False,49.95406185186834,-0.03676417471006399,-0.055895183854299514,0.03826201828847105,True,False,False,False,2026-07-28,2.0,14.896353965226666,11.065266549205342,22.558528797269314,False,False,2026-07-28,2.0,True,83789.0,118231.2,0.7086877237142142,False,44524399.99999999,0.79,56.35999999999998,-0.9380863039399556,2.251407129455912,0.7057028418844158,41.66666666666648,25.000000000000185,False,6.02,False,False,False,False,False,False
728,002207,*ST准油,B 采矿业,腾讯前复权日K回退（成交额、换手率已提供）,False,2026-07-30,5.58,5.43,5.651,True,False,False,True,7.06,-20.963172804532572,False,44.07430537686812,-0.41592153039546353,-0.5071740331726377,0.18250500555434823,True,False,False,False,2026-07-27,3.0,12.796052085496088,9.786953604693574,18.814249047101118,False,False,2026-07-23,5.0,True,154775.0,156315.4,0.9901455646724507,False,86820900.0,5.93,14.640961214165262,-1.4134275618374548,6.183745583038863,-1.256414793841793,25.7142857142857,37.14285714285715,False,10.63,False,True,False,False,True,False
729,002208,合肥城建,K 房地产,腾讯前复权日K回退（成交额、换手率已提供）,False,2026-07-30,10.71,12.392000000000001,15.4255,False,False,False,False,20.94,-48.853868194842406,False,32.4767688801348,-1.6013579509516003,-1.141648247518958,-0.9194194068652846,False,True,False,False,,,6.883619462626246,11.729661957494377,-2.808465527110016,False,False,,,False,773882.0,901362.2,0.8585693964091239,False,860270200.0,9.64,89.23964730290457,-9.848484848484851,8.080808080808087,-30.56951152312728,4.166666666666759,1.0416666666668286,False,26.36,False,False,False,False,True,False
730,002209,达 意 隆,C 制造业,腾讯前复权日K回退（成交额、换手率已提供）,False,2026-07-30,10.47,10.280000000000001,10.2225,True,True,True,True,11.08,-5.505415162454868,False,49.494576284510025,-0.24496147871602503,-0.38251533647363156,0.27510771551521307,True,False,False,False,,,11.53108174708425,8.899960531102927,16.7933241790469,False,False,2026-07-27,3.0,True,34795.0,42108.2,0.8263236139279286,False,37045300.0,2.2,16.838772727272726,-1.7823639774859235,3.8461538461538476,2.421129860601619,41.46341463414631,14.63414634146353,False,14.98,False,False,False,False,False,False
731,002210,飞马国际,L 商务服务,腾讯前复权日K回退（成交额、换手率已提供）,False,2026-07-30,2.2,2.2,2.158,False,True,True,False,2.36,-6.77966101694914,False,48.05753366294094,-0.037656554429521094,-0.06621845442260471,0.057123799986167234,True,False,False,False,2026-07-03,19.0,12.30982619291862,11.022670714357176,14.88413715004151,False,False,2026-07-23,5.0,True,607222.0,699878.2,0.8676109643077896,False,135709200.0,2.29,59.26165938864629,-1.7857142857142905,3.5714285714285547,1.9462465245597897,62.500000000000064,0.0,False,3.43,False,False,False,False,True,False
732,002211,ST宏达,C 制造业,腾讯前复权日K回退（成交额、换手率已提供）,False,2026-07-30,3.66,3.8,3.6305,False,True,True,True,4.47,-18.12080536912751,False,50.082559331937986,-0.023788427799558587,-0.07965942231849579,0.11174198903787441,True,False,False,False,2026-07-28,2.0,51.33643309840415,42.23814593656716,69.53300742207814,False,False,,,False,263830.0,143405.6,1.8397468439168345,True,101042400.0,6.1,16.56432786885246,-7.575757575757569,11.868686868686874,0.8125602534086236,17.021276595744688,12.765957446808518,False,4.47,False,True,False,False,False,False
733,002212,天融信,I 信息技术,腾讯前复权日K回退（成交额、换手率已提供）,False,2026-07-30,6.29,5.936,5.66,True,True,True,True,6.6,-4.696969696969691,False,58.296641055201505,-0.008590682389470139,-0.14693741483838477,0.27669346489782926,True,False,False,False,2026-07-08,16.0,31.11930862732139,21.36186185049839,50.6342021809674,False,False,2026-07-20,8.0,True,1464054.0,427574.2,3.4240934088165282,True,929103200.0000001,12.55,74.03212749003984,-4.696969696969688,6.666666666666673,11.130742049469962,38.63636363636358,34.09090909090914,False,7.79,False,False,False,False,False,True
734,002213,大为股份,C 制造业,腾讯前复权日K回退（成交额、换手率已提供）,False,2026-07-30,25.57,26.742,29.084999999999997,False,False,False,False,36.46,-29.868348875479978,False,37.00657901853951,-2.535653504018782,-2.5778819193065337,0.0844568305755029,True,False,False,False,2026-07-29,1.0,22.088282563128033,22.19453770952553,21.875772270333037,False,True,,,False,161551.0,184380.6,0.8761822013812732,False,421998600.0,7.82,53.964015345268535,-4.411214953271026,10.654205607476626,-12.08526731992435,56.49122807017546,18.24561403508772,False,46.3,False,True,False,False,False,False
735,002214,*ST大立,C 制造业,腾讯前复权日K回退（成交额、换手率已提供）,False,2026-07-30,12.89,12.894,12.975999999999999,False,False,False,True,14.99,-14.009339559706468,False,43.8055878645633,-0.5072276350957505,-0.6656020177422424,0.3167487652929837,True,False,False,False,2026-07-27,3.0,18.87560792623817,16.036217801235292,24.554388176243926,False,False,2026-07-21,7.0,True,37306.0,40462.8,0.9219826606166651,False,48905300.0,0.78,62.69910256410257,-2.790346907993957,4.147812971342389,-0.6627620221948098,20.000000000000192,10.909090909090985,False,20.14,False,False,False,False,False,False
736,002215,诺 普 信,C 制造业,腾讯前复权日K回退（成交额、换手率已提供）,False,2026-07-30,9.32,8.852,8.811,True,True,True,True,9.4,-0.8510638297872347,False,58.5141552362671,-0.01647718599996395,-0.08615212811457615,0.1393498842292244,True,False,False,False,2026-07-28,2.0,33.28863352243877,25.510465979289318,48.84496860873768,False,False,,,False,226685.0,145668.2,1.5561735505758978,False,211670600.0,2.81,75.32761565836299,2.3051591657519355,4.720087815587264,5.776869821813646,37.20930232558145,62.79069767441855,False,10.68,False,False,False,False,False,False
737,002216,三全食品,C 制造业,腾讯前复权日K回退（成交额、换手率已提供）,False,2026-07-30,13.41,13.09,12.759,True,True,True,True,13.45,-0.2973977695167223,False,64.43921316303593,0.2385979757280321,0.16689986497131218,0.14339622151343984,True,False,False,False,,,64.18116893203835,59.25172167881539,74.04006343848424,False,False,,,False,106825.0,74066.4,1.442286920925008,False,143457200.0,1.69,84.88591715976332,0.29917726252806087,3.216155572176526,5.102280743004936,51.16279069767439,48.83720930232561,False,14.0,False,True,False,False,True,False
738,002217,ST合力泰,C 制造业,腾讯前复权日K回退（成交额、换手率已提供）,False,2026-07-30,1.41,1.404,1.533,True,False,False,False,1.93,-26.94300518134715,False,31.835822904358537,-0.19593548724036824,-0.22347941360994183,0.05508785273914718,True,False,False,False,2026-07-21,7.0,1.7815615969681502,1.8712396802567557,1.602205430390939,False,False,,,False,1322651.0,1238799.8,1.0676874503854457,False,187813600.0,1.82,103.19428571428571,-1.3986013986013957,3.4965034965034993,-8.02348336594912,60.0,20.0,False,3.76,False,False,False,False,False,False
739,002218,拓日新能,C 制造业,腾讯前复权日K回退（成交额、换手率已提供）,False,2026-07-30,3.89,4.0840000000000005,3.7115,False,True,True,True,4.55,-14.505494505494498,False,49.92687346799081,-0.023058287747249828,-0.11318436944214487,0.18025216338979008,True,False,False,False,,,15.464308121815998,13.806533896767375,18.779856571913246,False,False,2026-07-21,7.0,True,949238.0,1603884.8,0.591836770321659,False,377346300.0,6.84,55.16758771929825,-4.187192118226591,5.665024630541861,4.809376262966458,26.086956521739012,8.695652173913068,False,6.46,False,False,False,False,False,False
740,002219,新里程,Q 卫生,腾讯前复权日K回退（成交额、换手率已提供）,False,2026-07-30,2.04,2.066,1.972,False,True,True,True,2.16,-5.55555555555556,False,53.761923416775,0.032060550394742204,0.013491364286114475,0.03713837221725546,True,False,False,False,2026-07-03,19.0,41.37680397740636,39.476087494601245,45.1782369430166,False,False,,,False,962825.0,980793.8,0.9816793295389917,False,199318500.0,2.94,67.79540816326531,-3.3175355450236865,4.265402843601911,3.448275862068969,22.222222222222168,11.11111111111133,False,2.39,False,False,False,False,False,False
741,002221,东华能源,F 批发零售,腾讯前复权日K回退（成交额、换手率已提供）,False,2026-07-30,5.57,5.404,5.3705,True,True,True,False,5.64,-1.241134751773039,False,50.59411285145692,-0.11475433748086683,-0.18431010388439562,0.13911153280705757,True,False,False,False,2026-07-03,19.0,9.422940616683213,7.973107087145412,12.322607675758816,False,False,,,False,260119.0,282576.0,0.9205275748825095,False,145297100.0,1.78,81.62758426966292,1.0889292196007316,3.8112522686025407,3.714737920119178,52.38095238095212,47.61904761904788,False,8.24,False,False,False,False,True,False
742,002222,福晶科技,C 制造业,腾讯前复权日K回退（成交额、换手率已提供）,False,2026-07-30,47.3,54.30799999999999,65.774,False,False,False,False,88.66,-46.65012406947891,False,26.365607543991104,-9.535206938667862,-8.721892737524737,-1.6266284022862507,False,True,False,False,,,5.556708942089526,8.58353090452371,-0.49693498277884274,False,False,,,False,458224.0,327877.8,1.3975450609952855,False,2236930000.0,9.79,228.491317671093,-10.007610350076114,7.9528158295281575,-28.087086082646646,36.842105263157876,0.0,False,124.5,False,False,False,False,False,False
743,002223,鱼跃医疗,C 制造业,腾讯前复权日K回退（成交额、换手率已提供）,False,2026-07-30,27.99,27.240000000000002,26.942,True,True,True,True,28.48,-1.720505617977535,False,59.52917169878104,0.3119178939610485,0.23438608561128735,0.15506361669952234,True,False,False,False,,,32.666981037968064,29.491727632622304,39.01748784865958,False,False,,,False,117140.0,100290.4,1.1680081044646349,False,326785800.0,1.24,263.536935483871,1.010465535907601,2.1652832912306077,3.8898374285502126,28.33333333333355,71.66666666666644,True,29.76,False,False,False,False,False,False
744,002224,三 力 士,C 制造业,腾讯前复权日K回退（成交额、换手率已提供）,False,2026-07-30,3.41,3.376,3.348,True,True,True,True,3.48,-2.011494252873559,False,50.35175332199664,-0.0322523945007025,-0.05910053237365157,0.05369627574589815,True,False,False,False,2026-07-02,20.0,12.141828362806768,10.25167621871146,15.922132650997384,False,False,2026-07-28,2.0,True,100825.0,101207.6,0.9962196514886233,False,34775200.0,1.25,27.82016,-1.1594202898550732,2.3188405797101472,1.85185185185186,62.50000000000028,0.0,False,4.38,False,False,False,False,False,False
745,002225,濮耐股份,C 制造业,腾讯前复权日K回退（成交额、换手率已提供）,False,2026-07-30,3.51,3.4859999999999998,3.8480000000000003,True,False,False,False,4.89,-28.22085889570552,False,38.308364018121424,-0.22681986060464654,-0.19981649831713016,-0.05400672457503275,False,True,False,False,,,10.077900175394753,9.407907837311305,11.417884851561649,False,False,2026-07-28,2.0,True,269329.0,224854.8,1.1977907520764512,False,95593400.0,2.84,33.65964788732395,-1.1267605633802802,6.478873239436619,-8.783783783783797,65.21739130434798,26.086956521738962,False,4.9,False,True,False,False,False,False
746,002226,江南化工,C 制造业,腾讯前复权日K回退（成交额、换手率已提供）,False,2026-07-30,4.97,4.794,4.6305,True,True,True,True,4.92,1.0162601626016223,True,63.159449331938745,0.01661234791938604,-0.043376213471545855,0.11997712278186379,True,False,False,False,2026-07-03,19.0,26.378384664080357,22.247552072377413,34.640049847486246,False,False,,,False,260328.0,216283.4,1.2036429980294374,False,128928500.0,0.98,131.559693877551,1.8442622950819665,2.663934426229506,7.3318216175359066,30.76923076923082,69.23076923076917,False,6.54,False,False,False,True,False,False
747,002227,*ST特迅,C 制造业,腾讯前复权日K回退（成交额、换手率已提供）,False,2026-07-30,5.89,5.86,6.0954999999999995,True,False,False,True,7.1,-17.04225352112676,False,40.94979139303422,-0.3297065073864678,-0.38568644025596266,0.11195986573898975,True,False,False,False,2026-07-27,3.0,15.746432088960077,13.01245100365171,21.21439425957681,False,False,2026-07-22,6.0,True,18538.0,24792.2,0.7477351747727108,False,10952300.0,0.75,14.603066666666667,-1.8333333333333424,3.8333333333333406,-3.371339512755308,21.739130434782492,34.78260869565214,False,9.51,False,True,False,False,False,False
748,002228,合兴包装,C 制造业,腾讯前复权日K回退（成交额、换手率已提供）,False,2026-07-30,3.04,2.9859999999999998,3.0095,True,True,False,True,3.18,-4.402515723270444,False,49.768474572500615,-0.04215348691312171,-0.05864254545322037,0.03297811708019732,True,False,False,False,2026-07-27,3.0,14.470477602669064,11.797402806450023,19.816627195107145,False,False,2026-07-27,3.0,True,214596.0,181201.0,1.184298099900111,False,65855300.0,1.77,37.206384180790955,0.0,2.6315789473684235,1.0134573849476647,75.0,25.0,False,3.92,False,False,False,False,True,False
749,002229,鸿博股份,C 制造业,腾讯前复权日K回退（成交额、换手率已提供）,False,2026-07-30,9.71,9.816,9.680499999999999,False,True,True,False,10.84,-10.424354243542426,False,42.416074537429154,-0.5253532254469384,-0.7432820424132611,0.4358576339326454,True,False,False,False,2026-07-09,15.0,10.608406849907581,9.688647739850085,12.447925070022574,False,False,2026-07-21,7.0,True,301004.0,334638.6,0.8994897779275912,False,297485000.0,6.1,48.76803278688525,-3.093812375249483,3.9920159680638756,0.3047363256030402,87.49999999999983,7.500000000000277,False,19.16,False,True,True,False,False,False
750,002230,科大讯飞,I 信息技术,腾讯前复权日K回退（成交额、换手率已提供）,False,2026-07-30,39.87,39.672000000000004,40.895,True,False,False,False,44.2,-9.796380090497749,False,42.55516679771624,-0.7680517305498995,-0.7634024245772172,-0.009298611945364632,False,True,False,False,,,10.591033700720223,10.889979463955031,9.993142174250604,False,False,,,False,323339.0,320021.2,1.010367438157222,False,1301438300.0,1.48,879.3502027027027,-0.4991265285750002,2.395807337159954,-2.5064188776134135,82.29166666666711,17.708333333332888,False,50.89,False,True,False,False,True,False
751,002232,启明信息,I 信息技术,腾讯前复权日K回退（成交额、换手率已提供）,False,2026-07-30,13.86,13.622,13.881,True,False,False,True,15.33,-9.589041095890414,False,46.6927515122153,-0.3153632233644643,-0.3992878893647681,0.1678493320006076,True,False,False,False,2026-07-27,3.0,14.315737126685605,11.9670200184843,19.013171343088214,False,False,2026-07-28,2.0,True,45545.0,36692.4,1.241265221135712,False,63897200.0,1.11,57.56504504504504,-0.14409221902018654,3.1700288184438,-0.15128593040847774,75.0000000000001,24.9999999999999,False,18.64,False,False,False,False,True,False
752,002233,塔牌集团,C 制造业,腾讯前复权日K回退（成交额、换手率已提供）,False,2026-07-30,7.82,7.412000000000001,7.444,True,True,False,True,7.88,-0.7614213197969494,False,60.460542709934565,-0.03748624643003762,-0.0943139894391371,0.11365548601819897,True,False,False,False,2026-07-28,2.0,24.859487131202684,19.098324693101016,36.38181200740602,False,False,,,False,123151.0,116520.2,1.0569068710832972,False,94984500.0,1.05,90.46142857142857,2.759526938239154,3.8107752956636007,5.051047823750676,6.896551724137784,93.10344827586222,True,8.96,False,False,False,False,False,False
753,002234,民和股份,A 农林牧渔,腾讯前复权日K回退（成交额、换手率已提供）,False,2026-07-30,6.89,6.832000000000001,7.037000000000001,True,False,False,False,7.44,-7.392473118279579,False,46.218653508275374,-0.07606957553718985,-0.06860914920571395,-0.014920852662951789,False,True,False,False,,,19.656645438319362,19.225553348285928,20.518829618386235,True,False,,,False,45827.0,40492.4,1.1317432407068981,False,31810200.0,1.52,20.927763157894738,-0.14492753623189802,2.7536231884058027,-2.0889583629387682,63.15789473684204,26.315789473684063,False,8.97,False,True,False,False,True,False
754,002235,安妮股份,C 制造业,腾讯前复权日K回退（成交额、换手率已提供）,False,2026-07-30,7.3,7.252,8.250499999999999,True,False,False,True,9.75,-25.128205128205128,False,40.37213118118906,-0.50072560585334,-0.4452521068174202,-0.11094699807183961,False,True,False,False,,,13.200448036129487,12.464012646029516,14.673318816329427,False,False,2026-07-28,2.0,True,302993.0,345016.2,0.8781993425236264,False,227136400.0,5.47,41.52402193784278,-2.6666666666666727,7.33333333333333,-11.520513908247974,56.36363636363632,9.090909090909062,False,12.68,False,False,False,False,False,False
755,002236,大华股份,C 制造业,腾讯前复权日K回退（成交额、换手率已提供）,False,2026-07-30,16.16,16.422,16.594,False,False,False,False,17.84,-9.417040358744392,False,44.44643875819341,-0.07004703876824436,-0.047985473547506034,-0.04412313044147666,False,True,False,False,,,18.593537013469298,21.60989764900603,12.560815742395832,False,False,,,False,489113.0,402061.6,1.2165125940900599,False,793028300.0,2.05,386.8430731707317,-1.5834348355663885,1.7052375152253416,-2.615403157767874,32.14285714285696,17.85714285714304,False,18.3,False,True,False,False,True,False
756,002237,恒邦股份,C 制造业,腾讯前复权日K回退（成交额、换手率已提供）,False,2026-07-30,13.09,12.908000000000001,12.857999999999999,True,True,True,False,14.51,-9.786354238456237,False,49.45922620995446,-0.18020878734267676,-0.2683764865736312,0.17633539846190893,True,False,False,False,2026-07-22,6.0,15.11401229771666,13.615205999730291,18.1116248936894,False,False,2026-07-21,7.0,True,233322.0,213154.8,1.0946129291951203,False,309372300.0,1.96,157.84301020408162,-0.9084027252081794,4.466313398940196,1.8043241561673755,42.372881355932215,22.03389830508458,False,17.39,False,False,False,False,False,False
757,002238,天威视讯,I 信息技术,腾讯前复权日K回退（成交额、换手率已提供）,False,2026-07-30,5.91,5.746,5.6,True,True,True,True,5.97,-1.0050251256281342,False,55.67754252644105,-0.02783432418171028,-0.10165695529055328,0.147645262217686,True,False,False,False,2026-07-03,19.0,21.543793972013223,16.903164931822804,30.825052052394064,False,False,2026-07-27,3.0,True,53586.0,53342.8,1.0045591907436429,False,31967900.0,0.67,47.713283582089545,0.0,3.0456852791878126,5.535714285714295,72.22222222222227,27.77777777777772,False,7.64,False,False,False,False,True,False
758,002239,奥特佳,C 制造业,腾讯前复权日K回退（成交额、换手率已提供）,False,2026-07-30,2.55,2.502,2.4555,True,True,True,True,2.56,-0.390625000000009,False,56.55835656289256,0.0004738093482394845,-0.018670157237559163,0.038287933171597295,True,False,False,False,2026-07-14,12.0,22.25681454730218,17.687652560344574,31.39513852121739,False,False,2026-07-23,5.0,True,588588.0,537368.2,1.0953160235384232,False,150920600.0,1.8,83.84477777777778,0.0,2.745098039215698,3.8485033598045217,71.42857142857152,28.57142857142848,False,2.92,False,False,False,False,True,False
759,002240,盛新锂能,C 制造业,腾讯前复权日K回退（成交额、换手率已提供）,False,2026-07-30,27.95,28.624000000000002,32.184999999999995,False,False,False,False,45.9,-39.106753812636164,False,34.20716772873831,-3.986041839294135,-4.203023274552807,0.4339628705173446,True,False,False,False,2026-07-29,1.0,9.92876966965604,9.49298155122455,10.800345906519016,False,False,2026-07-22,6.0,True,480458.0,558325.8,0.8605334018238097,False,1367262600.0,5.26,259.935855513308,-3.8858321870701484,5.123796423658879,-13.158303557557858,30.201342281879107,8.053691275167841,False,63.13,False,False,False,False,True,False
760,002241,歌尔股份,C 制造业,腾讯前复权日K回退（成交额、换手率已提供）,False,2026-07-30,23.06,23.028,22.371000000000002,True,True,True,True,23.98,-3.8365304420350363,False,51.70127637316612,0.012663654287777604,-0.16535859338015474,0.3560444953358647,True,False,False,False,2026-07-13,13.0,32.57500028997609,30.70927241882029,36.306456032287684,False,False,,,False,956967.0,942651.4,1.0151865260052655,False,2218961200.0,3.04,729.921447368421,-2.659349936682154,2.490502321654706,3.0798802020472773,20.33898305084763,8.474576271185962,False,28.98,False,False,False,False,True,False
761,002242,九阳股份,C 制造业,腾讯前复权日K回退（成交额、换手率已提供）,False,2026-07-30,9.21,8.870000000000001,8.3735,True,True,True,True,9.18,0.32679738562092747,True,65.47150821602162,0.12531706667897424,-0.021714156814234054,0.2940624469864166,True,False,False,False,,,26.785699701552442,21.251157483993804,37.854784136669714,False,False,,,False,122080.0,135841.2,0.898696419054013,False,112426100.0,1.6,70.2663125,0.5458515283842891,2.5109170305676902,9.98984892816625,39.13043478260856,60.86956521739144,False,11.33,False,False,False,False,False,False
762,002243,力合科创,C 制造业,腾讯前复权日K回退（成交额、换手率已提供）,False,2026-07-30,6.9,6.758,6.6995000000000005,True,True,True,True,7.45,-7.382550335570468,False,49.83764058338718,-0.11891623069421353,-0.19525663578243974,0.1526808101764524,True,False,False,False,2026-07-03,19.0,16.075309963806138,13.79180961332412,20.64231066477018,False,False,2026-07-28,2.0,True,140065.0,140650.0,0.9958407394241023,False,96905300.0,1.16,83.53905172413793,-0.14471780028942893,2.8943560057887145,2.9927606537801315,54.99999999999967,45.000000000000334,False,9.58,False,False,False,False,True,False
763,002244,滨江集团,K 房地产,腾讯前复权日K回退（成交额、换手率已提供）,False,2026-07-30,9.47,9.006,8.464,True,True,True,True,9.6,-1.3541666666666563,False,63.159089355604856,0.1775531486244688,0.019371006188982774,0.31636428487097207,True,False,False,False,2026-07-03,19.0,40.53387661569619,35.45196373360012,50.69770237988833,False,False,,,False,305743.0,278545.2,1.0976423216052547,False,291696700.0,1.11,262.7898198198198,0.2116402116402183,3.809523809523822,11.885633270321364,72.22222222222192,27.777777777778077,False,11.97,False,True,False,False,True,False
764,002245,蔚蓝锂芯,C 制造业,腾讯前复权日K回退（成交额、换手率已提供）,False,2026-07-30,15.12,16.112000000000002,18.298499999999997,False,False,False,False,22.52,-32.85968028419183,False,36.893811147328705,-1.0638287855226025,-0.7588296363154416,-0.6099982984143217,False,True,False,False,,,41.06114414339471,45.80086598988464,31.581700450414857,False,False,,,False,854704.0,701090.0,1.219107389921408,False,1307421700.0,5.32,245.7559586466165,-5.7943925233645,8.47352024922118,-17.370276252151807,16.91176470588226,32.352941176470566,False,23.21,False,False,False,False,True,False
765,002246,北化股份,C 制造业,腾讯前复权日K回退（成交额、换手率已提供）,False,2026-07-30,19.78,19.806,18.529500000000002,False,True,True,True,20.39,-2.9916625796959266,False,55.29060974901463,0.025656674807031266,-0.3248187796959269,0.7009509090059163,True,False,False,False,2026-07-13,13.0,24.265070962931688,20.34271390206141,32.10978508467225,False,False,2026-07-22,6.0,True,172136.0,204966.0,0.8398270932740064,False,341180700.0,3.14,108.65627388535032,-2.4654832347140054,3.747534516765276,6.748698022072904,11.842105263157906,39.473684210526514,False,27.15,False,False,False,False,False,False
766,002247,聚力文化,C 制造业,腾讯前复权日K回退（成交额、换手率已提供）,False,2026-07-30,2.09,2.054,2.1,True,False,False,True,2.28,-8.333333333333332,False,45.857225234824874,-0.06462210618895625,-0.0807202225509868,0.03219623272406111,True,False,False,False,2026-07-27,3.0,15.065862794466119,12.11911951426719,20.959349354863974,False,False,,,False,256969.0,246238.0,1.043579788659752,False,54699799.99999999,3.99,13.709223057644108,-1.4150943396226578,4.7169811320754755,-0.47619047619048716,60.0,20.0,False,2.97,False,False,False,False,False,False
767,002248,华东数控,C 制造业,腾讯前复权日K回退（成交额、换手率已提供）,False,2026-07-30,8.29,8.162,8.388000000000002,True,False,False,True,9.74,-14.887063655030811,False,43.479514266447154,-0.3758692620510953,-0.47052463719041193,0.1893107502786333,True,False,False,False,2026-07-24,4.0,11.960583196865725,9.60081274867242,16.680124093252335,False,False,2026-07-21,7.0,True,86737.0,65925.8,1.315676108594814,False,73031700.0,2.82,25.897765957446808,-1.309523809523827,3.3333333333333464,-1.1683357176919709,25.0,3.571428571428481,False,14.05,False,False,False,False,False,False
768,002249,大洋电机,C 制造业,腾讯前复权日K回退（成交额、换手率已提供）,False,2026-07-30,7.25,7.053999999999999,7.210000000000001,True,True,False,True,8.78,-17.4259681093394,False,48.21710880749726,-0.24004609303404312,-0.319110429234602,0.15812867240111772,True,False,False,False,2026-07-27,3.0,16.86051202429873,13.255029455403346,24.071477162089494,False,False,2026-07-21,7.0,True,436290.0,399343.0,1.0925194632183362,False,316520300.0,2.34,135.2650854700855,0.2766251728907321,2.6279391424619694,0.5547850208044264,42.10526315789469,57.89473684210531,False,10.05,False,False,False,False,True,False
769,002250,联化科技,C 制造业,腾讯前复权日K回退（成交额、换手率已提供）,False,2026-07-30,15.5,15.482,15.407499999999999,True,True,True,False,17.17,-9.726266744321501,False,51.903742239883,0.32992689238231954,0.37415227017739167,-0.08845075559014426,False,True,False,False,,,62.131277037760036,64.0533713946145,58.2870883240511,False,False,,,False,120143.0,200895.0,0.5980387764752731,False,186555200.0,1.34,139.22029850746267,-0.8317338451695466,3.390914907229694,0.6003569690086071,58.49056603773582,41.50943396226418,False,17.17,False,False,False,False,True,False
770,002251,步步高,F 批发零售,腾讯前复权日K回退（成交额、换手率已提供）,False,2026-07-30,3.64,3.582,3.4955000000000007,True,True,True,True,3.83,-4.96083550913838,False,51.326129783475594,-0.044168875356963344,-0.09264554986977913,0.09695334902563157,True,False,False,False,2026-07-14,12.0,17.040902839719703,14.271956689019357,22.57879514112039,False,False,2026-07-27,3.0,True,1442728.0,1036316.2,1.3921696872055074,False,537535800.0,6.7,80.229223880597,-1.6216216216216273,5.945945945945951,4.133886425404073,81.81818181818183,4.545454545454646,False,5.2,False,False,False,False,True,False
771,002252,上海莱士,C 制造业,腾讯前复权日K回退（成交额、换手率已提供）,False,2026-07-30,5.22,5.093999999999999,4.906999999999999,True,True,True,True,5.34,-2.247191011235957,False,61.55845965334337,0.10028108843326322,0.0646601520061875,0.07124187285415146,True,False,False,False,2026-07-03,19.0,50.062627018706316,45.904741142351035,58.37839877141688,False,False,,,False,486673.0,546494.8,0.890535463466441,False,252555000.0,0.74,341.2905405405405,1.3592233009708687,2.1359223300970935,6.378642755247619,18.18181818181855,81.81818181818144,True,5.71,False,True,False,False,False,False
772,002253,川大智胜,I 信息技术,腾讯前复权日K回退（成交额、换手率已提供）,False,2026-07-30,9.0,8.751999999999999,9.1815,True,False,False,True,10.36,-13.127413127413124,False,42.23294683206798,-0.45721352279275074,-0.5077787759388066,0.10113050629211173,True,False,False,False,2026-07-29,1.0,18.897070472662104,15.646439854552895,25.39833170888052,False,False,2026-07-21,7.0,True,68795.0,45739.6,1.5040577530192656,False,62812600.0,3.28,19.15018292682927,0.8968609865470878,5.1569506726457295,-1.9768011762783835,60.86956521739128,39.13043478260872,False,12.38,False,False,False,False,True,False
773,002254,泰和新材,C 制造业,腾讯前复权日K回退（成交额、换手率已提供）,False,2026-07-30,11.13,11.426,12.747,False,False,False,False,17.68,-37.04751131221719,False,33.97998518304546,-1.242101322377433,-1.1779035373164881,-0.12839557012188996,False,True,False,False,,,12.861605811880203,14.232547140490235,10.11972315466014,False,False,,,False,257799.0,262939.6,0.98044950247129,False,291368800.0,3.03,96.1613201320132,-3.2173913043478164,5.478260869565224,-12.685337726523882,33.33333333333343,19.047619047619182,False,21.5,False,False,False,False,False,False
774,002255,海陆重工,C 制造业,腾讯前复权日K回退（成交额、换手率已提供）,False,2026-07-30,8.27,8.112,8.259,True,True,False,True,9.72,-14.917695473251039,False,45.4803012553527,-0.315786956541821,-0.39740541967581,0.16323692626797803,True,False,False,False,2026-07-27,3.0,15.165408510747055,11.143241273974018,23.209742984293126,False,False,2026-07-23,5.0,True,150071.0,174099.0,0.8619865708591089,False,124853300.0,2.35,53.129063829787235,-0.3614457831325413,2.4096385542168584,0.13318803729264114,70.00000000000053,29.999999999999467,False,11.53,False,True,False,False,True,False
775,002256,兆新股份,D 水电煤气,腾讯前复权日K回退（成交额、换手率已提供）,False,2026-07-30,3.21,3.2479999999999998,3.2965000000000004,False,False,False,False,3.8,-15.526315789473683,False,39.94143396460238,-0.1614169005169379,-0.19966205080660057,0.07649030057932532,True,False,False,False,2026-07-22,6.0,12.02877546525621,11.070126009391302,13.946074376986026,False,False,2026-07-21,7.0,True,598856.0,783505.8,0.7643287388555388,False,194479700.0,2.97,65.48138047138046,-3.3132530120481896,3.9156626506024064,-2.623995146367373,23.076923076923286,7.692307692307534,False,5.75,False,True,False,False,True,False
776,002258,利尔化学,C 制造业,腾讯前复权日K回退（成交额、换手率已提供）,False,2026-07-30,16.18,14.662,13.7915,True,True,True,True,14.74,9.769335142469467,True,68.24552600667502,0.43909484301265955,0.2180668365648449,0.4420560128956293,True,False,False,False,2026-07-23,5.0,78.89628834819476,62.096140787270905,112.49658347004247,False,False,,,False,368622.0,268737.4,1.3716810536977733,False,593390700.0,4.61,128.7181561822126,9.99320190346702,5.438477226376607,17.318638291701415,0.0,100.0,True,14.74,True,True,False,True,False,False
777,002259,升达林业,D 水电煤气,腾讯前复权日K回退（成交额、换手率已提供）,False,2026-07-30,3.53,3.5439999999999996,3.5919999999999996,False,False,False,True,4.02,-12.189054726368155,False,39.70931632281407,-0.17437244710852662,-0.220300218865619,0.09185554351418479,True,False,False,False,2026-07-14,12.0,12.615216830724743,10.951863889389115,15.941922713396,False,False,2026-07-21,7.0,True,147907.0,177703.2,0.8323260357720063,False,52843600.0,1.97,26.824162436548225,-3.28767123287671,5.205479452054793,-1.7260579064587926,0.0,26.315789473684127,False,6.12,False,False,False,False,True,False
778,002261,拓维信息,I 信息技术,腾讯前复权日K回退（成交额、换手率已提供）,False,2026-07-30,24.59,26.316000000000003,28.803999999999995,False,False,False,False,33.88,-27.420306965761515,False,35.3889424969402,-1.092032633276819,-0.7109205400492258,-0.7622241864551866,False,True,False,False,,,5.057342752417213,8.038494065803976,-0.9049598743563116,False,False,,,False,613549.0,537364.6,1.1417741324977493,False,1555853599.9999998,5.35,290.81375700934575,-6.3594821020563685,6.8164508758568125,-14.629912512151074,17.31843575418988,3.9106145251396827,False,38.38,False,False,False,False,False,False
779,002262,恩华药业,C 制造业,腾讯前复权日K回退（成交额、换手率已提供）,False,2026-07-30,22.08,21.546,20.832,True,True,True,True,22.2,-0.5405405405405451,False,62.874998177936426,0.5450151876477207,0.4355101677148348,0.21901003986577183,True,False,False,False,,,74.9315127819064,69.62143357628408,85.55167119315107,False,False,,,False,133951.0,132718.6,1.00928581223732,False,297262300.0,1.52,195.56730263157894,0.363636363636366,2.545454545454556,5.990783410138237,67.85714285714303,32.14285714285696,False,22.21,True,False,False,True,True,False
780,002263,大东南,C 制造业,腾讯前复权日K回退（成交额、换手率已提供）,False,2026-07-30,2.87,2.85,2.859,True,True,False,True,3.33,-13.813813813813812,False,40.99374975615234,-0.18719445743259877,-0.2398396123614372,0.10529030985767684,True,False,False,False,2026-07-23,5.0,10.436051399351115,8.774095418920025,13.759963360213295,False,False,2026-07-22,6.0,True,490725.0,551774.0,0.8893586867086887,False,141900800.0,2.61,54.368122605363986,-1.7123287671232834,3.0821917808219133,0.38474991255684227,44.44444444444456,22.22222222222228,False,4.45,False,False,False,False,False,False
781,002264,新 华 都,I 信息技术,腾讯前复权日K回退（成交额、换手率已提供）,False,2026-07-30,6.23,6.1659999999999995,6.030500000000001,True,True,True,True,6.45,-3.4108527131782904,False,53.244513845308674,-0.005490303277913,-0.06691291451483469,0.12284522247384339,True,False,False,False,,,22.104129351340788,19.532935439933528,27.246517174155308,False,False,,,False,192893.0,166276.2,1.1600758256443193,False,122132000.0,2.96,41.26081081081081,-0.6379585326953596,3.668261562998412,3.308183401044682,78.2608695652175,4.3478260869568075,False,8.65,False,False,False,False,False,False
782,002265,建设工业,C 制造业,腾讯前复权日K回退（成交额、换手率已提供）,False,2026-07-30,18.28,18.862000000000002,17.4285,False,True,True,True,20.72,-11.776061776061766,False,52.256955652438904,-0.028870107502065423,-0.3675318661077477,0.6773235172113645,True,False,False,False,2026-07-20,8.0,21.879990717150445,19.370788485666296,26.89839518011874,False,False,2026-07-23,5.0,True,243446.0,272348.6,0.8938764509896509,False,453774900.0,2.36,192.2775,-0.9214092140921282,5.69105691056909,4.885675760966242,89.52380952380955,10.47619047619045,False,26.22,False,True,True,False,True,False
783,002266,浙富控股,N 公共环保,腾讯前复权日K回退（成交额、换手率已提供）,False,2026-07-30,4.57,4.5200000000000005,4.862,True,False,False,False,5.82,-21.477663230240548,False,44.023438075366805,-0.14485188946118743,-0.11697837550940159,-0.055747027903571694,False,True,False,False,,,30.535650331988112,31.30362873730638,28.99969352135158,False,False,,,False,848732.0,818193.6,1.0373241736430108,False,388221700.0,1.75,221.84097142857144,-0.6521739130434634,3.0434782608695583,-6.005758946935414,49.99999999999968,50.00000000000032,False,5.82,False,True,False,False,False,False
784,002267,陕天然气,D 水电煤气,腾讯前复权日K回退（成交额、换手率已提供）,False,2026-07-30,7.4,7.268000000000001,7.117,True,True,True,True,7.35,0.680272108843547,True,65.40442862918623,0.09142361618734185,0.059127355817478675,0.06459252073972635,True,False,False,False,2026-07-02,20.0,54.3316476638239,49.77683295418323,63.44127708310525,False,False,,,False,69243.0,62143.4,1.1142454387754774,False,50959799.99999999,0.62,82.1932258064516,1.5089163237311354,1.9204389574760024,3.976394548264724,7.142857142856962,92.85714285714303,True,7.95,False,False,False,False,False,False
785,002268,电科网安,I 信息技术,腾讯前复权日K回退（成交额、换手率已提供）,False,2026-07-30,14.1,13.922,14.3095,True,False,False,False,15.9,-11.320754716981137,False,50.02596029840156,0.019624294753272764,0.049223988545143725,-0.05919938758374192,False,True,False,False,,,31.607006101224112,28.85359813480359,37.11382203406515,False,False,,,False,129890.0,131797.0,0.9855307783940453,False,185577900.0,1.54,120.50512987012988,-0.7042253521126751,3.16901408450705,-1.4640623362102119,84.44444444444443,15.55555555555558,False,16.55,False,True,False,False,True,False
786,002269,美邦服饰,C 制造业,腾讯前复权日K回退（成交额、换手率已提供）,False,2026-07-30,1.38,1.3519999999999999,1.35,True,True,True,True,1.43,-3.4965034965034993,False,51.277109786788145,-0.015845135380191167,-0.02579265496957544,0.019895039178768545,True,False,False,False,2026-07-03,19.0,16.00448562183531,13.654865684982914,20.7037254955401,False,False,2026-07-28,2.0,True,743091.0,457075.4,1.6257514624501777,False,103996800.0,3.17,32.806561514195586,0.0,3.623188405797089,2.2222222222222077,80.00000000000036,19.999999999999645,False,1.72,False,False,False,False,True,False
787,002270,华明装备,C 制造业,腾讯前复权日K回退（成交额、换手率已提供）,False,2026-07-30,20.54,19.58,18.56,True,True,True,True,20.97,-2.050548402479732,False,59.91289922553986,-0.10138308036253463,-0.5291472859054874,0.8555284110859056,True,False,False,False,2026-07-20,8.0,20.062825330332583,13.850610401711933,32.48725518757388,False,False,,,False,407862.0,297555.8,1.3707076118160022,False,829206400.0,4.55,182.24316483516483,3.2679738562091387,6.485671191553539,10.668103448275865,17.82945736434113,82.17054263565888,True,26.48,False,True,False,False,False,False
788,002271,东方雨虹,C 制造业,腾讯前复权日K回退（成交额、换手率已提供）,False,2026-07-30,11.94,11.526,11.342,True,True,True,True,12.55,-4.860557768924312,False,53.85608898567894,-0.18383602234443686,-0.3512314605900927,0.3347908764913117,True,False,False,False,2026-07-21,7.0,16.823744858779033,13.447313950483442,23.57660667537021,False,False,2026-07-21,7.0,True,455209.0,352071.6,1.2929443897207273,False,542500500.0,2.38,227.94138655462186,0.75949367088608,3.291139240506319,5.27243872332921,41.02564102564119,58.97435897435881,False,17.25,False,False,False,False,True,False
789,002272,川润股份,C 制造业,腾讯前复权日K回退（成交额、换手率已提供）,False,2026-07-30,12.47,14.284,18.573999999999998,False,False,False,False,24.86,-49.839098954143196,False,22.614286708600062,-2.158499305322895,-1.5115295709448153,-1.2939394687561592,False,True,False,False,,,5.132096341639027,10.627409192643087,-5.8585293603690936,False,False,,,False,380685.0,281064.6,1.354439513193764,False,490738900.0,9.33,52.5979528403001,-9.963898916967507,9.458483754512628,-32.86314202648863,0.0,0.0,False,25.99,False,False,False,False,False,False
790,002273,水晶光电,C 制造业,腾讯前复权日K回退（成交额、换手率已提供）,False,2026-07-30,24.69,26.444000000000006,29.382500000000004,False,False,False,False,42.18,-41.4651493598862,False,34.21307637364583,-2.3609889069555514,-2.1412098155743244,-0.43955818276245395,False,True,False,False,,,19.65631519567586,23.11665915746366,12.73562727210026,False,False,,,False,655134.0,489483.4,1.338419239549288,False,1635447100.0,4.81,340.00979209979215,-6.299810246679316,9.601518026565454,-15.9703905385859,14.229249011857698,26.086956521739165,False,44.1,False,False,False,False,True,False
791,002274,华昌化工,C 制造业,腾讯前复权日K回退（成交额、换手率已提供）,False,2026-07-30,5.5,5.476000000000001,5.352,True,True,True,True,5.9,-6.7796610169491585,False,54.9341267402666,0.06123938313354227,0.032485326022925205,0.05750811422123413,True,False,False,False,2026-07-02,20.0,35.901441766483835,32.43117250966305,42.84198028012541,False,False,,,False,171420.0,212291.8,0.8074734869646403,False,94867600.0,1.83,51.84021857923497,-0.9009009009009028,2.7027027027027093,2.76532137518684,73.33333333333337,26.66666666666663,False,6.6,False,True,False,False,True,False
792,002275,桂林三金,C 制造业,腾讯前复权日K回退（成交额、换手率已提供）,False,2026-07-30,13.27,13.142000000000001,13.2755,True,False,False,True,13.9,-4.53237410071943,False,52.602525363533005,0.06119667420759711,0.08028578723018989,-0.03817822604518556,False,True,False,False,,,50.940250882062465,50.755428478860246,51.30989568846691,True,False,,,False,17960.0,20310.0,0.8842934515017233,False,23839300.0,0.32,74.4978125,0.3782148260211615,1.7397881996974314,-0.04142970132951389,47.826086956522175,52.173913043477825,False,14.42,False,False,False,False,True,False
793,002276,万马股份,C 制造业,腾讯前复权日K回退（成交额、换手率已提供）,False,2026-07-30,10.19,9.824,9.7175,True,True,True,True,10.94,-6.855575868372944,False,52.578673745242746,-0.22832105484529386,-0.37961302090450877,0.3025839321184298,True,False,False,False,2026-07-16,10.0,13.834028431428342,10.059418128847058,21.383249036590907,False,False,2026-07-21,7.0,True,274211.0,236170.0,1.1610746496168014,False,279204300.0,2.72,102.64863970588235,1.2922465208747402,3.8767395626242602,4.862361718549011,38.461538461538495,61.53846153846151,False,13.93,False,False,False,False,True,False
794,002277,友阿股份,F 批发零售,腾讯前复权日K回退（成交额、换手率已提供）,False,2026-07-30,5.58,5.442,5.6335,True,False,False,True,6.78,-17.69911504424779,False,46.626304889730136,-0.1881361516262805,-0.21667226016792335,0.05707221708328569,True,False,False,False,2026-07-29,1.0,22.074606946781458,18.15333496153215,29.917150917280075,False,False,,,False,324873.0,190281.0,1.7073328393271003,False,183207700.0,2.33,78.62991416309012,-2.7874564459930307,4.529616724738672,-0.9496760450874174,69.23076923076917,26.923076923077055,False,7.56,False,True,False,False,False,False
795,002278,神开股份,C 制造业,腾讯前复权日K回退（成交额、换手率已提供）,False,2026-07-30,7.58,7.562,7.504,True,True,True,False,8.02,-5.486284289276802,False,46.101929319103746,-0.17994044068648574,-0.2673839169352761,0.17488695249758068,True,False,False,False,2026-07-02,20.0,11.262373080411836,9.396646489018599,14.993826263198311,False,False,2026-07-21,7.0,True,94033.0,164239.4,0.5725361880279641,False,71917000.0,2.62,27.449236641221372,-1.1734028683181186,3.520208604954362,1.0127931769722884,48.14814814814818,18.51851851851848,False,11.14,False,False,False,False,True,False
796,002279,久其软件,I 信息技术,腾讯前复权日K回退（成交额、换手率已提供）,False,2026-07-30,6.8,6.316,5.898000000000001,True,True,True,True,7.11,-4.360056258790443,False,64.84608572879225,0.044613303338536525,-0.11220882824103776,0.31364426315914856,True,False,False,False,2026-07-10,14.0,31.68952925446116,22.459561627094377,50.14946450919472,False,False,,,False,1056196.0,506762.4,2.0842035636424483,True,722092100.0000001,13.28,54.37440512048194,1.9490254872563728,8.395802098950519,15.293319769413346,46.42857142857142,53.571428571428584,False,8.47,False,True,False,False,True,True
797,002281,光迅科技,C 制造业,腾讯前复权日K回退（成交额、换手率已提供）,False,2026-07-30,152.33,174.962,200.767,False,False,False,False,258.66,-41.108018247892986,False,33.387451347414014,-14.710895115865469,-9.591399922041704,-10.23899038764753,False,True,False,False,,,46.50139268475838,52.02257489333859,35.45902826759796,False,False,,,False,394629.0,360970.4,1.0932447646676846,False,6146684399.999999,5.06,1214.7597628458495,-10.002363228169664,9.263854425144736,-24.12597687867029,0.0,0.0,False,279.0,False,False,False,False,False,False
798,002282,博深股份,C 制造业,腾讯前复权日K回退（成交额、换手率已提供）,False,2026-07-30,5.73,5.662,5.6964999999999995,True,True,False,True,5.98,-4.1806020066889635,False,48.13622295103848,-0.07629908677269537,-0.1009283836846282,0.04925859382386566,True,False,False,False,2026-07-14,12.0,13.16095937800632,10.257641060355802,18.967596013307357,False,False,2026-07-28,2.0,True,39324.0,34428.2,1.142203193893378,False,22592900.0,0.78,28.96525641025641,0.0,2.094240837696337,0.5880804002457821,58.33333333333278,41.666666666667226,False,6.87,False,True,False,False,True,False
799,002283,天润工业,C 制造业,腾讯前复权日K回退（成交额、换手率已提供）,False,2026-07-30,7.91,8.068,8.528,False,False,False,True,10.74,-26.35009310986965,False,40.580960052917334,-0.5376725830304814,-0.589939613672474,0.10453406128398535,True,False,False,False,2026-07-28,2.0,18.96757077712668,17.29705144748616,22.30860943640772,False,False,2026-07-23,5.0,True,362107.0,310082.2,1.1677774473994316,False,287665500.0,3.61,79.68573407202216,-2.4660912453760675,4.069050554870532,-7.246716697936213,27.272727272727227,42.424242424242586,False,13.24,False,False,False,False,True,False
800,002284,亚太股份,C 制造业,腾讯前复权日K回退（成交额、换手率已提供）,False,2026-07-30,9.37,9.116,9.2415,True,True,False,True,10.5,-10.76190476190477,False,48.12689657412594,-0.31927861337576147,-0.4438040714414705,0.24905091613141805,True,False,False,False,2026-07-23,5.0,11.371986384792569,8.056765757920338,18.00242763853703,False,False,2026-07-27,3.0,True,214416.0,149170.8,1.4373858690842982,False,203196100.0,2.93,69.35020477815699,-1.4721345951629883,2.839116719242898,1.390466915544002,44.44444444444422,14.814814814814522,False,13.74,False,False,False,False,False,False
801,002285,世联行,K 房地产,腾讯前复权日K回退（成交额、换手率已提供）,False,2026-07-30,2.06,2.0319999999999996,2.03,True,True,True,True,2.19,-5.9360730593607265,False,46.22104410391978,-0.0638429668237217,-0.09115214250443204,0.05461835136142068,True,False,False,False,2026-07-03,19.0,8.891052560047894,7.19252004498361,12.288117590176462,False,False,2026-07-27,3.0,True,376918.0,410031.4,0.9192417946527998,False,78800000.0,1.91,41.2565445026178,-1.4354066985645786,5.263157894736836,1.4778325123152833,63.636363636363555,18.18181818181822,False,3.37,False,False,False,False,True,False
802,002286,保龄宝,C 制造业,腾讯前复权日K回退（成交额、换手率已提供）,False,2026-07-30,7.91,7.609999999999999,7.860499999999999,True,True,False,True,8.82,-10.317460317460318,False,48.31964266162183,-0.24984092788008994,-0.30490500493566786,0.11012815411115584,True,False,False,False,2026-07-29,1.0,16.805141150135025,10.91966665633821,28.576090137728652,False,False,2026-07-28,2.0,True,226309.0,70925.4,3.190803294729392,True,181766400.0,6.12,29.700392156862744,-2.944785276073625,3.5582822085889574,0.6297309331467591,75.86206896551715,10.34482758620698,False,10.43,False,False,False,False,False,True
803,002287,奇正藏药,C 制造业,腾讯前复权日K回退（成交额、换手率已提供）,False,2026-07-30,20.9,20.446,20.6565,True,True,False,True,22.13,-5.558065973791236,False,54.164469860682,0.09778421737241416,0.11422472572127434,-0.03288101669772037,False,True,False,False,,,43.10616800772872,40.5870808663706,48.14434229044497,False,False,,,False,25523.0,22669.6,1.125869005187564,False,53283900.0,0.45,118.40866666666666,1.0638297872340274,2.65957446808511,1.1788057028053995,40.000000000000384,59.99999999999961,False,22.77,False,False,False,False,False,False
804,002289,宇顺电子,C 制造业,腾讯前复权日K回退（成交额、换手率已提供）,False,2026-07-30,28.55,32.06,38.7015,False,False,False,False,50.98,-43.9976461357395,False,27.82968898164947,-3.129204472104149,-2.123674377818815,-2.011060188570668,False,True,False,False,,,25.505155460515667,32.388370962192404,11.738724457162192,False,False,,,False,53246.0,38264.4,1.3915284180596064,False,156681600.0,1.94,80.76371134020619,-9.993694829760402,10.876418663303907,-26.230249473534624,8.115942028985542,0.0,False,51.0,False,False,False,False,False,False
805,002290,禾盛新材,C 制造业,腾讯前复权日K回退（成交额、换手率已提供）,False,2026-07-30,48.78,53.916,67.88050000000001,False,False,False,False,92.58,-47.31043421905379,False,26.501944038594544,-8.593466921144483,-7.112448625426704,-2.9620365914355578,False,True,False,False,,,7.257547694592603,11.846152929642775,-1.9196627755077422,False,False,,,False,113698.0,87846.8,1.2942759440298337,False,579511500.0,4.6,125.98076086956522,-8.822429906542052,12.299065420560744,-28.138419722895392,15.045592705167099,5.775075987841985,False,108.7,False,True,False,False,False,False
806,002291,遥望科技,I 信息技术,腾讯前复权日K回退（成交额、换手率已提供）,False,2026-07-30,4.92,4.8260000000000005,4.8105,True,True,True,True,5.23,-5.927342256214159,False,48.66044910322859,-0.0931427156595559,-0.1414852104019379,0.096684989484764,True,False,False,False,2026-07-03,19.0,13.55125474124412,12.099390918495528,16.454982386741303,False,False,2026-07-28,2.0,True,335882.0,231548.8,1.4505883856880277,False,167946699.99999997,3.86,43.50950777202072,-0.20283975659228792,3.651115618661252,2.2762706579357594,83.33333333333366,11.11111111111089,False,7.05,False,True,False,False,False,False
807,002292,奥飞娱乐,C 制造业,腾讯前复权日K回退（成交额、换手率已提供）,False,2026-07-30,7.99,7.76,7.634,True,True,True,True,8.18,-2.3227383863080626,False,58.398741246347775,0.17120286969517284,0.12604398059758792,0.09031777819516984,True,False,False,False,2026-07-28,2.0,73.05723576189365,63.9756536237262,91.22040003822855,False,False,,,False,647310.0,753239.8,0.8593677604396368,False,519637800.0,6.36,81.70405660377358,-1.1138613861386149,3.7128712871286993,4.663348179198321,43.33333333333316,30.00000000000006,False,8.39,False,False,False,False,True,False
808,002293,罗莱生活,C 制造业,腾讯前复权日K回退（成交额、换手率已提供）,False,2026-07-30,11.28,11.222,11.055499999999999,True,True,True,True,11.85,-4.8101265822784836,False,57.11157596871735,0.23688504522667486,0.23331067278414216,0.0071487448850653945,True,False,False,False,2026-07-28,2.0,80.7149885847132,80.0098985043352,82.12516874546921,False,False,,,False,56857.0,86950.6,0.6539000305920832,False,64106100.0,0.68,94.27367647058823,-0.08857395925597755,2.2143489813994686,2.0306634706707145,48.0000000000004,51.9999999999996,False,11.85,False,False,False,False,True,False
809,002294,信立泰,C 制造业,腾讯前复权日K回退（成交额、换手率已提供）,False,2026-07-30,33.15,32.924,36.1115,True,False,False,False,44.0,-24.65909090909091,False,44.523388883943866,-0.5449986310653756,-0.07000140934571514,-0.9499944434393209,False,True,False,False,,,10.0461511838621,11.608194009506272,6.9220655325737575,False,False,,,False,214758.0,256278.8,0.8379858185694642,False,713925300.0,1.93,369.90948186528493,0.21160822249093325,3.9298669891172833,-8.200988604738106,65.38461538461564,34.615384615384365,False,51.47,False,True,False,False,True,False
810,002295,精艺股份,C 制造业,腾讯前复权日K回退（成交额、换手率已提供）,False,2026-07-30,7.91,7.843999999999999,8.075,True,False,False,True,9.01,-12.208657047724747,False,41.34050655146201,-0.3732273379894897,-0.4443020586468399,0.14214944131470042,True,False,False,False,2026-07-27,3.0,14.568875336350517,12.276632367132727,19.1533612747861,False,False,,,False,28697.0,34807.6,0.824446385272182,False,22877700.0,1.15,19.893652173913043,-1.494396014943955,4.3586550435865465,-2.0433436532507634,40.0000000000002,25.7142857142857,False,12.24,False,False,False,False,True,False
811,002296,辉煌科技,C 制造业,腾讯前复权日K回退（成交额、换手率已提供）,False,2026-07-30,8.82,8.719999999999999,8.7685,True,True,False,True,9.42,-6.369426751592353,False,47.43910585095213,-0.16894415344735414,-0.23698837973555367,0.13608845257639907,True,False,False,False,2026-07-02,20.0,9.798693345762954,7.652226927614005,14.091626182060851,False,False,2026-07-28,2.0,True,80600.0,71389.0,1.1290254801159842,False,71802400.0,2.32,30.94931034482759,-1.7817371937639215,2.7839643652561246,0.5873296458915523,23.99999999999949,16.00000000000037,False,12.25,False,False,False,False,False,False
812,002297,博云新材,C 制造业,腾讯前复权日K回退（成交额、换手率已提供）,False,2026-07-30,15.02,16.406,20.3375,False,False,False,False,30.33,-50.47807451368283,False,27.672217441052467,-2.5277051243652338,-2.0660886220539503,-0.923233004622567,False,True,False,False,,,23.886309311159398,27.219066917119918,17.22079409923836,False,False,,,False,401405.0,410016.8,0.9789964703885304,False,620039600.0,7.0,88.57708571428572,-7.283950617283952,9.999999999999995,-26.14628149969268,25.308641975308667,7.407407407407362,False,35.9,False,False,False,False,False,False
813,002298,中电鑫龙,C 制造业,腾讯前复权日K回退（成交额、换手率已提供）,False,2026-07-30,8.81,8.42,7.356,True,True,True,True,8.77,0.4561003420752672,True,63.70500188885608,0.0952414425286463,-0.1952041831271427,0.580891251311578,True,False,False,False,2026-07-14,12.0,30.227902244886195,22.5247389047591,45.634228925140384,False,False,2026-07-21,7.0,True,1435844.0,848328.8,1.692555999513396,False,1285099300.0,21.73,59.13940635066728,0.45610034207526073,6.043329532497163,19.766177270255582,39.62264150943404,24.528301886792548,False,12.01,False,False,False,False,False,True
814,002299,圣农发展,C 制造业,腾讯前复权日K回退（成交额、换手率已提供）,False,2026-07-30,16.7,16.148000000000003,16.087,True,True,True,True,16.87,-1.0077059869591092,False,58.5428555470947,0.016578113772290237,-0.06623467879083969,0.16562558512625986,True,False,False,False,,,33.62998381333238,29.386140222975637,42.11767099404586,False,False,,,False,109846.0,90511.8,1.2136097171860465,False,182637100.0,0.9,202.9301111111111,2.0158827122785494,3.420891875381788,3.8105302418101545,16.071428571428584,83.92857142857142,True,19.1,False,True,False,False,True,False
815,002300,太阳电缆,C 制造业,腾讯前复权日K回退（成交额、换手率已提供）,False,2026-07-30,6.97,7.1739999999999995,6.4295,False,True,True,True,7.8,-10.641025641025642,False,53.21296848060733,-0.04433835154315169,-0.24619604973148768,0.403715396376672,True,False,False,False,2026-07-02,20.0,22.959599106301436,19.1793735687159,30.520050181472506,False,False,2026-07-21,7.0,True,511619.0,755321.6,0.6773525343376914,False,362265000.0,7.08,51.16737288135593,-4.1265474552957375,3.988995873452546,8.406563496383852,75.86206896551745,10.344827586206675,False,11.66,False,False,False,False,False,False
816,002301,齐心集团,C 制造业,腾讯前复权日K回退（成交额、换手率已提供）,False,2026-07-30,6.43,6.696,7.577499999999999,False,False,False,False,8.64,-25.578703703703713,False,32.241090038075484,-0.2943957284080536,-0.1583383873340909,-0.27211468214792545,False,True,False,False,,,14.067990910783386,22.880349161355667,-3.556725590361175,False,False,,,False,253156.0,163036.0,1.552761353320739,False,166388300.00000003,3.53,47.13549575070823,-5.718475073313789,7.184750733137819,-15.14351699109204,16.326530612244934,14.285714285714182,False,8.7,False,True,False,False,False,False
817,002302,西部建设,C 制造业,腾讯前复权日K回退（成交额、换手率已提供）,False,2026-07-30,4.64,4.492,4.4425,True,True,True,True,4.63,0.21598272138228483,True,55.76565257647656,-0.03778416115526628,-0.08128019557873145,0.08699206884693034,True,False,False,False,2026-07-06,18.0,14.853537335392547,11.412730933336903,21.735150139503837,False,False,2026-07-28,2.0,True,94584.0,66938.8,1.4129921659784759,False,43827400.0,0.75,58.43653333333333,1.7543859649122862,2.8508771929824537,4.445694991558803,23.076923076923286,76.92307692307672,True,5.86,False,False,False,False,False,False
818,002303,美盈森,C 制造业,腾讯前复权日K回退（成交额、换手率已提供）,False,2026-07-30,4.29,4.5120000000000005,4.408,False,False,True,True,5.19,-17.341040462427753,False,50.79577239408197,0.13949779575260912,0.18044496852449718,-0.08189434554377611,False,True,False,False,,,65.62793027704859,67.16096929029169,62.561852250562396,False,True,,,False,736860.0,777570.4,0.9476440975633846,False,325520400.0,7.62,42.719212598425194,-3.3783783783783883,8.333333333333336,-2.676950998185125,45.945945945945915,10.810810810810818,False,5.19,False,True,False,False,True,False
819,002304,洋河股份,C 制造业,腾讯前复权日K回退（成交额、换手率已提供）,False,2026-07-30,42.44,40.418,39.524,True,True,True,True,41.87,1.361356579890137,True,62.93651448958126,0.19540889763094071,-0.16374597358367265,0.7183097424292267,True,False,False,False,2026-07-02,20.0,28.24878599134621,23.782128037015394,37.182101900007844,False,False,,,False,181186.0,66930.2,2.707088877666584,True,766613800.0,1.2,638.8448333333333,4.816003951592984,6.643615707582113,7.377795769658933,22.676579925650557,77.32342007434944,True,47.63,False,False,False,False,True,False
820,002305,*ST南置,K 房地产,腾讯前复权日K回退（成交额、换手率已提供）,False,2026-07-30,1.92,1.906,1.9455000000000002,True,False,False,True,2.09,-8.133971291866025,False,45.869896327034425,-0.04014733418784178,-0.04923451880854379,0.01817436924140403,True,False,False,False,2026-07-06,18.0,25.392083932398794,24.616863566400113,26.94252466439616,False,False,,,False,171461.0,140339.2,1.2217612755381246,False,33176800.0,0.99,33.51191919191919,-1.538461538461544,3.0769230769230798,-1.3107170393215264,33.33333333333333,16.666666666666664,False,2.49,False,False,False,False,False,False
821,002306,ST云网,H 住宿餐饮,腾讯前复权日K回退（成交额、换手率已提供）,False,2026-07-30,1.66,1.6960000000000002,1.8074999999999999,False,False,False,False,2.11,-21.327014218009477,False,31.810814660708715,-0.09241426024136712,-0.0927888085233251,0.0007490965639159741,True,False,False,False,2026-07-29,1.0,11.64012040139108,11.14121723164913,12.637926740874981,False,False,2026-07-23,5.0,True,101910.0,71448.4,1.4263440468925828,False,17145400.0,1.25,13.71632,-2.92397660818714,4.678362573099419,-8.160442600276625,37.5,12.5,False,2.45,False,False,False,False,True,False
822,002307,北新路桥,E 建筑业,腾讯前复权日K回退（成交额、换手率已提供）,False,2026-07-30,2.98,2.938,2.927,True,True,True,True,3.11,-4.1800643086816685,False,43.74297751710482,-0.11793737629801804,-0.16454812017517229,0.0932214877543085,True,False,False,False,2026-07-13,13.0,7.365003967197197,6.020283877482432,10.054444146626727,False,False,2026-07-27,3.0,True,215133.0,216468.4,0.9938309702478515,False,64334900.0,1.32,48.7385606060606,-0.666666666666671,2.6666666666666545,1.8107277075503907,62.500000000000064,37.49999999999993,False,4.47,False,True,False,False,False,False
823,002309,中利集团,C 制造业,腾讯前复权日K回退（成交额、换手率已提供）,False,2026-07-30,3.19,3.136,2.7845,True,True,True,True,3.37,-5.341246290801192,False,56.825520220747784,0.03565683894006444,-0.06368192678402376,0.1986775314481764,True,False,False,False,2026-07-14,12.0,25.84654574341587,21.82318604652984,33.893265137187925,False,False,,,False,2932707.0,2957661.2,0.9915628605467048,False,949222200.0,12.19,77.86892534864643,-2.7439024390243816,5.182926829268291,14.562758125336684,70.58823529411774,17.647058823529306,False,5.34,False,True,False,False,True,True
824,002310,东方新能,D 水电煤气,腾讯前复权日K回退（成交额、换手率已提供）,False,2026-07-30,2.49,2.4720000000000004,2.2955,True,True,True,True,2.78,-10.43165467625898,False,53.86647778379719,0.031054427028931908,-0.01956121337731458,0.10123128081249297,True,False,False,False,,,23.92214895584284,21.048130915914854,29.670185035698807,False,False,2026-07-27,3.0,True,3409878.0,2882957.8,1.1827706947358023,False,868183900.0,7.75,112.02372903225807,-4.961832061068694,7.251908396946563,8.47309954258332,36.84210526315782,15.78947368421066,False,3.7,False,False,False,False,False,True
825,002311,海大集团,C 制造业,腾讯前复权日K回退（成交额、换手率已提供）,False,2026-07-30,49.25,48.312,47.1485,True,True,True,True,50.13,-1.7554358667464642,False,65.80110199901188,1.052313721863655,0.9541218076030966,0.19638382852111658,True,False,False,False,,,56.22850493826746,50.35906901689483,67.96737678101273,False,False,,,False,85762.0,86302.6,0.9937359940488467,False,419834600.0,0.52,807.3742307692308,2.2208385222083793,4.171855541718552,4.457193760140835,21.393034825870654,78.60696517412936,True,50.13,True,True,False,False,True,False
826,002312,川发龙蟒,C 制造业,腾讯前复权日K回退（成交额、换手率已提供）,False,2026-07-30,8.46,8.24,8.324,True,True,False,True,9.75,-13.230769230769221,False,48.75435502457726,-0.21893672434042166,-0.28188586712013386,0.1258982855594244,True,False,False,False,2026-07-27,3.0,10.066611928761203,7.312414314853847,15.575007156575913,False,False,2026-07-23,5.0,True,235377.0,214146.8,1.0991385348742078,False,199278900.0,1.25,159.42312,1.4388489208633226,3.1175059952038344,1.6338298894762255,42.30769230769212,57.69230769230788,False,11.0,False,True,False,False,True,False
827,002313,日海智能,C 制造业,腾讯前复权日K回退（成交额、换手率已提供）,False,2026-07-30,7.65,7.664,7.7204999999999995,False,False,False,True,8.4,-8.928571428571429,False,46.54729805602937,-0.13331234052752805,-0.18143248270134665,0.0962402843476372,True,False,False,False,2026-07-03,19.0,23.192458101404323,21.801835169238803,25.97370396573536,False,False,2026-07-27,3.0,True,88530.0,76193.4,1.1619116616399847,False,68877100.0,2.36,29.18521186440678,-2.9187817258883197,4.949238578680199,-0.9131532931804822,51.28205128205137,10.256410256410273,False,10.54,False,False,False,False,False,False
828,002314,南山控股,K 房地产,腾讯前复权日K回退（成交额、换手率已提供）,False,2026-07-30,2.09,2.0519999999999996,2.0305,True,True,True,True,2.12,-1.4150943396226532,False,51.94098199206772,-0.022934661089143216,-0.0421282257553,0.03838712933231357,True,False,False,False,2026-07-06,18.0,16.048229400448182,13.82737079201201,20.48994661732053,False,False,2026-07-28,2.0,True,224964.0,186370.2,1.207081389621302,False,47120000.0,1.68,28.047619047619047,0.0,3.3492822966507103,2.930312730854464,57.14285714285733,42.85714285714268,False,2.75,False,True,False,False,False,False
829,002315,焦点科技,I 信息技术,腾讯前复权日K回退（成交额、换手率已提供）,False,2026-07-30,25.84,24.848,24.142500000000002,True,True,True,True,26.04,-0.7680491551459266,False,58.14064437405953,0.07327758270883322,-0.22728499931265256,0.6011251640429716,True,False,False,False,,,26.600747547518967,22.935523703211874,33.931195236133156,False,False,2026-07-27,3.0,True,127644.0,78658.8,1.622755495888572,False,331502300.00000006,4.85,68.35098969072168,2.0940339786645668,5.333860134334247,7.031169100134608,45.18518518518522,54.81481481481478,False,33.72,False,False,False,False,False,False
830,002316,亚联发展,I 信息技术,腾讯前复权日K回退（成交额、换手率已提供）,False,2026-07-30,4.04,3.9259999999999997,3.9515000000000002,True,True,False,True,4.37,-7.551487414187645,False,49.05011468997625,-0.12624791632576837,-0.18012964524443317,0.1077634578373296,True,False,False,False,2026-07-27,3.0,22.046933519508816,17.464995345163583,31.210809868199284,False,False,2026-07-22,6.0,True,120562.0,157524.2,0.7653554184055529,False,49012900.0,3.54,13.84545197740113,-1.2224938875305624,5.134474327628361,2.2396558269011715,42.8571428571428,38.09523809523814,False,5.8,False,False,False,False,False,False
831,002317,众生药业,C 制造业,腾讯前复权日K回退（成交额、换手率已提供）,False,2026-07-30,24.99,26.462,28.055,False,False,False,False,34.27,-27.07907791070909,False,44.20167939122147,0.33112979197381165,0.9354842700024891,-1.208708956057355,False,True,False,False,,,55.24127475130927,60.14290571633467,45.43801282125847,False,False,,,False,307127.0,364817.4,0.8418649987637651,False,781222400.0,4.03,193.85171215880894,-4.58190148911799,7.33104238258878,-10.924968811263595,26.041666666666647,15.104166666666611,False,34.27,False,False,False,False,False,False
832,002318,久立特材,C 制造业,腾讯前复权日K回退（成交额、换手率已提供）,False,2026-07-30,20.42,19.971999999999998,19.700499999999998,True,True,True,True,24.1,-15.269709543568464,False,48.83822667826644,-0.7609965041717217,-1.121185275148698,0.7203775419539524,True,False,False,False,2026-07-23,5.0,20.232897595943808,16.59576767322299,27.507157441385438,False,False,2026-07-17,9.0,True,98374.0,149152.0,0.659555352928556,False,201142500.0,1.03,195.28398058252426,0.49212598425196763,3.1496062992126013,3.6521915687419284,59.37499999999979,40.625000000000206,False,29.58,False,False,False,False,True,False
833,002319,乐通股份,C 制造业,腾讯前复权日K回退（成交额、换手率已提供）,False,2026-07-30,9.8,10.338,10.623999999999999,False,False,False,False,11.62,-15.662650602409627,False,40.39783859797938,-0.19035136554817633,-0.15654131998365467,-0.06762009112904332,False,True,False,True,2026-07-22,6.0,27.871191361627925,31.030150033993166,21.553274016897447,False,False,,,False,97551.0,115131.8,0.8472984874726183,False,95669000.0,4.66,20.529828326180258,-3.4482758620689613,6.995073891625624,-7.7560240963855245,14.084507042253705,42.25352112676061,False,12.6,False,False,False,False,False,False
834,002320,海峡股份,G 运输仓储,腾讯前复权日K回退（成交额、换手率已提供）,False,2026-07-30,6.69,6.468000000000001,6.3575,True,True,True,True,6.8,-1.6176470588235212,False,55.56811411063088,-0.07256912492801071,-0.15457902086820624,0.16401979188039106,True,False,False,False,2026-07-02,20.0,13.700571731183643,9.882793005485752,21.336129182579427,False,False,,,False,246406.0,185864.2,1.3257313673101112,False,165636100.0,1.1,150.57827272727272,1.3636363636363669,3.787878787878788,5.230043255996861,51.99999999999996,48.00000000000004,False,8.72,False,False,False,False,True,False
835,002321,华英农业,A 农林牧渔,腾讯前复权日K回退（成交额、换手率已提供）,False,2026-07-30,1.84,1.8380000000000003,1.8490000000000002,True,False,False,False,1.96,-6.122448979591831,False,49.74342111380306,0.003734485536935228,0.003000824686370265,0.0014673217011299264,True,False,False,False,,,28.22935686213813,28.16982784793841,28.348414890537562,False,False,,,False,253565.0,222145.4,1.1414370948036736,False,47425400.0,1.19,39.85327731092437,-1.0752688172043001,3.763440860215045,-0.4867495943753444,71.42857142857135,0.0,False,2.16,False,False,False,False,True,False
836,002322,理工能科,I 信息技术,腾讯前复权日K回退（成交额、换手率已提供）,False,2026-07-30,10.51,10.178,10.043000000000001,True,True,True,True,10.55,-0.37914691943128837,False,57.17322925982973,-0.042904578441593344,-0.14059963368161288,0.19539011048003907,True,False,False,False,2026-07-03,19.0,16.02375065511878,13.131781064276444,21.80768983680345,False,False,2026-07-28,2.0,True,38855.0,30086.8,1.2914301288272598,False,40953300.0,1.11,36.89486486486486,0.3820439350525229,2.101241642788927,4.650004978592041,54.54545454545484,45.45454545454516,False,12.35,False,False,False,False,True,False
837,002323,*ST雅博,E 建筑业,腾讯前复权日K回退（成交额、换手率已提供）,False,2026-07-30,1.28,1.292,1.3535,False,False,False,False,1.56,-17.94871794871795,False,42.599056189993185,-0.03218114849905884,-0.029196657798065132,-0.005968981401987421,False,True,False,False,,,10.8315465721205,10.9085862045918,10.6774673071779,False,False,,,False,329303.0,362002.0,0.9096717697692278,False,42539600.0,1.55,27.44490322580645,-2.2900763358778664,2.2900763358778646,-5.4303657185075656,66.66666666666666,0.0,False,1.62,False,True,False,False,True,False
838,002324,普利特,C 制造业,腾讯前复权日K回退（成交额、换手率已提供）,False,2026-07-30,8.86,8.684000000000001,9.575500000000002,True,False,False,True,12.43,-28.720836685438456,False,33.00623689344958,-0.8839794633244509,-0.9382099944662967,0.10846106228369168,True,False,False,False,2026-07-29,1.0,6.506587954964097,4.886105308939098,9.747553247014094,False,False,2026-07-27,3.0,True,252559.0,318728.2,0.7923961544664074,False,224922900.0,3.25,69.20704615384615,-0.7838745800671898,3.023516237402011,-7.472194663464071,55.55555555555512,33.33333333333333,False,16.15,False,False,False,False,True,False
839,002326,永太科技,C 制造业,腾讯前复权日K回退（成交额、换手率已提供）,False,2026-07-30,18.41,18.64,19.3305,False,False,False,True,28.62,-35.6743535988819,False,42.89788556830708,-1.2093524467065393,-1.3539680754743042,0.2892312575355298,True,False,False,False,2026-07-28,2.0,22.829755959033548,19.430491549798834,29.628284777502977,False,False,2026-07-23,5.0,True,336594.0,610493.0,0.551347845102237,False,627152600.0,4.15,151.12110843373492,-2.3860021208907733,2.7571580063626704,-4.7619047619047645,32.69230769230737,0.0,False,28.62,False,False,False,False,False,False
840,002327,富安娜,C 制造业,腾讯前复权日K回退（成交额、换手率已提供）,False,2026-07-30,6.6,6.409999999999999,6.3585,True,True,True,True,6.58,0.30395136778114856,True,60.435143298420144,0.015620196946117382,-0.01824744131949845,0.06773527653123167,True,False,False,False,2026-07-03,19.0,34.37753707961924,29.92702721178341,43.2785568152909,False,False,,,False,54675.0,51836.0,1.054768886488155,False,35955700.0,1.11,32.39252252252252,1.538461538461533,2.153846153846149,3.798065581505062,14.285714285714649,85.71428571428535,True,7.54,False,False,False,False,True,False
841,002328,新朋股份,C 制造业,腾讯前复权日K回退（成交额、换手率已提供）,False,2026-07-30,6.4,6.432,6.819500000000001,False,False,False,False,7.92,-19.191919191919187,False,36.3402885375603,-0.41986929446179655,-0.46288974896410134,0.08604090900460959,True,False,False,False,2026-07-28,2.0,7.604368511941401,7.490117144378517,7.832871247067169,False,False,2026-07-29,1.0,True,226926.0,259033.8,0.8760478362283224,False,146816000.0,3.98,36.88844221105528,-2.5875190258751846,3.65296803652967,-6.151477381039668,33.33333333333346,16.66666666666673,False,11.25,False,False,False,False,True,False
842,002329,皇氏集团,C 制造业,腾讯前复权日K回退（成交额、换手率已提供）,False,2026-07-30,3.09,3.19,3.249,False,False,False,False,3.61,-14.40443213296399,False,44.45081104583725,-0.029813742155427203,-0.03797161634329698,0.016315748375739555,True,False,False,False,,,26.688250736095643,27.7333441906905,24.598063826905936,False,True,,,False,467324.0,361320.8,1.2933769658430958,False,150022000.0,7.17,20.923570432357046,-6.079027355623101,8.814589665653497,-4.893813481071106,31.03448275862079,10.34482758620683,False,4.92,False,False,False,False,True,False
843,002330,得利斯,C 制造业,腾讯前复权日K回退（成交额、换手率已提供）,False,2026-07-30,3.74,3.6719999999999997,3.6774999999999998,True,True,False,True,3.98,-6.030150753768838,False,51.113588844553234,-0.028904876504135757,-0.04951790755561922,0.04122606210296692,True,False,False,False,,,17.245130057915738,14.795550427574781,22.14428931859765,False,False,2026-07-29,1.0,True,113695.0,104197.8,1.0911458783198877,False,43125000.0,1.79,24.092178770949722,-0.5319148936170137,3.1914893617021307,1.6995241332427042,66.66666666666666,8.333333333333519,False,4.83,False,False,False,False,False,False
844,002331,皖通科技,I 信息技术,腾讯前复权日K回退（成交额、换手率已提供）,False,2026-07-30,6.3,6.516,6.6845,False,False,False,False,7.52,-16.223404255319146,False,30.755658030624076,-0.35034062244155795,-0.39615018223722676,0.09161911959133762,True,False,False,False,2026-07-24,4.0,9.59250886026029,9.428516986714852,9.920492607351168,False,False,2026-07-21,7.0,True,102401.0,70220.4,1.4582799300488178,False,66076000.0,2.55,25.9121568627451,-4.545454545454541,5.15151515151515,-5.752113097464284,14.70588235294113,2.9411764705881738,False,10.74,False,True,False,False,False,False
845,002332,仙琚制药,C 制造业,腾讯前复权日K回退（成交额、换手率已提供）,False,2026-07-30,8.53,8.39,8.424499999999998,True,True,False,True,8.88,-3.9414414414414574,False,54.59454435219602,0.022506198302730596,0.020531294619425704,0.003949807366609784,True,False,True,False,,,42.144453269180474,39.882791894927045,46.66777601768733,False,False,,,False,99896.0,103856.0,0.9618702819288245,False,84966600.0,1.01,84.12534653465346,0.7083825265643329,1.6528925619834778,1.2522998397531138,28.571428571429113,71.42857142857089,True,8.88,False,False,False,False,False,False
846,002333,罗普斯金,C 制造业,腾讯前复权日K回退（成交额、换手率已提供）,False,2026-07-30,5.29,5.24,4.9565,True,True,True,True,5.34,-0.936329588014978,False,62.97563640778819,0.09181170945339456,0.02682588403962101,0.1299716508275471,True,False,False,False,2026-07-22,6.0,37.294359795383286,31.657709054132614,48.56766127788463,False,False,2026-07-22,6.0,True,71289.0,120585.4,0.5911909733682519,False,38013100.0,1.07,35.52626168224299,-0.5639097744360999,2.2556390977443628,6.728538283062643,83.33333333333296,16.666666666667037,False,5.57,False,True,True,False,True,False
847,002334,英威腾,C 制造业,腾讯前复权日K回退（成交额、换手率已提供）,False,2026-07-30,6.38,6.3,6.5765,True,False,False,True,7.31,-12.722298221614222,False,38.399143445128054,-0.37602124459023756,-0.43215749155625743,0.11227249393203975,True,False,False,False,2026-07-27,3.0,11.770835502723843,9.434362478252,16.44378155166753,False,False,2026-07-21,7.0,True,117269.0,115255.4,1.0174707649272834,False,75376500.0,1.6,47.1103125,-1.0852713178294615,2.1705426356589097,-2.9879115030791508,64.28571428571433,14.285714285714013,False,9.6,False,False,False,False,False,False
848,002335,科华数据,C 制造业,腾讯前复权日K回退（成交额、换手率已提供）,False,2026-07-30,27.71,29.018,32.4055,False,False,False,False,40.0,-30.724999999999998,False,27.73164933887645,-2.677312797232844,-2.4539060427358153,-0.44681350899405725,False,True,False,False,,,4.465012740184325,6.071381011848133,1.2522761968567107,False,False,,,False,180068.0,205182.2,0.8776004936100694,False,505303800.0,2.73,185.09296703296704,-3.7847222222222254,4.583333333333335,-14.489824258227776,25.000000000000135,17.424242424242454,False,49.81,False,True,False,False,False,False
849,002337,赛象科技,C 制造业,腾讯前复权日K回退（成交额、换手率已提供）,False,2026-07-30,4.3,4.262,4.34,True,False,False,True,4.72,-8.898305084745761,False,43.40268988358356,-0.1414667743982898,-0.17695266692616618,0.07097178505575275,True,False,False,False,2026-07-03,19.0,9.615618180695803,7.778881305405886,13.289091931275635,False,False,2026-07-27,3.0,True,83915.0,84859.6,0.9888686724896181,False,36526600.0,1.43,25.543076923076924,-1.1494252873563204,4.137931034482773,-0.9216589861751161,55.55555555555567,16.66666666666675,False,6.42,False,False,False,False,False,False
850,002338,奥普光电,C 制造业,腾讯前复权日K回退（成交额、换手率已提供）,False,2026-07-30,39.88,40.076,45.263,False,False,False,True,58.16,-31.43053645116918,False,36.726354115204444,-3.8517374072698374,-3.7592111840824103,-0.18505244637485418,False,True,False,False,,,11.238716550628263,10.330205675560974,13.055738300762844,False,False,2026-07-28,2.0,True,117461.0,64469.6,1.8219594971893731,True,467119000.0,4.89,95.52535787321064,-0.1502253380069929,4.932398597896843,-11.892715904822914,46.70050761421295,53.29949238578705,False,67.89,False,False,False,False,False,False
851,002339,积成电子,C 制造业,腾讯前复权日K回退（成交额、换手率已提供）,False,2026-07-30,7.06,7.031999999999999,6.723999999999999,True,True,True,True,7.25,-2.620689655172419,False,51.05528947252441,-0.11974686764227194,-0.25674336111528173,0.2739929869460196,True,False,False,False,2026-07-02,20.0,13.63545057204969,11.216658224984625,18.473035266179817,False,False,2026-07-21,7.0,True,223936.0,347370.2,0.6446609409788174,False,160394600.0,4.68,34.27235042735043,-1.534170153417025,4.18410041841004,4.997025580011902,73.3333333333333,9.999999999999792,False,10.62,False,False,False,False,False,False
852,002340,格林美,C 制造业,腾讯前复权日K回退（成交额、换手率已提供）,False,2026-07-30,6.7,6.5920000000000005,6.523000000000001,True,True,True,True,7.08,-5.367231638418078,False,50.26650627935397,-0.11455772571632394,-0.1864279598710245,0.14374046830940113,True,False,False,False,2026-07-08,16.0,13.417983882812111,11.29172554978912,17.670500548858094,False,False,2026-07-21,7.0,True,1137115.0,1090945.0,1.0423211069302303,False,761167500.0,2.24,339.8069196428571,0.1494768310911887,1.6442451420029942,2.7134753947570074,27.27272727272742,72.72727272727259,True,9.29,False,False,False,False,False,False
853,002342,巨力索具,C 制造业,腾讯前复权日K回退（成交额、换手率已提供）,False,2026-07-30,6.96,7.188,8.432500000000001,False,False,False,False,11.88,-41.41414141414142,False,33.28102480843458,-1.0330270091317821,-1.042389281367047,0.018724544470529736,True,False,True,False,,,5.071151003580233,4.965014403244952,5.283424204250796,False,False,2026-07-22,6.0,True,636651.0,585035.2,1.0882268280609442,False,451983100.0,6.67,67.7635832083958,-4.264099037138925,6.877579092159561,-17.46219982211682,32.00000000000003,11.999999999999922,False,23.99,False,True,False,False,False,False
854,002343,慈文传媒,R 文化传播,腾讯前复权日K回退（成交额、换手率已提供）,False,2026-07-30,4.78,4.618,4.595000000000001,True,True,True,True,5.11,-6.457925636007829,False,53.431089151192275,-0.046636234974383406,-0.09528477154060085,0.09729707313243488,True,False,False,False,2026-07-02,20.0,19.127165054785753,15.29417206214849,26.79315104006028,False,False,2026-07-28,2.0,True,124522.0,128132.4,0.9718228956922683,False,60408600.0,2.63,22.969049429657797,-0.6237006237006071,4.365904365904365,4.026115342763865,80.95238095238093,9.523809523809746,False,6.38,False,True,True,False,False,False
855,002344,海宁皮城,L 商务服务,腾讯前复权日K回退（成交额、换手率已提供）,False,2026-07-30,3.75,3.668,3.646,True,True,True,True,3.85,-2.5974025974025996,False,54.275145861082926,-0.0090245392916537,-0.030176732861027462,0.042304387138747526,True,False,False,False,2026-07-02,20.0,28.04178278860897,24.722027037898346,34.681294290030216,False,False,,,False,110568.0,88785.0,1.2453454975502618,False,41512900.0,0.86,48.27081395348837,0.536193029490617,2.949061662198388,2.8524410312671447,45.45454545454534,54.54545454545465,False,4.58,False,False,False,False,True,False
856,002345,潮宏基,C 制造业,腾讯前复权日K回退（成交额、换手率已提供）,False,2026-07-30,10.7,10.408000000000001,10.195,True,True,True,True,10.82,-1.1090573012939093,False,59.68709631073398,0.22922130517074457,0.17914190741638458,0.10015879550871998,True,False,False,False,2026-07-27,3.0,72.20618766794958,66.20429864392003,84.2099657160087,False,False,,,False,302152.0,246882.0,1.2238721332458422,False,327346100.0,3.48,94.06497126436781,0.37523452157597337,5.1594746716698,4.95340853359489,69.09090909090915,30.909090909090857,False,10.82,True,True,False,False,True,False
857,002346,柘中股份,C 制造业,腾讯前复权日K回退（成交额、换手率已提供）,False,2026-07-30,15.57,16.506,18.416500000000003,False,False,False,False,22.39,-30.460026797677536,False,34.92533719650751,-0.8437961910526326,-0.49735996883242123,-0.6928724444404227,False,True,False,False,,,12.225538266781752,18.815600780749367,-0.9545867611534788,False,False,,,False,59747.0,49831.4,1.198982970576785,False,95004599.99999999,1.52,62.50302631578946,-5.636363636363639,6.545454545454535,-15.45624847283687,17.59259259259241,6.481481481481518,False,24.24,False,False,False,False,False,False
858,002347,泰尔股份,C 制造业,腾讯前复权日K回退（成交额、换手率已提供）,False,2026-07-30,5.45,5.346000000000001,5.421,True,True,False,True,6.35,-14.173228346456684,False,44.7844818966144,-0.2473834791251095,-0.3262927467964724,0.15781853534272583,True,False,False,False,2026-07-15,11.0,13.237875392476111,10.59674499484474,18.520136187738853,False,False,2026-07-21,7.0,True,133567.0,124133.6,1.075993929121527,False,73723700.0,2.71,27.204317343173432,-1.0889292196007205,3.8112522686025407,0.5349566500645622,61.90476190476186,14.285714285714407,False,8.76,False,False,False,False,False,False
859,002348,高乐股份,C 制造业,腾讯前复权日K回退（成交额、换手率已提供）,False,2026-07-30,9.25,9.902,10.282499999999999,False,False,False,False,11.74,-21.20954003407155,False,39.536507356614926,-0.4637147020912824,-0.4701202705342691,0.012811136885973351,True,False,False,False,2026-07-27,3.0,30.338658499137694,32.12777141353714,26.7604326703388,False,True,,,False,194985.0,242119.2,0.8053264672937958,False,184532500.0,2.16,85.43171296296296,-6.941649899396374,9.85915492957747,-10.041332360807187,13.265306122449052,18.367346938775473,False,16.09,False,True,False,False,False,False
860,002349,精华制药,C 制造业,腾讯前复权日K回退（成交额、换手率已提供）,False,2026-07-30,6.71,6.662000000000001,6.6745,True,True,False,False,7.09,-5.3596614950634685,False,51.73454658788431,0.026163309038001792,0.021358497348299834,0.009609623379403916,True,False,False,False,,,29.878648836823018,29.449366126564268,30.73721425734052,False,False,,,False,93647.0,111280.8,0.8415378034665458,False,63238600.0,1.15,54.99008695652174,-0.4451038575667643,2.373887240356085,0.5318750468199845,75.0,25.0,False,7.6,False,True,False,False,True,False
861,002350,北京科锐,C 制造业,腾讯前复权日K回退（成交额、换手率已提供）,False,2026-07-30,13.38,14.35,14.442999999999998,False,False,False,False,17.1,-21.75438596491228,False,42.853973515517175,-0.1249738126047042,-0.06386038106029845,-0.12222686308881148,False,True,False,True,2026-07-27,3.0,30.685716959345992,34.48619726638386,23.08475634527025,False,False,,,False,165398.0,182967.4,0.903975243677289,False,223306100.0,3.12,71.57246794871794,-4.904051172707891,8.528784648187628,-7.35996676590734,18.33333333333325,24.166666666666757,False,18.35,False,False,False,False,False,False
862,002351,漫步者,C 制造业,腾讯前复权日K回退（成交额、换手率已提供）,False,2026-07-30,10.33,10.012,9.739,True,True,True,True,10.51,-1.7126546146527093,False,59.998843840278965,0.06375315554232408,-0.024138561384937633,0.17578343385452344,True,False,False,False,2026-07-09,15.0,46.04354445184541,41.331291392378056,55.468050570780136,False,False,,,False,88848.0,78634.2,1.1298900478417788,False,91505800.0,1.71,53.512163742690056,0.9775171065493637,2.1505376344086082,6.068384844439874,22.727272727272986,77.27272727272701,True,11.56,False,False,False,False,False,False
863,002352,顺丰控股,G 运输仓储,腾讯前复权日K回退（成交额、换手率已提供）,False,2026-07-30,35.12,34.339999999999996,33.3465,True,True,True,True,35.06,0.17113519680546252,True,65.68283517284115,0.42652432112215877,0.1693386263877968,0.514371389468724,True,False,False,False,2026-07-02,20.0,54.35725973054091,49.14391280199835,64.78395358762604,False,False,,,False,273226.0,196105.2,1.393262391818269,False,956498100.0,0.57,1678.0668421052633,1.093839953943565,1.7271157167530262,5.318399232303236,21.66666666666704,78.33333333333296,True,37.39,False,False,False,False,True,False
864,002353,杰瑞股份,C 制造业,腾讯前复权日K回退（成交额、换手率已提供）,False,2026-07-30,125.73,137.932,141.649,False,False,False,False,176.59,-28.801177869641542,False,43.146093540496864,-4.650136126929368,-4.5054250951608585,-0.28942206353701927,False,True,False,True,2026-07-28,2.0,51.52986494725372,52.81422133342957,48.961152174902026,False,True,,,False,255848.0,250155.0,1.022757890108133,False,3285938600.0,3.7,888.0915135135135,-9.999999999999986,11.646385110952039,-11.238342663908673,7.928703134603518,0.0,False,176.59,False,False,False,False,True,False
865,002354,天娱数科,I 信息技术,腾讯前复权日K回退（成交额、换手率已提供）,False,2026-07-30,5.92,6.11,7.2905,False,False,False,False,10.34,-42.74661508704062,False,36.523859869818025,-0.5394707318813596,-0.36517958073463436,-0.34858230229345055,False,True,False,False,,,15.950460371639574,20.062230412719742,7.726920289479239,False,False,,,False,2100669.0,1649666.0,1.2733904923784571,False,1283439000.0,12.92,99.3373839009288,-4.361873990306952,8.077544426494345,-18.79843632123997,56.00000000000005,8.000000000000007,False,10.34,False,False,False,False,False,False
866,002355,兴民智通,C 制造业,腾讯前复权日K回退（成交额、换手率已提供）,False,2026-07-30,4.29,4.247999999999999,4.1979999999999995,True,True,True,True,4.78,-10.251046025104607,False,46.882742787301645,-0.1196870302192039,-0.1829844110321686,0.12659476162592936,True,False,False,False,2026-07-02,20.0,9.652139051163012,8.179124690676746,12.598167772135543,False,False,2026-07-27,3.0,True,142132.0,114473.2,1.2416181254651744,False,62069900.0,2.3,26.986913043478264,-1.3793103448275779,5.057471264367831,2.1915197713196886,72.72727272727259,13.63636363636371,False,6.77,False,False,False,False,True,False
867,002356,鹏飞绿能,F 批发零售,腾讯前复权日K回退（成交额、换手率已提供）,False,2026-07-30,2.55,2.556,2.6265,False,False,False,False,2.93,-12.969283276450522,False,39.6929619286399,-0.10405150001135333,-0.11826933982465462,0.028435679626602595,True,False,False,False,2026-07-27,3.0,9.757986265360495,7.677559506764179,13.91883978255313,False,False,2026-07-23,5.0,True,191462.0,160929.2,1.1897281537471136,False,49622700.00000001,1.46,33.98815068493151,-1.9230769230769384,4.230769230769242,-2.91262135922331,45.45454545454557,18.181818181818148,False,3.66,False,False,False,False,True,False
868,002357,富临运业,G 运输仓储,腾讯前复权日K回退（成交额、换手率已提供）,False,2026-07-30,8.41,8.352,8.6745,True,False,False,True,9.68,-13.119834710743797,False,42.24411207791594,-0.33741215107301237,-0.3689468670356804,0.0630694319253361,True,False,False,False,2026-07-29,1.0,4.902621800302919,4.426642132538857,5.854581135831042,False,False,2026-07-29,1.0,True,73025.0,69418.6,1.0519514942681067,False,61417700.00000001,2.33,26.35952789699571,-1.5222482435597096,3.629976580796259,-3.0491670989682396,22.580645161290377,48.38709677419358,False,12.94,False,False,False,False,False,False
869,002358,森源电气,C 制造业,腾讯前复权日K回退（成交额、换手率已提供）,False,2026-07-30,5.62,5.572000000000001,5.322,True,True,True,True,5.77,-2.5996533795493844,False,53.516138315019404,-0.0665431620997774,-0.1640939446334532,0.1951015650673516,True,False,False,False,2026-07-15,11.0,19.902328380319993,15.579510035507496,28.547965069944986,False,False,2026-07-23,5.0,True,326423.0,461271.2,0.7076596154279738,False,184501600.0,3.51,52.56455840455841,-0.8818342151675429,3.5273368606701814,5.599398722284856,54.999999999999915,25.0,False,8.01,False,False,False,False,False,False
870,002360,ST同德,C 制造业,腾讯前复权日K回退（成交额、换手率已提供）,False,2026-07-30,4.75,4.8420000000000005,5.165,False,False,False,False,6.04,-21.357615894039736,False,39.81639466195618,-0.15444760351163023,-0.1198821404935145,-0.06913092603623144,False,True,False,False,,,20.538025293031676,23.86153784534965,13.89100018839573,False,False,,,False,44315.0,43533.6,1.0179493540621498,False,21136200.0,1.36,15.541323529411764,-2.263374485596714,4.115226337448563,-8.034849951597291,29.999999999999776,35.00000000000011,False,6.49,False,True,False,False,True,False
871,002361,神剑股份,C 制造业,腾讯前复权日K回退（成交额、换手率已提供）,False,2026-07-30,8.8,9.266,10.538,False,False,False,False,15.53,-43.3354797166774,False,30.338266718839222,-1.4483282972287679,-1.507497506201116,0.11833841794469624,True,False,False,False,2026-07-28,2.0,6.794351793017344,7.193892325361591,5.995270728328849,False,True,,,False,567879.0,602236.2,0.9429506230279748,False,512033000.0,7.02,72.9391737891738,-4.967602591792641,6.8034557235421245,-16.492693110647178,20.634920634920732,6.349206349206487,False,23.55,False,False,False,False,False,False
872,002362,汉王科技,C 制造业,腾讯前复权日K回退（成交额、换手率已提供）,False,2026-07-30,14.69,14.532,14.647,True,True,False,True,15.88,-7.493702770780864,False,44.769283769555756,-0.4754781098800205,-0.6228177643628492,0.2946793089656574,True,False,False,False,2026-07-22,6.0,11.79126467173806,9.435825155230015,16.50214370475415,False,False,2026-07-27,3.0,True,42075.0,30760.0,1.3678478543563068,False,62917500.0,2.03,30.99384236453202,-1.6075016744809156,3.549899531145341,0.2935754762067267,73.58490566037722,3.7735849056603015,False,21.16,False,False,False,False,False,False
873,002363,隆基机械,C 制造业,腾讯前复权日K回退（成交额、换手率已提供）,False,2026-07-30,6.13,6.054,6.089499999999999,True,True,False,True,6.58,-6.8389057750759905,False,47.567376909764945,-0.1282299068943411,-0.1800953608694989,0.10373090795031559,True,False,False,False,2026-07-03,19.0,12.808640832509221,10.491854967858925,17.442212561809814,False,False,2026-07-27,3.0,True,53434.0,49980.0,1.0691076430572228,False,33043700.0,1.29,25.615271317829457,-1.2882447665056418,3.059581320450892,0.6650792347483481,36.84210526315797,21.052631578947345,False,8.58,False,False,False,False,False,False
874,002364,中恒电气,C 制造业,腾讯前复权日K回退（成交额、换手率已提供）,False,2026-07-30,34.2,36.55,44.989,False,False,False,False,59.86,-42.866688940862005,False,33.45483201163795,-4.287621188223156,-3.1749700943783594,-2.225302187689593,False,True,False,False,,,32.04341827734889,37.58952390238357,20.951207027279537,False,False,,,False,317607.0,355600.6,0.8931565357313795,False,1115728000.0,5.69,196.08576449912124,-5.472636815920384,8.485351022664457,-23.981417679877293,26.38436482084698,15.635179153094592,False,59.87,False,False,False,False,False,False
875,002365,永安药业,C 制造业,腾讯前复权日K回退（成交额、换手率已提供）,False,2026-07-30,12.45,12.522,11.7035,False,True,True,True,14.0,-11.071428571428577,False,55.82933532887403,0.4090468551419715,0.295020771278557,0.2280521677268289,True,False,False,False,,,61.47750908839512,57.81211973200917,68.808287801167,False,False,,,False,221440.0,254144.4,0.8713156772291658,False,281286700.0,9.03,31.15024363233666,-1.891252955082745,5.43735224586288,6.37843380185414,59.42028985507227,2.8985507246376216,False,14.14,False,False,False,False,False,False
876,002366,融发核电,C 制造业,腾讯前复权日K回退（成交额、换手率已提供）,False,2026-07-30,5.67,5.569999999999999,5.317500000000001,True,True,True,True,6.02,-5.813953488372087,False,53.36605524991998,-0.08573504839299595,-0.20280478301275792,0.23413946923952395,True,False,False,False,2026-07-20,8.0,20.881337394491176,16.19042715534704,30.263157872779445,False,False,2026-07-20,8.0,True,621759.0,855954.2,0.7263928373737754,False,356006500.0,3.36,105.95431547619047,-1.903114186851218,3.2871972318339013,6.629055007052169,84.21052631578976,10.526315789473488,False,7.99,False,True,False,False,False,False
877,002367,康力电梯,C 制造业,腾讯前复权日K回退（成交额、换手率已提供）,False,2026-07-30,5.23,5.178,5.665,True,False,False,True,7.46,-29.892761394101868,False,38.02771237598406,-0.25834711087350914,-0.2163618705998342,-0.0839704805473499,False,True,False,False,,,9.523837477425275,8.732776718910126,11.105958994455573,False,False,2026-07-29,1.0,True,127424.0,103389.2,1.232469155385669,False,67467300.0,1.6,42.1670625,-0.9469696969696906,4.3560606060605975,-7.6787290379523325,78.26086956521743,13.043478260869701,False,7.46,False,True,False,False,False,False
878,002368,太极股份,I 信息技术,腾讯前复权日K回退（成交额、换手率已提供）,False,2026-07-30,13.77,13.586000000000002,13.680000000000001,True,True,False,True,14.82,-7.085020242914984,False,45.1398203697226,-0.4078989623949081,-0.5334291666319527,0.2510604084740893,True,False,False,False,2026-07-16,10.0,10.010404095754822,8.341976744242096,13.347258798780274,False,False,2026-07-28,2.0,True,83668.0,90477.0,0.9247433049283244,False,116698200.0,1.35,86.44311111111111,-1.1486001435750182,2.9432878679109846,0.6578947368420912,63.414634146341385,4.878048780487699,False,18.2,False,False,False,False,False,False
879,002369,卓翼科技,C 制造业,腾讯前复权日K回退（成交额、换手率已提供）,False,2026-07-30,5.38,5.32,5.2,True,True,True,True,5.9,-8.813559322033905,False,49.577185318274964,-0.11925317494019794,-0.20839982852318806,0.17829330716598024,True,False,False,False,2026-07-10,14.0,21.370019095218186,16.500597309877065,31.108862665900432,False,False,2026-07-21,7.0,True,441406.0,287608.4,1.5347465512133858,False,241147000.0,7.8,30.916282051282053,-4.099821746880583,3.5650623885917874,3.4615384615384563,70.00000000000009,9.999999999999822,False,7.62,False,False,False,False,True,False
880,002370,亚太药业,C 制造业,腾讯前复权日K回退（成交额、换手率已提供）,False,2026-07-30,4.77,4.738,5.1615,True,False,False,False,6.07,-21.41680395387151,False,39.974816557057984,-0.22252285963082752,-0.1916083825291432,-0.06182895420336865,False,True,False,False,,,9.398805035526893,9.880227782188447,8.435959542203786,False,False,,,False,241056.0,202999.2,1.1874726599907781,False,116049300.0,3.23,35.92857585139319,0.0,3.983228511530388,-7.585004359197919,78.94736842105303,21.052631578946976,False,6.82,False,True,False,False,True,False
881,002371,北方华创,C 制造业,腾讯前复权日K回退（成交额、换手率已提供）,False,2026-07-30,668.07,723.292,755.5314999999999,False,False,False,False,905.0,-26.180110497237564,False,40.69082451337836,-8.324609278575394,3.7724831597262165,-24.194184876603224,False,True,False,False,,,52.60616469164277,56.22679018579342,45.36491370334147,False,False,,,False,163296.0,145237.0,1.1243415933956222,False,11114290100.0,2.25,4939.684488888889,-5.424765356247951,9.65897025722335,-11.576155329063036,34.66217206507397,36.01055254286977,False,967.24,False,False,False,False,False,False
882,002372,伟星新材,C 制造业,腾讯前复权日K回退（成交额、换手率已提供）,False,2026-07-30,8.84,8.412,8.152,True,True,True,True,8.78,0.6833712984054727,True,60.32611902299294,-0.05508573348802237,-0.19874360661248394,0.28731574624892314,True,False,False,False,2026-07-17,9.0,28.304675820582506,21.387327348862357,42.13937276402281,False,False,2026-07-16,10.0,True,146596.0,146330.6,1.00181370130376,False,129308500.0,1.0,129.3085,1.3761467889908063,3.0963302752293527,8.439646712463206,29.6296296296297,70.3703703703703,True,10.83,False,False,False,False,False,False
883,002373,千方科技,I 信息技术,腾讯前复权日K回退（成交额、换手率已提供）,False,2026-07-30,7.75,7.522,7.284999999999999,True,True,True,True,7.69,0.7802340702210612,True,59.37387011756458,0.012625941950153319,-0.07243564909020353,0.1701231820807137,True,False,False,False,,,20.366363505460992,16.067356058096617,28.964378400189737,False,False,,,False,242551.0,189376.4,1.2807878912050288,False,188119199.99999997,1.76,106.88590909090907,1.3071895424836555,2.8758169934640603,6.382978723404266,31.818181818181856,68.18181818181814,False,9.33,False,False,False,False,False,False
884,002374,中锐股份,C 制造业,腾讯前复权日K回退（成交额、换手率已提供）,False,2026-07-30,3.0,3.052,2.9524999999999997,False,True,True,True,3.51,-14.529914529914526,False,48.36475776484752,-0.06557781234982141,-0.10433491574724608,0.07751420679484936,True,False,False,False,2026-07-24,4.0,33.737045326698556,29.025072145062847,43.16099168996997,False,False,2026-07-21,7.0,True,250625.0,281920.0,0.8889933314415437,False,76389700.0,2.31,33.0691341991342,-1.9607843137254943,4.248366013071892,1.6088060965283768,46.15384615384623,15.38461538461541,False,4.0,False,False,False,False,False,False
885,002375,亚厦股份,E 建筑业,腾讯前复权日K回退（成交额、换手率已提供）,False,2026-07-30,3.49,3.46,3.4035,True,True,True,True,3.58,-2.5139664804469235,False,51.435724330065376,-0.0250504180696427,-0.05730387002714461,0.06450690391500383,True,False,False,False,2026-07-03,19.0,15.352280492029925,13.693194416387378,18.670452643315016,False,False,2026-07-27,3.0,True,128124.0,100402.4,1.2761049536664464,False,45102400.0,0.96,46.98166666666667,-0.8522727272727182,2.5568181818181777,2.5415013956221544,77.77777777777773,22.22222222222228,False,4.96,False,True,False,False,False,False
886,002376,新北洋,C 制造业,腾讯前复权日K回退（成交额、换手率已提供）,False,2026-07-30,6.18,6.156000000000001,6.0415,True,True,True,False,6.27,-1.435406698564591,False,54.15236088100463,0.01856359115192152,-0.018522803560229582,0.07417278942430221,True,False,False,False,2026-07-03,19.0,36.663293363469485,33.558007947766505,42.87386419487545,False,False,,,False,89280.0,87506.8,1.020263568088423,False,55748900.0,1.13,49.33530973451328,-0.8025682182985716,1.7656500802568267,2.2924770338492033,81.81818181818144,0.0,False,7.27,False,False,False,False,False,False
887,002377,国创高新,C 制造业,腾讯前复权日K回退（成交额、换手率已提供）,False,2026-07-30,2.49,2.492,2.6544999999999996,False,False,False,False,3.0,-16.999999999999993,False,40.40523059914798,-0.08150107096779369,-0.07627868657176412,-0.010444768792059134,False,True,False,False,,,9.27679629671178,9.308539772569896,9.213309344995547,False,True,,,False,223959.0,204009.6,1.0977865747494235,False,56610800.0,2.57,22.027548638132295,-2.3529411764705688,5.098039215686271,-6.197023921642473,46.15384615384623,15.38461538461541,False,3.73,False,False,False,False,True,False
888,002378,章源钨业,C 制造业,腾讯前复权日K回退（成交额、换手率已提供）,False,2026-07-30,21.38,22.214,25.2125,False,False,False,False,36.19,-40.922906880353686,False,32.354890569955614,-2.6742699676125525,-2.5124533947012275,-0.32363314582265,False,True,False,False,,,8.79594627159934,9.548601354359716,7.290636106078583,False,True,,,False,281871.0,263505.0,1.069698867194171,False,614273200.0,2.36,260.28525423728814,-3.606853020739409,6.717763751127134,-15.200793257312839,34.228187919463224,18.79194630872469,False,40.68,False,True,False,False,True,False
889,002379,宏桥控股,C 制造业,腾讯前复权日K回退（成交额、换手率已提供）,False,2026-07-30,21.0,19.886,17.5735,True,True,True,True,20.98,0.09532888465204754,True,65.33803742783411,0.8531228138489126,0.37675092080744754,0.9527437860829302,True,False,False,False,2026-07-03,19.0,39.10234111948933,33.58889222995768,50.12923889855264,False,False,,,False,852476.0,822470.4,1.0364822855631035,False,1818987500.0,7.5,242.53166666666667,2.3391812865497075,7.89473684210525,19.49810794662418,69.75308641975313,30.246913580246865,False,25.17,False,False,False,False,True,False
890,002380,科远智慧,I 信息技术,腾讯前复权日K回退（成交额、换手率已提供）,False,2026-07-30,25.77,26.796,29.298000000000002,False,False,False,False,36.85,-30.06784260515604,False,31.299270217014325,-2.3582599011093457,-2.3787937238075703,0.04106764539644914,True,False,False,False,2026-07-29,1.0,2.98288075288349,4.020661202363479,0.9073198539235108,False,False,,,False,72004.0,52072.8,1.3827564486641777,False,189529700.0,5.06,37.45646245059289,-5.604395604395607,6.153846153846152,-12.04177759574033,20.238095238095234,6.547619047619015,False,51.06,False,True,False,False,False,False
891,002381,双箭股份,C 制造业,腾讯前复权日K回退（成交额、换手率已提供）,False,2026-07-30,5.13,5.045999999999999,5.192,True,False,False,True,5.55,-7.567567567567567,False,45.18854965077815,-0.11461526884646389,-0.12767219962491655,0.026113861556905316,True,False,False,False,2026-07-29,1.0,9.971584865026104,8.112137913822819,13.690478767432676,False,False,2026-07-29,1.0,True,47426.0,39832.0,1.1906507330789315,False,24368900.0,1.47,16.57748299319728,0.0,3.1189083820662797,-1.1941448382126403,50.0,50.0,False,6.74,False,True,False,False,False,False
892,002382,蓝帆医疗,C 制造业,腾讯前复权日K回退（成交额、换手率已提供）,False,2026-07-30,5.71,5.668,5.495500000000001,True,True,True,True,6.23,-8.346709470304983,False,52.548729134977464,0.012159171675734548,-0.047464978687047264,0.11924830072556362,True,False,False,False,,,17.72260341820698,16.356819813483725,20.45417062765349,False,False,2026-07-27,3.0,True,329925.0,274693.2,1.2010672270008869,False,191107000.0,3.31,57.73625377643504,-1.8900343642611728,3.092783505154634,3.9031935219725087,88.88888888888911,5.555555555555445,False,7.63,False,True,True,False,True,False
893,002383,合众思壮,C 制造业,腾讯前复权日K回退（成交额、换手率已提供）,False,2026-07-30,6.7,6.612,6.661,True,True,False,True,7.42,-9.703504043126681,False,47.43002840757504,-0.16697679825070022,-0.23466929968718597,0.1353850028729715,True,False,False,False,,,10.767687820597104,8.443290351303647,15.416482759184017,False,False,2026-07-23,5.0,True,97885.0,111267.6,0.8797259939101768,False,66225200.00000001,1.32,50.17060606060607,-1.0339734121122546,3.1019202363367797,0.5854976730220777,47.61904761904788,23.80952380952373,False,9.89,False,False,False,False,False,False
894,002384,东山精密,C 制造业,腾讯前复权日K回退（成交额、换手率已提供）,False,2026-07-30,161.8,188.67400000000004,226.0885,False,False,False,False,280.08,-42.230791202513565,False,33.216354030502686,-14.62172372085297,-6.051894617672093,-17.13965820636175,False,True,False,False,,,47.85579773651589,57.24563984440459,29.076113520738488,False,False,,,False,1060298.0,959283.4,1.1053021453305665,False,17487070700.0,7.65,2285.8915947712417,-10.001112470797635,9.289131160307036,-28.435103952655705,2.6946107784430477,0.0,False,280.08,False,True,False,False,False,False
895,002385,大北农,C 制造业,腾讯前复权日K回退（成交额、换手率已提供）,False,2026-07-30,3.02,2.982,2.9865000000000004,True,True,False,False,3.13,-3.514376996805108,False,51.01203848893242,-0.013649025940165593,-0.026558664935917763,0.02581927799150434,True,False,False,False,,,22.92946567646044,21.555939726545148,25.67651757629102,False,False,,,False,590377.0,459507.2,1.2848046777069,False,178931200.0,1.7,105.25364705882353,0.6666666666666599,2.3333333333333277,1.1217143813828776,57.14285714285733,42.85714285714268,False,3.92,False,False,False,False,True,False
896,002386,天原股份,C 制造业,腾讯前复权日K回退（成交额、换手率已提供）,False,2026-07-30,5.81,5.692,5.7715,True,True,False,True,6.45,-9.922480620155048,False,50.237977590518014,-0.06767932123148857,-0.07887898754240218,0.022399332621827223,True,False,False,False,2026-07-29,1.0,17.89371151106212,16.135253365437507,21.41062780231134,False,False,2026-07-29,1.0,True,157902.0,132365.8,1.1929214343886412,False,91556800.0,1.21,75.66677685950414,0.6932409012131657,2.0797227036395167,0.6670709520921768,25.000000000000185,74.99999999999982,True,7.04,False,False,False,False,False,False
897,002387,维信诺,C 制造业,腾讯前复权日K回退（成交额、换手率已提供）,False,2026-07-30,6.92,6.672,7.086,True,False,False,True,9.01,-23.196448390677023,False,44.94238841449201,-0.42074054409742523,-0.47864048753676175,0.11579988687867304,True,False,False,False,2026-07-29,1.0,25.80929310854533,18.999959216355325,39.427960892925334,False,False,,,False,208733.0,207300.0,1.0069126869271587,False,145945700.0,1.5,97.29713333333333,-3.8888888888888973,2.916666666666666,-2.3426474738921867,57.14285714285721,9.523809523809321,False,9.27,False,False,False,False,False,True
898,002388,新亚制程,C 制造业,腾讯前复权日K回退（成交额、换手率已提供）,False,2026-07-30,4.45,4.766,4.433000000000001,False,True,True,True,5.67,-21.51675485008818,False,47.170049912268304,-0.1211089601661186,-0.23523308349063235,0.2282482466490275,True,False,False,False,2026-07-27,3.0,32.04888216533458,26.97791244915814,42.19082159768746,False,False,2026-07-23,5.0,True,1055899.0,881052.0,1.1984525317461399,False,491477600.0,20.86,23.56076701821668,-9.91902834008097,12.550607287449395,0.3834874802616616,12.903225806451621,0.0,False,6.99,False,False,False,False,False,True
899,002389,航天彩虹,C 制造业,腾讯前复权日K回退（成交额、换手率已提供）,False,2026-07-30,18.68,18.366000000000003,17.7845,True,True,True,True,18.9,-1.1640211640211582,False,56.41794985167865,-0.022336553722901442,-0.23979565350126922,0.43491819955673555,True,False,False,False,,,25.832290725015838,20.12776549945021,37.241341176147095,False,False,2026-07-20,8.0,True,224797.0,263033.6,0.8546322599090003,False,419577800.0,2.28,184.025350877193,0.21459227467810482,2.4141630901287514,5.035283533413919,35.55555555555564,64.44444444444436,False,23.1,False,True,False,False,True,False
900,002390,信邦制药,F 批发零售,腾讯前复权日K回退（成交额、换手率已提供）,False,2026-07-30,2.97,2.94,2.9055,True,True,True,True,3.2,-7.187499999999999,False,54.66629568213148,0.030092696815189335,0.02499417031101536,0.010197053008347952,True,False,False,False,2026-07-03,19.0,49.65842746317696,49.09819748395265,50.77888742162558,False,False,,,False,199697.0,200113.8,0.9979171851216658,False,59467400.0,1.04,57.18019230769231,0.0,2.693602693602696,2.2199277232834356,62.49999999999972,37.50000000000028,False,3.38,False,True,False,False,True,False
901,002391,长青股份,C 制造业,腾讯前复权日K回退（成交额、换手率已提供）,False,2026-07-30,5.25,5.116,5.1145000000000005,True,True,True,True,5.34,-1.6853932584269637,False,55.53094731102249,-0.027787392401179112,-0.05553117128939385,0.05548755777642948,True,False,False,False,,,20.14703691005224,17.42372338403881,25.593663962079106,False,False,2026-07-27,3.0,True,90467.0,58603.0,1.5437264303875229,False,47340200.00000001,1.95,24.27702564102565,1.9417475728155331,2.524271844660192,2.6493303353211357,23.076923076923286,76.92307692307672,True,6.48,False,False,False,False,False,False
902,002392,北京利尔,C 制造业,腾讯前复权日K回退（成交额、换手率已提供）,False,2026-07-30,7.07,7.008,7.2495,True,False,False,True,8.96,-21.093750000000007,False,44.77329936339573,-0.2820325346542969,-0.32329189798874747,0.08251872666890114,True,False,False,False,2026-07-28,2.0,12.58819334410496,11.601611527187819,14.561356977939244,False,False,2026-07-28,2.0,True,123357.0,119971.8,1.0282166309082634,False,87843799.99999999,1.07,82.09700934579438,-1.8055555555555491,3.0555555555555647,-2.4760328298503342,31.818181818181856,22.727272727272986,False,11.3,False,False,False,False,False,False
903,002393,力生制药,C 制造业,腾讯前复权日K回退（成交额、换手率已提供）,False,2026-07-30,14.11,14.022,14.5415,True,False,False,False,15.65,-9.84025559105432,False,44.344264884078555,-0.18863179961618393,-0.14249148032429754,-0.09228063858377278,False,True,False,False,,,11.69041273353858,12.503690804279836,10.063856592056066,False,False,,,False,29151.0,22726.8,1.2826706795501346,False,41640000.0,0.97,42.927835051546396,-1.259622113365988,4.058782365290414,-2.9673692535157983,53.44827586206905,18.96551724137921,False,16.84,False,False,False,False,True,False
904,002394,联发股份,C 制造业,腾讯前复权日K回退（成交额、换手率已提供）,False,2026-07-30,9.07,8.584,8.844,True,True,False,True,10.85,-16.405529953917046,False,52.22278116840997,-0.29738209836543206,-0.40456145296705676,0.2143587092032494,True,False,False,False,2026-07-28,2.0,15.015050723232568,10.190648235061637,24.663855699574427,False,False,2026-07-24,4.0,True,61840.0,61387.4,1.007372848499855,False,56223000.0,1.91,29.436125654450265,1.7957351290684542,4.938271604938266,2.5554047942107743,38.63636363636366,61.36363636363633,False,13.68,False,False,False,False,False,False
905,002395,双象股份,C 制造业,腾讯前复权日K回退（成交额、换手率已提供）,False,2026-07-30,11.7,11.666,11.944999999999999,True,False,False,True,12.96,-9.722222222222234,False,42.38620351872771,-0.41842809141953374,-0.5185943590720368,0.20033253530500605,True,False,False,False,,,6.724579642380164,6.221445653352032,7.7308476204364265,False,False,2026-07-28,2.0,True,30221.0,29878.2,1.011473248053765,False,35761200.0,1.13,31.647079646017705,-1.3490725126475533,3.709949409780772,-2.0510673922143097,43.181818181818116,22.72727272727267,False,21.0,False,True,False,False,False,False
906,002396,星网锐捷,C 制造业,腾讯前复权日K回退（成交额、换手率已提供）,False,2026-07-30,24.43,28.660000000000004,28.844000000000005,False,False,False,False,36.98,-33.93726338561384,False,43.03381200189147,1.4922983868097504,2.2455458534298276,-1.5064949332401545,False,True,False,False,,,55.423336943035395,68.63544616085822,28.99911850738974,False,False,,,False,830802.0,1403357.4,0.5920102747881616,False,2093259500.0,10.97,190.81672743846855,-7.180851063829785,10.106382978723405,-15.303009291360436,18.796992481203006,7.142857142857191,False,36.98,False,False,False,False,False,False
907,002397,梦洁股份,C 制造业,腾讯前复权日K回退（成交额、换手率已提供）,False,2026-07-30,3.35,3.336,3.5255,True,False,False,True,4.12,-18.689320388349515,False,38.00301266907269,-0.21782271192009395,-0.2415533689317496,0.04746131402331133,True,False,False,False,2026-07-28,2.0,10.786895375250628,9.19509203160819,13.970502062535502,False,False,2026-07-21,7.0,True,148414.0,162673.6,0.9123422608216699,False,50368600.0,2.29,21.995021834061138,-2.0467836257309857,4.385964912280712,-4.978017302510282,53.33333333333326,20.000000000000117,False,5.91,False,False,False,False,True,False
908,002398,垒知集团,C 制造业,腾讯前复权日K回退（成交额、换手率已提供）,False,2026-07-30,3.88,3.8,3.7729999999999997,True,True,True,True,3.96,-2.020202020202022,False,51.27300638387889,-0.05695436913666363,-0.0955067871731059,0.07710483607288454,True,False,False,False,2026-07-03,19.0,13.005507707903389,9.813384506933767,19.38975410984263,False,False,2026-07-27,3.0,True,167136.0,115868.6,1.442461546959228,False,65620800.0,2.79,23.52,-0.25706940874036244,3.3419023136246757,2.835939570633454,53.84615384615377,23.076923076922945,False,5.08,False,False,False,False,False,False
909,002399,海普瑞,C 制造业,腾讯前复权日K回退（成交额、换手率已提供）,False,2026-07-30,9.58,9.538,9.6525,True,False,False,False,10.41,-7.973102785782901,False,49.84549193883723,0.03122208617867983,0.04848427743386954,-0.03452438251037941,False,True,False,False,,,35.18799216015962,35.687215259757075,34.18954596096471,False,False,,,False,48596.0,36712.2,1.323701657759546,False,46932700.00000001,0.39,120.34025641025643,-1.2371134020618513,3.0927835051546464,-0.7511007511007489,56.66666666666651,20.000000000000117,False,10.93,False,False,False,False,True,False
910,002400,省广集团,L 商务服务,腾讯前复权日K回退（成交额、换手率已提供）,False,2026-07-30,6.3,6.118,6.0025,True,True,True,True,6.84,-7.894736842105264,False,50.40742987476317,-0.16786919258505062,-0.2763163859937613,0.21689438681742135,True,False,False,False,2026-07-10,14.0,13.083539313083959,10.493630941720667,18.26335605581054,False,False,2026-07-27,3.0,True,915170.0,658842.4,1.3890575348520373,False,586119900.0,5.3,110.5886603773585,-0.31645569620254443,5.854430379746836,4.9562682215743346,75.67567567567572,24.32432432432428,False,9.88,False,False,False,False,True,False
911,002401,中远海科,I 信息技术,腾讯前复权日K回退（成交额、换手率已提供）,False,2026-07-30,11.89,11.604,11.577499999999999,True,True,True,True,12.19,-2.4610336341263244,False,51.16443882613307,-0.18779340246337028,-0.2908846676374604,0.20618253034818024,True,False,False,False,2026-07-10,14.0,12.044201421430294,8.674725964836052,18.78315233461878,False,False,2026-07-28,2.0,True,41897.0,41182.6,1.017347132041202,False,50074100.0,1.13,44.31336283185841,0.6773920406435208,2.7942421676545304,2.6992010364932137,57.575757575757414,42.424242424242586,False,15.69,False,False,False,False,True,False
912,002402,和而泰,C 制造业,腾讯前复权日K回退（成交额、换手率已提供）,False,2026-07-30,19.46,19.794,22.312,False,False,False,False,27.34,-28.82223847841989,False,34.65786180285831,-1.563666990060348,-1.4066136326257153,-0.31410671486926534,False,True,False,False,,,5.961958478066877,7.080382595885124,3.725110242430384,False,False,,,False,284911.0,233529.6,1.2200209309654964,False,561116600.0,3.48,161.24040229885057,-2.845731402895657,3.6445332001996844,-12.782359268555037,26.027397260273773,15.068493150684917,False,33.72,False,False,False,False,False,False
913,002403,爱仕达,C 制造业,腾讯前复权日K回退（成交额、换手率已提供）,False,2026-07-30,8.42,8.236,9.099,True,False,False,True,11.78,-28.52292020373514,False,42.348004042404824,-0.4543562787550499,-0.4369712408747932,-0.034770075760513386,False,True,False,False,,,15.230771687946657,14.008902690960449,17.674509681919073,False,False,2026-07-29,1.0,True,106154.0,61788.6,1.7180191815318684,False,92810200.0,3.57,25.997254901960787,-0.7075471698113289,8.254716981132066,-7.4623585009341715,81.42857142857154,4.285714285714199,False,11.96,False,False,False,False,True,False
914,002404,嘉欣丝绸,C 制造业,腾讯前复权日K回退（成交额、换手率已提供）,False,2026-07-30,5.73,5.64,5.6925,True,True,False,True,5.97,-4.020100502512552,False,47.40182761505945,-0.11947497166410503,-0.15649780266568158,0.0740456620031531,True,False,False,False,2026-07-14,12.0,12.266408722921517,10.074055447194551,16.651115274375446,False,False,2026-07-27,3.0,True,78232.0,78569.4,0.9957057073109888,False,45009000.0,1.72,26.168023255813956,-0.17421602787456303,2.264808362369336,0.658761528326755,61.538461538460965,38.46153846153904,False,7.72,False,True,False,False,False,False
915,002405,四维图新,I 信息技术,腾讯前复权日K回退（成交额、换手率已提供）,False,2026-07-30,6.56,6.343999999999999,6.3095,True,True,True,True,6.81,-3.671071953010279,False,49.75492406072178,-0.20685538199245812,-0.3125902844549395,0.2114698049249628,True,False,False,False,2026-07-06,18.0,8.65878541361973,6.162473895778067,13.651408449303055,False,False,2026-07-21,7.0,True,512543.0,354114.6,1.447393019096078,False,337372400.0,2.18,154.75798165137613,1.0785824345146189,3.8520801232665636,3.9702036611458866,44.00000000000013,55.99999999999987,False,9.88,False,False,False,False,False,False
916,002406,远东传动,C 制造业,腾讯前复权日K回退（成交额、换手率已提供）,False,2026-07-30,6.48,6.352,6.4185,True,True,False,True,6.88,-5.813953488372086,False,48.84553642211505,-0.13490543819195544,-0.18890382669464256,0.10799677700537424,True,False,False,False,2026-07-06,18.0,12.914082813460395,10.769888494388555,17.202471451604072,False,False,2026-07-28,2.0,True,131342.0,121855.4,1.0778512893150407,False,85824400.0,2.18,39.36899082568807,-0.3076923076922977,2.615384615384614,0.9581677962140773,76.47058823529409,23.529411764705912,False,8.89,False,False,False,False,True,False
917,002407,多氟多,C 制造业,腾讯前复权日K回退（成交额、换手率已提供）,False,2026-07-30,30.56,32.168,35.844,False,False,False,True,57.5,-46.85217391304348,False,39.01191441078917,-2.5860939633103115,-2.257901905368598,-0.6563841158834274,False,True,False,False,,,21.855693648804685,22.671121414303187,20.22483811780768,False,True,,,False,1457756.0,1988889.0,0.7329499031871562,False,4628052700.0,13.51,342.56496669133975,-4.4701469209127875,6.970928415129718,-14.741658297065067,57.39910313901343,2.690582959641202,False,57.5,False,False,False,False,True,False
918,002408,齐翔腾达,C 制造业,腾讯前复权日K回退（成交额、换手率已提供）,False,2026-07-30,5.08,4.958,4.878,True,True,True,True,5.19,-2.119460500963397,False,55.088485922567706,-0.01465634132536131,-0.06100448711990373,0.09269629158908484,True,False,False,False,,,17.828004674437064,15.109527316647492,23.264959390016205,False,False,2026-07-23,5.0,True,259217.0,333226.0,0.7779014842779375,False,131880000.0,0.94,140.29787234042556,0.39525691699606735,1.9762845849802302,4.141041410414103,59.99999999999982,40.00000000000018,False,6.63,False,True,False,False,False,False
919,002409,雅克科技,C 制造业,腾讯前复权日K回退（成交额、换手率已提供）,False,2026-07-30,136.96,155.774,168.93,False,False,False,False,229.0,-40.19213973799126,False,40.72920102290957,-4.044952174209357,-0.0050141507361457505,-8.079876046946422,False,True,False,False,,,43.869636336750965,46.478133103325234,38.65264280360242,False,True,,,False,388356.0,474566.2,0.8183389377498861,False,5473875400.0,12.19,449.04638228055785,-10.001314233144953,8.542515442239452,-18.92499852009708,15.153846153846146,0.0,False,246.44,False,False,False,False,True,False
920,002410,广联达,I 信息技术,腾讯前复权日K回退（成交额、换手率已提供）,False,2026-07-30,9.16,8.826,8.5845,True,True,True,True,9.26,-1.0799136069114432,False,58.977513216328916,0.027998586637952627,-0.0670451381793584,0.19008744963462204,True,False,False,False,2026-07-02,20.0,25.99201823189877,21.483093394497473,35.00986790670136,False,False,,,False,376208.0,263746.4,1.4264005120069885,False,344114900.0,2.4,143.38120833333335,2.232142857142838,3.4598214285714337,6.703943153357795,22.580645161290377,77.41935483870962,True,11.35,False,False,False,False,False,False
921,002412,汉森制药,C 制造业,腾讯前复权日K回退（成交额、换手率已提供）,False,2026-07-30,6.56,6.9719999999999995,6.491,False,True,True,False,8.12,-19.21182266009852,False,51.07343751343302,0.2278490269022866,0.1912557224364548,0.07318660893166357,True,False,False,False,2026-07-03,19.0,57.18509978526621,63.01684820622133,45.52160294335597,False,False,,,False,460126.0,724189.6,0.6353667603069694,False,307579200.0,9.24,33.28779220779221,-5.065123010130257,5.354558610709119,1.0630103219842852,16.216216216216345,8.108108108107933,False,8.12,False,False,False,False,False,False
922,002413,雷科防务,C 制造业,腾讯前复权日K回退（成交额、换手率已提供）,False,2026-07-30,7.73,7.81,8.291,False,False,False,False,10.54,-26.66034155597722,False,36.60632539124958,-0.5831603714681455,-0.6444929303505909,0.12266511776489075,True,False,False,False,2026-07-28,2.0,10.06397804638531,9.067818006507926,12.056298126140081,False,False,2026-07-21,7.0,True,383789.0,471332.6,0.8142636431258946,False,300023800.0,2.96,101.3593918918919,-2.522068095838581,3.6569987389659526,-6.766373175732721,37.931034482758726,13.793103448275874,False,14.26,False,False,False,False,True,False
923,002414,高德红外,C 制造业,腾讯前复权日K回退（成交额、换手率已提供）,False,2026-07-30,12.52,13.77,13.485000000000003,False,False,True,False,14.95,-16.254180602006688,False,41.63413205944204,0.08959857479290179,0.1438094299644644,-0.10842171034312525,False,True,False,True,2026-07-10,14.0,47.24204961045121,54.794190370088366,32.13776809117691,False,True,,,False,1392296.0,1351256.4,1.030371438018721,False,1837189400.0,4.1,448.09497560975615,-9.992810927390373,8.842559309849033,-7.156099369670027,8.130081300812977,0.0,False,15.52,False,False,False,False,False,False
924,002415,海康威视,C 制造业,腾讯前复权日K回退（成交额、换手率已提供）,False,2026-07-30,35.62,35.996,34.7395,False,True,True,False,38.09,-6.484641638225271,False,57.208750656639374,0.8087153986966413,0.735753260419264,0.1459242765547546,True,False,False,False,2026-07-22,6.0,78.28686954695013,80.60308346277944,73.65444171529151,False,False,,,False,988175.0,1409512.2,0.701075875753328,False,3517549200.0,1.09,3227.1093577981646,-0.3357582540570947,2.6860660324566332,2.5345787935923023,48.95833333333391,51.04166666666609,False,38.09,False,True,False,False,True,False
925,002416,爱施德,F 批发零售,腾讯前复权日K回退（成交额、换手率已提供）,False,2026-07-30,9.96,9.308,9.075000000000001,True,True,True,True,9.7,2.680412371134037,True,60.65471237951173,-0.12592651843149483,-0.282442222355621,0.31303140784825234,True,False,False,False,2026-07-13,13.0,18.07284567349485,13.647819836444798,26.92289734759495,False,False,2026-07-28,2.0,True,369834.0,166339.4,2.2233698089568676,True,365938600.0,3.02,121.17172185430464,4.512067156348398,6.190975865687302,9.752066115702476,20.338983050847332,79.66101694915267,True,13.66,False,False,False,False,False,False
926,002418,康盛股份,C 制造业,腾讯前复权日K回退（成交额、换手率已提供）,False,2026-07-30,3.32,3.3560000000000003,3.435,False,False,False,False,4.15,-20.00000000000001,False,38.58160650015954,-0.234176904042962,-0.28681443631903153,0.10527506455213909,True,False,False,False,2026-07-23,5.0,11.13008414480334,9.919489254868843,13.55127392467233,False,False,2026-07-21,7.0,True,354599.0,381152.8,0.9303329268471857,False,119819300.0,3.12,38.403621794871796,-2.639296187683293,4.105571847507335,-3.3478893740902538,42.857142857142854,0.0,False,6.69,False,False,False,False,True,False
927,002419,天虹股份,F 批发零售,腾讯前复权日K回退（成交额、换手率已提供）,False,2026-07-30,4.48,4.4,4.384,True,True,True,True,4.61,-2.819956616052058,False,51.970651849573564,-0.031579138752131364,-0.05829470951373636,0.05343114152320999,True,False,False,False,2026-07-03,19.0,18.756927814135636,16.94176627654843,22.387250889310046,False,False,,,False,143719.0,90466.4,1.5886450660134592,False,64909700.0,1.26,51.515634920634916,0.0,2.45535714285715,2.189781021897812,81.81818181818144,18.18181818181855,False,5.48,False,True,True,False,True,False
928,002420,毅昌科技,C 制造业,腾讯前复权日K回退（成交额、换手率已提供）,False,2026-07-30,5.17,5.116,5.2115,True,False,False,True,5.89,-12.22410865874363,False,45.6725287486045,-0.15885276703282258,-0.20067460099811282,0.08364366793058048,True,False,False,False,2026-07-27,3.0,13.2478052662954,10.701271091935888,18.34087361501442,False,False,2026-07-23,5.0,True,67169.0,83215.4,0.8071703074190595,False,35057500.0,1.66,21.11897590361446,-1.5238095238095273,3.428571428571423,-0.7963158399693004,38.888888888888616,22.22222222222228,False,7.44,False,False,False,False,False,False
929,002421,达实智能,I 信息技术,腾讯前复权日K回退（成交额、换手率已提供）,False,2026-07-30,2.72,2.7600000000000002,2.897,False,False,False,False,3.54,-23.1638418079096,False,36.02398580342327,-0.2541154446547149,-0.28898180716798927,0.0697327250265487,True,False,False,False,2026-07-27,3.0,9.58945274789002,9.674602096887787,9.419154049894484,False,True,,,False,1644800.0,1156273.0,1.4225014334849988,False,458776100.0,8.21,55.88015834348355,-3.5460992907801248,6.382978723404245,-6.10976872626854,44.44444444444456,11.11111111111114,False,6.16,False,False,False,False,True,False
930,002422,科伦药业,C 制造业,腾讯前复权日K回退（成交额、换手率已提供）,False,2026-07-30,42.79,45.04,46.309,False,False,False,False,52.78,-18.927624100037896,False,46.99415800892577,1.3992212977596807,2.2851177326749306,-1.7717928698304997,False,True,False,False,,,64.30012059355961,71.1911461421298,50.51806949641926,False,False,,,False,360686.0,472532.4,0.7633042728921868,False,1530663800.0,2.78,550.5984892086332,-0.5808550185873562,4.5306691449814025,-7.598954846790037,26.15384615384611,73.8461538461539,True,52.78,False,True,False,False,True,False
931,002423,中粮资本,J 金融业,腾讯前复权日K回退（成交额、换手率已提供）,False,2026-07-30,9.28,9.07,8.931000000000001,True,True,True,True,9.59,-3.232533889468201,False,58.8780564391262,0.08667914422201228,0.0468692325837093,0.07961982327660597,True,False,False,False,,,34.50107744206771,30.16260177594791,43.178028774307315,False,False,,,False,183733.0,152176.8,1.2073653802682145,False,170345700.0,0.8,212.932125,1.089324618736387,2.614379084967323,3.9077370955100035,29.166666666666757,70.83333333333324,True,10.16,False,False,False,False,False,False
932,002424,ST百灵,C 制造业,腾讯前复权日K回退（成交额、换手率已提供）,False,2026-07-30,4.56,4.51,4.525,True,True,False,True,4.83,-5.5900621118012515,False,52.215271837197015,-0.005276732966209785,-0.013544309317747706,0.01653515270307584,True,False,False,False,2026-07-29,1.0,27.931724001959086,25.32506794160049,33.14503612267628,False,False,,,False,43857.0,55559.6,0.7893685339707269,False,20013800.0,0.38,52.66789473684211,-0.4366812227074357,1.5283842794759692,0.7734806629834089,42.857142857142314,42.857142857142314,False,5.18,False,True,False,False,False,False
933,002425,凯撒文化,I 信息技术,腾讯前复权日K回退（成交额、换手率已提供）,False,2026-07-30,2.81,2.622,2.638,True,True,False,True,2.9,-3.103448275862064,False,57.22538960612378,-0.04548639222290429,-0.07557935949538701,0.06018593454496543,True,False,False,False,2026-07-27,3.0,19.738918034418152,14.085230791337905,31.04629252057865,False,False,2026-07-27,3.0,True,786089.0,215852.2,3.641792856408227,True,223528900.0,8.54,26.174344262295083,4.850746268656714,10.82089552238806,6.520090978013653,48.27586206896555,51.72413793103444,False,3.74,False,False,False,False,True,False
934,002426,胜利精密,C 制造业,腾讯前复权日K回退（成交额、换手率已提供）,False,2026-07-30,2.56,2.4859999999999998,2.8735,True,False,False,True,4.01,-36.15960099750623,False,34.008977764305314,-0.32314232285107947,-0.31860333403139574,-0.009077977639367463,False,True,False,False,,,14.436203584892398,11.856473543459055,19.595663667759087,False,False,2026-07-21,7.0,True,1335283.0,877611.4,1.5214968720780062,False,343529100.00000006,3.92,87.63497448979594,0.7874015748031482,5.9055118110236355,-10.910040020880455,66.66666666666656,33.33333333333343,False,4.34,False,True,False,False,True,False
935,002427,尤夫股份,C 制造业,腾讯前复权日K回退（成交额、换手率已提供）,False,2026-07-30,4.15,4.066,4.2215,True,False,False,True,5.34,-22.284644194756545,False,45.82166962222918,-0.16554497375872135,-0.19019224460556533,0.049294541693687965,True,False,False,False,2026-07-29,1.0,8.486828658693131,6.448909296374016,12.56266738333136,False,False,2026-07-28,2.0,True,130637.0,123542.6,1.0574247263696894,False,54842400.0,1.33,41.23488721804511,-1.4251781472684022,3.3254156769596124,-1.693710766315278,64.28571428571433,14.285714285714649,False,5.96,False,False,False,False,False,False
936,002428,云南锗业,C 制造业,腾讯前复权日K回退（成交额、换手率已提供）,False,2026-07-30,61.8,71.408,85.212,False,False,False,False,114.49,-46.02148659271552,False,31.256124561155232,-8.53388010324069,-6.224293907802776,-4.619172390875828,False,True,False,False,,,31.625206208417243,36.86685075310466,21.141917119042418,False,False,,,False,624786.0,636384.6,0.9817742289803997,False,4000734000.0,9.57,418.0495297805643,-7.733651836369071,11.824425201552705,-27.475003520630903,30.17676767676768,12.247474747474731,False,132.87,False,False,False,False,False,False
937,002429,兆驰股份,C 制造业,腾讯前复权日K回退（成交额、换手率已提供）,False,2026-07-30,7.11,7.522,8.9065,False,False,False,False,11.7,-39.230769230769226,False,29.75232002188268,-0.9433739620699324,-0.8418174990731537,-0.20311292599355735,False,True,False,False,,,5.148019549122145,7.713975386106341,0.016107875153752005,False,False,,,False,770439.0,595233.6,1.2943472949107713,False,558512400.0,1.7,328.5367058823529,-4.6916890080428875,7.104557640750674,-20.17066187615785,39.62264150943394,11.320754716981222,False,13.79,False,True,False,False,False,False
938,002430,杭氧股份,C 制造业,腾讯前复权日K回退（成交额、换手率已提供）,False,2026-07-30,23.08,23.134,24.461,False,False,False,False,32.1,-28.099688473520256,False,40.64688779160052,-1.1335657443401672,-1.0469572597022534,-0.17321696927582764,False,True,False,False,,,9.43947099296453,9.766997449994395,8.7844180789048,False,False,,,False,115996.0,133132.6,0.8712817146213624,False,268725900.0,1.19,225.82008403361348,-1.1563169164882314,2.6124197002141454,-5.645721761170845,49.18032786885234,40.98360655737685,False,32.31,False,True,False,False,False,False
939,002431,ST棕榈,E 建筑业,腾讯前复权日K回退（成交额、换手率已提供）,False,2026-07-30,1.29,1.286,1.302,True,False,False,True,1.43,-9.790209790209783,False,45.00680588672171,-0.039599647053203624,-0.053193607546418706,0.027187920986430164,True,False,False,False,2026-07-02,20.0,6.039740403930737,5.7496127838850155,6.619995644022181,False,False,2026-07-29,1.0,True,190712.0,158299.6,1.2047535180126796,False,24982500.0,1.06,23.568396226415096,-2.2727272727272707,3.7878787878787907,-0.9216589861751161,60.0,0.0,False,1.98,False,False,False,False,True,False
940,002432,九安医疗,C 制造业,腾讯前复权日K回退（成交额、换手率已提供）,False,2026-07-30,62.24,67.212,67.20700000000001,False,False,True,False,87.12,-28.558310376492198,False,43.77703279184591,-0.010231156797019025,0.4830143275679574,-0.9864909687299529,False,True,False,True,2026-07-16,10.0,32.53114622580498,41.54914687701151,14.495144923391933,False,False,,,False,404821.0,434359.0,0.9319963440379962,False,2593454800.0,8.7,298.09825287356324,-6.8402933692561,10.612183804819631,-7.390599193536396,6.9111424541607205,11.847672778561408,False,91.5,False,True,False,False,True,False
941,002434,万里扬,C 制造业,腾讯前复权日K回退（成交额、换手率已提供）,False,2026-07-30,5.46,5.386,5.7075,True,False,False,True,6.88,-20.63953488372093,False,38.86675260526531,-0.301837283811464,-0.33536351734297615,0.06705246706302426,True,False,False,False,2026-07-28,2.0,8.986798718069542,7.0828118473218415,12.79477245956494,False,False,2026-07-27,3.0,True,147756.0,141061.0,1.047461736411907,False,81230600.0,1.13,71.88548672566372,-0.9074410163339319,2.9038112522686053,-4.336399474375815,68.75000000000013,25.0,False,8.02,False,True,False,False,True,False
942,002436,兴森科技,C 制造业,腾讯前复权日K回退（成交额、换手率已提供）,False,2026-07-30,27.69,32.018,37.147999999999996,False,False,False,False,48.33,-42.706393544382365,False,33.530593891819805,-3.171103753063335,-2.248308190032915,-1.8455911260608397,False,True,False,False,,,32.83819200951302,38.411217852657614,21.69214032322384,False,False,,,False,1244204.0,1279034.2,0.9727683591259718,False,3548588000.0,8.2,432.75463414634146,-10.009749756256092,11.08222294442639,-25.460320878647565,10.263929618768369,0.0,False,55.0,False,False,False,False,False,False
943,002437,誉衡药业,C 制造业,腾讯前复权日K回退（成交额、换手率已提供）,False,2026-07-30,2.84,2.8519999999999994,2.9485,False,False,False,False,3.24,-12.34567901234569,False,46.912119259958345,-0.007930821195917037,0.005498951405537088,-0.02685954520290825,False,True,False,False,,,30.385988380949303,31.19550044204057,28.766964258766777,False,False,,,False,718476.0,671055.4,1.0706657006262075,False,206352500.0,3.42,60.33698830409357,-1.388888888888895,4.1666666666666705,-3.679837205358666,58.33333333333315,16.666666666666664,False,3.53,False,True,False,False,True,False
944,002438,江苏神通,C 制造业,腾讯前复权日K回退（成交额、换手率已提供）,False,2026-07-30,12.41,12.3,12.7995,True,False,False,False,14.83,-16.31827376938638,False,38.2045131070116,-0.6746068239924021,-0.769400654517624,0.18958766105044367,True,False,False,False,2026-07-27,3.0,12.662202025903213,10.69998691780774,16.586632242094158,False,False,2026-07-21,7.0,True,56007.0,51620.4,1.0849780319408606,False,70041000.0,1.19,58.85798319327731,-1.3513513513513487,2.941176470588243,-3.04308762061018,45.9459459459458,16.216216216216306,False,18.07,False,False,False,False,True,False
945,002439,启明星辰,I 信息技术,腾讯前复权日K回退（成交额、换手率已提供）,False,2026-07-30,13.43,13.52,13.353,False,True,True,False,14.59,-7.950651130911584,False,49.55997137872043,0.0645305232343123,0.012589357930748472,0.10388233060712765,True,False,False,False,,,27.493845424446473,27.846960129616374,26.787616014106668,False,True,,,False,391766.0,375723.0,1.0426990096427422,False,535747000.0,5.38,99.58122676579926,-2.610587382160978,3.6258158085569256,0.5766494420729421,58.000000000000185,3.9999999999999147,False,17.15,False,False,False,False,False,False
946,002440,闰土股份,C 制造业,腾讯前复权日K回退（成交额、换手率已提供）,False,2026-07-30,13.64,12.688,11.375,True,True,True,True,13.64,0.0,False,66.61961751332167,0.7668769223465493,0.5490654254572868,0.435622993778525,True,False,False,False,2026-07-15,11.0,85.80262734673863,77.0853569054002,103.23716822941549,False,False,,,False,1025250.0,734683.0,1.395499827816895,False,1380883100.0,10.83,127.5053647276085,0.0,8.651026392961887,19.912087912087916,49.1525423728813,50.8474576271187,False,13.64,True,False,False,False,True,True
947,002441,众业达,F 批发零售,腾讯前复权日K回退（成交额、换手率已提供）,False,2026-07-30,7.85,7.772,7.706999999999999,True,True,True,True,8.16,-3.7990196078431433,False,49.07038611042487,-0.12180072409615406,-0.19408077582304695,0.14456010345378578,True,False,False,False,2026-07-14,12.0,15.604237513868512,12.90919855303055,20.994315435544436,False,False,2026-07-27,3.0,True,48714.0,49973.2,0.9748024941368574,False,38323500.0,1.22,31.41270491803279,-0.6329113924050778,2.2784810126582355,1.8554560788893306,33.3333333333335,44.444444444444336,False,10.28,False,False,False,False,False,False
948,002442,龙星科技,C 制造业,腾讯前复权日K回退（成交额、换手率已提供）,False,2026-07-30,4.68,4.6579999999999995,4.7375,True,False,False,True,5.56,-15.827338129496402,False,43.59925968855657,-0.190798412342561,-0.2361976802848576,0.09079853588459319,True,False,False,False,2026-07-27,3.0,10.930387847015341,9.286773048974638,14.21761744309675,False,False,2026-07-21,7.0,True,105887.0,111462.0,0.9499829538317992,False,50201100.0,2.15,23.349348837209302,-1.0570824524313016,4.228329809725143,-1.2137203166226935,59.99999999999982,14.999999999999734,False,8.92,False,False,False,False,True,False
949,002443,金洲管道,C 制造业,腾讯前复权日K回退（成交额、换手率已提供）,False,2026-07-30,7.82,7.888,8.761999999999999,False,False,False,False,10.68,-26.77902621722846,False,29.505672843902488,-0.7081090940595196,-0.6940594926955033,-0.02809920272803268,False,True,False,False,,,10.832100842387312,11.537341606701277,9.421619313759383,False,False,,,False,132823.0,114221.0,1.1628597193160628,False,104745500.0,2.55,41.07666666666667,-1.1378002528445008,3.919089759797731,-10.75097009815109,51.612903225806704,25.80645161290321,False,13.85,False,True,False,False,True,False
950,002444,巨星科技,C 制造业,腾讯前复权日K回退（成交额、换手率已提供）,False,2026-07-30,30.01,29.238,30.079500000000003,True,False,False,True,34.42,-12.812318419523534,False,49.83075345079844,-0.42680412950463165,-0.5073273874364218,0.16104651586358032,True,False,False,False,2026-07-29,1.0,32.00291250651937,29.499420857038018,37.009895805482074,False,False,,,False,96486.0,149733.8,0.6443835660351905,False,290247000.0,0.84,345.53214285714284,0.33433634236041954,2.674690738883307,-0.23105437257933625,57.499999999999865,42.500000000000135,False,36.45,False,False,False,False,True,False
951,002445,中南文化,C 制造业,腾讯前复权日K回退（成交额、换手率已提供）,False,2026-07-30,2.82,2.866,2.782,False,True,True,False,2.97,-5.050505050505063,False,45.89220454995344,-0.055642856911520155,-0.09706088718173819,0.08283606054043607,True,False,False,False,2026-07-14,12.0,14.38938712989634,12.758916049627935,17.65032929043315,False,False,2026-07-22,6.0,True,500851.0,495996.4,1.009787571038822,False,144007800.0,2.12,67.9282075471698,-3.424657534246578,4.452054794520559,1.3659237958303312,38.46153846153857,0.0,False,4.27,False,False,False,False,False,False
952,002446,盛路通信,C 制造业,腾讯前复权日K回退（成交额、换手率已提供）,False,2026-07-30,7.38,7.458,8.6515,False,False,False,False,11.4,-35.26315789473685,False,33.20899633625778,-0.8253970639209056,-0.767527396287426,-0.11573933526695934,False,True,False,False,,,12.938075198425082,12.464923842560433,13.884377910154381,False,False,2026-07-28,2.0,True,274995.0,248679.0,1.105823169628316,False,206744400.0,3.24,63.81,-4.155844155844157,4.6753246753246795,-14.69687337455933,24.99999999999994,8.333333333333396,False,12.22,False,False,False,False,True,False
953,002448,中原内配,C 制造业,腾讯前复权日K回退（成交额、换手率已提供）,False,2026-07-30,11.71,11.774,11.3665,False,True,True,True,12.97,-9.714726291441787,False,50.11385901483533,-0.2018150340871454,-0.41502039526993106,0.4264107223655713,True,False,False,False,2026-07-24,4.0,27.037160268114974,22.52181888500249,36.067843034339944,False,False,2026-07-21,7.0,True,239868.0,296524.6,0.8089311982884388,False,283336100.0,4.13,68.60438256658595,-4.095004095004096,5.077805077805071,3.0220384463115346,24.19354838709686,22.580645161290445,False,16.16,False,True,False,False,True,False
954,002449,国星光电,C 制造业,腾讯前复权日K回退（成交额、换手率已提供）,False,2026-07-30,6.16,6.098000000000001,6.4215,True,False,False,True,7.92,-22.22222222222222,False,37.27091947176494,-0.3919797684850179,-0.43196080564406414,0.07996207431809244,True,False,False,False,2026-07-29,1.0,9.81374524096754,7.8373312838429925,13.766573155216633,False,False,2026-07-27,3.0,True,80705.0,76496.8,1.0550114514594073,False,50059799.99999999,1.3,38.50753846153845,-1.5974440894568676,2.396166134185309,-4.072257260764616,59.999999999999766,20.000000000000117,False,9.1,False,False,False,False,False,False
955,002451,摩恩电气,C 制造业,腾讯前复权日K回退（成交额、换手率已提供）,False,2026-07-30,6.9,6.88,6.721500000000001,True,True,True,True,7.35,-6.1224489795918275,False,48.100707201037594,-0.1800018230547682,-0.2931701768663703,0.22633670762320424,True,False,False,False,2026-07-15,11.0,18.34644032945975,14.757598782514556,25.524123423350133,False,False,2026-07-21,7.0,True,289534.0,223579.4,1.2949940826390982,False,205039900.00000003,6.59,31.11379362670714,-2.127659574468077,6.241134751773043,2.6556572193706707,20.454545454545446,9.09090909090911,False,10.47,False,False,False,False,False,False
956,002452,长高电气,C 制造业,腾讯前复权日K回退（成交额、换手率已提供）,False,2026-07-30,10.64,10.736,11.1805,False,False,False,False,13.86,-23.232323232323225,False,44.81267450216721,-0.27254298115421705,-0.2573812385561957,-0.030323485196042665,False,True,False,False,,,23.680905554288145,24.090214039428208,22.86228858400802,False,True,,,False,126514.0,187517.2,0.6746794427391194,False,135695200.0,2.44,55.6127868852459,-2.2058823529411797,2.8492647058823573,-4.834309735700548,16.12903225806472,19.354838709677548,False,13.86,False,False,False,False,False,False
957,002453,华软科技,C 制造业,腾讯前复权日K回退（成交额、换手率已提供）,False,2026-07-30,4.03,4.026000000000001,4.057,True,False,False,True,4.96,-18.749999999999993,False,42.072556676212244,-0.22617646114375933,-0.2911383848470867,0.12992384740665475,True,False,False,False,2026-07-23,5.0,16.43129181357882,14.075270966290795,21.143333508154868,False,False,2026-07-21,7.0,True,127595.0,143412.0,0.889709368811536,False,52207200.0,2.12,24.626037735849057,-2.1844660194174748,4.368932038834966,-0.6655163914222364,55.55555555555567,11.11111111111133,False,6.77,False,False,False,False,False,False
958,002454,松芝股份,C 制造业,腾讯前复权日K回退（成交额、换手率已提供）,False,2026-07-30,4.88,4.742,4.757,True,True,False,True,5.2,-6.153846153846159,False,49.60092433050007,-0.13634815775990727,-0.1990054414645773,0.12531456740934005,True,False,False,False,2026-07-03,19.0,10.435807998815513,7.797448636719143,15.712526723008251,False,False,2026-07-23,5.0,True,82080.0,83595.6,0.9818698591791912,False,40161400.0,0.94,42.72489361702128,0.411522633744843,2.263374485596714,2.585663233130129,54.54545454545484,45.45454545454516,False,7.4,False,True,False,False,True,False
959,002455,百川股份,C 制造业,腾讯前复权日K回退（成交额、换手率已提供）,False,2026-07-30,6.33,6.286,6.4565,True,False,False,True,8.03,-21.170610211706094,False,41.488183328776664,-0.40990174432439463,-0.5097885255731788,0.19977356249756828,True,False,False,False,2026-07-23,5.0,7.461315700483108,6.070436499902743,10.243074101643836,False,False,2026-07-21,7.0,True,406855.0,352542.2,1.1540604217027068,False,262317100.0,6.16,42.583944805194804,-2.6153846153846194,4.615384615384613,-1.9592658561139946,16.666666666666618,10.000000000000089,False,10.64,False,False,False,False,False,False
960,002456,欧菲光,C 制造业,腾讯前复权日K回退（成交额、换手率已提供）,False,2026-07-30,7.03,6.884,7.963000000000001,True,False,False,True,10.1,-30.39603960396039,False,35.48537382698704,-0.613613479839235,-0.5323399916060744,-0.1625469764663212,False,True,False,False,,,9.003542533180331,7.795966417066154,11.418694765408688,False,False,2026-07-29,1.0,True,746055.0,735707.0,1.0140653820066956,False,526148000.0,2.25,233.84355555555558,-0.28368794326240065,2.8368794326241162,-11.716689689815404,60.0,40.0,False,10.22,False,False,False,False,True,False
961,002457,青龙管业,C 制造业,腾讯前复权日K回退（成交额、换手率已提供）,False,2026-07-30,9.9,9.94,11.886,False,False,False,False,16.5,-40.0,False,37.146035132773534,-0.8491186519835399,-0.6547950232206177,-0.3886472575258444,False,True,False,False,,,8.864620855793179,10.101069576444047,6.3917234144914445,False,False,,,False,230840.0,224837.2,1.0266984289076717,False,232254199.99999997,6.93,33.51431457431457,-3.508771929824561,3.801169590643263,-16.708732963149917,17.948717948718077,5.128205128205035,False,16.5,False,False,False,False,False,False
962,002458,益生股份,A 农林牧渔,腾讯前复权日K回退（成交额、换手率已提供）,False,2026-07-30,8.47,8.348,8.684000000000001,True,False,False,False,9.84,-13.922764227642267,False,49.1831113345836,0.003017563905682863,0.060412343763030465,-0.1147895597146952,False,True,False,False,,,53.72677236994528,55.570382448221494,50.03955221339285,False,False,,,False,420581.0,671288.8,0.6265276584385141,False,357374400.0,4.35,82.15503448275862,-1.0514018691588745,3.2710280373831906,-2.464302164900972,64.28571428571392,35.71428571428608,False,9.84,False,False,False,False,True,False
963,002459,晶澳科技,C 制造业,腾讯前复权日K回退（成交额、换手率已提供）,False,2026-07-30,7.51,7.267999999999999,7.37,True,True,False,True,9.55,-21.361256544502627,False,47.333707168966,-0.28403212586937343,-0.37299058668262236,0.17791692162649786,True,False,False,False,2026-07-22,6.0,8.60042722988076,6.962447807221152,11.876386075199976,False,False,2026-07-21,7.0,True,511388.0,394295.4,1.2969666904559374,False,385049700.0,1.55,248.41916129032256,1.6238159675236785,5.412719891745607,1.8995929443690593,47.50000000000006,52.49999999999994,False,11.39,False,False,False,False,True,False
964,002460,赣锋锂业,C 制造业,腾讯前复权日K回退（成交额、换手率已提供）,False,2026-07-30,49.93,49.6,52.294000000000004,True,False,False,False,66.04,-24.394306480920662,False,37.259948753560636,-4.227365574699057,-4.817072356944529,1.1794135644909431,True,False,False,False,2026-07-27,3.0,9.391171264890865,8.248559001091577,11.67639579248944,False,False,2026-07-21,7.0,True,453900.0,535939.2,0.8469244272484641,False,2276956400.0,3.75,607.1883733333334,0.020032051282048435,2.664262820512817,-4.520595096951857,57.14285714285706,42.85714285714293,False,91.52,False,False,False,False,True,False
965,002461,珠江啤酒,C 制造业,腾讯前复权日K回退（成交额、换手率已提供）,False,2026-07-30,8.87,8.574,8.2215,True,True,True,True,8.74,1.4874141876430091,True,65.14653549995539,0.06863835279400554,-0.036427378370045255,0.2101314623281016,True,False,False,False,2026-07-08,16.0,40.89663948629298,35.96069082484572,50.76853680918751,False,False,,,False,102760.0,71585.0,1.4354962631836279,False,90541700.0,0.46,196.82978260869564,1.7201834862385246,2.7522935779816535,7.887855014291777,4.1666666666673144,95.83333333333269,True,10.39,False,False,False,False,False,False
966,002462,嘉事堂,F 批发零售,腾讯前复权日K回退（成交额、换手率已提供）,False,2026-07-30,11.76,11.504000000000001,11.4405,True,True,True,True,12.23,-3.8430089942763748,False,50.45414433394002,-0.17998442532759107,-0.2800185380295177,0.20006822540385327,True,False,False,False,2026-07-13,13.0,23.30911474292776,20.678650708234425,28.570042812314433,False,False,,,False,31344.0,28468.2,1.101017977954349,False,36714200.0,1.08,33.99462962962963,0.8576329331046351,2.2298456260720396,2.792710108823912,23.076923076923286,76.92307692307672,True,14.25,False,False,False,False,False,False
967,002463,沪电股份,C 制造业,腾讯前复权日K回退（成交额、换手率已提供）,False,2026-07-30,96.55,107.454,122.86200000000001,False,False,False,False,142.99,-32.477795650045465,False,34.04952112338485,-7.614106774294612,-4.447607906701094,-6.3329977351870355,False,True,False,False,,,37.4147916063103,45.236047096952746,21.772280625025417,False,False,,,False,812211.0,549633.6,1.4777317107251087,False,7964445500.0,4.22,1887.3093601895737,-8.266033254156769,9.37767220902612,-21.415897511028643,3.951367781155025,18.439716312056685,False,158.2,False,False,False,False,False,False
968,002465,海格通信,C 制造业,腾讯前复权日K回退（成交额、换手率已提供）,False,2026-07-30,9.75,9.722,10.9155,True,False,False,False,13.72,-28.935860058309043,False,35.108181623111804,-0.9910799093463876,-1.022294047313582,0.06242827593438882,True,False,False,False,2026-07-29,1.0,5.417761611093411,5.033483664779399,6.186317503721435,False,False,2026-07-27,3.0,True,540873.0,514382.6,1.0514994091946346,False,531848900.0,2.18,243.9673853211009,-1.8126888217522619,3.0211480362537837,-10.677476982272912,50.0,23.33333333333337,False,18.5,False,False,False,False,True,False
969,002466,天齐锂业,C 制造业,腾讯前复权日K回退（成交额、换手率已提供）,False,2026-07-30,45.46,45.013999999999996,48.284499999999994,True,False,False,False,62.5,-27.264,False,39.22991982864269,-3.8509086034471167,-4.190819647318758,0.6798220877432826,True,False,False,False,2026-07-29,1.0,11.256558308616421,10.243287303236421,13.283100319376423,False,False,2026-07-23,5.0,True,425589.0,557409.0,0.7635129680360382,False,1946505000.0,2.88,675.8697916666667,-1.345486111111105,2.864583333333334,-5.84970332094149,43.181818181818194,38.63636363636348,False,82.49,False,True,False,False,False,False
970,002467,二六三,I 信息技术,腾讯前复权日K回退（成交额、换手率已提供）,False,2026-07-30,4.48,4.46,4.436,True,True,True,False,4.83,-7.246376811594195,False,45.159294890290376,-0.15569063687992912,-0.22241025106945295,0.13343922837904765,True,False,False,False,2026-07-08,16.0,11.075418227373826,9.626991004093357,13.972272673934764,False,False,2026-07-22,6.0,True,566617.0,533196.0,1.0626805152326724,False,259301400.0,4.15,62.482265060240955,-1.969365426695835,5.470459518599562,0.9918845807033472,75.9999999999998,4.00000000000027,False,7.17,False,False,False,False,True,False
971,002468,申通快递,G 运输仓储,腾讯前复权日K回退（成交额、换手率已提供）,False,2026-07-30,14.08,13.764,14.960999999999999,True,False,False,True,17.22,-18.23461091753774,False,45.08835675684286,-0.33826581427747726,-0.21747604430265743,-0.24157953994963965,False,True,False,False,,,23.056651131733787,23.009508498779837,23.150936397641686,True,False,,,False,204389.0,195543.2,1.0452370627053253,False,289202600.0,1.4,206.57328571428573,0.3563791874554578,2.4946543121881657,-5.888643807232127,57.142857142857,42.857142857143,False,17.22,False,False,False,False,True,False
972,002469,三维化学,C 制造业,腾讯前复权日K回退（成交额、换手率已提供）,False,2026-07-30,5.69,5.534000000000001,5.6185,True,True,False,True,6.02,-5.481727574750817,False,47.100220513141515,-0.15639539684051496,-0.19932608936760005,0.08586138505417018,True,False,False,False,2026-07-15,11.0,7.078479826855627,5.102315808228219,11.030807864110443,False,False,2026-07-28,2.0,True,88123.0,61678.2,1.4287544059327284,False,50420500.0,1.4,36.01464285714286,1.426024955436711,3.7433155080213893,1.2725816499065647,61.90476190476186,38.09523809523814,False,7.42,False,False,False,False,True,False
973,002470,金正大,C 制造业,腾讯前复权日K回退（成交额、换手率已提供）,False,2026-07-30,1.87,1.864,1.8850000000000002,True,False,False,False,2.13,-12.206572769953041,False,43.01759314125364,-0.0708972932146652,-0.09025680256558857,0.03871901870184674,True,False,False,False,2026-07-14,12.0,8.495566048506898,6.948753736964522,11.58919067159165,False,False,2026-07-22,6.0,True,878101.0,967632.6,0.9074735596961078,False,166685500.0,2.67,62.42902621722847,-1.5789473684210464,4.210526315789466,-0.7957559681697677,50.00000000000014,12.500000000000036,False,3.17,False,False,False,False,True,False
974,002471,中超控股,C 制造业,腾讯前复权日K回退（成交额、换手率已提供）,False,2026-07-30,5.08,5.102,5.2745,False,False,False,False,6.54,-22.32415902140673,False,39.18287784559416,-0.3731692095399728,-0.45638261472352504,0.1664268103671045,True,False,False,False,2026-07-23,5.0,10.704311488235545,9.27723824463447,13.558457975437694,False,False,2026-07-21,7.0,True,409491.0,555378.6,0.7373186507366326,False,210771500.0,3.05,69.10540983606558,-2.6819923371647403,3.6398467432950095,-3.687553322589813,52.631578947368375,5.263157894736744,False,9.0,False,False,False,False,True,False
975,002472,双环传动,C 制造业,腾讯前复权日K回退（成交额、换手率已提供）,False,2026-07-30,35.69,35.848,39.9945,False,False,False,False,49.42,-27.78227438284096,False,38.07727786836212,-1.6513250035155025,-1.1854478441040834,-0.9317543188228381,False,True,False,False,,,11.009000622554069,14.871516423405332,3.2839690208515435,False,False,,,False,260533.0,195949.2,1.3295946092150415,False,924284500.0,3.48,265.5989942528736,-1.408839779005544,3.7292817679558046,-10.762729875357872,22.962962962963108,69.62962962962939,False,49.42,False,True,False,False,False,False
976,002474,榕基软件,I 信息技术,腾讯前复权日K回退（成交额、换手率已提供）,False,2026-07-30,6.0,5.9079999999999995,5.725,True,True,True,True,6.15,-2.439024390243908,False,51.55995484427505,-0.09579046855770734,-0.195847968089883,0.20011499906435132,True,False,False,False,2026-07-10,14.0,18.501497707846383,15.008084880664038,25.488323362211073,False,False,2026-07-21,7.0,True,278539.0,253118.0,1.1004314193380162,False,170270700.0,5.27,32.30943074003795,-0.9900990099009799,3.960396039603964,4.803493449781666,37.49999999999991,0.0,False,8.55,False,False,False,False,True,False
977,002475,立讯精密,C 制造业,腾讯前复权日K回退（成交额、换手率已提供）,False,2026-07-30,58.35,60.85600000000001,61.036500000000004,False,False,False,False,65.83,-11.362600638006985,False,43.40305950253264,-1.5923382876570642,-1.8389218596274814,0.4931671439408345,True,False,False,False,2026-07-24,4.0,42.676060289351476,43.49935904209002,41.02946278387438,False,True,,,False,1660630.0,1092110.0,1.5205702722253254,False,9834310100.0,2.27,4332.295198237885,-6.415396952686447,7.778668805132308,-4.4014646973532265,10.515463917525745,27.422680412371133,False,81.64,False,False,False,False,False,False
978,002476,新叶股份,C 制造业,腾讯前复权日K回退（成交额、换手率已提供）,False,2026-07-30,4.27,4.244,4.3845,True,False,False,False,5.15,-17.087378640776713,False,39.21309364176722,-0.20356610085692228,-0.23278162606702332,0.05843105042020208,True,False,False,False,2026-07-27,3.0,10.937133999655329,9.268332166443855,14.274737666078273,False,False,2026-07-21,7.0,True,105799.0,89056.8,1.1879946281474294,False,45785400.0,1.73,26.465549132947977,-1.3856812933025542,4.3879907621247005,-2.6114722317254073,42.10526315789488,21.052631578946976,False,6.18,False,False,False,False,True,False
979,002478,常宝股份,C 制造业,腾讯前复权日K回退（成交额、换手率已提供）,False,2026-07-30,6.24,6.119999999999999,5.987,True,True,True,True,6.54,-4.58715596330275,False,51.30583130042331,-0.1331728359735873,-0.2312505604898379,0.19615544903250115,True,False,False,False,,,9.782292191682991,7.72631255091795,13.894251473213073,False,False,2026-07-21,7.0,True,186908.0,204282.6,0.9149482138958481,False,116649400.0,2.59,45.03837837837838,0.16051364365969878,3.852327447833069,4.225822615667281,54.16666666666657,45.83333333333343,False,9.24,False,False,False,False,True,False
980,002479,富春环保,D 水电煤气,腾讯前复权日K回退（成交额、换手率已提供）,False,2026-07-30,5.32,5.316,4.9615,True,True,True,True,5.43,-2.0257826887661037,False,60.64075162283727,0.15841206978896594,0.10160184937796932,0.11362044082199324,True,False,False,False,2026-07-06,18.0,54.04905129610699,51.0037925401544,60.13956880801216,False,False,,,False,189175.0,214785.8,0.8807612048841218,False,101432099.99999999,2.19,46.316027397260264,-1.298701298701288,3.153988868274581,7.225637408041928,64.70588235294088,11.764705882353217,False,5.77,False,True,False,False,True,False
981,002480,新筑股份,C 制造业,腾讯前复权日K回退（成交额、换手率已提供）,False,2026-07-30,5.21,5.246,5.17,False,True,True,False,5.41,-3.6968576709796706,False,46.18084174265663,-0.06137088362885912,-0.10111115136468042,0.0794805354716426,True,False,False,False,2026-07-09,15.0,16.062099073807225,14.873169316458407,18.43995858850486,False,False,2026-07-23,5.0,True,68657.0,77076.8,0.8907609034106242,False,36011800.0,0.89,40.46269662921348,-1.5122873345935761,2.8355387523629556,0.773694390715668,53.33333333333326,20.000000000000117,False,6.9,False,False,False,True,False,False
982,002481,双塔食品,C 制造业,腾讯前复权日K回退（成交额、换手率已提供）,False,2026-07-30,4.18,4.087999999999999,4.079000000000001,True,True,True,True,4.32,-3.240740740740754,False,56.02052940154427,0.02419588565700348,0.015209319897077793,0.017973131519851374,True,False,False,False,2026-07-29,1.0,39.02391171731937,34.61837669718452,47.83498175758906,False,False,,,False,104431.0,98195.4,1.0635019563034522,False,43933900.0,0.93,47.240752688172044,0.23980815347721673,2.398081534772174,2.476097082618266,70.00000000000053,29.999999999999467,False,4.64,False,True,False,False,True,False
983,002482,广田集团,E 建筑业,腾讯前复权日K回退（成交额、换手率已提供）,False,2026-07-30,1.23,1.226,1.2225,True,True,True,False,1.29,-4.651162790697678,False,45.396086060836694,-0.02609600903782283,-0.0379724572798226,0.02375289648399953,True,False,False,False,2026-07-06,18.0,13.944419321330676,12.711374472961218,16.41050901806959,False,False,2026-07-28,2.0,True,606978.0,508068.6,1.194677254213309,False,76189900.0,1.62,47.0308024691358,-1.6000000000000014,4.0000000000000036,0.6134969325153425,60.0,0.0,False,1.75,False,False,False,False,True,False
984,002483,润邦股份,C 制造业,腾讯前复权日K回退（成交额、换手率已提供）,False,2026-07-30,5.1,5.048,5.031000000000001,True,True,True,True,5.25,-2.857142857142864,False,49.62236989465609,-0.06032323793490857,-0.09983044722169912,0.0790144185735811,True,False,False,False,2026-07-03,19.0,12.923378064699591,10.268682468970214,18.232769256158345,False,False,2026-07-27,3.0,True,108926.0,98488.6,1.1059757169865345,False,55692200.0,1.23,45.27821138211382,-0.7782101167315147,2.52918287937743,1.3714967203339108,53.84615384615342,38.46153846153836,False,6.46,False,True,False,False,False,False
985,002484,江海股份,C 制造业,腾讯前复权日K回退（成交额、换手率已提供）,False,2026-07-30,55.5,62.67999999999999,77.0125,False,False,False,False,105.0,-47.14285714285714,False,33.92677305685318,-7.420388532377473,-4.8468293066733175,-5.147118451408311,False,True,False,False,,,40.43928312864429,45.34711968488384,30.623610016165188,False,False,,,False,604846.0,419281.0,1.442579081809097,False,3475364699.9999995,7.37,471.55559023066473,-9.609120521172631,12.345276872964178,-27.933776984255804,27.30870712401054,3.1662269129287837,False,115.44,False,False,False,False,True,False
986,002485,ST雪发,L 商务服务,腾讯前复权日K回退（成交额、换手率已提供）,False,2026-07-30,5.18,5.194,5.5265,False,False,False,True,6.35,-18.425196850393704,False,45.677362759599575,-0.034918427571746236,0.03330276279454869,-0.13644238073258985,False,True,False,False,,,40.178332123103985,41.86397218795086,36.80705199341024,False,False,,,False,17406.0,24004.0,0.7251291451424763,False,8997200.0,0.32,28.11625,-0.9560229445506829,3.2504780114722736,-6.269791006966447,11.764705882352695,52.94117647058817,False,6.35,False,True,False,False,False,False
987,002486,嘉麟杰,C 制造业,腾讯前复权日K回退（成交额、换手率已提供）,False,2026-07-30,2.24,2.2039999999999997,2.2380000000000004,True,True,False,True,2.4,-6.666666666666654,False,48.535314006807475,-0.03817300544316371,-0.04894803778957883,0.021550064692830245,True,False,False,False,2026-07-28,2.0,20.85460488897857,17.5492257118416,27.46536324325251,False,False,2026-07-27,3.0,True,307504.0,235851.0,1.303806216636775,False,69261100.0,3.75,18.469626666666667,-0.4444444444444362,3.555555555555559,0.08936550491509292,62.49999999999972,37.50000000000028,False,2.97,False,True,False,False,True,False
988,002487,大金重工,C 制造业,腾讯前复权日K回退（成交额、换手率已提供）,False,2026-07-30,39.8,39.797999999999995,42.7945,True,False,False,True,56.67,-29.768837127227815,False,34.30557755247048,-4.894999002540452,-5.6630062626128375,1.5360145201447715,True,False,False,False,2026-07-27,3.0,6.988805683539222,5.98835107830109,8.989714894015485,False,False,2026-07-21,7.0,True,283267.0,370499.4,0.7645545444877913,False,1145714500.0,4.49,255.17026726057907,-1.4851485148514865,4.752475247524757,-6.997394524997376,58.33333333333351,15.624999999999838,False,86.68,False,False,False,False,True,False
989,002488,金固股份,C 制造业,腾讯前复权日K回退（成交额、换手率已提供）,False,2026-07-30,8.42,8.514,8.817,False,False,False,False,9.77,-13.817809621289658,False,40.75948893145879,-0.2757485237663744,-0.3080883488908652,0.0646796502489817,True,False,False,False,2026-07-20,8.0,11.27884742818487,12.73804407955127,8.360454125452069,False,False,,,False,200012.0,201027.0,0.9949509269899068,False,171914199.99999997,2.17,79.22313364055297,-3.4403669724770714,5.73394495412844,-4.502665305659524,48.00000000000004,5.999999999999872,False,13.24,False,False,False,False,False,False
990,002489,浙江永强,C 制造业,腾讯前复权日K回退（成交额、换手率已提供）,False,2026-07-30,2.66,2.628,2.691,True,False,False,False,2.86,-6.993006993006984,False,41.3861083148651,-0.11070420563558248,-0.13561017863258246,0.04981194599399996,True,False,False,False,2026-07-07,17.0,8.578128601629388,8.133295314398298,9.467795176091567,False,False,2026-07-29,1.0,True,219113.0,244219.6,0.8971966214013944,False,58558200.0,1.15,50.92017391304348,0.0,3.0075187969924837,-1.1519881085098362,62.49999999999972,37.50000000000028,False,4.15,False,False,False,False,True,False
991,002490,山东墨龙,C 制造业,腾讯前复权日K回退（成交额、换手率已提供）,False,2026-07-30,7.7,7.554,7.536499999999999,True,True,True,False,9.07,-15.104740904079383,False,51.38668903312842,0.03562812302257434,0.026853699332597288,0.01754884737995411,True,False,False,False,2026-07-07,17.0,26.0130301143559,24.357930079244397,29.323230184578904,False,False,,,False,721777.0,820432.2,0.879752159898161,False,553879700.0,13.32,41.58256006006006,4.1948579161028565,4.465493910690123,2.1694420486963564,48.48484848484852,51.51515151515148,False,10.58,False,False,False,False,True,False
992,002491,通鼎互联,C 制造业,腾讯前复权日K回退（成交额、换手率已提供）,False,2026-07-30,13.8,15.282,19.0775,False,False,False,False,28.81,-52.09996528982992,False,27.93413342531929,-3.023106098573976,-2.600564070555286,-0.84508405603738,False,True,False,False,,,19.07470402789822,22.373229941107752,12.47765220147916,False,False,,,False,1209662.0,1454118.4,0.8318868669841466,False,1720689300.0,10.28,167.38222762645916,-6.94538098449089,11.732973701955498,-27.663477919014547,30.459770114942486,20.68965517241386,False,39.71,False,False,False,False,False,False
993,002492,恒基达鑫,G 运输仓储,腾讯前复权日K回退（成交额、换手率已提供）,False,2026-07-30,5.17,5.208,5.197,False,False,True,True,5.8,-10.86206896551724,False,44.98454090186647,-0.16027365140431638,-0.22262519906015302,0.12470309531167328,True,False,False,False,2026-07-23,5.0,16.360129411503717,13.876084389618939,21.32821945527327,False,False,2026-07-21,7.0,True,74951.0,108895.8,0.688281825378022,False,39226700.0,1.88,20.86526595744681,-2.083333333333337,4.734848484848484,-0.5195304983644436,40.00000000000021,19.99999999999993,False,8.25,False,False,False,False,False,False
994,002493,荣盛石化,C 制造业,腾讯前复权日K回退（成交额、换手率已提供）,False,2026-07-30,12.51,11.952000000000002,11.5795,True,True,True,True,12.65,-1.1067193675889373,False,60.295166938829475,0.1688362264180494,0.0558600470301085,0.22595235877588182,True,False,False,False,2026-07-17,9.0,45.250221205318496,38.30230022236176,59.14606317123197,False,False,2026-07-17,9.0,True,620486.0,536306.2,1.156962198087585,False,771797700.0,0.66,1169.3904545454545,2.8782894736842035,4.687499999999988,8.035752839069048,19.29824561403504,80.70175438596496,True,14.01,False,False,False,False,True,False
995,002494,华斯股份,C 制造业,腾讯前复权日K回退（成交额、换手率已提供）,False,2026-07-30,4.33,4.276,4.425,True,False,False,True,4.88,-11.270491803278686,False,42.68739582017116,-0.1552163351663376,-0.17740273288015448,0.04437279542763378,True,False,False,False,2026-07-28,2.0,12.870896153693892,11.168481949217865,16.275724562645944,False,False,,,False,111789.0,145686.8,0.767324150163227,False,48756200.0,3.9,12.501589743589745,-0.9153318077803174,3.432494279176189,-2.146892655367226,60.00000000000012,33.33333333333333,False,6.39,False,True,False,False,False,False
996,002495,佳隆股份,C 制造业,腾讯前复权日K回退（成交额、换手率已提供）,False,2026-07-30,2.18,2.128,2.1405000000000003,True,True,False,True,2.29,-4.803493449781654,False,51.32637380354668,-0.026996781801551517,-0.040965397938333585,0.027937232273564136,True,False,False,False,2026-07-03,19.0,19.922606758287404,16.680116530742836,26.407587213376544,False,False,2026-07-28,2.0,True,248556.0,216332.4,1.1489541095092553,False,54780400.0,3.58,15.301787709497207,0.0,3.6697247706422047,1.8453632328895055,75.0,25.0,False,2.76,False,True,False,False,True,False
997,002496,辉丰股份,C 制造业,腾讯前复权日K回退（成交额、换手率已提供）,False,2026-07-30,1.88,1.884,1.9865,False,False,False,False,2.3,-18.260869565217387,False,41.064903739189106,-0.07348949967858331,-0.0763401041518805,0.005701208946594372,True,False,False,False,2026-07-29,1.0,13.656064046716162,13.96318744773486,13.041817244678768,False,False,,,False,226808.0,196874.8,1.1520418052488182,False,43491800.0,1.92,22.65197916666667,-1.5706806282722474,4.712041884816746,-5.361188019129124,66.66666666666683,11.11111111111089,False,2.77,False,False,False,False,True,False
998,002497,雅化集团,C 制造业,腾讯前复权日K回退（成交额、换手率已提供）,False,2026-07-30,17.57,17.494,18.7385,True,False,False,False,24.65,-28.722109533468554,False,42.01635804326484,-1.1841448955736738,-1.3061322398933886,0.24397468863942962,True,False,False,False,2026-07-28,2.0,10.178647708198744,9.025252531403579,12.485438061789072,False,False,2026-07-23,5.0,True,309121.0,439465.4,0.7034023611415142,False,546437900.0,2.92,187.13626712328767,-1.3475575519371064,3.761931499157766,-6.2358246391119785,49.25373134328346,32.83582089552231,False,31.94,False,False,False,False,False,False
999,002498,汉缆股份,C 制造业,腾讯前复权日K回退（成交额、换手率已提供）,False,2026-07-30,6.96,6.858,6.0875,True,True,True,True,7.19,-3.19888734353269,False,56.182565814199805,-0.07408581607583375,-0.3151032040204483,0.48203477588922905,True,False,False,False,2026-07-23,5.0,25.780995935364746,20.090682812689383,37.161622180715476,False,False,2026-07-21,7.0,True,2601404.0,1986903.0,1.3092757925273655,False,1832834400.0,7.82,234.37780051150895,-3.198887343532686,6.8150208623087645,14.332648870636543,65.30612244897962,26.530612244897927,False,11.66,False,True,False,False,False,True
1000,002500,山西证券,J 金融业,腾讯前复权日K回退（成交额、换手率已提供）,False,2026-07-30,5.4,5.324,5.3435,True,True,False,True,5.54,-2.5270758122743624,False,55.110700497075634,0.028670781790489208,0.03296888867926539,-0.008596213777552361,False,True,False,False,,,57.478805333169326,53.17254704008141,66.09132191934515,False,False,,,False,269647.0,224631.0,1.200399766728546,False,145438300.0,0.75,193.91773333333333,0.5586592178770999,1.675977653631282,1.0573594086273166,33.333333333332675,66.66666666666733,False,5.7,False,False,False,False,False,False
1001,002501,*ST利源,C 制造业,腾讯前复权日K回退（成交额、换手率已提供）,False,2026-07-30,1.23,1.2200000000000002,1.272,True,False,False,False,1.44,-14.583333333333332,False,42.56627116591849,-0.04307560323689352,-0.04606038983326768,0.005969573192748309,True,False,False,False,2026-07-29,1.0,3.9298211000941152,4.251857581901367,3.2857481364796115,False,False,,,False,219284.0,190910.6,1.1486213966118173,False,27163900.0,0.62,43.81274193548388,-0.8064516129032251,3.2258064516129057,-3.301886792452833,75.0,25.0,False,1.74,False,True,False,False,False,False
1002,002506,协鑫集成,C 制造业,腾讯前复权日K回退（成交额、换手率已提供）,False,2026-07-30,2.49,2.476,2.54,True,False,False,False,3.19,-21.94357366771159,False,39.411381996129286,-0.17367486400167254,-0.2148729345904521,0.08239614117755911,True,False,False,False,2026-07-23,5.0,5.759341098003021,4.931416211050425,7.415190871908214,False,False,2026-07-21,7.0,True,2310034.0,2431313.0,0.9501178992585487,False,582757600.0,3.95,147.53356962025316,-2.3529411764705688,4.705882352941163,-1.968503937007867,66.66666666666691,16.66666666666673,False,4.9,False,True,True,False,True,False
1003,002507,涪陵榨菜,C 制造业,腾讯前复权日K回退（成交额、换手率已提供）,False,2026-07-30,12.19,11.684000000000001,11.438500000000001,True,True,True,True,11.97,1.837928153717618,True,68.15936817499738,0.11962292812374642,0.041644311726490926,0.15595723279451099,True,False,False,False,2026-07-06,18.0,55.8713730819534,42.72167940035021,82.17076044515977,False,False,,,False,225738.0,111177.6,2.0304269924876954,True,273460300.0,1.96,139.5205612244898,2.7824620573355885,3.119730185497479,6.569917384272397,8.108108108108393,91.8918918918916,True,12.41,True,False,False,False,False,False
1004,002508,老板电器,C 制造业,腾讯前复权日K回退（成交额、换手率已提供）,False,2026-07-30,16.54,15.982,15.5405,True,True,True,True,16.59,-0.30138637733574875,False,61.77331492415757,0.11571551627618781,-0.04638044277324857,0.32419191809887277,True,False,False,False,2026-07-02,20.0,30.566147922118603,26.298178373992375,39.10208701837106,False,False,,,False,84710.0,90936.0,0.9315342658573063,False,139962100.0,0.91,153.8045054945055,0.5471124620060719,1.8844984802431752,6.431581995431289,48.387096774193886,51.612903225806114,False,18.67,False,False,False,False,True,False
1005,002510,天汽模,C 制造业,腾讯前复权日K回退（成交额、换手率已提供）,False,2026-07-30,5.52,5.494,5.3534999999999995,True,True,True,True,6.06,-8.910891089108912,False,48.923672779517936,-0.11094967395530642,-0.1918521491565392,0.16180495040246556,True,False,False,False,2026-07-16,10.0,17.382896418330564,14.406475389943154,23.335738475105387,False,False,2026-07-21,7.0,True,234494.0,187264.2,1.2522094452650319,False,131799900.0,2.33,56.56648068669528,-1.2522361359570744,3.935599284436505,3.1101148781171215,77.27272727272701,0.0,False,7.66,False,True,False,False,True,False
1006,002511,中顺洁柔,C 制造业,腾讯前复权日K回退（成交额、换手率已提供）,False,2026-07-30,7.5,7.175999999999999,7.109,True,True,True,True,7.39,1.488497970230045,True,63.4839820312043,0.051074963315980604,0.012275544175546054,0.0775988382808691,True,False,False,False,,,30.863108690220674,26.99902608857199,38.59127389351804,False,False,,,False,209958.0,115725.6,1.8142744561272526,True,155470800.0,1.66,93.65710843373495,3.878116343490312,4.016620498614946,5.500070333380223,6.8965517241378045,93.1034482758622,True,8.54,False,False,False,False,False,False
1007,002512,ST达华,C 制造业,腾讯前复权日K回退（成交额、换手率已提供）,False,2026-07-30,3.69,3.37,3.3405,True,True,True,True,3.72,-0.8064516129032324,False,56.651203071030196,-0.09951090509265725,-0.1628674366004304,0.1267130630155463,True,False,False,False,2026-07-09,15.0,21.077684266742363,16.19564657063224,30.84175965896261,False,False,2026-07-27,3.0,True,542214.0,263421.2,2.058353693628303,True,190794100.0,4.95,38.54426262626263,10.149253731343277,12.238805970149258,10.462505612932194,0.0,100.0,True,5.33,False,False,False,False,True,True
1008,002513,蓝丰生化,C 制造业,腾讯前复权日K回退（成交额、换手率已提供）,False,2026-07-30,4.67,4.586,4.6595,True,True,False,True,5.1,-8.431372549019603,False,45.94581926888119,-0.16224457641699175,-0.20973904037788632,0.09498892792178915,True,False,False,False,2026-07-23,5.0,20.67810359596829,16.326469299828048,29.381372188248776,False,False,2026-07-21,7.0,True,97289.0,94852.6,1.0256861699099444,False,45918500.0,3.37,13.62566765578635,-0.4264392324093924,5.117270788912584,0.22534606717457903,37.49999999999991,33.33333333333333,False,6.75,False,False,False,False,False,False
1009,002514,*ST宝馨,C 制造业,腾讯前复权日K回退（成交额、换手率已提供）,False,2026-07-30,1.76,1.752,1.8395,True,False,False,True,2.46,-28.455284552845526,False,39.821260184776555,-0.27519725339483525,-0.34893268450160947,0.14747086221354844,True,False,False,False,2026-07-23,5.0,9.920636995696983,7.628073072163686,14.505764842763577,False,False,2026-07-23,5.0,True,688960.0,582714.4,1.1823287703204177,False,125820200.0,12.44,10.114163987138264,-9.743589743589743,8.2051282051282,-4.321826583310677,0.0,0.0,False,4.95,False,False,False,False,True,True
1010,002515,金字火腿,C 制造业,腾讯前复权日K回退（成交额、换手率已提供）,False,2026-07-30,6.36,7.474000000000001,8.111500000000001,False,False,False,False,10.62,-40.11299435028248,False,34.587901928830405,-0.3969880487994448,-0.2187567898176573,-0.35646251796357503,False,True,False,False,,,29.558163294893557,36.23419088263653,16.206108119407602,False,False,,,False,1289335.0,966876.2,1.3335057787129314,False,853724900.0,11.7,72.96794017094018,-9.915014164305935,11.048158640226632,-21.592800345188937,24.358974358974287,1.2820512820513683,False,11.67,False,False,False,False,False,False
1011,002516,旷达科技,C 制造业,腾讯前复权日K回退（成交额、换手率已提供）,False,2026-07-30,5.18,5.14,5.2595,True,False,False,True,5.87,-11.754684838160143,False,42.22868624800629,-0.14801966431074032,-0.16674687778164415,0.03745442694180767,True,False,False,False,2026-07-28,2.0,10.228059164418712,8.855803568044443,12.97257035716725,False,False,2026-07-28,2.0,True,115485.0,133381.8,0.8658227734218612,False,60204200.0,0.79,76.20784810126582,-0.7662835249042099,2.8735632183908115,-1.5115505276167003,46.66666666666674,33.33333333333314,False,6.83,False,False,False,False,True,False
1012,002517,恺英网络,I 信息技术,腾讯前复权日K回退（成交额、换手率已提供）,False,2026-07-30,16.5,15.728,16.3245,True,True,False,True,18.15,-9.090909090909085,False,52.98302678719245,-0.024099731792922796,0.004321775908916893,-0.05684301540367938,False,True,False,False,,,32.61038834326817,29.310659203401325,39.20984662300186,False,False,,,False,1496631.0,717150.0,2.086914871365823,True,2548799600.0,7.92,321.81813131313135,-1.1384062312762233,6.231276213301372,1.0750712119819874,28.84615384615394,0.0,False,19.22,False,True,False,False,False,True
1013,002518,科士达,C 制造业,腾讯前复权日K回退（成交额、换手率已提供）,False,2026-07-30,29.73,31.621999999999996,37.011,False,False,False,False,51.54,-42.316647264260766,False,27.912526693374488,-4.561179987595672,-4.310569676646751,-0.5012206218978417,False,True,False,False,,,4.372077975183176,5.991688189690763,1.1328575461680028,False,False,,,False,128153.0,104632.4,1.2247927028339214,False,386143000.0,2.27,170.10704845814976,-5.197704081632648,6.887755102040817,-19.672529788441278,9.72222222222226,21.759259259259206,False,65.13,False,False,False,False,False,False
1014,002519,银河电子,C 制造业,腾讯前复权日K回退（成交额、换手率已提供）,False,2026-07-30,5.08,5.098000000000001,5.2195,False,False,False,True,6.1,-16.72131147540983,False,40.582474004189336,-0.2813468307161422,-0.3444560583173084,0.12621845520233244,True,False,False,False,2026-07-24,4.0,12.917064922838597,11.218182634814035,16.31482949888772,False,False,2026-07-21,7.0,True,290972.0,401740.6,0.7242783029646493,False,150107500.0,2.6,57.73365384615384,-2.49520153550864,3.4548944337811847,-2.672669795957466,38.888888888888616,0.0,False,9.11,False,False,False,False,True,False
1015,002520,日发精机,C 制造业,腾讯前复权日K回退（成交额、换手率已提供）,False,2026-07-30,5.33,5.386,6.045,False,False,False,False,8.22,-35.15815085158151,False,37.893262390847966,-0.37457617912296204,-0.3307296821740892,-0.08769299389774565,False,True,False,False,,,17.11001182048057,17.122841988521703,17.084351484398304,False,True,,,False,303642.0,317848.8,0.9553032762747571,False,164211100.0,4.23,38.820591016548455,-3.4420289855072395,3.623188405797105,-11.82795698924731,24.99999999999989,0.0,False,8.22,False,False,False,False,True,False
1016,002521,齐峰新材,C 制造业,腾讯前复权日K回退（成交额、换手率已提供）,False,2026-07-30,6.73,6.804,6.821,False,False,False,False,7.48,-10.026737967914439,False,45.814447796262755,-0.09577673643925966,-0.12554155962009733,0.05952964636167535,True,False,False,False,2026-07-24,4.0,21.378120944739038,20.99231795464889,22.149726924919335,False,False,,,False,32613.0,57700.4,0.5652127194958787,False,22042600.000000004,0.78,28.259743589743596,-0.8836524300441795,2.356406480117822,-1.33411523237061,50.0,31.250000000000416,False,8.41,False,True,False,False,True,False
1017,002522,浙江众成,C 制造业,腾讯前复权日K回退（成交额、换手率已提供）,False,2026-07-30,4.83,4.71,4.9464999999999995,True,False,False,True,6.81,-29.074889867841403,False,39.62076375622335,-0.49696989790052726,-0.5625572995550538,0.13117480330905318,True,False,False,False,2026-07-28,2.0,12.720196482786106,10.09326189015134,17.974065668055637,False,False,2026-07-27,3.0,True,326429.0,327828.4,0.9957313033282046,False,157079800.0,3.61,43.51240997229917,-0.20661157024792765,3.0991735537190155,-2.3552006469220537,26.66666666666663,73.33333333333337,True,8.44,False,True,False,False,True,False
1018,002523,天桥起重,C 制造业,腾讯前复权日K回退（成交额、换手率已提供）,False,2026-07-30,3.27,3.2440000000000007,3.14,True,True,True,False,3.34,-2.0958083832335284,False,53.59054569840937,0.017382018420881273,-0.013309675755990605,0.061383388353743754,True,False,False,False,2026-07-03,19.0,29.102838200063257,25.838300702793997,35.63191319460177,False,False,,,False,216245.0,260689.0,0.8295133281419622,False,71484900.0,1.53,46.722156862745095,-1.5060240963855387,2.40963855421687,4.140127388535028,62.50000000000028,0.0,False,3.91,False,False,False,False,False,False
1019,002524,光正眼科,Q 卫生,腾讯前复权日K回退（成交额、换手率已提供）,False,2026-07-30,3.59,3.5660000000000003,3.5675,True,True,False,True,3.91,-8.184143222506401,False,50.41356590046502,-0.02064909231598433,-0.03507518365911236,0.028852182686256056,True,False,False,False,2026-07-27,3.0,26.36892095175425,23.78055949849138,31.545643858279995,False,False,,,False,119914.0,135000.8,0.8882465881683664,False,43233200.0,2.35,18.397106382978723,-0.5540166204986208,4.4321329639889235,0.6306937631394525,25.0,37.5,False,4.55,False,True,True,False,True,False
1020,002526,山东矿机,C 制造业,腾讯前复权日K回退（成交额、换手率已提供）,False,2026-07-30,2.61,2.574,2.5545,True,True,True,True,2.73,-4.3956043956043995,False,49.265472410630665,-0.04741183773899316,-0.07589385804750536,0.0569640406170244,True,False,False,False,2026-07-03,19.0,11.852324510899129,9.348040168289051,16.86089319611928,False,False,2026-07-27,3.0,True,229910.0,242474.4,0.9481825710260547,False,60407700.00000001,1.3,46.46746153846154,-0.760456273764254,3.041825095057037,2.1726365237815575,75.0,25.0,False,3.47,False,True,False,False,True,False
1021,002527,新时达,C 制造业,腾讯前复权日K回退（成交额、换手率已提供）,False,2026-07-30,10.46,10.370000000000001,10.998000000000001,True,False,False,True,14.34,-27.05718270571826,False,39.57204545592659,-0.7635128780450398,-0.8568738415071357,0.18672192692419198,True,False,False,False,2026-07-28,2.0,13.231146604828036,11.134592442141704,17.4242549302007,False,False,2026-07-23,5.0,True,84100.0,76369.4,1.101226407435439,False,88688700.00000001,1.59,55.7790566037736,-1.7840375586854362,3.1924882629107967,-4.891798508819787,35.29411764705913,23.529411764705912,False,16.93,False,False,False,False,True,False
1022,002528,*ST英飞,C 制造业,腾讯前复权日K回退（成交额、换手率已提供）,False,2026-07-30,4.63,4.484,4.4245,True,True,True,True,4.89,-5.31697341513292,False,57.07504221863077,0.0002321635130693167,-0.040224019045686864,0.08091236511751236,True,False,False,False,2026-07-28,2.0,56.10125305928796,52.459720714362824,63.38431774913825,False,False,,,False,73371.0,98731.0,0.7431404523401971,False,33711500.0,0.7,48.159285714285716,-0.6437768240343367,3.8626609442060027,4.644592609334383,44.44444444444456,55.55555555555544,False,5.42,False,False,False,False,True,False
1023,002529,海源复材,C 制造业,腾讯前复权日K回退（成交额、换手率已提供）,False,2026-07-30,6.32,6.286,6.461,True,False,False,True,7.35,-14.013605442176862,False,42.8800065780538,-0.28191727967584157,-0.3292408051757104,0.09464705099973769,True,False,False,False,2026-07-28,2.0,19.87496093332255,16.66381342790765,26.297255944152347,False,False,2026-07-23,5.0,True,50705.0,55742.2,0.909633993634984,False,32600300.000000004,1.95,16.718102564102566,-1.5576323987538832,4.984423676012466,-2.1823247175359852,46.875000000000064,21.87500000000007,False,9.15,False,False,False,False,False,False
1024,002530,金财互联,C 制造业,腾讯前复权日K回退（成交额、换手率已提供）,False,2026-07-30,6.98,6.851999999999999,6.709999999999999,True,True,True,True,7.13,-2.1037868162692774,False,51.670906144365944,-0.10134135193399274,-0.19450714758959103,0.1863315913111966,True,False,False,False,2026-07-15,11.0,18.502468178711585,14.8474702688614,25.812463998411957,False,False,,,False,160174.0,152562.2,1.0498930927844512,False,113302099.99999999,2.3,49.26178260869565,-0.42796005706132734,2.853067047075609,4.023845007451586,70.00000000000021,15.00000000000011,False,9.3,False,False,False,False,False,False
1025,002531,天顺风能,C 制造业,腾讯前复权日K回退（成交额、换手率已提供）,False,2026-07-30,6.3,6.312,6.861,False,False,False,False,8.72,-27.752293577981657,False,31.481478660491348,-0.706303168641929,-0.792839242320895,0.17307214735793197,True,False,False,False,2026-07-27,3.0,6.880460050330633,5.907243344171834,8.826893462648231,False,False,2026-07-22,6.0,True,410828.0,525031.2,0.7824830219613617,False,261676200.0,2.3,113.77226086956522,-2.3255813953488413,4.341085271317819,-8.176650634018365,53.571428571428505,24.99999999999984,False,12.84,False,True,False,False,True,False
1026,002532,天山铝业,C 制造业,腾讯前复权日K回退（成交额、换手率已提供）,False,2026-07-30,13.13,12.803999999999998,12.1145,True,True,True,False,13.38,-1.8684603886397606,False,56.6757446838807,0.10488451996481984,-0.1043155136852396,0.4184000673001189,True,False,False,False,2026-07-06,18.0,28.046765009123707,25.770939397247627,32.59841623287587,False,False,,,False,1171972.0,1137227.0,1.0305523875180593,False,1568495500.0,2.85,550.349298245614,0.6901840490797673,4.447852760736197,8.382516818688359,87.93103448275858,1.724137931034752,False,17.03,False,False,False,False,False,False
1027,002533,金杯电工,C 制造业,腾讯前复权日K回退（成交额、换手率已提供）,False,2026-07-30,11.22,11.006,10.668,True,True,True,True,11.42,-1.7513134851138292,False,55.14468957597749,-0.03947740883310402,-0.19087339221144373,0.3027919667566794,True,False,False,False,2026-07-03,19.0,23.643972199473918,18.41727326514671,34.09737006812833,False,False,2026-07-20,8.0,True,132200.0,131651.4,1.0041670654470822,False,150113400.0,2.07,72.51855072463769,-1.058201058201047,2.3809523809523774,5.1743532058492825,70.3703703703703,0.0,False,13.97,False,False,False,False,False,False
1028,002534,西子洁能,C 制造业,腾讯前复权日K回退（成交额、换手率已提供）,False,2026-07-30,13.81,12.806000000000001,15.0825,True,False,False,True,18.6,-25.752688172043015,False,40.27451154725099,-1.571580001874601,-1.4751870857223546,-0.19278583230449264,False,True,False,False,,,9.389546755233194,7.400299127606215,13.368042010487153,True,False,2026-07-30,0.0,True,234484.0,128220.6,1.8287545059062271,True,313071100.0,2.84,110.23630281690141,10.039840637450204,10.039840637450197,-8.436930217139063,0.0,100.0,True,22.49,False,False,False,False,False,True
1029,002535,林州重机,C 制造业,腾讯前复权日K回退（成交额、换手率已提供）,False,2026-07-30,2.26,2.2,2.228,True,True,False,True,2.42,-6.61157024793389,False,48.5102152660987,-0.06452970636663657,-0.08913009170734923,0.04920077068142531,True,False,False,False,,,11.26552314385316,9.28949589593681,15.217577639685864,False,False,2026-07-27,3.0,True,146533.0,139174.0,1.0528762556224582,False,33381300.0,1.96,17.031275510204082,0.0,4.424778761061932,1.436265709156175,60.00000000000026,39.99999999999974,False,3.6,False,True,False,False,True,False
1030,002536,飞龙股份,C 制造业,腾讯前复权日K回退（成交额、换手率已提供）,False,2026-07-30,36.83,44.176,49.4365,False,False,False,False,58.79,-37.35329137608437,False,36.16914911092245,-1.1396174074181715,0.4858523262117016,-3.2509394672597463,False,True,False,False,,,49.75457236564447,60.425408974329805,28.41289914827381,False,False,,,False,278756.0,412962.0,0.6750161031765635,False,1061314100.0,5.12,207.28791015625,-9.995112414467267,9.726295210166187,-25.500389388407356,22.86432160804027,0.0,False,58.79,False,False,False,False,False,False
1031,002537,海联金汇,C 制造业,腾讯前复权日K回退（成交额、换手率已提供）,False,2026-07-30,5.8,5.577999999999999,5.4384999999999994,True,True,True,True,5.91,-1.8612521150592272,False,55.74569156092454,-0.03718344895691761,-0.11683012571794328,0.15929335352205135,True,False,False,False,2026-07-02,20.0,16.49487366149585,12.55450775900672,24.37560546647411,False,False,,,False,293313.0,298204.8,0.9835958374915494,False,170465200.0,2.51,67.91442231075698,1.3986013986013957,3.3216783216783132,6.64705341546383,42.10526315789488,57.89473684210511,False,7.58,False,False,False,False,False,False
1032,002538,ST司特,C 制造业,腾讯前复权日K回退（成交额、换手率已提供）,False,2026-07-30,6.38,6.324,6.159,True,True,True,True,6.54,-2.4464831804281366,False,59.11508394971318,0.060593437369914405,0.019340957552011092,0.08250495963580662,True,False,False,False,2026-07-23,5.0,42.73646619480877,35.96420357328623,56.28099143785386,False,False,,,False,68120.0,84896.8,0.8023859556543945,False,43602000.0,0.8,54.5025,0.3144654088050203,2.672955974842766,3.588244844942362,64.70588235294139,35.29411764705861,False,7.21,False,True,False,False,True,False
1033,002539,云图控股,C 制造业,腾讯前复权日K回退（成交额、换手率已提供）,False,2026-07-30,12.03,11.459999999999999,10.6905,True,True,True,True,11.87,1.3479359730412819,True,60.26243257312274,-0.02221613619105689,-0.2970246632985736,0.5496170542150334,True,False,False,False,2026-07-23,5.0,32.638562880935304,24.8722343057005,48.17122003140492,False,False,2026-07-21,7.0,True,332929.0,334058.4,0.996619154016184,False,398066200.0,3.74,106.43481283422459,2.035623409669207,4.071246819338426,12.529816191946114,31.250000000000043,68.74999999999996,False,15.43,False,False,False,False,False,False
1034,002540,亚太科技,C 制造业,腾讯前复权日K回退（成交额、换手率已提供）,False,2026-07-30,4.97,4.8180000000000005,4.763,True,True,True,True,5.05,-1.5841584158415856,False,55.59444736118235,-0.036133475163411255,-0.08888081732167169,0.10549468431652087,True,False,False,False,2026-07-02,20.0,14.55825628413055,10.692467302835498,22.289834246720655,False,False,2026-07-27,3.0,True,105755.0,146197.6,0.7233702878843428,False,52549900.0,1.23,42.72349593495935,0.6072874493926905,2.429149797570834,4.346000419903419,41.66666666666679,58.333333333333215,False,6.03,False,False,False,False,True,False
1035,002541,鸿路钢构,C 制造业,腾讯前复权日K回退（成交额、换手率已提供）,False,2026-07-30,20.18,20.048,19.901,True,True,True,False,22.75,-11.296703296703297,False,54.893396091966466,0.5814304536241615,0.6609254443414407,-0.15898998143455856,False,True,False,False,,,64.14681595971864,62.842273943437725,66.75589999228045,False,False,,,False,77932.0,86218.4,0.903890584840359,False,157918000.0,1.57,100.58471337579617,-1.943634596695809,4.178814382896013,1.4019396010250738,45.348837209302424,30.23255813953467,False,22.75,False,False,False,False,False,False
1036,002542,*ST中岩,E 建筑业,腾讯前复权日K回退（成交额、换手率已提供）,False,2026-07-30,1.6,1.612,1.4535,False,True,True,False,1.67,-4.191616766467057,False,58.39796538399469,0.05319077275321571,0.021633615778529566,0.06311431394937228,True,False,False,False,2026-07-03,19.0,20.722794422044853,19.659381468737596,22.849620328659363,False,False,,,False,320196.0,434293.6,0.73728003359939,False,51441800.0,1.82,28.264725274725276,-2.4390243902438935,4.878048780487796,10.079119367045069,37.49999999999983,37.50000000000011,False,1.91,False,True,False,False,False,False
1037,002543,万和电气,C 制造业,腾讯前复权日K回退（成交额、换手率已提供）,False,2026-07-30,6.72,6.4959999999999996,6.4925,True,True,True,True,6.91,-2.749638205499282,False,55.88165078033268,-0.04630425368132052,-0.09281064699575091,0.09301278662886078,True,False,False,False,2026-07-02,20.0,15.138875558685571,12.524920671595021,20.366785332866673,False,False,2026-07-29,1.0,True,50116.0,36264.6,1.38195375104096,False,33476500.0,0.76,44.04802631578947,1.81818181818183,2.575757575757575,3.504043126684637,11.764705882353217,88.23529411764677,True,8.19,False,False,False,False,False,False
1038,002544,普天科技,I 信息技术,腾讯前复权日K回退（成交额、换手率已提供）,False,2026-07-30,15.35,15.297999999999998,16.179499999999997,True,False,False,False,19.17,-19.926969222743878,False,37.56341822440966,-1.0445366383038515,-1.1815693832607244,0.2740654899137458,True,False,False,False,2026-07-27,3.0,6.161528554598285,5.502097849066242,7.480389965662372,False,False,2026-07-21,7.0,True,113794.0,102512.8,1.11004674538204,False,176631900.0,1.67,105.76760479041916,-1.9795657726692228,3.5121328224776547,-5.126858061126721,45.454545454545396,18.181818181818095,False,28.26,False,False,False,False,True,False
1039,002545,东方铁塔,C 制造业,腾讯前复权日K回退（成交额、换手率已提供）,False,2026-07-30,19.07,18.788000000000004,17.238000000000003,True,True,True,False,19.71,-3.247082699137496,False,57.940168699023666,0.1389862371397541,-0.3164011833097601,0.9107748408990284,True,False,False,False,2026-07-06,18.0,30.864027131639062,26.231194990090035,40.12969141473712,False,False,2026-07-21,7.0,True,258792.0,344721.6,0.7507275436178065,False,502293100.0,2.29,219.34196506550217,0.5801687763713037,5.95991561181434,10.627683025873052,72.56637168141602,27.43362831858398,False,26.45,False,True,False,False,True,False
1040,002546,新联电子,C 制造业,腾讯前复权日K回退（成交额、换手率已提供）,False,2026-07-30,8.3,8.335999999999999,7.8725,False,True,True,True,8.7,-4.597701149425271,False,55.46793675943691,0.22169562409874466,0.1670412762743451,0.10930869564879914,True,False,False,False,2026-07-23,5.0,53.874755131778095,46.35647567262391,68.91131405008646,False,False,,,False,374079.0,523682.6,0.7143239053579401,False,312213400.0,4.67,66.85511777301927,-2.6963657678780617,3.7514654161781777,5.430295331851396,53.12500000000022,25.00000000000014,False,8.9,False,True,False,False,False,False
1041,002547,*ST春兴,C 制造业,腾讯前复权日K回退（成交额、换手率已提供）,False,2026-07-30,2.43,2.2020000000000004,2.2515,True,True,False,True,2.75,-11.636363636363631,False,51.574972037340395,-0.16001510948057263,-0.21272851993021344,0.10542682089928163,True,False,False,False,2026-07-27,3.0,23.024565913088537,17.138122635944317,34.79745246737698,False,False,2026-07-23,5.0,True,90437.0,389580.0,0.23213974023307152,False,21976200.0,0.82,26.80024390243903,9.954751131221728,0.0,7.928047968021323,0.0,100.0,True,3.77,False,False,False,False,True,False
1042,002548,金新农,C 制造业,腾讯前复权日K回退（成交额、换手率已提供）,False,2026-07-30,3.76,3.7920000000000003,3.9810000000000003,False,False,False,False,4.48,-16.071428571428584,False,41.39134377212886,-0.06232701047317324,-0.03866313128121411,-0.047327758383918256,False,True,False,False,,,13.924505747137653,14.683152981403856,12.40721127860525,False,False,,,False,291369.0,236808.4,1.230399766224509,False,110966100.0,3.62,30.653618784530387,-1.0526315789473717,4.473684210526314,-5.5513690027631375,82.3529411764707,11.764705882352695,False,5.37,False,True,False,False,False,False
1043,002549,凯美特气,N 公共环保,腾讯前复权日K回退（成交额、换手率已提供）,False,2026-07-30,12.54,13.296000000000001,14.898,False,False,False,False,21.99,-42.97407912687585,False,35.36868965037007,-1.2978152269830865,-1.1647010397301976,-0.26622837450577785,False,True,False,False,,,10.579796553444105,11.718014848341902,8.30335996364851,False,True,,,False,346171.0,401347.4,0.8625220943252653,False,443740400.0,5.0,88.74808,-4.855842185128989,4.855842185128988,-15.827627869512689,25.0,1.5624999999999654,False,22.68,False,False,False,False,False,False
1044,002550,千红制药,C 制造业,腾讯前复权日K回退（成交额、换手率已提供）,False,2026-07-30,6.78,6.710000000000001,6.7965,True,False,False,True,7.4,-8.378378378378379,False,52.59466570735244,0.0770923827951302,0.1003428386415702,-0.04650091169288001,False,True,False,False,,,47.78621494656636,47.162477694689926,49.03368945031923,False,False,,,False,148803.0,187433.8,0.7938962983197267,False,101403100.0,1.58,64.17917721518987,-1.1661807580174988,3.206997084548114,-0.24277201500772072,36.363636363636296,27.27272727272742,False,7.4,False,True,False,False,False,False
1045,002551,尚荣医疗,C 制造业,腾讯前复权日K回退（成交额、换手率已提供）,False,2026-07-30,2.89,2.868,2.8575000000000004,True,True,True,True,3.08,-6.168831168831167,False,50.73621327974416,-0.012977830852741956,-0.027533578541486487,0.029111495377489062,True,False,False,False,,,23.764899452135577,21.60484362917477,28.085011098057187,False,False,,,False,126616.0,133145.8,0.9509575217543476,False,37027000.0,2.07,17.88743961352657,-0.6872852233676952,4.467353951890045,1.1373578302712073,61.53846153846143,23.076923076923208,False,3.64,False,False,False,False,True,False
1046,002552,宝鼎科技,C 制造业,腾讯前复权日K回退（成交额、换手率已提供）,False,2026-07-30,31.86,36.164,49.2775,False,False,False,False,70.99,-55.12043949852091,False,29.155378169747124,-6.45681069775118,-4.379005502248568,-4.155610391005224,False,True,False,False,,,32.6817630859378,38.141370583191815,21.762548091429778,False,False,,,False,199279.0,170498.8,1.1688000150147686,False,655338300.0,5.41,121.13462107208872,-9.514342516330586,12.326043737574551,-35.34574603013546,18.433179723502402,3.917050691244197,False,78.98,False,False,False,False,False,False
1047,002553,南方精工,C 制造业,腾讯前复权日K回退（成交额、换手率已提供）,False,2026-07-30,15.0,14.612,15.061999999999998,True,False,False,True,17.87,-16.06043648573028,False,44.45689686437181,-0.6768219274197165,-0.8478003829926501,0.34195691114586735,True,False,False,False,2026-07-23,5.0,8.079952570660755,6.26975801187309,11.700341688236085,False,False,2026-07-27,3.0,True,84962.0,55325.0,1.5356891098056937,False,128725700.0,3.32,38.77280120481928,0.2004008016031955,4.208416833667328,-0.41163192139156574,68.25396825396831,31.746031746031683,False,23.48,False,False,False,False,True,False
1048,002554,惠博普,B 采矿业,腾讯前复权日K回退（成交额、换手率已提供）,False,2026-07-30,2.78,2.7819999999999996,2.8735,False,False,False,False,3.15,-11.74603174603175,False,41.10377826391015,-0.0874770578997901,-0.09189983219850392,0.008845548597427644,True,False,False,False,2026-07-29,1.0,8.879377645725256,8.11094371881402,10.416245499547728,False,False,2026-07-20,8.0,True,225357.0,215969.4,1.0434672689742157,False,63106600.0,1.69,37.341183431952665,-1.067615658362997,4.62633451957295,-3.2538715851748785,46.15384615384623,30.769230769230482,False,3.73,False,False,False,False,True,False
1049,002555,三七互娱,I 信息技术,腾讯前复权日K回退（成交额、换手率已提供）,False,2026-07-30,19.28,18.688,18.773,True,True,False,True,20.06,-3.8883349950149437,False,54.55009601050387,-0.01102731120418099,-0.07341000578151706,0.12476538915467214,True,False,False,False,2026-07-29,1.0,30.648819600598443,26.19260652143811,39.561245758919114,False,False,,,False,631359.0,390192.6,1.618070153047495,False,1221392100.0,3.98,306.88243718592963,0.5213764337852034,3.5974973931178376,2.7006871570873137,59.42028985507237,40.57971014492763,False,22.1,False,False,False,False,True,False
1050,002556,辉隆股份,F 批发零售,腾讯前复权日K回退（成交额、换手率已提供）,False,2026-07-30,4.84,4.746,4.678,True,True,True,True,4.84,0.0,False,54.949026935497706,-0.024920266696443427,-0.06422360814335143,0.078606682893816,True,False,False,False,2026-07-03,19.0,15.93862285587754,13.900422513163823,20.015023541304974,False,False,,,False,95040.0,91587.4,1.0376973251779176,False,45921200.0,1.02,45.02078431372549,1.2552301255229992,2.3012552301255296,3.463018383924753,27.27272727272742,72.72727272727259,True,6.26,False,True,False,False,False,False
1051,002557,洽洽食品,C 制造业,腾讯前复权日K回退（成交额、换手率已提供）,False,2026-07-30,20.81,19.798000000000002,19.7125,True,True,True,True,20.93,-0.5733397037744912,False,60.19115725699688,0.11291587390989122,-0.03417639732066252,0.2941845424611075,True,False,False,False,2026-07-29,1.0,35.900460082458814,30.22463048412244,47.25211927913157,False,False,,,False,114178.0,80026.6,1.4267506054236965,False,237640800.00000003,2.26,105.15079646017702,0.4828585224529114,2.9937228392081168,5.567533291058973,46.77419354838746,53.22580645161254,False,22.8,False,False,False,False,True,False
1052,002558,巨人网络,I 信息技术,腾讯前复权日K回退（成交额、换手率已提供）,False,2026-07-30,27.68,25.618000000000002,27.7545,True,False,False,True,31.31,-11.593740019163205,False,51.72710380625636,-0.2773783650941084,-0.017603734986888643,-0.5195492602144395,False,True,False,False,,,25.50381806441801,23.66579201694705,29.179870159359922,True,False,,,False,1771120.0,997338.0,1.7758473055273136,False,5025691100.0,9.32,539.2372424892704,2.594514455151953,7.89473684210526,-0.2684249400998053,70.42253521126763,7.511737089201888,False,34.1,False,False,False,False,False,True
1053,002559,亚威股份,C 制造业,腾讯前复权日K回退（成交额、换手率已提供）,False,2026-07-30,8.51,8.878,10.5085,False,False,False,False,15.38,-44.66840052015605,False,34.66286937358825,-0.7447559545953002,-0.5239287798383082,-0.44165434951398397,False,True,False,False,,,7.602002093915775,10.838567290289438,1.1288717011684497,False,False,,,False,310367.0,285972.0,1.0853055543899404,False,268776300.0,6.16,43.63251623376623,-4.596412556053808,5.605381165919283,-19.017937859827757,25.9999999999998,14.000000000000057,False,15.38,False,False,False,False,True,False
1054,002560,通达股份,C 制造业,腾讯前复权日K回退（成交额、换手率已提供）,False,2026-07-30,5.99,6.029999999999999,6.266,False,False,False,True,7.78,-23.00771208226221,False,38.12406553592072,-0.5054993114610165,-0.6045085284099794,0.19801843389792584,True,False,False,False,2026-07-27,3.0,11.267929013708338,9.720997266597982,14.36179250792905,False,False,2026-07-23,5.0,True,358454.0,588032.0,0.6095824717022202,False,216848600.0,5.66,38.31247349823321,-2.4429967426709998,3.9087947882736196,-4.404723906798592,25.000000000000185,16.666666666666664,False,12.9,False,False,False,False,False,False
1055,002561,徐家汇,F 批发零售,腾讯前复权日K回退（成交额、换手率已提供）,False,2026-07-30,6.62,6.392,6.4015,True,True,False,True,6.81,-2.790014684287805,False,54.35723228075143,-0.07312373805492012,-0.12076864986331826,0.09528982361679628,True,False,False,False,2026-07-06,18.0,17.432623546511135,13.811045352063283,24.675779935406833,False,False,2026-07-29,1.0,True,60868.0,37896.2,1.6061768726151964,False,40289100.0,1.47,27.407551020408164,2.003081664098616,3.389830508474572,3.4132625165976678,27.272727272727128,72.72727272727288,True,8.19,False,False,False,False,False,False
1056,002562,兄弟科技,C 制造业,腾讯前复权日K回退（成交额、换手率已提供）,False,2026-07-30,4.39,4.314,4.331,True,True,False,True,4.6,-4.565217391304347,False,47.96162364207744,-0.08960765096605172,-0.12649572371579562,0.0737761454994878,True,False,False,False,2026-07-14,12.0,9.278973380223546,7.26803971712858,13.300840706413474,False,False,2026-07-28,2.0,True,163381.0,178403.4,0.9157953267706782,False,71971300.0,2.01,35.806616915422886,0.0,2.7334851936218705,1.3622719926113893,58.33333333333351,41.66666666666648,False,5.96,False,False,False,False,True,False
1057,002563,森马服饰,C 制造业,腾讯前复权日K回退（成交额、换手率已提供）,False,2026-07-30,6.36,5.9719999999999995,5.6775,True,True,True,True,6.19,2.746365105008076,True,72.82729210118318,0.15653454619494234,0.07747342462878623,0.1581222431323122,True,False,False,False,2026-07-27,3.0,87.35310058709918,76.17321668286587,109.7128683955658,False,False,,,False,307213.0,243504.6,1.2616311971108554,False,193395200.0,1.39,139.13323741007196,3.4146341463414664,5.0406504065040725,12.021136063408191,12.903225806451605,87.0967741935484,True,6.19,True,False,False,False,False,False
1058,002564,天沃科技,C 制造业,腾讯前复权日K回退（成交额、换手率已提供）,False,2026-07-30,4.33,4.258000000000001,4.2115,True,True,True,True,4.58,-5.458515283842795,False,49.17984905081151,-0.10513509484307892,-0.1671449239594686,0.12401965823277933,True,False,False,False,,,12.114996392746377,9.403432780001916,17.5381236182353,False,False,2026-07-23,5.0,True,137207.0,147165.4,0.9323319204106401,False,59965700.0,1.6,37.4785625,-0.45977011494251485,3.4482758620689737,2.813724326249556,73.33333333333337,13.333333333333611,False,6.48,False,False,False,False,True,False
1059,002565,顺灏股份,C 制造业,腾讯前复权日K回退（成交额、换手率已提供）,False,2026-07-30,8.11,8.556000000000001,9.6675,False,False,False,False,13.16,-38.37386018237083,False,26.83474325409773,-1.2068837739246945,-1.2537900996813756,0.09381265151336216,True,False,False,False,2026-07-27,3.0,4.629360706424227,5.3474224362716605,3.1932372467293604,False,True,,,False,405951.0,388766.0,1.0442039684540314,False,337162600.0,3.83,88.03201044386424,-3.90995260663507,5.924170616113744,-16.110680113783303,32.00000000000003,5.999999999999872,False,22.0,False,False,False,False,False,False
1060,002566,益盛药业,C 制造业,腾讯前复权日K回退（成交额、换手率已提供）,False,2026-07-30,6.52,6.4,6.2875,True,True,True,True,6.88,-5.232558139534889,False,52.825215077469146,-0.04335549734870803,-0.10616510997571,0.12561922525400396,True,False,False,False,2026-07-02,20.0,25.53109400405648,21.67501313510888,33.24325574195168,False,False,,,False,162280.0,183612.6,0.8838173415114213,False,106536400.0,7.0,15.219485714285714,-0.15313935681471325,4.44104134762634,3.697813121272365,65.51724137931016,31.034482758620634,False,8.34,False,True,False,False,False,False
1061,002567,唐人神,C 制造业,腾讯前复权日K回退（成交额、换手率已提供）,False,2026-07-30,3.58,3.5420000000000003,3.6099999999999994,True,False,False,False,3.86,-7.25388601036269,False,50.025798629069975,0.006771495362431157,0.01552287812637289,-0.017502765527883466,False,True,False,False,,,34.73587170454127,34.2812748450768,35.6450654234702,True,False,,,False,142440.0,141220.0,1.008639002974083,False,51354600.0,0.99,51.87333333333333,0.0,2.5139664804469235,-0.8310249307479047,77.77777777777773,22.22222222222228,False,4.27,False,True,False,False,True,False
1062,002568,百润股份,C 制造业,腾讯前复权日K回退（成交额、换手率已提供）,False,2026-07-30,19.77,18.496,17.756999999999998,True,True,True,True,19.59,0.9188361408882068,True,64.80147273032694,0.4180526571777001,0.2129068139256544,0.4102916865040915,True,False,False,False,2026-07-10,14.0,76.46425170588032,68.71245707504313,91.96784096755468,False,False,,,False,297030.0,129492.8,2.2937954851543867,True,585029100.0,3.9,150.00746153846154,0.9188361408882129,3.981623277182242,11.336374387565478,24.358974358974486,75.64102564102552,True,20.41,False,False,False,False,False,True
1063,002569,*ST步森,C 制造业,腾讯前复权日K回退（成交额、换手率已提供）,False,2026-07-30,12.81,13.898,14.0835,False,False,False,False,16.47,-22.222222222222214,False,37.573100338944066,-0.40986625264125465,-0.43574844970468557,0.051764394126861846,True,False,False,False,2026-07-27,3.0,23.65513381051611,25.459450309705954,20.046500812136422,False,True,,,False,5607.0,9493.8,0.5905959678948367,False,7182600.0,0.4,17.9565,-9.978917779339424,0.0,-9.042496538502505,0.0,100.0,True,18.12,False,False,False,False,False,False
1064,002570,贝因美,C 制造业,腾讯前复权日K回退（成交额、换手率已提供）,False,2026-07-30,4.31,4.142,4.089499999999999,True,True,True,True,4.34,-0.6912442396313422,False,54.125396127513795,-0.06976655194680159,-0.12538023281208494,0.11122736173056669,True,False,False,False,2026-07-14,12.0,15.90380579437415,12.265627558912305,23.18016226529784,False,False,2026-07-28,2.0,True,467954.0,238631.8,1.960987596791375,True,203472900.0,4.33,46.99143187066974,0.7009345794392274,4.906542056074765,5.391857195256153,57.14285714285721,42.8571428571428,False,5.97,False,False,False,False,True,False
1065,002571,德力股份,C 制造业,腾讯前复权日K回退（成交额、换手率已提供）,False,2026-07-30,10.24,10.412,10.256499999999999,False,False,True,False,11.3,-9.380530973451332,False,45.349020818787494,-0.15706194412242347,-0.23379998744944905,0.15347608665405116,True,False,False,False,2026-07-14,12.0,26.333876110213165,24.589977060504168,29.821674209631155,False,False,2026-07-22,6.0,True,52137.0,48750.8,1.0694593729743922,False,54090300.0,1.75,30.908742857142858,-1.538461538461544,3.749999999999988,-0.1608735923560557,48.71794871794874,7.692307692307552,False,13.4,False,True,False,False,True,False
1066,002572,索菲亚,C 制造业,腾讯前复权日K回退（成交额、换手率已提供）,False,2026-07-30,8.98,8.308000000000002,8.0055,True,True,True,True,8.75,2.6285714285714334,True,65.91338939943827,0.03815402330626583,-0.10989291686305462,0.2960938803386409,True,False,False,False,,,24.0430260684976,18.583046579015612,34.96298504746158,False,False,2026-07-28,2.0,True,196611.0,126462.2,1.5547017211467142,False,174347100.0,3.02,57.73082781456954,4.176334106728552,5.4524361948956,12.172881144213363,2.1276595744680367,97.87234042553197,True,11.7,False,False,False,False,False,False
1067,002573,清新环境,N 公共环保,腾讯前复权日K回退（成交额、换手率已提供）,False,2026-07-30,3.19,3.162,3.137,True,True,True,True,3.27,-2.4464831804281366,False,53.05249130227329,-0.003045352442058391,-0.017103712611916514,0.028116720339716246,True,False,False,False,2026-07-03,19.0,26.216570928819397,23.835058848408867,30.979595089640462,False,False,,,False,89405.0,85855.8,1.0413390825081124,False,28593000.0,0.63,45.385714285714286,0.0,2.194357366771155,1.689512272872169,57.14285714285733,42.85714285714268,False,3.8,False,False,False,False,True,False
1068,002574,明牌珠宝,C 制造业,腾讯前复权日K回退（成交额、换手率已提供）,False,2026-07-30,4.37,4.27,4.246,True,True,True,True,4.5,-2.8888888888888866,False,51.48791008895767,-0.06635128007636215,-0.10954389562022328,0.08638523108772225,True,False,False,False,2026-07-06,18.0,16.13254136485874,12.869265984579911,22.659092125416393,False,False,2026-07-27,3.0,True,78295.0,70791.0,1.1060021754177791,False,34484000.0,1.48,23.3,0.0,3.432494279176189,2.920395666509648,66.66666666666666,33.33333333333333,False,5.89,False,False,False,False,True,False
1069,002575,群兴玩具,F 批发零售,腾讯前复权日K回退（成交额、换手率已提供）,False,2026-07-30,4.86,4.767999999999999,4.749,True,True,True,False,5.98,-18.729096989966557,False,45.957420465822146,-0.22334959552570055,-0.2994608829194826,0.15222257478756407,True,False,False,False,2026-07-22,6.0,14.115965486701441,12.365881490182284,17.616133479739755,False,False,2026-07-21,7.0,True,373247.0,553992.0,0.6737407760400872,False,180056400.0,6.39,28.177840375586857,0.20618556701033075,4.536082474226799,2.337334175615933,31.81818181818158,68.18181818181841,False,8.16,False,True,False,False,True,False
1070,002576,通达动力,C 制造业,腾讯前复权日K回退（成交额、换手率已提供）,False,2026-07-30,13.9,13.63,13.6775,True,True,False,True,15.82,-12.13653603034134,False,47.916170720975664,-0.44211903585436474,-0.635190494500581,0.38614291729243244,True,False,False,False,2026-07-23,5.0,17.035835497117763,13.23615495443084,24.635196582491613,False,False,2026-07-23,5.0,True,34570.0,32955.2,1.0489998543477206,False,48763400.0,2.13,22.89361502347418,-1.278409090909094,3.125000000000009,1.6267592761835141,74.9999999999998,6.818181818182056,False,20.27,False,False,False,False,True,False
1071,002577,雷柏科技,C 制造业,腾讯前复权日K回退（成交额、换手率已提供）,False,2026-07-30,17.6,17.607999999999997,17.741000000000003,False,False,False,True,19.92,-11.646586345381527,False,49.074820582422724,-0.20159859335426233,-0.29954061725073516,0.19588404779294566,True,False,False,False,2026-07-29,1.0,55.0074051049092,49.29040073649001,66.4414138417476,False,False,,,False,64359.0,45672.2,1.4091504241091957,False,115666600.0,2.29,50.509432314410475,-6.233351092168348,6.8726691529035655,-0.7947691787385253,20.930232558139515,9.302325581395433,False,20.12,False,True,False,False,True,False
1072,002578,闽发铝业,C 制造业,腾讯前复权日K回退（成交额、换手率已提供）,False,2026-07-30,2.92,2.874,2.933,True,False,False,False,3.29,-11.246200607902738,False,42.7898853493648,-0.13833927933652435,-0.17365558032974499,0.07063260198644128,True,False,False,False,2026-07-15,11.0,11.801769488127064,9.84673916149798,15.711830141385231,False,False,2026-07-21,7.0,True,212128.0,246922.6,0.8590870175512488,False,62647500.0,2.46,25.46646341463415,-1.016949152542379,4.067796610169495,-0.4432321854756189,74.99999999999982,16.666666666666664,False,4.3,False,True,False,False,False,False
1073,002579,中京电子,C 制造业,腾讯前复权日K回退（成交额、换手率已提供）,False,2026-07-30,10.56,11.698,14.282500000000002,False,False,False,False,20.8,-49.230769230769226,False,31.062690593069817,-1.760884916136753,-1.4533314651618998,-0.6151069019497064,False,True,False,False,,,10.990692996442503,14.589563488226093,3.792952012875322,False,False,,,False,581276.0,729552.4,0.796757025266451,False,633843600.0,9.96,63.6389156626506,-8.571428571428575,9.090909090909097,-26.063364256957826,13.333333333333378,5.714285714285758,False,23.4,False,False,False,False,False,False
1074,002580,圣阳股份,C 制造业,腾讯前复权日K回退（成交额、换手率已提供）,False,2026-07-30,19.36,17.419999999999998,17.2425,True,True,True,True,22.18,-12.714156898106404,False,54.38014609709666,-0.9622274149531336,-1.4735223885632363,1.0225899472202054,True,False,False,False,2026-07-27,3.0,20.70676576264841,17.68892636007293,26.742444567799367,False,False,2026-07-27,3.0,True,1382332.0,614019.0,2.2512853836770526,True,2614184600.0,30.56,85.54268979057592,4.030091348737241,11.445459430413752,12.280701754385962,24.413145539906093,75.58685446009392,True,36.46,False,False,False,False,False,True
1075,002581,*ST未名,C 制造业,腾讯前复权日K回退（成交额、换手率已提供）,False,2026-07-30,3.3,3.3300000000000005,3.436,False,False,False,False,4.17,-20.863309352517987,False,42.72428844064503,-0.12091208493947336,-0.14076730028351303,0.039710430688079335,True,False,False,False,,,6.369385296596075,6.618238719673552,5.871678450441122,False,True,,,False,51679.0,39333.4,1.3138706544565177,False,17505800.0,1.29,13.570387596899224,-4.624277456647407,5.491329479768785,-3.9580908032596076,10.526315789473696,5.2631578947367315,False,6.41,False,False,False,False,True,False
1076,002582,好想你,C 制造业,腾讯前复权日K回退（成交额、换手率已提供）,False,2026-07-30,10.09,9.584,9.198,True,True,True,True,10.33,-2.3233301064859653,False,59.53207596299885,0.11504354059087696,-0.03632461116795947,0.3027363035176729,True,False,False,False,2026-07-02,20.0,34.13320174450367,27.036451181160228,48.326702871190555,False,False,,,False,561461.0,306801.2,1.8300482527447741,True,577745100.0,16.31,35.42275291232373,-2.3233301064859657,8.034849951597291,9.697760382691884,75.90361445783141,24.096385542168587,False,12.36,False,True,False,False,True,False
1077,002583,海能达,C 制造业,腾讯前复权日K回退（成交额、换手率已提供）,False,2026-07-30,8.08,7.948,7.949499999999999,True,True,False,True,8.42,-4.038004750593823,False,49.337943795703666,-0.12189760876625222,-0.18333103577551776,0.12286685401853109,True,False,False,False,2026-07-09,15.0,11.941993644332745,10.001478309078543,15.823024314841149,False,False,2026-07-28,2.0,True,225528.0,204004.4,1.105505567526975,False,183624000.0,1.76,104.33181818181818,-0.24691358024691024,2.592592592592603,1.6416126800427877,76.19047619047595,23.809523809524052,False,10.29,False,True,False,False,True,False
1078,002584,西陇科学,C 制造业,腾讯前复权日K回退（成交额、换手率已提供）,False,2026-07-30,6.98,7.156000000000001,8.0315,False,False,False,False,11.0,-36.54545454545454,False,37.53706768321132,-0.498636710861458,-0.40418922954409064,-0.1888949626347347,False,True,False,False,,,16.3528995114934,16.871384610357453,15.315929313765295,False,True,,,False,363613.0,381981.4,0.9519128418294712,False,257814300.0,7.76,33.22349226804124,-4.120879120879117,4.532967032967021,-13.092199464608095,21.212121212121083,12.121212121212162,False,11.75,False,False,False,False,True,False
1079,002585,双星新材,C 制造业,腾讯前复权日K回退（成交额、换手率已提供）,False,2026-07-30,8.66,7.968000000000001,8.9825,True,False,False,True,12.16,-28.782894736842106,False,44.36755546251879,-0.9254149601438915,-0.9262488764087106,0.0016678325296382024,True,False,True,False,,,19.09981112994366,18.096472227423586,21.10648893498381,True,False,,,False,1282134.0,486777.2,2.6339236923997262,True,1088433900.0,14.46,75.27205394190871,10.038119440914862,9.656925031766198,-3.590314500417476,0.0,100.0,True,15.35,False,False,False,False,True,True
1080,002586,ST围海,E 建筑业,腾讯前复权日K回退（成交额、换手率已提供）,False,2026-07-30,3.42,3.5200000000000005,3.649,False,False,False,False,4.16,-17.78846153846154,False,39.193652803150734,-0.10360557824047145,-0.10056241454472736,-0.006086327391488178,False,True,False,True,2026-07-29,1.0,9.034951001549812,10.276816407244548,6.55122019016034,False,False,,,False,30730.0,29417.4,1.0446198508365796,False,10589400.0,0.28,37.81928571428571,-3.116147308781869,4.249291784702548,-6.275691970402852,0.0,26.666666666666707,False,4.75,False,True,False,False,False,False
1081,002587,奥拓电子,C 制造业,腾讯前复权日K回退（成交额、换手率已提供）,False,2026-07-30,5.25,5.19,5.526,True,False,False,True,7.44,-29.435483870967744,False,37.84553828549623,-0.4045024465065703,-0.43099151002152025,0.0529781270298999,True,False,False,False,2026-07-29,1.0,12.10531555592732,10.19009370178838,15.935759264205199,False,False,2026-07-27,3.0,True,148910.0,144861.6,1.0279466746190846,False,78668100.0,2.8,28.09575,-1.1299435028248483,2.8248587570621537,-4.994571118349617,66.66666666666686,26.66666666666663,False,7.88,False,True,False,False,False,False
1082,002588,史丹利,C 制造业,腾讯前复权日K回退（成交额、换手率已提供）,False,2026-07-30,9.02,8.713999999999999,8.461500000000001,True,True,True,True,8.9,1.3483146067415641,True,61.47657102305776,0.057539064242389415,-0.02920978957276521,0.17349770763030925,True,False,False,False,2026-07-02,20.0,22.845295071561026,19.256781689492538,30.022321835698,False,False,,,False,134841.0,121544.4,1.109397059839861,False,120974100.0,1.57,77.05356687898089,2.036199095022617,2.714932126696815,6.600484547657018,8.33333333333321,91.66666666666679,True,10.77,False,False,False,False,False,False
1083,002589,瑞康医药,F 批发零售,腾讯前复权日K回退（成交额、换手率已提供）,False,2026-07-30,2.71,2.7020000000000004,2.6900000000000004,True,True,True,False,2.89,-6.22837370242215,False,50.55696014535693,0.0039727522956836125,-0.004269295654458347,0.01648409590028392,True,False,False,False,2026-07-02,20.0,21.272831799373723,20.97587496419727,21.86674546972663,False,False,,,False,302672.0,281592.4,1.074858554421213,False,82863700.00000001,2.22,37.325990990990995,-1.0948905109489093,4.014598540145981,0.7434944237918055,63.636363636363555,18.18181818181822,False,3.21,False,True,False,False,True,False
1084,002590,万安科技,C 制造业,腾讯前复权日K回退（成交额、换手率已提供）,False,2026-07-30,9.2,8.992,9.25,True,False,False,True,10.58,-13.043478260869573,False,42.723812538637944,-0.42287598606217713,-0.5188390822541105,0.19192619238386666,True,False,False,False,2026-07-27,3.0,10.22302722072497,7.657040204837838,15.355001252499235,False,False,2026-07-23,5.0,True,71333.0,53694.4,1.3284998063112727,False,65836800.0,1.44,45.72,0.2178649237472685,3.376906318082775,-0.5405405405405482,54.83870967741956,45.16129032258044,False,13.76,False,True,False,False,True,False
1085,002591,恒大高新,C 制造业,腾讯前复权日K回退（成交额、换手率已提供）,False,2026-07-30,5.63,5.594,5.851,True,False,False,True,6.65,-15.33834586466166,False,39.09726416864874,-0.3207558302001985,-0.36801981320046995,0.09452796600054292,True,False,False,False,2026-07-28,2.0,14.272983646549209,12.304293293810725,18.21036435202618,False,False,2026-07-21,7.0,True,105774.0,100994.0,1.0473295443293662,False,60544600.0,4.73,12.80012684989429,-1.9163763066202155,4.703832752613233,-3.7771321141685195,44.44444444444422,18.51851851851848,False,9.5,False,False,False,False,False,False
1086,002592,ST八菱,C 制造业,腾讯前复权日K回退（成交额、换手率已提供）,False,2026-07-30,5.98,5.816000000000001,5.985,True,False,False,True,6.87,-12.954876273653563,False,47.750912862876675,-0.1884554308275126,-0.2378014417450851,0.09869202183514503,True,False,False,False,2026-07-28,2.0,13.715455444667578,10.636788420332927,19.87278949333688,False,False,2026-07-23,5.0,True,32250.0,23890.2,1.3499259110430217,False,19475000.0,1.23,15.833333333333332,-0.9933774834437026,4.470198675496682,-0.08354218880534492,48.14814814814818,25.925925925926073,False,8.25,False,False,False,False,False,False
1087,002593,日上集团,C 制造业,腾讯前复权日K回退（成交额、换手率已提供）,False,2026-07-30,4.24,4.183999999999999,4.1415,True,True,True,True,4.47,-5.145413870246076,False,51.19006074134924,-0.03279746667168748,-0.06705996710955058,0.06852500087572619,True,False,False,False,2026-07-03,19.0,20.62102139384837,18.140352673306534,25.582358834932045,False,False,2026-07-27,3.0,True,118726.0,120980.8,0.9813623318741486,False,50676200.0,2.12,23.9038679245283,-0.46948356807510194,2.5821596244131535,2.3783653265725095,72.72727272727259,27.27272727272742,False,5.38,False,True,False,False,False,False
1088,002594,比亚迪,C 制造业,腾讯前复权日K回退（成交额、换手率已提供）,False,2026-07-30,96.2,93.73800000000001,91.23,True,True,True,True,96.8,-0.6198347107437958,False,62.967627389247326,1.5794958781083608,0.9934619554595385,1.1720678452976445,True,False,False,False,2026-07-03,19.0,48.939810281895824,45.83292933174795,55.15357218219157,False,False,,,False,480361.0,344970.4,1.3924701945442275,False,4604080500.0,1.38,3336.2902173913044,1.423299947285206,2.0137058513442243,5.447769374109392,24.08376963350757,75.91623036649243,True,101.89,False,False,False,False,True,False
1089,002595,豪迈科技,C 制造业,腾讯前复权日K回退（成交额、换手率已提供）,False,2026-07-30,52.8,49.724000000000004,47.7515,True,True,True,True,50.59,4.368452263293128,True,65.63541281417666,0.2954681691554839,-0.4019338785163248,1.3948040953436174,True,False,False,False,2026-07-03,19.0,26.478467134884237,21.51408313615943,36.407235132333845,False,False,,,False,99477.0,53571.6,1.8568980579262147,True,513672400.0,0.86,597.2934883720931,6.9475389912902585,9.51995138748227,10.572442750489508,21.276595744680872,78.72340425531912,True,62.21,False,False,False,False,False,False
1090,002596,海南瑞泽,C 制造业,腾讯前复权日K回退（成交额、换手率已提供）,False,2026-07-30,3.0,2.984,2.8594999999999997,True,True,True,True,3.29,-8.814589665653497,False,50.53255190638343,-0.05718236996070525,-0.11478079286142572,0.11519684580144093,True,False,False,False,2026-07-15,11.0,27.075191980170583,22.99320901313338,35.239157914244984,False,False,,,False,233972.0,379334.6,0.6167958314374697,False,71278500.0,2.04,34.94044117647059,-1.6393442622950727,3.934426229508186,4.9134464067144705,58.33333333333336,8.33333333333318,False,4.18,False,False,False,False,True,False
1091,002597,金禾实业,C 制造业,腾讯前复权日K回退（成交额、换手率已提供）,False,2026-07-30,21.43,20.054,19.808500000000002,True,True,True,True,21.54,-0.5106778087279453,False,59.390855048429636,-0.06592052531560455,-0.29554493577564955,0.45924882092009,True,False,False,False,2026-07-29,1.0,32.46006450758572,21.76051768099555,53.859158160766064,False,False,2026-07-28,2.0,True,150149.0,83999.6,1.7874966071267004,False,325641400.0,2.65,122.88354716981132,-0.510677808727944,4.224698235840298,8.18587979907614,52.74725274725278,35.16483516483519,False,24.74,False,False,False,False,False,True
1092,002598,ST章鼓,C 制造业,腾讯前复权日K回退（成交额、换手率已提供）,False,2026-07-30,6.36,6.308,6.4864999999999995,True,False,False,True,7.02,-9.401709401709391,False,44.77734130121395,-0.15199529291672675,-0.17373748419242846,0.04348438255140341,True,False,False,False,2026-07-28,2.0,10.797249382585662,9.452200109706105,13.487347928344775,False,False,2026-07-28,2.0,True,30030.0,28449.4,1.055558289454259,False,19150000.0,1.05,18.238095238095237,-0.6249999999999978,1.8750000000000018,-1.9502042704077576,50.00000000000037,33.33333333333333,False,8.35,False,True,False,False,False,False
1093,002599,盛通股份,C 制造业,腾讯前复权日K回退（成交额、换手率已提供）,False,2026-07-30,5.88,5.922000000000001,5.6645,False,True,True,False,6.16,-4.545454545454549,False,53.92996530867876,0.07659686596145132,0.02021164860026119,0.11277043472238027,True,False,False,False,2026-07-03,19.0,37.582774446558666,36.684234749584846,39.379853840506314,False,False,,,False,105506.0,103303.6,1.0213196829539337,False,63007900.0,2.55,24.708980392156864,-1.8363939899833093,4.173622704507513,3.8043957983934957,39.99999999999986,12.0000000000001,False,7.71,False,False,False,False,True,False
1094,002600,领益智造,C 制造业,腾讯前复权日K回退（成交额、换手率已提供）,False,2026-07-30,12.21,12.192,13.4265,True,False,False,True,18.46,-33.856988082340195,False,38.99174732824877,-0.9439697776491123,-0.9035417526397259,-0.08085605001877272,False,True,False,False,,,15.446562584440544,15.266227533012172,15.80723268729729,False,False,2026-07-29,1.0,True,1216735.0,960815.2,1.2663569435620918,False,1489981500.0,1.69,881.6458579881657,-0.16353229762877675,2.616516762060509,-9.060440174282201,59.37499999999979,40.625000000000206,False,18.54,False,False,False,False,True,False
1095,002601,龙佰集团,C 制造业,腾讯前复权日K回退（成交额、换手率已提供）,False,2026-07-30,16.78,16.588,16.2475,True,True,True,False,17.58,-4.550625711035251,False,56.34981660067563,0.1495261816295077,0.08695926608624205,0.1251338310865313,True,False,False,False,2026-07-22,6.0,59.04400898527794,51.09795556338954,74.93611582905474,False,False,,,False,183649.0,181521.0,1.011723161507484,False,304604100.0,0.92,331.09141304347827,0.6598680263947276,2.759448110377929,3.2774272965071702,2.173913043477824,97.82608695652218,True,18.19,False,False,False,False,False,False
1096,002602,世纪华通,I 信息技术,腾讯前复权日K回退（成交额、换手率已提供）,False,2026-07-30,13.19,12.854000000000003,13.463,True,False,False,True,15.05,-12.35880398671097,False,47.312283338927124,-0.3148920786347791,-0.3139770406893803,-0.0018300758907975334,False,True,False,False,,,16.74995455483762,13.748477273952515,22.752909116607828,False,False,,,False,1654955.0,1496707.0,1.1057307809744994,False,2226390800.0,2.43,916.2102057613168,-2.656826568265691,6.199261992619925,-2.027779841045827,57.14285714285721,11.904761904761864,False,16.49,False,False,False,False,False,True
1097,002603,以岭药业,C 制造业,腾讯前复权日K回退（成交额、换手率已提供）,False,2026-07-30,16.63,16.618000000000002,16.493000000000002,True,True,True,False,17.8,-6.573033707865178,False,53.28989423724321,0.314587132171642,0.36675624409080615,-0.10433822383832825,False,True,False,False,,,69.35807754031745,71.61166634581005,64.85089992933226,False,False,,,False,274432.0,236260.0,1.1615677643274358,False,456214300.0,1.99,229.25341708542715,-0.5382775119617267,2.8708133971291896,0.830655429576165,54.16666666666694,45.83333333333305,False,17.8,False,True,False,False,True,False
1098,002605,姚记科技,I 信息技术,腾讯前复权日K回退（成交额、换手率已提供）,False,2026-07-30,17.98,17.232000000000003,18.87,True,False,False,True,20.95,-14.176610978520282,False,45.915311878321106,-0.4694742942472985,-0.27526049896348886,-0.3884275905676192,False,True,False,False,,,20.15155172034366,15.793022022741098,28.868611115548788,True,False,,,False,130401.0,96968.2,1.3447810725578075,False,237862500.0,3.86,61.62240932642487,1.1248593925759165,5.511811023622049,-4.716481187069426,71.42857142857133,28.571428571428676,False,20.95,False,False,False,False,True,False
1099,002606,大连电瓷,C 制造业,腾讯前复权日K回退（成交额、换手率已提供）,False,2026-07-30,14.74,14.158000000000001,13.3465,True,True,True,True,14.8,-0.4054054054054087,False,59.20519860454148,0.11441906615926101,-0.12261491938262897,0.47406797108377996,True,False,False,False,2026-07-23,5.0,47.98641807259168,42.02583895943261,59.90757629890983,False,False,,,False,527469.0,443154.4,1.1902600989632506,False,771430800.0,12.52,61.6158785942492,0.5457025920873049,6.139154160982267,10.440939572172475,34.444444444444485,65.55555555555551,False,18.09,False,True,False,True,True,False
1100,002607,中公教育,P 教育,腾讯前复权日K回退（成交额、换手率已提供）,False,2026-07-30,2.03,1.9100000000000001,1.8915,True,True,True,True,2.29,-11.353711790393023,False,56.18007326552379,-0.027399883306835182,-0.06493717909919654,0.07507459158472271,True,False,False,False,2026-07-23,5.0,24.302386829093354,16.677348953382054,39.55246258051596,False,False,2026-07-23,5.0,True,4550358.0,1986676.2,2.2904376666917337,True,942960000.0,8.21,114.85505481120583,-2.4038461538461675,7.211538461538456,7.3222310335712315,66.66666666666676,33.333333333333236,False,2.79,False,True,False,False,False,True
1101,002608,江苏国信,D 水电煤气,腾讯前复权日K回退（成交额、换手率已提供）,False,2026-07-30,7.34,7.1899999999999995,7.0005,True,True,True,False,7.58,-3.166226912928763,False,51.35204945060355,-0.09322332753436502,-0.18578616791576041,0.1851256807627908,True,False,False,False,2026-07-15,11.0,16.482376337026178,15.254646360661427,18.937836289755676,False,False,,,False,211421.0,280538.2,0.7536264223553156,False,154487100.0,0.56,275.8698214285714,0.5479452054794498,1.6438356164383578,4.849653596171704,16.666666666667037,83.33333333333296,True,11.0,False,False,False,False,True,False
1102,002609,捷顺科技,I 信息技术,腾讯前复权日K回退（成交额、换手率已提供）,False,2026-07-30,7.45,7.4159999999999995,7.325500000000001,True,True,True,True,7.76,-3.994845360824737,False,50.73712701257813,-0.04019302508294409,-0.08391852566265029,0.0874510011594124,True,False,False,False,2026-07-16,10.0,23.60035989204404,19.947437647374453,30.906204381383212,False,False,,,False,50763.0,47184.0,1.075851983723296,False,38313900.0,1.11,34.51702702702703,-1.1936339522546358,2.6525198938991945,1.6995426933315048,65.00000000000018,4.999999999999911,False,8.79,False,False,False,True,False,False
1103,002611,东方精工,C 制造业,腾讯前复权日K回退（成交额、换手率已提供）,False,2026-07-30,15.69,15.162,15.6645,True,True,False,True,18.39,-14.681892332789564,False,48.252200935190245,-0.6152481907463407,-0.7644069760487062,0.29831757060473096,True,False,False,False,2026-07-29,1.0,25.969714073490067,19.90475197621527,38.09963826803966,False,False,2026-07-23,5.0,True,400649.0,340226.8,1.1775938873716003,False,634667900.0,3.99,159.0646365914787,-1.5683814303638632,2.7603513174403984,0.16278847074594904,84.09090909090901,9.090909090908909,False,20.77,False,True,True,False,True,False
1104,002612,朗姿股份,C 制造业,腾讯前复权日K回退（成交额、换手率已提供）,False,2026-07-30,15.6,13.448000000000002,12.016,True,True,True,True,14.5,7.5862068965517215,True,77.58130345675178,0.46346031426605805,0.011025627840060032,0.9048693728519961,True,False,False,False,,,53.501308635520644,36.68226645621062,87.13939299414069,False,False,,,False,363188.0,139909.4,2.595879905138611,True,553308700.0,14.27,38.77426068675543,9.704641350210963,10.829817158931089,29.826897470039942,2.597402597402656,97.40259740259735,True,15.8,True,False,False,False,False,True
1105,002613,北玻股份,C 制造业,腾讯前复权日K回退（成交额、换手率已提供）,False,2026-07-30,3.18,3.134,3.2105000000000006,True,False,False,True,3.82,-16.753926701570673,False,40.435526012200185,-0.24879253949712998,-0.29949218367342295,0.10139928835258594,True,False,False,False,2026-07-24,4.0,8.96103606193695,7.261613491894859,12.35988120202113,False,False,2026-07-23,5.0,True,239757.0,270865.4,0.8851518134099076,False,76954000.0,3.1,24.823870967741932,-0.9345794392523255,2.8037383177570048,-0.9500077869490862,55.55555555555544,22.22222222222228,False,5.65,False,False,False,False,False,False
1106,002614,奥佳华,C 制造业,腾讯前复权日K回退（成交额、换手率已提供）,False,2026-07-30,4.68,4.593999999999999,4.587000000000001,True,True,True,True,4.84,-3.305785123966945,False,51.77656355277813,-0.04060221868825664,-0.07134109445260772,0.06147775152870216,True,False,False,False,2026-07-02,20.0,15.221964459747982,12.86235880609936,19.941175767045227,False,False,2026-07-28,2.0,True,63355.0,60385.8,1.0491705003494198,False,29744699.999999996,1.44,20.656041666666663,0.21413276231263545,2.3554603854389793,2.0274689339437337,63.63636363636371,36.363636363636296,False,5.69,False,True,False,False,True,False
1107,002615,哈尔斯,C 制造业,腾讯前复权日K回退（成交额、换手率已提供）,False,2026-07-30,6.29,6.286,6.7545,True,False,False,False,8.28,-24.033816425120765,False,39.60592873879624,-0.2763067287227221,-0.26587366244906296,-0.020866132547318283,False,True,False,False,,,8.4590366685226,8.888712478421871,7.599685048724059,False,False,,,False,81314.0,75296.6,1.079915959020726,False,51774000.0,2.69,19.246840148698887,-1.8720748829953227,3.9001560062402496,-6.876896883559111,35.99999999999994,16.000000000000014,False,9.05,False,False,False,False,True,False
1108,002616,长青集团,N 公共环保,腾讯前复权日K回退（成交额、换手率已提供）,False,2026-07-30,4.67,4.65,4.6725,True,False,False,False,4.84,-3.5123966942148748,False,46.72961727264008,-0.05165838111595189,-0.07497487895775332,0.04663299568360285,True,False,False,False,2026-07-03,19.0,14.403235859907424,14.50579957295271,14.198108433816849,False,False,,,False,82615.0,100225.2,0.8242936906087491,False,38766400.0,1.41,27.49390070921986,-1.0593220338983023,2.754237288135591,-0.05350454788657871,53.84615384615342,30.76923076923082,False,6.13,False,True,False,False,False,False
1109,002617,露笑科技,C 制造业,腾讯前复权日K回退（成交额、换手率已提供）,False,2026-07-30,5.97,5.92,7.087999999999999,True,False,False,False,9.94,-39.93963782696177,False,33.769961766822306,-0.8240953769490504,-0.7739822174990728,-0.10022631889995526,False,True,False,False,,,7.27279532482883,7.321942606384312,7.174500761717866,False,False,,,False,843006.0,849390.2,0.9924837842489824,False,505064800.00000006,4.49,112.48659242761694,-1.3223140495867813,2.9752066115702434,-15.773137697516923,61.111111111111384,38.888888888888616,False,10.87,False,True,False,False,True,False
1110,002620,*ST瑞和,E 建筑业,腾讯前复权日K回退（成交额、换手率已提供）,False,2026-07-30,4.3,4.35,4.801,False,False,False,False,6.1,-29.508196721311474,False,33.913557886292224,-0.4268400959706842,-0.46185533044172034,0.07003046894207232,True,False,False,False,2026-07-28,2.0,6.3041478973162794,5.83804702544543,7.236349641057977,False,False,2026-07-27,3.0,True,77168.0,69433.4,1.111395956412908,False,33653500.0,2.44,13.792418032786887,-3.1531531531531654,5.40540540540541,-10.435325973755475,20.83333333333324,16.666666666666664,False,10.89,False,False,False,False,True,False
1111,002622,皓宸医疗,Q 卫生,腾讯前复权日K回退（成交额、换手率已提供）,False,2026-07-30,2.19,2.118,2.117,True,True,True,True,2.35,-6.808510638297878,False,51.888800766917285,-0.0362021059406894,-0.05967325435382649,0.04694229682627418,True,False,False,False,2026-07-27,3.0,27.44508444548875,22.23391465667672,37.86742402311281,False,False,2026-07-27,3.0,True,266182.0,356049.0,0.7475993472808518,False,58932800.0,3.17,18.590788643533124,-1.3513513513513598,5.855855855855851,3.4482758620689635,61.5384615384613,30.76923076923082,False,2.9,False,True,False,False,True,False
1112,002623,亚玛顿,C 制造业,腾讯前复权日K回退（成交额、换手率已提供）,False,2026-07-30,14.55,14.38,14.730500000000001,True,False,False,True,17.2,-15.406976744186037,False,44.62676520830969,-0.6675212262122372,-0.853932305231185,0.37282215803789565,True,False,False,False,2026-07-24,4.0,14.158102158996229,11.758872146299964,18.95656218438876,False,False,2026-07-22,6.0,True,33500.0,39384.8,0.8505819503971075,False,49459000.0,1.74,28.42471264367816,-1.2219959266802416,3.3944331296673456,-1.2253487661654412,78.00000000000011,8.000000000000185,False,25.6,False,True,False,False,True,False
1113,002624,完美世界,I 信息技术,腾讯前复权日K回退（成交额、换手率已提供）,False,2026-07-30,10.31,10.076,10.7415,True,False,False,True,12.87,-19.891219891219883,False,40.614454901122194,-0.6463545359889409,-0.7034751881789806,0.1142413043800794,True,False,False,False,2026-07-29,1.0,5.307939321501469,4.153393795642919,7.6170303732185705,False,False,2026-07-28,2.0,True,725324.0,665113.4,1.09052681843427,False,763426100.0,3.97,192.29876574307303,-0.8653846153846123,4.903846153846169,-4.017129823581434,96.07843137254876,3.921568627451233,False,17.67,False,True,True,False,False,False
1114,002625,光启技术,C 制造业,腾讯前复权日K回退（成交额、换手率已提供）,False,2026-07-30,30.7,30.698,29.2755,True,True,True,True,32.8,-6.4024390243902385,False,50.607320555969835,-0.6638901544125488,-1.3183789988740142,1.3089776889229308,True,False,False,False,2026-07-21,7.0,24.510757412430753,20.559032529985476,32.41420717732131,False,False,2026-07-21,7.0,True,260648.0,310693.6,0.8389229774929384,False,806671200.0,1.21,666.6704132231405,-1.3496143958869,3.052699228791783,4.86584345271643,23.15789473684229,31.578947368421034,False,43.36,False,False,False,False,False,False
1115,002626,金达威,C 制造业,腾讯前复权日K回退（成交额、换手率已提供）,False,2026-07-30,14.15,13.614,13.999500000000001,True,True,False,True,15.5,-8.709677419354836,False,51.89585311114779,-0.14006804580280985,-0.13696678192614573,-0.006202527753328246,False,True,False,False,,,16.356448398018056,13.87122584426117,21.326893505531825,True,False,,,False,46963.0,33964.2,1.3827206293685705,False,66107500.0,0.77,85.8538961038961,2.313810556760676,3.7599421547360774,1.0750383942283595,15.38461538461541,84.6153846153846,True,17.19,False,False,False,False,False,False
1116,002627,三峡旅游,N 公共环保,腾讯前复权日K回退（成交额、换手率已提供）,False,2026-07-30,6.32,5.998,5.8149999999999995,True,True,True,True,6.28,0.6369426751592362,True,60.43300260977832,-0.03724641660657646,-0.1360928205352616,0.19769280785737026,True,False,False,False,2026-07-06,18.0,18.758238814612643,13.325047350668191,29.62462174250155,False,False,2026-07-27,3.0,True,200803.0,165494.4,1.2133522342749967,False,127535500.0,2.88,44.28315972222222,3.0995106035889064,7.014681892332784,8.684436801375767,41.86046511627903,58.13953488372097,False,7.55,False,False,False,False,True,False
1117,002628,成都路桥,E 建筑业,腾讯前复权日K回退（成交额、换手率已提供）,False,2026-07-30,4.38,4.442,4.851,False,False,False,False,5.75,-23.826086956521742,False,37.51491037208922,-0.18016795396998475,-0.1359186657252206,-0.0884985764895283,False,True,False,False,,,7.424873996508427,10.566118393102057,1.1423852033211652,False,False,,,False,218231.0,168372.0,1.2961240586320766,False,96567800.0,2.9,33.299241379310345,-3.311258278145701,3.752759381898453,-9.709338280766854,29.41176470588226,5.8823529411763475,False,6.47,False,True,False,False,False,False
1118,002629,仁智股份,B 采矿业,腾讯前复权日K回退（成交额、换手率已提供）,False,2026-07-30,4.2,4.196,4.3205,True,False,False,False,4.75,-11.578947368421048,False,42.00785694740924,-0.1720728909305187,-0.2067849154614168,0.06942404906179622,True,False,False,False,,,8.96011379944801,8.14710671929246,10.58612795975911,False,False,,,False,144037.0,120891.4,1.1914577877334533,False,61696500.0,3.98,15.501633165829146,-1.6393442622950727,7.025761124121797,-2.789029047563935,30.000000000000178,20.000000000000117,False,8.04,False,True,False,False,False,False
1119,002630,*ST华西,C 制造业,腾讯前复权日K回退（成交额、换手率已提供）,False,2026-07-30,1.6,1.6300000000000001,1.6995,False,False,False,False,1.85,-13.513513513513512,False,37.32664262179512,-0.047325580316824656,-0.0396819423478872,-0.015287275937874906,False,True,False,False,,,10.253399503357633,12.354736747003953,6.050725016064991,False,False,,,False,149803.0,120307.2,1.2451706963506757,False,24347000.0,1.39,17.515827338129498,-2.4390243902438935,3.6585365853658436,-5.85466313621653,50.00000000000019,0.0,False,2.11,False,False,False,False,False,False
1120,002631,德尔未来,C 制造业,腾讯前复权日K回退（成交额、换手率已提供）,False,2026-07-30,6.16,6.29,7.9795,False,False,False,False,11.88,-48.14814814814815,False,30.751795359367563,-0.7729954179278513,-0.5567969998702454,-0.43239683611521174,False,True,False,False,,,7.008311491705591,10.039576983810248,0.9457805074962771,False,False,,,False,271533.0,292350.2,0.9287936180649098,False,171371900.0,3.42,50.10874269005848,-4.496124031007753,7.441860465116272,-22.802180587756123,14.58333333333322,16.666666666666696,False,12.09,False,True,False,False,False,False
1121,002632,道明光学,C 制造业,腾讯前复权日K回退（成交额、换手率已提供）,False,2026-07-30,7.8,7.790000000000001,8.575,True,False,False,False,10.59,-26.345609065155806,False,39.60745927456335,-0.4700580797019178,-0.4008119931063737,-0.1384921731910882,False,True,False,False,,,6.276541333485295,6.839464395760499,5.15069520893489,False,False,,,False,179324.0,212806.8,0.8426610427862268,False,141520200.0,3.12,45.35903846153846,-1.7632241813602123,3.274559193954646,-9.037900874635563,57.69230769230773,7.692307692307561,False,12.04,False,False,False,False,True,False
1122,002633,申科股份,C 制造业,腾讯前复权日K回退（成交额、换手率已提供）,False,2026-07-30,13.0,13.14,13.9495,False,False,False,False,16.15,-19.504643962848288,False,34.798194217319306,-0.8092936048371655,-0.8634806641257525,0.10837411857717405,True,False,False,False,2026-07-29,1.0,14.888520592508373,13.257237968617618,18.151085840289884,False,False,2026-07-21,7.0,True,25016.0,23526.4,1.063316104461371,False,33146500.0,1.67,19.84820359281437,-2.985074626865669,6.71641791044775,-6.806695580486759,33.333333333333265,22.22222222222218,False,21.0,False,False,False,False,False,False
1123,002634,*ST棒杰,C 制造业,腾讯前复权日K回退（成交额、换手率已提供）,False,2026-07-30,4.03,4.0040000000000004,4.045,True,False,False,True,4.72,-14.618644067796602,False,45.969772469026466,-0.16560281660278653,-0.21240475856520774,0.09360388392484242,True,False,False,False,2026-07-27,3.0,9.230270499679913,7.470119430401291,12.750572638237157,False,False,2026-07-23,5.0,True,47206.0,79186.8,0.5961347093202403,False,18937500.0,1.07,17.69859813084112,0.0,3.2258064516129115,-0.3708281829418957,30.769230769230717,69.23076923076928,False,5.86,False,False,False,False,True,False
1124,002635,安洁科技,C 制造业,腾讯前复权日K回退（成交额、换手率已提供）,False,2026-07-30,12.93,13.244,15.5905,False,False,False,False,24.74,-47.736459175424415,False,35.821047366370564,-1.402308989212548,-1.2221651235550857,-0.36028773131492464,False,True,False,False,,,9.517850131302007,10.764629128243852,7.024292137418318,False,False,,,False,322222.0,212188.2,1.5185670079674551,False,424934200.0,8.15,52.13916564417178,-5.620437956204372,7.810218978102192,-17.064879253391492,20.560747663551457,11.21495327102796,False,24.74,False,True,True,False,True,False
1125,002636,金安国纪,C 制造业,腾讯前复权日K回退（成交额、换手率已提供）,False,2026-07-30,49.1,56.513999999999996,79.9165,False,False,False,False,118.6,-58.600337268128165,False,29.007870107426697,-9.666430580586564,-5.1954929924087025,-8.941875176355722,False,True,False,False,,,29.757474357141746,36.44894575602982,16.374531559365593,False,False,,,False,558116.0,440133.8,1.2680598490731683,False,2854507600.0,7.71,370.234448767834,-10.007331378299122,13.196480938416414,-38.56087291110096,31.805555555555564,0.0,False,124.38,False,False,False,False,False,False
1126,002637,赞宇科技,C 制造业,腾讯前复权日K回退（成交额、换手率已提供）,False,2026-07-30,9.6,9.506,10.010000000000002,True,False,False,True,11.19,-14.209115281501338,False,41.434717350277225,-0.4364564687234651,-0.4591963411341362,0.045479744821342205,True,False,False,False,2026-07-29,1.0,11.592596113121944,8.783751279521065,17.210285780323705,False,False,2026-07-27,3.0,True,109251.0,75247.6,1.4518868375868466,False,106777600.0,2.35,45.43727659574468,-1.6393442622950838,5.225409836065572,-4.095904095904115,54.901960784313616,13.725490196078493,False,13.39,False,False,False,False,False,False
1127,002638,勤上股份,C 制造业,腾讯前复权日K回退（成交额、换手率已提供）,False,2026-07-30,3.39,3.4519999999999995,3.6,False,False,False,False,4.35,-22.06896551724137,False,38.98821977528792,-0.1679121875462415,-0.17348074590685947,0.011137116721235962,True,False,False,False,2026-07-29,1.0,19.483147343776583,19.115480223645758,20.218481584038237,False,False,2026-07-24,4.0,True,190104.0,217608.8,0.8736043762936058,False,65186300.0,1.41,46.23141843971631,-2.3054755043227737,4.899135446685877,-5.833333333333332,41.17647058823522,17.647058823529566,False,5.17,False,True,False,False,True,False
1128,002639,雪人集团,C 制造业,腾讯前复权日K回退（成交额、换手率已提供）,False,2026-07-30,11.79,11.65,11.856,True,False,False,True,14.29,-17.49475157452764,False,42.305170095556896,-0.630777097888128,-0.7960451275556937,0.3305360593351314,True,False,False,False,2026-07-23,5.0,10.71702175316211,8.86721033368266,14.41664459212101,False,False,2026-07-21,7.0,True,236974.0,271411.8,0.8731160546446397,False,282867600.0,3.59,78.79320334261838,-1.1735121542330362,2.933780385582562,-0.5566801619433259,48.5714285714286,11.428571428571196,False,19.28,False,False,False,False,True,False
1129,002640,跨境通,F 批发零售,腾讯前复权日K回退（成交额、换手率已提供）,False,2026-07-30,3.31,3.342,3.1075,False,True,True,True,3.5,-5.428571428571427,False,52.66435909320379,0.024119090665536635,-0.03484769306103504,0.11793356745314335,True,False,False,False,2026-07-15,11.0,31.807607238295247,28.966604530882375,37.48961265312099,False,False,,,False,1269268.0,1594643.6,0.7959571656011412,False,427346000.0,8.2,52.115365853658545,-4.057971014492756,4.0579710144927565,6.516492357200327,28.57142857142857,7.142857142857302,False,4.66,False,True,False,False,True,False
1130,002641,公元股份,C 制造业,腾讯前复权日K回退（成交额、换手率已提供）,False,2026-07-30,3.8,3.754,3.8995000000000006,True,False,False,False,4.17,-8.872901678657078,False,42.33629195881873,-0.0774977941438304,-0.0697007551600893,-0.01559407796748219,False,True,False,False,,,10.3241124785975,10.205378852507053,10.561579730778398,True,False,2026-07-30,0.0,True,78166.0,88876.2,0.8794930476325495,False,29620300.000000004,0.69,42.92797101449276,0.26385224274405594,1.8469656992084391,-2.551609180664208,28.571428571428665,71.42857142857135,True,4.49,False,False,False,False,False,False
1131,002642,荣联科技,I 信息技术,腾讯前复权日K回退（成交额、换手率已提供）,False,2026-07-30,7.3,6.964,6.908499999999999,True,True,True,True,7.75,-5.806451612903228,False,55.31071224697188,0.030087650184645653,-0.03149368086812557,0.12316266210554244,True,False,False,False,2026-07-06,18.0,32.48649747350188,29.62364821393869,38.212195992628246,False,False,,,False,388611.0,277695.0,1.3994166261545942,False,285200700.0,5.87,48.58614991482112,0.6896551724137945,4.413793103448267,5.666932040240293,53.12500000000008,46.87499999999992,False,9.59,False,False,False,False,True,True
1132,002643,万润股份,C 制造业,腾讯前复权日K回退（成交额、换手率已提供）,False,2026-07-30,12.48,12.854,15.5965,False,False,False,False,21.9,-43.01369863013698,False,28.99876713216024,-1.4009540610056241,-1.0748409440664812,-0.6522262338782858,False,True,False,False,,,5.446021114939016,8.62998984575068,-0.9219163466843128,False,False,,,False,218563.0,220517.2,0.9911381062338901,False,276189600.0,2.42,114.12793388429752,-3.554868624420393,4.482225656877898,-19.982047254191645,34.482758620689836,13.793103448275874,False,22.22,False,False,False,False,False,False
1133,002644,佛慈制药,C 制造业,腾讯前复权日K回退（成交额、换手率已提供）,False,2026-07-30,7.66,7.659999999999999,7.5634999999999994,True,True,True,False,8.07,-5.080545229244116,False,52.74245085431572,0.06900984662660203,0.054698004005763495,0.028623685241677077,True,False,False,False,2026-07-03,19.0,37.736199998066695,37.417095731218204,38.37440853176368,False,False,,,False,48040.0,42565.8,1.1286055941624495,False,37180200.0,0.94,39.55340425531915,-0.6485084306095956,2.594033722438394,1.275864348515908,84.99999999999989,10.000000000000222,False,8.49,False,True,True,False,True,False
1134,002645,华宏科技,C 制造业,腾讯前复权日K回退（成交额、换手率已提供）,False,2026-07-30,15.76,16.836,19.598499999999998,False,False,False,False,26.77,-41.12812850205454,False,30.184973414976938,-2.661858385744054,-2.561861279509699,-0.1999942124687104,False,True,False,False,,,18.473960177751408,20.86862575763016,13.684629017993906,False,False,,,False,364124.0,288034.2,1.2641693243371794,False,586086900.0,5.35,109.54895327102804,-6.302021403091562,9.155766944114145,-19.58568257774829,14.93506493506497,18.181818181818148,False,36.61,False,False,False,False,False,False
1135,002646,天佑德酒,C 制造业,腾讯前复权日K回退（成交额、换手率已提供）,False,2026-07-30,6.86,6.588000000000001,6.5455,True,True,True,True,6.92,-0.8670520231213816,False,56.6616189517064,-0.03953567952839432,-0.09494303517591472,0.11081471129504081,True,False,False,False,2026-07-02,20.0,23.886649432658075,19.314424127965342,33.03110004204354,False,False,2026-07-28,2.0,True,127980.0,57491.6,2.226064329397686,True,88209500.0,2.69,32.791635687732345,2.5411061285500747,6.576980568011964,4.804827744251786,49.9999999999999,50.0000000000001,False,8.19,False,False,False,False,True,False
1136,002647,仁东控股,J 金融业,腾讯前复权日K回退（成交额、换手率已提供）,False,2026-07-30,9.03,8.966,9.910499999999999,True,False,False,True,12.34,-26.82333873581848,False,41.60023265503541,-0.6457750095783386,-0.6424546278055708,-0.006640763545535444,False,True,False,False,,,18.596455126317455,17.02238406244717,21.74459725405803,False,False,,,False,201689.0,353170.2,0.5710815918217336,False,184508000.0,1.99,92.71758793969849,-1.8478260869565166,3.478260869565221,-8.88451642197669,65.62500000000021,6.2499999999998614,False,14.0,False,False,False,False,False,False
1137,002648,卫星化学,C 制造业,腾讯前复权日K回退（成交额、换手率已提供）,False,2026-07-30,25.37,24.758,23.857999999999997,True,True,True,True,25.54,-0.6656225528582543,False,58.03933249608978,0.27527412965095976,0.060539355264749364,0.42946954877242083,True,False,False,False,2026-07-20,8.0,42.64345506043661,38.47685102840955,50.97666312449073,False,False,,,False,512990.0,496001.0,1.0342519470726874,False,1295024000.0,1.52,851.9894736842106,1.317891373801916,2.715654952076676,6.337496856400386,16.17647058823522,83.82352941176478,True,29.1,False,False,False,False,False,False
1138,002649,博彦科技,I 信息技术,腾讯前复权日K回退（成交额、换手率已提供）,False,2026-07-30,8.73,8.639999999999999,8.4575,True,True,True,False,9.1,-4.065934065934058,False,52.46387311043425,-0.003517126827464523,-0.07744489081160356,0.14785552796827808,True,False,False,False,,,21.291456602227857,19.464924928632893,24.94451994941779,False,False,,,False,116849.0,99721.8,1.1717498079657607,False,103307300.0,2.18,47.388669724770644,-0.682593856655278,4.3230944254835135,3.2219923145137552,60.52631578947367,7.894736842105546,False,11.03,False,False,False,False,False,False
1139,002650,ST加加,C 制造业,腾讯前复权日K回退（成交额、换手率已提供）,False,2026-07-30,5.86,5.634,5.914,True,False,False,True,6.49,-9.707241910631739,False,45.8810096089664,-0.2818411737370141,-0.30591877297968906,0.04815519848534988,True,False,True,False,,,12.301131284943645,10.95395771095419,14.995478432922557,True,False,2026-07-30,0.0,True,109707.0,44077.6,2.4889513040637423,True,64253800.0,0.99,64.90282828282828,7.720588235294112,10.661764705882353,-0.9130875887723942,20.689655172413808,79.31034482758619,True,8.54,False,False,False,False,False,False
1140,002651,利君股份,C 制造业,腾讯前复权日K回退（成交额、换手率已提供）,False,2026-07-30,7.8,7.558,7.3694999999999995,True,True,True,True,7.92,-1.5151515151515165,False,58.08307491052602,-0.04837799829014866,-0.1480272641171591,0.1992985316540209,True,False,False,False,2026-07-02,20.0,19.923004703697092,15.087174183600112,29.594665743891056,False,False,2026-07-23,5.0,True,105153.0,99706.4,1.0546263830606661,False,82419800.0,1.86,44.31172043010753,1.298701298701288,4.025974025974021,5.841644616324043,54.83870967741941,45.1612903225806,False,10.25,False,False,False,False,True,False
1141,002652,扬子新材,C 制造业,腾讯前复权日K回退（成交额、换手率已提供）,False,2026-07-30,3.43,3.5059999999999993,3.7629999999999995,False,False,False,False,4.61,-25.59652928416486,False,35.36383757275502,-0.29541980271956714,-0.320724175302625,0.05060874516611569,True,False,False,False,2026-07-28,2.0,12.552014110946095,11.538133268655962,14.57977579552636,False,False,2026-07-21,7.0,True,161792.0,193804.6,0.834820226145303,False,57010200.00000001,3.16,18.04120253164557,-4.456824512534807,6.406685236768802,-8.849322349189459,26.086956521739157,4.347826086956622,False,6.77,False,False,False,False,True,False
1142,002653,海思科,C 制造业,腾讯前复权日K回退（成交额、换手率已提供）,False,2026-07-30,60.05,64.39000000000001,69.40400000000001,False,False,False,False,80.83,-25.70827662996412,False,41.54657559658106,0.9717682891089936,2.8330501383852114,-3.7225636985524355,False,True,False,False,,,52.81675149397342,60.94563293414961,36.558988613621054,False,False,,,False,119274.0,113872.6,1.0474337110068621,False,732349800.0,2.22,329.88729729729727,-6.054443053817282,7.321652065081362,-13.477609359691101,14.743589743589824,7.692307692307669,False,80.83,False,False,False,False,False,False
1143,002654,万润科技,L 商务服务,腾讯前复权日K回退（成交额、换手率已提供）,False,2026-07-30,11.07,11.416,14.464500000000001,False,False,False,False,20.15,-45.062034739454084,False,30.45301037222349,-1.717345882392836,-1.3757224105169845,-0.683246943751703,False,True,False,False,,,8.17546376628023,10.793285692794564,2.939819913251558,False,False,,,False,446885.0,457874.0,0.9759999475838331,False,500477600.0,5.29,94.60824196597353,-2.809482001755925,5.0043898156277455,-23.467800477029975,42.105263157894754,26.31578947368426,False,22.46,False,True,False,False,False,False
1144,002655,共达电声,C 制造业,腾讯前复权日K回退（成交额、换手率已提供）,False,2026-07-30,21.29,24.241999999999997,31.121,False,False,False,False,44.8,-52.47767857142856,False,25.55101572819794,-4.276562651622953,-3.352233298823307,-1.8486587055992922,False,True,False,False,,,21.103583819976006,26.114194894486477,11.08236167095506,False,False,,,False,257264.0,224589.8,1.1454838999812103,False,567479200.0,7.07,80.2657991513437,-10.016906170752327,11.87658495350804,-31.589601876546386,24.199288256227728,0.0,False,52.72,False,False,False,False,False,False
1145,002656,摩登大道,C 制造业,腾讯前复权日K回退（成交额、换手率已提供）,False,2026-07-30,2.66,2.652,2.773,True,False,False,False,3.09,-13.915857605177983,False,41.12673029469817,-0.10814186703448803,-0.1177834944995258,0.019283254930075544,True,False,False,False,2026-07-29,1.0,18.8680962723885,17.41816747288292,21.767953871399655,False,False,2026-07-28,2.0,True,129133.0,119165.2,1.0836469036262264,False,34886200.0,1.88,18.55648936170213,-2.2058823529411797,5.147058823529416,-4.075009015506671,35.71428571428555,21.428571428571587,False,3.61,False,True,False,False,True,False
1146,002657,中科金财,I 信息技术,腾讯前复权日K回退（成交额、换手率已提供）,False,2026-07-30,15.03,14.132,15.260000000000002,True,False,False,True,22.55,-33.34811529933482,False,42.71552436111833,-1.4245843578835817,-1.5810920952762273,0.3130154747852911,True,False,False,False,2026-07-29,1.0,12.476994478802292,8.95727485897595,19.516433718454977,False,False,2026-07-27,3.0,True,305774.0,101828.0,3.0028479396629613,True,470582900.0,9.1,51.71240659340659,4.447533009034044,10.284920083391247,-1.5072083879423472,54.05405405405409,45.945945945945915,False,23.98,False,False,False,False,True,False
1147,002658,雪迪龙,C 制造业,腾讯前复权日K回退（成交额、换手率已提供）,False,2026-07-30,7.14,7.188,7.216500000000001,False,False,False,True,8.57,-16.686114352392075,False,43.117105626421726,-0.21761283250259922,-0.26362365704893415,0.09202164909266985,True,False,False,False,2026-07-24,4.0,11.79606030583377,10.79964030754977,13.788900302401768,False,False,2026-07-21,7.0,True,45756.0,76333.0,0.5994261983676784,False,32710500.0,1.28,25.555078125,-0.5571030640668551,1.3927576601671383,-1.0600706713781074,50.00000000000044,49.99999999999956,False,10.5,False,False,False,False,True,False
1148,002659,凯文教育,P 教育,腾讯前复权日K回退（成交额、换手率已提供）,False,2026-07-30,4.2,4.0200000000000005,3.9335,True,True,True,True,4.27,-1.6393442622950678,False,59.161313103848016,-0.008349206786687713,-0.05896408443458949,0.10122975529580355,True,False,False,False,,,24.44639442842926,19.079029463472423,35.18112435834294,False,False,2026-07-27,3.0,True,313626.0,159617.4,1.964860973803608,True,133861000.0,5.24,25.54599236641221,1.2048192771084265,6.987951807228916,6.775136646752261,75.86206896551715,24.137931034482854,False,5.45,False,False,False,False,True,False
1149,002660,茂硕电源,C 制造业,腾讯前复权日K回退（成交额、换手率已提供）,False,2026-07-30,6.4,6.276000000000001,6.275,True,True,True,True,6.79,-5.743740795287183,False,47.671610985380816,-0.18825202218122605,-0.26607115624038075,0.1556382681183094,True,False,False,False,2026-07-09,15.0,14.879734619578784,11.583512177986378,21.472179502763595,False,False,2026-07-23,5.0,True,47147.0,49167.0,0.958915532776049,False,30277600.000000004,1.37,22.10043795620438,-0.31152647975076775,2.8037383177570048,1.9920318725099602,55.55555555555544,44.44444444444456,False,9.1,False,False,False,False,True,False
1150,002661,克明食品,C 制造业,腾讯前复权日K回退（成交额、换手率已提供）,False,2026-07-30,7.52,7.1579999999999995,7.2435,True,True,False,True,7.67,-1.9556714471968755,False,56.844690247028964,-0.06670676789528418,-0.10650201587032546,0.07959049595008255,True,False,False,False,2026-07-29,1.0,22.7607665441309,18.321887444787876,31.63852474281694,False,False,,,False,61094.0,28254.0,2.1623133007715722,True,46071400.0,1.98,23.268383838383837,3.43878954607979,5.77716643741403,3.817215434527501,35.7142857142858,64.28571428571419,False,9.08,False,False,False,False,False,False
1151,002662,峰璟股份,C 制造业,腾讯前复权日K回退（成交额、换手率已提供）,False,2026-07-30,3.16,3.12,3.275,True,False,False,True,3.79,-16.622691292875984,False,42.29154250558928,-0.12381202202747144,-0.1226904389128699,-0.002243166229203064,False,True,False,False,,,12.242221274020801,10.906056867693936,14.914550086674534,False,False,2026-07-29,1.0,True,115029.0,100856.8,1.140518041421104,False,36485300.0,0.77,47.38350649350649,-0.6289308176100628,2.5157232704402537,-3.5114503816793827,62.49999999999972,37.50000000000028,False,4.11,False,True,False,False,True,False
1152,002663,普邦股份,E 建筑业,腾讯前复权日K回退（成交额、换手率已提供）,False,2026-07-30,1.51,1.502,1.4735,True,True,True,False,1.57,-3.821656050955417,False,47.87767572225018,-0.03288403848938892,-0.055229865214606724,0.0446916534504356,True,False,False,False,,,13.102746410686928,11.744120487712527,15.819998256635731,False,False,2026-07-23,5.0,True,380213.0,364587.0,1.0428594546706274,False,58475300.0,2.23,26.222107623318387,-1.9480519480519543,5.194805194805199,2.477095351204613,75.0,12.5,False,2.48,False,False,False,False,True,False
1153,002664,信质集团,C 制造业,腾讯前复权日K回退（成交额、换手率已提供）,False,2026-07-30,15.38,15.044,16.259,True,False,False,True,20.0,-23.099999999999994,False,41.145399710660875,-0.9195435660996711,-0.9770348879444648,0.11498264368958733,True,False,False,False,2026-07-29,1.0,8.528703965893394,6.481344208771766,12.623423480136651,False,False,2026-07-28,2.0,True,41403.0,45976.2,0.9005311443746983,False,63962200.0,1.03,62.09922330097087,-1.347017318794097,3.078896728672217,-5.40623654591303,39.58333333333334,35.41666666666675,False,24.22,False,False,False,False,False,False
1154,002666,德联集团,C 制造业,腾讯前复权日K回退（成交额、换手率已提供）,False,2026-07-30,3.97,3.878,3.8890000000000002,True,True,False,True,4.17,-4.796163069544359,False,49.372433806126864,-0.0844559526374975,-0.12086240955498974,0.07281291383498448,True,False,False,False,2026-07-03,19.0,10.813494678367915,7.937185663682893,16.566112707737958,False,False,2026-07-27,3.0,True,111320.0,94792.2,1.1743582277866744,False,44419100.0,2.22,20.0086036036036,0.5063291139240533,3.0379746835443067,2.082797634353303,50.0,50.0,False,5.27,False,False,False,False,True,False
1155,002667,*ST威领,C 制造业,腾讯前复权日K回退（成交额、换手率已提供）,False,2026-07-30,11.72,10.028,10.123999999999999,True,True,False,True,13.67,-14.26481346013167,False,51.99206752902283,-1.2552021745947801,-1.8180998394291956,1.125795329668831,True,False,False,False,2026-07-06,18.0,11.145154894480678,7.713713548293079,18.008037586855878,False,False,2026-07-23,5.0,True,278296.0,188727.8,1.4745893291820285,False,319429700.0,11.76,27.162389455782314,10.046948356807505,8.826291079812218,15.76451995258793,0.0,100.0,True,32.3,False,False,False,False,True,True
1156,002668,TCL智家,C 制造业,腾讯前复权日K回退（成交额、换手率已提供）,False,2026-07-30,10.63,10.494,10.4115,True,True,True,True,11.36,-6.4260563380281575,False,55.973983066655016,0.0576002510269884,0.04730708072583806,0.02058634060230069,True,False,True,False,,,70.49093100776729,65.61120808928338,80.25037684473509,False,False,,,False,197156.0,208813.8,0.9441713143479982,False,210810400.0,1.82,115.8298901098901,0.37771482530690736,2.927289896128411,2.0986409258992516,74.19354838709664,25.806451612903352,False,11.36,False,True,False,False,True,False
1157,002669,康达新材,C 制造业,腾讯前复权日K回退（成交额、换手率已提供）,False,2026-07-30,11.2,11.218,12.492999999999999,False,False,False,False,18.83,-40.520446096654275,False,35.824459954564674,-1.256509469052391,-1.2648883448666977,0.01675775162861326,True,False,True,False,,,14.366496167976145,13.79402171671632,15.511445070495792,False,False,2026-07-27,3.0,True,133671.0,122294.6,1.093024548917123,False,151824600.0,4.42,34.349457013574664,-1.6681299385425952,4.916593503072876,-10.349795885695984,35.71428571428555,28.57142857142857,False,19.13,False,False,False,False,True,False
1158,002670,国盛证券,J 金融业,腾讯前复权日K回退（成交额、换手率已提供）,False,2026-07-30,12.17,11.681999999999999,11.7655,True,True,False,True,13.17,-7.593014426727411,False,54.91001284808163,0.007382685059306837,-0.025667783337896603,0.06610093679440687,True,False,False,False,2026-07-29,1.0,24.00194545429909,20.45389405603484,31.09804825082759,False,False,,,False,410384.0,260810.0,1.573497948698286,False,500726800.0,2.53,197.91573122529644,2.183039462636449,5.457598656591088,3.4380179337894736,43.07692307692307,56.923076923076934,False,13.17,False,False,False,False,False,False
1159,002671,龙泉股份,C 制造业,腾讯前复权日K回退（成交额、换手率已提供）,False,2026-07-30,3.65,3.588,3.6975000000000002,True,False,False,True,3.95,-7.594936708860765,False,44.38146963724809,-0.10718824545102112,-0.12554832668635274,0.03672016247066323,True,False,False,False,2026-07-28,2.0,8.675160018912388,7.050042768427243,11.92539451988268,False,False,2026-07-28,2.0,True,107932.0,116136.4,0.9293554820021974,False,39712800.0,1.96,20.261632653061227,-0.544959128065392,3.5422343324250773,-1.2846517917511917,61.53846153846143,30.769230769230717,False,5.08,False,True,False,False,False,False
1160,002672,东江环保,C 制造业,腾讯前复权日K回退（成交额、换手率已提供）,False,2026-07-30,3.4,3.338,3.3445,True,True,False,True,3.61,-5.817174515235457,False,49.375725406294045,-0.06788179356224688,-0.09606244256159722,0.05636129799870068,True,False,False,False,2026-07-27,3.0,15.017583943740298,12.782936219287892,19.48687939264511,False,False,,,False,81618.0,95241.8,0.8569556644246539,False,28039100.0,0.9,31.154555555555554,-0.5847953216374324,3.5087719298245648,1.6594408730751946,66.66666666666666,16.666666666666664,False,4.51,False,False,False,False,True,False
1161,002673,西部证券,J 金融业,腾讯前复权日K回退（成交额、换手率已提供）,False,2026-07-30,6.77,6.622,6.615,True,True,True,True,6.85,-1.1678832116788334,False,56.28357546623988,0.013308782820010023,0.000693122334790484,0.025231320970439078,True,False,False,False,2026-07-29,1.0,38.19558549265528,32.674011306366346,49.23873386523316,False,False,,,False,388058.0,261047.2,1.4865434296939404,False,261411100.0,0.87,300.4725287356322,1.195814648729443,1.7937219730941718,2.3431594860166194,8.333333333333888,91.6666666666661,True,7.29,False,False,False,False,False,False
1162,002674,兴业科技,C 制造业,腾讯前复权日K回退（成交额、换手率已提供）,False,2026-07-30,21.63,22.883999999999997,25.762,False,False,False,False,33.88,-36.15702479338844,False,44.602465582910575,-0.26716607524175373,0.5033084449087933,-1.5409490403010941,False,True,False,False,,,48.595476451596596,50.65886347549675,44.468702403796286,False,False,,,False,291937.0,288893.4,1.0105353739476222,False,665097600.0,9.98,66.64304609218436,-2.3035230352303593,11.969286359530255,-16.039127396941236,55.47169811320754,10.56603773584897,False,33.88,False,False,False,False,False,False
1163,002675,东诚药业,C 制造业,腾讯前复权日K回退（成交额、换手率已提供）,False,2026-07-30,12.79,12.623999999999999,12.7545,True,True,False,True,13.67,-6.437454279444044,False,51.53827040397552,-0.02044308350176749,-0.009391439368157995,-0.02210328826721899,False,True,False,False,,,19.223413356115,18.440357597239043,20.78952487386691,True,False,,,False,61719.0,66604.4,0.9266504915591163,False,78596300.0,0.83,94.6943373493976,0.6294256490951833,2.2816679779701095,0.27833313732407367,31.034482758621156,68.96551724137885,False,13.67,False,False,False,False,False,False
1164,002676,顺威股份,C 制造业,腾讯前复权日K回退（成交额、换手率已提供）,False,2026-07-30,4.79,4.720000000000001,4.821,True,False,False,True,5.45,-12.110091743119268,False,45.57092514200401,-0.15224545227954067,-0.1921929172125374,0.07989492986599345,True,False,False,False,2026-07-27,3.0,7.051949027867469,5.6039104169221865,9.948026249758033,False,False,2026-07-27,3.0,True,95055.0,108152.8,0.8788954146355896,False,45876800.0,1.32,34.75515151515152,-0.8281573498964856,3.312629399585924,-0.643020120306984,62.50000000000028,31.24999999999986,False,8.22,False,True,False,False,False,False
1165,002677,浙江美大,C 制造业,腾讯前复权日K回退（成交额、换手率已提供）,False,2026-07-30,6.24,6.318,6.2905,False,False,True,False,8.2,-23.902439024390233,False,46.51729227680766,-0.06115702474124074,-0.07496223952112605,0.02761042955977061,True,False,False,False,2026-07-03,14.0,27.239129100073182,27.53139328165203,26.654600736915484,False,True,,,False,123139.0,141178.8,0.8722201917001704,False,78091800.0,2.23,35.018744394618835,-2.954898911353021,5.44323483670295,-0.8027978698036651,28.5714285714285,11.42857142857145,False,8.49,False,False,False,False,True,False
1166,002678,珠江钢琴,C 制造业,腾讯前复权日K回退（成交额、换手率已提供）,False,2026-07-30,4.25,4.184,4.147,True,True,True,True,4.43,-4.063205417607217,False,46.41811526969068,-0.16213752057892084,-0.23999122593305278,0.15570741070826388,True,False,False,False,2026-07-09,15.0,17.3120095297345,13.951277757786215,24.03347307363107,False,False,2026-07-22,6.0,True,77323.0,95873.4,0.8065115037121872,False,33363900.0,0.57,58.533157894736846,-1.620370370370372,3.703703703703686,2.48372317337834,43.74999999999983,12.499999999999792,False,6.47,False,False,False,False,True,False
1167,002679,福建金森,A 农林牧渔,腾讯前复权日K回退（成交额、换手率已提供）,False,2026-07-30,8.34,8.168000000000001,8.040000000000001,True,True,True,True,8.62,-3.248259860788856,False,53.143129384066874,-0.09553560074067491,-0.190876907124852,0.1906826127683542,True,False,False,False,,,19.923284130004884,16.16630383074373,27.43724472852719,False,False,2026-07-23,5.0,True,32389.0,35650.4,0.9085171554877364,False,27287300.0,1.37,19.91773722627737,-0.4773269689737569,3.341288782816242,3.731343283582076,64.28571428571392,21.42857142857152,False,11.41,False,False,False,False,True,False
1168,002681,奋达科技,C 制造业,腾讯前复权日K回退（成交额、换手率已提供）,False,2026-07-30,4.25,4.214,4.5265,True,False,False,False,5.26,-19.201520912547526,False,41.4549470637652,-0.16300851341441547,-0.140347803420453,-0.04532141998792494,False,True,False,False,,,13.76557223960849,13.983721694350747,13.329273330123979,False,False,,,False,406187.0,542322.0,0.7489775447059127,False,175201900.0,2.59,67.64552123552124,-2.9680365296803624,4.337899543379004,-6.108472329614501,47.368421052631405,15.789473684210625,False,5.96,False,False,False,False,False,False
1169,002682,龙洲股份,G 运输仓储,腾讯前复权日K回退（成交额、换手率已提供）,False,2026-07-30,4.14,4.093999999999999,4.1425,True,False,False,True,4.7,-11.914893617021287,False,44.343962705808565,-0.14079273143071536,-0.18432087788655566,0.0870562929116806,True,False,False,False,2026-07-02,20.0,16.8617493177283,14.325948303303148,21.933351346578608,False,False,,,False,232349.0,207334.4,1.1206485754414126,False,97984900.0,4.13,23.72515738498789,-1.1933174224343812,5.727923627684948,-0.06035003017502452,66.66666666666654,12.499999999999769,False,6.33,False,False,False,False,True,False
1170,002683,广东宏大,B 采矿业,腾讯前复权日K回退（成交额、换手率已提供）,False,2026-07-30,27.93,27.110000000000003,27.482999999999997,True,True,False,True,31.77,-12.086874409820584,False,49.41938173142704,-0.8324850132907073,-1.1450944994686965,0.6252189723559782,True,False,False,False,2026-07-27,3.0,12.066180053910955,9.120558560878543,17.95742303997578,False,False,2026-07-23,5.0,True,99757.0,99637.6,1.0011983427942865,False,280227900.0,1.5,186.8186,0.3232758620689724,2.9454022988505755,1.6264599934505068,69.51219512195122,30.48780487804877,False,41.8,False,False,False,False,True,False
1171,002685,华东重机,C 制造业,腾讯前复权日K回退（成交额、换手率已提供）,False,2026-07-30,5.09,5.098000000000001,5.382,False,False,False,True,6.5,-21.692307692307693,False,35.67908012390805,-0.4145205477732956,-0.47398361120563826,0.11892612686468529,True,False,False,False,2026-07-27,3.0,9.593710421141031,8.29299725979543,12.195136743832233,False,False,2026-07-21,7.0,True,298641.0,279184.8,1.0696893240606222,False,154090700.0,2.96,52.057668918918914,-2.6768642447418833,4.01529636711281,-5.425492382014118,42.8571428571428,14.285714285714407,False,9.98,False,False,False,False,False,False
1172,002686,亿利达,C 制造业,腾讯前复权日K回退（成交额、换手率已提供）,False,2026-07-30,5.81,5.305999999999999,5.352,True,True,False,True,5.75,1.0434782608695583,True,59.21445603475511,-0.10269435152818929,-0.16867283781530001,0.13195697257422145,True,False,False,False,2026-07-03,19.0,14.296337609750472,10.686109958698117,21.51679291185518,True,False,,,False,206572.0,56918.8,3.629240251024266,True,118797600.0,3.95,30.075341772151898,10.037878787878785,4.92424242424242,8.55754857997009,0.0,100.0,True,8.23,False,True,False,False,False,True
1173,002687,乔治白,C 制造业,腾讯前复权日K回退（成交额、换手率已提供）,False,2026-07-30,4.59,4.872,5.2195,False,False,False,False,6.0,-23.5,False,42.211691342209555,-0.022015304705437444,0.0637745879805275,-0.1715797853719299,False,True,False,False,,,43.076473589874354,48.16086537919184,32.90769001123938,False,False,,,False,289989.0,209424.0,1.3846980288792115,False,136832300.0,7.01,19.519586305278175,-7.272727272727275,6.666666666666668,-12.060542197528502,6.060606060606199,6.06060606060593,False,6.0,False,False,False,False,False,True
1174,002688,金河生物,C 制造业,腾讯前复权日K回退（成交额、换手率已提供）,False,2026-07-30,5.02,4.93,4.967499999999999,True,True,False,True,5.25,-4.3809523809523885,False,51.63972144095655,-0.027063345683726148,-0.04307042538424901,0.032014159401045725,True,False,False,False,,,22.267017644447332,19.910698960939154,26.979655011463684,False,False,2026-07-28,2.0,True,87411.0,60193.8,1.4521595247351056,False,43994000.0,1.17,37.60170940170941,0.40000000000000036,2.599999999999998,1.0568696527428327,53.84615384615411,46.15384615384589,False,6.0,False,False,False,False,True,False
1175,002689,ST远智,C 制造业,腾讯前复权日K回退（成交额、换手率已提供）,False,2026-07-30,2.56,2.5260000000000002,2.5975,True,False,False,True,2.85,-10.17543859649123,False,44.951550142396535,-0.07048917447601877,-0.0836362939071511,0.026294238862264674,True,False,False,False,2026-07-27,3.0,8.411628743405267,7.827036004428739,9.580814221358322,False,False,2026-07-29,1.0,True,73851.0,67209.6,1.098816240537066,False,18925900.0,0.71,26.65619718309859,-0.7751937984496138,3.1007751937984525,-1.4436958614052007,25.0,50.0,False,3.55,False,False,False,False,False,False
1176,002690,美亚光电,C 制造业,腾讯前复权日K回退（成交额、换手率已提供）,False,2026-07-30,15.94,15.328,14.797,True,True,True,True,15.79,0.949968334388856,True,65.30886742616462,0.18692899973664545,0.02138821594559445,0.331081567582102,True,False,False,False,,,43.456295333291756,34.85500018950188,60.6588856208715,False,False,,,False,94853.0,78028.0,1.2156277233813504,False,150392400.0,2.19,68.67232876712329,1.5286624203821653,2.5477707006369448,7.724538757856314,20.0,80.0,True,17.83,False,False,False,False,False,False
1177,002691,*ST冀凯,C 制造业,腾讯前复权日K回退（成交额、换手率已提供）,False,2026-07-30,3.73,3.69,3.8725,True,False,False,True,4.49,-16.926503340757243,False,40.79067285700762,-0.2370238503938049,-0.27706040788290365,0.08007311497819747,True,False,False,False,2026-07-27,3.0,10.405000072080774,8.631322402006466,13.952355412229391,False,False,2026-07-23,5.0,True,38694.0,35952.4,1.0762563834403267,False,14636300.000000002,1.15,12.72721739130435,-0.2673796791443861,5.080213903743314,-3.679793415106522,68.42105263157892,26.315789473684127,False,6.17,False,True,False,False,True,False
1178,002692,远程股份,C 制造业,腾讯前复权日K回退（成交额、换手率已提供）,False,2026-07-30,3.74,3.7399999999999998,3.679,True,True,True,True,3.95,-5.316455696202531,False,47.00211104311167,-0.10175857793112097,-0.16093701653949632,0.1183568772167507,True,False,False,False,,,10.261499678752651,8.591545244461336,13.601408547335282,False,False,2026-07-23,5.0,True,154074.0,166604.4,0.9247895013577073,False,58753100.00000001,2.15,27.327023255813963,-2.604166666666663,5.468749999999999,1.658059255232411,57.14285714285721,9.523809523809534,False,5.84,False,False,False,False,True,False
1179,002693,双成药业,C 制造业,腾讯前复权日K回退（成交额、换手率已提供）,False,2026-07-30,8.44,8.452000000000002,9.386,False,False,False,False,11.27,-25.110913930789707,False,40.74943857326345,-0.3065020119655486,-0.16644476254685533,-0.28011449883738654,False,True,False,False,,,20.540649416377146,24.349344520933048,12.923259207265339,False,False,,,False,158566.0,145847.8,1.0872018638608194,False,135205000.0,3.86,35.02720207253886,-0.7058823529411784,5.176470588235288,-10.078840826763262,77.27272727272732,22.72727272727267,False,12.43,False,True,True,False,True,False
1180,002694,*ST顾地,C 制造业,腾讯前复权日K回退（成交额、换手率已提供）,False,2026-07-30,1.96,1.9099999999999997,1.9970000000000003,True,False,False,True,2.33,-15.879828326180261,False,45.325386311182406,-0.09258157605514938,-0.10819449794719803,0.03122584378409729,True,False,False,False,2026-07-29,1.0,16.457610788617497,12.979647209410322,23.413537947031845,False,False,2026-07-23,5.0,True,40251.0,52867.8,0.7613519004006218,False,7837700.0,0.56,13.995892857142856,-1.0101010101010055,4.040404040404044,-1.8527791687531479,25.0,62.5,False,3.03,False,False,False,False,False,False
1181,002695,煌上煌,C 制造业,腾讯前复权日K回退（成交额、换手率已提供）,False,2026-07-30,9.19,8.922,9.6105,True,False,False,True,10.98,-16.302367941712212,False,43.450858374833516,-0.534275520766764,-0.5696755792871798,0.07080011704083167,True,False,True,False,,,24.0598910730747,19.66353259409806,32.85260803102798,False,False,2026-07-27,3.0,True,178533.0,120958.2,1.4759892260301493,False,166863400.0,3.49,47.81186246418338,-1.9210245464247544,7.7908217716115304,-4.375422714739093,50.684931506849175,10.958904109589044,False,13.3,False,False,False,False,False,False
1182,002696,百洋股份,C 制造业,腾讯前复权日K回退（成交额、换手率已提供）,False,2026-07-30,5.08,4.99,5.122,True,False,False,True,5.78,-12.110726643598618,False,47.34232823874758,-0.13008049204120375,-0.15739606558561473,0.05463114708882194,True,False,False,False,2026-07-29,1.0,15.680339188474923,12.396365907203359,22.24828575101805,False,False,2026-07-28,2.0,True,84589.0,91356.2,0.9259251150989205,False,43635500.0,2.53,17.24723320158103,-1.7408123791102459,4.835589941972921,-0.8199921905505626,35.99999999999994,24.0000000000002,False,6.89,False,False,False,False,True,False
1183,002697,红旗连锁,F 批发零售,腾讯前复权日K回退（成交额、换手率已提供）,False,2026-07-30,4.67,4.558,4.5125,True,True,True,True,4.78,-2.3012552301255296,False,59.357544790646635,0.027233876938397295,0.007046794613568007,0.040374164649658574,True,False,False,False,2026-07-02,20.0,36.78028960812799,33.38255801373729,43.575752796909384,False,False,,,False,254895.0,153394.0,1.661701239944196,False,119817500.0,2.23,53.72982062780269,0.8639308855291628,3.023758099352045,3.4903047091412684,64.28571428571433,35.71428571428567,False,5.12,False,False,False,False,True,False
1184,002698,博实股份,C 制造业,腾讯前复权日K回退（成交额、换手率已提供）,False,2026-07-30,13.42,12.992,12.5405,True,True,True,True,13.85,-3.1046931407942218,False,60.47545307574862,0.20266527231430942,0.07272609634184307,0.2598783519449327,True,False,False,False,2026-07-24,4.0,52.70603763458558,45.319584324835745,67.47894425408523,False,False,,,False,183888.0,165971.6,1.1079485887947094,False,248315500.0,2.18,113.90619266055045,0.2989536621823552,4.334828101644246,7.013276982576453,46.551724137930954,53.44827586206905,False,15.15,False,True,False,False,True,False
1185,002700,万憬能源,D 水电煤气,腾讯前复权日K回退（成交额、换手率已提供）,False,2026-07-30,5.5,5.644,5.6415,False,False,True,True,6.66,-17.41741741741742,False,38.8750568837071,-0.37722327435604,-0.46665112927072133,0.17885570982936272,True,False,False,False,2026-07-24,4.0,14.433433950551068,13.001575426367252,17.2971509989187,False,False,2026-07-21,7.0,True,85755.0,151077.8,0.5676214506697874,False,47639100.0,2.09,22.793827751196176,-2.4822695035460973,4.964539007092203,-2.5081981742444337,21.428571428571587,17.857142857142776,False,9.7,False,False,False,False,False,False
1186,002701,奥瑞金,C 制造业,腾讯前复权日K回退（成交额、换手率已提供）,False,2026-07-30,5.01,4.839999999999999,4.7090000000000005,True,True,True,True,4.98,0.6024096385542039,True,66.16558994119083,0.06926036636967758,0.028808343711808262,0.08090404531573864,True,False,False,False,,,55.117642099569984,48.061374755765314,69.23017678717932,False,False,,,False,296765.0,280377.2,1.0584491178312645,False,148102800.0,1.16,127.67482758620692,1.2121212121211977,2.020202020202031,6.392015289870445,20.000000000000355,79.99999999999964,True,5.48,False,False,False,False,False,False
1187,002702,海欣食品,C 制造业,腾讯前复权日K回退（成交额、换手率已提供）,False,2026-07-30,4.94,4.406000000000001,4.398,True,True,True,True,4.67,5.781584582441123,True,62.93412771967264,-0.0931046704529912,-0.16847420948014163,0.15073907805430087,True,False,False,False,2026-07-27,3.0,25.183150913900686,16.13669976838609,43.27605320492987,False,False,2026-07-23,5.0,True,359987.0,208233.2,1.7287685152991934,False,172610400.0,7.85,21.988585987261146,10.022271714922049,8.685968819599122,12.323783537971822,0.0,100.0,True,6.2,False,False,False,False,False,True
1188,002703,浙江世宝,C 制造业,腾讯前复权日K回退（成交额、换手率已提供）,False,2026-07-30,14.61,13.104,12.967500000000001,True,True,True,True,15.4,-5.1298701298701355,False,58.265374400197,-0.5415447833695275,-0.876312417759245,0.6695352687794349,True,False,False,False,2026-07-23,5.0,17.152775065875325,11.111249704179741,29.235825789266492,False,False,2026-07-21,7.0,True,490312.0,230658.8,2.1257025528616293,True,703339400.0,8.37,84.03099163679809,10.015060240963859,10.768072289156624,12.666281087333706,0.0,100.0,True,22.58,False,False,False,False,True,True
1189,002705,新宝股份,C 制造业,腾讯前复权日K回退（成交额、换手率已提供）,False,2026-07-30,11.78,11.4,11.379,True,True,True,True,11.8,-0.16949152542374024,False,56.79001723396247,-0.06770218412779094,-0.1473542611495865,0.1593041540435911,True,False,False,False,,,10.483603186914848,9.145160936509226,13.160487687726093,False,False,2026-07-29,1.0,True,106318.0,58933.2,1.8040425430826768,True,125073200.0,1.32,94.75242424242424,2.4347826086956514,4.173913043478264,3.5240355039985927,27.08333333333347,72.91666666666653,True,14.82,False,False,False,False,False,False
1190,002706,良信股份,C 制造业,腾讯前复权日K回退（成交额、换手率已提供）,False,2026-07-30,8.8,8.832,9.4845,False,False,False,False,10.91,-19.340054995417045,False,37.5830768884387,-0.6452528334700798,-0.6601505488772961,0.02979543081443259,True,False,False,False,2026-07-29,1.0,4.784104671620495,5.863801483442896,2.624711047975694,False,False,,,False,190998.0,192751.8,0.9909012522840254,False,168251600.0,2.09,80.50315789473684,-1.0123734533183382,3.487064116985382,-7.2170383256892805,48.38709677419358,48.38709677419358,False,15.4,False,True,False,False,False,False
1191,002707,众信旅游,L 商务服务,腾讯前复权日K回退（成交额、换手率已提供）,False,2026-07-30,5.05,4.962000000000001,4.8535,True,True,True,True,5.15,-1.9417475728155442,False,52.93455841729819,-0.0441944801688301,-0.10420639917866159,0.12002383801966299,True,False,False,False,2026-07-09,15.0,17.659628126509556,14.125157426902996,24.728569525722673,False,False,2026-07-27,3.0,True,215607.0,230829.4,0.9340534611275687,False,110798400.0,2.49,44.49734939759036,-0.5905511811023723,3.7401574803149686,4.0486247038219725,68.42105263157922,5.263157894736719,False,6.34,False,False,False,False,True,False
1192,002708,光洋股份,C 制造业,腾讯前复权日K回退（成交额、换手率已提供）,False,2026-07-30,9.25,9.544,10.4925,False,False,False,False,14.27,-35.17869656622285,False,33.2387374862665,-1.0214033067811172,-1.061602468949251,0.08039832433626737,True,False,False,False,2026-07-29,1.0,10.857410881789983,10.626265415777135,11.31970181381568,False,False,2026-07-23,5.0,True,179419.0,159776.2,1.1229394615718735,False,170220600.0,3.47,49.054927953890484,-5.804480651731159,5.804480651731145,-11.8417917560162,7.017543859648992,5.263157894736744,False,16.5,False,True,False,False,False,False
1193,002709,天赐材料,C 制造业,腾讯前复权日K回退（成交额、换手率已提供）,False,2026-07-30,35.68,36.976,39.545500000000004,False,False,False,False,56.8,-37.18309859154929,False,35.96155549586473,-3.4707271930361046,-3.706143789211149,0.4708331923500886,True,False,False,False,2026-07-28,2.0,12.047703019014753,12.037616157587244,12.067876741869767,False,False,2026-07-23,5.0,True,594544.0,811365.0,0.7327700849802493,False,2156664700.0,3.94,547.3768274111675,-3.017124218537648,4.294645284044573,-9.774816350785814,20.886075949367005,10.126582278480807,False,64.98,False,True,False,False,False,False
1194,002712,思美传媒,L 商务服务,腾讯前复权日K回退（成交额、换手率已提供）,False,2026-07-30,4.46,4.264,4.233,True,True,True,True,4.62,-3.463203463203466,False,54.50437065439848,-0.06588535851144961,-0.11725904511943464,0.10274737321597005,True,False,False,False,2026-07-08,16.0,17.989627268227053,13.822781867010926,26.323318070659308,False,False,2026-07-28,2.0,True,273009.0,135279.6,2.0181091605829704,True,123529500.0,5.05,24.461287128712872,2.0594965675057253,10.983981693363834,5.362626978502252,70.83333333333337,29.16666666666663,False,5.91,False,False,False,False,True,False
1195,002713,东易日盛,E 建筑业,腾讯前复权日K回退（成交额、换手率已提供）,False,2026-07-30,8.82,9.148,10.2525,False,False,False,False,12.95,-31.891891891891888,False,36.188065150826255,-0.7090057925745192,-0.6192612455916715,-0.17948909396569546,False,True,False,False,,,11.98968473029417,13.329844360279047,9.309365470324416,False,False,,,False,170220.0,229572.2,0.7414660834369318,False,153373500.0,3.23,47.48405572755418,-2.6490066225165587,5.518763796909492,-13.97220190197512,69.99999999999993,0.0,False,14.49,False,False,False,False,True,False
1196,002714,牧原股份,A 农林牧渔,腾讯前复权日K回退（成交额、换手率已提供）,False,2026-07-30,39.92,39.222,38.9205,True,True,True,True,41.55,-3.922984356197342,False,57.7131660025939,0.7194540471272504,0.7391505083652036,-0.03939292247590642,False,True,False,False,,,43.4435599770327,41.18331255441141,47.96405482227529,False,False,,,False,793583.0,467465.6,1.6976286597345345,False,3151523600.0,2.42,1302.2824793388431,2.6748971193415683,4.475308641975295,2.568055394971814,21.839080459769917,78.16091954023008,True,44.68,False,False,False,False,True,False
1197,002715,登云股份,C 制造业,腾讯前复权日K回退（成交额、换手率已提供）,False,2026-07-30,12.5,12.552000000000001,13.525,False,False,False,False,15.55,-19.614147909967848,False,38.58314267196839,-0.5505004195720353,-0.5161499852941416,-0.0687008685557875,False,True,False,False,,,15.083395530869948,14.909967658887973,15.430251274833896,False,False,2026-07-29,1.0,True,32151.0,24716.6,1.300785706771967,False,40265600.0,2.33,17.28137339055794,-2.5720966484801266,6.079501169134849,-7.578558225508321,38.461538461538495,38.461538461538495,False,18.98,False,False,False,False,True,False
1198,002716,湖南白银,C 制造业,腾讯前复权日K回退（成交额、换手率已提供）,False,2026-07-30,7.67,7.5840000000000005,7.6194999999999995,True,True,False,False,9.28,-17.349137931034477,False,46.56681637063717,-0.2921929649138644,-0.40710021133221147,0.2298144928366942,True,False,False,False,2026-07-22,6.0,13.586657780042685,11.532643254048898,17.69468683203026,False,False,2026-07-21,7.0,True,1293767.0,1404523.4,0.9211430724472088,False,1012688500.0,5.57,181.81122082585279,-1.6666666666666607,5.512820512820509,0.6627731478443525,30.23255813953467,16.279069767441936,False,13.3,False,False,False,False,True,False
1199,002717,*ST岭南,N 公共环保,腾讯前复权日K回退（成交额、换手率已提供）,False,2026-07-30,1.0,1.002,1.0145,False,False,False,False,1.12,-10.714285714285724,False,46.957843132547275,-0.01365006783694156,-0.01726222396893445,0.007224312263985781,True,False,False,False,2026-07-02,20.0,16.00262389982387,15.862143771776209,16.28358415591919,False,False,2026-07-29,1.0,True,388944.0,378250.0,1.028272306675479,False,39109800.0,2.26,17.305221238938056,-0.990099009900991,2.970297029702973,-1.429275505174959,66.66666666666666,33.33333333333333,False,1.43,False,True,False,False,False,False
1200,002718,友邦吊顶,C 制造业,腾讯前复权日K回退（成交额、换手率已提供）,False,2026-07-30,76.28,81.696,94.7005,False,False,False,False,115.7,-34.070872947277444,False,30.4585355764074,-5.948374900461687,-3.609652785241993,-4.677444230439388,False,True,False,False,,,41.787457989015735,46.79777314804229,31.766827670962627,False,False,,,False,20572.0,15459.4,1.3307114118271084,False,159765400.0,2.19,72.95223744292237,-6.918852959121413,9.93288590604027,-19.45132285468398,7.125307125307104,22.604422604422645,False,121.0,False,False,False,False,False,False
1201,002719,ST麦趣,C 制造业,腾讯前复权日K回退（成交额、换手率已提供）,False,2026-07-30,5.91,5.726000000000001,5.6705,True,True,True,True,6.42,-7.9439252336448565,False,50.12367573766281,-0.21758016058358276,-0.3124440560770559,0.18972779098694625,True,False,False,False,2026-07-23,5.0,19.69994268170858,16.429785079032843,26.24025788706006,False,False,2026-07-23,5.0,True,75664.0,54954.0,1.3768606470866542,False,44163000.0,4.67,9.456745182012847,3.141361256544495,5.933682373472962,4.223613437968441,20.588235294117684,79.41176470588232,True,8.35,False,False,False,False,False,False
1202,002721,金一文化,C 制造业,腾讯前复权日K回退（成交额、换手率已提供）,False,2026-07-30,2.38,2.314,2.2680000000000002,True,True,True,True,2.39,-0.4184100418410139,False,55.158360011803865,-0.0151705774900317,-0.04287086048649592,0.05540056599292843,True,False,False,False,,,18.238273771967467,14.935853850647232,24.843113614607933,False,False,2026-07-27,3.0,True,439021.0,377951.2,1.161581177675848,False,105178100.0,1.65,63.74430303030303,0.8474576271186418,3.3898305084745797,4.938271604938256,50.0,50.0,False,3.14,False,False,False,False,True,False
1203,002722,物产金轮,C 制造业,腾讯前复权日K回退（成交额、换手率已提供）,False,2026-07-30,12.26,11.99,11.9715,True,True,True,True,12.52,-2.076677316293928,False,52.73212025627227,-0.13492819886525176,-0.22909574226626317,0.18833508680202282,True,False,False,False,2026-07-02,20.0,17.458996256759036,14.482493627434428,23.412001515408253,False,False,2026-07-28,2.0,True,34783.0,29887.8,1.163785892571551,False,42712500.0,1.56,27.37980769230769,0.5742411812961423,2.789171452009843,2.4098901557866523,44.11764705882365,55.88235294117635,False,15.85,False,False,False,False,False,False
1204,002723,小崧股份,C 制造业,腾讯前复权日K回退（成交额、换手率已提供）,False,2026-07-30,6.42,6.634,7.660500000000001,False,False,False,False,9.74,-34.08624229979466,False,28.466998074507885,-0.5974419453495639,-0.49267634936588356,-0.20953119196736059,False,True,False,False,,,7.278472328939613,8.149010191569882,5.537396603679074,False,True,,,False,81563.0,89170.4,0.9146869364721927,False,53409000.0,2.57,20.781712062256812,-3.458646616541361,4.962406015037595,-16.19345995692188,30.303030303030187,9.090909090909165,False,11.0,False,True,False,False,True,False
1205,002724,海洋王,C 制造业,腾讯前复权日K回退（成交额、换手率已提供）,False,2026-07-30,5.24,5.132,4.9405,True,True,True,True,5.28,-0.7575757575757582,False,58.3734388140612,0.004365990868247849,-0.06391478236367967,0.13656154646385504,True,False,False,False,,,16.333238066922565,12.11991584074972,24.75988251926826,False,False,2026-07-23,5.0,True,64906.0,78305.2,0.8288849271823583,False,34051300.0,1.14,29.869561403508772,0.19120458891013214,2.485659655831738,6.062139459568872,46.15384615384589,53.84615384615411,False,6.35,False,False,False,False,True,False
1206,002725,跃岭股份,C 制造业,腾讯前复权日K回退（成交额、换手率已提供）,False,2026-07-30,10.5,10.936,10.911,False,False,True,False,12.89,-18.54150504266874,False,40.335827659971194,-0.5723248560680556,-0.7218305144376316,0.29901131673915193,True,False,False,False,2026-07-23,5.0,17.83513332562697,16.55279125855977,20.399817459761373,False,False,2026-07-21,7.0,True,63256.0,97157.8,0.6510645568343457,False,67286700.0,2.54,26.49082677165354,-3.934126258005488,5.397987191216833,-3.766840802859496,16.949152542372826,18.644067796610077,False,18.13,False,False,False,False,False,False
1207,002726,ST龙大,C 制造业,腾讯前复权日K回退（成交额、换手率已提供）,False,2026-07-30,2.19,1.9599999999999997,1.7850000000000001,True,True,True,True,2.21,-0.9049773755656116,False,66.77441766799984,0.11799305465192456,0.07922298962363711,0.0775401300565749,True,False,False,False,,,32.02912490322917,28.339679656980735,39.40801539572604,False,False,,,False,1489426.0,901625.0,1.651935117149591,False,316322000.0,10.95,28.887853881278538,5.288461538461542,14.423076923076913,22.689075630252088,29.99999999999997,70.00000000000003,True,2.72,False,False,False,False,False,True
1208,002727,一心堂,F 批发零售,腾讯前复权日K回退（成交额、换手率已提供）,False,2026-07-30,11.68,11.382,10.95,True,True,True,True,11.7,-0.1709401709401673,False,61.53405993588017,0.2024613906513526,0.10826125765435235,0.1884002659940005,True,False,False,False,2026-07-06,18.0,57.82643433933737,53.056301362777994,67.36670029245612,False,False,,,False,97866.0,92815.6,1.0544132667353332,False,113950900.0,2.49,45.763413654618475,0.7765314926660993,2.8472821397756696,6.6666666666666705,36.36363636363666,63.63636363636335,False,12.94,False,False,False,False,True,False
1209,002728,特一药业,C 制造业,腾讯前复权日K回退（成交额、换手率已提供）,False,2026-07-30,8.62,8.704,9.2035,False,False,False,False,10.51,-17.98287345385348,False,44.824867749475096,-0.08329981521497842,0.013035978545435277,-0.19267158752082741,False,True,False,False,,,28.01304942298267,30.523016286110373,22.993115696727266,False,False,,,False,166171.0,213291.0,0.7790811614179689,False,144762000.0,3.31,43.734743202416915,-1.4857142857142902,3.885714285714284,-6.339979355679913,67.64705882352956,11.764705882352695,False,10.51,False,True,False,False,True,False
1210,002729,好利科技,C 制造业,腾讯前复权日K回退（成交额、换手率已提供）,False,2026-07-30,12.78,12.756,13.637,True,False,False,True,19.58,-34.72931562819203,False,36.4587755303314,-1.3234362377002462,-1.476170081737711,0.30546768807492963,True,False,False,False,2026-07-28,2.0,12.415176373195337,10.447072003110362,16.351385113365286,False,False,2026-07-23,5.0,True,47682.0,42247.0,1.1286481880370203,False,61476800.0,2.72,22.60176470588235,-3.1084154662623265,4.321455648218336,-6.284373395908199,19.29824561403504,26.31578947368403,False,21.86,False,False,False,False,True,False
1211,002730,电光科技,C 制造业,腾讯前复权日K回退（成交额、换手率已提供）,False,2026-07-30,19.39,21.032,24.2525,False,False,False,False,29.79,-34.91104397448808,False,28.8731021625846,-2.2273811167785382,-1.9046579947475575,-0.6454462440619615,False,True,False,False,,,12.658934029497283,17.888129683651137,2.200542721189578,False,False,,,False,102435.0,104136.6,0.9836599236003479,False,204464600.0,2.96,69.07587837837838,-8.104265402843602,8.909952606635066,-20.049479435109784,17.553191489361623,4.7872340425531865,False,35.9,False,True,False,False,False,False
1212,002731,*ST萃华,C 制造业,腾讯前复权日K回退（成交额、换手率已提供）,False,2026-07-30,2.06,1.8399999999999999,2.5745,True,False,False,True,4.82,-57.26141078838174,False,26.812118319944403,-1.0367116329930623,-1.1578734740963972,0.24232368220666967,True,False,False,False,2026-07-27,3.0,1.6840266629611422,1.276898375043643,2.498283238796141,False,False,2026-07-29,1.0,True,587533.0,513076.2,1.1451184054142445,False,113199400.0,25.58,4.425308835027366,10.160427807486627,13.36898395721925,-19.98446300252476,0.0,100.0,True,8.68,False,True,False,False,False,True
1213,002732,燕塘乳业,C 制造业,腾讯前复权日K回退（成交额、换手率已提供）,False,2026-07-30,13.23,12.668,12.7165,True,True,False,True,13.63,-2.934702861335292,False,54.81588145802965,-0.17376115263540015,-0.28627550390772205,0.2250287025446438,True,False,False,False,2026-07-03,19.0,15.486900214321855,10.73721817788403,24.986264287197503,False,False,2026-07-28,2.0,True,50684.0,23381.6,2.167687412324221,True,67651300.0,3.24,20.88003086419753,1.224177505738333,5.355776587605197,4.038060787166284,62.85714285714285,37.14285714285715,False,16.52,False,False,False,False,True,False
1214,002733,雄韬股份,C 制造业,腾讯前复权日K回退（成交额、换手率已提供）,False,2026-07-30,16.83,17.772,20.6685,False,False,False,False,28.48,-40.9058988764045,False,29.007570106635015,-3.1426787020862754,-3.143968773111829,0.002580142051106904,True,False,True,False,,,6.502698032622884,7.516559060741362,4.474975976385926,False,True,,,False,148776.0,125463.6,1.1858100676212064,False,255345800.00000003,4.03,63.36124069478909,-6.239554317548757,6.462395543175488,-18.571739603744845,10.34482758620698,6.034482758620407,False,37.98,False,True,False,False,False,False
1215,002734,利民股份,C 制造业,腾讯前复权日K回退（成交额、换手率已提供）,False,2026-07-30,13.11,13.096,14.616,True,False,False,False,18.4,-28.749999999999996,False,34.44593653915402,-1.0177526012431848,-0.9229971703186326,-0.18951086184910437,False,True,False,False,,,16.6385517879726,14.313554892635183,21.288545578647426,False,False,2026-07-23,5.0,True,107874.0,100614.2,1.0721548250644541,False,143223100.0,2.48,57.75125,-1.5026296018031626,4.207362885048839,-10.30377668308703,58.92857142857139,16.07142857142853,False,19.58,False,True,False,False,True,False
1216,002735,王子新材,C 制造业,腾讯前复权日K回退（成交额、换手率已提供）,False,2026-07-30,10.42,10.472,11.3705,False,False,False,True,16.45,-36.65653495440729,False,34.76648557477232,-1.3957448749077894,-1.525896586004358,0.2603034221931373,True,False,False,False,2026-07-28,2.0,13.573053886495359,11.878339117797253,16.96248342389157,False,False,2026-07-21,7.0,True,143542.0,180344.2,0.795933553726707,False,152373200.0,5.04,30.232777777777777,-3.518518518518521,5.555555555555552,-8.359350952024975,36.6666666666668,6.666666666666529,False,21.44,False,False,False,False,True,False
1217,002736,国信证券,J 金融业,腾讯前复权日K回退（成交额、换手率已提供）,False,2026-07-30,10.32,10.148,10.2185,True,True,False,True,10.57,-2.3651844843897827,False,53.6992802925807,0.014487407960251275,0.01757109287635972,-0.0061673698322168916,False,True,False,False,,,28.0605246317717,24.69299484520265,34.795584204909794,False,False,,,False,339897.0,264586.0,1.2846371312163154,False,348790100.0,0.35,996.5431428571429,1.0773751224289807,1.860920666013707,0.9932964720849411,10.526315789473488,89.47368421052651,True,10.61,False,False,False,False,False,False
1218,002737,葵花药业,C 制造业,腾讯前复权日K回退（成交额、换手率已提供）,False,2026-07-30,13.66,13.492,13.048000000000002,True,True,True,True,14.02,-2.5677603423680417,False,62.85307992065418,0.34928669457619854,0.2966628866462323,0.10524761585993248,True,False,False,False,2026-07-03,19.0,80.68895910032505,76.90634591930642,88.2541854623623,False,False,,,False,64630.0,60431.2,1.0694806656164366,False,88332800.0,1.11,79.5790990990991,-0.4373177842565634,2.988338192419826,4.690374003678712,53.658536585365994,46.341463414634006,False,14.02,False,False,False,True,True,False
1219,002738,中矿资源,C 制造业,腾讯前复权日K回退（成交额、换手率已提供）,False,2026-07-30,47.31,48.172000000000004,51.334,False,False,False,False,68.18,-30.610149603989445,False,39.205775082363225,-3.3193045599122826,-3.590310547328107,0.5420119748316488,True,False,False,False,2026-07-27,3.0,10.717870530775464,10.2081986546784,11.737214282969592,False,False,2026-07-22,6.0,True,201304.0,302616.2,0.6652122391332651,False,965430500.0,2.83,341.141519434629,-2.8542094455852207,5.07186858316223,-7.838859235594345,31.17408906882596,20.647773279352382,False,94.1,False,True,False,False,True,False
1220,002739,儒意电影,R 文化传播,腾讯前复权日K回退（成交额、换手率已提供）,False,2026-07-30,8.53,8.75,9.3495,False,False,False,False,11.26,-24.245115452930733,False,42.627291320323764,-0.12354761137614112,0.00019698926137977357,-0.2474892012750418,False,True,False,False,,,32.600003674562494,38.36924651703435,21.061517989618793,False,False,,,False,807997.0,994050.6,0.8128328678640705,False,697882899.9999999,3.85,181.26828571428567,-2.1788990825688193,4.357798165137603,-8.765174608267836,57.89473684210511,15.78947368421023,False,11.26,False,False,False,False,True,False
1221,002741,光华科技,C 制造业,腾讯前复权日K回退（成交额、换手率已提供）,False,2026-07-30,20.09,21.747999999999998,26.4095,False,False,False,False,36.88,-45.52603036876356,False,32.05477519671979,-2.833015544090717,-2.2006509524114204,-1.2647291833585932,False,True,False,False,,,20.357713944452843,24.39298767190762,12.287166489543296,False,False,,,False,260035.0,226098.0,1.1500986297976983,False,533099400.0,6.05,88.11560330578513,-6.947660954145441,8.244557665585925,-23.92888922546811,13.483146067415634,15.73033707865174,False,42.15,False,False,False,False,False,False
1222,002742,冀衡医药,C 制造业,腾讯前复权日K回退（成交额、换手率已提供）,False,2026-07-30,3.5,3.404,3.4965,True,True,False,True,3.88,-9.793814432989688,False,48.191924539155316,-0.09318715112185627,-0.11630625728104782,0.0462382123183831,True,False,False,False,2026-07-27,3.0,12.300924318419668,10.909143762588469,15.084485430082065,False,False,2026-07-29,1.0,True,91778.0,75367.2,1.2177445891581484,False,32222700.0,1.75,18.412971428571428,0.8645533141210304,4.322766570605185,0.10010010010009542,53.333333333333414,46.666666666666586,False,5.26,False,True,True,False,True,False
1223,002743,富煌钢构,C 制造业,腾讯前复权日K回退（成交额、换手率已提供）,False,2026-07-30,3.53,3.464,3.6695,True,False,False,True,4.18,-15.550239234449759,False,41.401539665623496,-0.20817086177456323,-0.23469185407175477,0.053041984594383085,True,False,False,False,2026-07-29,1.0,12.651113222324513,9.4694650042729,19.01440965842774,False,False,2026-07-21,7.0,True,88621.0,93706.0,0.9457345314067402,False,31836600.0,2.04,15.606176470588236,-2.216066481994461,4.986149584487539,-3.80160784848073,44.44444444444444,16.666666666666544,False,5.58,False,False,False,False,True,False
1224,002745,木林森,C 制造业,腾讯前复权日K回退（成交额、换手率已提供）,False,2026-07-30,10.11,10.562000000000001,11.308000000000002,False,False,False,False,13.98,-27.6824034334764,False,41.640502927919755,-0.23629317857000665,-0.06848744833380979,-0.3356114604723937,False,True,False,False,,,43.57316665801593,47.12945868137343,36.46058261130092,False,False,,,False,602025.0,612290.6,0.9832341048515199,False,617150300.0,5.66,109.0371554770318,-4.170616113744085,7.298578199052128,-10.594269543685904,33.76623376623375,12.987012987012946,False,13.98,False,True,True,False,False,False
1225,002746,仙坛股份,C 制造业,腾讯前复权日K回退（成交额、换手率已提供）,False,2026-07-30,6.04,5.966,5.778499999999999,True,True,True,True,6.33,-4.58135860979463,False,62.4245679649053,0.13553630742096434,0.11466524462283376,0.04174212559626117,True,False,False,False,2026-07-02,20.0,75.7648767034955,73.04291594370667,81.20879822307316,False,False,,,False,135267.0,114264.8,1.1838028859281249,False,81896200.0,1.91,42.87759162303665,0.6666666666666599,2.6666666666666545,4.525395863978554,62.500000000000064,37.49999999999993,False,6.33,False,False,False,False,True,False
1226,002747,埃斯顿,C 制造业,腾讯前复权日K回退（成交额、换手率已提供）,False,2026-07-30,27.95,30.188,37.4835,False,False,False,False,49.0,-42.95918367346939,False,35.94729464759243,-1.8726787362390596,-0.5080484092625791,-2.729260653952961,False,True,False,False,,,37.215014719101376,42.8109859542491,26.02307224880593,False,False,,,False,848710.0,712333.0,1.1914511892612023,False,2449273300.0,10.85,225.7394746543779,-10.012878300064386,9.143593045717965,-25.433857563994827,10.211267605633774,0.0,False,49.0,False,True,False,False,True,False
1227,002748,世龙实业,C 制造业,腾讯前复权日K回退（成交额、换手率已提供）,False,2026-07-30,10.36,10.036,10.522,True,False,False,True,12.2,-15.081967213114753,False,48.40415104824191,-0.2568194027099846,-0.2662712136031614,0.01890362178635363,True,False,True,False,,,23.965279311738936,19.060696030160074,33.77444587489666,False,False,2026-07-28,2.0,True,45081.0,49289.2,0.9146222701930646,False,46969900.0,1.88,24.98398936170213,-1.520912547528519,2.661596958174899,-1.5396312488120207,42.85714285714268,21.42857142857102,False,12.9,False,False,False,False,True,False
1228,002749,国光股份,C 制造业,腾讯前复权日K回退（成交额、换手率已提供）,False,2026-07-30,9.37,8.892000000000001,8.3225,True,True,True,True,9.12,2.741228070175439,True,72.2361613203735,0.1277785555921973,-0.03190894368756934,0.3193749985595333,True,False,False,False,,,36.00085223064516,26.72644681868465,54.54966305456617,False,False,2026-07-23,5.0,True,63549.0,49846.0,1.274906712675039,False,59128300.0,1.17,50.537008547008554,3.880266075388028,4.87804878048782,12.58636227095223,20.454545454545766,79.54545454545423,True,10.49,False,False,False,False,False,False
1229,002752,昇兴股份,C 制造业,腾讯前复权日K回退（成交额、换手率已提供）,False,2026-07-30,5.82,5.832,5.9590000000000005,False,False,False,True,6.45,-9.767441860465114,False,44.63713806473045,-0.10100403846172057,-0.11402688034040079,0.02604568375736044,True,False,False,False,2026-07-28,2.0,16.97709437656627,16.623365667484425,17.684551794729963,False,False,2026-07-29,1.0,True,120176.0,103109.4,1.1655193415925222,False,70464400.0,1.23,57.288130081300814,-1.8549747048903775,3.2040472175379495,-2.3326061419701327,26.315789473684063,31.57894736842125,False,7.7,False,False,False,False,True,False
1230,002753,永东股份,C 制造业,腾讯前复权日K回退（成交额、换手率已提供）,False,2026-07-30,6.02,5.944,5.9254999999999995,True,True,True,True,6.19,-2.7463651050080906,False,50.922586112232324,-0.06379919415004487,-0.10472362020244719,0.08184885210480464,True,False,False,False,2026-07-06,18.0,17.060631889583945,14.771609555564021,21.638676557623793,False,False,2026-07-27,3.0,True,28154.0,28826.6,0.9766673835970944,False,17028400.0,0.95,17.92463157894737,0.0,2.82392026578073,1.5948021264028358,52.94117647058817,41.176470588234956,False,7.5,False,True,False,False,False,False
1231,002755,奥赛康,C 制造业,腾讯前复权日K回退（成交额、换手率已提供）,False,2026-07-30,12.74,12.847999999999999,13.8315,False,False,False,False,15.69,-18.801784576163158,False,39.97151111545393,-0.3256426497142524,-0.2116565888959494,-0.22797212163660596,False,True,False,False,,,14.696791047986109,17.264722940080382,9.56092726379756,False,False,,,False,94450.0,101110.8,0.9341237533478125,False,121485500.0,1.02,119.10343137254903,-2.599388379204892,4.8165137614678954,-7.891407294942702,34.92063492063498,22.222222222222285,False,17.98,False,True,False,False,True,False
1232,002756,永兴材料,C 制造业,腾讯前复权日K回退（成交额、换手率已提供）,False,2026-07-30,45.79,45.791999999999994,47.6965,False,False,False,False,64.6,-29.117647058823525,False,40.23979607805375,-3.586652122938588,-4.279548888814786,1.3857935317523964,True,False,False,False,2026-07-27,3.0,12.157103983821612,10.388624337758133,15.694063275948569,False,False,2026-07-22,6.0,True,119175.0,156588.8,0.761069757224016,False,552338600.0,3.08,179.33071428571427,-2.449936088623772,3.962505325948017,-3.9971486377407177,35.48387096774214,13.97849462365581,False,89.49,False,True,False,False,False,False
1233,002757,南兴股份,C 制造业,腾讯前复权日K回退（成交额、换手率已提供）,False,2026-07-30,15.36,15.454000000000002,16.4185,False,False,False,False,19.2,-20.0,False,35.74347456552124,-1.2367222912494213,-1.3879436224886914,0.3024426624785401,True,False,False,False,2026-07-24,4.0,8.488834521568235,7.890185257900164,9.686133048904374,False,False,2026-07-21,7.0,True,221283.0,87173.4,2.538423418152785,True,352775100.0,7.85,44.939503184713374,-2.3521932612841745,9.090909090909088,-6.446995766970199,60.8391608391608,1.398601398601369,False,32.6,False,False,False,False,True,False
1234,002758,浙农股份,F 批发零售,腾讯前复权日K回退（成交额、换手率已提供）,False,2026-07-30,7.88,7.764,7.715000000000001,True,True,True,True,8.06,-2.233250620347402,False,53.00932063555062,-0.017342717051932688,-0.051290608300456605,0.06789578249704784,True,False,False,False,2026-07-14,12.0,17.470243305732183,14.845617325570325,22.719495266055898,False,False,2026-07-28,2.0,True,49630.0,44298.2,1.1203615496792196,False,39147100.0,0.96,40.77822916666667,0.12706480304955914,1.3977128335451008,2.138690861957215,45.454545454545524,54.545454545454476,False,8.93,False,False,False,False,True,False
1235,002759,ST天际,C 制造业,腾讯前复权日K回退（成交额、换手率已提供）,False,2026-07-30,14.61,14.785999999999998,17.656,False,False,False,True,27.27,-46.424642464246425,False,33.49006601146043,-3.1374321470052067,-3.3770232796370623,0.4791822652637112,True,False,False,False,2026-07-28,2.0,9.605323427474682,7.737963843022571,13.340042596378906,False,False,2026-07-22,6.0,True,449069.0,602275.6,0.7456204435311675,False,679341000.0,8.96,75.81930803571429,-1.8804566823371505,6.044325050369378,-17.25192569098323,77.77777777777767,1.111111111111087,False,41.9,False,False,False,False,False,False
1236,002760,凤形股份,C 制造业,腾讯前复权日K回退（成交额、换手率已提供）,False,2026-07-30,15.9,15.712,16.1385,True,False,False,True,19.29,-17.57387247278382,False,45.012285219661585,-0.5635066777807705,-0.6804985822488988,0.2339838089362567,True,False,False,False,2026-07-27,3.0,15.31967076866006,13.610720536513838,18.737571232952504,False,False,2026-07-27,3.0,True,39396.0,40910.2,0.9629872256796594,False,62963400.0,3.65,17.250246575342466,-1.4259144451332806,4.897706137631748,-1.4778325123152718,40.50632911392404,34.17721518987332,False,26.5,False,False,False,False,False,False
1237,002761,浙江建投,E 建筑业,腾讯前复权日K回退（成交额、换手率已提供）,False,2026-07-30,7.49,7.136,6.9365000000000006,True,True,True,True,7.29,2.7434842249657088,True,64.91984882267111,0.030853617392439858,-0.054891623212197295,0.1714904812092743,True,False,False,False,2026-07-03,19.0,29.059405918470713,23.74821973165048,39.681778292111176,False,False,,,False,208346.0,102805.4,2.026605606320291,True,155060600.0,1.93,80.34227979274611,3.1680440771350016,4.958677685950406,7.979528580696312,27.77777777777772,72.22222222222227,True,9.23,False,False,False,False,False,False
1238,002762,金发拉比,C 制造业,腾讯前复权日K回退（成交额、换手率已提供）,False,2026-07-30,8.12,8.046,7.788499999999999,True,True,True,True,8.85,-8.248587570621474,False,53.8440982720063,-0.10961979835582714,-0.21929978580624707,0.21935997490083986,True,False,False,False,2026-07-27,3.0,45.9318962465766,40.06414425542567,57.66740022887846,False,False,,,False,49765.0,69563.4,0.7153905645784997,False,41099399.99999999,2.35,17.48910638297872,-0.7334963325183463,5.134474327628361,4.256275277652952,61.90476190476186,9.523809523809321,False,9.84,False,False,False,False,False,False
1239,002763,汇洁股份,C 制造业,腾讯前复权日K回退（成交额、换手率已提供）,False,2026-07-30,7.05,6.840000000000001,6.939,True,True,False,True,7.42,-4.986522911051215,False,50.82090798382311,-0.13346488383380706,-0.17978317525533338,0.09263658284305265,True,False,False,False,2026-07-28,2.0,24.182272369932353,21.707418749557693,29.131979610681675,False,False,,,False,85050.0,66054.2,1.2875789881642652,False,60505700.0,2.8,21.609178571428572,0.14204545454545858,3.1249999999999964,1.599654128837005,72.72727272727288,22.72727272727267,False,9.5,False,True,False,False,True,False
1240,002765,蓝黛科技,C 制造业,腾讯前复权日K回退（成交额、换手率已提供）,False,2026-07-30,6.43,6.337999999999999,6.802,True,False,False,True,8.19,-21.489621489621488,False,38.25140471265838,-0.3767268594557702,-0.4080371891824212,0.06262065945330197,True,False,False,False,2026-07-29,1.0,7.492971670600963,6.154159053992472,10.170596903817946,False,False,2026-07-28,2.0,True,104194.0,83907.6,1.2417707096854158,False,67725100.0,1.75,38.70005714285714,-0.7716049382716195,3.0864197530864224,-5.468979711849455,54.99999999999967,20.0,False,10.24,False,False,False,False,True,False
1241,002766,索菱股份,C 制造业,腾讯前复权日K回退（成交额、换手率已提供）,False,2026-07-30,3.81,3.6719999999999997,3.6059999999999994,True,True,True,True,4.0,-4.749999999999998,False,52.74888370334897,-0.05759877721162354,-0.11504062197032715,0.11488368951740721,True,False,False,False,2026-07-03,19.0,18.674780837007244,15.39976682969949,25.22480885162275,False,False,2026-07-28,2.0,True,295080.0,226900.6,1.300481356153311,False,114902200.0,3.44,33.4018023255814,-0.2617801047120394,7.853403141361263,5.6572379367720655,89.99999999999993,10.000000000000075,False,5.55,False,True,True,False,True,False
1242,002767,先锋电子,C 制造业,腾讯前复权日K回退（成交额、换手率已提供）,False,2026-07-30,15.41,15.585999999999999,17.1165,False,False,False,False,21.39,-27.95698924731183,False,38.62028898549653,-0.6530791392698916,-0.49401635411933165,-0.3181255703011199,False,True,False,False,,,8.66811180991204,10.134994163322231,5.734347103091654,False,False,,,False,40159.0,31371.2,1.2801231702963227,False,61926000.0,3.08,20.105844155844153,-2.8373266078184023,6.179066834804532,-9.969912073145787,18.367346938775505,44.89795918367348,False,21.39,False,True,False,False,False,False
1243,002768,国恩股份,C 制造业,腾讯前复权日K回退（成交额、换手率已提供）,False,2026-07-30,44.09,46.977999999999994,52.2385,False,False,False,False,62.66,-29.63613150335141,False,39.653677660136125,-1.224461015981177,-0.0952908118590966,-2.2583404082441607,False,True,False,False,,,51.840992385599954,56.33422096879568,42.854535219208515,False,False,,,False,126381.0,98171.2,1.2873531137441532,False,568441100.0,4.89,116.24562372188139,-7.6842546063651485,8.186767169179237,-15.59864850636982,0.5115089514067291,5.626598465473293,False,62.66,False,False,False,False,True,False
1244,002769,普路通,L 商务服务,腾讯前复权日K回退（成交额、换手率已提供）,False,2026-07-30,6.47,6.384,6.4,True,True,False,True,6.9,-6.2318840579710235,False,45.86805072410342,-0.21765166155690086,-0.3029709488039073,0.17063857449401287,True,False,False,False,2026-07-02,20.0,9.013885154173755,7.13836736353361,12.764920735454043,False,False,2026-07-23,5.0,True,64809.0,63284.0,1.0240977182226154,False,42509500.0,1.74,24.43074712643678,-1.2213740458015265,4.12213740458016,1.0937499999999907,55.55555555555559,14.814814814814802,False,10.22,False,False,False,False,False,False
1245,002771,真视通,I 信息技术,腾讯前复权日K回退（成交额、换手率已提供）,False,2026-07-30,11.41,11.552,12.2345,False,False,False,False,14.59,-21.79575051405072,False,37.852171734694856,-0.6496121378060433,-0.7092063840988511,0.11918849258561548,True,False,False,False,2026-07-28,2.0,11.124195485729189,10.573600739239584,12.225384978708398,False,False,2026-07-22,6.0,True,78482.0,70378.4,1.11514328259807,False,91098700.00000001,4.5,20.24415555555556,-2.561912894961582,4.782237403928271,-6.739139319138506,62.49999999999988,8.928571428571548,False,17.98,False,True,False,False,True,False
1246,002772,众兴菌业,A 农林牧渔,腾讯前复权日K回退（成交额、换手率已提供）,False,2026-07-30,9.92,9.778,11.196000000000002,True,False,False,True,14.06,-29.445234708392604,False,37.78495437744599,-0.8536019137428781,-0.8170002770254431,-0.07320327343486999,False,True,False,False,,,6.6190283014417775,5.7027567359958375,8.451571432333658,False,False,2026-07-29,1.0,True,177967.0,141500.0,1.2577173144876326,False,180465200.0,4.79,37.675407098121084,-2.4582104228121904,4.8180924287119,-11.396927474097906,53.061224489795855,4.081632653061136,False,16.97,False,False,False,False,False,False
1247,002773,康弘药业,C 制造业,腾讯前复权日K回退（成交额、换手率已提供）,False,2026-07-30,21.46,21.412,22.2865,True,False,False,True,24.13,-11.06506423539162,False,47.299780313712525,-0.021127993200821038,0.14211676857210617,-0.3264895235458544,False,True,False,False,,,23.532218121175628,24.862971557137737,20.870711249251407,False,False,,,False,55812.0,70732.2,0.789060710680567,False,120604500.0,0.81,148.89444444444442,-0.8317929759704246,3.049907578558226,-3.708523096942092,62.12121212121213,21.212121212121293,False,24.13,False,False,False,False,False,False
1248,002774,快意电梯,C 制造业,腾讯前复权日K回退（成交额、换手率已提供）,False,2026-07-30,13.47,15.474,15.336500000000001,False,False,True,False,17.65,-23.682719546742202,False,43.063181669158936,0.4187357051459841,0.69064524072965,-0.5438190711673316,False,True,False,False,,,67.46439922165617,76.56539602334448,49.26240561827956,False,False,,,False,151229.0,152039.0,0.994672419576556,False,217386900.0,5.37,40.48173184357542,-10.020040080160319,15.03006012024048,-12.1703126528217,38.66666666666671,0.0,False,17.65,False,True,False,False,True,False
1249,002775,文科股份,E 建筑业,腾讯前复权日K回退（成交额、换手率已提供）,False,2026-07-30,3.6,3.7479999999999998,3.3924999999999996,False,True,True,True,4.16,-13.461538461538463,False,51.85961949745748,0.02182618882900389,-0.05944585873216972,0.16254409512234722,True,False,False,False,2026-07-22,6.0,51.812443424581,44.35235227570197,66.73262572233905,False,False,2026-07-22,6.0,True,299820.0,331684.4,0.9039315686839657,False,110177099.99999999,5.16,21.352151162790694,-6.005221932114879,8.877284595300269,6.116433308769358,20.588235294117712,20.588235294117712,False,4.33,False,False,False,False,False,False
1250,002777,久远银海,I 信息技术,腾讯前复权日K回退（成交额、换手率已提供）,False,2026-07-30,12.75,12.376,12.269,True,True,True,True,12.91,-1.2393493415956633,False,52.85909426849198,-0.14377527523881461,-0.27055619558916977,0.2535618407007103,True,False,False,False,2026-07-03,19.0,13.337276747162358,10.536112568617476,18.939605104252124,False,False,2026-07-28,2.0,True,92300.0,68439.8,1.3486304752497815,False,118365800.0,2.28,51.91482456140351,1.1904761904761862,2.61904761904762,3.920449914418452,54.545454545454454,45.45454545454555,False,17.5,False,False,False,False,True,False
1251,002778,中晟高科,C 制造业,腾讯前复权日K回退（成交额、换手率已提供）,False,2026-07-30,13.91,14.169999999999998,14.592500000000001,False,False,False,False,16.6,-16.20481927710844,False,38.3378307685492,-0.6706891770049666,-0.7689198715515693,0.19646138909320543,True,False,False,False,2026-07-24,4.0,12.258577583053741,11.30006213537836,14.175608478404502,False,False,2026-07-23,5.0,True,50416.0,21840.6,2.308361491900406,True,71237400.0,4.08,17.460147058823527,-4.068965517241374,7.5862068965517215,-4.677060133630296,30.909090909090907,15.454545454545453,False,21.21,False,True,True,False,True,False
1252,002779,中坚科技,C 制造业,腾讯前复权日K回退（成交额、换手率已提供）,False,2026-07-30,55.16,56.598,65.877,False,False,False,False,86.7,-36.378316032295274,False,31.951161886763487,-5.497092206371811,-4.71861149374837,-1.5569614252468806,False,True,False,False,,,4.201486590229497,5.219587205507202,2.1652853596740886,False,False,,,False,22515.0,21436.0,1.0503358835603658,False,125713400.0,1.36,92.43632352941175,-3.751526784156356,6.839993020415276,-16.26819679098927,29.081632653061096,28.061224489795812,False,87.57,False,False,False,False,True,False
1253,002780,三夫户外,F 批发零售,腾讯前复权日K回退（成交额、换手率已提供）,False,2026-07-30,12.55,12.368,12.497,True,True,False,True,13.78,-8.925979680696653,False,48.893564593290336,-0.2142999941048256,-0.29536048042519625,0.16212097264074132,True,False,False,False,2026-07-28,2.0,19.94632828197494,17.2117362686583,25.415512308608214,False,False,2026-07-27,3.0,True,74922.0,86508.8,0.866062180957313,False,96046500.0,5.73,16.762041884816753,-1.413982717989004,4.241948153967001,0.4241017844282694,72.22222222222244,0.0,False,17.42,False,False,False,False,True,False
1254,002782,可立克,C 制造业,腾讯前复权日K回退（成交额、换手率已提供）,False,2026-07-30,13.21,13.896,15.7245,False,False,False,False,21.4,-38.27102803738317,False,26.634783954614676,-2.116014910064518,-2.208591538557194,0.18515325698535268,True,False,False,False,2026-07-28,2.0,6.760185171084192,7.29530824786078,5.689939017531016,False,True,,,False,138139.0,103142.4,1.3393037199056839,False,185606000.0,2.82,65.8177304964539,-5.575411007862751,5.9328091493924235,-15.990969506184616,12.048192771084294,13.253012048192916,False,31.23,False,True,False,False,True,False
1255,002783,凯龙股份,C 制造业,腾讯前复权日K回退（成交额、换手率已提供）,False,2026-07-30,7.27,7.153999999999999,7.080499999999999,True,True,True,True,7.54,-3.5809018567639317,False,52.097772599714425,-0.0817273088659185,-0.14614246532301892,0.12883031291420083,True,False,False,False,2026-07-16,10.0,16.491453587098714,13.520969603013896,22.43242155526835,False,False,2026-07-23,5.0,True,88659.0,49922.8,1.775922023604445,False,65367500.0,1.92,34.04557291666667,0.13774104683195176,4.545454545454546,2.676364663512474,84.8484848484849,15.151515151515094,False,9.24,False,True,True,False,True,False
1256,002785,万里石,C 制造业,腾讯前复权日K回退（成交额、换手率已提供）,False,2026-07-30,30.78,32.604,36.160000000000004,False,False,False,False,46.79,-34.216712972857444,False,30.455132500385332,-2.647644496114701,-2.375302529836923,-0.5446839325555564,False,True,False,False,,,5.023318076556745,6.790854055957035,1.488246117756164,False,False,,,False,51279.0,44889.8,1.1423307744743794,False,161921400.0,2.65,61.10241509433963,-6.727272727272727,7.030303030303031,-14.8783185840708,3.879310344827733,4.310344827586268,False,57.3,False,False,False,False,False,False
1257,002786,银宝山新,C 制造业,腾讯前复权日K回退（成交额、换手率已提供）,False,2026-07-30,7.25,7.252,7.504,False,False,False,True,8.19,-11.477411477411472,False,43.58052867136696,-0.1827060871880537,-0.18126362256626347,-0.0028849292435804696,False,True,False,False,,,16.255505571626028,16.92978546649196,14.906945781894159,False,False,,,False,71727.0,86386.6,0.8303023848606149,False,52607700.00000001,1.45,36.28117241379311,-2.1592442645074206,3.6437246963562813,-3.384861407249461,59.25925925925921,14.814814814814802,False,9.7,False,False,False,False,True,False
1258,002787,华源控股,C 制造业,腾讯前复权日K回退（成交额、换手率已提供）,False,2026-07-30,17.94,20.092000000000002,23.88,False,False,False,False,34.49,-47.98492316613511,False,30.4923418441181,-2.2180709046488687,-1.6077827205807331,-1.2205763681362711,False,True,False,False,,,36.025658498339176,40.8967604555693,26.283454583878935,False,False,,,False,212696.0,165298.4,1.2867396175643564,False,384792000.0,8.57,44.89988331388565,-6.8051948051948035,10.649350649350653,-24.874371859296474,18.04878048780475,29.756097560975746,False,34.99,False,False,False,False,False,False
1259,002788,鹭燕医药,F 批发零售,腾讯前复权日K回退（成交额、换手率已提供）,False,2026-07-30,9.98,9.836,10.192,True,False,False,True,12.31,-18.92770105605199,False,46.58337714226216,-0.268492762445268,-0.2794774977934181,0.021969470696300175,True,False,True,False,,,8.54945125226599,8.176814934495939,9.294723887806096,False,False,2026-07-29,1.0,True,223813.0,203070.4,1.1021448719261893,False,225837200.0,5.86,38.53877133105802,0.10030090270811698,5.917753259779336,-2.080062794348506,77.96610169491511,22.033898305084882,False,15.29,False,True,False,False,True,False
1260,002789,*ST建艺,E 建筑业,腾讯前复权日K回退（成交额、换手率已提供）,False,2026-07-30,8.82,8.864,9.675,False,False,False,True,12.26,-28.058727569331154,False,35.001359668563396,-0.8962570298020704,-0.9326769166640408,0.07283977372394079,True,False,False,False,2026-07-29,1.0,12.668493002093902,11.507176340610433,14.991126325060836,False,False,2026-07-24,4.0,True,23021.0,22109.0,1.0412501696141843,False,20405800.0,1.47,13.881496598639457,-1.6722408026755842,4.6822742474916375,-8.837209302325585,42.857142857143224,26.19047619047606,False,15.61,False,False,False,False,True,False
1261,002790,瑞尔特,C 制造业,腾讯前复权日K回退（成交额、换手率已提供）,False,2026-07-30,5.5,5.45,5.493,True,True,False,True,5.82,-5.498281786941585,False,46.80322292466265,-0.11107725400737589,-0.15148852840879107,0.08082254880283035,True,False,False,False,2026-07-02,20.0,10.18508998700524,8.80079437997268,12.953681201070356,False,False,2026-07-27,3.0,True,46414.0,48857.0,0.9499969298155843,False,25865800.0,1.78,14.53134831460674,-0.7220216606498187,3.4296028880866336,0.12743491716729788,63.15789473684232,10.526315789473488,False,7.65,False,True,False,False,True,False
1262,002791,坚朗五金,C 制造业,腾讯前复权日K回退（成交额、换手率已提供）,False,2026-07-30,15.21,14.354000000000003,14.361,True,True,False,True,15.65,-2.811501597444086,False,57.74786256641206,-0.01678504698465133,-0.16114917287881012,0.28872825178831757,True,False,False,False,2026-07-29,1.0,21.555606501296065,16.4061345819277,31.854550340032795,False,False,,,False,103306.0,40063.2,2.5785758501567524,True,159112100.0,4.75,33.49728421052632,-1.1053315994798418,3.0559167750325136,5.911844579068311,42.55319148936187,8.510638297872525,False,19.63,False,False,False,False,False,True
1263,002792,通宇通讯,C 制造业,腾讯前复权日K回退（成交额、换手率已提供）,False,2026-07-30,22.55,24.25,28.153999999999996,False,False,False,False,37.16,-39.31646932185144,False,27.370578819670726,-3.391290226742278,-3.3176454289439143,-0.14728959559672727,False,True,False,False,,,7.1879455136094625,8.275523453898467,5.012789633031453,False,True,,,False,155274.0,141021.8,1.1010638071560568,False,358679600.0,4.6,77.97382608695654,-5.924071756362115,7.259073842302873,-19.904809263337345,24.712643678160926,8.045977011494292,False,54.38,False,False,False,False,False,False
1264,002793,罗欣药业,C 制造业,腾讯前复权日K回退（成交额、换手率已提供）,False,2026-07-30,4.55,4.7299999999999995,4.681,False,False,True,False,5.23,-13.00191204588911,False,48.95443020432641,0.10452312705815636,0.11516577379403423,-0.02128529347175573,False,True,False,True,,,49.15101833708866,51.38338240722745,44.68629019681107,False,True,,,False,439967.0,647432.8,0.6795562412037203,False,203928600.0,4.05,50.35274074074075,-4.411764705882348,5.042016806722694,-2.7985473189489474,33.33333333333333,4.166666666666574,False,5.6,False,True,False,False,False,False
1265,002795,永和智控,C 制造业,腾讯前复权日K回退（成交额、换手率已提供）,False,2026-07-30,5.89,5.752,5.9185,True,False,False,True,7.45,-20.93959731543625,False,44.97980573398927,-0.3708509954945933,-0.47077700492292496,0.19985201885666326,True,False,False,False,2026-07-28,2.0,18.72096343739239,14.964740378840025,26.23340955449712,False,False,,,False,223826.0,222321.4,1.0067676795846014,False,133016400.0,5.15,25.82842718446602,-2.9654036243822124,4.942339373970342,-0.4815409309791365,29.99999999999997,29.99999999999997,False,10.8,False,False,False,False,False,True
1266,002796,世嘉科技,C 制造业,腾讯前复权日K回退（成交额、换手率已提供）,False,2026-07-30,23.52,26.052,29.888000000000005,False,False,False,False,39.86,-40.99347717009533,False,25.76594175136873,-3.8211521473514125,-3.7503413702854558,-0.14162155413191346,False,True,False,True,2026-07-28,2.0,5.844705933302248,7.438810449937699,2.656496900031348,False,False,,,False,114280.0,77470.2,1.4751478633074395,False,273963700.0,5.02,54.57444223107571,-7.76470588235294,9.92156862745097,-21.306209850107084,9.881422924901194,19.36758893280628,False,60.0,False,False,False,False,False,False
1267,002797,第一创业,J 金融业,腾讯前复权日K回退（成交额、换手率已提供）,False,2026-07-30,6.53,6.465999999999999,6.5135000000000005,True,True,False,False,6.87,-4.9490538573507985,False,49.09245682011127,-0.03470081401306757,-0.04431455296605567,0.019227477905976204,True,False,False,False,,,22.457491893094712,22.57438609773186,22.223703483820415,False,False,,,False,506426.0,443198.6,1.1426615517287284,False,330361900.0,1.21,273.0263636363636,0.0,1.68453292496172,0.2533200276349081,36.363636363636296,63.63636363636371,False,8.0,False,False,False,False,False,False
1268,002798,帝欧水华,C 制造业,腾讯前复权日K回退（成交额、换手率已提供）,False,2026-07-30,5.13,5.0520000000000005,5.114,True,True,False,True,5.93,-13.490725126475544,False,46.24549941361507,-0.18902854668947278,-0.2657297742701535,0.15340245516136142,True,False,False,False,2026-07-03,19.0,12.707990428692115,10.506314896716242,17.111341492643863,False,False,2026-07-27,3.0,True,145040.0,96329.2,1.5056701394800331,False,77499800.0,2.81,27.58,-3.20754716981132,8.301886792452837,0.3128666405944469,54.54545454545454,6.818181818181869,False,8.77,False,False,False,False,False,False
1269,002799,环球印务,C 制造业,腾讯前复权日K回退（成交额、换手率已提供）,False,2026-07-30,6.23,6.1160000000000005,6.086,True,True,True,True,6.51,-4.301075268817195,False,49.00116855378889,-0.1342047117836085,-0.2048218610941076,0.14123429862099823,True,False,False,False,2026-07-03,19.0,14.20631455878725,11.455608072639421,19.70772753108291,False,False,2026-07-27,3.0,True,47482.0,49563.4,0.9580053022996808,False,29733600.0,1.48,20.09027027027027,-0.31999999999999806,3.359999999999999,2.366086099244169,61.90476190476186,33.33333333333348,False,9.0,False,True,False,False,False,False
1270,002800,天顺股份,G 运输仓储,腾讯前复权日K回退（成交额、换手率已提供）,False,2026-07-30,12.24,11.978,12.290000000000001,True,False,False,True,14.25,-14.105263157894735,False,44.465429130002846,-0.6066189339990622,-0.7508157041123317,0.28839354022653896,True,False,False,False,2026-07-27,3.0,11.884872313884008,9.87053827521261,15.913540391226803,False,False,2026-07-21,7.0,True,36916.0,32591.2,1.132698397113331,False,45076800.0,2.5,18.03072,0.0,6.209150326797384,-0.40683482506103097,26.315789473684127,53.947368421052666,False,19.2,False,False,False,False,True,False
1271,002801,微光股份,C 制造业,腾讯前复权日K回退（成交额、换手率已提供）,False,2026-07-30,26.88,26.669999999999998,27.316000000000003,True,False,False,True,31.99,-15.973741794310722,False,44.78699551815645,-0.7555039976206821,-0.9129624792387693,0.31491696323617435,True,False,False,False,2026-07-27,3.0,15.568796160625816,13.559337020692745,19.587714440491958,False,False,2026-07-27,3.0,True,9519.0,9214.4,1.0330569543323493,False,25687100.0,0.82,31.325731707317075,-1.285347043701801,2.6441424899008537,-1.596134133840985,31.944444444444397,34.72222222222211,False,35.73,False,False,False,False,False,False
1272,002802,洪汇新材,C 制造业,腾讯前复权日K回退（成交额、换手率已提供）,False,2026-07-30,10.5,10.330000000000002,10.443999999999999,True,True,False,True,11.36,-7.570422535211263,False,46.15432460014255,-0.31485791820788656,-0.4055473128836464,0.18137878935151974,True,False,False,False,2026-07-10,14.0,9.375225804620571,8.161178377504154,11.803320658853409,False,False,2026-07-27,3.0,True,25102.0,23366.0,1.0742959856201317,False,26380100.000000004,1.68,15.702440476190478,0.4784688995215447,3.54066985645934,0.5361930294906256,40.540540540540526,59.459459459459474,False,14.95,False,True,False,False,True,False
1273,002803,吉宏股份,F 批发零售,腾讯前复权日K回退（成交额、换手率已提供）,False,2026-07-30,17.45,17.92,20.573,False,False,False,False,26.8,-34.888059701492544,False,32.62629439705297,-1.4484274481129482,-1.1026389537379302,-0.691576988750036,False,True,False,False,,,20.781637088705782,24.386585701115838,13.571739863885675,False,False,,,False,92750.0,88032.4,1.0535893602809876,False,165196200.0,3.12,52.9475,-4.226125137211856,6.037321624588353,-15.180090409760371,24.545454545454554,9.090909090908914,False,28.0,False,False,False,False,True,False
1274,002805,丰元股份,C 制造业,腾讯前复权日K回退（成交额、换手率已提供）,False,2026-07-30,16.81,17.029999999999998,20.113,False,False,False,False,29.36,-42.74523160762943,False,34.354146440790814,-2.0467216838920024,-1.8088535261816205,-0.47573631542076367,False,True,False,False,,,14.911122479375758,15.91795377708705,12.897459883953175,False,False,,,False,159648.0,203532.2,0.7843869422135662,False,272892300.0,5.73,47.62518324607329,-3.0565167243367997,4.325259515570934,-16.422214488142004,32.00000000000027,3.999999999999678,False,30.58,False,False,False,False,True,False
1275,002806,华锋股份,C 制造业,腾讯前复权日K回退（成交额、换手率已提供）,False,2026-07-30,12.1,12.372,14.253500000000003,False,False,False,False,19.31,-37.33816675297773,False,29.61331403524278,-1.5147042426788992,-1.4147782415388421,-0.19985200228011424,False,True,False,False,,,10.836626842832198,11.848960400717637,8.811959727061321,False,False,,,False,107317.0,105899.2,1.013388203121459,False,131360100.0,6.16,21.324691558441558,-5.616224648985968,8.346333853354135,-15.108569824955293,33.64485981308405,21.49532710280377,False,22.18,False,False,False,False,False,False
1276,002807,江阴银行,J 金融业,腾讯前复权日K回退（成交额、换手率已提供）,False,2026-07-30,4.12,4.008,3.9494999999999996,True,True,True,True,4.07,1.228501228501224,True,64.50963229766249,0.030859315815314314,0.012116774440775566,0.0374850827490775,True,False,False,False,2026-07-06,18.0,61.72842080095273,53.94404628290298,77.29716983705224,False,False,,,False,585860.0,394373.0,1.4855479457265077,False,240575400.0,2.17,110.8642396313364,1.7283950617283939,2.469135802469127,4.317002152171176,9.999999999999822,90.00000000000018,True,4.15,True,False,False,False,False,False
1277,002809,红墙股份,C 制造业,腾讯前复权日K回退（成交额、换手率已提供）,False,2026-07-30,7.44,7.331999999999999,7.3825,True,True,False,True,8.03,-7.347447073474458,False,46.890616413500226,-0.221884748093232,-0.3037615968790294,0.16375369757159486,True,False,False,False,2026-07-02,20.0,13.807400355568975,10.424491492621483,20.57321808146396,False,False,2026-07-23,5.0,True,53661.0,87479.4,0.6134129863716486,False,40305500.0,3.16,12.75490506329114,-1.3262599469495928,3.4482758620689626,0.7788689468337299,53.84615384615377,23.076923076923286,False,11.89,False,False,False,False,False,False
1278,002810,山东赫达,C 制造业,腾讯前复权日K回退（成交额、换手率已提供）,False,2026-07-30,19.46,19.494,20.4735,False,False,False,False,25.92,-24.922839506172842,False,40.21757337761302,-1.0806858186638202,-1.1498075359911977,0.13824343465475497,True,False,False,False,2026-07-29,1.0,15.302720428479065,14.991737148034156,15.924686989368883,False,False,2026-07-27,3.0,True,67953.0,51658.6,1.3154247308289424,False,134108600.0,2.1,63.86123809523809,-0.6636038795303723,3.3180193976518737,-4.950301609397516,83.07692307692267,9.23076923076955,False,29.43,False,True,True,False,True,False
1279,002811,郑中设计,M 科研服务,腾讯前复权日K回退（成交额、换手率已提供）,False,2026-07-30,9.59,9.576,10.2265,True,False,False,True,12.25,-21.714285714285715,False,37.237622073653256,-0.5514444352477987,-0.5614199501109667,0.01995102972633589,True,False,True,False,,,14.732594359891015,12.261064484938387,19.67565410979627,False,False,2026-07-23,5.0,True,50443.0,43062.2,1.1713985815866352,False,49487400.0,1.79,27.64659217877095,-1.7418032786885251,5.327868852459012,-6.22402581528382,63.461538461538524,7.692307692307534,False,14.15,False,False,False,False,True,False
1280,002812,恩捷股份,C 制造业,腾讯前复权日K回退（成交额、换手率已提供）,False,2026-07-30,53.17,52.848,54.8395,True,False,False,True,70.6,-24.688385269121802,False,42.633780253264845,-3.402764195377131,-3.9741494079997404,1.142770425245219,True,False,False,False,2026-07-27,3.0,13.775804798088688,11.578043132485194,18.171328129295677,False,False,2026-07-23,5.0,True,217580.0,265930.8,0.8181827753686298,False,1169259800.0,2.64,442.90143939393937,-0.3560719640179899,4.872563718140932,-3.0443384786513357,70.38461538461527,29.61538461538472,False,87.71,False,True,False,False,True,False
1281,002813,路畅科技,C 制造业,腾讯前复权日K回退（成交额、换手率已提供）,False,2026-07-30,20.3,19.468,18.921,True,True,True,True,20.42,-0.5876591576885455,False,58.16099131412089,-0.2315484400882326,-0.569212382911635,0.6753278856468048,True,False,False,False,2026-07-02,20.0,21.014683704557893,15.43637503260218,32.17130104846932,False,False,2026-07-23,5.0,True,28148.0,15288.4,1.8411344548808246,True,57849399.99999999,2.35,24.616765957446805,-0.14756517461878005,5.312346286276448,7.288198298187207,71.29629629629613,28.703703703703866,False,27.96,False,True,False,False,True,False
1282,002815,崇达技术,C 制造业,腾讯前复权日K回退（成交额、换手率已提供）,False,2026-07-30,10.78,11.464,14.086000000000002,False,False,False,False,18.87,-42.87228404875464,False,30.115656000060795,-1.5144192105728518,-1.198327247766804,-0.6321839256120954,False,True,False,False,,,4.862565601261573,8.523462761972302,-2.459228720159885,False,False,,,False,373116.0,393676.0,0.9477743118706754,False,410050100.0,4.8,85.42710416666667,-5.3555750658472405,5.970149253731356,-23.470112168110198,23.529411764705852,11.764705882352926,False,20.7,False,True,False,False,False,False
1283,002816,*ST和科,C 制造业,腾讯前复权日K回退（成交额、换手率已提供）,False,2026-07-30,23.03,22.676,25.535000000000004,True,False,False,True,29.98,-23.182121414276182,False,40.497624308937404,-1.2704668165985211,-0.9278258507718495,-0.6852819316533432,False,True,False,False,,,24.522099656600087,25.680929881052094,22.20443920769607,False,False,,,False,16997.0,21677.4,0.7840884976980633,False,39666000.0,1.7,23.33294117647059,-1.1587982832617971,4.721030042918461,-9.810064617192097,52.72727272727282,21.81818181818197,False,31.3,False,False,False,False,False,False
1284,002817,黄山胶囊,C 制造业,腾讯前复权日K回退（成交额、换手率已提供）,False,2026-07-30,6.03,5.888,5.9945,True,True,False,True,6.4,-5.781250000000002,False,48.43828505845167,-0.13035476293732895,-0.1672065091463419,0.07370349241802587,True,False,False,False,2026-07-28,2.0,14.08496643348399,11.91030367072601,18.434291958999946,False,False,2026-07-28,2.0,True,69651.0,69174.2,1.0068927432482053,False,42041300.0,2.4,17.517208333333336,0.16611295681063787,3.156146179402,0.5922095253982794,42.10526315789469,57.89473684210531,False,8.32,False,True,False,False,True,False
1285,002818,富森美,L 商务服务,腾讯前复权日K回退（成交额、换手率已提供）,False,2026-07-30,11.17,10.797999999999998,10.6245,True,True,True,True,10.99,1.6378525932666033,True,62.28017621779814,0.00425426277848473,-0.0701952806005874,0.14889908675814426,True,False,False,False,2026-07-15,11.0,34.23096560429743,26.75076453791039,49.19136773707151,False,False,,,False,69509.0,34825.0,1.995951184493898,True,77266900.0,2.33,33.16175965665236,2.1957913998170264,2.653247941445555,5.134359263965369,6.8965517241378045,93.1034482758622,True,11.96,False,False,False,False,False,False
1286,002819,东方中科,F 批发零售,腾讯前复权日K回退（成交额、换手率已提供）,False,2026-07-30,19.64,19.776000000000003,19.7495,False,False,True,True,22.17,-11.41181777176365,False,43.737203575412316,-0.5971118720238309,-0.7974111972004914,0.400598650353321,True,False,False,False,2026-07-24,4.0,13.97391076175448,11.907827996362817,18.106076292537804,False,False,2026-07-23,5.0,True,21995.0,28135.0,0.7817664830282566,False,43900600.00000001,0.93,47.204946236559145,-2.385685884691846,3.1809145129224676,-0.55444441631434,57.8125000000001,3.1249999999999307,False,29.04,False,True,False,False,True,False
1287,002820,桂发祥,C 制造业,腾讯前复权日K回退（成交额、换手率已提供）,False,2026-07-30,8.64,8.338,8.419,True,True,False,True,9.15,-5.573770491803276,False,51.64991711933184,-0.1613903478990455,-0.24029434644018297,0.15780799708227494,True,False,False,False,2026-07-28,2.0,19.01554894604217,14.716871860555015,27.612903117016476,False,False,2026-07-28,2.0,True,102697.0,67130.6,1.5298090587600883,False,90070300.0,5.11,17.62628180039139,-0.6896551724137834,4.137931034482753,2.625014847369047,86.11111111111089,13.88888888888911,False,11.73,False,True,True,False,True,False
1288,002821,凯莱英,C 制造业,腾讯前复权日K回退（成交额、换手率已提供）,False,2026-07-30,145.95,155.898,163.875,False,False,False,False,200.0,-27.025000000000006,False,44.152054013736404,3.2173332855147976,7.1120807904800465,-7.789495009930498,False,True,False,False,,,59.03930086492441,64.22466305912043,48.668576476532365,False,False,,,False,115855.0,85399.4,1.3566254563849396,False,1712528400.0,3.65,469.1858630136987,-5.844784207470488,8.115605444810003,-10.938215102974835,0.0,27.98092209856905,False,200.0,False,False,False,False,False,False
1289,002822,ST中装,E 建筑业,腾讯前复权日K回退（成交额、换手率已提供）,False,2026-07-30,2.98,2.886,3.016,True,False,False,True,3.53,-15.580736543909342,False,51.889258606469,-0.025551760474599394,-0.015971743538503017,-0.019160033872192755,False,True,False,False,,,45.83792886834664,43.39458924117853,50.72460812268285,False,False,,,False,92969.0,79562.6,1.1685012807525144,False,27793000.0,0.87,31.945977011494254,1.3605442176870763,3.40136054421769,-1.193633952254643,60.0,40.0,False,3.53,False,True,False,False,True,False
1290,002823,凯中精密,C 制造业,腾讯前复权日K回退（成交额、换手率已提供）,False,2026-07-30,12.56,12.434000000000001,13.105500000000001,True,False,False,True,15.87,-20.85696282293635,False,39.35559407748772,-0.8325437277940377,-0.9470306377604963,0.2289738199329172,True,False,False,False,2026-07-28,2.0,10.188159966304411,8.418894422411304,13.726691054090626,False,False,,,False,53913.0,47685.4,1.1305976252689502,False,68375300.0,2.46,27.794837398373986,-1.5673981191222541,4.075235109717865,-4.162374575559883,30.76923076923082,26.923076923077055,False,21.35,False,False,False,False,False,False
1291,002824,和胜股份,C 制造业,腾讯前复权日K回退（成交额、换手率已提供）,False,2026-07-30,18.85,21.259999999999998,25.322499999999998,False,False,False,False,34.79,-45.81776372520839,False,30.65044553539579,-2.7404918973747776,-2.1879433996224145,-1.1050969955047263,False,True,False,False,,,17.572484143172968,22.448315582351636,7.820821264815628,False,False,,,False,200690.0,155728.4,1.2887180501437119,False,390019900.0,8.87,43.970676437429546,-9.068982151471294,10.130246020260499,-25.560272484944207,10.476190476190416,6.190476190476308,False,41.91,False,False,False,False,False,False
1292,002825,纳尔股份,C 制造业,腾讯前复权日K回退（成交额、换手率已提供）,False,2026-07-30,7.81,7.698,7.918000000000001,True,False,False,True,8.52,-8.333333333333332,False,41.42630980918321,-0.30855425371570533,-0.367507273895297,0.1179060403591834,True,False,False,False,2026-07-07,17.0,9.325493972380483,7.659324447834552,12.657833021472344,False,False,2026-07-28,2.0,True,31936.0,28208.0,1.132161089052751,False,25050900.0,1.24,20.20233870967742,-0.6361323155216425,2.7989821882951618,-1.3639808032331575,45.45454545454534,31.81818181818158,False,11.47,False,False,False,False,True,False
1293,002826,易明医药,C 制造业,腾讯前复权日K回退（成交额、换手率已提供）,False,2026-07-30,15.51,15.878,16.4775,False,False,False,False,19.8,-21.66666666666667,False,42.45227456092749,-0.2978151186364961,-0.2487890529250622,-0.09805213142286784,False,True,False,False,,,16.68422971008145,17.873083424824753,14.30652228059484,False,True,,,False,28692.0,30971.6,0.9263970863629907,False,45039799.99999999,1.55,29.05793548387096,-3.001876172607887,4.127579737335836,-5.871643149749655,16.666666666666575,15.151515151515094,False,20.16,False,False,False,False,True,False
1294,002827,高争民爆,C 制造业,腾讯前复权日K回退（成交额、换手率已提供）,False,2026-07-30,31.45,27.052,24.729000000000003,True,True,True,True,28.59,10.003497726477788,True,72.98512760803476,0.5914893580117955,-0.24154697239996675,1.6660726608235246,True,False,False,False,2026-07-14,12.0,44.793372333740614,29.784472257879088,74.81117248546366,False,False,,,False,16622.0,49872.4,0.333290557502747,False,52276200.0,0.6,87.127,10.003497726477795,0.0,27.178616199603688,0.0,100.0,True,33.76,False,False,False,False,False,False
1296,002829,星网宇达,C 制造业,腾讯前复权日K回退（成交额、换手率已提供）,False,2026-07-30,18.55,19.898,19.253999999999998,False,False,True,False,23.23,-20.14636246233319,False,45.09290500809681,0.14976851676187053,0.057177868379091897,0.18518129676555728,True,False,False,False,2026-07-09,15.0,32.49068458373805,35.6571065768546,26.157840597504958,False,True,,,False,197333.0,192235.0,1.02651962441803,False,381027200.0,13.51,28.203345669874167,-9.246575342465757,9.001956947162425,-3.6563830892281977,2.1739130434782146,8.152173913043596,False,27.7,False,True,False,False,True,False
1297,002830,名雕股份,E 建筑业,腾讯前复权日K回退（成交额、换手率已提供）,False,2026-07-30,11.47,11.754,13.898500000000002,False,False,False,False,18.43,-37.764514378730325,False,32.90755907110574,-1.2536284890021783,-1.0737265723151577,-0.3598038333740412,False,True,False,False,,,17.105355135111633,17.158254557455294,16.99955629042431,False,True,,,False,42078.0,41134.6,1.0229344639306084,False,49560100.0,4.53,10.940419426048566,-4.096989966555187,6.270903010033445,-17.47310860884269,44.000000000000014,8.000000000000068,False,18.52,False,True,False,False,True,False
1298,002831,裕同科技,C 制造业,腾讯前复权日K回退（成交额、换手率已提供）,False,2026-07-30,25.36,26.394,27.7315,False,False,False,False,35.0,-27.542857142857148,False,38.05567220808558,-1.2894495850176568,-1.125469945014384,-0.32795928000654584,False,True,False,False,,,26.779814727080304,29.667136923926765,21.005170333387376,False,False,,,False,125257.0,99462.4,1.2593402129850075,False,319179100.0,1.75,182.38805714285712,-3.427265803503432,5.102817974105102,-8.551647043975267,19.402985074626987,32.835820895522225,False,38.46,False,False,False,False,True,False
1299,002832,比音勒芬,C 制造业,腾讯前复权日K回退（成交额、换手率已提供）,False,2026-07-30,25.8,24.442,22.018,True,True,True,True,26.9,-4.089219330855011,False,70.23440530586794,1.0996978508045814,0.6983192817413816,0.8027571381263996,True,False,False,False,2026-07-15,11.0,89.047339200483,90.22351690280782,86.69498379583334,False,False,,,False,269528.0,214209.6,1.2582442616950873,False,671434200.0,6.92,97.02806358381503,6.260296540362442,8.77265238879736,17.17685530020892,8.450704225352103,91.5492957746479,True,26.9,False,False,False,False,False,False
1300,002833,弘亚数控,C 制造业,腾讯前复权日K回退（成交额、换手率已提供）,False,2026-07-30,17.7,16.96,16.866,True,True,True,True,19.45,-8.997429305912597,False,54.64821432616276,-0.2399244315282978,-0.4467337488459873,0.41361863463537907,True,False,False,False,2026-07-28,2.0,25.950229516542635,18.157361929669438,41.53596469028903,False,False,2026-07-24,4.0,True,130274.0,62141.0,2.0964258701984195,True,231703100.0,4.45,52.06811235955056,-2.4255788313120252,3.362734288864385,4.944859480611879,3.278688524590097,47.54098360655728,False,21.92,False,False,False,False,False,True
1301,002835,同为股份,C 制造业,腾讯前复权日K回退（成交额、换手率已提供）,False,2026-07-30,11.45,11.278,11.395,True,True,False,True,12.3,-6.910569105691068,False,47.07102071407072,-0.24146365260437896,-0.3252214629136489,0.16751562061853986,True,False,False,False,,,9.672009432500985,7.787883544945115,13.440261207612727,False,False,2026-07-29,1.0,True,30490.0,25017.4,1.218751748782847,False,35299700.0,2.4,14.708208333333335,-1.0371650821089151,3.0250648228176287,0.48266783677051095,62.8571428571431,11.428571428571196,False,15.58,False,False,False,False,False,False
1302,002836,新宏泽,C 制造业,腾讯前复权日K回退（成交额、换手率已提供）,False,2026-07-30,8.65,8.55,8.8875,True,False,False,True,10.06,-14.015904572564613,False,40.4094801429579,-0.4248713321597375,-0.49012656349782247,0.13051046267616995,True,False,False,False,2026-07-27,3.0,11.410438917990291,9.56417024341412,15.102976267142633,False,False,2026-07-23,5.0,True,28663.0,26975.0,1.0625764596848934,False,25073900.0,1.24,20.220887096774195,-0.6888633754305484,4.477611940298494,-2.6722925457102553,56.410256410256295,25.641025641025628,False,13.43,False,False,False,False,True,False
1303,002837,英维克,C 制造业,腾讯前复权日K回退（成交额、换手率已提供）,False,2026-07-30,47.15,54.926,64.2145,False,False,False,False,78.5,-39.93630573248408,False,29.633235469932686,-5.518011183600912,-3.980991395098986,-3.0740395770038518,False,True,False,False,,,9.515550981573833,15.063596048110682,-1.5805391514998632,False,False,,,False,465155.0,358574.8,1.2972328228308292,False,2252530600.0,4.11,548.0609732360097,-10.001908761213974,9.257491887764843,-26.574216103839476,19.99999999999997,0.0,False,89.69,False,False,False,False,False,False
1304,002838,道恩股份,C 制造业,腾讯前复权日K回退（成交额、换手率已提供）,False,2026-07-30,24.95,25.97,29.676499999999997,False,False,False,False,35.99,-30.67518755209781,False,34.56947209959907,-1.955832226259659,-1.4950953633309998,-0.9214737258573185,False,True,False,False,,,19.715512640829747,25.493443936833568,8.159650048822108,False,False,,,False,51899.0,55873.0,0.9288744116120488,False,129783900.0,1.23,105.51536585365854,-3.6307454615681745,5.755117806102749,-15.92674338281131,18.120805369127464,38.25503355704695,False,38.21,False,False,False,False,True,False
1305,002839,张家港行,J 金融业,腾讯前复权日K回退（成交额、换手率已提供）,False,2026-07-30,4.61,4.438,4.279999999999999,True,True,True,True,4.52,1.9911504424778927,True,73.38436925013966,0.08310760787503835,0.04936967721831366,0.06747586131344938,True,False,False,False,2026-07-06,18.0,76.12161804603674,66.2528682850331,95.85911756804401,False,False,,,False,452075.0,274321.4,1.6479756956620955,False,206998300.00000003,1.85,111.89097297297299,2.6726057906458767,2.895322939866367,7.710280373831798,0.0,100.0,True,4.52,True,False,False,False,False,False
1306,002840,华统股份,C 制造业,腾讯前复权日K回退（成交额、换手率已提供）,False,2026-07-30,7.6,7.359999999999999,7.620500000000002,True,False,False,True,8.38,-9.30787589498808,False,47.50971505171249,-0.20921497226925467,-0.25243669872450786,0.08644345291050637,True,False,False,False,,,7.217194883537521,6.412758008536148,8.826068633540267,False,False,2026-07-29,1.0,True,172399.0,172830.2,0.997505065665607,False,131722900.00000001,2.16,60.98282407407408,1.0638297872340496,3.9893617021276575,-0.26901121973626346,50.00000000000014,49.99999999999985,False,13.3,False,False,False,False,True,False
1307,002841,视源股份,C 制造业,腾讯前复权日K回退（成交额、换手率已提供）,False,2026-07-30,42.25,44.5,46.5075,False,False,False,False,55.98,-24.52661664880314,False,45.5394604148034,1.4078151585744152,2.3426804646339625,-1.8697306121190946,False,True,False,False,,,52.73477877115143,58.15772358013006,41.88888915319417,False,False,,,False,141131.0,143783.0,0.9815555385546274,False,604309800.0,2.71,222.99254612546127,-5.311519497982964,5.670103092783508,-9.15443745632425,20.948616600790547,16.600790513834053,False,55.98,False,True,False,False,True,False
1308,002842,翔鹭钨业,C 制造业,腾讯前复权日K回退（成交额、换手率已提供）,False,2026-07-30,28.78,30.338,34.1725,False,False,False,False,50.17,-42.635040861072355,False,35.64049323312747,-2.9736461020833396,-2.5036989099162485,-0.939894384334182,False,True,False,False,,,13.081756478583145,15.365845632015725,8.513578171717985,False,False,,,False,290489.0,226267.6,1.2838294126070193,False,860549500.0,10.82,79.53322550831793,-4.985143611753051,10.102344007923415,-15.780232643207254,37.58169934640527,13.725490196078477,False,54.44,False,True,False,False,False,False
1309,002843,泰嘉股份,C 制造业,腾讯前复权日K回退（成交额、换手率已提供）,False,2026-07-30,14.41,16.142000000000003,19.627000000000002,False,False,False,False,24.89,-42.10526315789474,False,25.251682389749817,-1.7780483667364493,-1.347573384311786,-0.8609499648493264,False,True,False,False,,,7.35385401028111,11.179580847472215,-0.2975996641010994,False,False,,,False,140157.0,100617.4,1.392969804427465,False,208321200.0,5.6,37.20021428571429,-9.027777777777779,9.15404040404041,-26.580730626178234,4.13793103448279,3.448275862069012,False,29.93,False,False,False,False,False,False
1310,002845,同兴达,C 制造业,腾讯前复权日K回退（成交额、换手率已提供）,False,2026-07-30,11.78,12.0,13.666500000000003,False,False,False,False,17.5,-32.68571428571429,False,32.5449029931609,-0.9606532958319072,-0.7914450499268368,-0.33841649181014066,False,True,False,False,,,12.282867769920374,14.394846189675306,8.058910930410512,False,False,,,False,96609.0,86794.6,1.1130761591158895,False,114948500.0,3.86,29.77940414507772,-3.679476696647599,3.8430089942763748,-13.803826875937533,19.14893617021271,17.021276595744673,False,17.5,False,False,False,False,True,False
1311,002846,英联股份,C 制造业,腾讯前复权日K回退（成交额、换手率已提供）,False,2026-07-30,10.74,9.746,9.771,True,True,False,True,10.95,-1.9178082191780739,False,56.989266172890666,-0.411075760280875,-0.6061934735355732,0.39023542650939635,True,False,False,False,2026-07-23,5.0,12.808078535227287,8.448773309929116,21.526688985823625,False,False,2026-07-23,5.0,True,118981.0,49367.0,2.4101322745963905,True,124513900.0,4.57,27.245929978118163,10.040983606557386,10.143442622950822,9.917101627264346,0.0,100.0,True,16.1,False,False,False,False,True,True
1312,002847,盐津铺子,C 制造业,腾讯前复权日K回退（成交额、换手率已提供）,False,2026-07-30,52.25,49.553999999999995,47.603,True,True,True,True,53.84,-2.9531946508172426,False,61.02695933884467,0.3694361232925445,-0.4503852520258658,1.6396427506368205,True,False,False,False,2026-07-03,19.0,41.37847852789739,32.53686104437047,59.06171349495125,False,False,,,False,75819.0,48634.2,1.558964679176382,False,397501100.0,3.11,127.81385852090033,-0.4572299485616327,4.191274528481621,9.761989790559415,50.0,48.63636363636359,False,60.87,False,True,False,False,True,True
1313,002848,高斯贝尔,C 制造业,腾讯前复权日K回退（成交额、换手率已提供）,False,2026-07-30,11.76,11.925999999999998,12.931999999999999,False,False,False,False,15.07,-21.964167219641677,False,34.8590535955599,-0.6044136759408705,-0.5442707984493562,-0.12028575498302851,False,True,False,False,,,4.8406958783924745,7.7204016301993015,-0.9187156252211786,False,False,,,False,49920.0,46554.8,1.0722847053365065,False,59785100.0,3.02,19.79639072847682,-3.8430089942763757,5.314799672935408,-9.062789978348276,38.46153846153844,1.5384615384615048,False,17.92,False,False,False,False,False,False
1314,002849,威星智能,C 制造业,腾讯前复权日K回退（成交额、换手率已提供）,False,2026-07-30,13.27,13.556000000000001,14.3565,False,False,False,False,17.5,-24.171428571428574,False,37.501672478685414,-0.7538443763825988,-0.7649136722876266,0.02213859181005562,True,False,False,False,2026-07-29,1.0,19.295735094896177,17.992082022272843,21.903041240142848,False,False,2026-07-21,7.0,True,52586.0,34440.6,1.5268607399406515,False,71021000.0,2.4,29.592083333333335,-5.214285714285715,6.71428571428571,-7.568000557238888,13.829787234042454,20.212765957446766,False,19.74,False,False,False,False,True,False
1315,002850,科达利,C 制造业,腾讯前复权日K回退（成交额、换手率已提供）,False,2026-07-30,170.6,174.368,189.3955,False,False,False,False,237.77,-28.249989485637382,False,41.189801553554396,-5.408533005334988,-3.456004106733071,-3.905057797203834,False,True,False,False,,,34.348668516628514,37.53398146084408,27.97804262819737,False,False,,,False,51884.0,55047.0,0.9425400112631025,False,877803000.0,2.47,355.3858299595142,-2.089072543618009,5.73921028466483,-9.923942226716054,10.0,65.99999999999994,False,237.77,False,False,False,False,True,False
1316,002851,麦格米特,C 制造业,腾讯前复权日K回退（成交额、换手率已提供）,False,2026-07-30,96.77,114.952,139.753,False,False,False,False,176.5,-45.172804532577906,False,31.516365139954516,-11.447407719065694,-6.2829432301211,-10.328928977889188,False,True,False,False,,,19.281991151995673,30.230986123525003,-2.615998791062985,False,False,,,False,372494.0,248895.2,1.4965897293318633,False,3731284000.0,8.08,461.79257425742577,-9.998139880952383,9.914434523809534,-30.75640594477399,6.378986866791802,0.0,False,189.95,False,False,False,False,False,False
1317,002852,道道全,C 制造业,腾讯前复权日K回退（成交额、换手率已提供）,False,2026-07-30,7.64,7.436,7.454499999999999,True,True,False,True,7.97,-4.140526976160603,False,53.637504987904805,-0.05291826497288188,-0.0962578583589079,0.08667918677205205,True,False,False,False,2026-07-27,3.0,13.549020255970051,9.793853695924506,21.059353376061143,False,False,2026-07-28,2.0,True,37223.0,31747.2,1.1724813526862212,False,28546600.0,1.3,21.958923076923075,0.6587615283267345,2.635046113306985,2.4884298074988416,55.000000000000114,44.99999999999989,False,9.2,False,False,False,False,True,False
1318,002853,皮阿诺,C 制造业,腾讯前复权日K回退（成交额、换手率已提供）,False,2026-07-30,18.06,19.208,20.5745,False,False,False,False,24.6,-26.585365853658544,False,33.99891602286375,-0.9229077614281884,-0.7956156361013126,-0.2545842506537517,False,True,False,False,,,12.228475217587794,14.72812185429715,7.229181944169085,False,False,,,False,21152.0,17123.4,1.23526869663735,False,38890900.0,1.64,23.713963414634147,-6.9072164948453585,9.32989690721649,-12.221439160125406,10.497237569060852,15.469613259668385,False,30.49,False,True,True,False,False,False
1319,002855,捷荣技术,C 制造业,腾讯前复权日K回退（成交额、换手率已提供）,False,2026-07-30,9.44,9.152000000000001,9.0795,True,True,True,True,9.82,-3.869653767820782,False,50.564626833427766,-0.26741669385687494,-0.41256108948258563,0.2902887912514214,True,False,False,False,2026-07-10,14.0,21.221910754623902,16.337463096763308,30.990806070345087,False,False,2026-07-21,7.0,True,40093.0,40865.6,0.9810941231745037,False,38353600.0,1.63,23.52981595092025,-1.0482180293501009,3.1446540880503036,3.9704829561099184,73.33333333333321,13.333333333333098,False,13.4,False,False,False,False,True,False
1320,002856,*ST美芝,E 建筑业,腾讯前复权日K回退（成交额、换手率已提供）,False,2026-07-30,13.59,13.912,15.044,False,False,False,True,21.43,-36.58422771815212,False,40.17449641421938,-1.4836018358149499,-1.6240618577160784,0.280920043802257,True,False,False,False,2026-07-29,1.0,19.042767844977266,18.406085218080065,20.316133098771672,False,False,2026-07-28,2.0,True,62518.0,72731.8,0.8595689918302585,False,87016500.0,5.05,17.2309900990099,-6.79012345679012,7.201646090534984,-9.664982717362408,17.142857142857103,13.333333333333378,False,28.34,False,True,False,False,False,False
1321,002857,三晖电气,C 制造业,腾讯前复权日K回退（成交额、换手率已提供）,False,2026-07-30,14.96,14.796000000000001,15.2345,True,False,False,True,17.96,-16.70378619153675,False,44.30762390568691,-0.7022913978734575,-0.8493635367825157,0.2941442778181165,True,False,False,False,2026-07-27,3.0,9.937434292871343,7.6858716374104965,14.440559603793034,False,False,2026-07-27,3.0,True,37470.0,34577.0,1.0836683344419702,False,57776300.0,2.91,19.854398625429553,-3.483870967741931,6.645161290322587,-1.8018313695887604,46.60194174757281,0.9708737864079177,False,23.48,False,True,True,False,False,False
1322,002858,力盛体育,R 文化传播,腾讯前复权日K回退（成交额、换手率已提供）,False,2026-07-30,10.88,10.548,10.5815,True,True,False,True,11.45,-4.978165938864616,False,48.77830095163803,-0.3259508005191041,-0.47106380728918934,0.2902260135401705,True,False,False,False,2026-07-03,19.0,11.931973360289943,9.61485195731378,16.566216166242267,False,False,2026-07-23,5.0,True,62013.0,78653.4,0.7884338121428953,False,68127200.0,4.21,16.182232779097387,0.0,3.4926470588235365,2.82096111137363,76.31578947368382,23.68421052631617,False,17.4,False,True,False,False,False,False
1323,002859,洁美科技,C 制造业,腾讯前复权日K回退（成交额、换手率已提供）,False,2026-07-30,59.73,60.152,70.09,False,False,False,False,103.56,-42.32329084588645,False,38.179503428289365,-6.8394215487761585,-5.688277947471384,-2.3022872026095484,False,True,False,False,,,28.89176367590002,30.461664118344313,25.75196279101143,False,False,,,False,341551.0,170786.8,1.999867671272019,True,2060517800.0,7.97,258.53422835633626,0.23493874811209015,12.770599093807682,-14.780995862462557,50.85413929040742,49.145860709592576,False,115.91,False,True,False,False,True,False
1324,002860,星帅尔,C 制造业,腾讯前复权日K回退（成交额、换手率已提供）,False,2026-07-30,17.4,18.552,17.002499999999998,False,True,True,True,19.88,-12.474849094567407,False,55.32604682001625,0.9975484482419752,0.8807315639670328,0.23363376854988482,True,False,False,False,2026-07-24,4.0,85.04077384213396,88.0236073364021,79.0751068535977,False,True,,,False,207476.0,345008.6,0.6013647196040911,False,381111200.0,6.03,63.202520729684906,-9.984480082772896,9.001551991722721,2.3378914865461016,20.689655172413737,0.0,False,19.88,False,True,False,False,True,False
1325,002861,瀛通通讯,C 制造业,腾讯前复权日K回退（成交额、换手率已提供）,False,2026-07-30,14.07,14.681999999999999,17.8915,False,False,False,False,23.69,-40.607851414098775,False,24.712108652590615,-1.5272717395822966,-1.0791205857987145,-0.8963023075671641,False,True,False,False,,,6.668109921279764,12.582422455343567,-5.1605151468478425,False,False,,,False,83613.0,81596.6,1.024711813972641,False,119359100.0,5.57,21.42892280071813,-2.898550724637683,4.209799861973783,-21.35930469776151,24.59016393442624,4.918032786885423,False,23.7,False,False,False,False,False,False
1326,002862,实丰文化,C 制造业,腾讯前复权日K回退（成交额、换手率已提供）,False,2026-07-30,12.73,12.43,12.5475,True,True,False,True,13.51,-5.77350111028867,False,46.69123024630806,-0.4466805937643681,-0.6158631563586617,0.3383651251885873,True,False,False,False,2026-07-06,18.0,14.54789125129039,11.59217661253446,20.459320528802248,False,False,2026-07-22,6.0,True,37697.0,29299.8,1.2865958129407027,False,49154500.0,2.93,16.77627986348123,-1.164596273291929,4.813664596273286,1.4544730025901655,77.41935483870984,3.2258064516128386,False,19.67,False,False,False,False,False,False
1327,002863,今飞凯达,C 制造业,腾讯前复权日K回退（成交额、换手率已提供）,False,2026-07-30,4.25,4.202,4.253,True,False,False,True,4.57,-7.002188183807445,False,45.794482314912266,-0.10403931357016649,-0.1359885788579805,0.063898530575628,True,False,False,False,2026-07-03,19.0,12.333287240456647,10.01805342286722,16.963754875635498,False,False,2026-07-27,3.0,True,94417.0,102666.4,0.9196484925934874,False,40533400.0,1.57,25.817452229299363,-1.1627906976744096,2.7906976744185865,-0.07053844345168384,83.33333333333358,16.66666666666642,False,5.76,False,True,False,False,False,False
1328,002864,盘龙药业,C 制造业,腾讯前复权日K回退（成交额、换手率已提供）,False,2026-07-30,20.25,20.483999999999998,21.7425,False,False,False,False,25.19,-19.610956728860664,False,42.744961901258876,-0.2336060305326022,-0.004823492526467098,-0.4575650760122702,False,True,False,False,,,23.599372976798957,28.45617477107915,13.885769388238565,False,False,,,False,31442.0,35756.4,0.8793390833529102,False,64329500.0,3.19,20.16598746081505,-1.937046004842613,3.2445520581113882,-6.864436012418073,28.358208955224,10.447761194029868,False,25.19,False,True,False,False,False,False
1329,002865,钧达股份,C 制造业,腾讯前复权日K回退（成交额、换手率已提供）,False,2026-07-30,39.53,41.384,46.4425,False,False,False,False,61.2,-35.408496732026144,False,28.48351524810667,-5.829557431785204,-6.236593730471901,0.8140725973733929,True,False,False,False,2026-07-27,3.0,5.040963524698877,5.406249914921896,4.310390744252837,False,True,,,False,92491.0,79777.4,1.1593634287404704,False,371917699.99999994,4.14,89.83519323671497,-4.746987951807224,6.024096385542169,-14.883996339559674,32.80000000000001,8.000000000000114,False,110.63,False,True,False,False,False,False
1330,002866,传艺科技,C 制造业,腾讯前复权日K回退（成交额、换手率已提供）,False,2026-07-30,14.69,14.208000000000002,14.454500000000001,True,True,False,True,16.52,-11.077481840193705,False,44.983143232502776,-0.7586286043515447,-0.9899130844970718,0.4625689602910543,True,False,False,False,2026-07-20,8.0,6.798896246488325,6.070318565799095,8.256051607866784,False,False,2026-07-29,1.0,True,188090.0,140746.6,1.3363733120373777,False,279667900.0,10.38,26.942957610789982,0.5475701574264136,7.049965776865169,1.6292504064478068,76.6990291262136,23.300970873786405,False,30.0,False,True,False,False,True,False
1331,002867,周大生,F 批发零售,腾讯前复权日K回退（成交额、换手率已提供）,False,2026-07-30,12.74,12.347999999999999,11.8985,True,True,True,True,12.7,0.3149606299212671,True,70.80604997369572,0.2973364111443857,0.22209455282476084,0.1504837166392497,True,False,False,False,2026-07-03,19.0,69.58469246256278,64.13139421504191,80.49128895760455,False,False,,,False,94356.0,70008.8,1.347773422769709,False,119612700.0,0.87,137.4858620689655,2.329317269076303,3.0522088353413577,7.07232004034122,13.157894736841861,86.84210526315815,True,12.89,True,False,False,False,False,False
1332,002868,绿康生化,C 制造业,腾讯前复权日K回退（成交额、换手率已提供）,False,2026-07-30,21.33,22.324,23.4085,False,False,False,False,27.5,-22.436363636363645,False,35.79931276667149,-1.106408417654638,-1.183170987677186,0.1535251400450961,True,False,False,False,,,5.437299267665932,6.517644618780905,3.2766085654359873,False,False,,,False,19554.0,16047.0,1.2185455225275752,False,42643000.0,1.83,23.302185792349725,-3.9189189189189233,6.126126126126124,-8.879253262703726,22.058823529411566,2.9411764705881738,False,44.62,False,False,False,False,False,False
1333,002869,金溢科技,C 制造业,腾讯前复权日K回退（成交额、换手率已提供）,False,2026-07-30,15.16,14.934000000000001,14.8215,True,True,True,True,16.75,-9.492537313432834,False,46.84238838095569,-0.6238214118067411,-0.8987956654893547,0.5499485073652273,True,False,False,False,2026-07-27,3.0,13.453137758047399,9.997392062427894,20.36462914928641,False,False,2026-07-23,5.0,True,45233.0,47117.2,0.960010357151953,False,70248500.0,2.87,24.47682926829268,-3.254626675175498,6.636885768985327,2.283844415207636,55.769230769230894,2.8846153846153206,False,21.33,False,False,False,False,False,True
1334,002870,香山股份,C 制造业,腾讯前复权日K回退（成交额、换手率已提供）,False,2026-07-30,37.37,38.67,38.677,False,False,False,False,42.98,-13.052582596556537,False,42.935979730385846,-0.22505883598721965,-0.1906348931969569,-0.06884788558052551,False,True,False,True,2026-07-22,6.0,38.69748824915994,42.25798311358159,31.576498520316648,False,False,,,False,29502.0,43870.2,0.672483827290507,False,111104400.0,2.27,48.944669603524225,-3.1614407877688655,4.275719098211968,-3.379269333195445,12.121212121211872,22.424242424242287,False,44.79,False,False,False,False,False,False
1335,002871,伟隆股份,C 制造业,腾讯前复权日K回退（成交额、换手率已提供）,False,2026-07-30,14.48,15.443999999999999,17.580000000000002,False,False,False,False,23.0,-37.04347826086956,False,30.297912525762058,-1.4402327991734225,-1.2334916506345195,-0.41348229707780604,False,True,False,False,,,13.817744913916341,16.929161222454912,7.5949122968391976,False,False,,,False,35548.0,29133.2,1.2201886507489736,False,52795400.0,2.38,22.18294117647059,-7.357645553422909,7.8694817658349345,-17.633674630261666,13.00813008130082,6.50406504065041,False,23.76,False,False,False,False,False,False
1336,002872,ST天圣,C 制造业,腾讯前复权日K回退（成交额、换手率已提供）,False,2026-07-30,4.89,4.843999999999999,4.84,True,True,True,True,5.11,-4.3052837573385645,False,51.478727296143184,-0.025460479411414383,-0.05305458465039896,0.05518821047796915,True,False,False,False,2026-07-27,3.0,40.64681708187549,37.33066170904653,47.2791278275334,False,False,,,False,12168.0,21597.0,0.5634115849423531,False,5989900.0,0.57,10.508596491228072,-0.8113590263691739,1.825557809330626,1.0330578512396658,77.77777777777723,11.11111111111089,False,5.65,False,True,False,False,True,False
1337,002873,新天药业,C 制造业,腾讯前复权日K回退（成交额、换手率已提供）,False,2026-07-30,7.49,7.468000000000001,7.660500000000001,True,False,False,True,8.51,-11.985898942420677,False,45.22866924092873,-0.14645533376636077,-0.16079877997669223,0.028686892420662913,True,False,False,False,2026-07-28,2.0,7.906425463393006,7.984753451148567,7.749769487881885,False,True,,,False,67519.0,78405.8,0.8611480273143058,False,51239500.0,2.82,18.17003546099291,-1.834862385321101,3.9318479685452252,-2.225703283075524,36.666666666666686,20.000000000000117,False,10.17,False,False,False,False,True,False
1338,002875,安奈儿,C 制造业,腾讯前复权日K回退（成交额、换手率已提供）,False,2026-07-30,12.01,11.856,12.5205,True,False,False,True,15.48,-22.41602067183463,False,36.18574374855857,-1.1835421329817457,-1.4104806677980113,0.45387706963253116,True,False,False,False,2026-07-24,4.0,8.258801508836532,6.688507262083442,11.399390002342711,False,False,2026-07-21,7.0,True,44794.0,49059.0,0.9130638618805927,False,54407400.0,2.11,25.785497630331754,-2.1986970684039098,4.397394136807825,-4.077313206341603,62.962962962962834,12.962962962962992,False,26.12,False,False,False,False,False,False
1339,002876,三利谱,C 制造业,腾讯前复权日K回退（成交额、换手率已提供）,False,2026-07-30,26.17,26.406,27.917,False,False,False,True,34.88,-24.97133027522936,False,39.18082258118646,-1.3929318253224672,-1.362622963129301,-0.060617724386332394,False,True,False,False,,,26.868878124256835,26.091973705582177,28.422686961606146,False,False,,,False,33204.0,40776.0,0.8143025309005297,False,88360700.0,2.23,39.623632286995516,-3.467355219476198,4.0206565842862405,-6.257835727334599,17.43119266055058,7.339449541284575,False,35.54,False,False,False,False,False,False
1340,002877,智能自控,C 制造业,腾讯前复权日K回退（成交额、换手率已提供）,False,2026-07-30,6.84,6.776000000000001,6.904000000000001,True,False,False,True,7.49,-8.678237650200272,False,43.901947965217204,-0.20650881517062825,-0.253926450647926,0.09483527095459554,True,False,False,False,2026-07-23,5.0,13.588603140816064,10.921471168147614,18.922867086152966,False,False,2026-07-23,5.0,True,54360.0,45703.2,1.1894134327574437,False,37395600.0,2.26,16.546725663716817,-0.7256894049346818,3.047895500725702,-0.9269988412514619,38.095238095237974,33.33333333333333,False,9.48,False,False,False,False,True,False
1341,002878,元隆雅图,L 商务服务,腾讯前复权日K回退（成交额、换手率已提供）,False,2026-07-30,11.71,11.443999999999999,11.3375,True,True,True,True,12.32,-4.951298701298697,False,47.84976952823792,-0.3829377546513637,-0.5838206798179317,0.40176585033313605,True,False,False,False,2026-07-03,19.0,8.53651816807067,6.833104930145308,11.94334464392139,False,False,2026-07-28,2.0,True,74706.0,62027.6,1.204399331910311,False,88575300.0,3.17,27.94173501577287,-0.42517006802720303,4.591836734693885,3.285556780595374,57.4074074074074,31.481481481481744,False,20.5,False,False,False,False,True,False
1342,002879,长缆科技,C 制造业,腾讯前复权日K回退（成交额、换手率已提供）,False,2026-07-30,16.14,18.176,14.59,False,True,True,False,20.86,-22.627037392138057,False,54.469409627382014,0.9098335745641659,0.35959797193728316,1.1004712052537655,True,False,False,False,,,48.56719507435363,44.40492654319956,56.89173213666176,False,False,2026-07-21,7.0,True,388429.0,382042.4,1.0167169926688764,False,674579200.0,28.32,23.81988700564972,-9.983268265476852,14.723926380368102,10.623714873200827,47.727272727272776,0.0,False,20.86,False,True,False,False,True,False
1343,002880,卫光生物,C 制造业,腾讯前复权日K回退（成交额、换手率已提供）,False,2026-07-30,19.75,19.318,20.555,True,False,False,True,22.56,-12.455673758865244,False,41.34710310991268,-0.7258983588757317,-0.7077749348538422,-0.03624684804377898,False,True,False,False,,,8.771973643161777,7.580583754051105,11.15475342138312,False,False,2026-07-29,1.0,True,15830.0,14799.8,1.0696090487709293,False,31589300.0,0.7,45.127571428571436,0.3556910569105787,4.115853658536596,-3.916322062758452,74.07407407407403,25.92592592592596,False,26.99,False,True,False,False,True,False
1344,002881,美格智能,C 制造业,腾讯前复权日K回退（成交额、换手率已提供）,False,2026-07-30,33.93,37.174,38.031,False,False,False,False,43.86,-22.640218878248973,False,38.584563458583176,-0.6193964229643711,-0.3924610464510693,-0.45387075302660373,False,True,False,True,2026-07-16,10.0,19.305463155866235,28.0474672015263,1.8214550645461074,False,False,,,False,130471.0,101284.4,1.2881648111653918,False,458507400.0,7.17,63.948033472803345,-10.000000000000009,8.885941644562337,-10.783308353711444,14.925373134328352,0.0,False,49.89,False,True,False,False,True,False
1345,002882,金龙羽,C 制造业,腾讯前复权日K回退（成交额、换手率已提供）,False,2026-07-30,21.62,18.746,17.8395,True,True,True,True,19.94,8.425275827482444,True,67.60377993062008,-0.27380795678627834,-0.8597824702405442,1.1719490269085318,True,False,False,False,2026-07-21,7.0,21.006831435023297,12.522308927215247,37.97587645063939,False,False,,,False,155237.0,52988.2,2.9296522622017735,True,331261500.0,6.29,52.6647853736089,10.025445292620883,5.292620865139963,21.191737436587346,0.0,100.0,True,27.4,False,False,False,False,False,True
1346,002883,*ST中设,M 科研服务,腾讯前复权日K回退（成交额、换手率已提供）,False,2026-07-30,8.38,8.406,8.469000000000001,False,False,False,False,9.15,-8.415300546448082,False,45.4302731632355,-0.12270631109958785,-0.15241309000579278,0.05941355781240987,True,False,False,False,2026-07-24,4.0,16.080488126168298,14.94450163681257,18.352461104879755,False,False,2026-07-27,3.0,True,8813.0,12594.4,0.6997554468652735,False,7416300.0,0.57,13.011052631578949,-1.5276145710928168,3.6427732079906052,-1.0508914865981864,19.354838709677548,29.032258064516608,False,10.43,False,True,False,False,False,False
1347,002884,凌霄泵业,C 制造业,腾讯前复权日K回退（成交额、换手率已提供）,False,2026-07-30,16.39,16.296,16.0935,True,True,True,True,16.58,-1.1459589867309876,False,57.57744170109307,0.08268707525315122,0.012438848780114191,0.14049645294607405,True,False,False,False,2026-07-02,20.0,42.036716809711656,38.88136116853263,48.347428092069705,False,False,,,False,21315.0,18417.8,1.157304346881821,False,34979700.0,0.78,44.845769230769235,-0.4857316332726014,1.6393442622950796,1.842358716251914,48.148148148147854,40.74074074074059,False,18.18,False,False,False,False,False,False
1348,002885,京泉华,C 制造业,腾讯前复权日K回退（成交额、换手率已提供）,False,2026-07-30,22.35,24.395999999999997,29.5435,False,False,False,False,43.56,-48.69146005509642,False,27.463310071466154,-4.129184482785522,-3.839611587175404,-0.5791457912202365,False,True,False,False,,,8.347595352592705,11.212139851283396,2.6185063552113235,False,False,,,False,162556.0,135035.6,1.2038010717173842,False,374090199.99999994,6.85,54.611708029197075,-8.326497128794086,9.187858900738304,-24.348841538747948,4.464285714285781,11.160714285714294,False,55.77,False,False,False,False,True,False
1349,002886,沃特股份,C 制造业,腾讯前复权日K回退（成交额、换手率已提供）,False,2026-07-30,17.0,17.57,20.2725,False,False,False,False,29.33,-42.03886805318786,False,28.908253153692684,-2.5466624638016953,-2.499486349079723,-0.0943522294439445,False,True,False,False,,,9.989862898187743,10.45357462959651,9.062439435370209,False,True,,,False,91480.0,86161.8,1.061723408749585,False,157081400.0,4.38,35.86333333333334,-3.5734543391945484,5.218377765172991,-16.142557651991616,34.78260869565227,21.739130434782574,False,34.75,False,True,False,False,True,False
1350,002887,绿茵生态,N 公共环保,腾讯前复权日K回退（成交额、换手率已提供）,False,2026-07-30,9.27,9.558,9.9625,False,False,False,False,11.08,-16.33574007220217,False,36.686123315597385,-0.45680458597875173,-0.4916850437982735,0.06976091563904352,True,False,False,False,2026-07-21,7.0,10.150696597660573,11.174227496174266,8.103634800633188,False,True,,,False,45233.0,32033.4,1.4120574150730174,False,42907600.0,2.08,20.628653846153846,-4.23553719008265,7.438016528925627,-6.951066499372654,27.777777777777658,22.22222222222222,False,15.7,False,False,False,False,True,False
1351,002888,惠威科技,C 制造业,腾讯前复权日K回退（成交额、换手率已提供）,False,2026-07-30,15.47,15.597999999999999,16.766,False,False,False,True,21.93,-29.457364341085267,False,37.37415919114858,-1.239317971899558,-1.2697105642844024,0.06078518476968897,True,False,True,False,,,16.722480084133743,14.336866417867071,21.493707416667085,False,False,2026-07-23,5.0,True,29261.0,38292.4,0.7641464102537318,False,46035900.0,3.91,11.773887468030692,-2.70440251572327,4.402515723270436,-7.729929619467956,47.14285714285695,5.714285714285852,False,25.61,False,False,False,False,False,False
1352,002889,东方嘉盛,L 商务服务,腾讯前复权日K回退（成交额、换手率已提供）,False,2026-07-30,12.38,11.928,11.5895,True,True,True,True,13.57,-8.769344141488574,False,60.952006446278276,0.1739557116752426,0.02774583803879048,0.2924197472729042,True,False,False,False,2026-07-28,2.0,51.34618200560831,42.259228389309605,69.52008923820573,False,False,,,False,193153.0,72485.0,2.6647306339242602,True,232730700.0,7.69,30.26407022106632,-3.1298904538341055,8.998435054773086,6.820829198843795,23.478260869565172,76.52173913043482,True,14.11,False,False,False,False,False,True
1353,002890,弘宇股份,C 制造业,腾讯前复权日K回退（成交额、换手率已提供）,False,2026-07-30,12.82,12.982,13.5635,False,False,False,True,16.23,-21.010474430067777,False,42.20774889544738,-0.513359488546266,-0.5656689631607982,0.10461894922906434,True,False,False,False,2026-07-29,1.0,22.88429145934566,20.265650974598138,28.121572428840707,False,False,2026-07-27,3.0,True,20976.0,23569.0,0.8899826042683185,False,27460300.000000004,1.3,21.123307692307698,-4.39970171513796,7.084265473527227,-5.481623474766831,23.157894736842145,14.7368421052632,False,17.79,False,False,False,False,False,False
1354,002891,中宠股份,C 制造业,腾讯前复权日K回退（成交额、换手率已提供）,False,2026-07-30,32.55,30.748,28.798000000000002,True,True,True,True,32.37,0.556070435588507,True,64.44026579387335,0.8404956884832444,0.33504523646864526,1.0109009040291983,True,False,False,False,,,33.897250198561466,28.256024538180736,45.179701519322926,False,False,,,False,298182.0,147091.0,2.0271940499418726,True,989277000.0,9.26,106.83336933045356,3.0063291139240444,10.12658227848101,13.028682547399109,66.56250000000009,33.4374999999999,False,34.12,False,False,False,False,True,False
1355,002892,科力尔,C 制造业,腾讯前复权日K回退（成交额、换手率已提供）,False,2026-07-30,9.34,9.136,9.184999999999999,True,True,False,True,10.1,-7.524752475247523,False,49.67900215333841,-0.1746707034441357,-0.2516356759752568,0.15392994506224222,True,False,False,False,2026-07-06,18.0,16.37499718752005,13.99409980259911,21.136791957361936,False,False,2026-07-29,1.0,True,72969.0,62973.6,1.1587236556271199,False,68479700.0,1.46,46.90390410958904,0.1071811361200492,2.7867095391211123,1.6875340228633768,57.69230769230788,42.30769230769212,False,12.33,False,False,False,False,True,False
1356,002893,京能热力,D 水电煤气,腾讯前复权日K回退（成交额、换手率已提供）,False,2026-07-30,9.55,9.424,9.421499999999998,True,True,True,False,9.97,-4.212637913741222,False,48.19495717789687,-0.15240742980521205,-0.21937620492403026,0.13393755023763643,True,False,False,False,2026-07-09,15.0,12.256821529538255,11.39644257879837,13.977579431018025,False,False,2026-07-29,1.0,True,61546.0,58828.2,1.0461989318048148,False,58914600.0,3.04,19.379802631578947,0.10482180293502896,1.991614255765194,1.363901714164438,57.89473684210511,42.10526315789488,False,12.99,False,False,False,False,True,False
1357,002895,川恒股份,C 制造业,腾讯前复权日K回退（成交额、换手率已提供）,False,2026-07-30,35.45,34.760000000000005,31.765500000000003,True,True,True,True,35.5,-0.1408450704225272,False,66.53430300902434,1.0612107580309456,0.47505075640281624,1.1723200032562586,True,False,False,False,2026-07-15,11.0,58.3243460714917,48.9482084159643,77.0766213825465,False,False,,,False,86691.0,75666.8,1.145694016398209,False,305017400.0,1.45,210.3568275862069,0.8248009101251563,3.071672354948801,11.599061875304969,32.40740740740693,67.59259259259306,False,36.1,True,False,False,False,True,False
1358,002896,中大力德,C 制造业,腾讯前复权日K回退（成交额、换手率已提供）,False,2026-07-30,59.31,60.918000000000006,68.96799999999999,False,False,False,False,88.48,-32.967902350813745,False,34.923932716823714,-4.618400408284444,-4.012828149877239,-1.211144516814409,False,True,False,False,,,5.712689622229184,7.140102000417962,2.857864865851626,False,False,,,False,69212.0,54034.0,1.2808972128659732,False,416913000.0,3.52,118.44119318181818,-4.5695897023330545,5.293644408688655,-14.003595870548644,13.67781155015185,24.316109422492538,False,95.28,False,False,False,False,True,False
1359,002897,意华股份,C 制造业,腾讯前复权日K回退（成交额、换手率已提供）,False,2026-07-30,49.47,56.260000000000005,69.125,False,False,False,False,91.0,-45.637362637362635,False,30.497151068446072,-7.3613962860047195,-5.583039354080061,-3.5567138638493176,False,True,False,False,,,8.226385227596555,14.08330853297098,-3.4874613831522936,False,False,,,False,131539.0,112531.8,1.1689051450345591,False,668855500.0,7.13,93.80862552594671,-10.005457522284878,9.950882299436053,-28.433996383363475,12.979890310786125,0.0,False,104.0,False,False,False,False,False,False
1360,002899,英派斯,C 制造业,腾讯前复权日K回退（成交额、换手率已提供）,False,2026-07-30,17.85,17.913999999999998,19.532999999999998,False,False,False,False,23.76,-24.873737373737374,False,31.86210964360842,-1.5396331347835819,-1.6136312677365257,0.14799626590588755,True,False,False,False,2026-07-28,2.0,6.251519469082204,6.340117473554161,6.07432346013829,False,True,,,False,37034.0,43546.4,0.8504491760512923,False,65203700.0,2.51,25.977569721115543,-0.557103064066844,5.849582172701954,-8.616187989556117,30.476190476190485,69.52380952380952,False,35.8,False,True,False,False,True,False
1361,002900,哈三联,C 制造业,腾讯前复权日K回退（成交额、换手率已提供）,False,2026-07-30,11.56,12.056000000000001,10.7995,False,True,True,False,13.61,-15.062454077883903,False,54.570185656857944,0.524754015428579,0.3692410706839182,0.31102588948932164,True,False,False,False,2026-07-02,20.0,65.31822045732126,64.6222958635383,66.71006964488717,False,False,,,False,310429.0,318496.4,0.9746703573415586,False,372445000.0,19.27,19.327711468604047,-2.033898305084747,11.44067796610169,7.041992684846524,52.59259259259254,15.555555555555623,False,13.61,False,False,False,False,True,False
1362,002901,大博医疗,C 制造业,腾讯前复权日K回退（成交额、换手率已提供）,False,2026-07-30,44.21,44.012,44.8675,True,False,False,True,48.74,-9.294214197784163,False,51.39017003658651,0.3684114059263095,0.641655927267607,-0.546489042682595,False,True,False,False,,,53.02710511215733,54.133931145915916,50.813453044640156,False,False,,,False,20479.0,19764.2,1.0361664018781434,False,90861200.00000001,0.71,127.9735211267606,-0.517551755175516,3.5328532853285335,-1.4654259764863182,39.490445859872445,44.58598726114667,False,48.74,False,False,False,False,False,False
1363,002902,铭普光磁,C 制造业,腾讯前复权日K回退（成交额、换手率已提供）,False,2026-07-30,19.85,21.392,23.7575,False,False,False,False,29.93,-33.678583361176074,False,30.115409632570703,-2.4580705274328594,-2.4089133821754487,-0.09831429051482132,False,True,False,False,,,10.50104280202598,12.890507048978938,5.722114308120066,False,False,,,False,122953.0,113690.0,1.0814759433547365,False,250408800.0,6.92,36.18624277456647,-6.676069581570276,7.2872590503055985,-16.447437651268014,0.0,6.451612903225895,False,43.03,False,True,False,False,False,False
1364,002903,宇环数控,C 制造业,腾讯前复权日K回退（成交额、换手率已提供）,False,2026-07-30,23.1,23.66,29.2,False,False,False,False,44.67,-48.28744123572867,False,30.711993768954812,-5.146174861779794,-5.155791439976227,0.019233156392864714,True,False,True,False,,,10.366106061026045,10.486729952516114,10.124858278045906,False,True,,,False,278567.0,71993.8,3.8693193024954926,False,676705100.0,26.12,25.90754594180704,-8.514851485148512,14.574257425742573,-20.890410958904102,8.423913043478226,7.608695652173944,False,54.9,False,False,False,False,False,True
1365,002905,金逸影视,R 文化传播,腾讯前复权日K回退（成交额、换手率已提供）,False,2026-07-30,7.16,7.146000000000001,7.205000000000001,True,False,False,True,7.97,-10.163111668757837,False,47.373033824741604,-0.08447489507689632,-0.11786927466001687,0.06678875916624111,True,False,False,False,,,11.678007050916202,11.345478630371055,12.343063892006498,False,False,2026-07-29,1.0,True,49822.0,46208.4,1.0782022316288813,False,36399000.0,1.43,25.453846153846154,-2.1857923497267784,4.91803278688525,-0.6245662734212465,47.22222222222216,8.333333333333396,False,9.61,False,False,False,False,True,False
1366,002906,华阳集团,C 制造业,腾讯前复权日K回退（成交额、换手率已提供）,False,2026-07-30,25.14,24.259999999999998,24.204,True,True,True,True,26.84,-6.333830104321906,False,52.482324152553055,-0.5322189576366014,-0.835567423477193,0.6066969316811832,True,False,False,False,2026-07-21,7.0,19.211711306201266,14.43183447119865,28.7714649762065,False,False,2026-07-21,7.0,True,61143.0,48745.8,1.2543234494048718,False,154249300.0,1.17,131.83700854700857,0.6405124099279513,4.00320256204964,3.867129400099157,46.999999999999886,53.000000000000114,False,32.68,False,False,False,False,True,False
1367,002907,华森制药,C 制造业,腾讯前复权日K回退（成交额、换手率已提供）,False,2026-07-30,12.46,12.464000000000002,13.368,False,False,False,False,15.13,-17.64705882352941,False,42.67419318723226,-0.23533241875084876,-0.06982190123289662,-0.3310210350359043,False,True,False,False,,,30.479268634874103,34.31248798036863,22.81282994388505,False,False,,,False,45884.0,53194.4,0.8625720000601567,False,57598900.0,1.37,42.042992700729926,-1.1895321173671536,3.885804916732754,-6.79233991621783,63.26530612244905,26.530612244898105,False,15.13,False,False,False,False,True,False
1368,002908,德生科技,I 信息技术,腾讯前复权日K回退（成交额、换手率已提供）,False,2026-07-30,6.57,6.4399999999999995,6.4174999999999995,True,True,True,True,6.8,-3.382352941176464,False,49.86555751046566,-0.11151647985846047,-0.1778132768338605,0.13259359395080006,True,False,False,False,2026-07-02,20.0,11.585351450241545,9.250564798049465,16.2549247546257,False,False,2026-07-28,2.0,True,55948.0,48936.8,1.143270503996992,False,37181600.0,1.74,21.368735632183906,-0.30349013657055,2.731411229135062,2.3763147643163345,88.88888888888867,11.11111111111133,False,8.76,False,False,False,False,True,False
1369,002909,集泰股份,C 制造业,腾讯前复权日K回退（成交额、换手率已提供）,False,2026-07-30,4.65,4.606,4.6655,True,False,False,True,5.16,-9.883720930232553,False,43.861177078169675,-0.18515044257725943,-0.23702846037444805,0.10375603559437724,True,False,False,False,2026-07-24,4.0,14.818709977648155,12.108800479945439,20.238528973053587,False,False,2026-07-23,5.0,True,68429.0,78620.8,0.8703676380805079,False,32263000.0,1.8,17.92388888888889,-1.27388535031846,3.8216560509554083,-0.33222591362124965,44.44444444444456,16.66666666666683,False,7.16,False,False,False,False,True,False
1370,002910,庄园牧场,C 制造业,腾讯前复权日K回退（成交额、换手率已提供）,False,2026-07-30,8.15,8.172,9.466999999999999,False,False,False,False,12.87,-36.67443667443667,False,37.859998916556364,-0.7539729049048489,-0.6688740706251569,-0.170197668559384,False,True,False,False,,,11.793576658115024,11.36373757636518,12.653254821614713,False,False,2026-07-29,1.0,True,167537.0,109747.4,1.5265691943499347,False,139029700.0,9.79,14.201195097037795,-4.342723004694826,6.338028169014096,-13.911481990070756,1.851851851851809,5.555555555555756,False,13.41,False,False,False,False,False,False
1371,002911,佛燃能源,D 水电煤气,腾讯前复权日K回退（成交额、换手率已提供）,False,2026-07-30,11.66,11.356,10.614,True,True,True,True,11.49,1.4795474325500428,True,68.51462130587956,0.2525230834972856,0.09310567535628865,0.31883481628199384,True,False,False,False,,,34.339117839011244,30.02436384517813,42.96862582667748,False,False,,,False,79842.0,105728.0,0.7551641949152542,False,92385000.0,0.63,146.64285714285714,2.280701754385972,3.333333333333324,9.85490861126813,5.263157894736744,94.73684210526325,True,12.31,False,False,False,False,False,False
1372,002912,中新赛克,I 信息技术,腾讯前复权日K回退（成交额、换手率已提供）,False,2026-07-30,18.2,18.195999999999998,17.95,True,True,True,True,19.26,-5.503634475597104,False,47.33146781658238,-0.36401903636847877,-0.584491699115541,0.44094532549412446,True,False,False,False,,,13.459658279885188,10.731872146756393,18.915230546142777,False,False,2026-07-22,6.0,True,27135.0,29043.2,0.9342978735125606,False,50148800.0,1.67,30.02922155688623,-1.515151515151525,3.89610389610389,1.392757660167131,84.72222222222227,11.11111111111089,False,25.09,False,True,False,False,False,False
1373,002913,奥士康,C 制造业,腾讯前复权日K回退（成交额、换手率已提供）,False,2026-07-30,38.11,42.5,47.789500000000004,False,False,False,False,62.83,-39.34426229508197,False,31.488170802569883,-4.391315423848297,-3.7317552324459387,-1.3191203828047176,False,True,False,False,,,15.95188236253563,19.651996717991185,8.55165365162452,False,False,,,False,86014.0,65609.8,1.310993174800106,False,338291900.0,2.82,119.96166666666667,-6.547327121137814,9.784207945071117,-20.25444919909186,28.32080200501258,15.288220551378423,False,70.66,False,False,False,False,False,False
1374,002915,中欣氟材,C 制造业,腾讯前复权日K回退（成交额、换手率已提供）,False,2026-07-30,15.64,15.713999999999999,17.0425,False,False,False,False,23.6,-33.728813559322035,False,37.42590939997311,-1.1583728921965175,-1.147477978031755,-0.02178982832952503,False,True,False,False,,,11.254004336005593,10.846862114953169,12.068288778110443,False,False,2026-07-23,5.0,True,50406.0,59527.2,0.8467725678345361,False,79590400.0,1.75,45.480228571428576,-1.5113350125944613,2.3299748110831295,-8.229426433915211,48.64864864864844,8.108108108108393,False,25.41,False,False,False,False,True,False
1375,002916,深南电路,C 制造业,腾讯前复权日K回退（成交额、换手率已提供）,False,2026-07-30,284.5,320.97200000000004,370.5075,False,False,False,False,468.29,-39.247047769544515,False,33.090671301369596,-25.855792803633562,-17.31996572982317,-17.071654147620784,False,True,False,False,,,38.33845865375497,44.499338828981514,26.01669830330188,False,False,,,False,139251.0,102154.2,1.3631451276599493,False,4077952000.0,2.09,1951.1732057416268,-9.971203442929022,10.312964779595575,-23.213430227458282,13.194231359312717,0.27615833077623525,False,484.57,False,False,False,False,False,False
1376,002917,金奥博,C 制造业,腾讯前复权日K回退（成交额、换手率已提供）,False,2026-07-30,10.01,9.896,10.0075,True,True,False,True,11.34,-11.728395061728396,False,43.87237799239585,-0.35949672795965526,-0.4753060707088132,0.23161868549831588,True,False,False,False,2026-07-03,19.0,9.409228703210594,7.587128634637078,13.053428840357627,False,False,2026-07-27,3.0,True,32065.0,28501.0,1.125048243921266,False,32283200.0,1.23,26.24650406504065,-0.8910891089108919,2.871287128712863,0.02498126405195606,27.58620689655183,37.931034482758534,False,15.0,False,False,False,False,False,False
1377,002918,蒙娜丽莎,C 制造业,腾讯前复权日K回退（成交额、换手率已提供）,False,2026-07-30,9.0,9.080000000000002,9.147,False,False,False,True,10.53,-14.529914529914526,False,42.429728571564944,-0.4776192545453313,-0.6218094999024302,0.2883804907141978,True,False,False,False,2026-07-16,10.0,9.703677703474083,8.387194006735976,12.336645096950296,False,False,2026-07-22,6.0,True,134080.0,118767.6,1.1289274179153237,False,122546700.0,6.26,19.57615015974441,-4.051172707889139,4.157782515991477,-1.6070842899311277,7.692307692307973,17.948717948717995,False,18.55,False,False,False,False,False,False
1378,002919,名臣健康,I 信息技术,腾讯前复权日K回退（成交额、换手率已提供）,False,2026-07-30,15.22,15.878,17.8565,False,False,False,False,22.65,-32.80353200883002,False,33.717972572737736,-1.2291068759927768,-1.0963145616927363,-0.2655846286000809,False,True,False,False,,,5.541656248583113,7.761629523103892,1.101709699541555,False,False,,,False,43911.0,36317.8,1.2090765409799051,False,68641900.0,1.66,41.3505421686747,-5.7585139318885314,8.049535603715176,-14.76493153753535,10.00000000000019,4.615384615384651,False,27.32,False,False,False,False,True,False
1379,002920,德赛西威,C 制造业,腾讯前复权日K回退（成交额、换手率已提供）,False,2026-07-30,88.94,84.512,84.44,True,True,True,True,91.35,-2.638204707170221,False,56.06723028046763,-0.8156827507455375,-1.7040113795741259,1.7766572576571766,True,False,False,False,2026-07-03,19.0,22.72375203711817,18.39996417554561,31.37132776026329,False,False,2026-07-28,2.0,True,159442.0,58244.8,2.737446089607999,True,1407407800.0,2.67,527.1190262172285,3.599301106581243,4.8223645894001175,5.329227854097584,12.560386473429855,87.43961352657014,True,114.96,False,False,False,False,False,False
1380,002921,联诚精密,C 制造业,腾讯前复权日K回退（成交额、换手率已提供）,False,2026-07-30,20.29,20.098000000000003,23.7465,True,False,False,False,30.5,-33.47540983606558,False,37.60202618372144,-1.7087737621923473,-1.322757919365581,-0.7720316856535328,False,True,False,False,,,9.193377407601604,10.979226267182684,5.621679688439446,False,False,,,False,115996.0,66004.0,1.7574086419004908,False,236988200.0,9.03,26.244540420819494,0.9452736318407817,8.557213930348253,-14.555829280104444,64.53488372093025,35.46511627906976,False,33.26,False,True,False,False,True,False
1381,002922,伊戈尔,C 制造业,腾讯前复权日K回退（成交额、换手率已提供）,False,2026-07-30,23.13,24.012,26.081,False,False,False,False,32.89,-29.674673152934027,False,33.543586936157126,-2.6021881352020593,-2.8103781036746454,0.41637993694517217,True,False,False,False,2026-07-27,3.0,10.550613003872423,10.566463813241059,10.518911385135151,False,True,,,False,140331.0,175950.2,0.7975609007548726,False,329297000.0,3.72,88.52069892473118,-3.7453183520599342,5.576362879733665,-11.314750201295965,14.179104477611773,18.65671641791045,False,48.57,False,False,False,False,False,False
1382,002923,润都股份,C 制造业,腾讯前复权日K回退（成交额、换手率已提供）,False,2026-07-30,10.17,10.414,10.712,False,False,False,False,12.14,-16.227347611202642,False,44.573053631056766,-0.05286952933133193,-0.0035666281606873433,-0.09860580234128918,False,True,False,False,,,13.953405449899526,15.063156266175268,11.73390381734804,False,False,,,False,79071.0,84871.8,0.9316522095678423,False,81374400.0,3.06,26.59294117647059,-2.865329512893988,4.680038204393507,-5.059746079163554,30.612244897959247,16.326530612244905,False,13.45,False,False,False,False,False,False
1383,002925,盈趣科技,C 制造业,腾讯前复权日K回退（成交额、换手率已提供）,False,2026-07-30,21.44,22.035999999999998,21.6825,False,False,True,True,25.85,-17.059961315280464,False,48.43610542217328,-0.14745427369452457,-0.2438422807470462,0.19277601410504325,True,False,False,False,2026-07-28,2.0,44.6731907846819,41.25368651006091,51.512199333923874,False,False,,,False,137693.0,183243.2,0.7514221537279419,False,303118800.0,1.88,161.23340425531916,-5.964912280701751,5.614035087719303,-1.1184134670817465,14.062499999999966,3.1250000000002083,False,26.55,False,False,False,False,False,False
1384,002926,华西证券,J 金融业,腾讯前复权日K回退（成交额、换手率已提供）,False,2026-07-30,8.38,8.288,8.293000000000001,True,True,False,False,8.69,-3.5673187571921603,False,54.43346039649709,0.05339065327001613,0.06173229881654036,-0.01668329109304846,False,True,False,False,,,69.91125953368112,68.8993906998872,71.93499720126894,True,False,,,False,161997.0,164970.8,0.9819737796022084,False,135144800.0,0.62,217.97548387096776,0.7211538461538547,2.04326923076923,1.0490775352707071,23.52941176470539,76.47058823529461,True,8.69,False,False,False,False,False,False
1385,002927,泰永长征,C 制造业,腾讯前复权日K回退（成交额、换手率已提供）,False,2026-07-30,14.13,14.318000000000001,15.4265,False,False,False,False,19.26,-26.63551401869159,False,36.020710452281456,-1.3729556916160828,-1.468760428245666,0.19160947325916666,True,False,False,False,2026-07-29,1.0,13.445358226203005,12.113199535674989,16.10967560725904,False,False,2026-07-22,6.0,True,65324.0,63502.2,1.0286887698378955,False,93827000.0,2.96,31.69831081081081,-3.942895989123041,5.982324949014269,-8.404369105111334,32.954545454545396,18.18181818181822,False,25.62,False,False,False,False,True,False
1386,002928,华夏航空,G 运输仓储,腾讯前复权日K回退（成交额、换手率已提供）,False,2026-07-30,6.47,6.318,6.3415,True,True,False,True,7.59,-14.756258234519107,False,48.24222807980363,-0.19621928809964473,-0.2646014253063742,0.13676427441345895,True,False,False,False,2026-07-27,3.0,14.085905176929733,10.484377994237505,21.28895954231419,False,False,2026-07-23,5.0,True,301283.0,343027.2,0.8783064433374379,False,194893200.0,2.36,82.58186440677966,0.6220839813374734,3.110419906687406,2.026334463455016,40.0,60.0,False,8.55,False,False,False,False,False,False
1387,002929,润建股份,I 信息技术,腾讯前复权日K回退（成交额、换手率已提供）,False,2026-07-30,43.61,48.282,54.81949999999999,False,False,False,False,74.17,-41.20264257786167,False,29.19592011667963,-4.620582044493403,-3.924829526454474,-1.3915050360778585,False,True,False,False,,,5.863624828458831,9.399479109150919,-1.2080837329253455,False,False,,,False,137916.0,130052.8,1.0604615971359324,False,619712000.0,6.37,97.28602825745683,-7.723233178163347,9.691070672873463,-20.448015760815025,21.83406113537119,10.262008733624434,False,100.03,False,False,False,False,False,False
1388,002930,宏川智慧,G 运输仓储,腾讯前复权日K回退（成交额、换手率已提供）,False,2026-07-30,8.24,8.2,8.558,True,False,False,False,10.6,-22.26415094339622,False,39.99845708189601,-0.45684899556371406,-0.5388814501505578,0.16406490917368743,True,False,False,False,,,6.413702006937892,5.727264747114455,7.786576526584765,False,False,2026-07-23,5.0,True,88256.0,81523.8,1.082579565721912,False,73746500.0,2.04,36.150245098039214,-2.369668246445489,3.6729857819905067,-3.715821453610652,38.70967741935475,6.451612903225695,False,16.88,False,False,False,False,True,False
1389,002931,锋龙股份,C 制造业,腾讯前复权日K回退（成交额、换手率已提供）,False,2026-07-30,40.82,43.058,52.8655,False,False,False,False,81.85,-50.128283445326815,False,31.468735837934716,-6.1045353689716535,-5.383426946119758,-1.4422168457037916,False,True,False,False,,,6.862119313313019,7.9556259079140075,4.675106124111041,False,True,,,False,104980.0,95775.6,1.0961038093209543,False,438039900.0,5.18,84.56368725868727,-6.268656716417908,6.61308840413317,-22.78518126188156,4.861111111111138,13.88888888888886,False,83.57,False,True,True,False,True,False
1390,002932,*ST明德,C 制造业,腾讯前复权日K回退（成交额、换手率已提供）,False,2026-07-30,14.33,14.346,14.363500000000002,False,False,False,True,15.3,-6.339869281045756,False,46.8778356990413,-0.1610222434851316,-0.2338034182139472,0.1455623494576312,True,False,False,False,2026-07-27,3.0,12.665884616755614,10.824949741575255,16.347754367116334,False,False,2026-07-27,3.0,True,10729.0,9633.2,1.113752439480131,False,15594500.0,0.69,22.60072463768116,-2.2510231923601687,3.001364256480215,-0.23323006231073107,0.0,6.818181818181681,False,17.5,False,False,False,False,False,False
1391,002933,新兴装备,C 制造业,腾讯前复权日K回退（成交额、换手率已提供）,False,2026-07-30,24.45,24.454,25.185499999999998,False,False,False,True,28.08,-12.927350427350426,False,40.41629802703502,-0.844544531225857,-0.9492897720689797,0.2094904816862453,True,False,False,False,2026-07-28,2.0,11.095876503032935,9.456392482875403,14.374844543348,False,False,2026-07-24,4.0,True,11136.0,9566.2,1.1640985971441116,False,27572900.0,0.95,29.024105263157896,-1.291885345175614,2.7856277755349264,-2.9203311429195304,56.52173913043475,7.246376811594292,False,31.88,False,False,False,False,True,False
1392,002935,天奥电子,C 制造业,腾讯前复权日K回退（成交额、换手率已提供）,False,2026-07-30,14.65,14.868,17.547,False,False,False,False,24.1,-39.211618257261414,False,30.651600555945407,-1.6522903737571077,-1.4718588540838822,-0.36086303934645114,False,True,False,False,,,12.343287120251636,12.508163803419185,12.013533753916537,False,True,,,False,52722.0,48675.6,1.0831299460099106,False,78387600.0,1.27,61.722519685039366,-3.6184210526315708,4.5394736842105345,-16.509944719895138,43.47826086956524,5.797101449275485,False,24.1,False,True,False,False,True,False
1393,002936,郑州银行,J 金融业,腾讯前复权日K回退（成交额、换手率已提供）,False,2026-07-30,1.85,1.8,1.7469999999999999,True,True,True,True,1.83,1.0928961748633887,True,68.70577539488727,0.022443201293805837,0.010143799244543197,0.02459880409852528,True,False,False,False,2026-07-06,18.0,59.66592005884146,47.812582764240794,83.37259464804278,False,False,,,False,1081623.0,884345.4,1.2230775441360355,False,198517500.0,1.54,128.90746753246754,1.6483516483516425,2.1978021978021998,5.895821408128231,0.0,100.0,True,1.85,True,False,False,False,False,False
1394,002937,兴瑞科技,C 制造业,腾讯前复权日K回退（成交额、换手率已提供）,False,2026-07-30,25.1,29.7,37.147499999999994,False,False,False,False,46.3,-45.78833693304535,False,23.352047825475793,-3.1627896117532615,-1.6602569564480896,-3.0050653106103438,False,True,False,False,,,27.179367869305413,38.67382049151204,4.190462624892163,False,False,,,False,142473.0,113076.4,1.2599711345603504,False,368849100.00000006,4.52,81.60378318584073,-10.00358551452133,11.0075295804948,-32.43152298270407,4.2345276872965,0.0,False,46.3,False,False,False,False,False,False
1395,002938,鹏鼎控股,C 制造业,腾讯前复权日K回退（成交额、换手率已提供）,False,2026-07-30,76.05,85.238,93.14399999999999,False,False,False,False,107.89,-29.511539531003805,False,34.62134234367784,-4.74584360868954,-2.9917652616722883,-3.508156694034504,False,True,False,False,,,48.277832840399604,54.0610190056429,36.71146050991301,False,False,,,False,339082.0,278490.2,1.217572467541048,False,2654321800.0,1.47,1805.661088435374,-10.000000000000009,9.846153846153854,-18.352228807008498,12.860576923077,0.0,False,123.1,False,False,False,False,False,False
1396,002939,长城证券,J 金融业,腾讯前复权日K回退（成交额、换手率已提供）,False,2026-07-30,8.31,8.202000000000002,8.1545,True,True,True,True,8.55,-2.807017543859651,False,53.14301855050057,-0.010905576954966634,-0.03678996190142031,0.05176876989290735,True,False,False,False,2026-07-20,8.0,23.291301791556645,21.80017599907836,26.273553376513213,False,False,,,False,248011.0,193915.2,1.2789662697921564,False,205496400.0,0.69,297.8208695652174,0.6053268765133346,1.8159806295399559,1.9069225580967561,26.666666666666032,73.33333333333397,True,9.97,False,False,False,False,False,False
1397,002940,昂利康,C 制造业,腾讯前复权日K回退（成交额、换手率已提供）,False,2026-07-30,23.41,24.059999999999995,26.347499999999997,False,False,False,False,31.92,-26.66040100250627,False,37.732832700267394,-1.4794676009982162,-1.3396866911884453,-0.27956181961954174,False,True,False,False,,,3.1602201366591167,4.911445325255071,-0.3422302405327926,False,False,,,False,83078.0,110091.6,0.7546261476806586,False,197924500.0,4.48,44.179575892857144,-2.7015793848711445,4.904405652535328,-11.14906537622164,42.372881355932215,7.627118644067786,False,45.5,False,True,False,False,True,False
1398,002941,新疆交建,E 建筑业,腾讯前复权日K回退（成交额、换手率已提供）,False,2026-07-30,10.56,10.114,9.684999999999999,True,True,True,True,10.56,0.0,False,60.72590506370919,-0.05226442199881909,-0.24901869853694986,0.39350855307626154,True,False,False,False,2026-07-03,19.0,16.836718406996706,13.165974987791044,24.178205245408027,False,False,,,False,167724.0,132520.6,1.2656447374974154,False,177599500.0,2.3,77.21717391304348,1.2464046021092967,3.739213806327906,9.034589571502343,38.461538461538495,61.53846153846151,False,14.14,False,False,False,False,False,False
1399,002942,新农股份,C 制造业,腾讯前复权日K回退（成交额、换手率已提供）,False,2026-07-30,14.4,14.030000000000001,14.3405,True,True,False,True,15.53,-7.276239536381192,False,47.32476120665208,-0.4006733045630231,-0.5060456487966338,0.2107446884672215,True,False,False,False,2026-07-28,2.0,11.401627470623273,8.313222027712868,17.57843835644408,False,False,2026-07-28,2.0,True,14641.0,15597.2,0.9386941245864642,False,21183700.0,1.06,19.984622641509432,0.20876826722338038,3.827418232428676,0.41490882465743795,58.18181818181816,41.81818181818184,False,19.88,False,False,False,False,True,False
1400,002943,宇晶股份,C 制造业,腾讯前复权日K回退（成交额、换手率已提供）,False,2026-07-30,26.24,29.078000000000003,35.897000000000006,False,False,False,False,48.88,-46.317512274959086,False,26.15625491310236,-5.449072794686373,-5.018817839222724,-0.8605099109272984,False,True,False,False,,,4.030319523847289,6.334443066623553,-0.5779275617052413,False,False,,,False,119224.0,100332.6,1.1882877549271122,False,320875700.0,6.31,50.85193343898574,-7.147912243453658,9.978768577494693,-26.901969523915664,15.602836879432669,13.829787234042445,False,73.67,False,False,False,False,False,False
1401,002945,华林证券,J 金融业,腾讯前复权日K回退（成交额、换手率已提供）,False,2026-07-30,14.7,13.626,13.288,True,True,True,True,14.37,2.2964509394572032,True,63.31644915886341,0.018208575410003647,-0.17537765641122008,0.38717246364244745,True,False,False,False,2026-07-20,8.0,35.39513032420084,23.502411979362204,59.180567013878125,False,False,,,False,488737.0,131530.6,3.715766521250568,True,725760900.0,1.81,400.9728729281768,2.2964509394572064,7.098121085594999,10.626128838049361,67.64705882352945,32.35294117647055,False,16.33,False,True,False,False,True,True
1402,002946,新乳业,C 制造业,腾讯前复权日K回退（成交额、换手率已提供）,False,2026-07-30,17.8,16.346,15.358,True,True,True,True,17.26,3.1286210892236337,True,70.54417200507228,0.3444620137761536,0.04190595079168431,0.6051121259689386,True,False,False,False,2026-07-06,18.0,55.87460328171603,46.839530430278984,73.94474898459012,False,False,,,False,180802.0,87772.4,2.059895821465518,True,320618700.0,2.13,150.52521126760564,5.076741440377797,9.44510035419125,15.90050787863003,27.499999999999897,72.50000000000011,True,19.52,False,False,False,False,False,False
1403,002947,恒铭达,C 制造业,腾讯前复权日K回退（成交额、换手率已提供）,False,2026-07-30,50.11,54.402,62.557500000000005,False,False,False,False,77.2,-35.090673575129536,False,28.050467105159456,-6.790786901163749,-6.356772704402283,-0.8680283935229323,False,True,False,False,,,15.440758479690155,19.17087814755745,7.9805191439555685,False,False,,,False,81694.0,66932.2,1.2205485551050168,False,417131200.0,4.12,101.24543689320389,-8.18981311835837,9.673873213631369,-19.89769412140831,11.363636363636388,15.34090909090913,False,105.0,False,False,False,False,False,False
1404,002948,青岛银行,J 金融业,腾讯前复权日K回退（成交额、换手率已提供）,False,2026-07-30,5.9,5.798,5.608,True,True,True,True,5.88,0.3401360544217766,True,65.18587167204566,0.10990888546947009,0.08028892113436166,0.05923992867021685,True,False,False,False,2026-07-07,17.0,83.72976659097502,79.12828709434048,92.93272558424408,False,False,,,False,432068.0,307282.4,1.4060941986914968,False,254090700.0,1.23,206.5778048780488,0.6825938566553003,2.047781569965872,5.206847360912994,33.33333333333333,66.66666666666666,False,5.88,True,False,False,False,True,False
1405,002949,华阳国际,M 科研服务,腾讯前复权日K回退（成交额、换手率已提供）,False,2026-07-30,9.8,9.558,9.8285,True,False,False,True,10.78,-9.09090909090908,False,44.710045239578115,-0.3587186659802377,-0.4419058444801256,0.16637435699977576,True,False,False,False,2026-07-02,20.0,10.029422262040649,7.989827400035345,14.108611986051258,False,False,2026-07-28,2.0,True,29544.0,26569.2,1.1119642292579377,False,29035600.0,1.95,14.890051282051282,0.3070624360286711,3.58239508700102,-0.28997303759474286,51.4285714285714,48.5714285714286,False,14.72,False,True,False,False,True,False
1406,002950,奥美医疗,C 制造业,腾讯前复权日K回退（成交额、换手率已提供）,False,2026-07-30,9.11,8.872,8.962,True,True,False,True,9.62,-5.3014553014553,False,49.86480883193312,-0.15453772667838983,-0.21388912935923066,0.11870280536168165,True,False,False,False,,,9.969707166095404,8.790204970432663,12.328711557420885,False,False,2026-07-29,1.0,True,111118.0,78621.8,1.413323022367842,False,102670200.0,2.59,39.64100386100386,0.0,4.171240395170152,1.6514170943985682,73.68421052631594,23.684210526315702,False,14.66,False,True,False,False,True,False
1407,002951,金时科技,C 制造业,腾讯前复权日K回退（成交额、换手率已提供）,False,2026-07-30,12.8,12.454,12.988999999999999,True,False,False,True,17.12,-25.233644859813086,False,45.88516015671131,-0.7860887965081016,-0.9839402012749258,0.39570280953364834,True,False,False,False,2026-07-28,2.0,14.309442750543106,11.244519793927791,20.439288663773734,False,False,2026-07-27,3.0,True,86177.0,87683.8,0.9828155257869754,False,112202800.0,2.15,52.1873488372093,-2.513328255902514,4.722010662604729,-1.4550773731618931,66.12903225806444,1.612903225806701,False,24.79,False,False,False,False,True,False
1408,002952,亚世光电,C 制造业,腾讯前复权日K回退（成交额、换手率已提供）,False,2026-07-30,17.98,18.214,19.056,False,False,False,True,22.57,-20.336730172795743,False,36.21874078486118,-1.233309517245214,-1.3868585373477051,0.3070980402049823,True,False,False,False,2026-07-27,3.0,11.617677146159506,10.432040422498654,13.98895059348121,False,False,2026-07-21,7.0,True,31377.0,35930.0,0.8732813804620094,False,57284500.0,2.38,24.069117647058825,-3.5407725321888406,5.3111587982832535,-5.6465155331654096,0.0,11.111111111111072,False,33.69,False,False,False,False,False,False
1409,002953,日丰股份,C 制造业,腾讯前复权日K回退（成交额、换手率已提供）,False,2026-07-30,9.25,9.516,9.1045,False,True,True,False,10.8,-14.351851851851857,False,48.48555442246575,0.02569681279242708,-0.07946568612960929,0.21032499784407274,True,False,False,False,2026-07-03,19.0,24.143470456150116,23.094238537039406,26.24193429437154,False,False,2026-07-21,7.0,True,115820.0,211821.0,0.5467824247831896,False,108508100.0,4.27,25.411733021077286,-3.5453597497393075,3.9624608967674746,1.5981108243176472,15.789473684210625,18.421052631578984,False,12.05,False,True,False,False,False,False
1410,002955,鸿合科技,C 制造业,腾讯前复权日K回退（成交额、换手率已提供）,False,2026-07-30,30.89,32.376,31.4,False,False,True,False,39.15,-21.09833971902937,False,48.78983824162368,0.1417063791405191,0.02437017854011844,0.2346724012008013,True,False,False,False,2026-07-27,3.0,54.65292477255943,53.121983454747344,57.7148074081836,False,False,,,False,81301.0,118338.0,0.6870236103364937,False,254667300.0,4.16,61.21810096153846,-4.953846153846153,8.030769230769229,-1.6242038216560446,37.547892720306535,28.73563218390805,False,39.15,False,False,False,False,True,False
1411,002956,西麦食品,C 制造业,腾讯前复权日K回退（成交额、换手率已提供）,False,2026-07-30,17.57,16.806,18.482999999999997,True,False,False,True,22.1,-20.49773755656109,False,43.44337686041222,-1.0544605635445627,-1.0685361246637193,0.028151122238313064,True,False,True,False,,,18.695186232537953,13.718670164422292,28.648218368769278,False,False,,,False,130614.0,67171.6,1.9444824896235908,True,232539100.0,4.18,55.63136363636364,-3.673245614035081,7.072368421052627,-4.939674295298365,44.961240310077415,21.70542635658925,False,23.29,False,False,False,False,False,True
1412,002957,科瑞技术,C 制造业,腾讯前复权日K回退（成交额、换手率已提供）,False,2026-07-30,30.75,34.862,39.92399999999999,False,False,False,False,51.29,-40.046792747124194,False,31.993996609730374,-4.510596638064705,-4.042565298106823,-0.9360626799157625,False,True,False,False,,,21.84835674328282,25.692485956079125,14.160098317690213,False,False,,,False,173441.0,150997.8,1.1486326290846622,False,551723700.0,4.14,133.26659420289855,-9.982435597189687,10.450819672131159,-22.97865945296061,4.481792717086933,0.2801120448179707,False,72.15,False,False,False,False,False,False
1413,002958,青农商行,J 金融业,腾讯前复权日K回退（成交额、换手率已提供）,False,2026-07-30,3.18,3.0520000000000005,2.921,True,True,True,True,3.1,2.5806451612903247,True,78.99534781627032,0.08421523090931426,0.0625281682733706,0.04337412527188733,True,False,False,False,2026-07-06,18.0,91.04177295071162,84.79501316923036,103.53529251367414,False,False,,,False,1132294.0,702621.4,1.6115279153182638,False,357482200.0,2.08,171.8664423076923,2.912621359223322,3.8834951456310716,8.866826429305044,16.666666666666664,83.33333333333334,True,3.1,True,False,False,False,False,False
1414,002959,小熊电器,C 制造业,腾讯前复权日K回退（成交额、换手率已提供）,False,2026-07-30,34.42,33.275999999999996,33.0025,True,True,True,True,34.17,0.7316359379572724,True,57.89374953940655,-0.0817673322607888,-0.34812538153984507,0.5327160985581125,True,False,False,False,,,22.09123268939236,19.396394979791527,27.48090810859403,False,False,2026-07-28,2.0,True,12036.0,9909.2,1.214628829774351,False,41270800.0,0.86,47.9893023255814,1.2948793407887127,2.177751618599182,4.295129156882067,13.51351351351367,86.48648648648634,True,39.99,False,False,False,False,False,False
1415,002960,青鸟智控,C 制造业,腾讯前复权日K回退（成交额、换手率已提供）,False,2026-07-30,7.86,7.662000000000001,8.053999999999998,True,False,False,True,8.78,-10.478359908883817,False,43.48549789589092,-0.2521661692013497,-0.253182821174988,0.0020333039472766323,True,False,True,False,,,12.375909340964663,9.273524508447343,18.580679005999304,False,False,2026-07-28,2.0,True,103359.0,105960.4,0.9754493188021186,False,81067400.0,1.07,75.76392523364485,0.5115089514066584,2.55754475703325,-2.408740998261711,29.999999999999776,70.00000000000021,True,10.46,False,False,False,False,False,False
1416,002961,瑞达期货,J 金融业,腾讯前复权日K回退（成交额、换手率已提供）,False,2026-07-30,19.54,18.796,18.952,True,True,False,True,20.7,-5.603864734299518,False,51.70116562493566,-0.3793686953678588,-0.5400360319473148,0.32133467315891195,True,False,False,False,2026-07-21,7.0,10.858838800599187,8.124503132511448,16.327510136774666,False,False,2026-07-29,1.0,True,69437.0,57242.6,1.2130301558629413,False,135954600.0,1.46,93.11958904109589,1.1387163561076497,4.192546583850925,3.1025749261291544,33.33333333333333,66.66666666666666,False,26.98,False,False,False,False,True,False
1417,002962,五方光电,C 制造业,腾讯前复权日K回退（成交额、换手率已提供）,False,2026-07-30,11.61,11.813999999999998,13.197999999999999,False,False,False,False,19.81,-41.393235739525494,False,33.22331252852092,-1.5877412602578218,-1.633162717977757,0.09084291543987044,True,False,False,False,2026-07-29,1.0,11.234630648498277,10.678530573712004,12.346830798070823,False,False,2026-07-23,5.0,True,89162.0,96271.0,0.9261563710774792,False,105080900.0,4.26,24.666877934272303,-3.4912718204488824,4.156275976724855,-12.032126079709043,22.00000000000024,9.999999999999787,False,22.39,False,False,False,False,True,False
1418,002963,豪尔赛,E 建筑业,腾讯前复权日K回退（成交额、换手率已提供）,False,2026-07-30,12.02,12.95,15.901999999999997,False,False,False,False,21.78,-44.811753902663,False,26.355978571173296,-1.7885584173652855,-1.4313239969629854,-0.7144688408046003,False,True,False,False,,,7.234589770912403,10.326933247728281,1.0499028172806462,False,False,,,False,56951.0,53999.0,1.0546676790310932,False,70009200.0,4.63,15.120777537796977,-6.965944272445823,9.210526315789485,-24.41202364482454,23.52941176470595,19.327731092436988,False,24.58,False,False,False,False,False,False
1419,002965,祥鑫科技,C 制造业,腾讯前复权日K回退（成交额、换手率已提供）,False,2026-07-30,29.54,35.932,45.411,False,False,False,False,57.86,-48.945731075008645,False,23.574539717867097,-2.811866838061526,-0.5905116837263763,-4.4427103086703,False,True,False,False,,,24.714869403540206,37.73400277554216,-1.3233973404636998,False,False,,,False,147744.0,141518.2,1.0439929281180795,False,451064200.0,7.76,58.12682989690722,-9.993906154783671,8.988421694088979,-34.94968179515976,22.711864406779696,0.0,False,57.86,False,False,False,False,False,False
1420,002966,苏州银行,J 金融业,腾讯前复权日K回退（成交额、换手率已提供）,False,2026-07-30,8.58,8.225999999999999,7.831,True,True,True,True,8.39,2.264600715137062,True,76.56423198091521,0.18532270508959403,0.10240193332154346,0.16584154353610114,True,False,False,False,2026-07-07,17.0,75.65359423750581,66.8553453691745,93.25009197416844,False,False,,,False,739243.0,445047.0,1.6610447885279531,False,628009100.0,1.68,373.8149404761905,2.877697841726623,3.956834532374102,9.564551142893624,9.090909090908896,90.9090909090911,True,8.46,True,False,False,False,False,False
1421,002967,广电计量,M 科研服务,腾讯前复权日K回退（成交额、换手率已提供）,False,2026-07-30,16.77,16.414,17.215,True,False,False,True,19.55,-14.219948849104865,False,42.83738906268252,-0.6305231543017129,-0.6737996582472522,0.08655300789107856,True,False,True,False,,,9.577707860940931,7.540518762465194,13.652086057892404,False,False,2026-07-29,1.0,True,43798.0,48892.2,0.8958075112185584,False,73473900.0,0.8,91.842375,0.23909145248057762,2.6897788404064724,-2.584954981121117,53.33333333333344,46.666666666666565,False,23.0,False,False,False,False,True,False
1422,002968,新大正,K 房地产,腾讯前复权日K回退（成交额、换手率已提供）,False,2026-07-30,8.44,8.244,8.33,True,True,False,True,8.94,-5.592841163310962,False,47.61536929670071,-0.22539039298479402,-0.3030003895862876,0.15521999320298718,True,False,False,False,,,11.69109331609164,9.188436462247608,16.696407023779706,False,False,2026-07-27,3.0,True,42303.0,37341.8,1.1328591551558842,False,35857000.0,1.99,18.018592964824123,0.0,4.383886255924183,1.320528211284507,56.75675675675683,43.24324324324317,False,12.38,False,True,False,False,False,False
1423,002969,嘉美包装,C 制造业,腾讯前复权日K回退（成交额、换手率已提供）,False,2026-07-30,11.83,11.892,11.9685,False,False,False,True,14.69,-19.469026548672563,False,43.70572303838202,-0.8824996865752048,-1.219990892671341,0.6749824121922723,True,False,False,False,2026-07-27,3.0,12.309233927665892,9.67503499118977,17.577631800618132,False,False,2026-07-21,7.0,True,1260167.0,516910.0,2.4378847381555784,True,1583865500.0,11.53,137.36908065915006,-9.969558599695594,12.709284627092845,-1.1572043280277438,62.87425149700603,0.0,False,24.1,False,False,False,False,False,True
1424,002970,锐明技术,I 信息技术,腾讯前复权日K回退（成交额、换手率已提供）,False,2026-07-30,43.68,45.846000000000004,50.374,False,False,False,False,61.98,-29.525653436592446,False,34.21658214326345,-3.826396840576237,-3.6482094757638412,-0.35637472962479144,False,True,False,False,,,7.6939274451111475,9.484425738132236,4.112930859068971,False,False,,,False,35944.0,31611.6,1.1370509559781852,False,159487600.0,2.84,56.157605633802824,-5.454545454545457,6.212121212121222,-13.288601262556085,6.968641114982667,12.195121951219543,False,80.3,False,True,False,False,True,False
1425,002971,和远气体,C 制造业,腾讯前复权日K回退（成交额、换手率已提供）,False,2026-07-30,32.7,36.544,46.5275,False,False,False,False,78.88,-58.5446247464503,False,29.467344247052353,-5.535320095417148,-4.0524971988840335,-2.96564579306623,False,True,False,False,,,17.000514595414337,20.99396389946147,9.013615987320073,False,False,,,False,153136.0,180739.6,0.8472742000092951,False,517957300.00000006,9.51,54.46449001051526,-9.793103448275852,9.765517241379328,-29.7189833969158,8.757062146892704,1.1299435028250335,False,78.88,False,False,False,False,False,False
1426,002972,科安达,C 制造业,腾讯前复权日K回退（成交额、换手率已提供）,False,2026-07-30,11.53,12.764000000000001,15.230500000000001,False,False,False,False,19.96,-42.23446893787576,False,27.20752480302052,-0.9965953620067314,-0.5250801088007644,-0.943030506411934,False,True,False,False,,,22.856070799294297,29.9409811235233,8.686250150836287,False,False,,,False,124993.0,68561.6,1.8230758908776923,True,146073100.0,9.28,15.740635775862069,-8.200636942675166,9.952229299363056,-24.296641607301147,5.600000000000023,17.59999999999991,False,19.97,False,False,False,False,False,False
1427,002973,侨银股份,N 公共环保,腾讯前复权日K回退（成交额、换手率已提供）,False,2026-07-30,8.75,9.006,9.7,False,False,False,False,11.1,-21.171171171171167,False,29.32258686059491,-0.6366606764748752,-0.6264357980478388,-0.02044975685407291,False,True,False,False,,,3.1432478713886405,4.109651040656577,1.2104415328527676,False,False,,,False,79298.0,46818.8,1.6937213256213315,False,70405900.0,2.5,28.16236,-3.6343612334801767,5.286343612334806,-9.793814432989684,29.166666666666757,14.583333333333378,False,14.3,False,True,False,False,True,False
1428,002975,博杰股份,C 制造业,腾讯前复权日K回退（成交额、换手率已提供）,False,2026-07-30,69.34,79.712,99.62100000000001,False,False,False,False,131.4,-47.22983257229833,False,29.708540168908115,-13.38599619847868,-10.759181013541163,-5.253630369875033,False,True,False,False,,,25.665592935733667,31.251181133565538,14.49441654006992,False,False,,,False,95736.0,86631.6,1.1050932915933678,False,687036600.0,6.97,98.57053084648494,-9.994807892004154,11.734164070612657,-30.396201604079465,17.035398230088422,0.0,False,157.97,False,False,False,False,False,False
1429,002976,瑞玛精密,C 制造业,腾讯前复权日K回退（成交额、换手率已提供）,False,2026-07-30,18.26,18.968,22.3095,False,False,False,False,28.28,-35.43140028288543,False,33.27453864886756,-1.678259576396954,-1.264861730090476,-0.8267956926129556,False,True,False,False,,,6.043923445453042,11.032935482865168,-3.934100629371212,False,False,,,False,66808.0,41859.8,1.595994247464154,False,124495800.0,5.49,22.676830601092895,-3.641160949868061,8.337730870712393,-18.15146014029897,53.164556962025365,7.59493670886083,False,29.98,False,False,False,False,False,False
1430,002977,*ST天箭,C 制造业,腾讯前复权日K回退（成交额、换手率已提供）,False,2026-07-30,21.02,22.392000000000003,22.7805,False,False,False,False,26.5,-20.67924528301887,False,42.57964904113975,-0.6294336503103892,-0.6931377403310718,0.12740818004136512,True,False,False,False,2026-07-27,3.0,26.744841219424227,27.09303684879808,26.04844996067652,False,True,,,False,11819.0,22290.2,0.530233017200384,False,25170100.000000004,1.77,14.220395480225992,-2.41411327762302,3.4354688950789156,-7.728100787954611,40.54054054054072,1.3513513513510853,False,31.35,False,False,False,False,False,False
1431,002978,安宁股份,B 采矿业,腾讯前复权日K回退（成交额、换手率已提供）,False,2026-07-30,26.53,26.086000000000002,25.855,True,True,True,False,27.19,-2.4273630011033474,False,52.964073265905846,-0.0893281331956075,-0.2435962375779671,0.3085362087647192,True,False,False,False,2026-07-14,12.0,16.72085412336325,14.050076628728016,22.062409112633713,False,False,,,False,24264.0,27050.2,0.8969989131318807,False,64300400.0,0.66,97.42484848484848,0.49242424242426086,2.1212121212121167,2.6107135950493165,30.357142857142595,69.64285714285741,False,31.93,False,False,False,False,True,False
1432,002979,雷赛智能,C 制造业,腾讯前复权日K回退（成交额、换手率已提供）,False,2026-07-30,52.15,57.114,60.8985,False,False,False,False,76.26,-31.615525832677687,False,40.53385219625417,-0.38143056105790407,0.5042551592118918,-1.7713714405395917,False,True,False,False,,,52.30496025636078,55.88153960373231,45.15180156161773,False,False,,,False,154351.0,132305.4,1.1666266078330894,False,831816200.0,6.93,120.0311976911977,-9.540329575021678,10.32090199479619,-14.365706872911485,0.0,1.6806722689075861,False,76.26,False,False,False,False,False,False
1433,002980,华盛昌,C 制造业,腾讯前复权日K回退（成交额、换手率已提供）,False,2026-07-30,63.53,75.314,91.1965,False,False,False,False,116.3,-45.37403267411866,False,30.821915602987872,-9.36982262513797,-6.605021403748301,-5.529602442779339,False,True,False,False,,,38.849002938269166,45.9483080790475,24.650392656712498,False,False,,,False,78248.0,80126.4,0.9765570398769944,False,517639000.0,7.73,66.96494178525225,-10.001416631250892,10.808896444255552,-30.33723881947224,3.145478374836108,0.0,False,135.95,False,False,False,False,False,False
1434,002981,朝阳科技,C 制造业,腾讯前复权日K回退（成交额、换手率已提供）,False,2026-07-30,22.56,22.458000000000002,21.497,True,True,True,True,22.96,-1.7421602787456538,False,55.24647303821052,0.07119717384309965,-0.2444742315416381,0.6313428107694755,True,False,False,False,2026-07-06,18.0,38.23603658253082,35.86179943494678,42.984510877698895,False,False,,,False,23834.0,24004.2,0.9929095741578556,False,53649500.0,1.96,27.372193877551023,-0.2652519893899252,2.6525198938991945,4.944876029213374,53.33333333333356,46.66666666666643,False,29.84,False,False,False,False,True,False
1435,002982,湘佳股份,A 农林牧渔,腾讯前复权日K回退（成交额、换手率已提供）,False,2026-07-30,11.43,11.338,11.757,True,False,False,False,12.4,-7.822580645161295,False,44.58326338698147,-0.2163000405560087,-0.21173255813228598,-0.00913496484744547,False,True,False,False,,,17.148249904298194,17.815354848839387,15.814040015215802,False,False,,,False,35809.0,31447.4,1.1386950908501179,False,41298200.0,2.75,15.017527272727273,-0.34873583260680574,3.6617262423714028,-2.7813217657565703,61.90476190476186,26.19047619047606,False,14.61,False,False,False,False,False,False
1436,002983,芯瑞达,C 制造业,腾讯前复权日K回退（成交额、换手率已提供）,False,2026-07-30,17.72,17.901999999999997,20.488500000000002,False,False,False,False,27.11,-34.636665437108086,False,33.3696472414686,-1.8343553669867454,-1.6805386311626727,-0.3076334716481455,False,True,False,False,,,12.519870467497427,12.045070141194401,13.469471120103478,False,False,2026-07-28,2.0,True,19503.0,21095.6,0.9245055841028461,False,35067200.0,1.52,23.070526315789476,-3.3805888767720838,4.252998909487446,-13.512458208263187,5.128205128205035,15.384615384615104,False,28.41,False,False,False,False,True,False
1437,002984,森麒麟,C 制造业,腾讯前复权日K回退（成交额、换手率已提供）,False,2026-07-30,14.72,14.197999999999999,13.933000000000002,True,True,True,True,14.55,1.1683848797250853,True,60.837101479519355,0.026287509954375565,-0.10022194361729912,0.2530189071433494,True,False,False,False,2026-07-06,18.0,27.74756537010657,23.631718582499598,35.97925894532052,False,False,,,False,138126.0,101264.2,1.3640161083581366,False,202868100.0,1.93,105.11300518134716,2.506963788300842,3.8997214484679703,5.6484604894853865,30.357142857142815,69.64285714285718,False,17.18,False,False,False,False,False,False
1438,002985,北摩高科,C 制造业,腾讯前复权日K回退（成交额、换手率已提供）,False,2026-07-30,25.48,24.956,25.166,True,True,False,True,29.1,-12.43986254295533,False,46.40816799911819,-0.9190728182931238,-1.2234691785208225,0.6087927204553973,True,False,False,False,2026-07-24,4.0,8.856653567838874,6.5102645901613245,13.549431523193972,False,False,2026-07-27,3.0,True,42151.0,46935.0,0.8980718014275061,False,107563600.0,1.27,84.69574803149605,0.11787819253439302,2.0825147347740716,1.2477151712628152,50.943396226414905,49.056603773585095,False,37.03,False,False,False,False,True,False
1439,002986,宇新股份,C 制造业,腾讯前复权日K回退（成交额、换手率已提供）,False,2026-07-30,11.78,11.732,11.8335,True,False,False,True,12.86,-8.398133748055988,False,48.677422747148285,-0.12131304361431106,-0.14718928647656856,0.05175248572451502,True,False,False,False,2026-07-29,1.0,15.69353478951964,13.86070097718772,19.359202414183482,False,False,2026-07-24,4.0,True,56928.0,45680.4,1.246223763364594,False,67275400.0,1.89,35.59544973544974,-0.4226542688081203,4.057480980557907,-0.4521063083618662,50.0,37.49999999999991,False,14.62,False,False,False,False,False,False
1440,002987,京北方,I 信息技术,腾讯前复权日K回退（成交额、换手率已提供）,False,2026-07-30,11.14,10.792,10.092,True,True,True,True,11.08,0.5415162454873691,True,60.40441646662656,0.06055184554010573,-0.14651258811131804,0.41412886730284754,True,False,False,False,2026-07-14,12.0,31.01873693142748,25.275580164584863,42.50505046511271,False,False,,,False,289820.0,221606.0,1.307816575363483,False,322613800.0,2.86,112.80202797202797,2.108157653528875,5.591200733272238,10.384462940943322,40.983606557376966,59.01639344262303,False,13.15,False,False,False,False,False,False
1441,002988,豪美新材,C 制造业,腾讯前复权日K回退（成交额、换手率已提供）,False,2026-07-30,19.57,19.6,20.601999999999997,False,False,False,False,25.8,-24.14728682170543,False,38.010838775762984,-1.3325652185484032,-1.5688303046458874,0.4725301721949684,True,False,False,False,2026-07-23,5.0,7.003841886526675,6.1728800457861075,8.665765568007808,False,False,2026-07-23,5.0,True,34970.0,34569.2,1.0115941358203258,False,69510400.0,1.4,49.650285714285715,-2.5883524141363856,4.031856645097057,-5.009222405591674,53.08641975308647,6.172839506172937,False,35.86,False,False,False,False,True,False
1442,002989,中天精装,E 建筑业,腾讯前复权日K回退（成交额、换手率已提供）,False,2026-07-30,19.01,20.582,25.2775,False,False,False,False,33.99,-44.07178581935863,False,31.382436677149713,-2.9943392254654384,-2.443544166865466,-1.1015901171999447,False,True,False,False,,,5.14941804506089,8.646973351604112,-1.8456925680255551,False,False,,,False,70728.0,70499.4,1.0032425807879217,False,137458900.0,3.58,38.396340782122905,-6.492867683226744,7.47663551401869,-24.794777964593013,17.10526315789461,8.552631578947539,False,39.38,False,True,False,False,False,False
1443,002990,盛视科技,I 信息技术,腾讯前复权日K回退（成交额、换手率已提供）,False,2026-07-30,37.76,43.803999999999995,54.62050000000001,False,False,False,False,78.0,-51.5897435897436,False,26.043421238542948,-4.990834739147722,-3.05980132719918,-3.8620668238970843,False,True,False,False,,,28.313445863114563,35.18392149925561,14.572494590832463,False,False,,,False,94833.0,78854.6,1.202631171802279,False,370682000.0,6.87,53.9566229985444,-9.988081048867715,11.251489868891534,-30.868446828571706,14.618644067796566,0.0,False,81.62,False,False,False,False,False,False
1444,002991,甘源食品,C 制造业,腾讯前复权日K回退（成交额、换手率已提供）,False,2026-07-30,43.05,41.098,41.267,True,True,False,True,43.44,-0.8977900552486201,False,57.71471931523585,-0.2272340596842497,-0.5257585405150901,0.5970489616616808,True,False,False,False,2026-07-28,2.0,22.513262026220644,17.891613149369864,31.756559779922206,False,False,,,False,16526.0,9370.2,1.7636763356171692,False,71629900.0,3.31,21.64045317220544,1.5330188679245182,3.8915094339622778,4.320643613541072,54.545454545454696,45.4545454545453,False,52.09,False,False,False,False,True,False
1445,002992,宝明科技,C 制造业,腾讯前复权日K回退（成交额、换手率已提供）,False,2026-07-30,31.09,32.994,36.44,False,False,False,False,44.08,-29.469147005444647,False,28.35313059629756,-2.689588226149027,-2.4470349454409863,-0.48510656141608166,False,True,False,False,,,3.55918789746988,5.658147023295194,-0.6387303541807476,False,False,,,False,19603.0,14631.6,1.339771453566254,False,62383300.0,1.25,49.90664,-5.644916540212453,6.403641881638844,-14.681668496158062,5.213270142180069,4.26540284360189,False,54.27,False,False,False,False,True,False
1446,002993,奥海科技,C 制造业,腾讯前复权日K回退（成交额、换手率已提供）,False,2026-07-30,33.25,36.124,47.1515,False,False,False,False,69.49,-52.151388689019996,False,23.44010873902552,-7.283873338637392,-6.290744592025835,-1.986257493223114,False,True,False,False,,,5.020329154657226,8.335943512702093,-1.6108995614325075,False,False,,,False,70628.0,72996.6,0.9675519133767874,False,240016699.99999997,2.96,81.08672297297296,-6.073446327683607,8.220338983050839,-29.482625155085202,26.116838487972473,7.903780068728423,False,75.66,False,False,False,False,False,False
1447,002995,天地在线,L 商务服务,腾讯前复权日K回退（成交额、换手率已提供）,False,2026-07-30,16.6,16.016000000000002,15.9715,True,True,True,True,19.68,-15.650406504065032,False,48.033931843895736,-0.8173120042051742,-1.1446085618698463,0.654593115329344,True,False,False,False,2026-07-23,5.0,17.520126149961218,13.72585878563457,25.10866087861452,False,False,2026-07-21,7.0,True,222315.0,85020.2,2.6148491770191087,True,377461000.0,19.78,19.082962588473205,1.034692635423018,10.529519172245895,3.935134458253769,79.76878612716756,20.231213872832445,False,27.62,False,False,False,False,True,True
1448,002996,顺博合金,C 制造业,腾讯前复权日K回退（成交额、换手率已提供）,False,2026-07-30,6.12,6.066,6.0945,True,True,False,False,6.45,-5.116279069767442,False,48.74038911687862,-0.058215560963792434,-0.08435679571630916,0.05228246950503346,True,False,False,False,2026-07-02,20.0,19.01643453715172,16.722816223430595,23.60367116459397,False,False,2026-07-27,3.0,True,59729.0,74517.8,0.801540034729957,False,36813600.0,1.3,28.318153846153844,-0.8103727714748765,2.7552674230145855,0.41841004184100544,64.70588235294139,23.529411764705912,False,7.56,False,False,False,False,True,False
1449,002997,瑞鹄模具,C 制造业,腾讯前复权日K回退（成交额、换手率已提供）,False,2026-07-30,25.67,25.651999999999997,27.1735,True,False,False,False,31.0,-17.19354838709677,False,40.25327519870538,-1.0096141479713978,-0.9984789402742016,-0.02227041539439245,False,True,False,False,,,11.793015451347038,11.318527431523378,12.741991490994359,False,False,2026-07-29,1.0,True,28992.0,21368.0,1.3567952077873455,False,75555600.0,1.39,54.35654676258993,-2.0229007633587703,3.740458015267164,-5.532964101054332,31.63265306122446,7.142857142857196,False,35.56,False,False,False,False,True,False
1450,002998,优彩资源,C 制造业,腾讯前复权日K回退（成交额、换手率已提供）,False,2026-07-30,7.37,7.248,7.147,True,True,True,True,7.8,-5.512820512820509,False,52.374684421030416,-0.03852513425556481,-0.1045618035861058,0.13207333866108198,True,False,False,False,2026-07-02,20.0,26.400811839412942,24.437002159354943,30.328431199528943,False,False,,,False,126091.0,137331.6,0.9181499378147491,False,92881900.0,4.66,19.93173819742489,0.13586956521738358,3.124999999999994,3.1201902896320117,43.47826086956515,56.521739130434845,False,10.28,False,True,False,False,True,False
1451,002999,天禾股份,F 批发零售,腾讯前复权日K回退（成交额、换手率已提供）,False,2026-07-30,5.52,5.414,5.4645,True,True,False,True,5.89,-6.2818336162988135,False,49.11185983075097,-0.09805979473019821,-0.13370953863053434,0.07129948780067225,True,False,False,False,2026-07-02,20.0,13.04602333647015,10.514674169712155,18.10872166998614,False,False,2026-07-28,2.0,True,62781.0,52734.2,1.1905177285329065,False,34867000.0,1.83,19.053005464480876,0.1814882032667775,2.5408348457350214,1.0156464452374314,71.42857142857197,28.571428571428026,False,7.25,False,True,False,False,False,False
1452,003000,劲仔食品,C 制造业,腾讯前复权日K回退（成交额、换手率已提供）,False,2026-07-30,10.85,10.378,10.267,True,True,True,True,10.73,1.118359739049387,True,62.74928933884657,0.03838062769909456,-0.03185748716423566,0.14047622972666043,True,False,False,False,2026-07-28,2.0,63.67728812582916,51.61605476901264,87.79975483946218,False,False,,,False,105239.0,48262.8,2.180540706299676,True,114455000.0,3.42,33.46637426900585,2.358490566037741,4.716981132075472,5.678387065355023,35.99999999999994,64.00000000000006,False,11.11,False,False,False,False,False,False
1453,003001,中岩大地,E 建筑业,腾讯前复权日K回退（成交额、换手率已提供）,False,2026-07-30,17.49,18.918,16.5655,False,True,True,False,21.52,-18.726765799256512,False,51.919518119895784,0.9426036871174297,0.7371727162959907,0.41086194164287804,True,False,False,False,2026-07-03,19.0,52.34931759521546,52.902105767511095,51.24374125062418,False,True,,,False,259619.0,263463.2,0.9854089679317642,False,475167900.0,22.7,20.932506607929515,-9.984559958826566,12.352032938754515,5.5808759168150575,19.166666666666686,0.0,False,23.67,False,False,False,False,False,True
1454,003002,壶化股份,C 制造业,腾讯前复权日K回退（成交额、换手率已提供）,False,2026-07-30,15.56,15.329999999999998,16.1255,True,False,False,True,18.77,-17.10175812466702,False,37.485149071848596,-1.1448169243795032,-1.332491805585352,0.3753497624116977,True,False,False,False,2026-07-23,5.0,7.449705664972061,6.045071800710786,10.258973393494612,False,False,2026-07-23,5.0,True,27429.0,33657.2,0.8149519270765245,False,43224000.0,1.5,28.816,-0.9548058561425821,3.755569700827497,-3.5068680040928863,76.27118644067816,16.949152542372826,False,27.82,False,True,False,False,True,False
1455,003003,天元股份,C 制造业,腾讯前复权日K回退（成交额、换手率已提供）,False,2026-07-30,9.84,9.622,9.9115,True,False,False,True,10.83,-9.141274238227147,False,45.51790297737122,-0.3040258504607962,-0.3626178357415665,0.11718397056154051,True,False,False,False,2026-07-28,2.0,13.029943418663128,10.728967212500367,17.63189583098865,False,False,2026-07-28,2.0,True,34865.0,36462.6,0.9561852418642665,False,34465300.0,2.96,11.643682432432433,-0.3039513677811523,3.748733535967589,-0.7213842506179725,48.64864864864892,43.24324324324317,False,14.0,False,True,False,False,False,False
1456,003004,声迅股份,I 信息技术,腾讯前复权日K回退（成交额、换手率已提供）,False,2026-07-30,53.5,57.712,68.2595,False,False,False,False,89.45,-40.19005030743432,False,34.93503024777685,-3.441309192085839,-1.3924485200258672,-4.097721344119944,False,True,False,False,,,48.140916852312564,51.75631350648342,40.910123543970855,False,False,,,False,21956.0,17779.2,1.2349262059035278,False,118284200.0,3.19,37.07968652037618,-8.718648694761988,9.981231871694254,-21.622631282092605,6.8376068376068115,12.820512820512816,False,89.45,False,True,False,False,True,False
1457,003005,竞业达,I 信息技术,腾讯前复权日K回退（成交额、换手率已提供）,False,2026-07-30,12.03,11.874,12.382,True,False,False,True,13.98,-13.94849785407726,False,40.99360325500156,-0.5829682737428126,-0.6744528141026347,0.18296908071964424,True,False,False,False,2026-07-28,2.0,8.521464835445075,7.713290439706206,10.137813626922814,False,False,2026-07-29,1.0,True,31152.0,32067.4,0.9714538752752016,False,38259200.0,2.45,15.616,-1.715686274509809,4.330065359477133,-2.8428363753836243,62.2641509433961,1.8867924528301445,False,18.81,False,False,False,False,False,False
1458,003006,百亚股份,C 制造业,腾讯前复权日K回退（成交额、换手率已提供）,False,2026-07-30,14.79,14.086000000000002,13.866499999999998,True,True,True,True,15.25,-3.0163934426229564,False,57.15512876618759,-0.17868246453604364,-0.3732003198159374,0.3890357105597875,True,False,False,False,2026-07-22,6.0,25.628832287621282,20.317156763628333,36.252183335607185,False,False,,,False,92602.0,52762.4,1.7550755841280912,False,137395600.0,2.16,63.609074074074066,3.2100488485694356,6.420097697138869,6.6599358165362625,46.73913043478277,53.26086956521723,False,18.18,False,False,False,False,True,False
1459,003007,直真科技,I 信息技术,腾讯前复权日K回退（成交额、换手率已提供）,False,2026-07-30,31.8,32.712,35.449,False,False,False,False,43.45,-26.812428078250868,False,33.36894761694583,-2.021828085987927,-1.9569953735674082,-0.12966542484103805,False,True,False,False,,,9.567006777106087,10.138516286814369,8.423987757689524,False,True,,,False,16427.0,16180.2,1.0152532107143297,False,53409900.0,2.26,23.63269911504425,-3.89845874886674,5.6512541553339295,-10.29366131625715,35.82887700534773,10.695187165775376,False,56.97,False,True,False,False,True,False
1460,003008,开普检测,M 科研服务,腾讯前复权日K回退（成交额、换手率已提供）,False,2026-07-30,17.15,16.848,17.145000000000003,True,True,False,True,18.29,-6.232914160743579,False,47.13199041454838,-0.39832315775571914,-0.5050963432447927,0.2135463709781471,True,False,False,False,2026-07-27,3.0,12.481282939995706,9.676856239252908,18.0901363414813,False,False,2026-07-27,3.0,True,12068.0,11810.2,1.021828588846929,False,20834699.999999996,1.55,13.441741935483869,-0.4643064422518939,3.076030179918753,0.02916302128897901,43.396226415094326,28.301886792452503,False,23.5,False,False,False,False,False,False
1461,003009,中天火箭,C 制造业,腾讯前复权日K回退（成交额、换手率已提供）,False,2026-07-30,44.33,47.760000000000005,54.7485,False,False,False,False,65.0,-31.8,False,32.80754678209058,-2.987471753709329,-1.7782080142272796,-2.4185274789640987,False,True,False,False,,,6.494355991849333,12.367052882966624,-5.251037790385247,False,False,,,False,49573.0,52188.2,0.9498890553803351,False,225924400.0,3.01,75.05794019933556,-6.080508474576285,5.974576271186441,-19.029745107171887,8.865248226950353,0.0,False,69.38,False,True,False,False,False,False
1462,003010,若羽臣,I 信息技术,腾讯前复权日K回退（成交额、换手率已提供）,False,2026-07-30,26.7,25.252000000000002,24.566,True,True,True,True,27.3,-2.197802197802203,False,59.26814091556775,0.3389895845521771,0.10263740916153336,0.4727043507812875,True,False,False,False,2026-07-15,11.0,35.834296561742285,31.69778781260625,44.107314060014346,False,False,,,False,166999.0,130028.6,1.2843251407767213,False,444723300.0,7.38,60.260609756097566,3.3681765389082408,6.620209059233454,8.686802898314745,36.25730994152051,63.74269005847949,False,30.83,False,False,False,False,True,False
1463,003011,海象新材,C 制造业,腾讯前复权日K回退（成交额、换手率已提供）,False,2026-07-30,16.94,17.032000000000004,17.7935,False,False,False,False,21.01,-19.3717277486911,False,41.162597802983406,-0.7124922119782227,-0.7781753053383612,0.1313661867202771,True,False,False,False,2026-07-28,2.0,13.595187080156878,12.300135345873201,16.185290548724232,False,False,2026-07-22,6.0,True,24197.0,21051.6,1.1494138212772427,False,41665000.0,3.15,13.226984126984126,-1.967592592592593,5.092592592592586,-4.796695422485741,45.45454545454534,15.909090909090992,False,26.38,False,False,False,False,True,False
1464,003012,东鹏控股,C 制造业,腾讯前复权日K回退（成交额、换手率已提供）,False,2026-07-30,4.85,4.596,4.5920000000000005,True,True,True,True,4.83,0.41407867494823136,True,59.9395318129714,-0.01733291785999569,-0.053681033089273515,0.07269623045855565,True,False,False,False,2026-07-02,20.0,20.094152142673007,15.230540253376887,29.821375921265243,False,False,2026-07-29,1.0,True,139479.0,92539.8,1.5072325637185298,False,67282600.0,1.23,54.701300813008125,2.5369978858350795,4.228329809725162,5.618466898954684,15.00000000000011,84.99999999999989,True,5.68,False,False,False,False,False,False
1465,003013,地铁设计,M 科研服务,腾讯前复权日K回退（成交额、换手率已提供）,False,2026-07-30,16.0,16.766,15.494,False,True,True,True,17.62,-9.194097616345069,False,52.43817619422145,0.3847271317017924,0.23824931116983855,0.2929556410639077,True,False,False,False,2026-07-27,3.0,77.12954926282623,73.38157205851908,84.62550367144053,False,False,,,False,63553.0,100244.4,0.6339805515320557,False,104365600.0,1.58,66.05417721518987,-6.432748538011701,9.47368421052632,3.2657803020524088,8.641975308642005,37.65432098765426,False,17.62,False,False,False,False,False,False
1466,003015,日久光电,C 制造业,腾讯前复权日K回退（成交额、换手率已提供）,False,2026-07-30,10.17,10.348,10.888,False,False,False,False,12.99,-21.709006928406467,False,32.899132429700686,-0.5653339812921718,-0.5854147107382852,0.040161458892226776,True,False,False,False,2026-07-29,1.0,9.761664892928765,9.06967314587556,11.145648387035177,False,False,2026-07-21,7.0,True,93463.0,65919.8,1.417828937587796,False,96241600.0,3.78,25.460740740740743,-3.6018957345971603,5.023696682464449,-6.594415870683321,30.188679245283083,16.98113207547169,False,15.19,False,False,False,False,True,False
1467,003016,欣贺股份,C 制造业,腾讯前复权日K回退（成交额、换手率已提供）,False,2026-07-30,6.59,6.428,6.400499999999999,True,True,True,True,6.94,-5.043227665706059,False,52.524270467797606,-0.06944479740648202,-0.12411143409984851,0.10933327338673299,True,False,False,False,2026-07-02,20.0,19.486644401509437,16.67074176751657,25.11844966949517,False,False,2026-07-28,2.0,True,34814.0,43617.8,0.798160384063387,False,23065600.0,0.85,27.136,0.1519756838905817,2.583586626139817,2.96070619482854,70.58823529411774,29.41176470588226,False,8.64,False,True,False,False,True,False
1468,003017,大洋生物,C 制造业,腾讯前复权日K回退（成交额、换手率已提供）,False,2026-07-30,20.23,20.192,21.213,True,False,False,True,25.17,-19.626539531187927,False,41.148108671270606,-0.6846784034441491,-0.66720636533944,-0.034944076209418196,False,True,False,False,,,13.957514807725934,12.472879538708234,16.92678534576133,False,False,2026-07-27,3.0,True,15983.0,17343.8,0.9215396856513567,False,32820200.0,1.92,17.093854166666667,-2.0813165537270084,3.775411423039696,-4.633950879177865,51.28205128205148,6.410256410256491,False,28.9,False,True,False,False,False,False
1469,003018,金富科技,C 制造业,腾讯前复权日K回退（成交额、换手率已提供）,False,2026-07-30,28.85,34.066,45.0165,False,False,False,False,60.08,-51.980692410119836,False,26.385604079505868,-5.49574285296039,-3.6515422505622315,-3.6884012047963175,False,True,False,False,,,28.436970551504146,35.55561769983502,14.199676254842402,False,False,,,False,145481.0,109934.6,1.323341332028315,False,434956400.0,5.11,85.11866927592955,-9.984399375975029,10.608424336973474,-35.91238768007286,5.588235294117583,0.0,False,67.74,False,False,False,False,False,False
1470,003019,宸展光电,C 制造业,腾讯前复权日K回退（成交额、换手率已提供）,False,2026-07-30,20.96,22.101999999999997,24.5515,False,False,False,False,31.86,-34.212178279974886,False,28.58994301754879,-2.5991302695417815,-2.600895924418425,0.003531309753286749,True,False,False,False,2026-07-29,1.0,4.322618853141095,5.267059572100133,2.4337374152230193,False,True,,,False,53361.0,59913.6,0.8906325108155745,False,114395300.0,3.12,36.66516025641025,-5.755395683453224,6.025179856115108,-14.628434107895647,17.910447761193915,4.477611940298678,False,46.99,False,False,False,False,True,False
1471,003020,立方制药,C 制造业,腾讯前复权日K回退（成交额、换手率已提供）,False,2026-07-30,16.16,16.508000000000003,17.403,False,False,False,False,22.56,-28.36879432624113,False,45.94697214575316,-0.04937621811921744,0.16274614016019462,-0.4242447165588241,False,True,False,False,,,28.134398866590374,30.982200585686286,22.43879542839855,False,False,,,False,106137.0,133714.4,0.7937589369581736,False,174528200.0,6.3,27.70288888888889,-2.826217678893561,5.291641611545394,-7.142446704591155,47.72727272727258,18.18181818181822,False,22.56,False,False,False,False,False,False
1472,003021,兆威机电,C 制造业,腾讯前复权日K回退（成交额、换手率已提供）,False,2026-07-30,72.73,74.384,81.567,False,False,False,False,103.0,-29.3883495145631,False,35.36517265120672,-5.106994110895641,-4.89439049342025,-0.4252072349507827,False,True,False,False,,,4.308909749348678,6.070596025133639,0.7855371977787549,False,False,,,False,24344.0,23021.0,1.0574692671908257,False,179507400.00000003,1.17,153.42512820512826,-3.47710683477106,3.5700066357000635,-10.834038275282884,25.278810408921682,2.6022304832716525,False,117.12,False,False,False,False,False,False
1473,003022,联泓新科,C 制造业,腾讯前复权日K回退（成交额、换手率已提供）,False,2026-07-30,18.73,18.71,19.7825,True,False,False,False,25.24,-25.792393026941358,False,37.798460407403134,-1.4958172281085318,-1.6067162757721865,0.22179809532730932,True,False,False,False,2026-07-29,1.0,12.10780852476879,11.557812739152103,13.207800096002163,False,False,2026-07-27,3.0,True,99449.0,109319.4,0.9097104448066857,False,186796300.0,0.75,249.0617333333333,-1.1609498680738684,2.955145118733521,-5.320358903070888,30.35714285714304,50.0,False,28.7,False,False,False,False,False,False
1474,003023,彩虹集团,C 制造业,腾讯前复权日K回退（成交额、换手率已提供）,False,2026-07-30,19.68,19.108,18.854,True,True,True,True,21.08,-6.641366223908912,False,50.47733434174169,-0.6944160138186426,-1.0940801386191585,0.7993282496010319,True,False,False,False,2026-07-23,5.0,16.937021759696652,12.912860623733158,24.985344031623644,False,False,2026-07-21,7.0,True,33821.0,33785.2,1.0010596355800765,False,67313200.0,3.22,20.90472049689441,-0.60606060606061,3.6363636363636487,4.38103320250345,55.55555555555567,16.66666666666675,False,33.95,False,False,False,False,True,False
1475,003025,思进智能,C 制造业,腾讯前复权日K回退（成交额、换手率已提供）,False,2026-07-30,11.4,11.3,12.104000000000001,True,False,False,True,15.57,-26.78227360308285,False,37.458833415165586,-0.844239668211209,-0.8999418908415638,0.1114044452607097,True,False,False,False,2026-07-29,1.0,10.181802947149828,8.430982869477253,13.68344310249498,False,False,2026-07-23,5.0,True,64018.0,37624.8,1.7014841274903785,False,74471500.0,2.83,26.315017667844526,-1.384083044982698,4.065743944636669,-5.816259087904829,63.82978723404248,0.0,False,18.62,False,False,False,False,False,False
1476,003026,中晶科技,C 制造业,腾讯前复权日K回退（成交额、换手率已提供）,False,2026-07-30,24.47,26.491999999999997,31.932,False,False,False,False,42.72,-42.72003745318352,False,32.28580865232715,-2.8376137906427736,-1.99019804664632,-1.6948314879929072,False,True,False,False,,,15.341666706388006,20.093101108604696,5.838797901954628,False,False,,,False,95182.0,90027.6,1.057253553354749,False,238689800.0,6.58,36.27504559270517,-6.887366818873675,7.496194824961943,-23.368407866716773,0.0,7.614213197969476,False,49.8,False,False,False,False,False,False
1477,003027,同兴科技,N 公共环保,腾讯前复权日K回退（成交额、换手率已提供）,False,2026-07-30,15.04,15.024000000000001,15.572,True,False,False,True,18.99,-20.80042127435492,False,37.654094712351444,-1.0021714630427798,-1.1814722147348118,0.35860150338406394,True,False,False,False,2026-07-23,5.0,9.037922536426802,7.725469250270971,11.662829108738462,False,False,,,False,30805.0,17347.2,1.7757909057369488,False,46911800.0,2.94,15.95639455782313,-1.6350555918901222,5.755395683453232,-3.4163883894169023,44.318181818181934,27.272727272727128,False,27.55,False,False,False,False,True,False
1478,003028,振邦智能,C 制造业,腾讯前复权日K回退（成交额、换手率已提供）,False,2026-07-30,20.86,20.82,21.618000000000002,True,False,False,True,25.0,-16.560000000000002,False,39.463713549496156,-0.884940617045352,-1.014342414700963,0.258803595311222,True,False,False,False,2026-07-27,3.0,8.853918138782314,7.758821685164953,11.044111046017036,False,False,2026-07-27,3.0,True,8379.0,7412.6,1.1303726088012302,False,17736500.0,1.19,14.904621848739495,-1.6037735849056545,3.5377358490566038,-3.506337311499688,42.6666666666667,11.999999999999982,False,31.9,False,False,False,False,True,False
1479,003029,吉大正元,I 信息技术,腾讯前复权日K回退（成交额、换手率已提供）,False,2026-07-30,16.19,15.782,15.756500000000003,True,True,True,True,17.69,-8.479366873940078,False,50.04032012176391,-0.3649075017452823,-0.5636731915423674,0.3975313795941702,True,False,False,False,2026-07-06,18.0,13.421516244886428,9.600362140341948,21.06382445397539,False,False,2026-07-27,3.0,True,33409.0,28881.6,1.1567572433660185,False,54758100.00000001,1.9,28.820052631578957,-0.9785932721712576,2.691131498470934,2.7512455177228357,88.63636363636341,11.363636363636584,False,22.3,False,False,False,False,True,False
1480,003030,祖名股份,C 制造业,腾讯前复权日K回退（成交额、换手率已提供）,False,2026-07-30,20.57,21.61,22.305,False,False,False,False,26.15,-21.338432122370932,False,43.47815927397503,-0.3914180858932248,-0.2869015096825127,-0.20903315242142417,False,True,False,False,,,37.87652887983003,40.44737538580234,32.73483586788542,False,True,,,False,41756.0,38618.8,1.081235046143329,False,88179400.0,5.16,17.089031007751938,-3.4725480994838076,6.3350539652745095,-7.778524994395873,48.88888888888898,2.9629629629629046,False,27.15,False,False,False,False,True,False
1481,003031,中瓷电子,C 制造业,腾讯前复权日K回退（成交额、换手率已提供）,False,2026-07-30,91.1,100.888,122.29099999999998,False,False,False,False,167.98,-45.767353256340044,False,28.976230773101918,-15.28967392623592,-12.809586001863849,-4.960175848744143,False,True,False,False,,,20.76453334134132,25.016809507265332,12.259981009493295,False,False,,,False,100037.0,90046.6,1.1109469985540819,False,928687600.0,2.94,315.88013605442177,-7.559614408929482,9.467275494672753,-25.505556418706192,5.251875669882047,21.543408360128524,False,205.95,False,False,False,False,False,False
1482,003032,传智教育,P 教育,腾讯前复权日K回退（成交额、换手率已提供）,False,2026-07-30,8.01,6.68,5.6735,True,True,True,True,7.28,10.02747252747252,True,79.37339431000657,0.2995138146872307,-0.008308376287137667,0.6156443819487367,True,False,False,False,2026-07-10,14.0,70.63930138696877,48.694986030703596,114.5279320994991,False,False,,,False,250275.0,164394.8,1.522402168438418,False,197229900.00000003,8.8,22.41248863636364,10.027472527472515,4.258241758241753,41.182691460297875,0.0,100.0,True,7.61,True,False,False,False,False,True
1483,003033,征和工业,C 制造业,腾讯前复权日K回退（成交额、换手率已提供）,False,2026-07-30,55.12,62.382000000000005,65.846,False,False,False,False,71.71,-23.134848696137215,False,38.34741200828832,0.5483124655549005,1.9916155942466474,-2.8866062573834936,False,True,False,False,,,53.96028919546014,67.47925829142515,26.92235100353011,False,False,,,False,18617.0,20394.8,0.9128307215564753,False,107058100.0,2.31,46.34549783549784,-9.934640522875826,10.816993464052295,-16.289524040944027,19.788519637462258,0.604229607250742,False,71.71,False,False,False,False,False,False
1484,003035,南网能源,M 科研服务,腾讯前复权日K回退（成交额、换手率已提供）,False,2026-07-30,5.44,5.459999999999999,5.452,False,False,True,False,5.89,-7.64006791171476,False,43.76791210064186,-0.15950179880140247,-0.21815231234050725,0.11730102707820955,True,False,False,False,2026-07-15,11.0,7.837738632258753,7.548535343591291,8.416145209593678,False,False,2026-07-20,8.0,True,319426.0,508602.2,0.6280468310990397,False,174918400.0,0.84,208.2361904761905,-1.4492753623188248,3.985507246376807,-0.2201027146001388,54.54545454545465,31.818181818181984,False,8.33,False,False,False,False,False,False
1485,003036,泰坦股份,C 制造业,腾讯前复权日K回退（成交额、换手率已提供）,False,2026-07-30,40.95,47.36,64.16799999999999,False,False,False,False,90.5,-54.75138121546961,False,26.41890461001421,-9.21293067762344,-6.671545915829792,-5.082769523587297,False,True,False,False,,,31.86371475679277,37.34029320317121,20.910557864035894,False,False,,,False,61701.0,64385.2,0.9583102949124954,False,262854000.0,2.85,92.22947368421053,-9.999999999999998,10.813186813186801,-36.18314424635331,17.479674796747975,0.0,False,104.79,False,False,False,False,False,False
1486,003037,三和管桩,C 制造业,腾讯前复权日K回退（成交额、换手率已提供）,False,2026-07-30,5.38,5.358,5.6475,True,False,False,True,6.58,-18.237082066869302,False,40.14776062183118,-0.21022228643265795,-0.22373927666148968,0.027033980457663476,True,False,False,False,2026-07-29,1.0,10.307989019323538,9.103156552265167,12.71765395344028,False,False,2026-07-28,2.0,True,33532.0,31908.4,1.0508831530255356,False,18211300.0,0.56,32.520178571428566,-1.645338208409508,2.925045703839125,-4.73660911907924,43.74999999999958,18.75000000000014,False,7.56,False,False,False,False,False,False
1487,003038,鑫铂股份,C 制造业,腾讯前复权日K回退（成交额、换手率已提供）,False,2026-07-30,10.13,9.89,10.2955,True,False,False,True,11.54,-12.218370883882136,False,40.539538649437915,-0.5084201746066128,-0.5902885495778897,0.16373674994255372,True,False,False,False,2026-07-28,2.0,6.7439522439976,4.918622967087784,10.394610797817231,False,False,2026-07-27,3.0,True,42790.0,36963.2,1.157637866851355,False,43574000.0,2.61,16.695019157088122,0.1978239366963619,3.066271018793279,-1.60749842164052,58.06451612903207,41.93548387096793,False,15.0,False,False,False,False,True,False
1488,003039,顺控发展,D 水电煤气,腾讯前复权日K回退（成交额、换手率已提供）,False,2026-07-30,11.84,11.462,11.3475,True,True,True,True,11.78,0.509337860780989,True,56.29098940222225,-0.06926781675159965,-0.16460731678101678,0.19067900005883426,True,False,False,False,2026-07-03,19.0,14.804740641151682,11.771814864140675,20.870592195173696,False,False,,,False,44303.0,33097.0,1.3385805360002416,False,52067800.0,0.72,72.3163888888889,2.2452504317789224,2.2452504317789272,4.3401630315047335,0.0,100.0,True,14.52,False,False,False,False,True,False
1489,003040,楚天龙,C 制造业,腾讯前复权日K回退（成交额、换手率已提供）,False,2026-07-30,10.94,10.612,10.3445,True,True,True,True,11.29,-3.100088573959253,False,52.866802866393016,-0.22667330136715869,-0.4135138446358344,0.37368108653735144,True,False,False,False,2026-07-09,15.0,12.07806726317979,9.297736029724526,17.63872973009032,False,False,2026-07-21,7.0,True,159630.0,132281.8,1.2067419705507485,False,175545900.0,3.49,50.29968481375358,1.2025901942645634,4.162812210915812,5.756682294939335,51.111111111111285,48.888888888888715,False,15.28,False,False,False,False,True,False
1490,003041,真爱美家,C 制造业,腾讯前复权日K回退（成交额、换手率已提供）,False,2026-07-30,35.98,35.470000000000006,38.559999999999995,True,False,False,True,46.99,-23.430517131304544,False,37.14564695160316,-2.8313485254281403,-3.007461938380595,0.3522268259049097,True,False,False,False,2026-07-29,1.0,9.267507774376629,7.85545178939023,12.091619744349426,False,False,2026-07-21,7.0,True,37363.0,18169.0,2.056414772414552,True,140008000.0,2.73,51.28498168498169,-0.7174392935982432,10.733995584988962,-6.6908713692946025,93.05912596401038,6.940874035989614,False,71.0,False,True,True,False,True,False
1491,003042,中农联合,C 制造业,腾讯前复权日K回退（成交额、换手率已提供）,False,2026-07-30,12.27,11.932,12.122,True,True,False,True,13.06,-6.049004594180711,False,47.90071043702765,-0.36490485202416245,-0.4806389028168268,0.2314681015853287,True,False,False,False,2026-07-02,20.0,10.727379034479313,8.474111892460456,15.233913318517025,False,False,2026-07-27,3.0,True,37179.0,31185.2,1.1922001462232084,False,46088300.0,3.02,15.261026490066225,0.40916530278232166,3.764320785597388,1.220920640158387,78.2608695652175,21.739130434782492,False,17.41,False,False,False,False,True,False
1492,003043,华亚智能,C 制造业,腾讯前复权日K回退（成交额、换手率已提供）,False,2026-07-30,55.76,64.562,78.17949999999999,False,False,False,False,106.38,-47.58413235570596,False,32.90096269755723,-5.92714105691438,-3.3869964560528723,-5.080289201723015,False,True,False,False,,,28.745122248131413,34.66537085773148,16.904625028931278,False,False,,,False,69854.0,75581.0,0.9242269882642463,False,402054700.0,7.43,54.11234185733513,-10.006455777921241,11.362169141381536,-28.676954956222534,2.982954545454457,0.0,False,108.07,False,False,False,False,False,False
1493,003816,中国广核,D 水电煤气,腾讯前复权日K回退（成交额、换手率已提供）,False,2026-07-30,4.16,4.069999999999999,3.9539999999999997,True,True,True,False,4.2,-0.9523809523809532,False,59.95146374723116,0.019027426609172338,-0.014271860225378305,0.06659857366910128,True,False,False,False,2026-07-09,15.0,33.97498984653262,31.249901370378968,39.42516679883993,False,False,,,False,918101.0,939611.6,0.9771069237544534,False,378059900.0,0.23,1643.7386956521739,1.9607843137254832,2.450980392156876,5.2099140111279825,0.0,100.0,True,4.85,False,False,False,True,False,False
