序号,股票代码,股票名称,所属行业,数据来源,缓存命中,数据日期,收盘价,MA5,MA20,站上MA5,站上MA20,MA5高于MA20,MA5上行,前20日平台最高价,平台突破幅度（%）,收盘突破前20日平台,RSI14,MACD_DIF,MACD_DEA,MACD柱,MACD多头,MACD空头,MACD金叉,MACD死叉,最近MACD金叉日期,最近MACD金叉距今交易日数,"KDJ_K(89,3,3)","KDJ_D(89,3,3)","KDJ_J(89,3,3)",KDJ金叉,KDJ死叉,最近KDJ健康金叉日期,最近KDJ健康金叉距今交易日数（0=当日）,KDJ金叉且状态良好,当日成交量,5日均量,量比,放量,当日成交额,换手率,估算流通市值（亿元）,当日涨跌幅,振幅,BIAS20,上影线比例,收盘日内位置（%）,收盘位于日内高位,60日最高价,触及60日高点压力,近3日十字星,近3日倒T字星,近3日吊颈线,近3日长上影阳线,近3日极端大阳线
1,000001,平安银行,J 金融业,腾讯前复权日K回退（成交额、换手率已提供）,False,2026-08-03,11.62,11.468,10.953,True,True,True,True,11.63,-0.08598452278591197,False,74.65935762263865,0.25366194368919004,0.16880895855053768,0.16970597027730472,True,False,False,False,2026-07-08,18.0,96.00224474689715,91.36685965185164,105.27301493698818,False,False,,,False,1060851.0,1666381.6,0.6366194873971244,False,1229339800.0,0.55,2235.1632727272727,-0.08598452278590907,1.2037833190025844,6.08965580206336,28.571428571429113,71.42857142857089,True,11.63,True,False,False,False,False,False
2,000002,万 科Ａ,K 房地产,腾讯前复权日K回退（成交额、换手率已提供）,False,2026-08-03,3.36,3.2920000000000003,3.146,True,True,True,True,3.4,-1.176470588235295,False,62.116475467451785,0.040499213234250764,0.004461474032361263,0.07207547840377901,True,False,False,False,,,30.48755634759659,23.899896032359774,43.66287697807022,False,False,2026-07-27,5.0,True,1321451.0,1512161.6,0.8738821300580573,False,440307500.0,1.36,323.7555147058823,0.5988023952095745,2.0958083832335284,6.8022886204704385,0.0,100.0,True,4.16,False,False,False,False,False,False
3,000006,深振业Ａ,K 房地产,腾讯前复权日K回退（成交额、换手率已提供）,False,2026-08-03,6.62,6.489999999999999,6.419499999999999,True,True,True,True,7.42,-10.781671159029647,False,47.09339217337055,-0.293467462425296,-0.41263740795378845,0.23833989105698494,True,False,False,False,2026-07-27,5.0,15.669573352327001,13.233863729167465,20.540992598646074,False,False,2026-07-21,9.0,True,165069.0,266070.6,0.620395489016825,False,108294200.0,1.22,88.76573770491804,1.533742331288357,2.453987730061338,3.1232962068697065,12.499999999999792,87.50000000000021,True,11.25,False,False,False,False,False,False
4,000007,全新好,K 房地产,腾讯前复权日K回退（成交额、换手率已提供）,False,2026-08-03,9.17,9.052000000000001,9.739,True,False,False,False,13.5,-32.074074074074076,False,36.58125299425798,-0.8172875940314253,-0.874087029674737,0.11359887128662338,True,False,False,False,2026-07-31,1.0,9.83588825387687,9.403762140101358,10.700140481427894,False,False,2026-07-31,1.0,True,61724.0,86599.6,0.7127515600533951,False,56144799.99999999,1.78,31.542022471910105,-0.5422993492407935,3.14533622559652,-5.842488961905748,41.37931034482744,58.62068965517256,False,17.79,False,True,False,False,True,False
5,000008,神州高铁,C 制造业,腾讯前复权日K回退（成交额、换手率已提供）,False,2026-08-03,2.44,2.376,2.3625,True,True,True,True,2.86,-14.685314685314681,False,54.09504577408105,-0.02567956390371373,-0.04282811813122024,0.03429710845501302,True,False,False,False,2026-07-28,4.0,14.746009969318521,12.760449658693531,18.7171305905685,False,False,2026-07-28,4.0,True,451814.0,246280.0,1.8345541659899303,True,109609900.0,1.66,66.03006024096386,2.9535864978902815,2.9535864978903072,3.280423280423286,14.285714285714556,85.71428571428544,True,2.87,False,False,False,False,False,False
6,000009,中国宝安,J 金融业,腾讯前复权日K回退（成交额、换手率已提供）,False,2026-08-03,7.88,7.138000000000001,6.39,True,True,True,True,7.87,0.12706480304955256,True,77.0963467566167,0.17577832891334477,-0.0610536781969005,0.47366401422049054,True,False,False,False,,,40.48090762357892,25.862146351603688,69.71843016752939,False,False,2026-07-27,5.0,True,1157228.0,579299.2,1.9976343830614647,True,912477200.0,4.49,203.22432071269486,0.12706480304955914,5.33672172808132,23.317683881064166,40.47619047619047,35.714285714285595,False,8.8,False,False,False,False,False,True
7,000010,*ST美丽,E 建筑业,腾讯前复权日K回退（成交额、换手率已提供）,False,2026-08-03,1.66,1.552,1.627,True,True,False,True,1.96,-15.306122448979595,False,47.8722336316713,-0.11118635937369703,-0.13889353518112957,0.055414351614865076,True,False,False,False,2026-07-29,3.0,5.320286856991569,3.728289777759329,8.504281015456048,False,False,2026-07-28,4.0,True,203212.0,199175.0,1.0202686080080332,False,32925300.000000004,2.33,14.131030042918455,5.063291139240489,5.063291139240497,2.0282728948985813,0.0,100.0,True,2.86,False,False,False,False,True,False
8,000011,深物业A,K 房地产,腾讯前复权日K回退（成交额、换手率已提供）,False,2026-08-03,7.94,7.848000000000001,7.0655,True,True,True,False,9.09,-12.651265126512644,False,62.7547898464779,0.2903449145179122,0.15194780217938345,0.27679422467705755,True,False,False,False,2026-07-15,13.0,57.63119930663691,52.06703624965115,68.75952542060841,False,False,,,False,118610.0,388573.8,0.30524446064042404,False,94651600.0,2.25,42.06737777777778,0.0,3.400503778337537,12.377043379803274,44.444444444444734,25.925925925925984,False,9.09,False,True,False,False,True,False
9,000012,南 玻Ａ,C 制造业,腾讯前复权日K回退（成交额、换手率已提供）,False,2026-08-03,3.97,3.91,3.9165,True,True,False,True,5.04,-21.230158730158728,False,47.03582996797039,-0.12326280098350217,-0.1470707360887942,0.047615870210584055,True,False,False,False,2026-07-30,2.0,17.45970177467596,15.255110202888067,21.86888491825174,False,False,2026-07-29,3.0,True,211401.0,267104.4,0.7914545773113434,False,83511700.0,1.08,77.32564814814815,1.0178117048346147,1.781170483460567,1.3660155751308591,0.0,100.0,True,5.41,False,False,False,False,False,False
10,000014,沙河股份,K 房地产,腾讯前复权日K回退（成交额、换手率已提供）,False,2026-08-03,10.19,9.972,9.2785,True,True,True,True,10.5,-2.952380952380957,False,59.95880208497589,0.037978396026574046,-0.1554393884617538,0.3868355689766557,True,False,False,False,,,21.81458828809456,17.605102959057778,30.233558946168124,False,False,2026-07-27,5.0,True,73095.0,109317.2,0.6686504959878226,False,73843600.0,3.02,24.451523178807946,1.696606786427135,3.692614770459092,9.823786172333893,29.729729729729975,70.27027027027002,True,13.32,False,True,False,False,True,False
11,000016,*ST康佳A,C 制造业,腾讯前复权日K回退（成交额、换手率已提供）,False,2026-08-03,2.57,2.54,2.489,True,True,True,True,2.82,-8.865248226950355,False,50.772557424296835,-0.03521415878644696,-0.0633617933251319,0.05629526907736987,True,False,False,False,,,26.35162982942842,24.922539474095487,29.20981054009428,False,False,,,False,127550.0,177130.6,0.7200901481731559,False,32493000.0,0.8,40.61625,0.7843137254901933,2.745098039215698,3.254319003615909,14.285714285714556,85.71428571428544,True,3.64,False,False,False,False,False,False
12,000017,深中华A,C 制造业,腾讯前复权日K回退（成交额、换手率已提供）,False,2026-08-03,6.04,5.976,5.8025,True,True,True,True,6.67,-9.44527736131934,False,56.849208068612015,0.07793700638809753,0.03751143895314895,0.08085113486989716,True,False,False,False,2026-07-28,4.0,47.86963123580595,42.61587393723082,58.3771458329562,False,False,,,False,72330.0,113362.0,0.6380444946278294,False,43499900.0,1.64,26.524329268292686,-0.3300330033003229,2.31023102310232,4.093063334769493,0.0,78.57142857142848,True,6.67,False,False,False,False,False,False
13,000019,深粮控股,F 批发零售,腾讯前复权日K回退（成交额、换手率已提供）,False,2026-08-03,6.18,6.078,5.996,True,True,True,True,6.19,-0.1615508885298978,False,56.67730784017925,-0.005852469670873717,-0.04368199676491451,0.07565905418808158,True,False,False,False,,,18.712461078087845,16.78604228661134,22.565298661040856,False,False,2026-07-29,3.0,True,70227.0,49384.8,1.42203674004957,False,43362900.0,1.69,25.65852071005917,0.9803921568627416,1.7973856209150378,3.0687124749833097,27.27272727272742,72.72727272727259,True,7.81,False,False,False,False,True,False
14,000020,深华发Ａ,C 制造业,腾讯前复权日K回退（成交额、换手率已提供）,False,2026-08-03,10.82,10.446000000000002,10.2375,True,True,True,True,11.35,-4.669603524229069,False,54.19990451285984,-0.244777751332256,-0.40796678061403485,0.3263780585635577,True,False,False,False,2026-07-23,7.0,11.51456226858493,7.883533019210035,18.77662076733472,False,False,2026-07-21,9.0,True,42296.0,37279.2,1.134573703298354,False,45196300.0,2.33,19.39755364806867,3.0476190476190546,4.2857142857142785,5.689865689865686,8.888888888888713,91.11111111111128,True,16.0,False,False,False,False,True,False
15,000021,深科技,C 制造业,腾讯前复权日K回退（成交额、换手率已提供）,False,2026-08-03,34.51,37.574,44.025,False,False,False,False,61.86,-44.212738441642415,False,37.607640888455336,-2.895096143292619,-1.7817154412177978,-2.226761404149643,False,True,False,False,,,29.291608764314077,33.75288123687141,20.36906381919941,False,False,,,False,1269792.0,1826930.8,0.6950411039104492,False,4469804700.0,8.07,553.8791449814125,-7.30593607305936,6.177813591189913,-21.612720045428734,27.826086956521713,4.78260869565214,False,66.2,False,False,False,False,False,False
16,000025,特 力Ａ,F 批发零售,腾讯前复权日K回退（成交额、换手率已提供）,False,2026-08-03,15.67,14.975999999999999,13.903,True,True,True,True,15.64,0.19181585677748952,True,66.63732660810014,0.246517575976128,-0.03209125661271564,0.5572176651776872,True,False,False,False,2026-07-16,12.0,60.99824998234164,47.863675354952,87.26739923712093,False,False,,,False,154131.0,97798.4,1.576007378443819,False,238235099.99999997,3.92,60.77426020408162,2.8890347997373667,6.434668417596851,12.709487161044375,31.632653061224524,68.36734693877547,False,16.28,False,False,False,False,False,True
17,000026,飞亚达,F 批发零售,腾讯前复权日K回退（成交额、换手率已提供）,False,2026-08-03,15.71,16.056,17.1665,False,False,False,False,22.86,-31.277340332458436,False,35.74735766559505,-1.1461252015212224,-1.161418260863003,0.030586118683561203,True,False,False,False,2026-07-31,1.0,19.741378238807396,21.652108103841112,15.919918508739961,False,False,,,False,119909.0,62695.6,1.9125584570528076,True,190567700.0,3.29,57.92331306990881,-4.031765424557121,6.719609040928535,-8.484548393673716,21.81818181818197,23.636363636363747,False,27.67,False,False,False,False,True,False
18,000027,深圳能源,D 水电煤气,腾讯前复权日K回退（成交额、换手率已提供）,False,2026-08-03,6.59,6.456,6.275499999999999,True,True,True,True,6.59,0.0,False,56.04716113794851,-0.018999415780401208,-0.07994267315716447,0.12188651475352652,True,False,False,False,2026-07-15,13.0,24.619310054344883,22.135696553437004,29.586537056160644,False,False,,,False,256842.0,255857.8,1.00384666795384,False,168740300.0,0.54,312.482037037037,1.5408320493066174,2.311248073959944,5.011552864313612,13.333333333333611,86.66666666666639,True,8.29,False,False,False,False,False,False
19,000028,国药一致,F 批发零售,腾讯前复权日K回退（成交额、换手率已提供）,False,2026-08-03,21.1,20.845999999999997,20.695500000000003,True,True,True,True,22.08,-4.438405797101436,False,56.97750360733334,0.14478248263996818,0.10243343265761481,0.08469809996470673,True,False,False,False,2026-07-30,2.0,40.39368363569892,37.586258073996845,46.00853475910307,False,False,,,False,24186.0,27728.0,0.8722590882862089,False,51186899.99999999,0.46,111.27586956521736,0.38058991436726863,1.8553758325404235,1.9545311782754642,53.84615384615357,46.15384615384643,False,22.08,False,True,False,True,True,False
20,000029,深深房Ａ,K 房地产,腾讯前复权日K回退（成交额、换手率已提供）,False,2026-08-03,20.46,19.854,20.8955,True,False,False,True,24.56,-16.69381107491856,False,44.63540802262105,-1.0092331072242615,-1.0948920454338515,0.17131787641918006,True,False,False,False,2026-07-31,1.0,14.487806410305218,15.420041842575111,12.623335545765432,False,False,,,False,42491.0,73251.8,0.5800676570405096,False,86328799.99999999,0.48,179.85166666666663,1.0869565217391353,4.594861660079051,-2.0841808044794217,29.032258064516093,70.96774193548391,True,31.08,False,False,False,False,True,False
21,000030,富奥股份,C 制造业,腾讯前复权日K回退（成交额、换手率已提供）,False,2026-08-03,4.37,4.268000000000001,4.1375,True,True,True,True,4.33,0.9237875288683611,True,62.08402998267235,0.03352119261089648,-0.0015721928688802352,0.07018677095955342,True,False,False,False,,,26.07263931012332,23.062040051234476,32.09383782790101,False,False,,,False,82674.0,99775.2,0.8286026988670532,False,36023400.0,0.49,73.51714285714286,1.8648018648018683,2.7972027972027997,5.619335347432022,8.333333333333147,91.66666666666686,True,4.98,False,False,False,False,False,False
22,000031,大悦城,K 房地产,腾讯前复权日K回退（成交额、换手率已提供）,False,2026-08-03,2.28,2.2039999999999997,2.1399999999999997,True,True,True,True,2.25,1.3333333333333246,True,56.67755271777836,-0.025704525159164326,-0.05802682454985932,0.06464459878138999,True,False,False,False,2026-07-08,18.0,15.80051386399912,11.993624248254777,23.414293095487803,False,False,2026-07-27,5.0,True,362444.0,305676.2,1.1857122013424664,False,81783900.0,0.85,96.21635294117647,3.1674208144796268,4.072398190045242,6.542056074766362,11.111111111111386,88.88888888888862,True,3.17,False,False,False,True,True,False
23,000032,深桑达Ａ,E 建筑业,腾讯前复权日K回退（成交额、换手率已提供）,False,2026-08-03,13.12,13.338,16.700499999999998,False,False,False,False,23.5,-44.17021276595745,False,33.89204822007436,-1.996928639667555,-1.6494068620273583,-0.6950435552803933,False,True,False,False,,,5.647255812369246,6.448785640505832,4.044196156096074,False,False,,,False,611179.0,595548.8,1.0262450365108617,False,809166500.0,5.03,160.86809145129226,-3.101920236336775,5.834564254062032,-21.439477859944308,31.645569620253198,7.5949367088606055,False,27.19,False,False,False,False,False,True
24,000034,神州数码,F 批发零售,腾讯前复权日K回退（成交额、换手率已提供）,False,2026-08-03,23.88,24.491999999999997,26.3125,False,False,False,False,30.58,-21.909744931327662,False,41.49952458982747,-0.6068920651242493,-0.25626217352465164,-0.7012597831991954,False,True,False,False,,,26.399767460362952,34.271512070268244,10.656278240552368,False,False,,,False,366878.0,507892.4,0.7223537898972302,False,883079900.0,4.32,204.4166435185185,-0.912863070539427,4.5643153526971005,-9.244655581947747,59.99999999999993,18.181818181818095,False,31.34,False,False,False,False,False,False
25,000035,中国天楹,N 公共环保,腾讯前复权日K回退（成交额、换手率已提供）,False,2026-08-03,5.15,4.986000000000001,4.645,True,True,True,True,5.18,-0.5791505791505668,False,61.27058220663348,0.0007193505653280141,-0.10657792158117674,0.2145945442930095,True,False,False,False,,,20.638251625248287,16.20513458264678,29.5044857104513,False,False,2026-07-23,7.0,True,326031.0,495637.6,0.6578011837681403,False,166685300.0,1.41,118.21652482269505,2.385685884691857,2.982107355864818,10.871905274488714,0.0,100.0,True,6.77,False,False,False,False,True,False
26,000036,华联控股,K 房地产,腾讯前复权日K回退（成交额、换手率已提供）,False,2026-08-03,4.05,3.9519999999999995,4.132,True,False,False,True,4.97,-18.51106639839034,False,43.53728989398866,-0.1892017253238638,-0.20154604641605392,0.024688642184380216,True,False,False,False,2026-07-31,1.0,9.143946817867638,9.313682263070078,8.80447592746276,False,False,,,False,321083.0,253872.2,1.2647426539810187,False,128324599.99999999,2.29,56.03694323144104,3.5805626598465423,4.092071611253189,-1.9845111326234237,6.249999999999878,93.75000000000013,True,6.43,False,False,False,False,True,False
27,000037,深南电A,D 水电煤气,腾讯前复权日K回退（成交额、换手率已提供）,False,2026-08-03,10.08,9.328,9.010499999999999,True,True,True,True,10.7,-5.794392523364479,False,57.191358595239784,-0.019306691533291342,-0.1329771182253605,0.22734085338413834,True,False,False,False,2026-07-16,12.0,30.316500343470384,27.388525555259672,36.17244991989181,True,False,,,False,374837.0,250323.2,1.4974121455781964,False,366879200.0,11.06,33.171717902350814,10.043668122270732,9.279475982532748,11.869485600133196,0.0,100.0,True,12.91,False,False,False,False,False,True
28,000039,中集集团,C 制造业,腾讯前复权日K回退（成交额、换手率已提供）,False,2026-08-03,8.75,8.616,8.106,True,True,True,True,8.91,-1.795735129068464,False,56.31074299818628,-0.02989190178871759,-0.19864727349129968,0.3375107434051642,True,False,False,False,2026-07-06,20.0,19.827103922900132,17.110408432101398,25.260494904497598,False,False,2026-07-20,10.0,True,253262.0,425952.4,0.5945781735236143,False,221072200.0,1.1,200.97472727272725,0.9227220299884653,2.537485582468289,7.944732297063906,31.818181818181856,68.18181818181814,False,13.4,False,False,False,False,True,False
29,000042,中洲控股,K 房地产,腾讯前复权日K回退（成交额、换手率已提供）,False,2026-08-03,8.12,8.049999999999999,7.897,True,True,True,True,8.62,-5.80046403712297,False,49.56648431309688,-0.12430303229157857,-0.20720865987545634,0.16581125516775552,True,False,False,False,2026-07-14,14.0,24.898873645845175,22.93743363962295,28.82175365828963,False,False,,,False,26824.0,52590.6,0.5100531273649663,False,21765000.0,0.4,54.4125,0.0,1.72413793103449,2.823857160947182,42.85714285714304,57.14285714285696,False,10.49,False,True,False,False,True,False
30,000045,深纺织Ａ,C 制造业,腾讯前复权日K回退（成交额、换手率已提供）,False,2026-08-03,9.77,9.690000000000001,9.2855,True,True,True,True,10.08,-3.0753968253968305,False,52.399680466798685,-0.18217386603935282,-0.3348528326113925,0.30535793314407933,True,False,False,False,2026-07-27,5.0,17.1426693244867,14.057537300263471,23.312933372933156,False,False,2026-07-23,7.0,True,80953.0,112636.2,0.7187121014380812,False,78380200.0,1.77,44.282598870056496,1.5592515592515621,2.4948024948024785,5.2178127187550345,8.33333333333321,91.66666666666679,True,12.75,False,True,True,False,True,False
31,000048,京基智农,A 农林牧渔,腾讯前复权日K回退（成交额、换手率已提供）,False,2026-08-03,18.02,18.034,19.9175,False,False,False,False,26.38,-31.69067475360121,False,44.30411968770755,-0.4941966937806228,-0.1521239534426938,-0.684145480675858,False,True,False,False,,,41.281991545441706,42.85844581294211,38.129083010440894,False,False,,,False,272714.0,150698.8,1.8096627179513043,True,508084000.0,5.15,98.65708737864077,-4.199893673577881,8.984582668793202,-9.526798041922936,34.911242603550264,1.1834319526626957,False,26.38,False,False,False,False,False,True
32,000049,德赛电池,C 制造业,腾讯前复权日K回退（成交额、换手率已提供）,False,2026-08-03,24.79,24.565999999999995,24.2085,True,True,True,True,25.49,-2.746174970576694,False,53.714145115743726,0.0510429875289482,-0.04820060465301354,0.19848718436392349,True,False,False,False,,,24.939908933683682,23.434743201708898,27.95024039763325,False,False,,,False,69314.0,98564.8,0.7032327971040371,False,170816000.0,1.8,94.89777777777776,1.5983606557377072,2.459016393442614,2.402048867133438,3.3333333333332744,96.66666666666673,True,29.17,False,False,False,False,True,False
33,000050,深天马Ａ,C 制造业,腾讯前复权日K回退（成交额、换手率已提供）,False,2026-08-03,6.53,6.470000000000001,6.784500000000001,True,False,False,True,9.16,-28.711790393013096,False,38.831608435471374,-0.5210891594032931,-0.5653905656467926,0.08860281248699886,True,False,False,False,2026-07-31,1.0,8.486448286712092,7.326265921753915,10.806813016628446,False,False,2026-07-29,3.0,True,238185.0,335782.8,0.7093424678095483,False,154845700.0,0.98,158.0058163265306,0.9273570324574987,2.318392581143732,-3.7511975827253448,13.333333333333098,86.6666666666669,True,10.99,False,False,False,False,False,False
34,000055,方大集团,C 制造业,腾讯前复权日K回退（成交额、换手率已提供）,False,2026-08-03,3.48,3.3899999999999997,3.2960000000000003,True,True,True,True,3.46,0.5780346820809253,True,56.093903302461534,-0.015027761753759528,-0.04851542275709319,0.06697532200666732,True,False,False,False,2026-07-15,13.0,20.37794735366693,16.43186380591305,28.27011444917469,False,False,2026-07-27,5.0,True,102645.0,95170.4,1.078539125610484,False,35391200.0,1.52,23.283684210526314,2.052785923753664,2.639296187683293,5.582524271844651,11.11111111111133,88.88888888888867,True,4.44,False,False,False,False,False,False
35,000056,*ST皇庭,L 商务服务,腾讯前复权日K回退（成交额、换手率已提供）,False,2026-08-03,1.92,1.89,1.9555,True,False,False,True,2.42,-20.66115702479339,False,50.02545923824695,-0.02012032943021058,-0.011401277835287486,-0.01743810318984619,False,True,False,False,,,54.950888605130366,53.81733241853407,57.21800097832296,False,False,,,False,118358.0,144247.2,0.8205219928012467,False,22747000.0,1.31,17.36412213740458,0.5235602094240788,3.141361256544505,-1.8153924827409913,66.66666666666666,33.33333333333333,False,2.42,False,False,False,False,True,False
36,000058,深 赛 格,L 商务服务,腾讯前复权日K回退（成交额、换手率已提供）,False,2026-08-03,7.07,6.614,6.2155000000000005,True,True,True,True,6.76,4.5857988165680545,True,70.39948490869517,0.043148628037193326,-0.08691971785878512,0.26013669179195686,True,False,False,False,,,29.41366373427046,20.53529443987645,47.17040232305849,False,False,2026-07-27,5.0,True,208872.0,96126.2,2.1728935503535975,True,146778200.0,2.12,69.235,6.315789473684208,6.015037593984967,13.747888343656983,24.99999999999989,75.00000000000011,True,8.56,False,True,False,False,True,False
37,000059,华锦股份,C 制造业,腾讯前复权日K回退（成交额、换手率已提供）,False,2026-08-03,4.63,4.619999999999999,4.4190000000000005,True,True,True,True,4.69,-1.2793176972281555,False,59.728517533245835,0.09762472778108933,0.06743910901585026,0.06037123753047813,True,False,False,False,,,43.813313424149236,40.45088402363859,50.53817222517053,False,False,,,False,245218.0,231333.6,1.0600189509867999,False,113764599.99999999,1.53,74.35594771241828,0.0,2.5917926565874754,4.774835935732052,50.00000000000037,49.99999999999963,False,5.24,False,False,False,False,True,False
38,000060,中金岭南,C 制造业,腾讯前复权日K回退（成交额、换手率已提供）,False,2026-08-03,6.35,6.2700000000000005,6.3,True,True,False,True,7.9,-19.62025316455697,False,45.0327670918892,-0.240862417848553,-0.2925276386297021,0.1033304415622982,True,False,False,False,2026-07-27,5.0,17.573342006032345,17.911508630209124,16.897008757678783,False,True,,,False,868110.0,873861.8,0.9934179523581417,False,548107600.0,1.95,281.08082051282054,0.6339144215530945,2.060221870047542,0.7936507936507908,15.384615384615753,84.61538461538424,True,8.86,False,False,False,False,False,False
39,000061,农 产 品,L 商务服务,腾讯前复权日K回退（成交额、换手率已提供）,False,2026-08-03,6.11,5.898000000000001,5.7090000000000005,True,True,True,True,5.99,2.0033388981636078,True,62.60733008145052,0.019424670975134894,-0.046275110024382525,0.13139956199903485,True,False,False,False,,,22.935971706516654,18.356662783724868,32.094589552100224,False,False,2026-07-28,4.0,True,192036.0,188269.6,1.020005354024229,False,116530000.0,1.07,108.90654205607476,3.0354131534570117,3.3726812816188905,7.023997197407598,4.999999999999889,95.00000000000011,True,7.44,False,False,False,False,True,False
40,000062,深圳华强,F 批发零售,腾讯前复权日K回退（成交额、换手率已提供）,False,2026-08-03,22.02,21.5,24.9375,True,False,False,False,34.2,-35.6140350877193,False,35.60295062302801,-2.484350585011498,-2.429226478954199,-0.11024821211459823,False,True,False,False,,,5.768476589800978,6.012644867625266,5.280140034152403,False,False,,,False,223416.0,222415.4,1.0044987892025463,False,489668300.0,2.14,228.81696261682242,1.1019283746556363,2.4793388429752024,-11.699248120300753,12.962962962963037,87.03703703703697,True,39.5,False,False,False,False,True,False
41,000063,中兴通讯,C 制造业,腾讯前复权日K回退（成交额、换手率已提供）,False,2026-08-03,34.02,33.766000000000005,36.194,True,False,False,False,42.59,-20.12209438835407,False,43.861535646992415,-0.876628518842125,-0.5764799926702463,-0.6002970523437574,False,True,False,False,,,23.435204667978425,26.684615651131768,16.93638270167174,False,False,,,False,791481.0,1334135.2,0.5932539670642076,False,2686591000.0,1.97,1363.7517766497463,0.6211180124223725,2.6323572907423856,-6.0065204177487965,28.08988764044942,71.91011235955058,True,42.59,False,False,False,False,False,False
42,000065,北方国际,F 批发零售,腾讯前复权日K回退（成交额、换手率已提供）,False,2026-08-03,9.22,9.216,9.010499999999999,True,True,True,True,9.75,-5.435897435897429,False,43.22054412821184,-0.34614542392115943,-0.4957684739231734,0.29924610000402796,True,False,False,False,2026-07-20,10.0,9.823838969930073,9.107498860544455,11.256519188701308,False,False,,,False,390735.0,132621.6,2.946239526592953,True,350414200.0,3.67,95.48070844686649,-0.8602150537634468,7.419354838709672,2.32506520170914,10.144927536231675,78.26086956521759,True,13.6,False,True,False,True,False,False
43,000066,中国长城,C 制造业,腾讯前复权日K回退（成交额、换手率已提供）,False,2026-08-03,13.83,13.796000000000001,15.886,True,False,False,False,20.4,-32.205882352941174,False,36.81890469344958,-1.1448645654030507,-0.9665310141987955,-0.3566671024085104,False,True,False,False,,,5.1772471414823835,6.618061115372359,2.295619193702434,False,False,,,False,807850.0,1246782.0,0.6479480775307953,False,1114468600.0,2.5,445.78744,0.6550218340611424,2.6200873362445503,-12.942213269545508,36.11111111111121,63.88888888888879,False,25.74,False,True,False,False,True,False
44,000068,华控赛格,F 批发零售,腾讯前复权日K回退（成交额、换手率已提供）,False,2026-08-03,2.9,2.766,2.695,True,True,True,True,3.07,-5.53745928338762,False,55.198796935259786,-0.06108534217486561,-0.10424911271357303,0.08632754107741483,True,False,False,False,2026-07-24,6.0,18.006021723584453,14.183586192522492,25.650892785708375,False,False,2026-07-23,7.0,True,164889.0,115848.8,1.4233121102678663,False,46947100.0,1.64,28.62628048780488,5.072463768115942,5.072463768115947,7.606679035250467,0.0,100.0,True,4.22,False,False,False,False,False,False
45,000069,华侨城Ａ,K 房地产,腾讯前复权日K回退（成交额、换手率已提供）,False,2026-08-03,1.82,1.7439999999999998,1.684,True,True,True,True,1.78,2.247191011235957,True,61.49286898791372,-0.0005925125679155929,-0.023931082348956252,0.04667713956208132,True,False,False,False,,,24.563155584694414,18.759112372251746,36.17124200957975,False,False,2026-07-28,4.0,True,619020.0,512786.0,1.207170242557324,False,111148300.0,0.9,123.4981111111111,3.409090909090917,3.9772727272727306,8.076009501187656,0.0,100.0,True,2.31,False,False,False,False,True,False
46,000070,特发信息,C 制造业,腾讯前复权日K回退（成交额、换手率已提供）,False,2026-08-03,12.99,12.72,14.607,True,False,False,False,19.13,-32.09618400418191,False,37.27974948719599,-1.6420881398040805,-1.6128049368133914,-0.05856640598137819,False,True,False,False,,,8.725999964142234,9.56466043911273,7.0486790142012445,False,False,,,False,377184.0,460501.8,0.8190717169835167,False,485079600.0,4.4,110.24536363636362,2.444794952681395,4.731861198738168,-11.070034914766886,18.33333333333325,81.66666666666676,True,26.05,False,False,False,False,False,False
47,000078,ST海王,F 批发零售,腾讯前复权日K回退（成交额、换手率已提供）,False,2026-08-03,1.67,1.638,1.8035,True,False,False,True,2.3,-27.391304347826086,False,48.12279721296409,-0.036879215346292904,-0.018708543622076065,-0.03634134344843368,False,True,False,False,,,13.287127408209296,13.63968106986256,12.58202008490277,False,False,,,False,881907.0,941863.8,0.9363423883580619,False,145398700.0,3.36,43.27342261904762,4.374999999999996,6.874999999999992,-7.402273357360698,36.36363636363644,63.636363636363555,False,2.73,False,False,False,False,False,False
48,000088,盐 田 港,G 运输仓储,腾讯前复权日K回退（成交额、换手率已提供）,False,2026-08-03,4.61,4.468,4.3335,True,True,True,True,4.49,2.672605790645882,True,77.9955052588445,0.07014648471270934,0.04298066580781486,0.054331637809788974,True,False,False,False,,,80.88401928635734,69.88692533337046,102.87820719233113,False,False,,,False,455925.0,246055.4,1.852936371239973,True,208252800.0,1.44,144.62,2.9017857142857206,3.124999999999993,6.380523826006702,7.1428571428570065,92.85714285714299,True,4.59,True,False,False,False,False,False
49,000089,深圳机场,G 运输仓储,腾讯前复权日K回退（成交额、换手率已提供）,False,2026-08-03,6.83,6.7,6.537000000000001,True,True,True,True,6.82,0.14662756598240156,True,67.0609129788198,0.10390453093783503,0.07652850702929351,0.05475204781708304,True,False,False,False,,,70.48612080552287,63.87601548371675,83.7063314491351,False,False,,,False,157045.0,157912.2,0.9945083407108506,False,107436200.00000001,0.77,139.5275324675325,0.886262924667669,2.5110782865583445,4.482178369282534,29.41176470588226,70.58823529411774,True,6.87,True,False,False,True,False,False
50,000090,天健集团,E 建筑业,腾讯前复权日K回退（成交额、换手率已提供）,False,2026-08-03,3.45,3.3259999999999996,3.215,True,True,True,True,3.4,1.4705882352941255,True,64.77003557154876,0.03136568434883724,-0.00011242677127164865,0.06295622224021778,True,False,False,False,2026-07-10,16.0,39.76420857872165,34.32220056881443,50.64822459853609,False,False,,,False,205124.0,156540.8,1.3103548723399907,False,70421300.0,1.1,64.01936363636364,2.6785714285714413,3.2738095238095335,7.309486780715408,18.181818181818148,81.81818181818186,True,3.97,False,False,False,False,True,False
51,000096,广聚能源,F 批发零售,腾讯前复权日K回退（成交额、换手率已提供）,False,2026-08-03,7.95,7.668000000000001,7.5155,True,True,True,True,8.1,-1.8518518518518454,False,60.79001987235754,0.030140108615952066,-0.030009096427487808,0.12029841008687975,True,False,False,False,,,25.372256539986108,21.417744931648343,33.28127975666163,False,False,,,False,67669.0,58989.2,1.1471421887396338,False,53184300.0,1.32,40.29113636363636,2.846054333764547,3.6222509702457986,5.781385137382741,3.571428571428492,96.4285714285715,True,9.57,False,True,False,False,False,False
52,000099,中信海直,G 运输仓储,腾讯前复权日K回退（成交额、换手率已提供）,False,2026-08-03,14.8,14.331999999999999,13.872,True,True,True,True,14.87,-0.47074646940146947,False,56.176334757683684,-0.1732990543715598,-0.3743857828333182,0.4021734569235168,True,False,False,False,2026-07-21,9.0,22.051976801808717,16.248087795914355,33.65975481359744,False,False,2026-07-20,10.0,True,86621.0,82788.8,1.0462888699920763,False,127627700.0,1.12,113.95330357142856,2.3513139695712226,2.8354080221300144,6.689734717416385,9.756097560975398,90.24390243902461,True,18.15,False,False,False,False,False,False
53,000100,TCL科技,C 制造业,腾讯前复权日K回退（成交额、换手率已提供）,False,2026-08-03,4.7,4.798,5.024,False,False,False,False,5.63,-16.51865008880994,False,42.03158554075959,-0.06681120668983453,-0.002304785470654675,-0.12901284243835973,False,True,False,False,,,34.80287782059929,39.46874229040672,25.47114888098443,False,False,,,False,4393716.0,6000848.0,0.7321825182040939,False,2057063900.0000002,2.18,943.6072935779817,-0.634249471458781,1.4799154334037925,-6.4490445859872585,28.57142857142821,71.4285714285718,True,6.26,False,False,False,False,False,False
54,000151,中成股份,F 批发零售,腾讯前复权日K回退（成交额、换手率已提供）,False,2026-08-03,9.98,9.558000000000002,9.2785,True,True,True,True,10.64,-6.203007518796993,False,50.835231994532286,-0.4105131866967415,-0.6159140187513735,0.410801664109264,True,False,False,False,2026-07-23,7.0,15.597149748423519,12.286809518008221,22.217830209254114,False,False,,,False,103200.0,58271.4,1.7710231777510064,False,101940200.0,3.35,30.42991044776119,3.9583333333333526,5.833333333333339,7.560489303227905,26.785714285714324,73.21428571428568,True,15.33,False,False,False,False,True,False
55,000153,丰原药业,C 制造业,腾讯前复权日K回退（成交额、换手率已提供）,False,2026-08-03,5.54,5.4319999999999995,5.4190000000000005,True,True,True,True,5.83,-4.974271012006862,False,54.604669369723304,-0.0030845447845919693,-0.019492527793580707,0.032815966017977476,True,False,False,False,2026-07-30,2.0,24.04037543970459,21.819415570924907,28.482295177263957,False,False,,,False,67818.0,70158.4,0.9666412004834775,False,37288100.0,1.48,25.19466216216216,1.46520146520146,2.014652014652021,2.2328842959955626,0.0,100.0,True,6.43,False,True,False,False,False,False
56,000155,川能动力,D 水电煤气,腾讯前复权日K回退（成交额、换手率已提供）,False,2026-08-03,12.28,12.418000000000001,11.539,False,True,True,True,12.98,-5.392912172573197,False,53.06700694107709,-0.030793140672606967,-0.24609428116480256,0.4306022809843912,True,False,False,False,2026-07-17,11.0,20.219743157115886,18.66921397037483,23.320801530597997,False,False,,,False,360624.0,636576.8,0.566505094122186,False,442930700.0,1.95,227.14394871794872,0.16313213703098572,2.610114192495924,6.4217003206517,43.75000000000014,56.249999999999865,False,17.66,False,False,False,False,True,False
57,000156,华数传媒,I 信息技术,腾讯前复权日K回退（成交额、换手率已提供）,False,2026-08-03,7.17,6.896000000000001,6.650499999999999,True,True,True,True,7.1,0.9859154929577505,True,65.90478966927698,0.07632504804270646,0.008321360559781901,0.1360073749658491,True,False,False,False,,,43.777535093886115,32.40474736802731,66.52311054560373,False,False,2026-07-27,5.0,True,103013.0,107618.4,0.9572062026567948,False,73356100.0,0.61,120.25590163934427,2.4285714285714244,2.7142857142857197,7.811442748665526,10.526315789473905,89.47368421052609,True,7.75,False,False,False,False,False,False
58,000157,中联重科,C 制造业,腾讯前复权日K回退（成交额、换手率已提供）,False,2026-08-03,7.54,7.603999999999999,7.260499999999999,False,True,True,True,7.75,-2.709677419354838,False,57.44580312950837,0.1276838514252585,0.07572789989343949,0.10391190306363804,True,False,False,False,2026-07-14,14.0,43.686342482972606,40.28059094053021,50.4978455678574,False,False,,,False,524100.0,500541.4,1.047066236678924,False,395955500.0,0.74,535.075,-0.7894736842105177,1.578947368421054,3.8495971351835476,33.33333333333333,16.666666666667037,False,8.24,False,False,False,False,False,False
59,000158,常山北明,I 信息技术,腾讯前复权日K回退（成交额、换手率已提供）,False,2026-08-03,13.55,12.958000000000002,12.707,True,True,True,True,13.72,-1.2390670553935854,False,56.07912978182852,-0.2216973777781206,-0.4208157920280885,0.3982368284999358,True,False,False,False,2026-07-09,17.0,15.602540718494081,10.94160024927953,24.924421656923183,False,False,,,False,376490.0,340681.2,1.1051094102052006,False,506075300.0,2.37,213.53388185654006,1.8796992481203034,3.0075187969924704,6.6341386637286535,14.999999999999734,85.00000000000027,True,18.17,False,False,False,False,False,False
60,000159,国际实业,F 批发零售,腾讯前复权日K回退（成交额、换手率已提供）,False,2026-08-03,5.8,5.361999999999999,5.344,True,True,True,True,5.67,2.2927689594356244,True,59.90676824934799,-0.09688551825370872,-0.16802546789948566,0.14227989929155388,True,False,False,False,2026-07-28,4.0,21.370227553017163,14.854995751384868,34.40069115628175,False,False,2026-07-28,4.0,True,263361.0,83484.0,3.154628431795314,True,148890800.0,5.48,27.169854014598535,8.41121495327104,8.785046728971958,8.532934131736518,2.127659574468041,97.87234042553196,True,7.38,False,False,False,False,False,True
61,000166,申万宏源,J 金融业,腾讯前复权日K回退（成交额、换手率已提供）,False,2026-08-03,4.68,4.67,4.630999999999999,True,True,True,True,4.78,-2.092050209205032,False,54.43189237696304,0.03789965392947803,0.03686145530963047,0.0020763972396951186,True,False,False,False,,,70.44662436928415,63.707820273898506,83.92423256005543,False,False,,,False,686020.0,715007.8,0.9594580646532807,False,321342000.0,0.3,1071.14,-0.2132196162047073,1.4925373134328417,1.058086806305342,42.85714285714304,57.14285714285696,False,4.82,False,False,False,False,False,False
62,000301,东方盛虹,C 制造业,腾讯前复权日K回退（成交额、换手率已提供）,False,2026-08-03,12.14,11.864,11.916,True,True,False,True,13.89,-12.598992080633547,False,52.39918773247086,-0.05177538845718033,-0.08024474256542893,0.056938708216497214,True,False,False,False,2026-07-30,2.0,47.32979902070438,45.59886889344895,50.79165927521524,False,False,,,False,507740.0,262838.8,1.931754368076555,True,614126100.0,0.77,797.5663636363637,3.143585386576042,8.836023789294826,1.8798254447801293,33.65384615384609,66.34615384615391,False,13.89,False,False,False,False,True,False
63,000333,美的集团,C 制造业,腾讯前复权日K回退（成交额、换手率已提供）,False,2026-08-03,85.9,86.96600000000001,83.3605,False,True,True,True,89.5,-4.022346368715078,False,61.743646762041806,2.3762858571733574,2.126830097624566,0.49891151909758236,True,False,False,False,,,90.64030035898277,93.20552583628888,85.50984940437056,False,False,,,False,336693.0,395918.0,0.850410943680257,False,2911398300.0,0.49,5941.629183673469,-1.9406392694063745,2.648401826484011,3.0464068713599413,25.0,10.775862068965548,False,89.5,False,False,False,True,False,False
64,000338,潍柴动力,C 制造业,腾讯前复权日K回退（成交额、换手率已提供）,False,2026-08-03,28.48,27.174,27.081,True,True,True,True,30.68,-7.170795306388525,False,53.062072328848224,-0.3083165677930637,-0.5947967936544531,0.5729604517227789,True,False,False,False,2026-07-23,7.0,41.456750969521146,38.83017447581478,46.70990395693387,False,False,,,False,1030336.0,1054133.0,0.9774250497802459,False,2962833800.0,2.08,1424.4393269230768,1.8962432915921257,5.545617173524153,5.165983530888819,56.12903225806456,43.870967741935445,False,36.34,False,False,False,False,True,False
65,000400,许继电气,C 制造业,腾讯前复权日K回退（成交额、换手率已提供）,False,2026-08-03,23.64,22.762,21.416500000000003,True,True,True,True,23.28,1.546391752577317,True,62.3708964884796,0.26869629790054006,-0.07434695190389957,0.6860864996088792,True,False,False,False,2026-07-16,12.0,36.10815946346616,30.614959055745206,47.094560278908055,False,False,,,False,327680.0,217636.4,1.5056304919581467,False,768212200.0,3.24,237.1025308641975,3.6842105263157787,4.12280701754385,10.382181962505534,10.638297872340225,89.36170212765977,True,27.74,False,False,False,False,True,False
66,000401,金隅冀东,C 制造业,腾讯前复权日K回退（成交额、换手率已提供）,False,2026-08-03,3.71,3.652,3.5730000000000004,True,True,True,True,3.71,0.0,False,57.38091437291425,0.0029936747177896628,-0.023735718582376553,0.05345878660033243,True,False,False,False,2026-07-06,20.0,20.70113137438601,18.540570411605056,25.022253299947913,False,False,2026-07-27,5.0,True,79158.0,73385.8,1.0786555437155416,False,29196300.0,0.3,97.321,1.3661202185792254,2.1857923497267775,3.834312902322965,12.500000000000277,87.49999999999972,True,4.3,False,False,False,True,False,False
67,000402,金 融 街,K 房地产,腾讯前复权日K回退（成交额、换手率已提供）,False,2026-08-03,2.52,2.46,2.425,True,True,True,True,2.54,-0.7874015748031503,False,53.04061990355435,-0.036267091313374245,-0.06278131751105016,0.05302845239535184,True,False,False,False,2026-07-14,14.0,10.642197178767121,7.791034732030823,16.34452207223972,False,False,2026-07-29,3.0,True,371665.0,427854.8,0.8686708668454812,False,93192300.0,1.24,75.15508064516129,1.2048192771084265,2.0080321285140488,3.9175257731958846,19.999999999999645,80.00000000000036,True,3.44,False,False,False,False,False,False
68,000403,派林生物,C 制造业,腾讯前复权日K回退（成交额、换手率已提供）,False,2026-08-03,10.62,10.325999999999999,9.688500000000001,True,True,True,True,10.55,0.6635071090047251,True,61.23360741552673,0.04837160641901228,-0.139563712742844,0.37587063832371254,True,False,False,False,2026-07-09,17.0,36.36253118959342,29.760916352432332,49.565760863915585,False,False,2026-07-27,5.0,True,78236.0,122719.2,0.6375204531972177,False,82868600.0,0.83,99.84168674698795,1.82166826462129,2.7804410354745848,9.614491407338575,27.58620689655183,72.41379310344817,True,13.15,False,False,False,False,False,False
69,000404,长虹华意,C 制造业,腾讯前复权日K回退（成交额、换手率已提供）,False,2026-08-03,7.88,7.726000000000001,7.6194999999999995,True,True,True,True,8.53,-7.620164126611952,False,54.26268882908242,-0.020232685121612803,-0.06655374263531817,0.09264211502741074,True,False,False,False,2026-07-29,3.0,43.273280750213665,41.8475543129802,46.12473362468059,False,False,,,False,97916.0,123353.2,0.7937856496629192,False,76870600.0,1.41,54.5181560283688,0.8962868117797784,1.7925736235595464,3.4188595052168833,14.285714285714556,85.71428571428544,True,9.69,False,True,False,False,False,False
70,000407,胜利股份,D 水电煤气,腾讯前复权日K回退（成交额、换手率已提供）,False,2026-08-03,4.09,3.944,3.8435,True,True,True,True,3.96,3.28282828282828,True,61.91710816879585,0.011738130334566943,-0.024269581678784326,0.07201542402670254,True,False,False,False,,,26.609410840094153,21.210865920623053,37.40650067903635,False,False,2026-07-23,7.0,True,215954.0,126645.6,1.7051835989564579,False,87438300.0,2.47,35.400121457489874,3.544303797468351,3.037974683544295,6.41342526343176,8.33333333333318,91.66666666666681,True,4.89,False,True,False,False,True,False
71,000408,藏格矿业,C 制造业,腾讯前复权日K回退（成交额、换手率已提供）,False,2026-08-03,79.93,79.872,74.2695,True,True,True,True,81.37,-1.7696939904141549,False,59.85228410982333,1.7924012123676363,0.7788139274356424,2.0271745698639876,True,False,False,False,2026-07-14,14.0,49.71963193737284,45.7873311010996,57.58423360991931,False,False,2026-07-21,9.0,True,122118.0,114405.6,1.0674127839895948,False,971813100.0,0.78,1245.9142307692307,-0.855867030513513,3.37385264202431,7.621567399807476,39.33823529411741,60.66176470588259,False,92.88,False,True,False,False,True,False
72,000409,云鼎科技,I 信息技术,腾讯前复权日K回退（成交额、换手率已提供）,False,2026-08-03,9.01,8.668,8.3095,True,True,True,True,8.84,1.9230769230769222,True,64.38871588728819,0.008482913368542455,-0.11339253516866069,0.24375089707440628,True,False,False,False,2026-07-06,20.0,26.593296828472244,21.075898494619626,37.62809349617748,False,False,,,False,111622.0,66293.8,1.683747198078855,False,99596299.99999999,1.89,52.69645502645502,2.5028441410694047,3.18543799772468,8.430110114928695,3.5714285714285032,96.4285714285715,True,10.8,False,True,False,False,True,False
73,000410,沈阳机床,C 制造业,腾讯前复权日K回退（成交额、换手率已提供）,False,2026-08-03,5.0,4.882,4.6659999999999995,True,True,True,True,5.03,-0.5964214711729672,False,57.479564804138505,-0.01445145277476989,-0.08444674871208534,0.1399905918746309,True,False,False,False,2026-07-15,13.0,21.537432947514606,17.478231545026063,29.655835752491697,False,False,,,False,137196.0,145153.6,0.9451780734339348,False,68305300.0,0.7,97.579,1.4198782961460488,1.4198782961460326,7.15816545220747,14.285714285714105,85.7142857142859,True,6.4,False,True,True,False,False,False
74,000411,英特集团,F 批发零售,腾讯前复权日K回退（成交额、换手率已提供）,False,2026-08-03,9.62,9.468,9.355,True,True,True,True,9.9,-2.8282828282828394,False,54.43805632944887,-0.027880733915708333,-0.09165628671295284,0.127551105594489,True,False,False,False,,,33.059249010975,30.76996905859537,37.63780891573426,False,False,,,False,31207.0,35606.4,0.8764435607081873,False,29852800.000000004,0.55,54.27781818181819,1.2631578947368327,1.8947368421052602,2.832709780865834,11.11111111111188,88.88888888888812,True,11.94,False,False,False,False,False,False
75,000415,渤海租赁,L 商务服务,腾讯前复权日K回退（成交额、换手率已提供）,False,2026-08-03,4.54,4.4239999999999995,4.323500000000001,True,True,True,True,4.75,-4.421052631578946,False,58.43807547442733,0.046439118441437444,0.016256962628978654,0.06036431162491758,True,False,False,False,2026-07-29,3.0,64.14272602590412,57.124971640823354,78.17823479606567,False,False,,,False,580367.0,698579.0,0.8307822021560911,False,264957700.0,1.08,245.3312037037037,-0.219780219780219,2.63736263736264,5.007517057939146,91.66666666666686,8.333333333333147,False,4.91,False,True,True,False,True,False
76,000417,合百集团,F 批发零售,腾讯前复权日K回退（成交额、换手率已提供）,False,2026-08-03,5.75,5.702,6.335500000000001,True,False,False,False,8.5,-32.35294117647059,False,38.55365544208686,-0.5158188874429896,-0.5037164846578513,-0.0242048055702766,False,True,False,False,,,11.495441822522489,11.768048755347422,10.950227956872624,False,False,,,False,336250.0,582731.0,0.5770243903276125,False,191592300.0,4.32,44.350069444444436,0.5244755244755206,3.3216783216783132,-9.24157525057218,5.263157894736744,94.73684210526325,True,10.73,False,True,False,False,False,False
77,000419,通程控股,F 批发零售,腾讯前复权日K回退（成交额、换手率已提供）,False,2026-08-03,4.96,4.83,4.718,True,True,True,True,4.96,0.0,False,59.28669337212187,0.0005465902475485507,-0.04330751672059034,0.08770821393627778,True,False,False,False,,,23.58590374969116,18.88202338032383,32.99366448842582,False,False,2026-07-28,4.0,True,67298.0,64549.4,1.0425813408025482,False,33170500.0,1.24,26.75040322580645,2.0576131687242816,2.67489711934158,5.129292072912251,15.384615384615646,84.61538461538434,True,5.85,False,False,False,False,False,False
78,000420,吉林化纤,C 制造业,腾讯前复权日K回退（成交额、换手率已提供）,False,2026-08-03,3.84,3.7600000000000002,3.7,True,True,True,True,4.13,-7.021791767554481,False,50.00581953449553,-0.09409238027086886,-0.14260410474275478,0.09702344894377185,True,False,False,False,2026-07-23,7.0,11.64317846946026,9.467234146515315,15.99506711535015,False,False,2026-07-21,9.0,True,407358.0,412680.4,0.9871028524737302,False,155369900.0,1.66,93.59632530120481,1.8567639257294433,2.3872679045092804,3.783783783783775,0.0,100.0,True,5.65,False,False,False,False,True,False
79,000421,南京公用,D 水电煤气,腾讯前复权日K回退（成交额、换手率已提供）,False,2026-08-03,5.49,5.372,5.273999999999999,True,True,True,True,5.55,-1.081081081081074,False,57.81618851569729,0.00234691023069189,-0.03496376161659983,0.07462134369458344,True,False,False,False,,,25.643582958250178,22.29584642776852,32.339056019213494,False,False,2026-07-27,5.0,True,77021.0,61349.2,1.2554523938372466,False,41973800.0,1.34,31.323731343283583,2.0446096654275214,2.788104089219321,4.095563139931762,13.333333333333098,86.6666666666669,True,6.26,False,True,False,False,False,False
80,000422,湖北宜化,C 制造业,腾讯前复权日K回退（成交额、换手率已提供）,False,2026-08-03,13.29,13.084,13.0095,True,True,True,True,14.39,-7.644197359277285,False,50.4038277635097,-0.14727836606742883,-0.2134287275305449,0.13230072292623213,True,False,False,False,2026-07-23,7.0,16.161426266304346,13.95299270374737,20.5782933914183,False,False,2026-07-23,7.0,True,216309.0,241297.6,0.8964407437123286,False,286221200.0,2.03,140.99566502463054,1.2185833968012094,3.2749428789032864,2.15611668396172,20.930232558139842,79.06976744186017,True,16.51,False,False,False,False,True,False
81,000423,东阿阿胶,C 制造业,腾讯前复权日K回退（成交额、换手率已提供）,False,2026-08-03,55.4,54.212,50.7525,True,True,True,True,55.97,-1.018402715740576,False,73.59374565018007,1.772945438005742,1.2361223109508983,1.0736462541096872,True,False,False,False,,,81.05792079085631,73.04121985865997,97.091322655249,False,False,,,False,75353.0,83957.6,0.8975125539558062,False,419562900.0,1.18,355.561779661017,1.42804833394361,2.9110216038081225,9.157184375153935,55.97484276729576,44.02515723270424,False,55.97,True,False,False,False,True,False
82,000425,徐工机械,C 制造业,腾讯前复权日K回退（成交额、换手率已提供）,False,2026-08-03,8.74,8.93,8.6665,False,True,True,False,9.35,-6.524064171122988,False,49.827750479865024,0.07333105021469954,0.021504725810127606,0.10365264880914388,True,False,False,False,2026-07-06,20.0,39.28192953879263,38.31718300696371,41.21142260245047,False,False,,,False,1186613.0,1310045.8,0.9057797826610337,False,1043211200.0,1.32,790.3115151515151,-2.455357142857151,3.348214285714293,0.8480932325621764,10.000000000000355,23.33333333333337,False,10.86,False,False,False,False,False,False
83,000426,兴业银锡,B 采矿业,腾讯前复权日K回退（成交额、换手率已提供）,False,2026-08-03,31.31,31.642000000000003,31.424500000000002,False,False,True,False,38.45,-18.569570871261387,False,45.812471710270856,-1.0428793238859981,-1.4322466825761488,0.7787347173803014,True,False,False,False,2026-07-23,7.0,20.08468249849801,19.72900756475867,20.796032365976693,False,False,2026-07-21,9.0,True,502819.0,649590.8,0.774054989695051,False,1576919900.0,2.83,557.2155123674911,-1.5408805031446593,3.6792452830188624,-0.3643653836974436,56.41025641025651,43.58974358974349,False,52.69,False,True,False,False,True,False
84,000428,华天酒店,H 住宿餐饮,腾讯前复权日K回退（成交额、换手率已提供）,False,2026-08-03,3.99,3.9480000000000004,3.3105,True,True,True,True,4.44,-10.135135135135139,False,65.50641194741641,0.1848564135731383,0.05925821096545799,0.25119640521536063,True,False,False,False,2026-07-06,20.0,64.26289321632017,50.38434555183295,92.01998854529461,False,False,,,False,1321100.0,678388.2,1.9474100522385267,True,513843600.0,12.97,39.617856592135695,-5.2256532066508266,6.888361045130642,20.525600362483008,10.34482758620698,68.96551724137936,False,4.44,False,False,False,False,False,True
85,000429,粤高速Ａ,G 运输仓储,腾讯前复权日K回退（成交额、换手率已提供）,False,2026-08-03,14.62,14.629999999999999,14.3205,False,True,True,False,15.3,-4.444444444444454,False,55.81137621793391,0.23172502787742744,0.2295700660253981,0.0043099237040586935,True,False,False,False,2026-07-17,11.0,77.41143947201725,78.98433595670544,74.26564650264086,False,False,,,False,106238.0,127442.6,0.8336145056676496,False,155089600.0,0.82,189.1336585365854,0.4120879120879106,2.609890109890103,2.091407422925178,42.10526315789488,57.89473684210511,False,15.3,False,False,False,False,True,False
86,000430,张家界,N 公共环保,腾讯前复权日K回退（成交额、换手率已提供）,False,2026-08-03,6.55,6.334,6.289499999999999,True,True,True,True,7.52,-12.898936170212764,False,50.135647710122576,-0.23739536151870055,-0.3273173303027243,0.1798439375680475,True,False,False,False,2026-07-28,4.0,20.588599221075054,16.105821643329286,29.554154376566586,False,False,2026-07-27,5.0,True,119148.0,78012.0,1.5273034917704968,False,77906200.0,3.22,24.19447204968944,3.803486529318545,9.03328050713153,4.141823674377938,52.63157894736844,47.368421052631554,False,8.75,False,True,False,False,True,False
87,000488,ST晨鸣,C 制造业,腾讯前复权日K回退（成交额、换手率已提供）,False,2026-08-03,1.99,1.9620000000000002,1.9465,True,True,True,True,2.1,-5.238095238095243,False,51.709875793203175,-0.02597711995782448,-0.04432882326947375,0.036703406623298546,True,False,False,False,,,11.88156709931859,9.652846960283943,16.339007377387883,False,False,2026-07-28,4.0,True,85179.0,80849.0,1.0535566302613515,False,16816000.0,0.5,33.632,0.0,1.5075376884422125,2.2347803750321136,0.0,100.0,True,2.53,False,True,True,False,False,False
88,000498,山东路桥,E 建筑业,腾讯前复权日K回退（成交额、换手率已提供）,False,2026-08-03,5.22,5.058,4.987,True,True,True,True,5.16,1.162790697674411,True,65.0487093111029,0.052600016930662186,0.02934705409684102,0.046505925667642334,True,False,False,False,,,42.913221832906466,37.10262015241335,54.5344251938927,False,False,,,False,173683.0,123966.0,1.4010535146733782,False,89944900.0,1.2,74.95408333333334,2.35294117647058,3.137254901960787,4.672147583717659,6.2500000000004166,93.74999999999959,True,5.4,False,False,False,False,False,False
89,000501,武商集团,F 批发零售,腾讯前复权日K回退（成交额、换手率已提供）,False,2026-08-03,7.29,7.13,6.9590000000000005,True,True,True,True,7.26,0.4132231404958713,True,59.668606662240165,0.01303958235238678,-0.04833044030717927,0.1227400453191321,True,False,False,False,,,33.13264565425598,27.30454051056869,44.788855941630565,False,False,2026-07-28,4.0,True,66067.0,85587.6,0.7719225682224995,False,48110300.0,0.86,55.94220930232558,0.6906077348066253,1.7955801104972362,4.756430521626663,30.76923076923082,69.23076923076917,False,8.28,False,False,False,False,False,False
90,000503,国新健康,I 信息技术,腾讯前复权日K回退（成交额、换手率已提供）,False,2026-08-03,7.55,7.359999999999999,6.663500000000001,True,True,True,True,7.82,-3.452685421994891,False,64.39838484664749,0.17928963690184485,0.025673962685074738,0.3072313484335402,True,False,False,False,2026-07-10,16.0,53.60516293792035,39.94041565535184,80.93465750305737,False,False,,,False,290211.0,356702.0,0.8135951017936541,False,219682700.0,2.96,74.21712837837838,-2.2020725388601003,3.4974093264248647,13.303819314174214,22.22222222222211,22.22222222222211,False,8.34,False,True,False,False,True,False
91,000504,南华生物,M 科研服务,腾讯前复权日K回退（成交额、换手率已提供）,False,2026-08-03,7.79,7.5920000000000005,7.9334999999999996,True,False,False,True,9.36,-16.77350427350427,False,47.80490712488344,-0.1691374939780328,-0.14925010734501862,-0.03977477326602835,False,True,False,False,,,18.791802631206632,19.117226865237672,18.14095416314455,False,False,,,False,40368.0,63226.0,0.6384715148831177,False,31103500.0,1.23,25.28739837398374,2.9062087186261465,2.9062087186261523,-1.8087855297157562,0.0,100.0,True,9.86,False,False,False,False,False,False
92,000505,京粮控股,C 制造业,腾讯前复权日K回退（成交额、换手率已提供）,False,2026-08-03,5.69,5.556,5.387500000000001,True,True,True,True,5.64,0.8865248226950482,True,61.215966222346985,0.025524785514594583,-0.02720084121894137,0.1054512534670719,True,False,False,False,,,27.013483461425846,22.90775005721052,35.22495026985649,False,False,2026-07-27,5.0,True,74576.0,62548.6,1.1922888761698902,False,42175600.00000001,1.18,35.742033898305095,1.971326164874565,2.3297491039426506,5.614849187935021,7.692307692307534,92.30769230769246,True,7.23,False,False,False,False,True,False
93,000506,招金黄金,B 采矿业,腾讯前复权日K回退（成交额、换手率已提供）,False,2026-08-03,14.71,13.530000000000001,12.866,True,True,True,True,14.8,-0.6081081081081071,False,60.262923648852166,0.10575239370636957,-0.19351042268558716,0.5985256327839135,True,False,False,False,2026-07-23,7.0,33.517527406960596,25.964910598174423,48.62276102453294,False,False,2026-07-22,8.0,True,923104.0,836156.6,1.103984588532818,False,1345978500.0,9.94,135.41031187122738,1.3085399449035862,6.6804407713498675,14.332348826364068,9.27835051546408,74.22680412371136,True,17.28,False,True,False,True,True,True
94,000507,珠海港,G 运输仓储,腾讯前复权日K回退（成交额、换手率已提供）,False,2026-08-03,5.08,5.034,4.891,True,True,True,True,5.12,-0.7812500000000007,False,59.14947283971184,0.049993784995075785,0.022115162832344715,0.05575724432546214,True,False,False,False,2026-07-13,15.0,36.62379667661529,33.30429579247306,43.26279844489976,False,False,,,False,106053.0,146932.6,0.7217799181393373,False,53850500.0,1.18,45.63601694915255,0.39525691699606735,1.1857707509881523,3.8642404416274805,50.0,50.0,False,5.45,False,False,False,False,True,False
95,000509,华塑控股,C 制造业,腾讯前复权日K回退（成交额、换手率已提供）,False,2026-08-03,3.03,2.916,2.9539999999999997,True,True,False,True,3.55,-14.647887323943662,False,45.150126098094574,-0.20419005247216315,-0.26015412924709785,0.1119281535498694,True,False,False,False,2026-07-27,5.0,12.359970531375927,10.677768275001384,15.724375044125011,False,False,2026-07-21,9.0,True,284444.0,303843.6,0.9361526785490957,False,84939800.0,2.65,32.052754716981134,3.4129692832764347,4.4368600682593815,2.5727826675694,15.38461538461541,84.6153846153846,True,6.3,False,False,False,False,True,False
96,000510,新金路,C 制造业,腾讯前复权日K回退（成交额、换手率已提供）,False,2026-08-03,13.32,13.768,16.1185,False,False,False,False,22.69,-41.29572498898193,False,33.41406261181261,-1.753341752384305,-1.4879052536886888,-0.5308729973912323,False,True,False,False,,,7.0050717980660835,10.751381704613024,-0.487548015027798,False,False,,,False,413356.0,473122.0,0.8736774024458808,False,556126100.0,6.81,81.66315712187959,-1.3333333333333308,5.777777777777773,-17.362037410429014,26.923076923076827,23.07692307692306,False,27.85,False,False,False,False,False,False
97,000513,丽珠集团,C 制造业,腾讯前复权日K回退（成交额、换手率已提供）,False,2026-08-03,31.02,30.918,30.720000000000006,True,True,True,True,31.75,-2.299212598425198,False,54.81192513142726,0.2357169033292763,0.2312068675914652,0.009020071475622227,True,False,False,False,2026-07-31,1.0,52.08902579744579,49.70108288651281,56.864911619311755,False,False,,,False,44920.0,61565.8,0.7296258637100468,False,139707200.0,0.79,176.8445569620253,-0.35335689045936647,1.3170575008030845,0.976562499999979,51.21951219512214,21.95121951219508,False,31.75,False,False,False,False,True,False
98,000514,渝 开 发,K 房地产,腾讯前复权日K回退（成交额、换手率已提供）,False,2026-08-03,3.97,3.8080000000000007,3.7265,True,True,True,True,3.92,1.2755102040816395,True,59.26858675078878,-0.03273251671850552,-0.08045663446370512,0.09544823549039919,True,False,False,False,2026-07-06,20.0,16.153111749722218,12.009644349513678,24.4400465501393,False,False,2026-07-28,4.0,True,134821.0,97306.8,1.3855249581735294,False,52750200.00000001,1.6,32.968875000000004,3.9267015706806463,3.926701570680638,6.534281497383605,0.0,100.0,True,5.2,False,False,False,False,True,False
99,000516,国际医学,Q 卫生,腾讯前复权日K回退（成交额、换手率已提供）,False,2026-08-03,4.28,4.234,4.1715,True,True,True,True,4.46,-4.035874439461877,False,57.23155826733026,0.035442863449792306,0.024119077293902995,0.02264757231177862,True,False,False,False,,,28.53852609920797,26.221041872203376,33.17349455321716,False,False,,,False,144276.0,259049.0,0.5569448251103073,False,61765600.00000001,0.65,95.02400000000002,0.46948356807512415,1.6431924882628968,2.6009828598825426,42.857142857142314,57.142857142857686,False,4.7,False,True,False,False,True,False
100,000517,荣安地产,K 房地产,腾讯前复权日K回退（成交额、换手率已提供）,False,2026-08-03,2.02,1.922,1.7489999999999999,True,True,True,True,1.99,1.5075376884422125,True,70.03252444872236,0.03676983089541319,-0.006905827001717752,0.08735131579426189,True,False,False,False,2026-07-10,16.0,34.955701867096515,25.718019385264075,53.4310668307614,False,False,,,False,346552.0,581458.4,0.5960048044709647,False,69632100.0,1.39,50.09503597122302,2.538071065989844,4.0609137055837605,15.494568324757013,25.0,75.0,True,2.51,False,False,False,False,True,False
101,000518,四环生物,C 制造业,腾讯前复权日K回退（成交额、换手率已提供）,False,2026-08-03,3.69,3.5700000000000003,3.7030000000000003,True,False,False,True,4.23,-12.765957446808521,False,54.330382133676686,0.02058928616311695,0.041312955256115926,-0.04144733818599795,False,True,False,False,,,48.03095848407461,46.73137122433946,50.63013300354491,True,False,,,False,254384.0,440324.0,0.5777200425141487,False,92900400.00000001,2.47,37.61149797570851,2.216066481994461,3.601108033240994,-0.35106670267351725,15.38461538461541,84.6153846153846,True,4.54,False,False,False,False,False,False
102,000519,中兵红箭,C 制造业,腾讯前复权日K回退（成交额、换手率已提供）,False,2026-08-03,14.33,14.104000000000003,15.0685,True,False,False,True,21.23,-32.50117757889779,False,37.31970683410856,-1.2423950042865997,-1.3572415842300773,0.22969315988695538,True,False,False,False,2026-07-31,1.0,11.653115068736737,10.436990536611473,14.085364132987262,False,False,2026-07-27,5.0,True,390559.0,558396.0,0.6994301535111282,False,556664100.0,2.8,198.80860714285717,-0.4169562195969423,1.9457956914524053,-4.900952317748947,17.85714285714304,82.14285714285697,True,22.81,False,False,False,False,True,False
103,000520,凤凰航运,G 运输仓储,腾讯前复权日K回退（成交额、换手率已提供）,False,2026-08-03,3.79,3.758,3.9225000000000003,True,False,False,False,4.92,-22.967479674796746,False,45.288613997778086,-0.11185871563256056,-0.10624275203252825,-0.011231927200064606,False,True,False,False,,,26.972913066336318,26.88381318334884,27.151112832311277,True,False,,,False,170036.0,196416.8,0.8656896966043638,False,64213200.0,1.68,38.222142857142856,2.43243243243243,2.162162162162164,-3.3779477374123714,25.0,75.0,True,5.0,False,False,False,False,False,False
104,000521,长虹美菱,C 制造业,腾讯前复权日K回退（成交额、换手率已提供）,False,2026-08-03,5.03,4.934,5.107,True,False,False,True,6.36,-20.91194968553459,False,45.94676990980285,-0.14667621126054886,-0.15279881321247551,0.012245203903853308,True,False,True,False,,,12.506251983086822,9.737602358991685,18.043551231277096,False,False,2026-07-30,2.0,True,95430.0,89357.2,1.067960947746796,False,47732600.0,1.09,43.79137614678899,1.0040160642570184,2.0080321285140488,-1.507734482083414,9.999999999999822,90.00000000000018,True,6.36,False,True,False,False,True,False
105,000523,红棉股份,C 制造业,腾讯前复权日K回退（成交额、换手率已提供）,False,2026-08-03,2.95,2.8619999999999997,2.7495,True,True,True,True,3.03,-2.6402640264026283,False,62.85589079916267,0.016870692711357105,-0.018722747847120816,0.07118688111695584,True,False,False,False,2026-07-06,20.0,33.38586701702339,27.512686235675044,45.132228579720085,False,False,,,False,258406.0,296937.6,0.8702367096655999,False,75674900.0,1.95,38.807641025641026,2.076124567474058,3.8062283737024334,7.292234951809433,18.181818181818148,81.81818181818186,True,3.5,False,False,False,False,True,False
106,000524,岭南控股,L 商务服务,腾讯前复权日K回退（成交额、换手率已提供）,False,2026-08-03,9.35,9.028,8.795,True,True,True,True,10.84,-13.74538745387454,False,57.928273402426235,-0.04690431919987681,-0.17180829317589294,0.24980794795203226,True,False,False,False,2026-07-28,4.0,17.289702965342848,12.728689313384644,26.411730269259255,False,False,2026-07-28,4.0,True,82721.0,138533.2,0.5971204014633315,False,76988100.0,1.23,62.5919512195122,1.6304347826086918,2.717391304347826,6.310403638430924,24.0000000000002,75.9999999999998,True,10.84,False,True,True,False,True,False
107,000525,红太阳,C 制造业,腾讯前复权日K回退（成交额、换手率已提供）,False,2026-08-03,4.74,4.662000000000001,4.28,True,True,True,True,4.78,-0.836820083682009,False,68.32219376438185,0.10106139603148279,0.021775359982871736,0.1585720720972221,True,False,False,False,,,30.397039341859948,25.83456912789185,39.52197976979614,False,False,,,False,150026.0,227122.0,0.6605524784036774,False,70507800.0,1.35,52.228,1.7167381974249052,2.5751072961373414,10.747663551401867,8.333333333333147,91.66666666666686,True,5.69,False,False,False,False,False,False
108,000526,学大教育,P 教育,腾讯前复权日K回退（成交额、换手率已提供）,False,2026-08-03,35.71,34.728,30.421,True,True,True,True,36.33,-1.706578585191295,False,72.24052656123322,2.0232777355664133,1.3321062697382091,1.3823429316564084,True,False,False,False,,,85.78609965739821,77.99764198277292,101.3630150066488,False,False,,,False,88632.0,63013.6,1.4065535059098353,False,320525300.0,7.3,43.907575342465755,0.4500703234880499,5.738396624472572,17.386016238782425,79.41176470588226,20.58823529411774,False,36.33,True,True,False,False,True,True
109,000528,柳 工,C 制造业,腾讯前复权日K回退（成交额、换手率已提供）,False,2026-08-03,8.74,8.744,8.333499999999999,False,True,True,True,8.9,-1.7977528089887655,False,60.07839632305802,0.1553531870631275,0.08375106107647846,0.14320425197329809,True,False,False,False,,,48.13808388273804,45.03374032907766,54.346770990058786,False,False,,,False,233014.0,348136.8,0.669317348812306,False,203312700.0,1.15,176.79365217391305,-0.4555808656036331,1.480637813211854,4.877902441951176,30.769230769231292,53.84615384615374,False,10.22,False,False,False,False,False,False
110,000529,广弘控股,C 制造业,腾讯前复权日K回退（成交额、换手率已提供）,False,2026-08-03,4.81,4.688000000000001,4.6165,True,True,True,True,4.88,-1.4344262295082026,False,59.32635010218194,0.006931131157503323,-0.02450795993369919,0.06287818218240503,True,False,False,False,,,29.499105494704878,24.64254702477741,39.21222243455981,False,False,,,False,57156.0,37172.0,1.5376089529753578,False,27380600.0,1.0,27.3806,2.3404255319148914,2.765957446808508,4.191487057294473,15.384615384615753,84.61538461538424,True,5.57,False,False,False,False,True,False
111,000530,冰山冷热,C 制造业,腾讯前复权日K回退（成交额、换手率已提供）,False,2026-08-03,5.02,4.856,4.822,True,True,True,True,5.32,-5.639097744360915,False,51.65868059335795,-0.1272747976621451,-0.18528832381876223,0.11602705231323424,True,False,False,False,2026-07-27,5.0,17.110135006189267,13.41839988320226,24.49360525216328,False,False,2026-07-23,7.0,True,153244.0,103330.6,1.483045680563163,False,75943700.0,2.55,29.781843137254906,3.5051546391752675,3.298969072164933,4.106180008295303,0.0,100.0,True,6.8,False,True,False,False,False,False
112,000531,穗恒运Ａ,D 水电煤气,腾讯前复权日K回退（成交额、换手率已提供）,False,2026-08-03,6.0,5.8420000000000005,5.798,True,True,True,True,6.1,-1.6393442622950762,False,50.335246521269966,-0.1150451284043923,-0.1686133931208685,0.10713652943295243,True,False,False,False,2026-07-15,13.0,13.034250515685594,11.675091482932645,15.752568581191493,False,False,2026-07-31,1.0,True,123175.0,94532.8,1.302986899785048,False,73254400.0,1.35,54.26251851851851,2.3890784982935065,2.5597269624573435,3.4839599862021378,0.0,100.0,True,8.22,False,False,False,False,True,False
113,000532,华金资本,S 综合,腾讯前复权日K回退（成交额、换手率已提供）,False,2026-08-03,10.76,10.565999999999999,10.322,True,True,True,True,11.1,-3.063063063063062,False,52.68948367422083,-0.16492910419089846,-0.2948183116961465,0.25977841501049603,True,False,False,False,2026-07-16,12.0,20.128186857072297,15.2379990015201,29.908562568176695,False,False,2026-07-27,5.0,True,50308.0,48198.6,1.0437647566526829,False,53641100.0,1.46,36.7404794520548,1.032863849765242,1.8779342723004626,4.243363689207524,4.999999999999911,95.00000000000009,True,13.89,False,True,False,False,True,False
114,000533,顺钠股份,C 制造业,腾讯前复权日K回退（成交额、换手率已提供）,False,2026-08-03,11.45,11.294,9.2735,True,True,True,True,12.72,-9.984276729559758,False,61.46317420164797,0.3140508418960213,-0.0957642209517358,0.8196301256955142,True,False,False,False,2026-07-22,8.0,32.47701407925573,26.592056892922812,44.246928451921576,False,False,2026-07-21,9.0,True,1155996.0,1511659.0,0.7647200856806992,False,1260901200.0,16.88,74.69793838862559,9.990393852065305,11.143131604226706,23.470102981614264,0.0,100.0,True,15.35,False,False,False,False,False,True
115,000534,万泽股份,C 制造业,腾讯前复权日K回退（成交额、换手率已提供）,False,2026-08-03,24.89,25.148,26.383,False,False,False,False,34.35,-27.540029112081516,False,42.17579079060662,-1.3791580631490845,-1.4892410563385643,0.22016598637895957,True,False,False,False,2026-07-27,5.0,9.724336256874361,10.246271157032304,8.680466456558477,False,False,,,False,107682.0,157083.8,0.6855067167970218,False,268598000.0,2.14,125.51308411214953,0.7692307692307665,4.7773279352226705,-5.658947049236245,41.525423728813436,58.474576271186564,False,41.61,False,False,False,False,True,False
116,000536,华映科技,C 制造业,腾讯前复权日K回退（成交额、换手率已提供）,False,2026-08-03,3.23,3.142,3.173,True,True,False,True,4.0,-19.25,False,48.370975420696126,-0.11306979912969162,-0.1463528483219997,0.06656609838461619,True,False,False,False,2026-07-28,4.0,17.376152627220947,14.44370846018496,23.24104096129292,False,False,2026-07-27,5.0,True,426615.0,529791.6,0.8052505928746323,False,136876600.0,1.54,88.88090909090909,1.8927444794952786,2.208201892744489,1.7964071856287407,14.285714285714556,85.71428571428544,True,4.71,False,False,False,False,True,False
117,000537,绿发电力,D 水电煤气,腾讯前复权日K回退（成交额、换手率已提供）,False,2026-08-03,7.88,7.6819999999999995,7.4625,True,True,True,True,8.01,-1.622971285892633,False,52.62220102513173,-0.0898570323308121,-0.1936807853456563,0.2076475060296884,True,False,False,False,2026-07-06,20.0,16.361718081189853,14.889976229093397,19.305201785382767,False,False,,,False,202729.0,227395.4,0.8915263897158869,False,159002700.0,0.99,160.6087878787879,1.546391752577314,1.8041237113402022,5.594639865996644,7.1428571428570065,92.85714285714299,True,11.6,False,False,False,False,True,False
118,000538,云南白药,C 制造业,腾讯前复权日K回退（成交额、换手率已提供）,False,2026-08-03,52.29,52.24400000000001,50.93300000000001,True,True,True,True,52.86,-1.078320090805903,False,60.641669362236534,0.7926961196790216,0.6406236368904672,0.3041449655771089,True,False,False,False,,,63.623240230198284,59.8700770320659,71.12956662646305,False,False,,,False,138894.0,103277.2,1.344866049815448,False,731950300.0,0.78,938.3978205128204,-1.0783200908059065,2.251229663261441,2.664284452123362,47.89915966386566,9.243697478991567,False,52.89,True,False,False,False,False,False
119,000539,粤电力Ａ,D 水电煤气,腾讯前复权日K回退（成交额、换手率已提供）,False,2026-08-03,5.8,5.602,5.7635,True,True,False,True,6.77,-14.327917282127029,False,45.908964594085106,-0.28302816359680705,-0.3223607900380769,0.07866525288253967,True,False,False,False,2026-07-22,8.0,10.819314491845766,11.812320888564486,8.833301698408327,False,False,,,False,897056.0,907113.2,0.9889129603670193,False,516017900.0,3.51,147.01364672364673,3.942652329749108,4.659498207885301,0.6332957404355027,19.23076923076918,80.76923076923083,True,9.8,False,False,False,False,False,False
120,000541,佛山照明,C 制造业,腾讯前复权日K回退（成交额、换手率已提供）,False,2026-08-03,5.07,4.9799999999999995,4.9430000000000005,True,True,True,True,5.27,-3.7950664136622256,False,54.97773573690433,-0.0204668353051618,-0.040789081856448785,0.04064449310257397,True,False,False,False,2026-07-30,2.0,30.568770625696743,24.781442835504937,42.143426206080356,False,False,,,False,65854.0,67714.8,0.9725200399321862,False,33301600.0,0.54,61.66962962962962,0.9960159362550014,1.3944223107569778,2.569289904916038,14.285714285713924,85.71428571428608,True,5.8,False,True,False,True,True,False
121,000543,皖能电力,D 水电煤气,腾讯前复权日K回退（成交额、换手率已提供）,False,2026-08-03,8.15,7.95,7.702500000000001,True,True,True,True,8.25,-1.2121212121212077,False,59.60225648435426,0.0717352303041272,0.012768273841768749,0.11793391292471692,True,False,False,False,2026-07-13,15.0,35.323821796477326,32.21024165637946,41.550982076673066,False,False,,,False,280190.0,273617.8,1.0240196361494025,False,227054100.0,1.24,183.1081451612903,2.130325814536338,2.0050125313283225,5.809802012333655,6.2499999999998614,93.75000000000013,True,9.71,False,False,False,False,False,False
122,000544,中原环保,D 水电煤气,腾讯前复权日K回退（成交额、换手率已提供）,False,2026-08-03,7.51,7.389999999999999,7.2829999999999995,True,True,True,True,7.53,-0.26560424966800084,False,58.7885078789492,0.011056110030874144,-0.027230541647391825,0.07657330335653194,True,False,False,False,2026-07-08,18.0,29.504493406998233,24.518079713471963,39.47732079405077,False,False,,,False,61139.0,44290.0,1.3804244750508015,False,45639799.99999999,0.63,72.44412698412697,0.9408602150537515,1.7473118279569877,3.1168474529726806,7.692307692307534,92.30769230769246,True,8.27,False,False,False,False,False,False
123,000545,金浦钛业,C 制造业,腾讯前复权日K回退（成交额、换手率已提供）,False,2026-08-03,2.54,2.48,2.5055,True,True,False,True,2.75,-7.636363636363636,False,52.23446954997745,-0.026317453936206547,-0.035103249707576764,0.017571591542740433,True,False,False,False,2026-07-31,1.0,16.29775556188901,13.259667083792829,22.37393251808137,False,False,2026-07-28,4.0,True,308119.0,318414.6,0.9676660555137861,False,77265800.0,3.13,24.68555910543131,2.4193548387096753,2.822580645161284,1.3769706645380153,0.0,100.0,True,3.15,False,True,False,False,False,False
124,000546,金圆股份,C 制造业,腾讯前复权日K回退（成交额、换手率已提供）,False,2026-08-03,4.48,4.3260000000000005,4.3125,True,True,True,True,5.26,-14.82889733840303,False,48.80774599557152,-0.19356008946547743,-0.26982901305583806,0.15253784718072128,True,False,False,False,2026-07-27,5.0,11.987572850281786,9.59702044806982,16.76867765470572,False,False,2026-07-23,7.0,True,144731.0,158817.2,0.9113055764740846,False,64175900.0,2.08,30.853798076923074,2.752293577981657,4.1284403669724705,3.8840579710145025,11.11111111111089,88.88888888888911,True,8.27,False,False,False,False,False,False
125,000547,航天发展,C 制造业,腾讯前复权日K回退（成交额、换手率已提供）,False,2026-08-03,14.57,14.168000000000001,14.7875,True,False,False,True,19.74,-26.19047619047618,False,41.59720070074957,-1.2070390559878916,-1.4260471701525377,0.4380162283292921,True,False,False,False,2026-07-27,5.0,10.881399780170051,9.495637254304505,13.652924831901146,False,False,2026-07-21,9.0,True,623001.0,591619.0,1.0530442734259717,False,901368600.0,3.92,229.94096938775508,2.8228652081863093,4.234297812279461,-1.4708368554522357,21.666666666666515,78.33333333333348,True,29.97,False,False,False,False,False,False
126,000548,湖南投资,G 运输仓储,腾讯前复权日K回退（成交额、换手率已提供）,False,2026-08-03,4.43,4.2700000000000005,4.1765,True,True,True,True,4.41,0.45351473922901525,True,59.70400449967844,-0.024721565044860228,-0.07203636374712975,0.09462959740453905,True,False,False,False,,,19.852744515852823,14.534301372973225,30.489630801612023,False,False,2026-07-28,4.0,True,66650.0,69181.4,0.9634092400558533,False,29226400.0,1.34,21.810746268656715,2.78422273781902,3.480278422273791,6.069675565665027,6.666666666667101,93.3333333333329,True,5.39,False,False,False,False,True,False
127,000550,江铃汽车,C 制造业,腾讯前复权日K回退（成交额、换手率已提供）,False,2026-08-03,17.05,16.804000000000002,16.32,True,True,True,True,17.18,-0.7566938300349185,False,59.96790444787729,0.14210189380166938,0.023696996632519986,0.2368097943382988,True,False,False,False,2026-07-14,14.0,43.52759148335978,38.75424704996155,53.07428035015624,False,False,,,False,32559.0,39581.0,0.8225916475076426,False,55562700.00000001,0.63,88.19476190476192,0.23515579071133885,1.2345679012345518,4.473039215686278,47.619047619047215,52.380952380952785,False,18.95,False,False,False,False,True,False
128,000551,创元科技,C 制造业,腾讯前复权日K回退（成交额、换手率已提供）,False,2026-08-03,12.7,12.558,14.335999999999999,True,False,False,False,21.23,-40.178991992463494,False,38.051541038298254,-1.2253241901577283,-1.1008139751590784,-0.24902042999729979,False,True,False,False,,,10.416674020272291,11.316327591004978,8.61736687880692,False,False,,,False,166673.0,215600.4,0.7730644284518953,False,211637700.0,3.44,61.52258720930233,2.5848142164781818,3.9579967689822166,-11.411830357142854,34.6938775510205,65.3061224489795,False,21.92,False,False,False,False,False,False
129,000552,甘肃能化,B 采矿业,腾讯前复权日K回退（成交额、换手率已提供）,False,2026-08-03,2.61,2.5919999999999996,2.51,True,True,True,True,2.65,-1.5094339622641524,False,57.28774895541393,0.03028072809311766,0.013354341320171693,0.03385277354589193,True,False,False,False,2026-07-06,20.0,45.561138468048604,43.54501379803824,49.59338780806934,False,False,,,False,543789.0,639275.0,0.8506339212389035,False,142136700.0,1.46,97.35390410958904,0.7722007722007707,2.702702702702714,3.9840637450199243,42.85714285714304,57.14285714285696,False,2.97,False,True,False,False,True,False
130,000553,安道麦A,C 制造业,腾讯前复权日K回退（成交额、换手率已提供）,False,2026-08-03,5.41,5.3,5.3845,True,True,False,True,6.01,-9.983361064891842,False,48.059717769866616,-0.14021197153788467,-0.17926426111708763,0.0781045791584059,True,False,False,False,2026-07-30,2.0,11.965119442746023,9.35845674174724,17.178444844743588,False,False,2026-07-29,3.0,True,75666.0,75720.0,0.9992868462757528,False,40611500.0,0.35,116.03285714285715,1.5009380863039379,1.8761726078799181,0.47358157674807466,9.999999999999822,90.00000000000018,True,7.5,False,False,False,False,False,False
131,000554,泰山石油,F 批发零售,腾讯前复权日K回退（成交额、换手率已提供）,False,2026-08-03,6.49,6.37,6.3355,True,True,True,True,6.97,-6.88665710186513,False,52.66132336673051,0.03335077938493214,0.015951674559942362,0.03479820964997955,True,False,False,False,,,25.061080783176696,23.202115342011556,28.779011665506978,False,False,,,False,243497.0,287500.0,0.8469460869565217,False,156341400.0,6.78,23.059203539823006,1.7241379310344973,3.448275862068976,2.4386394128324604,0.0,100.0,True,8.11,False,True,False,False,False,False
132,000555,神州信息,I 信息技术,腾讯前复权日K回退（成交额、换手率已提供）,False,2026-08-03,11.06,10.994,10.239999999999998,True,True,True,True,11.55,-4.242424242424244,False,55.71493226456929,0.01524656922366141,-0.1979190751004561,0.426331288648235,True,False,False,False,2026-07-09,17.0,20.484292428891397,16.388519732713878,28.67583782124644,False,False,2026-07-21,9.0,True,315636.0,400849.2,0.7874183109259043,False,347720100.0,3.24,107.3210185185185,-0.7181328545781018,3.2315978456014314,8.007812500000021,36.111111111110894,61.111111111111384,False,15.08,False,True,False,False,True,False
133,000557,西部创业,G 运输仓储,腾讯前复权日K回退（成交额、换手率已提供）,False,2026-08-03,3.76,3.678,3.6090000000000004,True,True,True,True,3.78,-0.5291005291005296,False,56.27088205323043,-0.01652781309453033,-0.04846485278321868,0.0638740793773767,True,False,False,False,,,21.74471452929251,17.9683227703547,29.297498047168126,False,False,2026-07-29,3.0,True,95861.0,76368.4,1.2552443157117343,False,35903400.0,0.66,54.39909090909091,1.621621621621605,2.7027027027026933,4.183984483236335,20.00000000000009,79.99999999999991,True,4.7,False,True,False,False,False,False
134,000558,天府文旅,N 公共环保,腾讯前复权日K回退（成交额、换手率已提供）,False,2026-08-03,3.45,3.3600000000000003,3.2405,True,True,True,True,3.48,-0.8620689655172358,False,57.00703661535159,-0.015107317146269228,-0.062054088158529565,0.09389354202452067,True,False,False,False,2026-07-06,20.0,19.81390364608707,15.983533363348187,27.474644211564836,False,False,,,False,229351.0,310741.8,0.7380757915414019,False,78900700.0,1.78,44.326235955056184,1.1730205278592365,2.9325513196480966,6.465051689554088,29.999999999999776,70.00000000000021,True,4.21,False,True,False,False,False,False
135,000559,万向钱潮,C 制造业,腾讯前复权日K回退（成交额、换手率已提供）,False,2026-08-03,11.48,10.936000000000002,11.074000000000002,True,True,False,True,14.07,-18.407960199004975,False,47.914640112740976,-0.597476219047131,-0.7870222112517055,0.37909198440914893,True,False,False,False,2026-07-27,5.0,11.531278418699388,8.475587024321634,17.6426612074549,False,False,2026-07-21,9.0,True,485761.0,373288.0,1.3013035511454962,False,556104600.0,1.47,378.3024489795918,2.2261798753339335,3.1166518254674944,3.6662452591656023,22.8571428571429,77.1428571428571,True,18.78,False,True,False,False,True,False
136,000560,我爱我家,K 房地产,腾讯前复权日K回退（成交额、换手率已提供）,False,2026-08-03,2.26,2.232,2.1264999999999996,True,True,True,True,2.28,-0.8771929824561412,False,55.91808254750687,-0.004359579256937529,-0.037235755744793715,0.06575235297571237,True,False,False,False,,,18.840377398403685,16.42703277863735,23.66706663793635,False,False,,,False,819471.0,693783.0,1.1811632743955962,False,184170500.0,3.5,52.62014285714286,0.4444444444444251,2.2222222222222143,6.277921467199634,20.000000000000533,79.99999999999947,True,3.42,False,True,False,False,False,False
137,000561,烽火电子,C 制造业,腾讯前复权日K回退（成交额、换手率已提供）,False,2026-08-03,7.67,7.465999999999999,7.163499999999999,True,True,True,True,7.81,-1.792573623559535,False,57.797138657794584,-0.03450344569083175,-0.14500083222839685,0.2209947730751302,True,False,False,False,,,23.692710973721574,18.898891779957733,33.28034936124926,False,False,,,False,98936.0,111471.4,0.8875460432003187,False,75160600.0,1.27,59.1815748031496,1.8592297476759612,2.6560424966799374,7.0705660640748365,4.999999999999911,95.00000000000009,True,10.0,False,False,False,True,False,False
138,000563,陕国投Ａ,J 金融业,腾讯前复权日K回退（成交额、换手率已提供）,False,2026-08-03,3.14,3.082,2.992,True,True,True,True,3.12,0.6410256410256416,True,64.72443662535969,0.044427932957908034,0.02751004695785085,0.03383577200011437,True,False,False,False,,,51.390801623296774,44.02342370319901,66.12555746349231,False,False,,,False,338109.0,444442.4,0.7607487494442474,False,105922800.0,0.66,160.4890909090909,1.2903225806451646,1.9354838709677438,4.946524064171127,16.666666666666295,83.3333333333337,True,3.27,False,True,False,False,False,False
139,000564,供销大集,F 批发零售,腾讯前复权日K回退（成交额、换手率已提供）,False,2026-08-03,1.45,1.4060000000000001,1.3555,True,True,True,True,1.46,-0.6849315068493157,False,57.18074177833562,-0.007201008656177121,-0.02696348984348958,0.03952496237462492,True,False,False,False,,,16.732088707777983,12.738145826340899,24.71997447065215,False,False,2026-07-28,4.0,True,2056885.0,2364035.4,0.8700736884058504,False,295421500.0,1.36,217.22169117647056,2.1126760563380254,2.8169014084507067,6.97159719660642,0.0,100.0,True,1.89,False,False,False,False,True,False
140,000565,渝三峡Ａ,C 制造业,腾讯前复权日K回退（成交额、换手率已提供）,False,2026-08-03,5.98,5.632,5.589499999999999,True,True,True,True,6.22,-3.8585209003215324,False,56.752867535899455,-0.13612164478032884,-0.2163017139581971,0.16036013835573654,True,False,False,False,2026-07-27,5.0,17.529627075055416,13.399565782207233,25.78974966075178,False,False,2026-07-23,7.0,True,174915.0,87931.0,1.9892301918549773,True,101973500.0,4.03,25.303598014888333,6.976744186046524,7.692307692307687,6.986313623758855,4.651162790697579,95.34883720930242,True,8.77,False,False,False,False,True,False
141,000566,海南海药,C 制造业,腾讯前复权日K回退（成交额、换手率已提供）,False,2026-08-03,5.67,5.744000000000001,5.236,False,True,True,True,6.73,-15.750371471025264,False,55.79922474150008,0.24452246063891003,0.1947967814726961,0.09945135833242785,True,False,False,False,2026-07-28,4.0,66.28874935244706,61.58632368294917,75.69360069144284,False,False,,,False,1965158.0,2244805.4,0.8754246581908615,False,1109970100.0,15.15,73.26535313531353,-3.242320819112632,5.631399317406145,8.28877005347594,21.212121212121293,48.48484848484852,False,6.73,False,False,False,False,False,True
142,000567,海德股份,J 金融业,腾讯前复权日K回退（成交额、换手率已提供）,False,2026-08-03,6.25,6.032,5.810499999999999,True,True,True,True,6.59,-5.159332321699543,False,59.92617843924234,0.028918573514316925,-0.04416218394246165,0.14616151491355717,True,False,False,False,2026-07-29,3.0,50.54351361328974,41.79356638606627,68.04340806773668,False,False,,,False,180297.0,286112.0,0.63016231405883,False,112198000.0,0.93,120.64301075268816,1.296596434359798,2.106969205834682,7.563892952413746,7.692307692307534,92.30769230769246,True,7.05,False,False,False,False,True,False
143,000568,泸州老窖,C 制造业,腾讯前复权日K回退（成交额、换手率已提供）,False,2026-08-03,90.39,89.418,83.426,True,True,True,True,92.21,-1.9737555579655064,False,63.18368731185276,2.1311586253676467,1.0489151387288083,2.164486973277677,True,False,False,False,,,45.135719482425365,40.158922329500676,55.08931378827474,False,False,,,False,92618.0,155048.4,0.5973489568418636,False,838731100.0,0.63,1331.3192063492063,-0.5938634114153851,1.6826129990102288,8.347517560472753,61.43790849673183,37.908496732026,False,99.02,False,True,False,False,False,False
144,000570,苏常柴Ａ,C 制造业,腾讯前复权日K回退（成交额、换手率已提供）,False,2026-08-03,5.05,4.933999999999999,4.8485000000000005,True,True,True,True,5.07,-0.39447731755424975,False,55.1727254416126,-0.037848843075407146,-0.08596812731572466,0.09623856848063503,True,False,False,False,,,17.031292969720095,14.480098470523961,22.13368196811236,False,False,2026-07-28,4.0,True,113168.0,97954.8,1.1553083667160773,False,56770900.0,2.04,27.828872549019607,1.814516129032251,2.0161290322580574,4.155924512735884,9.999999999999822,90.00000000000018,True,6.84,False,True,False,False,False,False
145,000571,新大洲A,B 采矿业,腾讯前复权日K回退（成交额、换手率已提供）,False,2026-08-03,6.45,5.836,6.077,True,True,False,True,7.14,-9.663865546218481,False,55.95152315095125,-0.049899000825304185,-0.03755272379767166,-0.024692554055265048,False,True,False,False,,,48.32625435891985,43.024894550715636,58.928973975328276,True,False,,,False,437317.0,238669.2,1.8323143497359524,True,274226500.0,5.37,51.066387337057726,10.068259385665534,11.433447098976107,6.137896988645717,0.0,100.0,True,7.23,False,False,False,False,False,True
146,000572,海马汽车,C 制造业,腾讯前复权日K回退（成交额、换手率已提供）,False,2026-08-03,3.86,3.748,3.5405,True,True,True,True,4.2,-8.095238095238102,False,56.10404214390913,-0.055175327262049656,-0.1365287193532469,0.16270678418239448,True,False,False,False,2026-07-14,14.0,15.969794680207471,12.748166282328219,22.413051475965975,False,False,2026-07-22,8.0,True,492617.0,658365.8,0.7482420866940536,False,189239800.0,3.0,63.07993333333333,1.846965699208436,2.6385224274406354,9.024149131478595,20.0,80.0,True,5.69,False,False,False,False,True,False
147,000573,粤宏远Ａ,C 制造业,腾讯前复权日K回退（成交额、换手率已提供）,False,2026-08-03,3.68,3.558,3.5330000000000004,True,True,True,True,3.88,-5.154639175257725,False,52.52355782988374,-0.06808820175255281,-0.10393973788773372,0.07170307227036182,True,False,False,False,2026-07-10,16.0,17.315728717067877,15.029285610180459,21.888614930842714,False,False,2026-07-28,4.0,True,176164.0,165660.0,1.063406978148014,False,63530600.00000001,2.78,22.852733812949644,4.545454545454541,4.829545454545465,4.1607698839513105,0.0,100.0,True,4.87,False,False,False,False,True,False
148,000576,甘化科工,C 制造业,腾讯前复权日K回退（成交额、换手率已提供）,False,2026-08-03,6.93,6.710000000000001,6.638,True,True,True,True,7.99,-13.266583229036302,False,53.21684185964334,-0.12085181128173339,-0.19771544079717002,0.15372725903087325,True,False,False,False,2026-07-27,5.0,19.587983340239127,15.60243737887816,27.559075262961063,False,False,2026-07-23,7.0,True,80680.0,124026.2,0.6505077153053145,False,55280500.0,1.86,29.720698924731185,2.6666666666666616,3.1111111111111107,4.398915335944559,4.761904761905084,95.23809523809491,True,9.18,False,False,False,False,False,False
149,000581,威孚高科,C 制造业,腾讯前复权日K回退（成交额、换手率已提供）,False,2026-08-03,17.91,17.69,17.1365,True,True,True,True,18.03,-0.6655574043261286,False,62.37355826572588,0.13321239104545413,-0.017139355873404566,0.3007034938377174,True,False,False,False,,,38.070271463721845,30.136696481043845,53.93742142907785,False,False,2026-07-20,10.0,True,66258.0,84423.4,0.7848297983734368,False,118963600.0,0.83,143.32963855421687,0.0,1.1166945840312634,4.513757184956079,54.999999999999915,15.000000000000622,False,19.72,False,False,False,False,False,False
150,000582,北部湾港,G 运输仓储,腾讯前复权日K回退（成交额、换手率已提供）,False,2026-08-03,12.78,12.462,11.589500000000001,True,True,True,True,12.62,1.267828843106182,True,64.11659000228984,0.2942515556664649,0.1217024592391686,0.34509819285459253,True,False,False,False,2026-07-06,20.0,44.779357369287645,40.14358842460553,54.05089525865186,False,False,,,False,572070.0,416671.0,1.3729537212812988,False,728978900.0,2.65,275.08637735849055,2.98146655922642,5.318291700241741,10.272229172958266,30.30303030303046,69.69696969696955,False,15.46,False,False,False,False,False,False
151,000586,汇源通信,C 制造业,腾讯前复权日K回退（成交额、换手率已提供）,False,2026-08-03,11.07,10.629999999999999,11.1065,True,False,False,True,13.66,-18.960468521229867,False,41.899373112976704,-0.895769672682734,-1.0733589147692681,0.3551784841730683,True,False,False,False,2026-07-27,5.0,8.750211975313459,7.515192868569343,11.220250188801689,False,False,2026-07-21,9.0,True,62061.0,58164.6,1.0669891996162615,False,67364400.0,3.25,20.727507692307693,3.9436619718309807,4.600938967136152,-0.328636384099403,0.0,100.0,True,20.7,False,False,False,False,False,False
152,000589,贵州轮胎,C 制造业,腾讯前复权日K回退（成交额、换手率已提供）,False,2026-08-03,4.41,4.366,4.311999999999999,True,True,True,True,4.47,-1.3422818791946223,False,56.30014628360868,0.006709229063387667,-0.012815918271685336,0.03905029467014601,True,False,False,False,,,34.38099919913877,31.46425368598572,40.21449022544487,False,False,,,False,427588.0,208732.6,2.0484964974326,True,187745099.99999997,2.77,67.7780144404332,0.9153318077803174,1.8306636155606424,2.2727272727272907,24.999999999999446,75.00000000000055,True,4.97,False,True,False,False,False,False
153,000590,古汉医药,C 制造业,腾讯前复权日K回退（成交额、换手率已提供）,False,2026-08-03,8.55,8.192,8.1015,True,True,True,True,8.8,-2.840909090909091,False,54.36967661800552,-0.17734160845413527,-0.2791623598229946,0.20364150273771864,True,False,False,False,2026-07-14,14.0,16.02159633157871,12.518738896827102,23.02731120108193,False,False,2026-07-27,5.0,True,40799.0,31612.8,1.290584826399433,False,34474400.0,1.7,20.279058823529414,3.888213851761857,4.009720534629405,5.536011849657483,6.06060606060593,93.93939393939407,True,11.1,False,False,False,False,False,False
154,000591,太阳能,D 水电煤气,腾讯前复权日K回退（成交额、换手率已提供）,False,2026-08-03,4.61,4.522,4.4015,True,True,True,True,4.59,0.4357298474945635,True,52.69623947126047,-0.052113089580561045,-0.104626198979765,0.1050262187984079,True,False,False,False,2026-07-15,13.0,17.076435932965058,15.328017873636412,20.573272051622354,False,False,,,False,483031.0,449364.4,1.074920487693284,False,220989400.0,1.24,178.21725806451613,1.7660044150110465,2.2075055187638086,4.737021469953422,0.0,100.0,True,6.49,False,False,False,False,True,False
155,000592,平潭发展,C 制造业,腾讯前复权日K回退（成交额、换手率已提供）,False,2026-08-03,6.2,5.82,5.7395,True,True,True,True,7.13,-13.043478260869563,False,50.30653167561736,-0.33771603488379665,-0.48372829275994034,0.2920245157522874,True,False,False,False,2026-07-22,8.0,11.638609126191035,9.580046287242073,15.75573480408896,False,False,2026-07-21,9.0,True,1922080.0,1381110.6,1.3916915850186073,False,1171982100.0,10.04,116.73128486055778,6.346483704974282,7.547169811320761,8.023346981444387,18.181818181818183,81.81818181818183,True,12.46,False,False,False,False,False,False
156,000593,德龙汇能,D 水电煤气,腾讯前复权日K回退（成交额、换手率已提供）,False,2026-08-03,18.61,16.950000000000003,19.848,True,False,False,True,26.78,-30.507841672890223,False,45.780799173312204,-1.4156908171820106,-1.1765902510639545,-0.47820113223611216,False,True,False,False,,,26.381987703408686,29.11798446231693,20.909994185592204,False,False,,,False,41596.0,167125.6,0.2488906546932367,False,77410200.0,1.16,66.73293103448276,9.988179669030718,0.0,-6.2374042724707754,0.0,100.0,True,26.78,False,False,False,False,False,False
157,000595,新能股份,C 制造业,腾讯前复权日K回退（成交额、换手率已提供）,False,2026-08-03,5.96,5.4159999999999995,5.3069999999999995,True,True,True,True,6.65,-10.375939849624064,False,54.92706313584853,-0.12566174227110682,-0.23688965857389999,0.22245583260558632,True,False,False,False,2026-07-23,7.0,31.611403348033235,27.64381635606091,39.546577331977886,False,False,,,False,566339.0,624981.4,0.9061693676003798,False,326726600.0,4.97,65.73975855130784,9.963099630996307,9.963099630996311,12.304503485961947,0.0,100.0,True,8.2,False,False,False,False,False,True
158,000596,古井贡酒,C 制造业,腾讯前复权日K回退（成交额、换手率已提供）,False,2026-08-03,93.49,92.478,86.1265,True,True,True,True,98.94,-5.5083889225793445,False,60.97162449933237,3.1982898923413785,2.3874298045237614,1.6217201756352342,True,False,False,False,,,56.80111050707853,52.58340005243914,65.23653141635732,False,False,,,False,53494.0,88713.0,0.6030006876106095,False,504329400.0,1.31,384.9842748091603,-1.5376513954713067,2.9173249078462304,8.549633388097742,71.48014440433185,17.689530685920417,False,105.26,False,False,False,False,True,False
159,000597,东北制药,C 制造业,腾讯前复权日K回退（成交额、换手率已提供）,False,2026-08-03,4.62,4.587999999999999,4.621499999999999,True,False,False,True,4.94,-6.477732793522273,False,51.641996313253124,0.016027348584403356,0.026146623192996085,-0.02023854921718546,False,True,False,False,,,31.94984586176443,32.270577877790295,31.3083818297127,False,False,,,False,87068.0,97834.6,0.8899509989308485,False,40062500.0,0.62,64.61693548387096,0.8733624454148492,1.3100436681222816,-0.03245699448229296,0.0,100.0,True,5.1,False,False,False,False,False,False
160,000598,兴蓉环境,D 水电煤气,腾讯前复权日K回退（成交额、换手率已提供）,False,2026-08-03,7.37,7.336,7.016,True,True,True,True,7.44,-0.9408602150537673,False,67.34740344120539,0.22283029608993665,0.19791215867744377,0.04983627482498576,True,False,False,False,2026-07-08,18.0,94.05794430989744,92.41795592493212,97.33792107982808,False,False,,,False,279227.0,275767.8,1.0125438865596346,False,206252800.0,0.94,219.41787234042553,0.13586956521738358,1.4945652173912967,5.0456100342075265,54.545454545454476,45.454545454545524,False,7.44,True,False,False,False,True,False
161,000599,青岛双星,C 制造业,腾讯前复权日K回退（成交额、换手率已提供）,False,2026-08-03,4.93,4.675999999999999,4.4515,True,True,True,True,4.72,4.449152542372881,True,64.99227130025818,0.026046801090348737,-0.04840899482618582,0.14891159183306912,True,False,False,False,,,26.48702768468819,19.901313354262143,39.65845634554029,False,False,2026-07-27,5.0,True,218121.0,125903.4,1.732447257182888,False,105048900.0,2.67,39.344157303370785,4.449152542372881,5.296610169491526,10.749185667752432,4.00000000000027,95.99999999999973,True,6.06,False,False,False,True,True,False
162,000600,建投能源,D 水电煤气,腾讯前复权日K回退（成交额、换手率已提供）,False,2026-08-03,8.68,8.616,8.451,True,True,True,False,9.39,-7.561235356762522,False,47.68907165581505,-0.15141968477389867,-0.22293046518476697,0.14302156082173662,True,False,False,False,2026-07-20,10.0,18.46824351243453,18.879616786619042,17.645496964065508,False,False,,,False,302074.0,315723.6,0.9567672483146652,False,261851100.0,2.77,94.53108303249098,1.6393442622950838,2.927400468384075,2.709738492486087,28.000000000000114,71.99999999999989,True,12.99,False,True,True,False,True,False
163,000601,韶能股份,D 水电煤气,腾讯前复权日K回退（成交额、换手率已提供）,False,2026-08-03,6.54,6.39,6.4625,True,True,False,True,7.26,-9.917355371900824,False,49.51722344588394,-0.08683777722012387,-0.1003970500075207,0.02711854557479365,True,False,False,False,,,16.809991815315538,17.226059622408894,15.977856201128823,False,False,,,False,474027.0,529541.2,0.8951654753209005,False,308083200.0,4.52,68.16000000000001,2.028081123244929,3.1201248049921886,1.1992263056092793,9.999999999999822,90.00000000000018,True,9.89,False,False,False,False,False,False
164,000603,盛达资源,B 采矿业,腾讯前复权日K回退（成交额、换手率已提供）,False,2026-08-03,25.72,24.851999999999997,22.625,True,True,True,True,26.15,-1.64435946462715,False,56.336214189262414,-0.0446768029308906,-0.7679199040673167,1.4464862022728522,True,False,False,False,2026-07-21,9.0,27.536117950527373,24.096110702404957,34.41613244677221,False,False,2026-07-21,9.0,True,511438.0,575299.8,0.8889938776269346,False,1307401700.0,7.67,170.45654498044328,1.2598425196850505,4.251968503937001,13.67955801104972,33.33333333333333,66.66666666666666,False,41.19,False,False,False,False,True,False
165,000605,渤海股份,D 水电煤气,腾讯前复权日K回退（成交额、换手率已提供）,False,2026-08-03,5.84,5.5600000000000005,5.4695,True,True,True,True,5.92,-1.3513513513513526,False,57.63755960888224,-0.05659008025454071,-0.1207630871599155,0.1283460138107496,True,False,False,False,2026-07-27,5.0,21.325585042410566,15.413701157882912,33.149352811465874,False,False,2026-07-29,3.0,True,67581.0,44076.6,1.5332625474741701,False,38829000.0,1.92,20.2234375,4.847396768402157,5.745062836624781,6.77392814699698,9.37500000000007,90.62499999999993,True,7.28,False,False,False,False,False,False
166,000607,华媒控股,L 商务服务,腾讯前复权日K回退（成交额、换手率已提供）,False,2026-08-03,3.6,3.468,3.2920000000000003,True,True,True,True,3.53,1.9830028328611982,True,65.19215422265081,0.03839033256776858,-0.010038131353352495,0.09685692784224215,True,False,False,False,,,37.74326629263165,31.17143575206801,50.88692737375893,False,False,,,False,140425.0,123425.0,1.1377354668827222,False,50075500.0,1.59,31.494025157232706,2.564102564102577,2.8490028490028516,9.356014580801938,0.0,100.0,True,4.22,False,True,True,True,False,False
167,000608,阳光股份,K 房地产,腾讯前复权日K回退（成交额、换手率已提供）,False,2026-08-03,6.71,6.138,6.2105,True,True,False,True,7.13,-5.890603085553996,False,56.99173877674576,0.04028872077751444,0.054609318994067325,-0.028641196433105767,False,True,False,False,,,60.172195839693096,58.46160448382963,63.59337855142002,True,False,,,False,338651.0,294018.4,1.1518020640885058,False,220695900.0,4.54,48.611431718061674,10.000000000000009,8.032786885245907,8.042830689960557,0.0,100.0,True,8.14,False,False,False,False,False,True
168,000609,*ST中迪,S 综合,腾讯前复权日K回退（成交额、换手率已提供）,False,2026-08-03,9.06,9.092,10.2575,False,False,False,False,13.15,-31.102661596958175,False,32.171627231370664,-0.8574646140992037,-0.8049892105290414,-0.10495080714032468,False,True,False,False,,,12.115634572070647,13.313336731556339,9.720230253099263,False,False,,,False,49743.0,64571.6,0.770354149502258,False,45002700.00000001,1.71,26.317368421052638,-0.8752735229759279,3.391684901531734,-11.674384596636605,9.677419354838488,38.709677419355096,False,16.86,False,True,False,False,True,False
169,000610,*ST西旅,L 商务服务,腾讯前复权日K回退（成交额、换手率已提供）,False,2026-08-03,5.71,5.538,5.4275,True,True,True,True,6.19,-7.754442649434578,False,51.500823590956394,-0.16756471950635632,-0.2693509551635741,0.20357247131443557,True,False,False,False,2026-07-23,7.0,12.88211300700165,10.052807488219118,18.540724044566712,False,False,2026-07-27,5.0,True,22888.0,26668.2,0.8582506505875912,False,12995800.0,0.97,13.397731958762886,1.2411347517730542,2.1276595744680873,5.204974666052506,16.666666666667037,83.33333333333296,True,7.99,False,False,False,False,True,False
170,000612,焦作万方,C 制造业,腾讯前复权日K回退（成交额、换手率已提供）,False,2026-08-03,11.06,10.93,10.5985,True,True,True,True,11.27,-1.8633540372670725,False,53.646828413730525,0.0008536561504346452,-0.0947484547911506,0.1912042218831705,True,False,False,False,2026-07-14,14.0,35.64915014734113,31.866969667886494,43.21351110625041,False,False,,,False,247324.0,326887.8,0.7566021124067647,False,274174700.0,2.07,132.45154589371984,-0.2705139765554532,2.4346257889990945,4.3543897721375755,55.55555555555578,33.33333333333333,False,13.24,False,False,False,False,False,False
171,000615,*ST美谷,Q 卫生,腾讯前复权日K回退（成交额、换手率已提供）,False,2026-08-03,3.17,3.054,3.0615,True,True,False,True,3.4,-6.764705882352941,False,53.925265326009225,-0.054656168406592265,-0.07796158105055061,0.046610825287916685,True,False,False,False,2026-07-29,3.0,27.638905100433718,23.13147538507681,36.65376453114753,False,False,2026-07-22,8.0,True,91853.0,50294.2,1.8263139686087064,True,28810600.0,0.99,29.101616161616164,3.2573289902280145,4.8859934853420315,3.5440143720398436,6.6666666666668055,93.33333333333319,True,3.92,False,False,False,False,True,False
172,000617,中油资本,J 金融业,腾讯前复权日K回退（成交额、换手率已提供）,False,2026-08-03,7.21,7.101999999999999,6.87,True,True,True,True,7.28,-0.9615384615384654,False,56.38257105163871,0.005729874004506641,-0.07090490299561558,0.15326955400024445,True,False,False,False,,,11.989076860580807,10.351425460832495,15.26437966007743,False,False,,,False,598659.0,849306.0,0.7048802198500894,False,430295400.0,0.47,915.5221276595746,0.1388888888888884,1.5277777777777823,4.9490538573507985,18.18181818181855,81.81818181818144,True,9.37,False,False,False,False,False,False
173,000619,海螺新材,C 制造业,腾讯前复权日K回退（成交额、换手率已提供）,False,2026-08-03,4.64,4.4479999999999995,4.3605,True,True,True,True,4.66,-0.42918454935623307,False,55.980951733190736,-0.08434934379949155,-0.15209603292882096,0.13549337825865881,True,False,False,False,,,18.295642958897886,13.64243847909828,27.6020519184971,False,False,2026-07-27,5.0,True,70050.0,67944.4,1.0309900448013376,False,32131400.0,1.95,16.477641025641027,3.5714285714285587,4.241071428571437,6.409815388143553,10.526315789473905,89.47368421052609,True,6.27,False,False,False,False,False,False
174,000620,盈新发展,K 房地产,腾讯前复权日K回退（成交额、换手率已提供）,False,2026-08-03,2.65,2.634,2.936,True,False,False,False,3.85,-31.168831168831172,False,39.8905550967484,-0.15284052648600177,-0.11730100293351546,-0.07107904710497262,False,True,False,False,,,8.444265998174815,10.85252266550753,3.627752663509387,False,False,,,False,1436986.0,1870123.4,0.7683910056416599,False,377624700.0,3.08,122.60542207792207,0.37878787878786735,2.651515151515162,-9.741144414168938,14.285714285714556,85.71428571428544,True,3.96,False,False,False,False,False,False
175,000623,吉林敖东,C 制造业,腾讯前复权日K回退（成交额、换手率已提供）,False,2026-08-03,18.33,18.208,18.103,True,True,True,True,18.79,-2.4481106971793554,False,54.06131621076231,0.13992948504778369,0.14937992322484805,-0.018900876354128737,False,True,False,False,,,77.05673238682374,74.58083613185462,82.00852489676197,False,False,,,False,106068.0,130367.8,0.8136058137055315,False,194088000.0,0.89,218.07640449438202,-0.21774632553077655,1.360914534567229,1.253935811743892,24.00000000000091,75.99999999999909,True,18.79,False,False,False,False,True,False
176,000625,长安汽车,C 制造业,腾讯前复权日K回退（成交额、换手率已提供）,False,2026-08-03,7.81,7.668000000000001,7.218500000000001,True,True,True,True,7.89,-1.0139416983523457,False,64.32633303468285,0.10411711123271505,-0.00937255364120728,0.22697932974784468,True,False,False,False,,,30.57754481644623,25.2585691680684,41.21549611320189,False,False,,,False,797474.0,1186691.4,0.6720146450880153,False,624188700.0,0.96,650.1965625,-0.7623888182973326,1.651842439644217,8.194223176560213,30.76923076923082,23.076923076922604,False,9.26,False,False,False,False,False,False
177,000626,远大控股,F 批发零售,腾讯前复权日K回退（成交额、换手率已提供）,False,2026-08-03,7.13,6.965999999999999,6.57,True,True,True,True,7.22,-1.2465373961218817,False,59.502995676641525,0.02378723952602879,-0.08974389891901077,0.22706227689007913,True,False,False,False,2026-07-07,19.0,27.568712180711618,23.383156637979127,35.9398232661766,False,False,2026-07-23,7.0,True,91244.0,104880.8,0.8699781084812472,False,64367600.0,1.81,35.56220994475138,2.737752161383278,2.737752161383278,8.523592085235915,0.0,100.0,True,9.64,False,False,False,False,False,False
178,000628,高新发展,E 建筑业,腾讯前复权日K回退（成交额、换手率已提供）,False,2026-08-03,38.38,36.6,38.5535,True,False,False,True,50.09,-23.37791974445997,False,43.166935127545024,-3.2061126100381827,-3.777604980970452,1.142984741864539,True,False,False,False,2026-07-28,4.0,12.024179684022618,10.260070951544426,15.552397148979,False,False,2026-07-31,1.0,True,109430.0,104927.2,1.0429135629274393,False,418042100.0,5.69,73.46961335676625,4.663212435233155,5.97218434687755,-0.45002399263360554,14.155251141552306,85.8447488584477,True,66.89,False,False,False,False,False,False
179,000629,钒钛股份,C 制造业,腾讯前复权日K回退（成交额、换手率已提供）,False,2026-08-03,3.12,3.076,3.0775,True,True,False,True,3.44,-9.302325581395344,False,48.82753270981107,-0.05005805668446861,-0.0651015433076179,0.03008697324629858,True,False,False,False,2026-07-27,5.0,13.687881673234207,12.15395478613461,16.7557354474334,False,False,2026-07-23,7.0,True,1125489.0,907039.0,1.24083859679683,False,349725500.0,1.21,289.0293388429752,1.2987012987013102,1.9480519480519498,1.3809910641754666,16.666666666666295,83.3333333333337,True,4.0,False,True,False,False,False,False
180,000630,铜陵有色,C 制造业,腾讯前复权日K回退（成交额、换手率已提供）,False,2026-08-03,6.23,6.152,6.0625,True,True,True,True,6.68,-6.736526946107774,False,50.38772029707291,-0.0742376730151948,-0.11953441027937942,0.09059347452836924,True,False,False,False,2026-07-23,7.0,25.247026241587587,24.4827253582288,26.775628008305155,False,False,,,False,2420772.0,1957046.0,1.2369520185013536,False,1511968100.0,2.17,696.7594930875576,0.32206119162641045,3.059581320450878,2.7628865979381514,31.578947368420927,36.842105263158146,False,8.02,False,False,False,False,True,False
181,000631,顺发恒能,K 房地产,腾讯前复权日K回退（成交额、换手率已提供）,False,2026-08-03,2.94,2.906,2.86,True,True,True,True,3.01,-2.325581395348832,False,50.8804378169873,-0.03074208606965323,-0.05359394234414537,0.04570371254898428,True,False,False,False,2026-07-16,12.0,10.547779608230146,9.476896171736405,12.68954648121763,False,False,,,False,143389.0,103076.2,1.3910970718749818,False,42196200.0,0.62,68.0583870967742,0.6849315068493178,1.7123287671232816,2.7972027972028,40.00000000000018,59.99999999999982,False,3.64,False,False,False,False,True,False
182,000632,ST三木,F 批发零售,腾讯前复权日K回退（成交额、换手率已提供）,False,2026-08-03,3.45,3.2840000000000003,3.1345,True,True,True,True,3.58,-3.631284916201114,False,57.300782004980505,-0.03184764799250139,-0.1090603418066071,0.15442538762821142,True,False,False,False,2026-07-28,4.0,28.451206900746826,22.723107346308357,39.90740600962376,False,False,2026-07-23,7.0,True,84992.0,112800.6,0.7534711694795949,False,29346200.0,1.83,16.036174863387977,1.7699115044247815,3.5398230088495604,10.065401180411552,33.33333333333333,66.66666666666666,False,4.44,False,False,False,False,False,False
183,000633,合金投资,C 制造业,腾讯前复权日K回退（成交额、换手率已提供）,False,2026-08-03,5.1,4.932,4.843999999999999,True,True,True,True,5.21,-2.1113243761996223,False,55.73742357418391,-0.060931847257986504,-0.11717519050624028,0.11248668649650756,True,False,False,False,,,19.458680935768808,16.086721175238196,26.202600456830027,False,False,2026-07-23,7.0,True,131563.0,76977.8,1.7091031440233417,False,66295000.0,3.42,19.38450292397661,4.081632653061207,3.8775510204081707,5.284888521882747,5.263157894737187,94.73684210526281,True,6.94,False,False,False,False,True,False
184,000635,英 力 特,C 制造业,腾讯前复权日K回退（成交额、换手率已提供）,False,2026-08-03,6.44,6.172,6.0085,True,True,True,True,6.36,1.2578616352201268,True,57.77654613480874,-0.07230437353705632,-0.15891526443430948,0.1732217817945063,True,False,False,False,2026-07-14,14.0,16.82924565513849,13.20613481766219,24.075467330091083,False,False,,,False,59676.0,42344.0,1.4093141885509164,False,37805700.0,1.63,23.19368098159509,4.376012965964349,5.024311183144254,7.181492885079482,0.0,100.0,True,8.5,False,True,False,True,False,False
185,000636,风华高科,C 制造业,腾讯前复权日K回退（成交额、换手率已提供）,False,2026-08-03,51.96,48.502,50.5025,True,True,False,True,66.28,-21.6053108026554,False,49.920329808083316,-3.192794085537251,-3.7125659172066756,1.0395436633388488,True,False,False,False,2026-07-31,1.0,46.85041587381115,43.91322244000782,52.724802741417804,False,False,,,False,1810211.0,1971555.0,0.9181640887522793,False,9207767300.0,15.65,588.3557380191693,5.2887537993920875,12.502532928064847,2.885995742785017,19.77309562398701,80.22690437601298,True,83.9,False,False,False,False,False,False
186,000637,茂化实华,C 制造业,腾讯前复权日K回退（成交额、换手率已提供）,False,2026-08-03,3.77,3.62,3.558,True,True,True,True,3.85,-2.0779220779220795,False,56.77408832150181,-0.04380466020114815,-0.08734249062734294,0.08707566085238957,True,False,False,False,,,21.67699953700801,17.08962134421745,30.851755922589135,False,False,2026-07-27,5.0,True,128513.0,99207.6,1.2953947076635257,False,47701000.0,3.52,13.551420454545456,3.5714285714285587,4.670329670329668,5.958403597526706,5.8823529411763475,94.11764705882365,True,4.87,False,False,False,False,False,False
187,000639,ST西王,C 制造业,腾讯前复权日K回退（成交额、换手率已提供）,False,2026-08-03,1.58,1.546,1.4555,True,True,True,True,1.68,-5.952380952380945,False,57.89501175165366,0.03638116798386548,0.016369970720999875,0.04002239452573121,True,False,False,False,,,22.859321347239984,21.028601811314235,26.52076041909148,False,False,2026-07-28,4.0,True,537380.0,712613.6,0.754097311642663,False,84035400.00000001,4.98,16.874578313253014,1.2820512820512775,5.7692307692307745,8.55376159395397,33.33333333333333,66.66666666666666,False,1.83,False,False,False,False,True,False
188,000650,仁和药业,C 制造业,腾讯前复权日K回退（成交额、换手率已提供）,False,2026-08-03,5.49,5.454,5.339,True,True,True,True,5.6,-1.9642857142857042,False,58.57957204816146,0.07873418711295521,0.06838216257087193,0.020704049084166565,True,False,False,False,,,66.58627376941492,64.04518313294373,71.6684550423573,False,False,,,False,176246.0,190155.6,0.9268514837322698,False,96386000.0,1.32,73.01969696969697,1.1049723756906271,1.6574585635359091,2.8282449896984416,11.11111111111089,88.88888888888911,True,5.63,False,False,False,False,False,False
189,000651,格力电器,C 制造业,腾讯前复权日K回退（成交额、换手率已提供）,False,2026-08-03,40.96,41.636,40.128,False,True,True,True,42.48,-3.5781544256120434,False,58.58616727430668,0.8714928143872811,0.7366893398694606,0.269606949035641,True,False,False,False,,,88.5800247073168,90.53942018215105,84.66123375764829,False,True,,,False,805995.0,580182.6,1.3892091903480044,False,3333678700.0,1.46,2283.3415753424656,-3.167848699763587,3.2387706855792073,2.0733652312599697,7.299270072992781,3.649635036496649,False,42.48,False,False,False,False,False,False
190,000652,泰达股份,F 批发零售,腾讯前复权日K回退（成交额、换手率已提供）,False,2026-08-03,3.58,3.53,3.4494999999999996,True,True,True,True,3.6,-0.555555555555556,False,57.13884536365948,0.006489441638321658,-0.01622775954761368,0.04543440237187068,True,False,False,False,,,23.856513987386723,21.832194046548807,27.90515386906256,False,False,,,False,99760.0,96639.2,1.0322933136863717,False,35547000.0,0.68,52.275,1.4164305949008638,1.4164305949008575,3.783156979272374,0.0,100.0,True,4.48,False,False,False,False,True,False
191,000655,金岭矿业,B 采矿业,腾讯前复权日K回退（成交额、换手率已提供）,False,2026-08-03,6.91,6.732000000000001,6.511,True,True,True,True,6.82,1.31964809384164,True,59.63691676607767,0.005695175560715526,-0.0681146794557706,0.14761971003297225,True,False,False,False,2026-07-14,14.0,21.46324242327576,16.730539649831673,30.92864797016393,False,False,,,False,46823.0,48711.8,0.9612250009238007,False,32122600.000000004,0.79,40.66151898734178,1.6176470588235237,2.205882352941182,6.1280909230532945,0.0,100.0,True,8.28,False,False,False,False,False,False
192,000656,金科股份,K 房地产,腾讯前复权日K回退（成交额、换手率已提供）,False,2026-08-03,1.23,1.22,1.247,True,False,False,False,1.53,-19.607843137254903,False,47.1729819457891,-0.021302233986479013,-0.023528281521490904,0.004452095070023782,True,False,False,False,2026-07-24,6.0,36.98535643009671,37.54962952454033,35.85681024120946,False,False,,,False,1078933.0,1420187.8,0.7597114973104261,False,131558400.0,1.42,92.64676056338028,1.6528925619834656,2.4793388429752086,-1.3632718524458802,0.0,100.0,True,1.53,False,False,False,False,False,False
193,000657,中钨高新,C 制造业,腾讯前复权日K回退（成交额、换手率已提供）,False,2026-08-03,47.99,50.483999999999995,62.13549999999999,False,False,False,False,90.58,-47.01920953852947,False,30.799085352172398,-8.128582364963464,-6.754341543812884,-2.7484816423011598,False,True,False,False,,,7.774002262569013,12.051934669644686,-0.7818625515823321,False,False,,,False,486367.0,618837.6,0.7859364072254175,False,2364344400.0,3.35,705.774447761194,-3.070086851141174,5.211068471015967,-22.76556879722541,25.1937984496123,12.790697674418789,False,113.76,False,False,False,False,False,False
194,000659,珠海中富,C 制造业,腾讯前复权日K回退（成交额、换手率已提供）,False,2026-08-03,2.69,2.6580000000000004,2.5975,True,True,True,True,3.07,-12.377850162866446,False,46.09473044674149,-0.15454254192165395,-0.21325620359831043,0.11742732335331296,True,False,False,False,2026-07-27,5.0,15.677915232694707,13.376024550293941,20.281696597496236,False,False,2026-07-21,9.0,True,263245.0,433919.0,0.6066685256925832,False,69997600.0,2.05,34.14517073170732,2.6717557251908275,3.4351145038167887,3.5611164581328127,0.0,100.0,True,4.54,False,False,False,False,False,False
195,000661,长春高新,C 制造业,腾讯前复权日K回退（成交额、换手率已提供）,False,2026-08-03,78.64,80.172,74.449,False,True,True,False,82.97,-5.218753766421596,False,58.863977523953714,2.8255373452104635,2.2256965469616246,1.199681596497678,True,False,False,False,,,63.83796386044725,61.05028545555837,69.41332067022503,False,False,,,False,85832.0,99902.0,0.8591619787391643,False,680785700.0000001,2.15,316.6445116279071,-2.913580246913583,3.7160493827160384,5.629357009496437,3.654485049833879,7.973421926910153,False,89.84,False,False,False,False,False,False
196,000663,永安林业,A 农林牧渔,腾讯前复权日K回退（成交额、换手率已提供）,False,2026-08-03,5.35,5.082,4.995,True,True,True,True,5.47,-2.193784277879344,False,56.62850028569546,-0.08838451545717518,-0.15966665179312037,0.14256427267189037,True,False,False,False,2026-07-27,5.0,23.32211914439954,18.02358692648058,33.919183580237465,False,False,2026-07-23,7.0,True,72414.0,58000.4,1.2485086309749587,False,38152900.0,2.36,16.166483050847457,4.696673189823852,4.696673189823879,7.107107107107098,8.333333333333519,91.66666666666649,True,7.03,False,False,False,False,False,False
197,000665,湖北广电,I 信息技术,腾讯前复权日K回退（成交额、换手率已提供）,False,2026-08-03,3.99,3.85,3.7515,True,True,True,True,4.0,-0.24999999999999467,False,58.56376020657053,-0.01778724685427724,-0.06301622127744647,0.09045794884633845,True,False,False,False,2026-07-06,20.0,20.181551316078846,15.516032120938602,29.512589706359332,False,False,2026-07-28,4.0,True,143364.0,163415.8,0.8772958306357158,False,56785700.0,1.26,45.068015873015874,2.3076923076923217,2.5641025641025665,6.357457017193127,9.999999999999778,90.00000000000023,True,5.04,False,True,True,False,False,False
198,000668,荣丰控股,K 房地产,腾讯前复权日K回退（成交额、换手率已提供）,False,2026-08-03,18.82,19.186,18.8465,False,False,True,False,22.81,-17.492327926348086,False,48.937438371216096,-0.4038366820273076,-0.6144043850248595,0.4211354059951038,True,False,False,False,2026-07-29,3.0,57.233971503985515,54.26938959111485,63.16313532972684,False,False,,,False,23258.0,69661.6,0.33387117149189793,False,43695000.0,1.58,27.65506329113924,-2.739018087855305,4.3927648578811445,-0.14060966227150207,35.29411764705885,37.647058823529385,False,23.64,False,True,False,False,True,False
199,000669,ST金鸿,D 水电煤气,腾讯前复权日K回退（成交额、换手率已提供）,False,2026-08-03,3.44,3.3880000000000003,3.5155000000000003,True,False,False,True,3.96,-13.131313131313133,False,42.77032572324732,-0.12974582776383903,-0.13836459240910845,0.017237529290538844,True,False,True,False,,,7.75750708408518,7.46465355446855,8.34321414331844,True,False,2026-08-03,0.0,True,48722.0,34251.8,1.422465388680303,False,16519700.0,0.72,22.944027777777777,2.9940119760479167,4.19161676646707,-2.14763191580146,14.285714285714285,85.71428571428571,True,4.86,False,False,False,False,False,False
200,000670,盈方微,F 批发零售,腾讯前复权日K回退（成交额、换手率已提供）,False,2026-08-03,6.71,6.802,6.4405,False,True,True,False,7.49,-10.413885180240323,False,47.90161338470947,-0.23046761532489235,-0.40082266179745263,0.34071009294512056,True,False,False,False,2026-07-27,5.0,31.4826432528794,28.012264359753203,38.42340103913179,False,False,2026-07-21,9.0,True,555256.0,811072.6,0.6845946959618658,False,370142600.0,6.69,55.32774289985052,-3.1746031746031744,3.7518037518037617,4.184457728437231,26.923076923076962,73.07692307692304,True,10.37,False,False,False,False,False,False
201,000672,上峰材料,C 制造业,腾讯前复权日K回退（成交额、换手率已提供）,False,2026-08-03,12.85,12.942000000000002,16.191499999999998,False,False,False,False,22.87,-43.81285526891124,False,33.43640555221809,-1.6297197111254498,-1.2296774456030848,-0.80008453104473,False,True,False,False,,,11.390068484755338,15.959266735038014,2.251671984189983,False,False,,,False,233714.0,386891.2,0.6040819744672404,False,301396600.0,2.41,125.06082987551866,-2.7987897125567374,3.32829046898638,-20.637371460334116,18.18181818181822,22.72727272727267,False,24.6,False,False,False,False,False,False
202,000676,智度股份,L 商务服务,腾讯前复权日K回退（成交额、换手率已提供）,False,2026-08-03,7.59,7.302,6.3469999999999995,True,True,True,True,7.82,-2.941176470588241,False,65.54131005678158,0.4628815568005331,0.33574317600594505,0.2542767615891761,True,False,False,False,,,77.05393029390456,67.67333239366683,95.81512609438002,False,False,,,False,2163218.0,1751390.8,1.2351429503911977,False,1649923100.0,17.18,96.03743306169966,1.3351134846461887,6.542056074766357,19.584055459272104,32.65306122448981,28.57142857142849,False,7.82,False,False,False,False,False,True
203,000677,ST海龙,C 制造业,腾讯前复权日K回退（成交额、换手率已提供）,False,2026-08-03,1.75,1.6620000000000001,1.6515,True,True,True,True,1.98,-11.616161616161616,False,52.31308601942728,-0.045780283786767795,-0.07376630737219557,0.05597204717085555,True,False,False,False,,,7.19237112820547,6.324822227985823,8.927468928644764,False,False,2026-07-29,3.0,True,410603.0,450861.2,0.9107082179615367,False,70338100.0,4.75,14.80802105263158,5.421686746987953,6.626506024096392,5.964274901604604,9.090909090909092,90.9090909090909,True,3.28,False,False,False,False,False,False
204,000678,襄阳轴承,C 制造业,腾讯前复权日K回退（成交额、换手率已提供）,False,2026-08-03,8.88,8.3,8.083,True,True,True,True,9.5,-6.526315789473676,False,55.676500671797506,-0.2800560697404517,-0.4744908477040948,0.3888695559272861,True,False,False,False,,,14.99585528810212,11.000310147234472,22.986945569837417,False,False,2026-07-23,7.0,True,186647.0,92255.2,2.0231596701324155,True,164012900.0,4.06,40.39726600985222,5.088757396449717,6.627218934911228,9.86020042063591,28.571428571428342,71.42857142857166,True,13.9,False,False,False,False,True,False
205,000679,大连友谊,F 批发零售,腾讯前复权日K回退（成交额、换手率已提供）,False,2026-08-03,5.71,5.57,5.635,True,True,False,True,6.74,-15.281899109792288,False,48.312114540988865,-0.19703328350934957,-0.24296996040893096,0.09187335379916278,True,False,False,False,2026-07-29,3.0,21.245757767988383,18.001473814133934,27.734325675697285,False,False,2026-07-27,5.0,True,48118.0,78053.4,0.6164753873630106,False,27318900.0,1.35,20.23622222222222,1.4209591474245054,2.6642984014209654,1.3309671694764895,13.333333333333611,86.66666666666639,True,8.09,False,False,False,False,False,False
206,000680,山推股份,C 制造业,腾讯前复权日K回退（成交额、换手率已提供）,False,2026-08-03,11.39,11.208,10.526500000000002,True,True,True,True,11.5,-0.9565217391304299,False,63.58831119335075,0.22886599084771397,0.0884224905663575,0.280887000562713,True,False,False,False,2026-07-20,10.0,53.84154226948661,47.04028241286104,67.44406198273775,False,False,,,False,193319.0,267848.2,0.721748363438694,False,220335700.0,1.47,149.88823129251702,0.5295675198587757,2.47131509267431,8.203106445637184,46.42857142857118,53.571428571428825,False,12.75,False,False,False,True,True,False
207,000681,视觉中国,I 信息技术,腾讯前复权日K回退（成交额、换手率已提供）,False,2026-08-03,18.09,17.284000000000002,17.154500000000002,True,True,True,True,19.45,-6.992287917737787,False,51.16371600186635,-0.717180213203914,-1.0241313985635574,0.6139023707192868,True,False,False,False,2026-07-28,4.0,20.160187102465382,14.30310841073396,31.874344485928223,False,False,2026-07-28,4.0,True,475928.0,380974.0,1.249240105624006,False,855231100.0,7.04,121.4816903409091,0.7238307349665796,5.734966592427623,5.453379579702104,31.067961165048537,68.93203883495146,False,25.46,False,False,False,False,True,False
208,000682,东方电子,I 信息技术,腾讯前复权日K回退（成交额、换手率已提供）,False,2026-08-03,12.34,11.958,11.852,True,True,True,True,12.8,-3.5937500000000067,False,53.57831373708359,-0.14512559491609878,-0.23883486852223584,0.18741854721227413,True,False,False,False,2026-07-23,7.0,17.980314060584465,14.05826199841061,25.82441818493218,False,False,2026-07-29,3.0,True,241554.0,189907.2,1.271958093216055,False,295980300.0,1.8,164.4335,3.005008347245397,2.8380634390651074,4.117448531893348,8.823529411764522,91.17647058823547,True,15.1,False,True,False,False,True,False
209,000683,博源化工,C 制造业,腾讯前复权日K回退（成交额、换手率已提供）,False,2026-08-03,6.11,6.196,5.836,False,True,True,False,6.46,-5.417956656346743,False,52.49695532598838,0.030545332903018974,-0.04463176507977799,0.1503541959655939,True,False,False,False,,,22.25823946671515,21.794742359679216,23.185233680787015,False,False,,,False,1091570.0,968939.2,1.126561914307936,False,653963400.0,3.27,199.98880733944955,2.1739130434782483,6.020066889632112,4.694996572995203,5.555555555555433,94.44444444444457,True,8.68,False,False,False,False,True,False
210,000685,中山公用,D 水电煤气,腾讯前复权日K回退（成交额、换手率已提供）,False,2026-08-03,11.14,11.044,10.9095,True,True,True,True,11.64,-4.29553264604811,False,54.44795324031791,0.05746454119016242,0.028762413918907923,0.057404254542509,True,False,False,False,2026-07-23,7.0,41.68757486014067,39.59822752354516,45.86626953333169,False,False,,,False,128187.0,168922.2,0.7588523000529237,False,142621000.0,1.03,138.46699029126214,0.5415162454873723,1.5342960288808658,2.112837435262854,23.52941176470539,76.47058823529461,True,12.84,False,False,False,False,False,False
211,000686,东北证券,J 金融业,腾讯前复权日K回退（成交额、换手率已提供）,False,2026-08-03,8.18,8.062,8.107,True,True,False,True,8.76,-6.621004566210047,False,51.810756638103975,-0.04121931422402447,-0.048751440695614094,0.015064252943179243,True,False,True,False,,,46.64375094477885,43.703811907970085,52.52362901839639,False,False,,,False,167218.0,199828.6,0.8368071437221699,False,136005300.0,0.71,191.55676056338027,0.8631319358816336,1.7262638717632623,0.9004563957074184,0.0,100.0,True,8.96,False,False,False,False,False,False
212,000688,国城矿业,B 采矿业,腾讯前复权日K回退（成交额、换手率已提供）,False,2026-08-03,28.42,28.113999999999997,28.962,True,False,False,True,38.22,-25.64102564102563,False,42.03495979508896,-2.0631016428463376,-2.4772312547742246,0.828259223855774,True,False,False,False,2026-07-27,5.0,14.531566399544618,13.604620741696548,16.385457715240758,False,False,2026-07-22,8.0,True,185637.0,209829.4,0.884704431314201,False,523676800.0,1.57,333.552101910828,1.863799283154144,5.34050179211469,-1.8714177197707274,22.147651006711317,77.85234899328867,True,49.5,False,True,False,False,False,False
213,000690,宝新能源,D 水电煤气,腾讯前复权日K回退（成交额、换手率已提供）,False,2026-08-03,5.01,4.970000000000001,4.7684999999999995,True,True,True,True,5.32,-5.827067669172941,False,54.73959104574014,0.01841278434624183,-0.027799536304099433,0.09242464130068252,True,False,False,False,2026-07-15,13.0,30.417302056005152,28.71581402065067,33.820278126714115,False,False,,,False,519832.0,939127.8,0.553526367763791,False,259264400.0,2.39,108.47882845188283,1.4170040485829816,2.4291497975708523,5.064485687323064,16.666666666667037,83.33333333333296,True,6.4,False,True,False,False,True,False
214,000691,亚太实业,C 制造业,腾讯前复权日K回退（成交额、换手率已提供）,False,2026-08-03,8.74,9.132,10.1705,False,False,False,False,12.19,-28.301886792452823,False,35.905743521979645,-0.48681535172246093,-0.3107163401474427,-0.35219802315003645,False,True,False,False,,,30.555782536052423,34.20928352876998,23.24878055061731,False,False,,,False,151899.0,108392.6,1.4013779538455577,False,131866100.0,4.7,28.056617021276594,-5.717367853290178,9.27723840345199,-14.065188535470236,2.3255813953487894,46.51162790697681,False,13.71,False,False,False,False,True,False
215,000692,惠天热电,D 水电煤气,腾讯前复权日K回退（成交额、换手率已提供）,False,2026-08-03,3.85,3.728,3.7515,True,True,False,True,4.17,-7.67386091127098,False,48.718994361546514,-0.12733075053044018,-0.16646846399811824,0.07827542693535611,True,False,False,False,2026-07-23,7.0,15.239546328834317,12.890466469661773,19.937706047179407,False,False,2026-07-21,9.0,True,127685.0,111297.4,1.1472415348426828,False,48590900.0,2.4,20.246208333333335,3.7735849056603765,3.773584905660369,2.6256164200986283,7.1428571428570065,92.85714285714299,True,5.51,False,False,False,False,False,False
216,000695,滨海能源,C 制造业,腾讯前复权日K回退（成交额、换手率已提供）,False,2026-08-03,12.7,12.76,12.501,False,True,True,False,13.5,-5.925925925925931,False,48.93501141218559,-0.07295600228670729,-0.16190881906319426,0.17790563355297395,True,False,False,False,2026-07-16,12.0,26.367365746326556,26.53588195030946,26.030333338360748,False,True,,,False,36490.0,53732.6,0.679103560966713,False,46080200.00000001,1.65,27.927393939393944,0.6339144215530945,2.29793977812996,1.5918726501879839,13.793103448276137,86.20689655172387,True,16.8,False,False,False,False,False,False
217,000697,炼石航空,C 制造业,腾讯前复权日K回退（成交额、换手率已提供）,False,2026-08-03,8.35,8.328,8.385,True,False,False,False,10.07,-17.080436941410134,False,39.77472279098032,-0.4856988883393356,-0.6001548841815145,0.22891199168435783,True,False,False,False,2026-07-27,5.0,17.449670041694294,16.13236818100189,20.084273763079104,False,False,2026-07-21,9.0,True,55850.0,82448.0,0.6773966621385601,False,46469799.99999999,0.86,54.03465116279069,1.4580801944106936,3.159173754556519,-0.41741204531902376,11.538461538461906,88.4615384615381,True,13.28,False,False,False,False,False,False
218,000698,ST沈化,C 制造业,腾讯前复权日K回退（成交额、换手率已提供）,False,2026-08-03,3.34,3.2560000000000002,3.178,True,True,True,True,3.45,-3.188405797101458,False,60.422063156201446,0.010422924462817118,-0.01589912322099557,0.052644095367625376,True,False,False,False,,,36.77939501142385,32.407003449137086,45.52417813599739,False,False,,,False,30813.0,31467.2,0.9792100981339299,False,10196500.0,0.39,26.144871794871793,2.1406727828746197,3.058103975535171,5.0975456261799845,10.000000000000222,89.99999999999979,True,3.91,False,True,False,False,False,False
219,000700,模塑科技,C 制造业,腾讯前复权日K回退（成交额、换手率已提供）,False,2026-08-03,10.69,10.197999999999999,12.3065,True,False,False,False,17.38,-38.49252013808976,False,38.7415998238787,-1.2654013064620955,-1.1106674552949443,-0.30946770233430243,False,True,False,False,,,8.14100314782194,7.405621464593175,9.611766514279466,True,False,2026-08-03,0.0,True,626437.0,495230.0,1.2649415423136725,False,668317100.0000001,6.82,97.99370967741937,5.009823182711193,6.9744597249508935,-13.13533498557673,30.9859154929578,69.01408450704221,False,18.66,False,False,False,False,False,False
220,000701,厦门信达,F 批发零售,腾讯前复权日K回退（成交额、换手率已提供）,False,2026-08-03,4.92,4.796,4.607,True,True,True,True,4.93,-0.20283975659228778,False,56.879689067973956,-0.022312868236431527,-0.09317111884631366,0.14171650121976426,True,False,False,False,2026-07-06,20.0,26.995371777097517,22.16305027836151,36.66001477456953,False,False,2026-07-27,5.0,True,87007.0,125416.8,0.6937427840608276,False,42468200.0,1.3,32.667846153846156,1.8633540372670732,2.8985507246376745,6.794009116561747,7.1428571428570065,92.85714285714299,True,6.35,False,False,False,False,False,False
221,000702,正虹科技,C 制造业,腾讯前复权日K回退（成交额、换手率已提供）,False,2026-08-03,5.31,4.999999999999999,4.966,True,True,True,True,5.42,-2.029520295202958,False,57.09786235889148,-0.09925317515303522,-0.16808951592683807,0.1376726815476057,True,False,False,False,2026-07-28,4.0,19.01692775455849,14.050402805057308,28.949977653560854,False,False,2026-07-29,3.0,True,104530.0,69797.6,1.4976159638726831,False,54528400.0,3.92,13.910306122448981,5.148514851485153,5.148514851485162,6.9271043093032505,3.8461538461540954,96.1538461538459,True,7.15,False,False,False,False,True,False
222,000703,恒逸石化,C 制造业,腾讯前复权日K回退（成交额、换手率已提供）,False,2026-08-03,16.2,15.847999999999999,14.8465,True,True,True,True,16.5,-1.8181818181818226,False,59.91774776147022,0.5167584994229149,0.39146078800479994,0.2505954228362298,True,False,False,False,2026-07-17,11.0,66.28940606329249,64.5615644852342,69.74508921940907,False,False,,,False,681374.0,745075.6,0.9145031725639653,False,1094399900.0,1.79,611.3965921787709,0.6836544437538894,7.893101305158481,9.116626814400691,29.133858267716622,70.86614173228337,True,17.08,False,False,False,False,False,False
223,000705,浙江震元,F 批发零售,腾讯前复权日K回退（成交额、换手率已提供）,False,2026-08-03,6.66,6.49,6.335,True,True,True,True,6.83,-2.4890190336749622,False,57.85772602373647,0.002208465516433833,-0.05742244355962783,0.11926181815212332,True,False,False,False,,,21.529809734847714,18.778283288961674,27.03286262661979,False,False,2026-07-28,4.0,True,51396.0,47203.0,1.0888290998453487,False,33977400.0,1.82,18.6689010989011,1.8348623853211121,2.4464831804281366,5.130228887134967,6.2499999999998614,93.75000000000013,True,8.25,False,True,False,False,True,False
224,000707,双环科技,C 制造业,腾讯前复权日K回退（成交额、换手率已提供）,False,2026-08-03,4.57,4.41,4.286,True,True,True,True,4.55,0.4395604395604497,True,58.79385788795405,-0.037206222089103846,-0.0954255490511236,0.11643865392403951,True,False,False,False,,,14.10613545043753,10.359781909606797,21.598842532098995,False,False,2026-07-28,4.0,True,86237.0,79800.8,1.0806533267836913,False,38881500.0,1.57,24.76528662420382,3.1602708803611934,3.8374717832957095,6.626224918338794,5.8823529411763475,94.11764705882365,True,5.89,False,False,False,False,True,False
225,000708,中信特钢,C 制造业,腾讯前复权日K回退（成交额、换手率已提供）,False,2026-08-03,14.69,14.766,13.815999999999999,False,True,True,True,15.05,-2.3920265780730974,False,62.98695991591192,0.3643017196346605,0.21689746422442202,0.294808510820477,True,False,False,False,2026-07-06,20.0,52.78931172417557,47.81751049986632,62.732914172794054,False,False,,,False,166735.0,130967.2,1.2731050217153608,False,247066100.0,0.33,748.6851515151516,-1.9359145527369837,3.0040053404539453,6.325998841922413,31.11111111111116,19.999999999999922,False,15.41,False,False,False,False,False,False
226,000709,河钢股份,C 制造业,腾讯前复权日K回退（成交额、换手率已提供）,False,2026-08-03,2.2,2.1399999999999997,2.038,True,True,True,True,2.18,0.9174311926605512,True,67.55888252146559,0.035148052120754336,0.013582764955442523,0.04313057433062363,True,False,False,False,2026-07-06,20.0,46.89235299171825,39.43032278790781,61.816413399339126,False,False,,,False,1512169.0,851683.6,1.7755055985579622,False,332796200.0,1.46,227.94260273972603,2.8037383177570208,4.205607476635507,7.948969578017683,33.33333333333317,66.66666666666683,False,2.37,False,False,False,False,True,False
227,000710,贝瑞基因,M 科研服务,腾讯前复权日K回退（成交额、换手率已提供）,False,2026-08-03,8.4,8.184,7.8765,True,True,True,True,8.83,-4.869762174405433,False,57.400359346249004,0.030762640661638585,-0.06979626149549575,0.20111780431426868,True,False,False,False,,,20.79468058775773,17.272208746187964,27.83962427089726,False,False,2026-07-28,4.0,True,175216.0,109229.4,1.6041102487059347,False,146332700.0,5.32,27.50614661654135,-1.17647058823529,2.5882352941176547,6.646353075604651,45.45454545454516,54.54545454545484,False,12.09,False,True,False,False,True,False
228,000711,ST京蓝,C 制造业,腾讯前复权日K回退（成交额、换手率已提供）,False,2026-08-03,4.94,4.768,4.9,True,True,False,False,5.93,-16.69477234401348,False,50.31812050398962,-0.09895398863327909,-0.12619075002210134,0.0544735227776445,True,False,False,False,2026-07-24,6.0,41.78917956297275,41.166736438548256,43.03406581182173,True,False,,,False,637499.0,808745.0,0.788257114418018,False,313342000.0,2.68,116.9186567164179,2.066115702479343,3.9256198347107523,0.8163265306122455,26.315789473684063,73.68421052631594,True,6.89,False,False,False,False,False,False
229,000712,锦龙股份,J 金融业,腾讯前复权日K回退（成交额、换手率已提供）,False,2026-08-03,8.9,8.64,8.495000000000001,True,True,True,True,9.19,-3.1556039173014057,False,53.49115447548156,-0.09678603051984425,-0.19220543508129148,0.19083880912289447,True,False,False,False,2026-07-20,10.0,15.34178929530295,12.187015832665047,21.651336220578756,False,False,2026-07-30,2.0,True,189735.0,240783.2,0.7879910226294857,False,168086600.0,2.12,79.2861320754717,0.0,2.2471910112359472,4.767510300176566,14.999999999999734,85.00000000000027,True,12.26,False,False,False,False,False,False
230,000713,国投丰乐,A 农林牧渔,腾讯前复权日K回退（成交额、换手率已提供）,False,2026-08-03,5.85,5.7219999999999995,5.6105,True,True,True,True,5.83,0.34305317324184514,True,61.59749190629033,0.02951669628390441,-0.00573378162950193,0.07050095582681268,True,False,False,False,,,34.63308220456594,28.796214973241472,46.30681666721487,False,False,,,False,65427.0,46589.0,1.4043443731352894,False,38112400.0,1.07,35.619065420560744,1.7391304347825987,2.4347826086956466,4.268781748507256,14.285714285714649,85.71428571428535,True,6.47,False,False,False,False,False,False
231,000715,中兴商业,F 批发零售,腾讯前复权日K回退（成交额、换手率已提供）,False,2026-08-03,4.83,4.723999999999999,4.691,True,True,True,True,5.04,-4.166666666666666,False,54.262077774722506,-0.03979510117142393,-0.07217306703856055,0.06475593173427324,True,False,False,False,2026-07-29,3.0,14.088515143244374,10.924921079734318,20.415703270264487,False,False,2026-07-29,3.0,True,59674.0,70977.2,0.8407488601973592,False,28663000.0,1.23,23.303252032520327,1.6842105263157992,2.5263157894736676,2.9631208697505915,16.66666666666642,83.33333333333358,True,5.83,False,False,False,False,False,False
232,000716,黑芝麻,C 制造业,腾讯前复权日K回退（成交额、换手率已提供）,False,2026-08-03,4.73,4.634,4.4625,True,True,True,True,4.77,-0.8385744234800661,False,60.14137008765648,0.018751440649805495,-0.03877243888016292,0.11504775905993683,True,False,False,False,,,30.439729847943596,26.495687304953037,38.327814933924714,False,False,,,False,137922.0,205049.8,0.6726268447957521,False,65128200.0,1.87,34.827914438502674,0.8528784648187626,1.918976545842214,5.994397759103642,33.333333333332675,55.55555555555644,False,6.22,False,False,False,False,True,False
233,000717,中南股份,C 制造业,腾讯前复权日K回退（成交额、换手率已提供）,False,2026-08-03,2.28,2.222,2.153,True,True,True,True,2.26,0.8849557522123902,True,63.660721393919346,0.025390718119350453,0.009422717877943458,0.03193600048281399,True,False,False,False,,,42.19224766541873,35.060344795478066,56.45605340530007,False,False,,,False,164333.0,179939.4,0.9132685781991048,False,37271500.0,0.68,54.8110294117647,1.3333333333333197,2.2222222222222143,5.8987459359033805,20.000000000000533,79.99999999999947,True,2.5,False,False,False,False,True,False
234,000718,苏宁环球,K 房地产,腾讯前复权日K回退（成交额、换手率已提供）,False,2026-08-03,1.9,1.866,1.8255,True,True,True,True,1.92,-1.0416666666666676,False,56.714948231830235,8.908916293037805e-05,-0.014071097067916224,0.028320372461693204,True,False,False,False,2026-07-09,17.0,26.124956614581624,23.683283712457463,31.00830241882995,False,False,,,False,216187.0,215665.2,1.002419490951716,False,40865900.0,0.95,43.01673684210527,1.6042780748662944,2.6737967914438405,4.0810736784442625,20.00000000000009,79.99999999999991,True,2.45,False,False,False,False,False,False
235,000719,中原传媒,R 文化传播,腾讯前复权日K回退（成交额、换手率已提供）,False,2026-08-03,12.93,12.782,12.131499999999999,True,True,True,True,12.97,-0.30840400925212735,False,69.31107558175444,0.30050884156683466,0.18856114098753393,0.22389540115860146,True,False,False,False,,,66.95771354754055,61.65190111310218,77.5693384164173,False,False,,,False,61565.0,53946.6,1.1412211334912674,False,79774700.0,0.92,86.7116304347826,1.0156249999999867,3.593749999999993,6.58203849482752,34.78260869565227,65.21739130434773,False,13.81,False,True,False,False,False,False
236,000720,新能泰山,C 制造业,腾讯前复权日K回退（成交额、换手率已提供）,False,2026-08-03,3.5,3.4259999999999997,3.2915,True,True,True,True,3.61,-3.047091412742379,False,49.50965410032214,-0.124833926668523,-0.20038174150861834,0.1510956296801907,True,False,False,False,2026-07-16,12.0,9.989063419156794,8.803727621951287,12.35973501356781,False,False,2026-07-20,10.0,True,349908.0,457900.8,0.7641567780619732,False,121265000.0,2.78,43.62050359712231,3.2448377581120846,3.539823008849548,6.334497949263252,8.33333333333318,91.66666666666681,True,6.27,False,False,False,False,True,False
237,000721,西安饮食,H 住宿餐饮,腾讯前复权日K回退（成交额、换手率已提供）,False,2026-08-03,6.58,6.4719999999999995,5.8825,True,True,True,True,6.81,-3.3773861967694505,False,63.313962464143344,0.15141014379020845,0.019709608978600267,0.26340106962321636,True,False,False,False,,,36.58109462402084,29.267328583908053,51.20862670424643,False,False,2026-07-27,5.0,True,241986.0,271505.6,0.8912744341184861,False,157930000.0,4.72,33.45974576271187,-1.0526315789473717,2.255639097744353,11.857203569910748,13.333333333333098,86.6666666666669,True,7.47,False,True,False,True,True,True
238,000722,湖南发展,D 水电煤气,腾讯前复权日K回退（成交额、换手率已提供）,False,2026-08-03,13.11,12.642,12.5665,True,True,True,True,15.59,-15.907633098139836,False,51.376908197025365,-0.008681958852001515,-0.028682375632061687,0.040000833560120345,True,False,False,False,2026-07-15,13.0,25.782378385513212,26.463334655362686,24.420465845814263,False,False,,,False,228099.0,274470.4,0.8310513629156367,False,296180000.0,4.91,60.32179226069246,2.5821596244131495,3.834115805946794,4.324991047626626,10.204081632653201,89.7959183673468,True,17.81,False,False,False,False,False,False
239,000723,美锦能源,C 制造业,腾讯前复权日K回退（成交额、换手率已提供）,False,2026-08-03,3.7,3.594,3.468,True,True,True,True,3.68,0.5434782608695656,True,57.4120057827399,-0.007482967916814243,-0.05306433321876275,0.09116273060389701,True,False,False,False,2026-07-10,16.0,21.122062032353803,17.6554459508634,28.05529419533461,False,False,,,False,677906.0,464414.6,1.4597000180442217,False,249899700.0,1.54,162.27253246753247,2.4930747922437657,4.155124653739622,6.689734717416385,26.66666666666663,73.33333333333337,True,4.51,False,True,False,False,True,False
240,000725,京东方Ａ,C 制造业,腾讯前复权日K回退（成交额、换手率已提供）,False,2026-08-03,5.42,5.516,6.3420000000000005,False,False,False,False,8.52,-36.38497652582159,False,38.62284861755681,-0.37159064265081554,-0.23587182970701281,-0.27143762588760545,False,True,False,False,,,30.51259994351054,33.47462673558248,24.58854635936666,False,False,,,False,12656172.0,18666955.4,0.6779987270982606,False,6869492000.0,3.58,1918.8525139664805,-1.6333938294010864,2.9038112522686053,-14.53800063071587,56.249999999999865,31.24999999999986,False,9.5,False,False,False,False,False,False
241,000726,鲁 泰Ａ,C 制造业,腾讯前复权日K回退（成交额、换手率已提供）,False,2026-08-03,6.05,5.968,5.787999999999999,True,True,True,True,6.0,0.8333333333333304,True,65.16450959830422,0.06554480357637438,0.029518496067383167,0.07205261501798242,True,False,False,False,,,36.784671909028916,31.135022078722855,48.08397156964104,False,False,,,False,49149.0,53463.0,0.9193086807698783,False,29588900.0,0.83,35.649277108433736,1.001669449081799,2.0033388981635927,4.526606772633042,8.33333333333321,91.66666666666679,True,6.49,False,False,False,True,False,False
242,000727,冠捷科技,C 制造业,腾讯前复权日K回退（成交额、换手率已提供）,False,2026-08-03,2.28,2.24,2.237,True,True,True,True,2.51,-9.163346613545817,False,45.50549437966003,-0.08964149303540658,-0.11635032851417138,0.053417670957529584,True,False,False,False,2026-07-27,5.0,12.192110831795695,9.496814948838614,17.582702597709858,False,False,2026-07-27,5.0,True,592504.0,725305.6,0.8169025580389838,False,134601900.0,1.31,102.74954198473282,1.7857142857142572,2.678571428571431,1.9222172552525574,16.666666666667037,83.33333333333296,True,3.11,False,False,False,False,False,False
243,000728,国元证券,J 金融业,腾讯前复权日K回退（成交额、换手率已提供）,False,2026-08-03,7.37,7.281999999999999,7.3155,True,True,False,True,7.64,-3.5340314136125603,False,52.502662560190366,0.00021443250077268772,0.005050234487335026,-0.009671603973124677,False,True,False,False,,,51.81545139269125,49.872560724122245,55.70123272982927,False,False,,,False,260495.0,286365.6,0.9096588417044507,False,190867700.0,0.6,318.11283333333336,0.4087193460490468,2.452316076294274,0.7449935069373247,11.11111111111089,88.88888888888911,True,8.02,False,False,False,False,True,False
244,000729,燕京啤酒,C 制造业,腾讯前复权日K回退（成交额、换手率已提供）,False,2026-08-03,13.03,12.783999999999999,11.931000000000001,True,True,True,True,13.07,-0.3060443764345901,False,74.62283327260806,0.5022611625187778,0.3879417127149582,0.22863889960763928,True,False,False,False,,,68.7015074959037,64.56272272891995,76.9790770298712,False,False,,,False,314506.0,280928.2,1.1195244905993773,False,412014400.0,1.25,329.61152,0.8513931888544768,3.4829721362229047,9.211298298549982,51.111111111111285,48.888888888888715,False,13.08,True,False,False,False,True,False
245,000731,四川美丰,C 制造业,腾讯前复权日K回退（成交额、换手率已提供）,False,2026-08-03,5.95,5.846,5.8134999999999994,True,True,True,True,6.22,-4.34083601286173,False,57.03820800902268,0.03729734316557565,0.020581270744280202,0.03343214484259089,True,False,False,False,,,26.279153672897348,24.69543068627024,29.44659964615156,False,False,,,False,53476.0,54243.4,0.9858526567287449,False,31669200.0,0.97,32.64865979381444,1.7094017094017255,2.3931623931623878,2.347983142685142,7.1428571428570065,92.85714285714299,True,6.95,False,True,False,False,True,False
246,000733,振华科技,C 制造业,腾讯前复权日K回退（成交额、换手率已提供）,False,2026-08-03,41.04,40.448,42.0245,True,False,False,True,56.1,-26.84491978609626,False,41.73586040345723,-2.8523241659593737,-3.18795014456536,0.6712519572119726,True,False,False,False,2026-07-30,2.0,13.974446640555321,12.164507791856812,17.59432433795234,False,False,2026-07-29,3.0,True,121023.0,158224.2,0.7648829951423359,False,493308399.99999994,2.18,226.2882568807339,0.170856724432511,2.6604832804491174,-2.3426810550988213,18.348623853211212,81.65137614678879,True,62.3,False,False,False,False,True,False
247,000735,罗 牛 山,A 农林牧渔,腾讯前复权日K回退（成交额、换手率已提供）,False,2026-08-03,5.35,5.18,5.005,True,True,True,True,5.28,1.3257575757575641,True,61.711289151860704,0.017350438508540122,-0.04452590096295192,0.12375267894298408,True,False,False,False,,,19.100085701762023,14.637509090314147,28.02523892465777,False,False,2026-07-28,4.0,True,216409.0,233617.2,0.9263401838563255,False,115096299.99999999,1.88,61.221436170212755,1.7110266159695797,2.4714828897338386,6.893106893106888,7.692307692308217,92.30769230769178,True,6.56,False,False,False,False,False,False
248,000736,中交发展,K 房地产,腾讯前复权日K回退（成交额、换手率已提供）,False,2026-08-03,4.42,4.305999999999999,4.0009999999999994,True,True,True,True,4.56,-3.0701754385964843,False,60.34615686930959,0.034674605658328694,-0.054591694897338,0.1785326011113334,True,False,False,False,,,34.15087487276375,28.166722956986064,46.119178704319125,False,False,2026-07-28,4.0,True,144823.0,174656.4,0.8291880515114247,False,64092100.0,1.94,33.03716494845361,0.6833712984054774,3.4168564920273434,10.472381904523882,0.0,59.999999999999766,False,5.73,False,False,False,False,True,False
249,000737,北方铜业,C 制造业,腾讯前复权日K回退（成交额、换手率已提供）,False,2026-08-03,13.56,13.268,12.7715,True,True,True,True,13.76,-1.453488372093018,False,54.95899482528275,0.007841271214283907,-0.12620855011466026,0.2680996426578883,True,False,False,False,2026-07-21,9.0,37.31059666544391,33.82101860381105,44.289752788709635,False,False,,,False,388193.0,381184.6,1.0183858424500885,False,522289400.0,2.04,256.0242156862745,1.0432190760059745,2.4590163934426235,6.173902830521089,6.06060606060593,93.93939393939407,True,16.36,False,False,False,False,False,False
250,000738,航发控制,C 制造业,腾讯前复权日K回退（成交额、换手率已提供）,False,2026-08-03,18.62,18.324,17.5715,True,True,True,True,18.93,-1.6376122556788097,False,56.7152978498226,0.01963973599237434,-0.18940638534946333,0.41809224268367534,True,False,False,False,2026-07-21,9.0,27.404750343976986,23.8293114396962,34.55562815253856,False,False,2026-07-21,9.0,True,170080.0,128359.0,1.3250336945597894,False,313557000.0,1.29,243.06744186046512,2.759381898454749,3.4216335540838902,5.967048914435311,0.0,100.0,True,23.38,False,True,False,False,False,False
251,000739,普洛药业,C 制造业,腾讯前复权日K回退（成交额、换手率已提供）,False,2026-08-03,20.11,20.112000000000002,19.613999999999997,False,True,True,False,21.5,-6.46511627906977,False,56.6385859123769,0.7127862632547881,0.7864453173162463,-0.14731810812291646,False,True,False,False,,,78.7361144778684,78.99765511293653,78.21303320773214,False,False,,,False,148577.0,175593.4,0.846142280974114,False,297783700.0,1.28,232.643515625,-0.5440158259149341,4.104846686449052,2.5288059549301636,38.55421686746999,61.44578313253001,False,21.5,False,False,False,False,True,False
252,000750,国海证券,J 金融业,腾讯前复权日K回退（成交额、换手率已提供）,False,2026-08-03,3.86,3.8240000000000003,3.7920000000000003,True,True,True,True,3.92,-1.5306122448979604,False,56.52924089856704,0.030384059222565707,0.028514174441763754,0.003739769561603906,True,False,False,False,2026-07-31,1.0,74.25432164585786,68.44776724540971,85.86743044675416,False,False,,,False,400743.0,478584.8,0.8373500370258312,False,154322600.0,0.69,223.65594202898552,0.5208333333333259,1.8229166666666625,1.7932489451476692,28.571428571428665,71.42857142857135,True,3.97,False,True,False,False,True,False
253,000751,锌业股份,C 制造业,腾讯前复权日K回退（成交额、换手率已提供）,False,2026-08-03,4.54,4.43,4.528,True,True,False,True,5.8,-21.72413793103448,False,45.307055543500276,-0.22906507266375975,-0.2614916047233306,0.06485306411914171,True,False,False,False,2026-07-30,2.0,15.113774686198312,13.315910339480757,18.70950337963342,False,False,2026-07-22,8.0,True,427190.0,367172.2,1.163459542961041,False,192024300.0,2.64,72.73647727272727,2.0224719101123556,2.921348314606739,0.26501766784453307,0.0,100.0,True,6.64,False,False,False,False,False,False
254,000752,*ST西发,C 制造业,腾讯前复权日K回退（成交额、换手率已提供）,False,2026-08-03,8.04,8.006,7.935,True,True,True,True,8.55,-5.964912280701772,False,48.24264043310338,-0.07854370029817304,-0.12297913742907704,0.08887087426180801,True,False,False,False,2026-07-13,15.0,23.012859502035138,22.674488680516546,23.689601145072317,False,False,,,False,12143.0,18326.8,0.6625815745247398,False,9756900.0,0.46,21.210652173913044,-0.4950495049505066,1.1138613861386122,1.3232514177693704,0.0,55.555555555554456,False,9.6,False,False,False,False,False,False
255,000753,漳州发展,F 批发零售,腾讯前复权日K回退（成交额、换手率已提供）,False,2026-08-03,4.88,4.702,4.4775,True,True,True,True,4.87,0.20533880903490323,True,60.398005937229236,-0.026351178701196964,-0.1073669137374042,0.16203147007241447,True,False,False,False,,,13.846875967717152,10.913467572179556,19.71369275879234,False,False,2026-07-23,7.0,True,266103.0,283718.6,0.9379117195700247,False,127791200.00000001,2.68,47.68328358208956,4.051172707889106,4.051172707889115,8.9893914014517,0.0,100.0,True,6.9,False,True,False,False,True,False
256,000755,山西高速,G 运输仓储,腾讯前复权日K回退（成交额、换手率已提供）,False,2026-08-03,4.78,4.686,4.615,True,True,True,True,4.77,0.2096436058700351,True,60.82043533986845,0.03168821327478,0.01112889476378882,0.04111863702198235,True,False,False,False,,,46.38440243211473,41.35033199686303,56.45254330261814,False,False,,,False,78456.0,38685.4,2.0280519265666115,True,37379100.0,0.53,70.5266037735849,1.4861995753715496,2.760084925690019,3.575297941495125,15.384615384615069,84.61538461538493,True,5.29,False,True,False,False,False,False
257,000756,新华制药,C 制造业,腾讯前复权日K回退（成交额、换手率已提供）,False,2026-08-03,13.75,13.524000000000001,13.767999999999997,True,False,False,True,15.24,-9.776902887139109,False,51.74775094936128,-0.034474870749077624,0.004619585585661868,-0.07818891266947899,False,True,False,False,,,53.206025416139916,51.24800337994919,57.122069488521376,False,False,,,False,78077.0,103188.0,0.7566480598519207,False,106663400.0,1.56,68.37397435897435,1.5509601181683985,1.8463810930576072,-0.13073794305634176,0.0,100.0,True,15.3,False,False,False,False,False,False
258,000757,浩物股份,F 批发零售,腾讯前复权日K回退（成交额、换手率已提供）,False,2026-08-03,3.79,3.6839999999999997,3.5784999999999996,True,True,True,True,3.87,-2.0671834625323013,False,56.430708037639356,-0.0263251922756651,-0.07471886474231562,0.09678734493330104,True,False,False,False,2026-07-27,5.0,25.156831103052642,19.862232695112294,35.74602791893334,False,False,2026-07-28,4.0,True,87854.0,127961.0,0.6865685638593009,False,33112900.0,1.65,20.068424242424243,1.608579088471851,2.680965147453086,5.910297610730767,20.0,80.0,True,4.98,False,False,False,False,False,False
259,000758,中色股份,B 采矿业,腾讯前复权日K回退（成交额、换手率已提供）,False,2026-08-03,6.03,5.9,5.7620000000000005,True,True,True,True,6.66,-9.459459459459458,False,50.85043056783435,-0.13324175811020655,-0.21103590726726934,0.15558829831412557,True,False,False,False,2026-07-23,7.0,19.600309825715446,15.858176364024814,27.084576749096712,False,False,2026-07-21,9.0,True,203999.0,269539.0,0.7568440930625995,False,122605700.0,1.03,119.03466019417475,0.836120401337781,2.006688963210704,4.65116279069767,16.666666666666295,83.3333333333337,True,7.89,False,False,False,False,True,False
260,000759,中百集团,F 批发零售,腾讯前复权日K回退（成交额、换手率已提供）,False,2026-08-03,6.86,6.912000000000001,6.732000000000001,False,True,True,True,7.47,-8.165997322623822,False,53.27205751448637,0.18007043801080336,0.19942589015909812,-0.03871090429658952,False,True,False,False,,,77.1495245296491,76.80358713556377,77.84139931781974,False,False,,,False,654725.0,1081766.0,0.6052371769865202,False,449387300.00000006,9.99,44.98371371371372,-2.139800285306692,3.2810271041369408,1.9013666072489486,8.695652173912876,30.434782608695837,False,7.47,False,False,False,False,False,False
261,000761,本钢板材,C 制造业,腾讯前复权日K回退（成交额、换手率已提供）,False,2026-08-03,2.42,2.338,2.2685,True,True,True,True,2.39,1.2552301255230043,True,60.07166196768825,0.008016552527744025,-0.01648472809665263,0.04900256124879331,True,False,False,False,,,20.03173084972101,16.192891379095634,27.709409790971762,False,False,2026-07-27,5.0,True,196624.0,145040.8,1.355646135432237,False,47090200.00000001,0.53,88.84943396226416,2.9787234042553123,3.404255319148939,6.678421864668281,12.500000000000277,87.49999999999972,True,2.95,False,False,False,True,True,False
262,000762,西藏矿业,B 采矿业,腾讯前复权日K回退（成交额、换手率已提供）,False,2026-08-03,23.17,22.332,22.215,True,True,True,True,27.87,-16.864011481880155,False,47.461863531458846,-1.241693344480158,-1.6916630251106588,0.8999393612610018,True,False,False,False,2026-07-27,5.0,13.962631208402106,11.567030281151348,18.75383306290362,False,False,2026-07-21,9.0,True,199097.0,158798.0,1.2537752364639354,False,455252800.0,3.82,119.17612565445026,4.181654676259017,6.789568345323732,4.298897141571019,10.596026490066013,89.40397350993399,True,41.43,False,False,False,False,True,False
263,000766,通化金马,C 制造业,腾讯前复权日K回退（成交额、换手率已提供）,False,2026-08-03,17.39,16.656,16.3855,True,True,True,True,18.64,-6.706008583690987,False,47.391668377454245,-1.0194483557821101,-1.3974750549212283,0.7560533982782363,True,False,False,False,2026-07-20,10.0,14.363353097998399,11.516732783316462,20.056593727362273,False,False,2026-07-29,3.0,True,145099.0,203737.4,0.7121863732432042,False,250684900.00000003,1.5,167.1232666666667,2.595870206489681,3.3038348082595794,6.130420188581369,16.071428571428584,83.92857142857142,True,27.73,False,False,False,False,True,False
264,000767,晋控电力,D 水电煤气,腾讯前复权日K回退（成交额、换手率已提供）,False,2026-08-03,3.77,3.684,3.6109999999999998,True,True,True,True,4.32,-12.731481481481488,False,48.682570131460295,-0.09765481894791428,-0.14250382289162833,0.0896980078874281,True,False,False,False,2026-07-20,10.0,13.796059423543786,13.887128097434536,13.613922075762286,False,False,,,False,1404512.0,1621555.2,0.8661512108869313,False,527641900.0,4.82,109.46927385892114,3.005464480874309,3.5519125683060078,4.403212406535593,23.076923076922945,76.92307692307705,True,6.6,False,False,False,False,False,False
265,000768,中航西飞,C 制造业,腾讯前复权日K回退（成交额、换手率已提供）,False,2026-08-03,21.35,21.026,20.377000000000002,True,True,True,True,21.15,0.9456264775413846,True,59.239471750668734,0.10081102896673144,-0.069149189757016,0.3399204374474949,True,False,False,False,,,28.06081178480805,23.544468813491218,37.09349772744171,False,False,,,False,237266.0,209923.0,1.1302525211625214,False,502449700.0,0.85,591.1172941176471,1.1369019422075022,2.179062055897683,4.774991411885944,8.695652173912842,91.30434782608717,True,25.64,False,False,False,False,True,False
266,000776,广发证券,J 金融业,腾讯前复权日K回退（成交额、换手率已提供）,False,2026-08-03,20.81,21.268,21.9915,False,False,False,False,24.42,-14.782964782964795,False,42.576048763752695,-0.1602594205073693,0.06515814085555138,-0.45083512272584136,False,True,False,False,,,46.67225998265866,50.89788658725723,38.22100677346151,False,False,,,False,684654.0,630472.4,1.0859380997486963,False,1432392900.0,1.16,1234.8214655172414,-2.5749063670411965,1.4981273408239715,-5.3725302957961025,31.250000000000416,9.374999999999236,False,25.43,False,False,False,False,False,False
267,000777,中核科技,C 制造业,腾讯前复权日K回退（成交额、换手率已提供）,False,2026-08-03,18.4,17.384,16.775,True,True,True,True,18.83,-2.283590015932022,False,60.111015237566164,-0.062934158324925,-0.2796213159810127,0.4333743153121754,True,False,False,False,2026-07-24,6.0,25.802248740175287,19.53928548057282,38.328175259380224,False,False,2026-07-24,6.0,True,283379.0,113556.6,2.4954868321171997,True,515150899.99999994,7.39,69.70918809201623,7.03897614892377,9.714950552646897,9.687034277198213,30.538922155688685,69.46107784431132,False,21.75,False,False,False,False,True,False
268,000778,新兴铸管,C 制造业,腾讯前复权日K回退（成交额、换手率已提供）,False,2026-08-03,3.96,3.8579999999999997,3.7415,True,True,True,True,3.9,1.5384615384615399,True,61.81600166821983,0.005382792855658458,-0.03299178588906599,0.0767491574894489,True,False,False,False,2026-07-08,18.0,26.03854280887181,21.83948131745646,34.43666579170251,False,False,,,False,787185.0,602372.4,1.3068078816360111,False,310671900.0,2.02,153.7979702970297,2.3255813953488413,2.3255813953488333,5.839903781905656,22.22222222222228,77.77777777777773,True,4.54,False,False,False,False,True,False
269,000779,甘咨询,M 科研服务,腾讯前复权日K回退（成交额、换手率已提供）,False,2026-08-03,13.26,12.373999999999999,10.797,True,True,True,True,12.89,2.8704422032583334,True,71.35077294751048,0.9866369105553368,0.7673612231917302,0.4385513747272132,True,False,False,False,2026-07-28,4.0,91.18344407453606,83.09441208143579,107.36150806073658,False,False,,,False,642706.0,831522.6,0.7729266769177411,False,839315100.0,13.83,60.6880043383948,3.7558685446009488,8.528951486697965,22.811892192275625,11.92660550458723,88.07339449541277,True,12.89,True,False,False,False,False,False
270,000782,恒申新材,C 制造业,腾讯前复权日K回退（成交额、换手率已提供）,False,2026-08-03,6.69,6.537999999999999,6.778499999999999,True,False,False,True,8.12,-17.610837438423633,False,46.570198657936054,-0.2873495541367017,-0.31422894874303675,0.05375878921267008,True,False,True,False,,,38.06672326583756,36.76574523214715,40.66867933321838,False,False,,,False,86700.0,139560.6,0.6212355062961896,False,57516000.0,1.64,35.07073170731707,1.82648401826484,3.3485540334855366,-1.3055985837574526,9.090909090908909,90.90909090909109,True,9.05,False,False,False,False,False,False
271,000783,长江证券,J 金融业,腾讯前复权日K回退（成交额、换手率已提供）,False,2026-08-03,8.61,8.548,8.7365,True,False,False,False,10.18,-15.422396856581535,False,48.305268089096685,-0.05075560658190348,-0.002693918673441629,-0.0961233758169237,False,True,False,False,,,49.97958796415816,50.379287329334524,49.18018923380545,False,False,,,False,747319.0,1055250.8,0.7081908869436535,False,637445900.0,1.35,472.18214814814814,0.11627906976743319,2.3255813953488293,-1.4479482630343967,4.999999999999911,95.00000000000009,True,10.73,False,True,True,False,True,False
272,000785,居然智家,L 商务服务,腾讯前复权日K回退（成交额、换手率已提供）,False,2026-08-03,2.31,2.2540000000000004,2.1455,True,True,True,True,2.35,-1.7021276595744694,False,62.31415207953733,0.0236022206743014,-0.003788476750527287,0.05478139484965737,True,False,False,False,2026-07-09,17.0,40.14145192420387,33.45542141364166,53.5135129453283,False,False,,,False,488584.0,726455.2,0.672559023598427,False,112403300.0,0.84,133.81345238095238,1.7621145374449254,2.643171806167403,7.667210440456763,16.666666666666295,83.3333333333337,True,2.72,False,False,False,False,False,False
273,000786,北新建材,C 制造业,腾讯前复权日K回退（成交额、换手率已提供）,False,2026-08-03,19.46,19.84,18.6495,False,True,True,True,20.65,-5.76271186440677,False,52.102986976967166,0.12323834704811887,-0.10687215617858549,0.4602210064534087,True,False,False,False,2026-07-10,16.0,31.352005772574987,30.67688796084472,32.702241396035525,False,False,,,False,208301.0,237904.6,0.8755652475824343,False,405415000.0,1.23,329.6056910569106,0.9336099585062207,2.385892116182577,4.3459610177216605,28.260869565217124,71.73913043478288,True,26.38,False,False,False,False,True,False
274,000788,北大医药,C 制造业,腾讯前复权日K回退（成交额、换手率已提供）,False,2026-08-03,5.28,5.198,5.2185,True,True,False,True,5.65,-6.548672566371683,False,52.03169948048048,-0.022858017063125402,-0.031057948858338975,0.016399863590427145,True,False,False,False,2026-07-31,1.0,17.13010156135318,16.32081805786797,18.748668568323595,False,False,2026-07-31,1.0,True,96064.0,140068.8,0.6858343899569355,False,50435000.0,1.61,31.326086956521735,1.538461538461533,2.3076923076923097,1.1784995688416318,0.0,100.0,True,6.34,False,False,False,False,False,False
275,000789,万年青,C 制造业,腾讯前复权日K回退（成交额、换手率已提供）,False,2026-08-03,4.14,4.042,3.9485,True,True,True,True,4.21,-1.6627078384798168,False,59.12456774997133,-0.006006246088052336,-0.04385145772925871,0.07569042328241275,True,False,False,False,,,17.066161210304866,13.706362196036173,23.78575923884225,False,False,2026-07-29,3.0,True,53315.0,58690.0,0.9084171068325098,False,21971900.0,0.67,32.793880597014926,1.7199017199017064,2.21130221130223,4.849943016335305,11.11111111111177,88.88888888888823,True,4.86,False,False,False,False,True,False
276,000790,华神科技,C 制造业,腾讯前复权日K回退（成交额、换手率已提供）,False,2026-08-03,3.81,3.754,3.7020000000000004,True,True,True,True,3.99,-4.5112781954887256,False,54.57246393621769,0.001735051465600712,-0.017412163234743903,0.03829442940068923,True,False,False,False,2026-07-27,5.0,28.6491356358605,25.925338302987765,34.096730301605966,False,False,,,False,113335.0,141788.6,0.7993237820247889,False,42994100.0,1.82,23.623131868131868,1.0610079575596787,1.591511936339524,2.917341977309553,16.666666666666295,83.3333333333337,True,4.65,False,True,False,False,False,False
277,000791,甘肃能源,D 水电煤气,腾讯前复权日K回退（成交额、换手率已提供）,False,2026-08-03,7.91,7.787999999999999,7.591499999999999,True,True,True,True,8.12,-2.586206896551713,False,52.005583389129974,-0.06112821863606044,-0.13433040072407046,0.14640436417602004,True,False,False,False,2026-07-20,10.0,23.117265137673325,21.763816107021587,25.824163198976798,False,False,,,False,260370.0,273701.4,0.9512921746107253,False,206457900.0,1.35,152.93177777777777,1.4102564102564052,2.17948717948719,4.1954817888428,41.17647058823526,58.82352941176474,False,10.91,False,False,False,False,False,False
278,000792,盐湖股份,C 制造业,腾讯前复权日K回退（成交额、换手率已提供）,False,2026-08-03,27.4,27.438,26.297000000000004,False,True,True,True,30.45,-10.01642036124795,False,49.29884717279115,-0.432784626337142,-0.8259303543076733,0.7862914559410625,True,False,False,False,2026-07-22,8.0,18.655678430278897,17.166378980639752,21.634277329557186,False,False,2026-07-21,9.0,True,572090.0,642066.8,0.8910132092174832,False,1561219500.0,1.08,1445.5736111111112,0.2928257686676261,4.209370424597372,4.194394797885669,28.69565217391315,71.30434782608684,True,39.99,False,False,False,False,True,False
279,000793,ST华闻,R 文化传播,腾讯前复权日K回退（成交额、换手率已提供）,False,2026-08-03,2.26,2.232,2.3765,True,False,False,True,2.68,-15.671641791044788,False,40.021245015550406,-0.07901717889674753,-0.0687748108118852,-0.020484736169724654,False,True,False,False,,,10.451331153552688,9.381385164867597,12.591223130922874,False,False,2026-07-31,1.0,True,173881.0,148033.0,1.1746097154012956,False,39000500.0,0.65,60.00076923076922,-1.310043668122285,2.6200873362445245,-4.902167052387977,33.333333333333584,66.66666666666642,False,2.88,False,False,False,False,True,False
280,000795,英洛华,C 制造业,腾讯前复权日K回退（成交额、换手率已提供）,False,2026-08-03,8.51,8.376,8.3645,True,True,True,True,9.81,-13.251783893985735,False,49.17812616652467,-0.15819647775440338,-0.2091473924268899,0.10190182934497305,True,False,False,False,2026-07-29,3.0,19.41682345731955,16.1397832432442,25.970903885470243,False,False,2026-07-29,3.0,True,87784.0,114568.8,0.7662120926465146,False,74537600.0,0.79,94.35139240506328,1.0688836104512989,1.9002375296912133,1.739494291350352,12.499999999999723,87.50000000000028,True,10.18,False,True,False,False,False,False
281,000796,凯撒旅业,L 商务服务,腾讯前复权日K回退（成交额、换手率已提供）,False,2026-08-03,3.9,3.7640000000000002,3.63,True,True,True,True,3.97,-1.7632241813602085,False,56.48894954741628,-0.06845166913110878,-0.1368154239954486,0.13672750972867964,True,False,False,False,2026-07-15,13.0,17.141302388050626,13.02742343091875,25.369060302314377,False,False,2026-07-27,5.0,True,305293.0,387292.8,0.7882744011765775,False,117992500.0,2.29,51.52510917030567,2.3622047244094446,2.8871391076115454,7.43801652892562,0.0,100.0,True,5.05,False,True,False,False,False,False
282,000797,中国武夷,K 房地产,腾讯前复权日K回退（成交额、换手率已提供）,False,2026-08-03,2.41,2.34,2.2834999999999996,True,True,True,True,2.39,0.836820083682009,True,58.92509736075443,-0.0009358373986563251,-0.023352325809146184,0.04483297682097972,True,False,False,False,,,23.369113877566463,19.898045803644425,30.311250025410537,False,False,2026-07-27,5.0,True,240767.0,204910.2,1.1749878727364473,False,57437100.0,1.53,37.540588235294116,2.553191489361706,2.978723404255331,5.53974162469895,0.0,100.0,True,2.92,False,True,False,False,False,False
283,000798,中水渔业,A 农林牧渔,腾讯前复权日K回退（成交额、换手率已提供）,False,2026-08-03,8.13,7.910000000000001,7.600999999999999,True,True,True,True,8.11,0.24660912453762454,True,61.86968209070599,0.07189198427348309,-0.00977125581721343,0.16332648018139304,True,False,False,False,,,27.246454189595486,23.36910588877176,35.00115079124294,False,False,2026-07-27,5.0,True,67634.0,57308.0,1.1801842674670202,False,54603700.0,1.85,29.51551351351351,2.264150943396226,3.0188679245283043,6.959610577555608,4.166666666666574,95.83333333333343,True,9.56,False,False,False,False,True,False
284,000799,酒鬼酒,C 制造业,腾讯前复权日K回退（成交额、换手率已提供）,False,2026-08-03,40.88,40.05,38.948,True,True,True,True,42.18,-3.082029397818865,False,54.52483574881547,-0.03896623611203154,-0.42044351371238836,0.7629545552007136,True,False,False,False,2026-07-29,3.0,35.72335796282358,27.462637919475426,52.244798049519886,False,False,2026-07-29,3.0,True,103746.0,131161.2,0.7909808693424579,False,424521300.0,3.19,133.0787774294671,-2.317801672640385,2.2461170848267735,4.960460100647022,19.14893617021264,23.40425531914945,False,46.82,False,False,False,False,False,False
285,000800,一汽解放,C 制造业,腾讯前复权日K回退（成交额、换手率已提供）,False,2026-08-03,6.53,6.4239999999999995,6.281000000000001,True,True,True,True,6.5,0.4615384615384654,True,65.5883076552382,0.08430838656914474,0.05650962417789521,0.055597524782499075,True,False,False,False,,,54.56519840678464,50.02707354691956,63.64144812651479,False,False,,,False,175922.0,171211.0,1.0275157554129115,False,114499300.0,0.36,318.0536111111111,0.4615384615384688,1.2307692307692317,3.964336889030404,12.499999999999723,87.50000000000028,True,6.63,True,False,False,True,False,False
286,000801,四川九洲,C 制造业,腾讯前复权日K回退（成交额、换手率已提供）,False,2026-08-03,11.73,11.456,11.208,True,True,True,True,12.51,-6.235011990407669,False,54.05802212641183,-0.1253952193207457,-0.2491942446921764,0.2475980507428614,True,False,False,False,2026-07-28,4.0,21.376379859442935,16.013633515035234,32.101872548258335,False,False,2026-07-28,4.0,True,97793.0,149013.4,0.6562698388198646,False,114680800.0,0.96,119.45916666666668,1.7346053772766767,2.341717259323516,4.657387580299788,25.925925925925903,74.0740740740741,True,14.62,False,False,False,False,False,False
287,000802,北京文化,R 文化传播,腾讯前复权日K回退（成交额、换手率已提供）,False,2026-08-03,4.12,3.9400000000000004,3.7435,True,True,True,True,4.16,-0.9615384615384623,False,57.63507449812179,-0.001281830482160018,-0.07189372962338177,0.1412237982824435,True,False,False,False,2026-07-08,18.0,27.392548945690184,23.406729119677852,35.36418859771485,False,False,2026-07-22,8.0,True,902516.0,780920.2,1.1557083553479601,False,366517500.0,12.61,29.06562252180809,6.185567010309279,7.216494845360831,10.05743288366502,10.714285714285793,89.2857142857142,True,5.5,False,False,False,False,False,False
288,000803,山高环能,N 公共环保,腾讯前复权日K回退（成交额、换手率已提供）,False,2026-08-03,7.14,6.694,6.528499999999999,True,True,True,True,7.14,0.0,False,59.057169278414484,-0.07676019363446951,-0.18110000230506218,0.20867961734118534,True,False,False,False,2026-07-23,7.0,25.82793447971579,19.97851190239797,37.52677963435143,False,False,2026-07-22,8.0,True,200359.0,113365.6,1.7673703486772,False,141081300.0,4.36,32.358096330275224,6.726457399103136,7.473841554559042,9.366623267212997,4.000000000000092,95.99999999999991,True,8.94,False,False,False,False,True,False
289,000807,云铝股份,C 制造业,腾讯前复权日K回退（成交额、换手率已提供）,False,2026-08-03,25.68,26.109999999999996,24.979999999999997,False,True,True,True,27.61,-6.990220934444041,False,51.611526099418455,0.32568052063684405,0.10438643872065498,0.44258816383237815,True,False,False,False,2026-07-07,19.0,31.71488123797471,31.15280914638002,32.83902542116409,False,False,,,False,921845.0,766617.6,1.202483480681894,False,2379583800.0,2.66,894.5803759398495,-3.531179564237419,3.193087903831711,2.8022417934347597,3.52941176470601,27.058823529411768,False,32.72,False,True,True,False,True,False
290,000809,和展能源,C 制造业,腾讯前复权日K回退（成交额、换手率已提供）,False,2026-08-03,3.27,3.1700000000000004,3.0475000000000003,True,True,True,True,3.29,-0.6079027355623106,False,54.7866130916993,-0.06513458929888394,-0.1228912184940241,0.11551325839028032,True,False,False,False,2026-07-23,7.0,20.989059072515282,17.02303938179837,28.921098453949106,False,False,2026-07-23,7.0,True,147235.0,165124.0,0.8916632349022553,False,47901500.0,1.79,26.760614525139665,3.154574132492116,4.416403785488963,7.301066447908111,28.57142857142857,71.42857142857143,True,4.75,False,False,False,False,False,False
291,000810,创维数字,C 制造业,腾讯前复权日K回退（成交额、换手率已提供）,False,2026-08-03,9.54,9.341999999999999,10.2145,True,False,False,True,13.06,-26.95252679938745,False,39.98990381616422,-0.6696290318373634,-0.6390829341684088,-0.06109219533790933,False,True,False,False,,,8.932132661983411,7.917598059927632,10.961201866094973,True,False,2026-08-03,0.0,True,170704.0,222303.4,0.7678874906996475,False,162178900.0,1.54,105.31097402597402,1.0593220338982912,2.0127118644067745,-6.603357971511088,21.05263157894791,78.94736842105209,True,13.75,False,False,False,False,True,False
292,000811,冰轮环境,C 制造业,腾讯前复权日K回退（成交额、换手率已提供）,False,2026-08-03,32.62,35.53,44.322500000000005,False,False,False,False,57.76,-43.52493074792244,False,34.714915761524296,-2.5530097404370338,-0.6897168931609576,-3.7265856945521523,False,True,False,False,,,45.778250660193805,52.40376183857205,32.52722830343731,False,False,,,False,478414.0,592016.6,0.8081090969408629,False,1599612300.0,4.89,327.1190797546013,-7.5920679886685605,8.810198300283286,-26.403068418974573,3.215434083601104,9.324758842443705,False,58.5,False,False,False,False,False,False
293,000812,陕西金叶,C 制造业,腾讯前复权日K回退（成交额、换手率已提供）,False,2026-08-03,3.52,3.4259999999999997,3.271,True,True,True,True,3.69,-4.607046070460703,False,61.32480789468433,0.022824807425613436,-0.022447147679450438,0.09054391021012775,True,False,False,False,,,33.55816411091194,28.196825275010923,44.28084178271396,False,False,2026-07-27,5.0,True,164780.0,198803.8,0.8288573960859904,False,57340400.0,2.18,26.30293577981651,2.0289855072463725,2.6086956521739086,7.612350963008257,0.0,100.0,True,4.12,False,False,False,False,True,False
294,000813,德展健康,C 制造业,腾讯前复权日K回退（成交额、换手率已提供）,False,2026-08-03,3.36,3.308,3.2905,True,True,True,True,3.55,-5.352112676056336,False,55.31296335524694,0.02473208213416056,0.021187710258379306,0.007088743751562508,True,False,True,False,,,32.179466750906414,31.17635451337743,34.18569122596438,False,False,,,False,208786.0,254644.2,0.8199126467439667,False,69939500.0,1.0,69.9395,1.81818181818183,2.4242424242424265,2.1121410120042445,12.500000000000277,87.49999999999972,True,4.5,False,False,False,False,False,False
295,000815,美利云,C 制造业,腾讯前复权日K回退（成交额、换手率已提供）,False,2026-08-03,16.7,15.3,14.503,True,True,True,True,17.74,-5.86245772266065,False,56.71206825102847,0.13359071739948547,-0.11313265117820537,0.4934467371553817,True,False,False,False,2026-07-20,10.0,31.739923700502217,29.48115791347085,36.257455274564954,True,False,,,False,926708.0,1006129.2,0.9210626229712845,False,1525701300.0,13.33,114.45621155288822,10.013175230566528,6.06060606060606,15.148589946907531,0.0,100.0,True,23.45,False,False,False,False,False,True
296,000816,智慧农业,C 制造业,腾讯前复权日K回退（成交额、换手率已提供）,False,2026-08-03,2.66,2.5759999999999996,2.464,True,True,True,True,2.63,1.1406844106463974,True,63.42769398333315,0.02648111313196999,-0.003170975277131923,0.059304176818203824,True,False,False,False,,,30.24558223750652,25.228477054424193,40.279792603671176,False,False,2026-07-23,7.0,True,302747.0,249566.8,1.2130900424255149,False,79263900.0,2.1,37.74471428571428,3.90625,3.9062500000000036,7.954545454545461,0.0,100.0,True,3.11,False,False,False,False,True,False
297,000818,航锦科技,C 制造业,腾讯前复权日K回退（成交额、换手率已提供）,False,2026-08-03,13.4,12.548,13.01,True,True,False,True,16.95,-20.943952802359878,False,52.35116755734753,-0.36442943750646606,-0.41986979071569963,0.11088070641846715,True,False,True,False,,,10.486126362944828,8.234171435029571,14.99003621877534,False,False,2026-07-31,1.0,True,510764.0,199760.4,2.5568831460089188,True,677750399.9999999,7.76,87.33896907216494,6.858054226475296,9.968102073365232,2.997694081475792,31.199999999999907,68.8000000000001,False,19.64,False,False,False,False,True,False
298,000819,岳阳兴长,C 制造业,腾讯前复权日K回退（成交额、换手率已提供）,False,2026-08-03,12.23,11.922,11.4125,True,True,True,True,12.5,-2.1599999999999966,False,55.08638819387998,-0.15139709253480937,-0.36361618265709267,0.4244381802445666,True,False,False,False,2026-07-13,15.0,21.35197873576388,17.99386093713037,28.068214333030895,False,False,,,False,31869.0,50923.2,0.6258247714204921,False,38775000.0,0.87,44.56896551724138,1.831806827643634,2.8309741881765182,7.163198247535604,17.647058823529044,82.35294117647096,True,17.32,False,False,False,False,True,False
299,000820,神雾节能,M 科研服务,腾讯前复权日K回退（成交额、换手率已提供）,False,2026-08-03,3.87,3.286,2.9525,True,True,True,True,3.52,9.94318181818182,True,75.87305445862111,0.09081909692621482,-0.028373772930676795,0.2383857397137832,True,False,False,False,,,55.3082564872332,36.4129972908542,93.09877487999121,False,False,2026-07-23,6.0,True,674578.0,33773.8,19.973411342519938,False,259758900.0,22.72,11.433050176056339,9.943181818181813,7.1022727272727275,31.07535986452159,0.0,100.0,True,3.97,False,True,False,True,False,False
300,000821,ST京机,C 制造业,腾讯前复权日K回退（成交额、换手率已提供）,False,2026-08-03,7.23,7.037999999999999,7.161999999999999,True,True,False,True,8.48,-14.740566037735848,False,45.878757345464514,-0.31365764836153165,-0.401173735281143,0.17503217383922265,True,False,False,False,2026-07-27,5.0,10.489955376005868,8.642813171491069,14.18423978503547,False,False,2026-07-23,7.0,True,65827.0,61065.6,1.0779718859718075,False,46985800.0,1.09,43.10623853211009,2.553191489361706,3.404255319148939,0.9494554593689108,8.333333333333147,91.66666666666686,True,10.95,False,False,False,False,False,False
301,000822,山东海化,C 制造业,腾讯前复权日K回退（成交额、换手率已提供）,False,2026-08-03,4.36,4.23,4.0785,True,True,True,True,4.28,1.8691588785046744,True,57.43420000174216,-0.026530391550436683,-0.08551665686600836,0.11797253063114335,True,False,False,False,,,13.795519152295222,11.369088658539939,18.64838013980579,False,False,,,False,177033.0,133455.2,1.326535046967072,False,76281500.0,1.98,38.5260101010101,3.31753554502372,3.0805687203791448,6.90204732131912,0.0,100.0,True,5.7,False,True,False,False,True,False
302,000823,超声电子,C 制造业,腾讯前复权日K回退（成交额、换手率已提供）,False,2026-08-03,12.67,12.7,14.845500000000001,False,False,False,False,22.51,-43.71390493114172,False,35.50788946401579,-1.914004318554671,-1.7849351374229694,-0.25813836226340303,False,True,False,False,,,6.374245956209587,7.834784300623362,3.4531692673820373,False,False,,,False,354349.0,492444.2,0.7195718824589669,False,445258800.0,5.96,74.70785234899328,0.5555555555555536,3.492063492063488,-14.654272338419059,18.18181818181822,81.81818181818178,True,29.77,False,False,False,False,False,False
303,000825,太钢不锈,C 制造业,腾讯前复权日K回退（成交额、换手率已提供）,False,2026-08-03,3.68,3.6119999999999997,3.5035,True,True,True,True,3.69,-0.27100271002709453,False,59.392946123612965,0.004213264008983586,-0.029505707172439992,0.06743794236284716,True,False,False,False,2026-07-10,16.0,23.863469986779787,20.38085422171598,30.8287015169074,False,False,,,False,319626.0,333638.0,0.9580023858193611,False,117314300.0,0.56,209.4898214285714,1.377410468319562,2.203856749311297,5.037819323533619,25.0,75.0,True,4.43,False,False,False,False,True,False
304,000826,*ST启环,N 公共环保,腾讯前复权日K回退（成交额、换手率已提供）,False,2026-08-03,1.83,1.61,1.6235,True,True,False,True,2.0,-8.499999999999996,False,57.34822494490326,-0.0846311641517512,-0.13165991468207347,0.09405750106064453,True,False,False,False,2026-07-30,2.0,30.166290868115635,20.084307523181284,50.33025755798433,False,False,2026-07-23,7.0,True,826781.0,390121.8,2.1192894116657928,True,152527300.0,5.8,26.297810344827585,5.780346820809257,8.670520231213867,12.719433323067456,46.666666666666586,53.333333333333414,False,2.49,False,True,False,False,True,True
305,000828,东莞控股,G 运输仓储,腾讯前复权日K回退（成交额、换手率已提供）,False,2026-08-03,10.18,10.052000000000001,9.8625,True,True,True,True,10.17,0.09832841691248562,True,64.37660721004644,0.08507198409705019,0.04561559507117722,0.07891277805174594,True,False,False,False,,,65.92554084974087,57.20886239969434,83.35889774983394,False,False,,,False,55384.0,63772.0,0.868468920529386,False,56376200.0,0.53,106.37018867924529,0.2955665024630516,1.5763546798029568,3.219264892268684,56.249999999999865,43.75000000000014,False,10.5,False,False,False,False,True,False
306,000829,天音控股,F 批发零售,腾讯前复权日K回退（成交额、换手率已提供）,False,2026-08-03,8.57,8.504000000000001,8.294500000000001,True,True,True,True,9.35,-8.342245989304805,False,53.295581149948475,0.0626149410296275,0.021683650999874467,0.08186258005950607,True,False,False,False,,,26.389250986334005,26.08511390766695,26.997525143668113,True,False,,,False,150407.0,233265.0,0.6447902600047156,False,127662600.0,1.47,86.84530612244897,1.7814726840855055,2.375296912114027,3.321478087889555,0.0,100.0,True,11.72,False,False,False,False,False,False
307,000830,鲁西化工,C 制造业,腾讯前复权日K回退（成交额、换手率已提供）,False,2026-08-03,13.1,12.762,12.282,True,True,True,True,13.59,-3.605592347314203,False,57.7383974176463,0.05626089146016966,-0.06386846948917252,0.24025872189868436,True,False,False,False,2026-07-20,10.0,24.350035615358664,20.530795022830237,31.988516800415518,False,False,2026-07-20,10.0,True,398031.0,279846.4,1.4223195295705071,False,512641100.0,2.09,245.28282296650718,3.639240506329111,6.4873417721519,6.6601530695326465,10.97560975609754,89.02439024390246,True,15.94,False,False,False,False,True,False
308,000831,中国稀土,C 制造业,腾讯前复权日K回退（成交额、换手率已提供）,False,2026-08-03,48.78,47.762,47.797,True,True,False,True,55.25,-11.710407239819002,False,47.81828113565352,-1.2347586579601142,-1.535366104550412,0.6012148931805954,True,False,False,False,2026-07-23,7.0,15.451943607271986,14.696921089335993,16.96198864314397,True,False,2026-08-03,0.0,True,213777.0,186797.0,1.1444348677976628,False,1039607600.0,2.01,517.2177114427861,2.0075282308657405,4.496026767043075,2.056614431868118,21.86046511627903,78.13953488372097,True,66.85,False,False,False,False,False,False
309,000833,粤桂股份,S 综合,腾讯前复权日K回退（成交额、换手率已提供）,False,2026-08-03,19.47,19.122000000000003,19.8325,True,False,False,False,24.79,-21.460266236385642,False,42.06348153662186,-1.0039858206889214,-1.0976474785673347,0.1873233157568266,True,False,False,False,2026-07-27,5.0,10.735454255536757,10.528675924874152,11.149010916861965,True,False,2026-08-03,0.0,True,195244.0,196553.8,0.9933361756424959,False,377230700.0,4.3,87.72806976744187,2.689873417721511,4.483122362869206,-1.8278078910878643,9.411764705882554,90.58823529411745,True,29.8,False,True,True,False,True,False
310,000837,秦川机床,C 制造业,腾讯前复权日K回退（成交额、换手率已提供）,False,2026-08-03,9.83,9.386,9.503499999999999,True,True,False,True,12.4,-20.725806451612904,False,49.12984810675578,-0.4819193389698295,-0.6272201680836521,0.29060165822764517,True,False,False,False,2026-07-29,3.0,18.174779882257923,12.788642829015586,28.947053988742596,False,False,2026-07-28,4.0,True,153080.0,165306.0,0.9260401921285374,False,150196400.0,1.52,98.81342105263157,1.5495867768595017,2.3760330578512443,3.4355763666017904,43.478260869564984,56.52173913043502,False,13.6,False,False,False,False,True,False
312,000839,国安股份,I 信息技术,腾讯前复权日K回退（成交额、换手率已提供）,False,2026-08-03,2.72,2.734,2.5305,False,True,True,True,2.94,-7.482993197278903,False,54.64484825221873,0.016401196523634365,-0.030976124718538396,0.09475464248434552,True,False,False,False,2026-07-16,12.0,27.669527309477036,23.713666859003734,35.581248210423645,False,False,2026-07-22,8.0,True,952999.0,1733650.6,0.5497064979529324,False,258553500.0,2.43,106.40061728395061,-1.805054151624541,2.5270758122743624,7.488638608970569,28.571428571428665,57.14285714285733,False,3.71,False,False,False,False,True,False
313,000848,承德露露,C 制造业,腾讯前复权日K回退（成交额、换手率已提供）,False,2026-08-03,9.3,8.947999999999999,8.376000000000001,True,True,True,True,9.19,1.1969532100108946,True,74.8147551418408,0.2764762146938491,0.17126467023405414,0.21042308891958988,True,False,False,False,2026-07-28,4.0,90.9917187344666,84.95818348804939,103.05878922730105,False,False,,,False,256470.0,274045.8,0.9358654648237631,False,238001300.0,2.54,93.70129921259841,3.3333333333333437,4.22222222222223,11.031518624641826,21.052631578947345,78.94736842105266,True,9.19,True,False,False,False,False,False
314,000850,华茂股份,C 制造业,腾讯前复权日K回退（成交额、换手率已提供）,False,2026-08-03,4.05,3.996,3.8709999999999996,True,True,True,True,4.14,-2.1739130434782576,False,60.293152728127474,0.0628097149626452,0.04458266671795082,0.03645409648938877,True,False,False,False,,,36.53024913728467,34.23447897626739,41.12178945931923,False,False,,,False,75933.0,64288.0,1.1811380039820807,False,30485000.0,0.8,38.10625,2.2727272727272707,2.525252525252516,4.624128132265572,0.0,100.0,True,4.46,False,False,False,False,False,False
315,000852,石化机械,C 制造业,腾讯前复权日K回退（成交额、换手率已提供）,False,2026-08-03,5.43,5.2459999999999996,5.0945,True,True,True,True,5.4,0.5555555555555437,True,58.12003867562556,-0.02481522349179155,-0.09056157130374905,0.131492695623915,True,False,False,False,,,17.290454334787373,13.852297856683249,24.166767290995626,False,False,,,False,144403.0,112325.0,1.2855820164700646,False,77664600.0,1.52,51.095131578947374,3.0360531309297834,3.6053130929791353,6.585533418392378,5.263157894737187,94.73684210526281,True,7.55,False,True,False,False,False,False
316,000856,冀东装备,C 制造业,腾讯前复权日K回退（成交额、换手率已提供）,False,2026-08-03,7.81,7.461999999999999,7.214999999999999,True,True,True,True,7.8,0.12820512820512547,True,58.06848116679816,-0.0940344343350965,-0.22600124282590672,0.26393361698162043,True,False,False,False,,,17.524737279740876,14.056225952085512,24.461759935051603,False,False,,,False,45241.0,44203.4,1.0234733074831348,False,35039800.0,1.99,17.607939698492462,3.3068783068783025,3.8359788359788363,8.246708246708256,13.793103448275874,86.20689655172413,True,10.99,False,False,False,True,False,False
317,000858,五 粮 液,C 制造业,腾讯前复权日K回退（成交额、换手率已提供）,False,2026-08-03,78.06,76.91799999999999,73.564,True,True,True,True,78.84,-0.9893455098934565,False,61.5543486611346,0.7767808377534209,-0.040249234356339536,1.6340601442195208,True,False,False,False,,,25.942160298323017,22.71653976662003,32.39340136172899,False,False,,,False,279082.0,430492.4,0.6482855446460843,False,2179962600.0,0.72,3027.725833333334,0.07692307692308553,1.4871794871794828,6.111685063346215,51.72413793103414,48.27586206896586,False,90.22,False,True,False,False,True,False
318,000859,国风新材,C 制造业,腾讯前复权日K回退（成交额、换手率已提供）,False,2026-08-03,8.27,8.245999999999999,7.961499999999999,True,True,True,True,9.66,-14.389233954451353,False,47.374507426736656,-0.4215518156496181,-0.5974218400294065,0.35174004875957676,True,False,False,False,2026-07-28,4.0,29.908535141283142,25.666936543068235,38.39173233771296,False,False,2026-07-21,9.0,True,447338.0,546679.2,0.818282458889967,False,363028900.0,4.99,72.75128256513025,-0.12077294685990392,5.917874396135268,3.8748979463668967,28.571428571428676,71.42857142857133,True,12.19,False,False,False,False,True,False
319,000860,顺鑫农业,C 制造业,腾讯前复权日K回退（成交额、换手率已提供）,False,2026-08-03,11.29,11.03,10.639,True,True,True,True,11.32,-0.265017667844533,False,61.73078147591567,0.16482617596082427,0.08465016667468479,0.16035201857227896,True,False,False,False,,,40.61364241063573,34.02655097693107,53.78782527804505,False,False,,,False,84746.0,124205.8,0.6823030808545173,False,95365100.0,1.14,83.65359649122807,0.8035714285714368,1.8750000000000075,6.118996146254346,9.523809523810128,90.47619047618987,True,12.88,False,False,False,False,False,False
320,000862,银星能源,D 水电煤气,腾讯前复权日K回退（成交额、换手率已提供）,False,2026-08-03,5.63,5.654,5.2155000000000005,False,True,True,False,6.24,-9.775641025641029,False,54.04948612213919,0.09368226750795561,0.010374115727901676,0.16661630356010787,True,False,False,False,2026-07-08,18.0,22.796119844674234,22.648584951462905,23.09118963109689,False,False,,,False,349094.0,676082.8,0.5163479976121268,False,196158100.0,5.56,35.280233812949646,1.441441441441449,3.2432432432432545,7.947464289138134,33.3333333333335,66.6666666666665,False,7.72,False,False,False,False,False,False
321,000863,三湘印象,K 房地产,腾讯前复权日K回退（成交额、换手率已提供）,False,2026-08-03,3.84,3.7659999999999996,3.8795,True,False,False,True,4.42,-13.122171945701359,False,45.49581121070328,-0.17786410440495892,-0.20767117325443865,0.05961413769895946,True,False,False,False,2026-07-29,3.0,12.042162790821344,10.137492912039034,15.851502548385962,False,False,2026-07-28,4.0,True,130195.0,179285.6,0.7261877139045188,False,49657500.0,1.12,44.33705357142857,2.127659574468077,4.787234042553185,-1.0181724449027016,11.11111111111114,88.88888888888886,True,6.05,False,False,False,False,False,False
322,000868,安凯客车,C 制造业,腾讯前复权日K回退（成交额、换手率已提供）,False,2026-08-03,3.68,3.6079999999999997,3.44,True,True,True,True,3.7,-0.540540540540541,False,61.60847735696006,0.012103276232055205,-0.038527590047033315,0.10126173255817704,True,False,False,False,,,25.703686577099532,21.211138985713937,34.68878175987072,False,False,2026-07-27,5.0,True,91932.0,110102.0,0.8349712085157399,False,33597500.0,0.98,34.28316326530612,1.377410468319562,2.203856749311297,6.976744186046519,12.499999999999723,87.50000000000028,True,4.53,False,False,False,False,True,False
323,000869,张 裕Ａ,C 制造业,腾讯前复权日K回退（成交额、换手率已提供）,False,2026-08-03,17.82,17.625999999999998,16.898000000000003,True,True,True,True,17.88,-0.3355704697986506,False,63.89229519237822,0.2249881181845268,0.06674344249275191,0.3164893513835498,True,False,False,False,2026-07-06,20.0,56.067210006961965,48.77152451468675,70.65858099151238,False,False,,,False,11538.0,14828.2,0.7781119758298377,False,20528000.0,0.25,82.112,-0.1680672268907668,1.4005602240896358,5.456267013847774,51.9999999999996,48.0000000000004,False,19.25,False,False,False,False,True,False
324,000875,电投绿能,D 水电煤气,腾讯前复权日K回退（成交额、换手率已提供）,False,2026-08-03,5.57,5.372,5.0920000000000005,True,True,True,True,5.49,1.4571948998178519,True,59.93390603441765,-0.017574536308658573,-0.11701536511752549,0.19888165761773383,True,False,False,False,2026-07-14,14.0,23.873456435270665,19.355486188868994,32.909396928074,False,False,,,False,430574.0,586810.0,0.7337536851791892,False,237850800.00000003,1.29,184.3804651162791,2.2018348623853212,3.302752293577976,9.387274155538092,5.555555555555445,94.44444444444456,True,7.38,False,False,False,False,False,False
325,000876,新 希 望,C 制造业,腾讯前复权日K回退（成交额、换手率已提供）,False,2026-08-03,7.06,6.964,7.034000000000001,True,True,False,True,7.47,-5.488621151271756,False,52.866129480378255,-0.005916824111834806,-0.017382010615259832,0.022930373006850052,True,False,False,False,2026-07-31,1.0,36.6561639769123,35.45877673341079,39.050938463915344,False,False,,,False,294751.0,269476.6,1.0937907039052743,False,207918700.0,0.66,315.0283333333333,0.8571428571428452,1.8571428571428554,0.3696332101222478,38.46153846153904,61.538461538460965,False,8.82,False,False,False,False,False,False
326,000877,天山股份,C 制造业,腾讯前复权日K回退（成交额、换手率已提供）,False,2026-08-03,3.86,3.776,3.678,True,True,True,True,3.83,0.7832898172323709,True,57.050913040594864,-0.026352125671077697,-0.07141559754473893,0.09012694374732247,True,False,False,False,2026-07-06,20.0,15.60144512828375,11.380492981408985,24.04334942203328,False,False,2026-07-29,3.0,True,106542.0,145039.6,0.7345717997015987,False,40999700.0,0.15,273.33133333333336,0.7832898172323688,1.3054830287206336,4.948341489940184,20.000000000000355,79.99999999999964,True,4.88,False,False,False,False,False,False
327,000878,云南铜业,C 制造业,腾讯前复权日K回退（成交额、换手率已提供）,False,2026-08-03,15.96,15.63,15.223000000000003,True,True,True,True,16.55,-3.5649546827794554,False,52.16560552428198,-0.20086656862706498,-0.39162846532981477,0.3815237934054996,True,False,False,False,2026-07-22,8.0,24.184554239529955,20.668149082005034,31.217364554579795,False,False,2026-07-21,9.0,True,311754.0,316113.2,0.9862100032519996,False,493704600.0,1.56,316.47730769230765,0.8849557522123908,2.654867256637168,4.84135847073506,7.142857142856991,92.857142857143,True,20.92,False,False,False,True,True,False
328,000880,潍柴重机,C 制造业,腾讯前复权日K回退（成交额、换手率已提供）,False,2026-08-03,22.13,21.559999999999995,21.9095,True,True,False,True,24.98,-11.40912730184148,False,47.226180378840006,-0.8012845228786674,-1.0412240649047932,0.47987908405225177,True,False,False,False,2026-07-23,7.0,12.484073775148838,10.969595483470174,15.513030358506168,False,False,2026-07-22,8.0,True,90631.0,87591.8,1.034697311848826,False,200000400.0,3.99,50.12541353383458,1.9345923537540166,2.210962690004608,1.0064127433305081,27.083333333333844,72.91666666666616,True,37.13,False,False,False,False,True,False
329,000881,中广核技,C 制造业,腾讯前复权日K回退（成交额、换手率已提供）,False,2026-08-03,6.61,6.404000000000001,6.258000000000001,True,True,True,True,6.59,0.3034901365705685,True,57.86227522357038,-0.06632712816777087,-0.14316409031328725,0.15367392429103277,True,False,False,False,2026-07-06,20.0,18.047196195232775,14.03943560473929,26.062717376219748,False,False,2026-07-23,7.0,True,174494.0,73321.8,2.379837919963776,True,114743400.0,1.93,59.45253886010363,3.281249999999991,4.218749999999993,5.624800255672729,25.925925925925743,74.07407407407426,True,8.26,False,False,False,False,True,False
330,000882,华联股份,L 商务服务,腾讯前复权日K回退（成交额、换手率已提供）,False,2026-08-03,1.45,1.412,1.3665,True,True,True,True,1.45,0.0,False,59.92115870409623,0.007148121023403009,-0.005912735214196083,0.026121712475198185,True,False,False,False,2026-07-08,18.0,30.428930662642728,24.32212053649343,42.642550914941324,False,False,2026-07-28,4.0,True,487553.0,618744.0,0.7879720853858785,False,70097800.0,1.78,39.38078651685393,2.1126760563380254,2.1126760563380302,6.110501280643974,0.0,100.0,True,1.65,False,False,False,False,False,False
331,000883,湖北能源,D 水电煤气,腾讯前复权日K回退（成交额、换手率已提供）,False,2026-08-03,4.82,4.726,4.5575,True,True,True,True,4.84,-0.41322314049585895,False,61.7160701017962,0.0645074723906891,0.029732908776686717,0.06954912722800477,True,False,False,False,2026-07-09,17.0,54.01450744219449,50.26729578221341,61.508930762156666,False,False,,,False,371392.0,312277.4,1.1893015632895623,False,178484400.0,0.57,313.1305263157895,2.1186440677966267,2.9661016949152477,5.759736697750964,21.42857142857102,78.57142857142898,True,5.31,False,False,False,False,False,False
332,000885,城发环境,N 公共环保,腾讯前复权日K回退（成交额、换手率已提供）,False,2026-08-03,13.24,12.9,12.5775,True,True,True,True,12.98,2.0030816640986115,True,65.99203916741541,0.10653278811684963,0.023514753082979435,0.1660360700677404,True,False,False,False,2026-07-06,20.0,45.52690460757984,37.47814215815841,61.624429506422686,False,False,,,False,64664.0,47115.4,1.3724599600130742,False,85140100.0,1.01,84.29712871287128,2.3183925811437467,3.0139103554868667,5.267342476644799,15.384615384615492,84.61538461538451,True,14.05,False,False,False,False,False,False
333,000886,海南高速,G 运输仓储,腾讯前复权日K回退（成交额、换手率已提供）,False,2026-08-03,4.7,4.582000000000001,4.392,True,True,True,True,4.64,1.2931034482758728,True,65.35831451191879,0.059445707186719154,0.015540196070836438,0.08781102223176543,True,False,False,False,,,32.29718932744867,27.83542186511016,41.220724252125684,False,False,,,False,133691.0,130649.0,1.0232837603043268,False,62238200.0,1.37,45.42934306569342,2.3965141612200425,2.614379084967323,7.012750455373403,0.0,100.0,True,5.51,False,False,False,False,True,False
334,000887,中鼎股份,C 制造业,腾讯前复权日K回退（成交额、换手率已提供）,False,2026-08-03,17.29,17.006,17.758000000000003,True,False,False,True,20.79,-16.835016835016837,False,45.862644580483305,-0.5901508013364634,-0.6167279772926266,0.053154351912326536,True,False,True,False,,,14.22993378210439,12.7207744197727,17.248252506767766,False,False,2026-07-31,1.0,True,186942.0,238465.4,0.7839376278487361,False,323613000.0,1.42,227.89647887323943,0.2318840579710102,1.6231884057971082,-2.635431918008804,67.85714285714303,32.14285714285696,False,22.75,False,True,False,False,True,False
335,000888,峨眉山Ａ,N 公共环保,腾讯前复权日K回退（成交额、换手率已提供）,False,2026-08-03,9.89,9.693999999999999,9.398,True,True,True,True,9.94,-0.5030181086519008,False,60.29063263333498,0.06610150688991645,-0.015556449030382391,0.16331591184059768,True,False,False,False,,,25.410832942662875,21.840566170923438,32.551366486141745,False,False,2026-07-28,4.0,True,64306.0,82616.0,0.7783722281398276,False,63425800.0,1.22,51.98836065573771,0.815494393476035,2.038735983690123,5.235156416258787,34.99999999999995,65.00000000000004,False,11.37,False,False,False,False,True,False
336,000889,中嘉博创,I 信息技术,腾讯前复权日K回退（成交额、换手率已提供）,False,2026-08-03,3.75,3.6439999999999997,3.4234999999999998,True,True,True,True,4.16,-9.855769230769234,False,55.01073692624574,0.0407437179942991,-0.005147068864499699,0.0917815737175976,True,False,False,False,2026-07-15,13.0,26.834434212252386,25.82526505038452,28.852772535988116,False,False,,,False,475468.0,670331.6,0.7093026794499916,False,177176400.0,5.47,32.39056672760512,1.9021739130434812,3.8043478260869596,9.537023513947721,42.857142857142854,57.14285714285714,False,5.89,False,False,False,False,True,False
337,000890,法尔胜,C 制造业,腾讯前复权日K回退（成交额、换手率已提供）,False,2026-08-03,7.11,6.692,6.7495,True,True,False,True,8.02,-11.346633416458845,False,47.21204423784351,-0.5164416132311809,-0.6872771743390221,0.3416711222156825,True,False,False,False,2026-07-22,8.0,9.858735490246222,8.376821210555018,12.822564049628628,False,False,2026-07-22,8.0,True,228901.0,156719.6,1.4605767242897505,False,160910600.0,5.46,29.47080586080586,5.646359583952454,6.09212481426449,5.341136380472628,12.195121951219464,87.80487804878054,True,14.89,False,False,False,False,False,False
338,000892,欢瑞世纪,R 文化传播,腾讯前复权日K回退（成交额、换手率已提供）,False,2026-08-03,3.79,3.5060000000000002,3.5550000000000006,True,True,False,True,4.62,-17.965367965367967,False,54.666014847236184,-0.0706996455432618,-0.1173343503151376,0.0932694095437516,True,False,False,False,2026-07-31,1.0,16.672645316039297,12.306532213540015,25.404871521037865,False,False,2026-07-29,3.0,True,1380878.0,816263.2,1.691706792612971,False,526688200.0,19.43,27.10695831188883,2.7100271002709952,5.691056910569105,6.610407876230644,23.80952380952394,23.80952380952373,False,4.92,False,False,False,False,False,True
339,000893,亚钾国际,C 制造业,腾讯前复权日K回退（成交额、换手率已提供）,False,2026-08-03,50.52,51.30799999999999,45.433,False,True,True,True,54.75,-7.726027397260268,False,59.61733284826282,2.025407241364441,1.1531185383718487,1.7445774059851842,True,False,False,False,2026-07-15,13.0,46.33599717786071,42.048459445985515,54.9110726416111,False,False,,,False,130837.0,182839.4,0.715584277786954,False,659952300.0,1.61,409.9082608695652,-2.583879676050904,5.032780563054376,11.196707239231403,11.11111111111108,57.08812260536408,False,54.75,False,False,False,False,True,False
340,000895,双汇发展,C 制造业,腾讯前复权日K回退（成交额、换手率已提供）,False,2026-08-03,26.19,26.160000000000004,24.6955,True,True,True,True,26.87,-2.53070338667659,False,65.05847752218472,0.6290247338613639,0.4161997447852315,0.4256499781522649,True,False,False,False,,,58.44563331293608,53.792615584827274,67.7516687691537,False,False,,,False,146949.0,152096.2,0.9661582603641642,False,387213900.0,0.42,921.9378571428572,0.7695267410542606,2.539438245479031,6.051709825676752,80.30303030302991,19.69696969697008,False,27.48,False,False,False,False,True,False
341,000897,津滨发展,K 房地产,腾讯前复权日K回退（成交额、换手率已提供）,False,2026-08-03,1.79,1.75,1.7005,True,True,True,True,1.79,0.0,False,58.371071920260256,-0.0030324726294477244,-0.020633789935311477,0.035202634611727505,True,False,False,False,2026-07-06,20.0,23.033330621881532,18.81020279947625,31.479586266692095,False,False,2026-07-27,5.0,True,330062.0,258667.8,1.2760072958443225,False,58589500.0,2.04,28.7203431372549,2.285714285714291,2.285714285714288,5.2631578947368505,0.0,100.0,True,2.19,False,True,False,False,False,False
342,000898,鞍钢股份,C 制造业,腾讯前复权日K回退（成交额、换手率已提供）,False,2026-08-03,2.11,2.056,1.9669999999999999,True,True,True,True,2.1,0.476190476190466,True,65.9043635727262,0.02925674571637238,0.009974880488208774,0.03856373045632721,True,False,False,False,,,38.00518151219336,30.801053525152742,52.413437486274596,False,False,,,False,585438.0,405893.6,1.4423435107131526,False,123149700.0,0.74,166.41851351351352,2.9268292682926855,3.9024390243902474,7.269954245043214,25.0,75.0,True,2.33,False,False,False,False,True,False
343,000899,赣能股份,D 水电煤气,腾讯前复权日K回退（成交额、换手率已提供）,False,2026-08-03,11.08,10.844,10.437000000000001,True,True,True,True,11.77,-5.862361937128288,False,53.6679237890736,0.01718006383748083,-0.1015312632366388,0.23742265414823926,True,False,False,False,2026-07-13,15.0,26.528362774297634,24.967635294256354,29.649817734380193,False,False,,,False,189282.0,208313.6,0.9086396663491966,False,209749500.0,1.94,108.11829896907217,1.931922723091084,2.575896964121429,6.1607741688224475,42.85714285714268,57.14285714285733,False,15.2,False,False,False,False,True,False
344,000900,现代投资,G 运输仓储,腾讯前复权日K回退（成交额、换手率已提供）,False,2026-08-03,3.8,3.75,3.7045000000000003,True,True,True,True,3.82,-0.5235602094240842,False,60.89196428900001,0.022701331884205977,0.011646425587190208,0.02210981259403154,True,False,False,False,,,49.883628170140234,44.44257447828369,60.76573555385332,False,False,,,False,150995.0,104496.0,1.44498354003981,False,57354200.0,0.99,57.933535353535355,1.0638297872340496,1.8617021276595702,2.5779457416655274,28.571428571428665,71.42857142857135,True,4.09,False,True,False,True,False,False
345,000901,航天科技,C 制造业,腾讯前复权日K回退（成交额、换手率已提供）,False,2026-08-03,14.54,14.078,14.5905,True,False,False,True,18.76,-22.494669509594896,False,43.88495321369177,-0.9277997157477476,-1.1147717609063041,0.3739440903171132,True,False,False,False,2026-07-29,3.0,12.257163615358115,10.291414536419666,16.18866177323501,False,False,2026-07-21,9.0,True,141043.0,148879.2,0.947365380791944,False,203663300.00000003,1.77,115.06401129943504,2.974504249291776,3.6827195467422067,-0.34611562317947514,15.38461538461541,84.6153846153846,True,25.08,False,True,False,False,True,False
346,000902,新洋丰,C 制造业,腾讯前复权日K回退（成交额、换手率已提供）,False,2026-08-03,13.85,13.794,13.095500000000001,True,True,True,True,14.1,-1.773049645390071,False,61.554043609838935,0.3372471330902087,0.24027684643113767,0.19394057331814207,True,False,False,False,,,49.320921413836324,42.4833830205696,62.99599820036978,False,False,,,False,100748.0,109359.0,0.9212593385089476,False,139733900.0,0.88,158.78852272727272,-1.0714285714285787,1.8571428571428554,5.761521133213686,38.46153846153836,30.76923076923082,False,15.71,False,False,False,False,False,False
347,000903,ST云动,C 制造业,腾讯前复权日K回退（成交额、换手率已提供）,False,2026-08-03,1.8,1.7420000000000002,1.7165,True,True,True,True,1.98,-9.090909090909088,False,53.754050397866635,-0.03104205533537563,-0.05083421909089077,0.039584327511030276,True,False,False,False,2026-07-27,5.0,20.36526167681759,17.285082071233095,26.525620887986577,False,False,2026-07-22,8.0,True,202565.0,149844.8,1.3518320288725403,False,35983700.0,1.05,34.27019047619048,3.4482758620689724,4.02298850574713,4.864549956306445,14.285714285714285,85.71428571428571,True,2.19,False,False,False,False,False,False
348,000905,厦门港务,F 批发零售,腾讯前复权日K回退（成交额、换手率已提供）,False,2026-08-03,8.79,8.542,8.1655,True,True,True,True,8.6,2.20930232558139,True,60.3283828396376,0.041732181715913086,-0.06776051564061226,0.2189853947130507,True,False,False,False,,,21.848518475419514,18.986900521742044,27.571754382774458,False,False,,,False,107715.0,115807.2,0.9301235156363336,False,93765600.0,1.45,64.66593103448277,2.8070175438596356,3.2748538011696033,7.648031351417542,3.571428571429115,96.42857142857089,True,11.82,False,True,False,False,False,False
349,000906,浙商中拓,L 商务服务,腾讯前复权日K回退（成交额、换手率已提供）,False,2026-08-03,5.62,5.444,5.357,True,True,True,True,5.65,-0.530973451327438,False,59.895214427374235,-0.003103320075982907,-0.04565090620000006,0.08509517224803431,True,False,False,False,,,28.992146949223173,24.755346252924287,37.46574834182095,False,False,,,False,103449.0,60870.2,1.69950156234085,False,57478900.0,1.48,38.837094594594596,2.5547445255474477,4.379562043795624,4.909464252380062,16.666666666666664,83.33333333333334,True,6.82,False,False,False,False,True,False
350,000908,石药景峰,C 制造业,腾讯前复权日K回退（成交额、换手率已提供）,False,2026-08-03,6.02,6.056,6.523000000000001,False,False,False,False,7.84,-23.21428571428572,False,43.51830853208102,-0.13992529348468263,-0.06941919406002964,-0.141012198849306,False,True,False,False,,,28.060206317412398,32.57572729123621,19.02916436976477,False,False,,,False,112504.0,209670.2,0.5365760131864232,False,67547500.0,1.28,52.771484375,0.6688963210702115,2.508361204013369,-7.711175839337743,53.33333333333356,46.66666666666643,False,7.99,False,False,False,False,True,False
351,000909,*ST数源,K 房地产,腾讯前复权日K回退（成交额、换手率已提供）,False,2026-08-03,4.36,4.356,4.0845,True,True,True,True,4.84,-9.917355371900817,False,56.16786991578673,0.03113801770188207,-0.03813834373659406,0.13855272287695225,True,False,False,False,2026-07-28,4.0,24.025622671798015,20.986317366870576,30.10423328165289,False,False,2026-07-27,5.0,True,38205.0,83332.6,0.4584640344835034,False,16870300.0,0.87,19.391149425287356,0.0,4.816513761467888,6.7450116293303966,85.7142857142856,14.285714285714407,False,5.36,False,True,False,False,False,False
352,000910,大亚圣象,C 制造业,腾讯前复权日K回退（成交额、换手率已提供）,False,2026-08-03,5.27,5.104,5.1594999999999995,True,True,False,True,5.6,-5.892857142857145,False,50.70553749118106,-0.13561230709772154,-0.18287888111064926,0.09453314802585544,True,False,False,False,2026-07-29,3.0,12.916255032492176,9.691847091755847,19.365070913964836,False,False,2026-07-29,3.0,True,47403.0,63488.8,0.7466356270712314,False,24705100.000000004,0.87,28.396666666666675,2.529182879377423,3.1128404669260727,2.1416803953871506,6.2500000000004166,93.74999999999959,True,7.49,False,True,False,False,True,False
353,000911,*ST广糖,C 制造业,腾讯前复权日K回退（成交额、换手率已提供）,False,2026-08-03,4.44,4.2219999999999995,4.0815,True,True,True,True,4.38,1.3698630136986416,True,58.78226212734965,-0.051549066053269144,-0.1302634381139091,0.15742874412127994,True,False,False,False,,,22.10125494571362,18.838069292705054,28.627626251730753,False,False,2026-07-27,5.0,True,56255.0,31668.4,1.7763764509732098,False,24520800.0,1.41,17.39063829787234,6.220095693779926,5.980861244019139,8.783535464902616,0.0,100.0,True,6.52,False,False,False,False,False,False
354,000912,泸天化,C 制造业,腾讯前复权日K回退（成交额、换手率已提供）,False,2026-08-03,3.68,3.6119999999999997,3.4809999999999994,True,True,True,True,3.7,-0.540540540540541,False,58.249925261472136,0.023480658732886184,-0.01153065949161711,0.07002263644900658,True,False,False,False,,,16.270348979676978,14.152754678359978,20.505537582310975,False,False,,,False,170308.0,186168.8,0.914804199199866,False,62268700.0,1.09,57.12724770642201,2.2222222222222143,3.055555555555552,5.716748060902062,9.090909090908909,90.90909090909109,True,4.55,False,False,False,False,False,False
355,000913,钱江摩托,C 制造业,腾讯前复权日K回退（成交额、换手率已提供）,False,2026-08-03,12.15,11.738,10.927499999999998,True,True,True,True,12.3,-1.219512195121954,False,67.78635666780464,0.22547721607348592,0.02642645641462694,0.398101519317718,True,False,False,False,2026-07-08,18.0,29.55375800787984,23.52381951433865,41.61363499496222,False,False,2026-07-27,5.0,True,58270.0,84330.6,0.6909710117086798,False,71085300.0,1.12,63.46901785714285,1.2499999999999956,2.2500000000000115,11.187371310912853,55.555555555555415,44.44444444444459,False,12.84,False,False,False,False,True,False
356,000915,华特达因,C 制造业,腾讯前复权日K回退（成交额、换手率已提供）,False,2026-08-03,26.05,25.68,25.256,True,True,True,True,26.3,-0.9505703422053232,False,57.21784239538812,0.07424107711828398,-0.037690190276082926,0.2238625347887338,True,False,False,False,2026-07-29,3.0,27.479188076298556,22.667680084105616,37.102204060684436,False,False,2026-07-29,3.0,True,26422.0,26998.8,0.9786360875298161,False,68934800.0,1.13,61.00424778761062,0.2308580223162826,1.6160061562139214,3.143807412100097,59.52380952380979,33.33333333333361,False,27.57,False,True,False,False,False,False
357,000917,电广传媒,I 信息技术,腾讯前复权日K回退（成交额、换手率已提供）,False,2026-08-03,7.16,6.88,6.6015,True,True,True,True,7.16,0.0,False,58.54513721877625,-0.027925414243269664,-0.13817980659291865,0.22050878469929797,True,False,False,False,2026-07-09,17.0,19.030566218717468,14.52873468165418,28.034229292844042,False,False,2026-07-27,5.0,True,229239.0,293893.8,0.7800062471545844,False,162944700.0,1.62,100.58314814814814,1.849217638691325,2.9871977240398286,8.460198439748549,14.285714285714407,85.7142857142856,True,9.06,False,False,False,False,True,False
358,000919,金陵药业,C 制造业,腾讯前复权日K回退（成交额、换手率已提供）,False,2026-08-03,6.36,6.252,6.1995,True,True,True,True,6.57,-3.1963470319634695,False,55.96774948293151,0.018463837931663285,-0.0006231456096147184,0.03817396708255601,True,False,False,False,2026-07-29,3.0,14.796126288862476,13.522840944370474,17.342696977846483,False,False,2026-07-29,3.0,True,81603.0,99947.8,0.8164561901312485,False,51624799.99999999,1.31,39.40824427480915,1.1128775834658322,1.2718600953895083,2.5889184611662355,0.0,100.0,True,7.27,False,False,False,False,False,False
359,000920,沃顿科技,C 制造业,腾讯前复权日K回退（成交额、换手率已提供）,False,2026-08-03,10.83,10.942,12.1705,False,False,False,False,15.24,-28.937007874015748,False,39.13280742142852,-0.6553717178754699,-0.4408299472692919,-0.4290835412123559,False,True,False,False,,,8.73637759814488,14.35611682080605,-2.5031008471774605,False,False,,,False,80435.0,162406.6,0.49526928092823813,False,86804599.99999999,1.7,51.061529411764695,1.1204481792717047,2.1475256769374287,-11.014337948317657,17.391304347825816,82.60869565217418,True,16.6,False,False,False,False,False,False
360,000921,海信家电,C 制造业,腾讯前复权日K回退（成交额、换手率已提供）,False,2026-08-03,27.42,26.851999999999997,25.717000000000002,True,True,True,True,27.4,0.07299270072993842,True,60.02664540218439,0.20249662051969253,-0.053666204990980425,0.5123256510213459,True,False,False,False,2026-07-29,3.0,53.94190868949894,48.90089600963108,64.02393404923464,False,False,,,False,140359.0,139687.8,1.0048050008662175,False,383652900.0,1.52,252.4032236842105,0.10952902519167917,4.0890836071559,6.622078780573158,33.92857142857131,66.0714285714287,False,31.8,False,False,False,False,True,False
361,000922,佳电股份,C 制造业,腾讯前复权日K回退（成交额、换手率已提供）,False,2026-08-03,11.15,10.822,11.161999999999999,True,False,False,True,13.63,-18.195157740278802,False,45.011716726767055,-0.5369334258212852,-0.6073492736911198,0.14083169573966914,True,False,False,False,2026-07-31,1.0,15.821506365727231,13.359387096483118,20.745744904215456,False,False,2026-07-30,2.0,True,172536.0,125253.8,1.377491141985313,False,193432900.0,2.45,78.95220408163264,2.2935779816513735,3.119266055045886,-0.10750761512272602,52.941176470588424,32.35294117647079,False,15.08,False,False,False,False,True,False
362,000923,河钢资源,B 采矿业,腾讯前复权日K回退（成交额、换手率已提供）,False,2026-08-03,14.52,14.762,13.710999999999999,False,True,True,False,15.25,-4.786885245901642,False,56.45414413637361,0.30071472366731733,0.1220462038522789,0.35733703963007685,True,False,False,False,,,36.41795222154317,33.286466152493176,42.68092435964314,False,False,,,False,108054.0,171354.6,0.6305870983329306,False,157205700.0,1.72,91.39866279069767,-1.1572498298161982,2.110279101429547,5.900371964116411,19.354838709677548,35.483870967741694,False,17.98,False,False,False,False,False,False
363,000925,众合科技,C 制造业,腾讯前复权日K回退（成交额、换手率已提供）,False,2026-08-03,7.24,7.0200000000000005,7.3235,True,False,False,True,9.85,-26.49746192893401,False,45.096064838571436,-0.41385998021856896,-0.45272021750868563,0.07772047458023335,True,False,False,False,2026-07-31,1.0,15.528453908601383,13.594672732741236,19.396016260321677,False,False,2026-07-28,4.0,True,229483.0,268434.6,0.8548935196878495,False,165887700.0,3.42,48.505175438596495,1.8284106891701901,3.3755274261603407,-1.1401652215470732,33.33333333333333,66.66666666666666,False,11.83,False,False,False,False,False,False
364,000926,福星股份,K 房地产,腾讯前复权日K回退（成交额、换手率已提供）,False,2026-08-03,2.12,2.094,1.9985,True,True,True,True,2.15,-1.3953488372092933,False,59.36150196933967,0.015362086453200696,-0.007177989984862243,0.04508015287612588,True,False,False,False,2026-07-14,14.0,26.743772253337927,23.315993722016596,33.59932931598059,False,False,,,False,168998.0,306677.0,0.5510618663936324,False,35623600.0,1.07,33.29308411214953,0.952380952380949,1.4285714285714404,6.079559669752323,0.0,100.0,True,2.74,False,False,False,False,False,False
365,000927,中国铁物,L 商务服务,腾讯前复权日K回退（成交额、换手率已提供）,False,2026-08-03,2.57,2.5159999999999996,2.4305,True,True,True,True,2.55,0.7843137254901967,True,64.15310650598418,0.025631143954934377,0.005291643948005391,0.04067900001385797,True,False,False,False,,,23.85391424669001,21.006223934437266,29.5492948711955,False,False,,,False,417445.0,460679.0,0.9061515719188415,False,106800200.0,0.69,154.78289855072467,1.984126984126977,2.3809523809523827,5.739559761365973,16.666666666667037,83.33333333333296,True,2.86,False,True,False,False,False,False
366,000928,中钢国际,E 建筑业,腾讯前复权日K回退（成交额、换手率已提供）,False,2026-08-03,5.29,5.17,5.0085,True,True,True,True,5.23,1.1472275334607955,True,56.85856725042406,-0.034965440843630624,-0.09862290075433361,0.12731491982140597,True,False,False,False,2026-07-14,14.0,17.082540222225525,14.141957768484696,22.963705129707183,False,False,,,False,152453.0,159984.0,0.9529265426542655,False,79873100.0,1.06,75.35198113207547,1.1472275334607929,2.294455066921608,5.620445243086759,0.0,100.0,True,6.6,False,False,False,False,False,False
367,000929,兰州黄河,C 制造业,腾讯前复权日K回退（成交额、换手率已提供）,False,2026-08-03,8.69,8.224,8.2485,True,True,False,True,9.19,-5.44069640914037,False,53.95745383298321,-0.2700560937022374,-0.39399527542344426,0.24787836344241376,True,False,False,False,2026-07-29,3.0,23.17483253905281,17.604129915828704,34.31623778550102,False,False,2026-07-23,7.0,True,43855.0,37816.6,1.1596759095212157,False,37979200.0,2.36,16.092881355932203,2.355712603062421,4.475853945818619,5.35248833121173,28.94736842105289,71.05263157894711,True,12.02,False,True,False,False,True,False
368,000930,中粮科技,C 制造业,腾讯前复权日K回退（成交额、换手率已提供）,False,2026-08-03,4.84,4.702,4.5635,True,True,True,True,4.76,1.6806722689075646,True,60.86382233030024,0.011246926513401867,-0.03922541746843683,0.10094468796367739,True,False,False,False,,,16.585062974973194,13.652290775208767,22.450607374502045,False,False,2026-07-27,5.0,True,155209.0,169370.6,0.9163869054015278,False,74712800.0,0.84,88.94380952380953,2.1097046413502074,2.9535864978902886,6.058945984441755,7.1428571428570065,92.85714285714299,True,5.89,False,False,False,False,False,False
369,000931,中 关 村,C 制造业,腾讯前复权日K回退（成交额、换手率已提供）,False,2026-08-03,4.03,4.008,4.1455,True,False,False,False,4.53,-11.037527593818984,False,45.58354299652126,-0.06824593507805332,-0.04438966578016605,-0.04771253859577454,False,True,False,False,,,11.766142862401788,12.26795277965027,10.762523027904823,False,False,,,False,106645.0,118063.6,0.9032843314959056,False,42472200.0,1.42,29.91,3.3333333333333437,3.3333333333333304,-2.7861536605958253,7.692307692307534,92.30769230769246,True,4.7,False,False,False,False,False,False
370,000932,华菱钢铁,C 制造业,腾讯前复权日K回退（成交额、换手率已提供）,False,2026-08-03,3.97,3.91,3.6949999999999994,True,True,True,True,4.01,-0.997506234413955,False,64.07062739914264,0.07732670466529523,0.03531705355958569,0.08401930221141908,True,False,False,False,,,34.783679029203505,29.477496390901248,45.39604430580801,False,False,,,False,770586.0,1019650.4,0.7557354952246378,False,305694700.0,1.12,272.9416964285714,1.0178117048346147,1.7811704834605555,7.442489851150226,42.85714285714268,57.14285714285733,False,4.61,False,False,False,False,False,False
371,000933,神火股份,C 制造业,腾讯前复权日K回退（成交额、换手率已提供）,False,2026-08-03,25.37,25.73,24.515,False,True,True,True,26.96,-5.897626112759643,False,52.360081653134046,0.35584245297964756,0.10063901846440138,0.5104068690304924,True,False,False,False,2026-07-06,20.0,34.930363784560775,33.10161821216874,38.58785492934486,False,False,,,False,614477.0,627084.6,0.9798948977538279,False,1567466099.9999998,2.73,574.1634065934064,-2.6850786344457256,2.5316455696202538,3.487660615949421,25.757575757576014,16.666666666666575,False,32.56,False,False,False,False,True,False
372,000935,四川双马,C 制造业,腾讯前复权日K回退（成交额、换手率已提供）,False,2026-08-03,21.29,21.708,24.272,False,False,False,False,28.13,-24.315677212939924,False,34.227762322733554,-1.3677630809005734,-1.0867041378510398,-0.5621178860990672,False,True,False,False,,,4.379653727043934,6.90962693932968,-0.6802926975275589,False,False,,,False,43873.0,71619.0,0.6125888381574722,False,94046800.0,0.57,164.9943859649123,0.42452830188679513,3.5849056603773493,-12.285761371127222,75.00000000000023,24.999999999999766,False,34.13,False,True,False,False,True,False
373,000936,华西股份,C 制造业,腾讯前复权日K回退（成交额、换手率已提供）,False,2026-08-03,5.26,5.088,4.9745,True,True,True,True,5.37,-2.0484171322160205,False,53.199674230815084,-0.13357935811250599,-0.22255937169378456,0.17796002716255716,True,False,False,False,,,11.02900645931202,8.001668084527854,17.083683208880352,False,False,2026-07-27,5.0,True,107759.0,124310.6,0.8668528669317017,False,56151000.0,1.22,46.02540983606558,2.135922330097073,3.106796116504857,5.739270278419939,12.500000000000277,87.49999999999972,True,8.27,False,False,False,False,True,False
374,000937,冀中能源,B 采矿业,腾讯前复权日K回退（成交额、换手率已提供）,False,2026-08-03,4.75,4.732,4.5649999999999995,True,True,True,False,4.98,-4.618473895582338,False,57.47913890074676,0.07876258796472957,0.05106869088100405,0.05538779416745104,True,False,False,False,2026-07-06,20.0,59.29254217643122,58.09646280361681,61.68470092206003,False,False,,,False,214652.0,235531.0,0.9113534948690406,False,102712200.0,0.57,180.1968421052632,0.21097046413500742,2.742616033755272,4.052573932092016,61.53846153846164,38.46153846153836,False,5.29,False,False,False,True,True,False
375,000938,紫光股份,C 制造业,腾讯前复权日K回退（成交额、换手率已提供）,False,2026-08-03,33.1,36.08,37.682,False,False,False,False,45.8,-27.72925764192139,False,44.79174747155731,1.2919678696889676,2.3446294682343116,-2.105323197090688,False,True,False,False,,,54.331414836180194,65.37643199686109,32.24138051481842,False,False,,,False,2869903.0,3537351.4,0.8113140809250673,False,9750741500.0,10.03,972.1576769690927,-5.130409859558616,9.114359415305245,-12.15965182315164,43.710691823899396,12.893081761006405,False,45.8,False,True,False,False,False,False
376,000948,南天信息,I 信息技术,腾讯前复权日K回退（成交额、换手率已提供）,False,2026-08-03,15.19,14.975999999999999,13.883500000000002,True,True,True,True,16.13,-5.827650340979538,False,60.59324747646171,0.5446539002792896,0.3554177458039439,0.3784723089506914,True,False,False,False,2026-07-28,4.0,74.5551256004308,63.15007844467923,97.36521991193392,False,False,,,False,339631.0,356111.0,0.953722294453134,False,510923000.0,8.73,58.52497136311569,-3.738910012674268,4.309252217997474,9.410451255086958,24.999999999999932,58.82352941176463,False,16.13,False,False,False,False,False,False
377,000949,新乡化纤,C 制造业,腾讯前复权日K回退（成交额、换手率已提供）,False,2026-08-03,6.16,5.9399999999999995,5.6530000000000005,True,True,True,True,6.57,-6.240487062404872,False,53.673344347982145,-0.10003148133314976,-0.20613567096786553,0.21220837926943154,True,False,False,False,2026-07-22,8.0,23.48185882457733,20.261580976233507,29.922414521264976,False,False,2026-07-21,9.0,True,755568.0,383440.0,1.9704986438556227,True,466267200.0,4.56,102.25157894736843,3.3557046979865834,10.570469798657731,8.968689191579687,38.09523809523808,61.90476190476192,False,8.89,False,False,False,False,True,False
378,000950,重药控股,F 批发零售,腾讯前复权日K回退（成交额、换手率已提供）,False,2026-08-03,5.5,5.436,5.347499999999999,True,True,True,True,5.8,-5.172413793103446,False,55.89127026805792,0.02482773214880396,-0.00013777743320545106,0.04993101916401882,True,False,False,False,,,25.17861048288704,23.426836119016915,28.682159210627297,False,False,,,False,151535.0,229571.2,0.6600784418951505,False,83366700.0,0.88,94.73488636363636,0.5484460694698434,1.4625228519195625,2.851799906498378,37.50000000000028,62.49999999999972,False,6.97,False,False,False,False,True,False
379,000951,中国重汽,C 制造业,腾讯前复权日K回退（成交额、换手率已提供）,False,2026-08-03,22.55,22.948,21.913999999999998,False,True,True,True,23.88,-5.569514237855939,False,54.10723485798371,0.46184588789768455,0.30752237632920953,0.30864702313695,True,False,False,False,2026-07-21,9.0,55.86184722088209,53.45728008639901,60.67098148984826,False,False,,,False,124512.0,119636.4,1.0407534830536527,False,281681300.0,1.07,263.2535514018691,-2.843601895734593,3.489875053856091,2.9022542666788484,22.22222222222222,24.691358024691308,False,23.88,False,False,False,False,True,False
380,000952,广济药业,C 制造业,腾讯前复权日K回退（成交额、换手率已提供）,False,2026-08-03,5.79,5.5600000000000005,5.506,True,True,True,True,6.04,-4.13907284768212,False,54.21865727499793,-0.1030202527352948,-0.1658125427646034,0.12558458005861717,True,False,False,False,2026-07-27,5.0,19.376922213259466,15.76488519583325,26.6009962481119,False,False,2026-07-27,5.0,True,77490.0,83048.8,0.9330658600726319,False,44005800.0,2.25,19.558133333333334,4.324324324324325,5.225225225225226,5.158009444242641,6.896551724137784,93.10344827586222,True,7.74,False,False,False,False,False,False
381,000953,中哲精化,C 制造业,腾讯前复权日K回退（成交额、换手率已提供）,False,2026-08-03,5.61,5.406000000000001,5.294,True,True,True,True,5.8,-3.2758620689655085,False,55.75456913072923,-0.05620835596475615,-0.1199174405998805,0.1274181692702487,True,False,False,False,,,20.514710296808413,16.044009754087057,29.456111382251123,False,False,2026-07-28,4.0,True,65608.0,60982.0,1.0758584500344364,False,36273500.0,1.79,20.264525139664805,3.314917127071837,4.419889502762435,5.969021533811877,4.166666666666574,95.83333333333343,True,7.18,False,False,False,False,False,False
382,000955,欣龙控股,C 制造业,腾讯前复权日K回退（成交额、换手率已提供）,False,2026-08-03,4.02,3.8659999999999997,3.9590000000000005,True,True,False,True,4.78,-15.899581589958173,False,49.378751412176484,-0.14532757099644478,-0.1720230861128742,0.05339103023285885,True,False,False,False,2026-07-31,1.0,22.54101556160819,17.81291117142284,31.997224341978892,False,False,2026-07-27,5.0,True,105085.0,113356.6,0.9270302743730845,False,41705700.0,1.95,21.387538461538462,3.341902313624656,3.3419023136246873,1.5407931295781523,7.692307692308191,92.30769230769181,True,5.26,False,False,False,False,False,False
383,000957,中通客车,C 制造业,腾讯前复权日K回退（成交额、换手率已提供）,False,2026-08-03,10.48,10.374,9.806000000000001,True,True,True,True,10.69,-1.9644527595883916,False,60.86575101669016,0.13918923440878928,0.02186447674057417,0.23464951533643022,True,False,False,False,2026-07-15,13.0,38.97695602583752,34.86226347409799,47.206341129316556,False,False,,,False,86997.0,117670.0,0.7393303305855358,False,91232200.0,1.47,62.062721088435374,1.0607521697203692,2.7965284474445435,6.873342851315516,41.37931034482744,58.62068965517256,False,12.13,False,True,False,False,True,False
384,000958,电投产融,D 水电煤气,腾讯前复权日K回退（成交额、换手率已提供）,False,2026-08-03,5.6,5.470000000000001,5.4125,True,True,True,True,5.67,-1.234567901234573,False,53.66819627898181,-0.06015085048893454,-0.09948723981309056,0.07867277864831204,True,False,False,False,2026-07-20,10.0,19.377314416001564,15.436444383600739,27.25905448080321,False,False,2026-07-28,4.0,True,536544.0,154852.2,3.4648781224935776,True,304177300.0,1.0,304.1773,1.8181818181818077,3.2727272727272676,3.4642032332563515,66.66666666666634,5.555555555555445,False,6.64,False,True,False,False,False,False
385,000959,首钢股份,C 制造业,腾讯前复权日K回退（成交额、换手率已提供）,False,2026-08-03,3.89,3.896,3.7009999999999996,False,True,True,True,4.05,-3.9506172839506104,False,61.257375512000316,0.10592336626640231,0.08685761596305609,0.03813150060669243,True,False,False,False,,,33.26162677307574,31.39123727187653,37.002405775474166,False,False,,,False,301239.0,441790.6,0.6818592337636881,False,118043300.0,0.4,295.10825,0.0,2.8277634961439557,5.106727911375318,81.81818181818178,18.18181818181822,False,4.58,False,True,True,False,True,False
386,000960,锡业股份,C 制造业,腾讯前复权日K回退（成交额、换手率已提供）,False,2026-08-03,34.81,32.658,33.232,True,True,False,True,43.0,-19.04651162790697,False,50.344601948112874,-1.5434901895086455,-1.9618700161999008,0.8367596533825106,True,False,False,False,2026-07-31,1.0,26.8829444768638,22.576458189286456,35.495917052018484,False,False,,,False,591228.0,543600.6,1.087614693582016,False,2055327600.0,3.59,572.514651810585,2.0821114369501403,3.137829912023461,4.748435243139152,36.44859813084116,63.55140186915883,False,48.77,False,False,False,False,False,True
387,000962,东方钽业,C 制造业,腾讯前复权日K回退（成交额、换手率已提供）,False,2026-08-03,42.67,43.786,53.269000000000005,False,False,False,False,78.18,-45.42082374008698,False,35.16636498308445,-6.108698661917572,-4.919570438091596,-2.3782564476519514,False,True,False,False,,,7.563385632242389,11.361753682780224,-0.03335046883328019,False,False,,,False,253135.0,240188.4,1.0539018537115032,False,1097666100.0,5.03,218.2238767395626,-2.7575205104831357,5.241567912488598,-19.897125908126682,24.34782608695665,20.434782608695627,False,96.24,False,True,False,False,False,False
388,000963,华东医药,F 批发零售,腾讯前复权日K回退（成交额、换手率已提供）,False,2026-08-03,28.57,29.065999999999995,29.756,False,False,False,False,32.5,-12.092307692307692,False,44.0272601080772,-0.09240394434668531,0.10021044977699321,-0.38522878824735707,False,True,False,False,,,31.24708170709518,33.93907969033293,25.86308574061968,False,False,,,False,229124.0,174991.4,1.3093443449220934,False,654690500.0,1.31,499.7637404580152,-1.8550326348333868,2.6794915836482347,-3.9857507729533537,41.025641025641,58.974358974359,False,33.52,False,True,False,False,True,False
389,000965,天保基建,K 房地产,腾讯前复权日K回退（成交额、换手率已提供）,False,2026-08-03,3.2,3.132,3.0635000000000003,True,True,True,True,3.18,0.6289308176100634,True,58.087885681186044,-0.000569318027758392,-0.02531763935092769,0.049496642646338594,True,False,False,False,2026-07-08,18.0,19.544059058213396,16.799076749067368,25.034023676505456,False,False,2026-07-28,4.0,True,138104.0,111436.8,1.2393033540087295,False,43979900.0,1.24,35.46766129032258,1.9108280254777066,3.184713375796181,4.455687938632278,20.0,80.0,True,3.79,False,False,False,False,True,False
390,000966,长源电力,D 水电煤气,腾讯前复权日K回退（成交额、换手率已提供）,False,2026-08-03,4.4,4.305999999999999,4.1335,True,True,True,True,4.51,-2.43902439024389,False,55.34191684970243,0.008474407423671337,-0.036703165566691946,0.09035514598072657,True,False,False,False,2026-07-14,14.0,28.502224814903965,27.052475942724964,31.401722559261962,False,False,,,False,576293.0,530917.6,1.0854659932162731,False,251010500.0,1.66,151.21114457831325,2.8037383177570208,3.2710280373831906,6.447320672553541,0.0,100.0,True,5.81,False,False,False,False,True,False
391,000967,盈峰环境,C 制造业,腾讯前复权日K回退（成交额、换手率已提供）,False,2026-08-03,8.64,7.708,7.905499999999999,True,True,False,True,10.64,-18.796992481203006,False,52.55342821021179,-0.5730509765546019,-0.7525636293355034,0.3590253055618029,True,False,False,False,2026-07-29,3.0,12.828262558142749,9.28014392741256,19.924499819603128,False,False,2026-07-27,5.0,True,854175.0,828437.6,1.0310673972306423,False,724759900.0,2.54,285.3385433070866,10.063694267515944,6.624203821656069,9.290999936752915,0.0,100.0,True,16.96,False,False,False,False,False,True
392,000968,蓝焰控股,B 采矿业,腾讯前复权日K回退（成交额、换手率已提供）,False,2026-08-03,7.0,6.882000000000001,6.7235,True,True,True,True,7.43,-5.787348586810225,False,54.04220915323353,0.05448752068481788,0.005158941810628999,0.09865715774837776,True,False,False,False,,,16.549840279006016,15.7776986342084,18.094123568601244,False,False,2026-07-30,2.0,True,236799.0,432034.4,0.548102188159091,False,164485700.0,2.45,67.13702040816327,0.5747126436781658,3.8793103448275925,4.112441436751698,14.814814814814802,85.18518518518519,True,8.68,False,True,False,False,True,False
393,000969,安泰科技,C 制造业,腾讯前复权日K回退（成交额、换手率已提供）,False,2026-08-03,16.63,15.874,17.160999999999998,True,False,False,True,24.79,-32.91649858814038,False,40.0923199117056,-1.6827991066092167,-1.82402257649604,0.28244693977364665,True,False,False,False,2026-07-31,1.0,9.963791109435933,8.36119560340811,13.168982121491581,True,False,2026-08-03,0.0,True,493187.0,258017.8,1.9114456444477863,True,817569800.0,4.74,172.48308016877635,5.253164556962009,3.6075949367088627,-3.094225278247182,21.052631578947533,78.94736842105246,True,27.62,False,True,False,False,False,False
394,000970,中科三环,C 制造业,腾讯前复权日K回退（成交额、换手率已提供）,False,2026-08-03,12.8,12.556000000000001,13.923000000000002,True,False,False,False,17.13,-25.277291301809683,False,44.815217133790505,-0.5008676511369661,-0.2961772432166018,-0.4093808158407285,False,True,False,False,,,29.942329903747492,33.007617219315414,23.81175527261165,False,False,,,False,850634.0,599436.6,1.419055826754656,False,1084065100.0,7.0,154.86644285714286,5.87262200165426,9.925558312655081,-8.065790418731602,29.99999999999997,70.00000000000003,True,17.13,False,False,False,False,False,False
395,000972,中基健康,C 制造业,腾讯前复权日K回退（成交额、换手率已提供）,False,2026-08-03,3.37,3.306,3.4295,True,False,False,True,3.76,-10.372340425531908,False,46.441465594442626,-0.05916245462719294,-0.050186650162767556,-0.017951608928850768,False,True,False,False,,,26.231142058263675,27.036754777958958,24.619916618873113,False,False,,,False,86292.0,99392.8,0.8681916597580509,False,28792399.999999996,1.12,25.707499999999996,3.0581039755351647,3.6697247706422047,-1.7349467852456593,8.333333333333147,91.66666666666686,True,3.93,False,False,False,False,False,False
396,000973,佛塑科技,C 制造业,腾讯前复权日K回退（成交额、换手率已提供）,False,2026-08-03,12.08,12.168000000000001,12.15,False,False,True,False,15.25,-20.78688524590164,False,43.64258253511786,-0.528371707640293,-0.682792666927974,0.30884191857536214,True,False,False,False,2026-07-24,6.0,10.829596339060679,10.384146173130485,11.720496670921065,False,False,2026-07-23,7.0,True,227175.0,376597.2,0.6032307197185747,False,272815800.0,2.35,116.09182978723403,0.08285004142500885,3.1483015741507936,-0.5761316872428006,21.052631578947345,78.94736842105266,True,21.0,False,False,False,False,False,False
397,000975,山金国际,B 采矿业,腾讯前复权日K回退（成交额、换手率已提供）,False,2026-08-03,22.83,22.753999999999998,20.8855,True,True,True,True,24.19,-5.622157916494431,False,59.256592850608605,0.7122247772115031,0.3307164224827814,0.7630167094574435,True,False,False,False,,,40.46906848499117,37.48247482052017,46.44225581393317,False,False,,,False,566430.0,696291.6,0.8134953803837358,False,1294743600.0,2.24,578.0105357142857,-2.3524379811804996,4.063301967493581,9.310287041248703,19.999999999999776,51.57894736842093,False,29.41,False,False,False,True,True,False
398,000977,浪潮信息,C 制造业,腾讯前复权日K回退（成交额、换手率已提供）,False,2026-08-03,71.66,73.46799999999999,81.4155,False,False,False,False,96.37,-25.64075957248107,False,43.65211542392832,0.6463321895730445,2.92195447338928,-4.551244567632471,False,True,False,False,,,45.739020046401514,54.74584158128616,27.72537697663222,False,False,,,False,754567.0,931647.6,0.8099274876036819,False,5507651100.0,5.14,1071.5274513618679,-0.20888455646846937,6.558975073109585,-11.982362080930534,84.50106157112546,12.101910828025348,False,96.37,False,True,False,False,False,False
399,000978,桂林旅游,N 公共环保,腾讯前复权日K回退（成交额、换手率已提供）,False,2026-08-03,6.01,5.866,5.5665,True,True,True,True,6.0,0.16666666666666313,True,62.21378676470849,0.04898599145705962,-0.030643768116740182,0.15925951914759962,True,False,False,False,,,21.896524198033656,18.94869061442788,27.79219136524521,False,False,,,False,96237.0,121749.8,0.7904489370824428,False,57315600.00000001,2.06,27.82310679611651,2.037351443123936,2.5466893039049148,7.96730441031169,6.666666666666549,93.33333333333346,True,6.88,False,False,False,False,True,False
400,000980,众泰汽车,C 制造业,腾讯前复权日K回退（成交额、换手率已提供）,False,2026-08-03,1.77,1.6759999999999997,1.6415,True,True,True,True,2.03,-12.807881773399005,False,50.194351226566916,-0.0972806642241415,-0.1425880739652409,0.0906148194821988,True,False,False,False,2026-07-24,6.0,18.122258041038926,14.345959056127535,25.674856010861706,False,False,2026-07-21,9.0,True,1392672.0,1388810.8,1.002780220315107,False,247003300.00000003,2.76,89.49394927536234,2.9069767441860517,8.720930232558148,7.828205909229367,53.333333333333336,46.666666666666664,False,2.99,False,True,False,False,True,False
401,000981,山子高科,C 制造业,腾讯前复权日K回退（成交额、换手率已提供）,False,2026-08-03,2.73,2.606,2.5665,True,True,True,True,2.95,-7.457627118644074,False,51.03790357722894,-0.1097298812199643,-0.16477213351946812,0.11008450459900765,True,False,False,False,2026-07-21,9.0,13.490306583723642,10.402352518541209,19.666214714088508,False,False,2026-07-21,9.0,True,2540538.0,2199541.2,1.155030876439141,False,687179700.0,2.67,257.37067415730337,2.631578947368407,3.3834586466165524,6.370543541788427,11.11111111111133,88.88888888888867,True,4.58,False,True,True,False,True,False
402,000983,山西焦煤,B 采矿业,腾讯前复权日K回退（成交额、换手率已提供）,False,2026-08-03,6.55,6.4719999999999995,6.2755,True,True,True,True,6.59,-0.6069802731411235,False,55.979467369783094,0.036693546064125115,-0.016103352314633713,0.10559379675751765,True,False,False,False,2026-07-10,16.0,35.57553767615078,32.992689576743025,40.741233874966284,False,False,,,False,620681.0,642465.0,0.9660930945654627,False,408981600.00000006,1.09,375.2124770642202,0.7692307692307665,3.6923076923076956,4.37415345390805,50.0,50.0,False,7.98,False,False,False,False,True,False
403,000985,大庆华科,C 制造业,腾讯前复权日K回退（成交额、换手率已提供）,False,2026-08-03,14.97,14.36,14.2625,True,True,True,True,15.17,-1.3183915622939966,False,54.95312199277741,-0.26245751058315925,-0.42175620560711796,0.31859739004791743,True,False,False,False,,,15.688259842885783,11.92863545608292,23.207508616491506,False,False,2026-07-23,7.0,True,20889.0,16171.0,1.2917568486797353,False,30698500.0,1.61,19.067391304347826,4.030576789437101,4.586518415566367,4.960560911481167,4.545454545454448,95.45454545454555,True,20.11,False,False,False,False,False,False
404,000987,越秀资本,J 金融业,腾讯前复权日K回退（成交额、换手率已提供）,False,2026-08-03,7.86,7.766,7.7490000000000006,True,True,True,True,8.43,-6.761565836298926,False,52.44570235031614,-0.023961372540965975,-0.0509198216145368,0.05391689814714165,True,False,False,False,2026-07-30,2.0,35.00788416459387,31.89892053905041,41.225811415680795,False,False,,,False,231443.0,337790.0,0.6851682998312562,False,181859400.0,0.46,395.3465217391304,0.0,1.3994910941475867,1.4324428958575268,45.45454545454516,54.54545454545484,False,9.11,False,False,False,False,True,False
405,000988,华工科技,C 制造业,腾讯前复权日K回退（成交额、换手率已提供）,False,2026-08-03,93.17,96.096,123.53099999999999,False,False,False,False,168.98,-44.86329743164871,False,30.70734008671444,-16.096006742794955,-13.327072619899296,-5.537868245791319,False,True,False,False,,,5.858715609733655,10.154329497393372,-2.732512165585778,False,False,,,False,368786.0,574744.8,0.6416517383019384,False,3462177100.0,3.67,943.3725068119892,-2.3068050749711633,3.848170284156445,-24.57763638277031,22.61580381471384,27.520435967302582,False,187.66,False,False,False,False,False,False
406,000989,九芝堂,C 制造业,腾讯前复权日K回退（成交额、换手率已提供）,False,2026-08-03,9.18,9.03,8.953500000000002,True,True,True,False,10.32,-11.046511627906982,False,56.29278120881076,0.1844235451724714,0.2076756366172436,-0.04650418288954439,False,True,False,False,,,56.93579495858835,56.13626493638611,58.53485500299283,True,False,,,False,286568.0,349654.6,0.8195745172521683,False,261654400.0,4.13,63.35457627118644,1.4364640883977708,2.3204419889502854,2.529736974367542,23.809523809524052,76.19047619047595,True,10.32,False,False,False,False,False,False
407,000990,诚志股份,C 制造业,腾讯前复权日K回退（成交额、换手率已提供）,False,2026-08-03,6.41,6.432,6.4285,False,False,True,True,6.91,-7.23589001447178,False,48.750351720186096,-0.012838921719033003,-0.02104716743294238,0.01641649142781875,True,False,False,False,,,18.6483695636469,18.77356284747387,18.39798299599296,False,True,,,False,397257.0,398157.0,0.9977395851385258,False,252489600.0,2.33,108.36463519313305,-0.6201550387596955,2.635658914728695,-0.287780975344163,17.647058823529473,82.35294117647052,True,8.52,False,True,False,False,True,False
408,000993,闽东电力,D 水电煤气,腾讯前复权日K回退（成交额、换手率已提供）,False,2026-08-03,10.29,10.049999999999999,9.8165,True,True,True,True,10.63,-3.1984948259642674,False,51.418744706059684,-0.1591920780444127,-0.28823587881298457,0.2580876015371437,True,False,False,False,2026-07-10,16.0,13.547954203352377,12.522728945020566,15.598404720016003,False,False,2026-07-29,3.0,True,103298.0,95994.0,1.0760880888388857,False,105660700.0,2.26,46.75252212389381,2.083333333333326,2.4801587301587302,4.82351143482911,4.000000000000625,95.99999999999937,True,15.27,False,False,False,False,False,False
409,000995,皇台酒业,C 制造业,腾讯前复权日K回退（成交额、换手率已提供）,False,2026-08-03,10.56,10.364,9.7955,True,True,True,True,11.15,-5.291479820627801,False,56.56258865900206,-0.06454537574473562,-0.2658203593707062,0.40254996725194114,True,False,False,False,,,21.228460111392007,16.952648275723007,29.780083782730003,False,False,2026-07-27,5.0,True,120580.0,188946.2,0.6381710772696143,False,126539200.0,6.8,18.60870588235294,0.0,2.935606060606048,7.804604154969118,19.354838709677086,80.6451612903229,True,15.5,False,False,False,False,True,False
410,000997,新 大 陆,I 信息技术,腾讯前复权日K回退（成交额、换手率已提供）,False,2026-08-03,19.12,18.163999999999998,16.871499999999997,True,True,True,True,19.02,0.5257623554153598,True,63.63984419516421,0.23546139614173356,-0.14517940003404436,0.7612815923515559,True,False,False,False,,,30.614680195276552,24.345736351858857,43.152567882111946,False,False,2026-07-28,4.0,True,270506.0,272943.0,0.9910713958592087,False,517678100.0,2.69,192.4453903345725,1.756253326237367,3.9382650345928605,13.327208606229462,47.297297297297106,52.70270270270289,False,25.53,False,False,False,False,True,False
411,000998,隆平高科,A 农林牧渔,腾讯前复权日K回退（成交额、换手率已提供）,False,2026-08-03,8.54,8.35,8.096,True,True,True,True,8.45,1.065088757396448,True,65.65194444353251,0.09905313162361651,0.0365167471616373,0.1250727689239584,True,False,False,False,,,32.97117069000428,28.862644640993512,41.18822278802582,False,False,,,False,163215.0,141794.6,1.1510664016824335,False,139096100.0,1.24,112.1742741935484,1.6666666666666607,2.261904761904756,5.484189723320147,21.05263157894791,78.94736842105209,True,9.23,False,False,False,False,False,False
412,000999,华润三九,C 制造业,腾讯前复权日K回退（成交额、换手率已提供）,False,2026-08-03,26.16,25.669999999999998,24.9575,True,True,True,True,26.36,-0.758725341426401,False,64.00463065820658,0.44566281211850267,0.3380695244110198,0.21518657541496578,True,False,False,False,,,58.345317449074315,51.66102262940627,71.71390708841041,False,False,,,False,120630.0,147965.8,0.8152559577956529,False,316447900.0,0.73,433.4902739726028,1.356063541263075,2.1309569934134087,4.818190924571775,52.7272727272725,47.272727272727494,False,26.36,True,False,False,False,True,False
413,001201,东瑞股份,A 农林牧渔,腾讯前复权日K回退（成交额、换手率已提供）,False,2026-08-03,11.42,11.266,11.439,True,False,False,True,12.06,-5.306799336650087,False,51.39611615813927,-0.05050994590700775,-0.04865855546109493,-0.00370278089182563,False,True,False,False,,,27.44095990627635,23.917670855095267,34.48753800863852,False,False,,,False,24902.0,24016.6,1.0368661675674327,False,28396500.0,1.17,24.270512820512824,0.8833922261484162,1.7667844522968292,-0.1660984351779013,30.00000000000009,69.9999999999999,False,13.47,False,False,False,False,False,False
414,001202,炬申股份,G 运输仓储,腾讯前复权日K回退（成交额、换手率已提供）,False,2026-08-03,12.83,12.392,13.5375,True,False,False,False,15.32,-16.2532637075718,False,43.49644264965403,-0.4893180266626196,-0.3823598889390027,-0.2139162754472338,False,True,False,False,,,8.015541615567205,10.467427219310617,3.111770408080382,False,False,,,False,46768.0,53615.6,0.8722834398943591,False,59067299.99999999,4.0,14.766824999999997,3.970826580226916,4.619124797406795,-5.226223453370265,7.017543859648992,92.982456140351,True,17.55,False,False,False,False,False,False
415,001203,大中矿业,B 采矿业,腾讯前复权日K回退（成交额、换手率已提供）,False,2026-08-03,26.95,26.407999999999998,27.276500000000006,True,False,False,True,32.88,-18.035279805352808,False,42.126541096513556,-1.7260618149065756,-2.077253077015925,0.7023825242186987,True,False,False,False,2026-07-23,7.0,8.419315937997494,7.8233343686889585,9.611279076614563,False,False,2026-07-22,8.0,True,190202.0,139024.6,1.3681175849453981,False,508416200.0,1.46,348.2302739726028,3.9336675665252674,6.864635557269576,-1.1970010815170802,19.662921348314676,80.33707865168532,True,50.78,False,False,False,False,False,False
416,001205,盛航股份,G 运输仓储,腾讯前复权日K回退（成交额、换手率已提供）,False,2026-08-03,13.64,13.244,12.995500000000002,True,True,True,True,13.99,-2.5017869907076458,False,57.89087875320159,-0.1434597855227171,-0.28102033307890667,0.27512109511237914,True,False,False,False,2026-07-29,3.0,32.43856385468424,23.651599444871447,50.01249267430982,False,False,2026-07-27,5.0,True,34420.0,36072.8,0.9541815439888225,False,46747800.0,2.07,22.583478260869565,2.7108433734939874,3.7650602409638556,4.959409026201369,23.999999999999844,76.00000000000016,True,15.57,False,True,False,False,True,False
417,001206,依依股份,C 制造业,腾讯前复权日K回退（成交额、换手率已提供）,False,2026-08-03,16.09,15.906,19.1655,True,False,False,False,25.6,-37.1484375,False,39.72993464004104,-0.8275367713579698,-0.2135408656671884,-1.2279918113815627,False,True,False,False,,,10.245865647299407,17.595904562456482,-4.454212183014743,False,False,,,False,51278.0,96896.8,0.5292022027559218,False,81629300.0,4.8,17.006104166666667,2.093908629441632,3.2994923857868104,-16.04706373431427,5.7692307692309726,94.23076923076903,True,25.6,False,False,False,False,False,False
418,001207,联科科技,C 制造业,腾讯前复权日K回退（成交额、换手率已提供）,False,2026-08-03,15.63,15.040000000000001,14.958000000000002,True,True,True,True,16.56,-5.615942028985495,False,53.203943882720026,-0.33797330749811216,-0.5465523708526455,0.4171581267090667,True,False,False,False,2026-07-08,18.0,13.838383336118218,9.821226785250248,21.872696437854156,False,False,2026-07-29,3.0,True,26050.0,30423.8,0.8562375508647835,False,40724800.0,0.89,45.75820224719101,1.3618677042801508,2.3994811932555073,4.4925792218210905,54.05405405405398,45.94594594594603,False,21.9,False,True,False,False,True,False
419,001208,华菱线缆,C 制造业,腾讯前复权日K回退（成交额、换手率已提供）,False,2026-08-03,14.66,13.77,13.731,True,True,True,True,16.07,-8.774113254511514,False,54.52145438033206,-0.32467466473462636,-0.5127122706556573,0.37607521184206183,True,False,False,False,2026-07-24,6.0,20.021121361615773,17.16044873956717,25.742466605712984,False,False,2026-07-23,7.0,True,262479.0,206039.6,1.2739250124733303,False,377446300.0,8.24,45.80658980582524,9.977494373593409,8.027006751687923,6.765712621076399,0.0,100.0,True,20.78,False,False,False,False,False,True
420,001209,洪兴股份,C 制造业,腾讯前复权日K回退（成交额、换手率已提供）,False,2026-08-03,16.22,15.751999999999999,15.632500000000002,True,True,True,True,17.23,-5.861868833430073,False,51.04964633921794,-0.4459423679723926,-0.6651059626088307,0.43832718927287617,True,False,False,False,2026-07-27,5.0,18.13679384617369,14.30958562294802,25.791210292625024,False,False,2026-07-27,5.0,True,15916.0,16596.2,0.9590147142116869,False,25571600.0,1.66,15.404578313253012,1.6290726817042467,2.0050125313283114,3.758196065888353,0.0,100.0,True,23.04,False,True,False,False,False,False
421,001210,金房能源,D 水电煤气,腾讯前复权日K回退（成交额、换手率已提供）,False,2026-08-03,18.4,17.586,18.706,True,False,False,True,22.53,-18.331114070128727,False,44.843455256587916,-1.052350549580428,-1.0549838515597587,0.00526660395866152,True,False,True,False,,,32.319643117402656,32.166739243222516,32.62545086576294,True,False,,,False,62153.0,42247.0,1.4711813856605203,False,113084000.0,4.66,24.26695278969957,6.174264281592623,6.866705135602988,-1.6358387683096383,11.764705882353011,88.23529411764699,True,26.93,False,False,False,False,False,False
422,001211,双枪科技,C 制造业,腾讯前复权日K回退（成交额、换手率已提供）,False,2026-08-03,19.71,18.906,19.744,True,False,False,True,23.86,-17.39312657166806,False,40.371028287067446,-2.0020250876403303,-2.423452082781245,0.8428539902818297,True,False,False,False,2026-07-23,7.0,5.250726321147619,4.5959505426597635,6.56027787812333,True,False,2026-08-03,0.0,True,39309.0,36641.8,1.072791183839222,False,76416700.0,4.21,18.1512351543943,4.506892895015913,4.559915164369032,-0.1722042139384062,4.651162790697579,95.34883720930242,True,44.4,False,False,False,False,False,False
423,001212,中旗新材,C 制造业,腾讯前复权日K回退（成交额、换手率已提供）,False,2026-08-03,31.25,32.529999999999994,34.867000000000004,False,False,False,False,44.67,-30.042534139243344,False,30.726877716364044,-3.4542235687537968,-3.6635030943830857,0.41855905125857795,True,False,False,False,2026-07-27,5.0,12.546996984295284,13.83317082246157,9.97464930796271,False,False,,,False,48376.0,58889.8,0.8214665358007668,False,152437200.0,2.78,54.83352517985612,-1.3884506153360676,3.976017671189643,-10.373705796311711,68.25396825396831,23.015873015872984,False,60.29,False,True,False,False,False,False
424,001213,中铁特货,G 运输仓储,腾讯前复权日K回退（成交额、换手率已提供）,False,2026-08-03,3.63,3.5740000000000003,3.521,True,True,True,True,3.63,0.0,False,60.238171312963914,0.008729260703342234,-0.009238593185521055,0.035935707777726575,True,False,False,False,,,27.583122977323654,24.24852075503951,34.25232742189194,False,False,,,False,86015.0,76130.8,1.1298318157697016,False,31102800.000000004,0.19,163.69894736842107,1.1142061281337101,1.1142061281337057,3.0957114456120416,0.0,100.0,True,4.0,False,True,False,True,False,False
425,001215,千味央厨,C 制造业,腾讯前复权日K回退（成交额、换手率已提供）,False,2026-08-03,32.24,31.342000000000002,32.5615,True,False,False,True,37.46,-13.934863854778426,False,45.25583147760791,-1.769790502407929,-2.029570386386011,0.5195597679561637,True,False,False,False,2026-07-30,2.0,16.290243621083537,14.048078257802672,20.77457434764527,False,False,2026-07-24,6.0,True,22988.0,20475.2,1.1227240759553019,False,73416100.0,2.37,30.977257383966247,2.8389154704944186,4.338118022328547,-0.9873623758119262,24.26470588235283,75.73529411764717,True,49.8,False,False,False,False,False,False
426,001216,华瓷股份,C 制造业,腾讯前复权日K回退（成交额、换手率已提供）,False,2026-08-03,13.86,13.559999999999999,13.629,True,True,False,True,14.74,-5.970149253731349,False,47.04898133145742,-0.39824760594990316,-0.5105373480704813,0.22457948424115637,True,False,False,False,2026-07-21,9.0,9.686608746251878,7.595364610308477,13.86909701813868,False,False,2026-07-27,5.0,True,23784.0,25679.6,0.9261826508201063,False,32655800.0,0.97,33.66577319587629,1.9117647058823461,2.279411764705873,1.6949152542372872,0.0,100.0,True,19.0,False,False,False,False,False,False
427,001217,华尔泰,C 制造业,腾讯前复权日K回退（成交额、换手率已提供）,False,2026-08-03,9.95,9.709999999999999,8.872,True,True,True,True,10.18,-2.259332023575643,False,64.19392501164103,0.13686088501104265,-0.05968244901797855,0.3930866680580424,True,False,False,False,,,34.04359155815585,26.29018222086169,49.55041023274418,False,False,2026-07-23,7.0,True,108304.0,81319.0,1.3318412671085478,False,106353700.00000001,3.3,32.228393939393946,4.2976939203354325,6.289308176100626,12.150586113615864,10.000000000000089,89.99999999999991,True,11.9,False,True,False,False,True,False
428,001218,丽臣实业,C 制造业,腾讯前复权日K回退（成交额、换手率已提供）,False,2026-08-03,22.32,21.639999999999997,22.270500000000002,True,True,False,True,24.98,-10.648518815052043,False,49.18805301713471,-0.5840852958080696,-0.6670396985298614,0.16590880544358377,True,False,False,False,2026-07-31,1.0,19.853478660434927,16.736698616421744,26.08703874846129,False,False,2026-07-29,3.0,True,30443.0,20018.6,1.5207357157843207,False,67226700.0,2.54,26.467204724409445,2.7624309392265234,3.867403314917127,0.22226712467164328,7.142857142856991,92.857142857143,True,28.07,False,True,False,False,True,False
429,001219,青岛食品,C 制造业,腾讯前复权日K回退（成交额、换手率已提供）,False,2026-08-03,12.55,12.352,12.0655,True,True,True,True,12.62,-0.5546751188589423,False,57.63624597330668,-0.021565154420867927,-0.13079418828954342,0.218458067737351,True,False,False,False,,,24.134818688807144,20.505307423056976,31.39384122030748,False,False,,,False,27063.0,29782.8,0.9086788347636892,False,33754800.0,1.42,23.770985915492957,0.9654062751407899,1.6894609814963724,4.015581617007173,19.047619047618724,80.95238095238128,True,15.37,False,False,False,False,True,False
431,001221,悍高集团,C 制造业,腾讯前复权日K回退（成交额、换手率已提供）,False,2026-08-03,39.88,39.828,38.0,True,True,True,True,42.77,-6.757072714519524,False,50.40562151128681,-0.7263791968571098,-1.4965836278187232,1.5404088619232268,True,False,False,False,2026-07-15,13.0,12.890129873998719,10.816716328512308,17.03695696497154,False,False,2026-07-22,8.0,True,23371.0,32569.2,0.7175797993196026,False,93274500.0,3.04,30.682401315789477,-0.10020040080159776,3.0060120240480854,4.947368421052638,43.33333333333316,56.66666666666684,False,65.32,False,False,False,False,True,False
432,001222,源飞宠物,C 制造业,腾讯前复权日K回退（成交额、换手率已提供）,False,2026-08-03,14.31,14.059999999999999,13.5655,True,True,True,True,14.55,-1.6494845360824757,False,56.31107933509169,-0.0778711806038146,-0.2643233669419135,0.3729043726761978,True,False,False,False,,,17.33934221888782,13.595579551358185,24.826867553947082,False,False,2026-07-28,4.0,True,35188.0,53782.0,0.6542709456695549,False,50199600.0,3.11,16.141350482315115,0.7746478873239537,1.9014084507042224,5.488186944823268,33.33333333333333,66.66666666666666,False,19.1,False,False,False,False,True,False
433,001223,欧克科技,C 制造业,腾讯前复权日K回退（成交额、换手率已提供）,False,2026-08-03,36.17,32.268,32.5865,True,True,False,True,43.59,-17.02225281027759,False,52.27567135031794,-2.730084272594638,-3.5833841757697984,1.7065998063503205,True,False,False,False,2026-07-29,3.0,24.27208190527337,18.11132450053858,36.59359671474296,False,False,2026-07-27,5.0,True,34146.0,22469.0,1.519693800347145,False,120417200.0,4.89,24.62519427402863,10.006082725060828,9.397810218978112,10.996885213201788,0.0,100.0,True,54.99,False,False,False,False,False,True
434,001225,和泰机电,C 制造业,腾讯前复权日K回退（成交额、换手率已提供）,False,2026-08-03,40.99,41.378,38.8145,False,True,True,True,45.65,-10.208105147864178,False,51.90507544091767,-0.26076634384732245,-1.0968784687152733,1.6722242497359017,True,False,False,False,2026-07-24,6.0,27.73995417472015,24.1417497066077,34.936363110945045,False,False,2026-07-21,9.0,True,18978.0,17903.2,1.0600339604093123,False,77968200.0,9.02,8.643924611973393,-3.3938251237332073,6.033466886636819,5.604864161589095,2.3437500000000866,19.14062500000006,False,64.74,False,False,False,False,False,True
435,001226,拓山重工,C 制造业,腾讯前复权日K回退（成交额、换手率已提供）,False,2026-08-03,39.1,38.47,41.388,True,False,False,True,50.3,-22.26640159045725,False,41.82247962083954,-2.5899845396424226,-2.5755510460793847,-0.028866987126075827,False,True,False,False,,,18.969084295009228,18.561804402174165,19.78364408067936,True,False,2026-08-03,0.0,True,4753.0,8034.8,0.5915517498879872,False,18370600.0,1.4,13.121857142857143,2.382822728462952,4.687090861482061,-5.528172417125729,3.9106145251396827,96.08938547486032,True,55.67,False,False,False,False,False,False
436,001227,兰州银行,J 金融业,腾讯前复权日K回退（成交额、换手率已提供）,False,2026-08-03,2.27,2.206,2.1205000000000003,True,True,True,True,2.23,1.793721973094172,True,73.54906611693093,0.03790576840705384,0.021492605050176687,0.03282632671375431,True,False,False,False,2026-07-06,20.0,74.90985598598255,59.906864009096125,104.91583993975539,False,False,,,False,1400102.0,927361.0,1.5097701973665056,False,315073600.0,3.32,94.90168674698795,2.714932126696845,3.6199095022624266,7.050224003772682,12.499999999999792,87.50000000000021,True,2.23,True,False,False,True,False,False
437,001228,永泰运,L 商务服务,腾讯前复权日K回退（成交额、换手率已提供）,False,2026-08-03,27.18,26.812,26.481,True,True,True,True,29.41,-7.582454947296839,False,54.138870202941774,-0.06014701345019091,-0.2247436893960645,0.3291933518917472,True,False,False,False,2026-07-24,6.0,25.273332579007526,22.86129315957835,30.097411417865878,False,False,,,False,8581.0,9035.0,0.9497509684560044,False,23304600.0,1.07,21.78,0.6666666666666599,3.2222222222222126,2.639628412824282,35.63218390804593,64.36781609195407,False,32.09,False,False,False,False,True,False
438,001229,魅视科技,C 制造业,腾讯前复权日K回退（成交额、换手率已提供）,False,2026-08-03,34.98,34.156,38.3845,True,False,False,False,49.6,-29.47580645161291,False,49.00576150641539,0.046406120810907225,1.0493966307872007,-2.005981019952587,False,True,False,False,,,40.306481636704405,44.00079609970487,32.91785271070347,False,False,,,False,23079.0,69656.4,0.33132633900115427,False,79240900.0,3.13,25.31658146964856,9.999999999999986,7.7672955974842735,-8.869465539475584,0.0,100.0,True,49.6,False,True,False,False,False,True
439,001230,劲旅环境,N 公共环保,腾讯前复权日K回退（成交额、换手率已提供）,False,2026-08-03,18.4,17.383999999999997,17.491,True,True,False,True,20.87,-11.835170100622914,False,56.177252857612295,-0.004834926623267677,-0.07480899114346155,0.13994812904038775,True,False,True,False,,,43.99332890343163,39.50222168948836,52.97554333131818,True,False,,,False,78193.0,69576.6,1.12384048660038,False,142645900.0,7.11,20.062714486638537,5.868814729574212,9.033371691599541,5.19695843576696,25.47770700636956,74.52229299363044,True,20.87,False,False,False,False,False,False
440,001231,农心科技,C 制造业,腾讯前复权日K回退（成交额、换手率已提供）,False,2026-08-03,19.14,18.368000000000002,18.039499999999997,True,True,True,True,19.54,-2.0470829068577205,False,56.09875084159451,-0.32658620232831836,-0.5967666856297228,0.5403609666028089,True,False,False,False,2026-07-27,5.0,23.371275728035556,18.063557434471093,33.98671231516448,False,False,2026-07-27,5.0,True,16043.0,14118.6,1.1363024662501948,False,30455100.000000004,3.15,9.668285714285716,2.5723472668810254,3.4833869239013855,6.100501676875767,1.5384615384612357,98.46153846153877,True,25.7,False,False,False,False,False,False
441,001233,海安集团,C 制造业,腾讯前复权日K回退（成交额、换手率已提供）,False,2026-08-03,44.76,43.932,42.746500000000005,True,True,True,True,46.64,-4.030874785591773,False,51.03768357609163,-0.8372150343988523,-1.453557433134638,1.2326847974715713,True,False,False,False,2026-07-14,14.0,13.55701912356706,11.860684698012278,16.94968797467662,False,False,2026-07-22,8.0,True,14266.0,14177.2,1.006263578139548,False,63560100.0,3.78,16.81484126984127,1.8198362147406666,2.88898999090081,4.710327161288043,16.535433070866258,83.46456692913374,True,61.96,False,True,False,False,False,False
442,001234,泰慕士,C 制造业,腾讯前复权日K回退（成交额、换手率已提供）,False,2026-08-03,20.25,19.506,19.2725,True,True,True,True,21.38,-5.285313376987834,False,53.19943084879439,-0.5256900859761302,-0.8281372101670799,0.6048942483818993,True,False,False,False,2026-07-27,5.0,11.417713840160024,8.932267546318222,16.388606427843627,False,False,2026-07-23,7.0,True,13488.0,12355.2,1.0916860916860915,False,27059699.999999996,1.47,18.40795918367347,2.6355803345159634,2.8383172833248973,5.071993773511475,5.357142857143039,94.64285714285697,True,32.19,False,False,False,False,True,False
443,001236,弘业期货,J 金融业,腾讯前复权日K回退（成交额、换手率已提供）,False,2026-08-03,7.77,7.5680000000000005,7.164499999999999,True,True,True,True,7.71,0.7782101167315124,True,61.5416865213521,0.030205009048366094,-0.08648341810179204,0.23337685430031627,True,False,False,False,,,25.449797794741773,20.08889422931655,36.17160492559222,False,False,2026-07-27,5.0,True,101590.0,136577.6,0.743826220405103,False,78404200.0,1.34,58.51059701492537,1.7015706806282616,2.7486910994764395,8.451392281387399,4.761904761905084,95.23809523809491,True,10.15,False,False,False,False,False,False
445,001238,浙江正特,C 制造业,腾讯前复权日K回退（成交额、换手率已提供）,False,2026-08-03,25.69,24.314,24.8985,True,True,False,True,29.2,-12.020547945205474,False,50.60918795031366,-1.0257515412378417,-1.2979090179883594,0.5443149535010354,True,False,False,False,2026-07-30,2.0,14.802997292695517,10.189712326121247,24.02956722584406,False,False,2026-07-28,4.0,True,6323.0,4462.6,1.4168870165374445,False,15923500.0,0.44,36.189772727272725,5.243752560426063,4.916018025399423,3.178906359820884,0.8333333333331681,99.16666666666684,True,34.45,False,False,False,False,True,False
448,001255,博菲电气,C 制造业,腾讯前复权日K回退（成交额、换手率已提供）,False,2026-08-03,24.0,23.11,23.072,True,True,True,True,26.89,-10.747489773149873,False,48.901416791732885,-1.0215304988485698,-1.4186063332716035,0.7941516688460672,True,False,False,False,2026-07-27,5.0,15.305358463339457,11.919756633717626,22.07656212258312,False,False,2026-07-23,7.0,True,13314.0,11808.8,1.1274642639387575,False,31515400.0,1.72,18.322906976744186,3.3591731266150004,3.6175710594315245,4.022191400832181,0.0,100.0,True,36.54,False,False,False,False,False,False
449,001256,炜冈科技,C 制造业,腾讯前复权日K回退（成交额、换手率已提供）,False,2026-08-03,23.76,22.589999999999996,24.206500000000002,True,False,False,True,30.8,-22.857142857142854,False,48.66657692712039,-0.8996785627716797,-0.8294417875546191,-0.14047355043412124,False,True,False,False,,,19.807358641930733,18.21937420572698,22.983327514338242,True,False,,,False,44883.0,21460.4,2.0914335240722446,True,105234300.0,4.2,25.05578571428571,6.547085201793723,7.5784753363228745,-1.8445458864354627,25.443786982248483,74.55621301775152,True,33.0,False,True,False,False,False,False
451,001258,立新能源,D 水电煤气,腾讯前复权日K回退（成交额、换手率已提供）,False,2026-08-03,12.73,12.386,9.684,True,True,True,False,15.73,-19.071837253655435,False,67.26627833438326,1.3560327267597714,1.0196992759709878,0.6726669015775673,True,False,False,False,2026-07-06,20.0,67.50485393883818,68.47469746063082,65.5651668952529,False,False,,,False,1416288.0,1619616.6,0.8744588071028662,False,1785196600.0,15.17,117.67940672379696,3.1604538087520284,8.752025931928689,31.45394465097069,21.296296296296337,78.70370370370367,True,15.73,False,False,False,False,False,False
452,001259,利仁科技,C 制造业,腾讯前复权日K回退（成交额、换手率已提供）,False,2026-08-03,43.5,41.653999999999996,49.376,True,False,False,False,65.45,-33.53705118411001,False,35.798173409013444,-5.749664757769793,-5.438560438062909,-0.6222086394137669,False,True,False,False,,,21.235986223980152,22.410964605973344,18.88602945999377,False,False,,,False,21368.0,15781.4,1.3539990114945442,False,91636000.0,4.49,20.408908685968818,5.633802816901401,7.5036425449247295,-11.900518470511985,19.093851132686172,80.90614886731383,True,89.88,False,False,False,False,True,False
453,001260,坤泰股份,C 制造业,腾讯前复权日K回退（成交额、换手率已提供）,False,2026-08-03,16.34,15.563999999999998,15.497499999999999,True,True,True,True,17.32,-5.658198614318708,False,54.37334295001781,-0.39798815323974956,-0.6093570613059456,0.42273781613239203,True,False,False,False,2026-07-27,5.0,22.014842948747404,17.283283322838844,31.477962200564527,False,False,,,False,11390.0,10463.6,1.0885354944760885,False,18382900.0,0.99,18.56858585858586,4.076433121019107,3.630573248407634,5.436360703339256,7.017543859648992,92.982456140351,True,22.79,False,False,False,False,False,False
454,001266,宏英智能,C 制造业,腾讯前复权日K回退（成交额、换手率已提供）,False,2026-08-03,30.25,30.214,34.072500000000005,True,False,False,False,47.87,-36.80802172550658,False,33.75494605885622,-3.9520792788339314,-4.00931480297544,0.11447104828301669,True,False,True,False,,,12.855722066097618,13.758734602974757,11.049696992343339,False,False,,,False,28070.0,26496.4,1.0593892000422698,False,84376800.0,4.83,17.469316770186335,0.632069194943452,2.7611443779108513,-11.218724778046825,16.867469879518104,83.1325301204819,True,56.16,False,False,False,False,True,False
455,001267,汇绿生态,C 制造业,腾讯前复权日K回退（成交额、换手率已提供）,False,2026-08-03,29.15,29.458000000000006,35.441,False,False,False,False,47.07,-38.07095814743999,False,33.081946870974576,-5.365216292005151,-5.256921809283565,-0.2165889654431723,False,True,False,False,,,5.2245377899686325,6.395002127243761,2.883609115418375,False,False,,,False,350583.0,320315.8,1.0944917484557428,False,1030956300.0,5.76,178.98546875,-2.24681421864521,3.5881958417169693,-17.75062780395588,48.598130841121446,14.01869158878491,False,69.72,False,False,False,False,False,True
456,001268,联合精密,C 制造业,腾讯前复权日K回退（成交额、换手率已提供）,False,2026-08-03,17.91,17.26,20.339,True,False,False,False,30.49,-41.25942932108888,False,35.102014248348,-2.4745438617385744,-2.446668585730371,-0.05575055201640655,False,True,False,False,,,9.511243377895852,9.885123113912707,8.763483905862142,False,False,,,False,30966.0,33511.0,0.9240547879800662,False,54507299.99999999,3.28,16.618079268292682,4.188481675392652,4.653868528214061,-11.942573381188842,7.499999999999867,92.50000000000014,True,33.59,False,False,False,False,False,False
457,001269,欧晶科技,C 制造业,腾讯前复权日K回退（成交额、换手率已提供）,False,2026-08-03,19.64,18.497999999999998,18.1795,True,True,True,True,22.33,-12.046574115539624,False,52.23110877998253,-0.8938322438829438,-1.3453372838626163,0.903010079959345,True,False,False,False,2026-07-27,5.0,20.640470124129106,16.019364771229014,29.882680829929285,False,False,2026-07-21,9.0,True,31916.0,32290.0,0.9884174667079592,False,61641400.0,1.66,37.13337349397591,3.314045239347707,4.366123093108881,8.033774306224041,4.819277108433642,95.18072289156636,True,31.22,False,False,False,False,False,False
458,001270,铖昌科技,C 制造业,腾讯前复权日K回退（成交额、换手率已提供）,False,2026-08-03,99.9,94.34400000000001,117.9615,True,False,False,False,180.64,-44.69663418954827,False,40.21070439612582,-12.664776643482554,-10.91412130751175,-3.50131067194161,False,True,False,False,,,8.469811761600809,9.478676512993603,6.452082258815221,False,False,,,False,132527.0,86449.4,1.5330008074087271,False,1307335400.0,6.47,202.06111282843895,7.929991356957644,10.663353500432143,-15.31135158505105,19.452887537993814,80.54711246200618,True,180.64,False,True,True,False,True,False
459,001277,速达股份,C 制造业,腾讯前复权日K回退（成交额、换手率已提供）,False,2026-08-03,28.03,26.97,26.627499999999998,True,True,True,True,29.19,-3.973963686193902,False,54.32777090851709,-0.6021967746815271,-0.9591341554864332,0.7138747616098122,True,False,False,False,2026-07-23,7.0,15.954234957639585,11.44919119029563,24.964322492327494,False,False,2026-07-27,5.0,True,12050.0,9108.6,1.3229255868080714,False,33444500.0,2.65,12.620566037735848,3.0135979419331216,3.932377802278575,5.26711106938317,3.738317757009265,96.26168224299073,True,38.06,False,True,False,False,True,False
460,001278,一彬科技,C 制造业,腾讯前复权日K回退（成交额、换手率已提供）,False,2026-08-03,14.97,14.268,14.3225,True,True,False,True,16.65,-10.09009009009008,False,50.64049282486284,-0.5782521640306406,-0.798306919312376,0.4401095105634707,True,False,False,False,2026-07-27,5.0,14.741385477439678,11.571996224024014,21.080163984271007,False,False,2026-07-21,9.0,True,22244.0,21138.8,1.0522830056578425,False,32963600.0,2.61,12.629731800766285,3.9583333333333304,4.027777777777778,4.520858788619312,17.241379310344765,82.75862068965523,True,24.15,False,False,False,False,False,False
461,001279,强邦新材,C 制造业,腾讯前复权日K回退（成交额、换手率已提供）,False,2026-08-03,24.92,24.259999999999998,24.979499999999998,True,False,False,True,28.93,-13.861043899066704,False,46.95722433101378,-0.8329670231013253,-0.9742312953689969,0.28252854453534315,True,False,False,False,2026-07-31,1.0,13.865207662066993,10.321625649722963,20.952371686755054,False,False,2026-07-28,4.0,True,11778.0,11776.0,1.0001698369565217,False,29167199.999999996,2.94,9.92081632653061,1.8806214227309992,3.1888798037612474,-0.23819532016251863,33.33333333333303,66.66666666666697,False,35.08,False,True,False,False,False,False
462,001280,中国铀业,B 采矿业,腾讯前复权日K回退（成交额、换手率已提供）,False,2026-08-03,63.7,61.260000000000005,60.66850000000001,True,True,True,True,69.52,-8.371691599539693,False,51.84648426397021,-1.432116506841922,-2.1921648153519784,1.520096617020113,True,False,False,False,2026-07-22,8.0,20.014659524934682,16.90129179943182,26.241394975940402,False,False,2026-07-21,9.0,True,108570.0,58336.8,1.861089398115769,True,698063600.0,6.25,111.690176,2.050624799743672,2.595322012175592,4.996827018963702,37.65432098765418,19.13580246913589,False,87.3,False,False,False,False,False,False
463,001282,三联锻造,C 制造业,腾讯前复权日K回退（成交额、换手率已提供）,False,2026-08-03,15.75,15.223999999999998,15.5975,True,True,False,True,19.66,-19.888097660223806,False,45.09945957717589,-0.9200400107921052,-1.0967741773304633,0.3534683330767163,True,False,False,False,2026-07-30,2.0,16.13571443219425,12.552961748378337,23.30121979982607,False,False,2026-07-27,5.0,True,19784.0,25010.4,0.7910309311326488,False,31057900.0,1.3,23.89069230769231,2.0077720207253957,3.0440414507772062,0.9777207885879139,17.021276595744673,82.97872340425533,True,23.01,False,True,False,False,False,False
464,001283,豪鹏科技,C 制造业,腾讯前复权日K回退（成交额、换手率已提供）,False,2026-08-03,42.22,42.388,43.1055,False,False,False,True,53.36,-20.877061469265367,False,43.770761118384264,-1.9195137500706707,-2.2675834312935823,0.6961393624458232,True,False,False,False,2026-07-29,3.0,15.52130823903402,14.452107418858722,17.659709879384618,False,False,2026-07-23,7.0,True,15448.0,25167.2,0.6138148065736355,False,65241500.0,1.49,43.78624161073826,-0.5418138987043686,1.9081272084805707,-2.054262217118466,56.79012345679006,43.20987654320993,False,63.68,False,True,False,False,False,False
465,001285,瑞立科密,C 制造业,腾讯前复权日K回退（成交额、换手率已提供）,False,2026-08-03,42.78,40.995999999999995,40.2195,True,True,True,True,44.25,-3.322033898305082,False,58.146139065487,-0.5023535694545913,-1.0065617606647475,1.0084163824203123,True,False,False,False,2026-07-15,13.0,16.21306411670527,11.268508217072025,26.102175915971756,False,False,2026-07-27,5.0,True,19188.0,10464.2,1.8336805489191719,True,81553900.0,4.62,17.65235930735931,3.308379618449653,4.564114948080176,6.3663148472755875,11.111111111111153,88.88888888888886,True,54.2,False,False,False,False,False,False
466,001286,陕西能源,D 水电煤气,腾讯前复权日K回退（成交额、换手率已提供）,False,2026-08-03,10.26,10.414,10.361,False,False,True,False,10.88,-5.6985294117647145,False,43.78752179172291,-0.09296177642690573,-0.12483190808229336,0.06374026331077526,True,False,False,False,2026-07-15,13.0,19.877534790003832,21.008081437042875,17.61644149592574,False,True,,,False,372839.0,252330.2,1.4775837374995144,False,382865100.0,2.76,138.7192391304348,-2.005730659025795,3.151862464183382,-0.9748093813338564,36.36363636363612,48.48484848484852,False,13.38,False,False,False,False,False,False
467,001287,中电港,F 批发零售,腾讯前复权日K回退（成交额、换手率已提供）,False,2026-08-03,21.15,20.904000000000003,24.350500000000004,True,False,False,False,32.57,-35.06294135707707,False,36.464132586066164,-1.9958161673495418,-1.7180412322700527,-0.5555498701589783,False,True,False,False,,,15.667360629790005,17.92946826504401,11.143145359281995,False,False,,,False,195727.0,253097.8,0.7733255682190837,False,411676100.0,2.58,159.56437984496125,1.5850144092218965,3.650336215177704,-13.143467279932668,15.789473684210698,84.21052631578931,True,32.64,False,False,False,False,False,False
468,001288,运机集团,C 制造业,腾讯前复权日K回退（成交额、换手率已提供）,False,2026-08-03,27.28,25.857999999999997,24.219500000000004,True,True,True,True,26.48,3.021148036253779,True,61.6978272978627,0.35379121217440357,-0.025823720280398643,0.7592298649096044,True,False,False,False,2026-07-21,9.0,51.77093154516346,43.59100119105927,68.13079225337184,False,False,2026-07-20,10.0,True,98069.0,34796.6,2.8183500686848717,True,266242100.0,6.46,41.21394736842105,7.401574803149624,11.574803149606305,12.636511901566907,22.44897959183673,77.55102040816327,True,30.53,False,False,False,True,False,False
469,001289,龙源电力,D 水电煤气,腾讯前复权日K回退（成交额、换手率已提供）,False,2026-08-03,16.55,16.392,16.156,True,True,True,True,16.85,-1.7804154302670665,False,52.4354047950239,-0.019828715692163712,-0.10124849881789112,0.16283956625145482,True,False,False,False,2026-07-15,13.0,28.68909850499625,27.360780964701537,31.34573358558567,False,False,,,False,69063.0,61146.4,1.1294696008268679,False,114580000.0,0.14,818.4285714285713,0.1815980629539915,1.9975786924939363,2.4387224560534904,57.57575757575718,42.42424242424281,False,20.17,False,False,False,False,True,False
470,001296,长江材料,C 制造业,腾讯前复权日K回退（成交额、换手率已提供）,False,2026-08-03,17.44,17.008,17.203,True,True,False,True,20.36,-14.341846758349696,False,48.04208015126205,-0.6374248040992008,-0.8066629644189464,0.3384763206394912,True,False,False,False,2026-07-29,3.0,16.901186185207138,14.123758393413672,22.45604176879407,False,False,2026-07-27,5.0,True,12063.0,20793.8,0.580124844905693,False,20948200.0,1.56,13.428333333333333,1.4543339150669077,2.3851076207097157,1.377666686043143,7.317073170731116,92.68292682926888,True,23.47,False,False,False,False,False,False
471,001298,好上好,F 批发零售,腾讯前复权日K回退（成交额、换手率已提供）,False,2026-08-03,16.64,16.119999999999997,17.665,True,False,False,True,22.18,-24.977457168620376,False,40.10520249607905,-1.1537811142583863,-1.1681743103230093,0.028786392129246163,True,False,True,False,,,11.15467279575571,9.862514836951012,13.738988713365107,False,False,2026-07-31,1.0,True,84016.0,80529.6,1.0432933977071783,False,138316100.0,2.06,67.14373786407766,1.7114914425427896,2.9339853300733525,-5.802434191904889,4.166666666666574,95.83333333333343,True,25.28,False,False,False,False,True,False
472,001299,美能能源,D 水电煤气,腾讯前复权日K回退（成交额、换手率已提供）,False,2026-08-03,9.84,9.608,9.6965,True,True,False,True,10.6,-7.169811320754715,False,48.87189430824481,-0.2632501248212229,-0.3429007415845213,0.15930123352659675,True,False,False,False,2026-07-28,4.0,16.904602932137617,14.591290666458557,21.531227463495735,False,False,2026-07-27,5.0,True,24191.0,27084.8,0.8931577859168243,False,23620600.0,0.86,27.465813953488375,2.180685358255441,2.8037383177570048,1.4799154334038005,3.7037037037036304,96.29629629629636,True,13.83,False,False,False,False,False,False
473,001300,三柏硕,C 制造业,腾讯前复权日K回退（成交额、换手率已提供）,False,2026-08-03,10.29,10.033999999999999,10.560500000000001,True,False,False,True,12.06,-14.676616915422896,False,39.56537560150795,-0.7877740343755892,-0.9264144145080018,0.27728076026482507,True,False,False,False,2026-07-27,5.0,9.427153167586653,8.183031137558373,11.915397227643211,False,False,2026-07-23,7.0,True,40860.0,31757.4,1.2866292580626877,False,41326400.0,1.68,24.599047619047617,3.41708542713568,4.5226130653266265,-2.561431750390625,0.0,100.0,True,19.19,False,False,False,False,True,False
474,001301,尚太科技,C 制造业,腾讯前复权日K回退（成交额、换手率已提供）,False,2026-08-03,54.46,54.726,53.080999999999996,False,True,True,False,63.5,-14.236220472440944,False,47.30723636784718,-1.1781899055260183,-1.8367072314050163,1.317034651757996,True,False,False,False,2026-07-23,7.0,33.72848636348946,32.103320373324,36.97881834382038,False,False,,,False,28756.0,67338.0,0.42703971011910064,False,156986800.0,1.11,141.42954954954953,-1.3763129300977894,2.897500905469023,2.5979163919293247,57.499999999999865,40.62500000000006,False,69.73,False,True,False,False,False,False
475,001306,夏厦精密,C 制造业,腾讯前复权日K回退（成交额、换手率已提供）,False,2026-08-03,50.11,47.998000000000005,49.253,True,True,False,True,65.09,-23.014287909049013,False,47.00282486965327,-2.6583121724549414,-3.2997772850129787,1.2829302251160746,True,False,False,False,2026-07-29,3.0,16.632312082134792,13.347920706245864,23.201094833912652,False,False,2026-07-22,8.0,True,7118.0,6389.0,1.1141023634371576,False,35489300.0,4.59,7.7318736383442275,3.149444215726649,3.7875668999588235,1.7399955332670076,16.304347826086836,83.69565217391316,True,77.13,False,False,False,False,False,False
476,001308,康冠科技,C 制造业,腾讯前复权日K回退（成交额、换手率已提供）,False,2026-08-03,18.18,17.346,17.817,True,True,False,True,20.96,-13.263358778625959,False,48.88551378971244,-0.694583625957943,-0.8149695025736649,0.24077175323144373,True,False,False,False,2026-07-31,1.0,13.743768205794504,9.048068366579374,23.135167884224767,False,False,2026-07-29,3.0,True,44991.0,22171.8,2.029199253105296,True,80454200.0,0.92,87.45021739130434,4.723502304147464,6.91244239631336,2.03738003030813,23.333333333333442,76.66666666666656,True,23.17,False,False,False,False,True,False
477,001309,德明利,C 制造业,腾讯前复权日K回退（成交额、换手率已提供）,False,2026-08-03,349.0,368.192,555.654,False,False,False,False,954.19,-63.42447520933986,False,28.295965704909932,-104.14266666811693,-84.45967652905092,-39.365980278132014,False,True,False,False,,,9.289546816005057,14.338453345627434,-0.8082662432396965,False,False,,,False,272145.0,276792.6,0.9832090886822842,False,9775395300.0,16.49,592.8074772589448,-9.56206271054677,7.165068670640072,-37.19112973181152,9.656419529837297,0.14466546112123116,False,980.0,False,False,False,False,False,True
478,001311,多利科技,C 制造业,腾讯前复权日K回退（成交额、换手率已提供）,False,2026-08-03,15.73,15.644,16.053,True,False,False,True,20.0,-21.349999999999998,False,45.14351920760908,-0.6826245003417206,-0.8702421504553116,0.375235300227182,True,False,False,False,2026-07-29,3.0,14.70638146549974,12.149356158773186,19.82043207895285,False,False,2026-07-27,5.0,True,39316.0,58592.4,0.6710085267031219,False,62100900.0,2.22,27.973378378378378,-0.694444444444442,3.0934343434343337,-2.012084968541708,57.142857142856826,28.571428571428783,False,24.58,False,True,False,False,True,False
480,001313,粤海饲料,C 制造业,腾讯前复权日K回退（成交额、换手率已提供）,False,2026-08-03,7.29,7.136,7.373,True,False,False,True,8.24,-11.529126213592235,False,48.22118428746286,-0.15303971340792533,-0.1639208580265895,0.02176228923732837,True,False,True,False,,,19.30058348588166,19.22750974520671,19.44673096723156,False,False,2026-07-31,1.0,True,114660.0,110409.4,1.038498533639346,False,82961200.00000001,1.64,50.58609756097563,1.2499999999999956,2.36111111111111,-1.1257290112572926,0.0,100.0,True,9.96,False,False,False,False,True,False
481,001314,亿道信息,C 制造业,腾讯前复权日K回退（成交额、换手率已提供）,False,2026-08-03,49.0,47.666,53.82750000000001,True,False,False,False,67.88,-27.813789039481435,False,42.570730892062,-2.809389466943607,-2.019445094302289,-1.579888745282636,False,True,False,False,,,33.1560714128465,35.73598305006261,27.996248138414288,False,False,,,False,71477.0,64323.6,1.1112095716035795,False,351909200.0,5.76,61.09534722222222,4.5667947076397875,9.773794280836531,-8.968464075054586,49.78165938864633,50.218340611353675,False,67.88,False,False,False,False,True,False
482,001316,润贝航科,F 批发零售,腾讯前复权日K回退（成交额、换手率已提供）,False,2026-08-03,25.84,25.241999999999997,26.76,True,False,False,True,34.47,-25.03626341746446,False,38.03267383057933,-2.1769996240954974,-2.4681226549399042,0.5822460616888137,True,False,False,False,2026-07-29,3.0,11.01559565355536,9.679665792996419,13.687455374673245,False,False,2026-07-22,8.0,True,25854.0,18725.0,1.3807209612817088,False,66527200.0,1.72,38.67860465116279,2.2961203483768733,3.6421219319081475,-3.437967115097166,11.956521739130398,88.0434782608696,True,45.1,False,False,False,False,True,False
483,001317,三羊马,G 运输仓储,腾讯前复权日K回退（成交额、换手率已提供）,False,2026-08-03,54.03,52.477999999999994,48.146,True,True,True,True,54.99,-1.7457719585379177,False,61.20271025876938,1.6270341328869549,0.7557387703947087,1.7425907249844923,True,False,False,False,,,60.45110692718608,54.58013369940296,72.19305338275232,False,False,,,False,64995.0,80339.2,0.8090073090097984,False,349777600.0,7.6,46.02336842105264,1.4457378895982087,4.130679684566271,12.221160636397624,34.999999999999886,65.00000000000011,False,61.98,False,False,False,False,True,False
484,001318,阳光乳业,C 制造业,腾讯前复权日K回退（成交额、换手率已提供）,False,2026-08-03,10.95,10.732,10.2385,True,True,True,True,11.45,-4.366812227074236,False,58.09115592558898,0.006995881081728328,-0.14911015603993433,0.3122120742433253,True,False,False,False,2026-07-28,4.0,28.228651226613383,21.11932513046857,42.44730341890301,False,False,2026-07-28,4.0,True,60226.0,86551.0,0.6958440688149183,False,65501000.0,2.13,30.751643192488267,0.7359705611775569,2.299908003679853,6.949260145529122,12.000000000000455,87.99999999999955,True,13.34,False,False,False,False,False,False
485,001319,铭科精技,C 制造业,腾讯前复权日K回退（成交额、换手率已提供）,False,2026-08-03,19.09,18.380000000000003,19.109,True,False,False,True,22.87,-16.5282028858767,False,46.987143093384894,-0.8749021675459936,-1.0291475772525718,0.30849081941315637,True,False,False,False,2026-07-31,1.0,19.003526326832386,14.329850821198121,28.350877338100915,False,False,2026-07-28,4.0,True,17854.0,20321.8,0.8785639067405446,False,33770100.0,2.18,15.490871559633026,2.3043944265809246,3.0010718113612125,-0.09942958815218955,8.92857142857152,91.07142857142848,True,26.3,False,False,False,False,True,False
486,001322,箭牌家居,C 制造业,腾讯前复权日K回退（成交额、换手率已提供）,False,2026-08-03,6.26,6.128,6.1705000000000005,True,True,False,True,6.58,-4.8632218844984845,False,52.74668447924061,-0.042030384548129796,-0.06213188206392149,0.040202995031583394,True,False,False,False,2026-07-31,1.0,24.220549417907804,19.81465563280779,33.032336988107836,False,False,,,False,25057.0,41686.2,0.6010862107843843,False,15638599.999999998,0.32,48.87062499999999,0.8051529790660261,1.4492753623188384,1.450449720444036,11.11111111111089,88.88888888888911,True,7.76,False,False,False,False,False,False
487,001323,慕思股份,C 制造业,腾讯前复权日K回退（成交额、换手率已提供）,False,2026-08-03,17.31,17.121999999999996,16.329500000000003,True,True,True,True,18.04,-4.046563192904659,False,55.05079656782669,-0.11316377283960577,-0.43115562341606656,0.6359837011529216,True,False,False,False,,,22.337631404297127,16.410110084065025,34.19267404476133,False,False,2026-07-28,4.0,True,44131.0,58477.2,0.7546701962474264,False,76324100.0,1.42,53.7493661971831,-2.4788732394366297,2.5352112676056295,6.004470436939254,13.33333333333307,60.0,False,23.87,False,False,False,True,False,False
488,001324,长青科技,C 制造业,腾讯前复权日K回退（成交额、换手率已提供）,False,2026-08-03,19.3,19.0,18.718,True,True,True,True,20.2,-4.455445544554449,False,56.16737986965017,-0.022158197901099186,-0.14186936229490701,0.23942232878761566,True,False,False,False,2026-07-29,3.0,47.4728021257606,41.3654364377758,59.6875335017302,False,False,,,False,16528.0,19631.6,0.8419079443346442,False,31562100.0,1.2,26.30175,0.5208333333333481,2.4479166666666794,3.1093065498450727,0.0,100.0,True,21.44,False,False,False,True,False,False
489,001325,元创股份,C 制造业,腾讯前复权日K回退（成交额、换手率已提供）,False,2026-08-03,36.44,35.477999999999994,34.647000000000006,True,True,True,True,38.62,-5.644743656136717,False,53.50113457923534,-0.6813713968242823,-1.2156403028342109,1.0685378120198572,True,False,False,False,,,9.313671349035491,7.289856961606291,13.361300123893892,False,False,2026-07-23,7.0,True,5927.0,6674.8,0.8879666806496075,False,21412900.0,3.02,7.090364238410595,1.787709497206702,2.1787709497206738,5.175051230986787,0.0,100.0,True,54.83,False,False,False,False,True,False
490,001326,联域股份,C 制造业,腾讯前复权日K回退（成交额、换手率已提供）,False,2026-08-03,46.96,44.836,48.8965,True,False,False,False,63.96,-26.579111944965604,False,41.71118684135466,-4.042218359685982,-4.1784213850274625,0.2724060506829602,True,False,True,False,,,11.180875452446012,10.706777984299306,12.129070388739425,True,False,2026-08-03,0.0,True,18505.0,13286.0,1.3928195092578655,False,85213500.0,7.7,11.066688311688312,4.587973273942092,8.26280623608018,-3.9604061640403754,21.832884097035095,78.1671159029649,True,75.5,False,False,False,False,False,False
491,001328,登康口腔,C 制造业,腾讯前复权日K回退（成交额、换手率已提供）,False,2026-08-03,30.92,31.669999999999998,28.762,False,True,True,False,33.06,-6.473079249848761,False,59.833757003082624,1.0495896000625997,0.6474525677030432,0.8042740647191131,True,False,False,False,,,64.3289105031328,60.31409633229251,72.35853884481338,False,False,,,False,23936.0,36769.4,0.6509760833736749,False,74442000.0,1.48,50.29864864864865,-2.46056782334384,4.195583596214517,7.502955288227526,0.0,11.27819548872195,False,33.06,False,False,False,False,False,False
493,001331,胜通能源,D 水电煤气,腾讯前复权日K回退（成交额、换手率已提供）,False,2026-08-03,42.81,40.096000000000004,48.478,True,False,False,False,68.0,-37.04411764705882,False,45.26583096747083,-2.3376341678599175,-0.9044372995411587,-2.8663937366375176,False,True,False,False,,,31.097802516590047,33.37472141427355,26.543964721223034,False,False,,,False,51592.0,123116.6,0.4190499087856552,False,214882400.00000003,1.8,119.37911111111113,9.99486125385407,9.994861253854062,-11.691901481084201,0.0,100.0,True,68.0,False,True,True,False,True,True
494,001332,锡装股份,C 制造业,腾讯前复权日K回退（成交额、换手率已提供）,False,2026-08-03,30.84,29.988,30.025,True,True,False,True,36.3,-15.04132231404958,False,42.17329166639557,-2.3271500505329428,-3.011732235898872,1.3691643707318581,True,False,False,False,2026-07-24,6.0,15.672161786217169,13.49079791396121,20.03488953072909,False,False,2026-07-21,9.0,True,28602.0,16675.4,1.7152212240785827,False,87844900.0,4.26,20.62086854460094,2.628951747088193,3.8269550748752033,2.7144046627810203,20.000000000000064,79.99999999999994,True,53.88,False,False,False,False,False,False
495,001333,光华股份,C 制造业,腾讯前复权日K回退（成交额、换手率已提供）,False,2026-08-03,18.7,18.0,18.247500000000002,True,True,False,True,20.38,-8.243375858684985,False,51.05059679989213,-0.5281341022863835,-0.7089925106230351,0.36171681667330335,True,False,False,False,2026-07-28,4.0,14.470104711856052,11.523090930354705,20.364132274858747,False,False,2026-07-27,5.0,True,13350.0,10031.8,1.3307681572599135,False,24672199.999999996,1.04,23.723269230769223,3.543743078626793,4.374307862679951,2.4797917522948185,3.797468354430528,96.20253164556947,True,27.44,False,False,False,False,False,False
496,001335,信凯科技,F 批发零售,腾讯前复权日K回退（成交额、换手率已提供）,False,2026-08-03,30.65,29.875999999999998,30.898000000000003,True,False,False,True,37.89,-19.10794404856163,False,37.17181061238786,-2.985241916716653,-3.512569367267047,1.054654901100788,True,False,False,False,2026-07-28,4.0,12.351209497833992,10.584271047687144,15.885086398127687,False,False,2026-07-21,9.0,True,6298.0,7837.6,0.803562314994386,False,19103300.0,2.47,7.73412955465587,2.2348232154769887,2.868579052701799,-0.802640947634166,1.162790697674601,98.8372093023254,True,51.24,False,False,False,False,False,False
497,001336,楚环科技,C 制造业,腾讯前复权日K回退（成交额、换手率已提供）,False,2026-08-03,17.14,16.348,16.0545,True,True,True,True,18.05,-5.041551246537397,False,55.344182971082624,-0.419741934281344,-0.6907670206445571,0.5420501727264262,True,False,False,False,2026-07-27,5.0,24.515105894662042,19.369144168731456,34.807029346523215,False,False,,,False,21892.0,18938.2,1.1559704723785786,False,36966500.0,3.4,10.8725,4.5121951219512235,4.085365853658526,6.761344171416112,1.492537313432543,98.50746268656746,True,23.58,False,True,False,False,True,False
498,001337,四川黄金,B 采矿业,腾讯前复权日K回退（成交额、换手率已提供）,False,2026-08-03,39.26,39.128,37.0435,True,True,True,True,42.9,-8.484848484848486,False,51.725791370742776,-0.33394076058424815,-1.103149212939362,1.5384169047102279,True,False,False,False,2026-07-21,9.0,25.42283839158442,22.933994134124898,30.400526906503465,False,False,2026-07-21,9.0,True,124463.0,189245.2,0.6576811459418785,False,490176700.0,2.96,165.6002364864865,-2.094763092269336,4.563591022443886,5.98350587822424,20.76502732240414,33.33333333333333,False,60.71,False,False,False,False,True,False
499,001338,永顺泰,C 制造业,腾讯前复权日K回退（成交额、换手率已提供）,False,2026-08-03,8.92,8.702000000000002,8.539,True,True,True,True,8.95,-0.33519553072624986,False,53.79690848584211,-0.14883327955338999,-0.2659788776428464,0.2342911961789128,True,False,False,False,,,11.894516795285531,8.866862696775103,17.949824992306386,False,False,2026-07-28,4.0,True,47550.0,45903.4,1.0358709812345055,False,42172700.00000001,0.95,44.3923157894737,1.710376282782211,2.3945267958950867,4.4618807822930115,14.285714285714043,85.71428571428595,True,13.19,False,False,False,False,True,False
500,001339,智微智能,C 制造业,腾讯前复权日K回退（成交额、换手率已提供）,False,2026-08-03,65.43,67.18,81.05749999999999,False,False,False,False,105.39,-37.91631084543125,False,33.28872587125194,-6.365531358199647,-4.359275056212711,-4.012512603973871,False,True,False,False,,,36.24177743152931,40.841933860370126,27.041464573847676,False,False,,,False,112125.0,110698.2,1.0128890984677257,False,746872600.0,6.93,107.77382395382396,-2.6049419470080326,8.484668055969042,-19.27952379483698,40.17543859649132,17.36842105263173,False,109.67,False,False,False,False,False,False
501,001356,富岭股份,C 制造业,腾讯前复权日K回退（成交额、换手率已提供）,False,2026-08-03,8.83,8.506,8.492,True,True,True,True,9.06,-2.538631346578371,False,54.723146774362775,-0.11343892202484085,-0.18026221558221261,0.13364658711474353,True,False,False,False,,,12.599183556614024,10.028667199293016,17.740216271256042,False,False,2026-07-31,1.0,True,60656.0,45828.6,1.323540321982343,False,53137000.0,2.87,18.51463414634146,2.79394644935973,3.143189755529681,3.9802166745171825,3.7037037037036304,96.29629629629636,True,12.02,False,False,False,False,False,False
502,001358,兴欣新材,C 制造业,腾讯前复权日K回退（成交额、换手率已提供）,False,2026-08-03,24.49,24.916000000000004,22.863,False,True,True,True,28.35,-13.615520282186958,False,53.46433038677845,-0.14401384658098593,-0.6456099837737406,1.0031922743855093,True,False,False,False,2026-07-28,4.0,43.27709281710861,36.84024349165441,56.150791468017005,False,False,2026-07-23,7.0,True,82725.0,77900.2,1.0619356561343873,False,197963800.0,16.23,12.19739987677141,0.7818930041152194,8.106995884773657,7.116301447754009,24.365482233502576,75.63451776649742,True,31.1,False,False,False,False,False,False
503,001359,平安电工,C 制造业,腾讯前复权日K回退（成交额、换手率已提供）,False,2026-08-03,72.46,75.654,94.49000000000001,False,False,False,False,124.41,-41.757093481231415,False,36.23456348367904,-7.638670829794862,-4.386420720394117,-6.504500218801489,False,True,False,False,,,29.991377614761664,35.29850548772615,19.37712186883269,False,False,,,False,73103.0,48080.2,1.5204387668936485,False,543315800.0,12.13,44.791079967023904,-5.491065605843238,9.325681492109046,-23.314636469467683,33.2867132867132,8.531468531468517,False,134.04,False,True,False,False,False,True
504,001360,南矿集团,C 制造业,腾讯前复权日K回退（成交额、换手率已提供）,False,2026-08-03,14.83,14.34,14.475999999999999,True,True,False,True,18.35,-19.182561307901913,False,44.58261901225158,-0.9379587605437703,-1.1998718208295476,0.5238261205715546,True,False,False,False,2026-07-28,4.0,19.960256134931765,16.45367902572526,26.973410353344768,False,False,2026-07-21,9.0,True,29741.0,37409.2,0.7950183377351027,False,43830900.0,2.37,18.494050632911392,0.6788866259334725,2.1045485403937576,2.445426913512027,3.2258064516128298,96.77419354838716,True,23.05,False,False,False,False,False,False
506,001366,播恩集团,C 制造业,腾讯前复权日K回退（成交额、换手率已提供）,False,2026-08-03,11.42,10.894,10.821000000000002,True,True,True,True,11.8,-3.2203389830508535,False,53.43708448055935,-0.3170469608798072,-0.48702838211262256,0.3399628424656307,True,False,False,False,,,14.006606589209289,10.952967409540173,20.11388494854752,False,False,2026-07-27,5.0,True,31372.0,33705.0,0.9307817831182317,False,35334600.0,1.95,18.12030769230769,3.5358114233907667,3.898458748866741,5.535532760373333,9.302325581395532,90.69767441860446,True,18.61,False,True,False,False,False,False
507,001367,海森药业,C 制造业,腾讯前复权日K回退（成交额、换手率已提供）,False,2026-08-03,18.08,17.767999999999997,18.284,True,False,False,True,20.64,-12.40310077519381,False,45.914309473562966,-0.5583736058236113,-0.6102667711287928,0.10378633061036302,True,False,False,False,2026-07-31,1.0,8.955186416436357,7.866857998797859,11.131843251713354,False,False,2026-07-29,3.0,True,14409.0,12079.6,1.1928375111758667,False,25815400.0,1.18,21.877457627118645,2.1468926553672274,2.3163841807909615,-1.1157295996499708,12.195121951219681,87.80487804878032,True,24.75,False,False,False,False,True,False
508,001368,通达创智,C 制造业,腾讯前复权日K回退（成交额、换手率已提供）,False,2026-08-03,20.86,20.066,20.343,True,True,False,True,22.6,-7.6991150442477965,False,50.7271012593842,-0.5965071480194126,-0.7902644398054522,0.38751458357207924,True,False,False,False,2026-07-28,4.0,11.578944435608507,8.782938906976506,17.170955492872512,False,False,2026-07-28,4.0,True,17711.0,15143.0,1.1695833058178697,False,36598900.0,1.64,22.31640243902439,3.216229589312225,3.7605145967342803,2.541414737256056,14.473684210526278,85.52631578947371,True,30.71,False,False,False,False,False,False
510,001373,翔腾新材,C 制造业,腾讯前复权日K回退（成交额、换手率已提供）,False,2026-08-03,26.4,25.229999999999997,25.643,True,True,False,True,31.55,-16.32329635499208,False,45.40022028779861,-1.6564485937022084,-2.1140314997149887,0.9151658120255606,True,False,False,False,2026-07-27,5.0,16.030604961840236,13.06652318760698,21.958768510306744,False,False,2026-07-21,9.0,True,18899.0,19404.0,0.9739744382601525,False,49092700.00000001,4.5,10.909488888888891,3.205629397967158,3.909304143862393,2.9520726904028307,8.999999999999986,91.00000000000001,True,42.77,False,False,False,False,False,False
511,001376,百通能源,D 水电煤气,腾讯前复权日K回退（成交额、换手率已提供）,False,2026-08-03,11.44,11.278,10.2265,True,True,True,True,11.47,-0.26155187445511013,False,58.55279645234826,-0.011185668975082663,-0.30324248578512625,0.5841136336200872,True,False,False,False,,,20.935697649093182,16.569328965463956,29.66843501635163,False,False,2026-07-22,8.0,True,203219.0,301067.4,0.6749950343345045,False,230811800.0,9.49,24.321580611169654,1.3286093888396744,3.4543844109831765,11.866229892925242,12.820512820512983,87.17948717948701,True,16.1,False,True,True,True,True,False
512,001378,德冠新材,C 制造业,腾讯前复权日K回退（成交额、换手率已提供）,False,2026-08-03,17.04,16.422,17.951,True,False,False,True,21.63,-21.220527045769767,False,44.225939410200056,-0.8709027121859947,-0.7905814285593451,-0.16064256725329917,False,True,False,False,,,15.388767737950234,13.93103687999512,18.304229453860465,True,False,2026-08-03,0.0,True,33566.0,33300.4,1.0079758801696075,False,56353700.0,3.98,14.159221105527639,3.2727272727272716,4.060606060606071,-5.07492618795611,4.477611940298665,95.52238805970134,True,22.08,False,False,False,False,False,False
513,001379,腾达科技,C 制造业,腾讯前复权日K回退（成交额、换手率已提供）,False,2026-08-03,15.54,14.931999999999999,14.9125,True,True,True,True,16.69,-6.8903535050928815,False,51.62221015556331,-0.44618852410604326,-0.6372050039488157,0.38203295968554496,True,False,False,False,,,11.69345043492108,8.732615770225726,17.61511976431179,False,False,2026-07-27,5.0,True,21632.0,17029.2,1.2702886806191718,False,33203300.0,3.21,10.343707165109034,3.9464882943143875,3.9464882943143804,4.207879295892704,3.389830508474806,96.6101694915252,True,22.5,False,False,False,False,False,False
514,001380,华纬科技,C 制造业,腾讯前复权日K回退（成交额、换手率已提供）,False,2026-08-03,16.56,15.972,15.796000000000001,True,True,True,True,17.2,-3.720930232558143,False,55.62710212190987,-0.1384086639017319,-0.2894676756838905,0.30211802356431716,True,False,False,False,2026-07-29,3.0,18.66919005640521,13.251245512478372,29.505079144258882,False,False,2026-07-29,3.0,True,12903.0,15472.8,0.8339149992244456,False,21396400.0,0.55,38.902545454545454,0.9140767824497242,2.803168799512476,4.836667510762203,34.782608695652414,65.2173913043476,False,20.3,False,False,False,False,True,False
515,001382,新亚电缆,C 制造业,腾讯前复权日K回退（成交额、换手率已提供）,False,2026-08-03,17.6,17.338,15.9415,True,True,True,True,18.05,-2.4930747922437635,False,57.19090091220177,0.02516266673717027,-0.34550702652561466,0.7413393865255699,True,False,False,False,2026-07-15,13.0,28.100250477920493,23.79234175104382,36.716067931673834,False,False,,,False,50330.0,79900.0,0.6299123904881101,False,87744500.0,7.99,10.981789737171464,3.347034644744573,3.2295948326482713,10.403663394285367,0.0,100.0,True,23.76,False,False,False,False,True,False
516,001386,马可波罗,C 制造业,腾讯前复权日K回退（成交额、换手率已提供）,False,2026-08-03,15.2,15.052000000000001,14.542499999999999,True,True,True,True,15.28,-0.5235602094240842,False,56.152177600324826,-0.015457278383435025,-0.1728390931989645,0.31476362963105897,True,False,False,False,,,18.303516364713428,14.901641366074372,25.107266361991535,False,False,,,False,30369.0,42128.8,0.7208607888190501,False,46035300.0,2.82,16.324574468085107,0.9296148738379806,1.3280212483399805,4.521230875021494,10.000000000000622,89.99999999999937,True,19.87,False,False,False,False,True,False
517,001387,雪祺电气,C 制造业,腾讯前复权日K回退（成交额、换手率已提供）,False,2026-08-03,11.72,11.396,11.45,True,True,False,True,14.35,-18.327526132404177,False,50.678750134727956,-0.31876990795401916,-0.41524993267699395,0.19296004944594958,True,False,False,False,2026-07-30,2.0,25.000889459738456,19.314812805788947,36.37304276763747,False,False,2026-07-28,4.0,True,25895.0,30846.2,0.8394875219638075,False,30041600.0,2.22,13.532252252252253,2.626970227670755,3.5901926444833636,2.358078602620099,4.878048780487699,95.1219512195123,True,14.65,False,False,False,False,True,False
518,001388,信通电子,C 制造业,腾讯前复权日K回退（成交额、换手率已提供）,False,2026-08-03,20.38,20.306,21.1365,True,False,False,False,26.75,-23.813084112149536,False,47.773840589153984,0.03085500073846248,0.3135919712969303,-0.5654739411169356,False,True,False,False,,,29.18736548059611,30.76281577531498,26.036464891158367,False,False,,,False,54475.0,95042.6,0.5731640338122063,False,109465900.0,4.35,25.16457471264368,2.670025188916858,3.879093198992441,-3.5791166938708043,9.090909090909133,90.90909090909086,True,26.76,False,False,False,False,False,False
519,001389,广合科技,C 制造业,腾讯前复权日K回退（成交额、换手率已提供）,False,2026-08-03,140.58,142.11200000000002,167.22250000000003,False,False,False,False,206.35,-31.873031257572077,False,38.139319938623274,-12.700534794972441,-8.987960383207621,-7.425148823529639,False,True,False,False,,,31.71355956372936,37.2653739530057,20.609930785176672,False,False,,,False,87957.0,97078.8,0.9060371574432317,False,1227816200.0,5.77,212.79310225303294,-0.874347764772232,5.4787759131293265,-15.932365560854556,41.18404118404098,58.815958815959014,False,237.61,False,False,False,False,True,False
520,001390,古麒绒材,C 制造业,腾讯前复权日K回退（成交额、换手率已提供）,False,2026-08-03,17.7,17.636,17.793,True,False,False,True,20.36,-13.064833005893911,False,46.51764365880669,-0.3169790910475925,-0.3683910491917321,0.10282391628827925,True,False,False,False,2026-07-30,2.0,20.71370374343704,19.00241230640411,24.136286617502904,False,False,2026-07-28,4.0,True,7930.0,8349.6,0.949746095621347,False,14035500.0,0.67,20.948507462686564,0.22650056625141968,0.9060022650056633,-0.5226774574270779,37.49999999999917,56.249999999999865,False,21.1,False,True,False,False,True,False
521,001391,国货航,G 运输仓储,腾讯前复权日K回退（成交额、换手率已提供）,False,2026-08-03,4.39,4.3420000000000005,4.261,True,True,True,True,4.47,-1.7897091722595095,False,54.227249464702226,-0.013972174365228796,-0.04756617198942742,0.06718799524839725,True,False,False,False,,,26.24285528922553,24.016901915358613,30.694762036959368,False,False,,,False,264133.0,226320.4,1.1670755265543893,False,115696600.0,1.74,66.49229885057471,0.6880733944953921,1.376146788990837,3.027458343111935,16.666666666667656,83.33333333333235,True,5.54,False,False,False,False,True,False
523,001395,亚联机械,C 制造业,腾讯前复权日K回退（成交额、换手率已提供）,False,2026-08-03,29.34,28.296,28.9095,True,True,False,True,34.54,-15.055008685581933,False,54.143751345243814,0.4287876877601988,0.6282961442075023,-0.39901691289460706,False,True,False,False,,,49.30337029112568,49.28058833539888,49.34893420257929,True,False,,,False,29644.0,35683.4,0.8307504329744363,False,85717000.0,5.7,15.038070175438596,3.4555712270804007,4.68970380818053,1.48912987080371,3.007518796992421,96.99248120300757,True,34.54,False,False,False,False,False,False
526,001400,江顺科技,C 制造业,腾讯前复权日K回退（成交额、换手率已提供）,False,2026-08-03,68.86,65.96,78.376,True,False,False,False,132.23,-47.92407169326174,False,36.61215954553023,-11.074473361230304,-11.198611967187487,0.2482772119143668,True,False,True,False,,,6.293935046608577,6.143086394079105,6.59563235166752,True,False,2026-08-03,0.0,True,26848.0,13943.6,1.9254711839123324,True,181473200.0,5.81,31.23462994836489,2.2875816993464193,5.7783719548425445,-12.141471879146684,9.254498714652941,90.74550128534706,True,160.43,False,False,False,False,False,True
527,001696,宗申动力,C 制造业,腾讯前复权日K回退（成交额、换手率已提供）,False,2026-08-03,15.14,14.416,15.9635,True,False,False,True,21.94,-30.993618960802188,False,42.11049887923009,-1.3178717036852454,-1.273190285327796,-0.08936283671489864,False,True,False,False,,,7.965124912044634,7.747913317258777,8.399548101616348,True,False,2026-08-03,0.0,True,811556.0,385129.6,2.1072283200252593,True,1211536600.0,9.1,133.1358901098901,6.694855532064836,9.584214235377035,-5.158643154696647,30.14705882352939,69.85294117647061,False,25.74,False,True,False,False,False,False
528,001872,招商港口,G 运输仓储,腾讯前复权日K回退（成交额、换手率已提供）,False,2026-08-03,22.1,21.881999999999998,21.295499999999997,True,True,True,True,22.93,-3.6197121674661945,False,58.28012241927514,0.47207060698750425,0.41595928155790474,0.11222265085919902,True,False,False,False,,,72.36360571323428,68.6120571771095,79.86670278548382,False,False,,,False,25273.0,36852.2,0.6857935211466345,False,56111700.0,0.11,510.1063636363636,-0.18066847335139746,2.1680216802168037,3.7777934305369896,79.16666666666639,20.833333333333613,False,23.29,False,True,False,False,True,False
529,001896,豫能控股,D 水电煤气,腾讯前复权日K回退（成交额、换手率已提供）,False,2026-08-03,12.21,12.546000000000001,13.9185,False,False,False,False,17.16,-28.846153846153843,False,36.83142096683439,-1.1694394632329654,-1.0357316998494477,-0.2674155267670355,False,True,False,False,,,6.869396130772157,10.848783429388588,-1.0893784664607047,False,False,,,False,729798.0,982860.8,0.7425242720027088,False,891974200.0,4.78,186.60548117154812,1.5806988352745632,4.658901830282866,-12.275029636814306,48.214285714285595,51.7857142857144,False,24.04,False,False,False,False,True,False
530,001914,招商积余,K 房地产,腾讯前复权日K回退（成交额、换手率已提供）,False,2026-08-03,9.13,9.059999999999999,8.6505,True,True,True,True,9.24,-1.1904761904761842,False,61.26386400061102,0.11633563804399216,0.03282185553045061,0.1670275650270831,True,False,False,False,2026-07-06,20.0,43.351911916502196,39.303902529807544,51.44793068989151,False,False,,,False,63943.0,73247.0,0.8729777328764318,False,58407299.99999999,0.61,95.74967213114752,0.9955752212389646,2.654867256637171,5.543032194670848,45.83333333333305,54.16666666666694,False,10.58,False,True,False,False,True,False
531,001965,招商公路,G 运输仓储,腾讯前复权日K回退（成交额、换手率已提供）,False,2026-08-03,10.04,10.16,9.685500000000001,False,True,True,True,10.34,-2.9013539651837594,False,59.99689116951872,0.2296306287771106,0.18159237495460837,0.09607650764500447,True,False,False,False,2026-07-09,17.0,90.12465558887726,90.53523216142071,89.30350244379036,False,True,,,False,172391.0,195879.6,0.8800865429580211,False,172846500.0,0.25,691.386,-0.6923837784371889,2.6706231454005893,3.6601104744205046,48.148148148148515,51.851851851851485,False,10.34,False,True,False,False,False,False
532,001979,招商蛇口,K 房地产,腾讯前复权日K回退（成交额、换手率已提供）,False,2026-08-03,7.05,7.022,6.755,True,True,True,True,7.34,-3.9509536784741153,False,52.09536492141609,-0.027166518953660734,-0.10777017875404167,0.16120731960076187,True,False,False,False,2026-07-08,18.0,21.883418388885413,20.948275376475664,23.75370441370491,False,False,,,False,811013.0,783537.0,1.035066627357738,False,563878500.0,0.91,619.6467032967032,1.4388489208633004,4.172661870503598,4.367135455218356,17.241379310344765,82.75862068965523,True,9.98,False,False,False,False,True,False
533,002001,新 和 成,C 制造业,腾讯前复权日K回退（成交额、换手率已提供）,False,2026-08-03,30.47,30.098000000000003,29.609500000000004,True,True,True,True,32.0,-4.7812500000000036,False,53.30260977372667,0.13615323983944805,0.028824865137587617,0.21465674940372087,True,False,False,False,2026-07-17,11.0,27.79295177535209,26.298994206445514,30.78086691316524,False,False,,,False,352292.0,271557.8,1.2973002432631286,False,1059776100.0,1.16,913.6000862068967,1.5328223925358042,7.264245251582804,2.9061618737229424,19.724770642201825,80.27522935779817,True,33.57,False,True,False,True,False,False
534,002003,伟星股份,C 制造业,腾讯前复权日K回退（成交额、换手率已提供）,False,2026-08-03,10.59,10.693999999999999,9.6505,False,True,True,True,11.0,-3.7272727272727284,False,69.3319300194979,0.4869274417291436,0.3689983846625335,0.23585811413322022,True,False,False,False,,,90.15707220033607,90.90725153286228,88.65671353528367,False,True,,,False,143270.0,199141.6,0.7194378271541456,False,153311400.0,1.4,109.50814285714287,-0.18850141376060003,3.770028275212068,9.73524687840009,45.000000000000334,4.999999999999889,False,11.0,False,False,False,False,True,False
535,002004,华邦健康,C 制造业,腾讯前复权日K回退（成交额、换手率已提供）,False,2026-08-03,4.52,4.396,4.288,True,True,True,True,4.48,0.8928571428571237,True,62.917644263329194,0.050036346864918535,0.023997269942823946,0.05207815384418918,True,False,False,False,,,38.88512392766114,33.66212020972821,49.33113136352701,False,False,,,False,201208.0,229471.6,0.8768318170963204,False,90640800.0,1.07,84.71102803738317,2.0316027088036037,2.483069977426644,5.410447761194013,9.090909090909678,90.90909090909032,True,4.66,False,False,False,False,False,False
536,002005,德豪润达,C 制造业,腾讯前复权日K回退（成交额、换手率已提供）,False,2026-08-03,2.3,2.224,2.318,True,False,False,True,2.63,-12.54752851711027,False,45.05116246447738,-0.08426020369216225,-0.09410247937360586,0.019684551362887215,True,False,False,False,2026-07-23,7.0,12.866187289694224,12.574691076056373,13.449179716969926,True,False,2026-08-03,0.0,True,277810.0,164434.8,1.6894842211016161,False,63364600.0,1.59,39.851949685534585,3.603603603603589,4.954954954954949,-0.7765314926661017,18.18181818181822,81.81818181818178,True,3.04,False,False,False,False,False,False
537,002006,精工科技,C 制造业,腾讯前复权日K回退（成交额、换手率已提供）,False,2026-08-03,13.69,13.294,13.597999999999999,True,True,False,True,15.96,-14.223057644110284,False,47.732870143745565,-0.45772397697549394,-0.5563249393083094,0.1972019246656309,True,False,False,False,2026-07-30,2.0,11.24685223794375,8.03795541209975,17.664645889631753,False,False,2026-07-29,3.0,True,70388.0,74388.0,0.9462278862182072,False,95873200.0,1.35,71.01718518518518,2.164179104477615,2.53731343283582,0.6765700838358621,17.647058823529566,82.35294117647044,True,19.1,False,True,False,False,True,False
538,002007,华兰生物,C 制造业,腾讯前复权日K回退（成交额、换手率已提供）,False,2026-08-03,13.68,13.366,13.119,True,True,True,True,13.73,-0.36416605972323896,False,60.782722961882456,0.12349218841007392,0.0647112552786152,0.11756186626291745,True,False,False,False,2026-07-29,3.0,58.10425243719436,51.57989574348799,71.15296582460711,False,False,,,False,112965.0,138123.8,0.8178532591776364,False,154667200.0,0.72,214.81555555555556,1.7857142857142794,1.9345238095238078,4.276240567116395,38.46153846153836,61.53846153846164,False,14.54,False,True,True,False,True,False
539,002008,大族激光,C 制造业,腾讯前复权日K回退（成交额、换手率已提供）,False,2026-08-03,81.21,86.55799999999999,106.06499999999998,False,False,False,False,140.68,-42.27324424225193,False,29.79953785553495,-11.513879067111517,-9.175907055094545,-4.675944024033946,False,True,False,False,,,25.10525844292863,30.618347877324734,14.079079574136422,False,False,,,False,372412.0,490494.4,0.7592584135517143,False,3073839900.0,3.89,790.190205655527,-3.90486332978347,6.72109809490002,-23.43374345919954,43.48591549295767,7.218309859154861,False,168.08,False,False,False,False,False,False
540,002009,天奇股份,C 制造业,腾讯前复权日K回退（成交额、换手率已提供）,False,2026-08-03,17.13,16.484,16.8695,True,True,False,True,21.93,-21.887824897400822,False,46.0621241424042,-0.9978546200667715,-1.2284738231937318,0.46123840625392054,True,False,False,False,2026-07-28,4.0,13.103465345629857,10.88700298910211,17.536390058685352,False,False,2026-07-21,9.0,True,137376.0,124611.2,1.102437020107342,False,233316600.0,3.88,60.13314432989691,3.5671100362757002,3.6880290205562245,1.5442070008002633,4.918032786885437,95.08196721311457,True,29.91,False,False,False,False,True,False
541,002010,传化智联,L 商务服务,腾讯前复权日K回退（成交额、换手率已提供）,False,2026-08-03,5.02,4.787999999999999,4.614,True,True,True,True,4.85,3.5051546391752564,True,64.88474099817577,0.016487802854138423,-0.046322740858436115,0.12562108742514908,True,False,False,False,,,27.354433496525598,20.188746853535175,41.68580678250644,False,False,2026-07-27,5.0,True,341465.0,226319.8,1.508772100364175,False,168669100.0,1.24,136.0234677419355,3.9337474120082705,4.761904761904771,8.799306458604242,8.695652173913228,91.30434782608677,True,5.79,False,False,False,False,False,False
542,002011,盾安环境,C 制造业,腾讯前复权日K回退（成交额、换手率已提供）,False,2026-08-03,10.58,10.491999999999999,10.291,True,True,True,True,11.09,-4.598737601442739,False,52.28882290856271,-0.06697277566204995,-0.15408892280919137,0.17423229429428283,True,False,False,False,,,18.02471217360466,15.278489547031798,23.517157426750384,False,False,2026-07-23,7.0,True,107655.0,106946.6,1.0066238664903793,False,114561700.0,1.01,113.42742574257426,0.18939393939394478,1.6098484848484842,2.8082790788067213,52.94117647058817,5.8823529411763475,False,13.23,False,True,False,False,True,False
543,002012,凯恩股份,C 制造业,腾讯前复权日K回退（成交额、换手率已提供）,False,2026-08-03,6.06,5.574,5.672,True,True,False,True,6.43,-5.754276827371697,False,52.367761168907265,-0.2573119069565539,-0.34310478746536277,0.1715857610176177,True,False,False,False,2026-07-27,5.0,15.817609267827871,12.729774270124885,21.993279263233845,False,False,2026-07-21,9.0,True,212083.0,233870.8,0.906838305594371,False,123179000.0,4.54,27.131938325991186,9.981851179673317,10.344827586206886,6.840620592383638,0.0,100.0,True,9.65,False,False,False,False,False,True
544,002014,永新股份,C 制造业,腾讯前复权日K回退（成交额、换手率已提供）,False,2026-08-03,11.1,10.964,10.85,True,True,True,True,11.24,-1.2455516014234926,False,57.41531484782135,0.053927796639376524,0.028861437742974665,0.05013271779280372,True,False,False,False,2026-07-30,2.0,54.33445163019078,49.21640929096273,64.57053630864687,False,False,,,False,77643.0,34218.0,2.2690689110994215,True,85454000.0,1.29,66.24341085271317,0.5434782608695787,2.5362318840579814,2.3041474654377883,14.285714285714556,85.71428571428544,True,11.46,False,False,False,True,False,False
545,002015,协鑫能科,D 水电煤气,腾讯前复权日K回退（成交额、换手率已提供）,False,2026-08-03,15.66,14.540000000000001,14.4585,True,True,True,True,16.89,-7.2824156305506245,False,51.8203045942399,-0.5716001204051615,-0.8505269828016728,0.5578537247930226,True,False,False,False,2026-07-21,9.0,15.17135287727873,12.84540304533344,19.823252541169314,False,False,2026-07-31,1.0,True,1039086.0,689399.2,1.5072341250178418,False,1615583900.0000002,6.4,252.43498437500003,3.8461538461538547,4.177718832891252,8.309990662931835,26.984126984126938,73.01587301587305,True,25.53,False,False,False,False,False,True
546,002016,世荣兆业,K 房地产,腾讯前复权日K回退（成交额、换手率已提供）,False,2026-08-03,4.42,4.258,4.1305,True,True,True,True,4.55,-2.857142857142855,False,59.66041015204216,-0.010818611926625366,-0.06136403192571267,0.10109083999817461,True,False,False,False,2026-07-06,20.0,15.632840384319351,12.83091598665707,21.236689179643914,False,False,2026-07-28,4.0,True,114346.0,95480.8,1.1975810843646053,False,49960900.0,1.41,35.43326241134752,3.7558685446009488,3.990610328638496,7.008836702578389,0.0,100.0,True,5.46,False,False,False,False,True,False
547,002017,东信和平,C 制造业,腾讯前复权日K回退（成交额、换手率已提供）,False,2026-08-03,13.9,13.448000000000002,13.060999999999998,True,True,True,True,14.38,-3.3379694019471517,False,53.1758115176922,-0.3871926689562972,-0.6418624232007776,0.5093395084889607,True,False,False,False,2026-07-23,7.0,15.553827623208356,11.430171228456734,23.8011404127116,False,False,2026-07-27,5.0,True,135988.0,155043.8,0.8770940856712749,False,187829800.0,2.34,80.26914529914531,2.1307861866274758,3.600293901542985,6.423704157415224,20.408163265306044,79.59183673469396,True,20.16,False,False,False,False,True,False
548,002019,亿帆医药,C 制造业,腾讯前复权日K回退（成交额、换手率已提供）,False,2026-08-03,10.36,10.216,10.152000000000001,True,True,True,True,11.05,-6.2443438914027265,False,54.329361453336794,0.04402273875114027,0.023658708604830797,0.04072806029261894,True,False,False,False,2026-07-30,2.0,25.890026775632805,23.27329782386597,31.123484679166474,False,False,,,False,71007.0,96321.0,0.7371912667019653,False,73196100.0,0.84,87.13821428571428,0.8763388510223846,1.4605647517039784,2.0488573680062885,0.0,100.0,True,11.19,False,False,False,False,True,False
549,002020,京新药业,C 制造业,腾讯前复权日K回退（成交额、换手率已提供）,False,2026-08-03,13.67,13.680000000000001,14.126500000000002,False,False,False,False,15.88,-13.91687657430731,False,48.49808661470315,0.03144637029667585,0.14661827669624827,-0.23034381279914484,False,True,False,False,,,41.7355203681548,43.351800322460356,38.5029604595437,False,False,,,False,98942.0,126082.6,0.7847395278967915,False,135559500.0,1.37,98.94854014598539,0.21994134897360684,1.5395894428152554,-3.2315152373199436,66.66666666666666,33.33333333333333,False,15.88,False,True,False,False,True,False
550,002021,中捷资源,C 制造业,腾讯前复权日K回退（成交额、换手率已提供）,False,2026-08-03,2.6,2.538,2.385,True,True,True,True,2.64,-1.5151515151515165,False,58.285421108830924,-0.0024639090438483002,-0.049694762127686504,0.0944617061676764,True,False,False,False,2026-07-27,5.0,30.969016607828497,24.155814486915233,44.59542084965503,False,False,2026-07-23,7.0,True,292063.0,393653.8,0.7419285676906968,False,76171500.0,2.44,31.217827868852456,0.38610038610038533,3.4749034749034693,9.014675052410915,44.44444444444456,22.22222222222228,False,3.4,False,False,False,False,False,False
551,002022,科华生物,C 制造业,腾讯前复权日K回退（成交额、换手率已提供）,False,2026-08-03,5.16,5.074,4.975,True,True,True,True,5.39,-4.267161410018545,False,56.66275250094986,0.012922230544732294,-0.01860188933800786,0.06304823976548031,True,False,False,False,,,33.78110805492626,30.677222966620096,39.988878231538585,False,False,,,False,60996.0,62170.4,0.9811099815989602,False,31331800.0,1.19,26.32924369747899,1.3752455795677854,2.1611001964636603,3.718592964824131,9.09090909090887,90.90909090909113,True,6.26,False,True,False,True,True,False
552,002023,海特高新,C 制造业,腾讯前复权日K回退（成交额、换手率已提供）,False,2026-08-03,9.59,9.206,9.702499999999999,True,False,False,True,13.0,-26.23076923076923,False,43.45204477660947,-0.7125366420156993,-0.8109990763404323,0.196924868649466,True,False,False,False,2026-07-31,1.0,18.69234283314945,15.278659691107771,25.519709117232804,False,False,2026-07-27,5.0,True,170642.0,206231.6,0.8274289682085577,False,162835600.0,2.3,70.79808695652174,2.566844919786093,2.5668449197860985,-1.159494975521762,4.166666666666574,95.83333333333343,True,14.24,False,True,False,False,True,False
553,002024,ST易购,F 批发零售,腾讯前复权日K回退（成交额、换手率已提供）,False,2026-08-03,1.22,1.1999999999999997,1.1935,True,True,True,True,1.25,-2.400000000000002,False,55.364486245173026,-0.0026727344906609662,-0.00725312818501362,0.009160787388705308,True,False,False,False,2026-07-29,3.0,23.651730456175567,20.365567669086406,30.224056030353886,False,False,2026-07-28,4.0,True,328355.0,241482.4,1.3597471285692042,False,40026400.0,0.35,114.36114285714287,0.8264462809917328,3.305785123966945,2.2203602848764112,50.0,50.0,False,1.32,False,True,False,False,True,False
554,002025,航天电器,C 制造业,腾讯前复权日K回退（成交额、换手率已提供）,False,2026-08-03,61.39,60.524,69.9265,True,False,False,False,95.75,-35.885117493472585,False,41.04605557754057,-3.3452016365929467,-2.0906523517850903,-2.5090985696157126,False,True,False,False,,,15.425926836891696,18.82669293851286,8.624394633649366,False,False,,,False,171567.0,169527.0,1.0120334813923446,False,1072070700.0000001,3.78,283.61658730158734,0.03258921297051298,6.94150236271795,-12.20781820911958,21.830985915492924,17.136150234741855,False,95.75,False,False,False,False,False,False
555,002026,山东威达,C 制造业,腾讯前复权日K回退（成交额、换手率已提供）,False,2026-08-03,10.39,9.84,9.9205,True,True,False,True,11.44,-9.17832167832167,False,52.417813082209555,-0.37288294920189635,-0.5039439383746227,0.2621219783454527,True,False,False,False,2026-07-28,4.0,19.902108301836034,14.443828595582781,30.818667714342535,False,False,2026-07-23,7.0,True,91928.0,47892.8,1.9194534460294657,True,94068500.0,2.09,45.00885167464115,5.804480651731159,6.822810590631363,4.732624363691347,7.46268656716402,92.53731343283597,True,13.53,False,False,False,False,False,False
556,002027,分众传媒,L 商务服务,腾讯前复权日K回退（成交额、换手率已提供）,False,2026-08-03,5.34,5.4799999999999995,5.09,False,True,True,True,5.64,-5.31914893617021,False,57.44981846334274,0.13649221674678902,0.07386092224429305,0.12526258900499193,True,False,False,False,,,47.429685969576866,42.59666963633196,57.09571863606668,False,False,,,False,3619082.0,1958785.0,1.847615741390709,True,1965442700.0,2.51,783.0449003984064,-4.982206405693956,5.338078291814943,4.911591355599215,3.3333333333332646,6.666666666666529,False,6.21,False,False,False,False,False,False
557,002028,思源电气,C 制造业,腾讯前复权日K回退（成交额、换手率已提供）,False,2026-08-03,157.11,158.932,158.20250000000001,False,False,True,False,179.1,-12.278056951423775,False,45.37488733716854,-3.9835412169293534,-5.052916920174601,2.1387514064904956,True,False,False,False,2026-07-22,8.0,15.073320085871904,16.265442676196454,12.689074905222803,False,False,,,False,73951.0,119531.4,0.6186742563042013,False,1163679800.0,1.21,961.7188429752066,0.383362085489769,4.006133793367825,-0.6905706294148329,25.518341307814975,44.33811802232869,False,219.11,False,False,False,False,False,False
558,002029,七 匹 狼,C 制造业,腾讯前复权日K回退（成交额、换手率已提供）,False,2026-08-03,8.82,8.219999999999999,7.879,True,True,True,True,8.73,1.0309278350515447,True,61.903105602620364,-0.004726271725466802,-0.14850130479303045,0.2875500661351273,True,False,False,False,2026-07-27,5.0,26.958713259741145,20.26287748023193,40.35038481875958,False,False,,,False,272567.0,248349.8,1.0975124602476025,False,236367800.0,4.1,57.65068292682927,6.009615384615374,5.7692307692307745,11.943139992384829,16.666666666666664,83.33333333333334,True,11.8,False,True,False,False,True,False
559,002030,达安基因,C 制造业,腾讯前复权日K回退（成交额、换手率已提供）,False,2026-08-03,5.53,5.44,5.244,True,True,True,True,5.63,-1.776198934280633,False,56.34325317162634,0.007519906531443077,-0.04953871449972825,0.11411724206234265,True,False,False,False,,,21.256518209997314,19.155469018903815,25.458616592184313,False,False,2026-07-22,8.0,True,183812.0,225743.0,0.8142533766274037,False,101006400.0,1.31,77.10412213740457,1.4678899082568808,1.8348623853210944,5.4538520213577515,19.999999999999645,80.00000000000036,True,7.79,False,False,False,False,False,False
560,002031,巨轮智能,C 制造业,腾讯前复权日K回退（成交额、换手率已提供）,False,2026-08-03,5.21,4.848000000000001,4.9885,True,True,False,True,6.18,-15.695792880258896,False,51.22780850186913,-0.24424855496307796,-0.31368515317277595,0.138873196419396,True,False,False,False,2026-07-29,3.0,12.323892870456964,8.965435107944126,19.04080839548264,False,False,2026-07-27,5.0,True,1481044.0,611001.8,2.42396012581305,True,773658000.0,7.74,99.95581395348837,6.326530612244885,9.999999999999986,4.440212488724062,36.73469387755101,63.26530612244898,False,8.8,False,True,False,False,False,False
561,002032,苏 泊 尔,C 制造业,腾讯前复权日K回退（成交额、换手率已提供）,False,2026-08-03,42.66,43.083999999999996,43.5135,False,False,False,False,46.85,-8.943436499466392,False,47.55072428879825,0.1228714677705014,0.18808964621692711,-0.13043635689285143,False,True,False,False,,,50.61590238839592,51.95199933853912,47.94370848810952,False,True,,,False,32089.0,36219.4,0.885961666951965,False,138884300.0,0.4,347.21075,-2.13351686166553,4.450562055517315,-1.9614602364783433,37.11340206185565,6.185567010309153,False,47.76,False,False,False,False,False,False
562,002033,丽江股份,N 公共环保,腾讯前复权日K回退（成交额、换手率已提供）,False,2026-08-03,8.79,8.626000000000001,8.4065,True,True,True,True,8.74,0.572082379862688,True,61.210035696334906,0.044805483253124834,-0.014298732745179852,0.11820843199660937,True,False,False,False,2026-07-15,13.0,19.476424882855564,16.06589929995806,26.297476048650573,False,False,,,False,140723.0,156777.8,0.8975951952381014,False,123245000.0,2.56,48.142578125,1.2672811059907696,1.7281105990783454,4.561946113126744,6.666666666667694,93.3333333333323,True,8.93,True,True,False,False,True,False
563,002034,旺能环境,D 水电煤气,腾讯前复权日K回退（成交额、换手率已提供）,False,2026-08-03,14.55,14.264,14.104499999999998,True,True,True,True,16.38,-11.172161172161163,False,46.61519817106979,-0.5055376547344075,-0.7234388425102578,0.43580237555170065,True,False,False,False,2026-07-16,12.0,7.854828746120394,6.313772700080647,10.93694083819989,False,False,2026-07-23,7.0,True,81912.0,65561.6,1.2493898867629831,False,118332800.0,1.59,74.42314465408805,1.3937282229965264,1.8815331010453056,3.1585664149739636,0.0,100.0,True,23.8,False,False,False,False,True,False
564,002035,华帝股份,C 制造业,腾讯前复权日K回退（成交额、换手率已提供）,False,2026-08-03,4.95,4.851999999999999,4.7205,True,True,True,True,5.01,-1.197604790419154,False,59.59775788660241,0.0165456388560008,-0.022293136816790682,0.07767755134558296,True,False,False,False,,,21.529303799021807,19.022838455767573,26.54223448553028,False,False,2026-07-28,4.0,True,106556.0,91076.6,1.1699602312778474,False,52407299.99999999,1.36,38.534779411764696,2.0618556701031077,2.6804123711340186,4.861773117254524,15.384615384615069,84.61538461538493,True,5.82,False,True,False,False,False,False
565,002036,联创电子,C 制造业,腾讯前复权日K回退（成交额、换手率已提供）,False,2026-08-03,6.88,6.998,6.785500000000001,False,True,True,True,7.95,-13.45911949685535,False,46.54684444334106,-0.2970485006279171,-0.4233039869504053,0.25251097264497635,True,False,False,False,2026-07-21,4.0,18.506887792189328,16.129422467164293,23.261818442239395,False,False,2026-07-20,5.0,True,562956.0,809374.6,0.6955444364080613,False,384699700.0,5.33,72.17630393996247,1.3254786450662692,5.596465390279821,1.3926755581755086,44.73684210526315,55.26315789473685,False,10.93,False,False,False,False,True,False
566,002037,保利联合,C 制造业,腾讯前复权日K回退（成交额、换手率已提供）,False,2026-08-03,6.83,6.548,6.115,True,True,True,True,6.72,1.6369047619047667,True,62.00482787523622,0.002210151588553977,-0.13520848840178237,0.2748372799806727,True,False,False,False,,,24.763510999564687,18.622376475732906,37.04578004722825,False,False,2026-07-27,5.0,True,161807.0,108018.0,1.497963302412561,False,109186600.0,3.34,32.69059880239521,4.274809160305337,4.427480916030535,11.692559280457887,3.448275862068892,96.5517241379311,True,8.76,False,False,False,True,False,False
567,002038,双鹭药业,C 制造业,腾讯前复权日K回退（成交额、换手率已提供）,False,2026-08-03,5.66,5.5280000000000005,5.906000000000001,True,False,False,True,7.32,-22.6775956284153,False,47.745381455761745,-0.12242202103428834,-0.07651288041052055,-0.09181828124753558,False,True,False,False,,,16.814503074192995,16.730449970374124,16.982609281830733,True,False,2026-08-03,0.0,True,199096.0,346972.8,0.5738086674229219,False,111843700.00000001,2.34,47.796452991453,0.7117437722419906,3.0249110320284682,-4.165255672197772,0.0,76.47058823529409,True,7.32,False,False,False,False,False,False
568,002039,黔源电力,D 水电煤气,腾讯前复权日K回退（成交额、换手率已提供）,False,2026-08-03,20.35,19.933999999999997,19.6375,True,True,True,True,20.53,-0.8767657087189464,False,55.65307653512734,0.038640691712775066,-0.06781516758501603,0.2129117185955822,True,False,False,False,2026-07-17,11.0,41.92457882768523,38.46019965006238,48.85333718293094,False,False,,,False,71779.0,77847.0,0.9220522306575719,False,145377500.0,1.68,86.53422619047619,0.992555831265518,2.33250620347394,3.628262253341832,17.021276595744357,82.97872340425563,True,23.29,False,False,False,False,True,False
569,002040,南 京 港,G 运输仓储,腾讯前复权日K回退（成交额、换手率已提供）,False,2026-08-03,8.24,8.094,7.8225,True,True,True,True,8.18,0.7334963325183435,True,59.02450963996209,0.0035010770094441312,-0.08421649225074769,0.17543513852038364,True,False,False,False,2026-07-06,20.0,23.152796267633743,20.39478138001326,28.668826042874706,False,False,,,False,53902.0,55574.0,0.9699139885557995,False,44128000.0,1.11,39.754954954954954,1.8541409147095234,2.2249690976514183,5.3371684244167525,11.11111111111089,88.88888888888911,True,10.88,False,True,False,False,True,False
570,002041,登海种业,A 农林牧渔,腾讯前复权日K回退（成交额、换手率已提供）,False,2026-08-03,8.93,8.664,8.415000000000001,True,True,True,True,8.79,1.59271899886235,True,63.59442581220991,0.07924808186059096,0.00707269377915414,0.14435077616287365,True,False,False,False,,,27.05038246264225,22.249210414530793,36.65272655886517,False,False,,,False,156343.0,124257.8,1.2582147760542999,False,139367100.0,1.78,78.29612359550562,1.8244013683010207,3.4207525655644124,6.120023767082575,26.66666666666678,73.33333333333321,True,10.53,False,False,False,False,False,False
571,002042,华孚时尚,C 制造业,腾讯前复权日K回退（成交额、换手率已提供）,False,2026-08-03,3.81,3.696,3.6504999999999996,True,True,True,True,3.86,-1.2953367875647623,False,55.05383708547629,-0.02154523585994772,-0.05552362616267116,0.06795678060544688,True,False,False,False,,,19.50731089340434,17.255072228713,24.011788222787025,False,False,2026-07-29,3.0,True,238851.0,247128.6,0.9665048885479058,False,90316100.0,1.4,64.5115,1.8716577540106805,2.6737967914438525,4.369264484317228,0.0,100.0,True,5.39,False,True,False,False,False,False
572,002043,兔 宝 宝,C 制造业,腾讯前复权日K回退（成交额、换手率已提供）,False,2026-08-03,13.46,13.358,12.136,True,True,True,True,13.99,-3.7884203002144345,False,63.565119119907195,0.4040320621418818,0.19604538233143703,0.41597335962088955,True,False,False,False,,,48.057906602663444,42.49601279629561,59.181694215399105,False,False,,,False,172540.0,153203.6,1.126213744324546,False,233839500.0,2.14,109.27079439252337,2.124430955993928,5.766312594840666,10.909690177982876,63.157894736841946,36.842105263158054,False,16.08,False,True,False,False,True,False
573,002044,美年健康,Q 卫生,腾讯前复权日K回退（成交额、换手率已提供）,False,2026-08-03,4.74,4.606,4.507,True,True,True,True,4.94,-4.048582995951421,False,51.46552035810166,-0.10126796299832819,-0.16299583221041022,0.12345573842416407,True,False,False,False,2026-07-17,11.0,15.567104648845353,12.017635224147837,22.666043498240388,False,False,2026-07-29,3.0,True,1015482.0,1024893.0,0.9908175780300968,False,481773600.0,2.62,183.88305343511448,-0.8368200836820106,2.510460251046027,5.169735966274696,33.33333333333333,33.33333333333333,False,6.72,False,True,False,False,False,False
574,002045,国光电器,C 制造业,腾讯前复权日K回退（成交额、换手率已提供）,False,2026-08-03,8.52,8.246,7.7935,True,True,True,True,8.82,-3.401360544217695,False,57.39984683140784,-0.03315654607069085,-0.1878137228702185,0.3093143535990553,True,False,False,False,,,20.984822016570295,15.936561462485784,31.08134312473932,False,False,,,False,290541.0,310286.8,0.9363627456920501,False,245793400.0,5.17,47.54224371373307,1.9138755980861344,2.5119617224880484,9.321870789760695,23.809523809524052,76.19047619047595,True,11.76,False,False,False,False,False,False
575,002046,国机精工,C 制造业,腾讯前复权日K回退（成交额、换手率已提供）,False,2026-08-03,41.5,43.364,52.338,False,False,False,False,74.87,-44.570589020969685,False,30.863611684983155,-5.386594087630044,-4.195023359989948,-2.3831414552801924,False,True,False,False,,,6.853129067725273,12.835203613623042,-5.111020024070264,False,False,,,False,103117.0,135840.2,0.7591051838851827,False,427986500.0,1.94,220.61159793814434,-1.5187470336971987,4.817275747508308,-20.707707592953494,28.078817733990146,40.394088669950726,False,76.95,False,False,False,False,False,False
576,002047,宝鹰股份,E 建筑业,腾讯前复权日K回退（成交额、换手率已提供）,False,2026-08-03,3.21,3.15,3.4615,True,False,False,False,4.47,-28.187919463087248,False,34.21114572487086,-0.3376890084490367,-0.3493529017764091,0.023327786654744775,True,False,True,False,,,9.179103482326918,8.940564290696095,9.656181865588565,True,False,2026-08-03,0.0,True,328479.0,250299.8,1.3123422391867672,False,102864200.0,2.17,47.402857142857144,4.56026058631922,5.537459283387634,-7.265636284847611,5.882352941176594,94.11764705882341,True,5.88,False,False,False,False,False,False
577,002048,宁波华翔,C 制造业,腾讯前复权日K回退（成交额、换手率已提供）,False,2026-08-03,19.03,18.390000000000004,19.9915,True,False,False,True,26.48,-28.134441087613286,False,39.88412281341708,-1.6508171592625942,-1.7815624359348563,0.2614905533445242,True,False,False,False,2026-07-31,1.0,7.927076370940156,6.141052488512986,11.499124135794498,False,False,2026-07-31,1.0,True,192932.0,184831.6,1.0438258393045345,False,369199300.0,2.72,135.73503676470588,1.4392324093816633,3.837953091684428,-4.809544056223882,63.888888888888616,36.111111111111384,False,30.73,False,False,False,False,True,False
578,002049,紫光国微,C 制造业,腾讯前复权日K回退（成交额、换手率已提供）,False,2026-08-03,64.1,64.5,70.819,False,False,False,False,90.2,-28.935698447893575,False,36.07674667215348,-4.142614844788781,-3.793941849183204,-0.6973459912111544,False,True,False,False,,,15.10558117187915,16.293029402632264,12.73068471037292,False,False,,,False,186860.0,243755.6,0.7665875163483423,False,1199338300.0,2.22,540.2424774774775,-1.4149492463857327,1.3072900645955006,-9.487566895889533,65.88235294117717,34.11764705882282,False,91.79,False,False,False,False,True,False
579,002050,三花智控,C 制造业,腾讯前复权日K回退（成交额、换手率已提供）,False,2026-08-03,38.3,36.577999999999996,39.1125,True,False,False,True,48.08,-20.341098169717142,False,45.2891209871458,-2.0198147675158395,-2.1105009549446168,0.18137237485755442,True,False,True,False,,,10.13723939996432,7.459105072408184,15.49350805507659,False,False,2026-07-31,1.0,True,779761.0,645220.2,1.2085192001118379,False,2990398400.0000005,2.11,1417.2504265402847,2.051691979749526,3.0642152944311367,-2.0773410035155004,34.78260869565249,65.2173913043475,False,55.72,False,False,False,False,False,False
580,002051,中工国际,E 建筑业,腾讯前复权日K回退（成交额、换手率已提供）,False,2026-08-03,9.26,9.036,8.7605,True,True,True,True,10.38,-10.789980732177273,False,48.07810023390303,-0.4238674119429984,-0.5970518502539812,0.3463688766219657,True,False,False,False,2026-07-27,5.0,18.751827824490558,16.17780558722671,23.89987229901825,False,False,2026-07-27,5.0,True,377684.0,363650.4,1.0385909103908588,False,349010899.99999994,3.08,113.31522727272724,1.758241758241752,4.065934065934077,5.701729353347405,2.702702702702638,43.24324324324317,False,13.89,False,False,False,False,False,False
581,002052,同洲电子,C 制造业,腾讯前复权日K回退（成交额、换手率已提供）,False,2026-08-03,8.75,8.708,8.293,True,True,True,True,8.99,-2.6696329254727496,False,54.22122157418895,0.02621191956419011,-0.08340566239703016,0.21923516392244055,True,False,False,False,,,25.14137467277168,22.86676381476839,29.69059638877826,False,False,,,False,67766.0,119930.6,0.5650434501286578,False,59334300.0,0.98,60.545204081632654,-0.22805017103761926,1.824401368301028,5.510671650789832,31.250000000000416,43.75000000000014,False,12.23,False,False,False,False,False,False
582,002053,云南能投,D 水电煤气,腾讯前复权日K回退（成交额、换手率已提供）,False,2026-08-03,9.8,9.558,9.4075,True,True,True,True,10.1,-2.9702970297029596,False,52.736458179417106,-0.10152035948028804,-0.18864499314292665,0.17424926732527724,True,False,False,False,,,20.576441450599734,18.887603243141143,23.95411786551692,False,False,2026-07-29,3.0,True,88917.0,74998.4,1.1855852924862398,False,86756500.0,0.97,89.4396907216495,2.083333333333348,2.500000000000002,4.172203029497742,16.666666666666295,83.3333333333337,True,12.86,False,True,False,False,True,False
583,002054,德美化工,C 制造业,腾讯前复权日K回退（成交额、换手率已提供）,False,2026-08-03,7.15,6.845999999999999,6.761500000000001,True,True,True,True,7.18,-0.41782729805013036,False,55.855103718948044,-0.08936757939817497,-0.16344886044174625,0.14816256208714257,True,False,False,False,2026-07-09,17.0,17.58959523853241,12.7461260873016,27.276533540994034,False,False,2026-07-28,4.0,True,171215.0,149062.4,1.1486129298870809,False,120977900.00000001,4.46,27.12508968609866,4.2274052478134205,4.956268221574354,5.745766471936694,11.764705882352926,88.23529411764707,True,8.93,False,False,False,False,False,False
584,002055,ST得润,C 制造业,腾讯前复权日K回退（成交额、换手率已提供）,False,2026-08-03,5.34,5.252,5.792,True,False,False,False,7.23,-26.14107883817428,False,39.99036020458503,-0.32109156798461314,-0.2878038453234209,-0.06657544532238446,False,True,False,False,,,13.584873173377071,13.98639139603751,12.781836728056195,False,False,,,False,99703.0,117855.8,0.8459744874668875,False,52896000.0,1.68,31.485714285714288,2.1032504780114536,2.868068833652014,-7.803867403314917,13.333333333333611,86.66666666666639,True,8.31,False,False,False,False,True,False
585,002056,横店东磁,C 制造业,腾讯前复权日K回退（成交额、换手率已提供）,False,2026-08-03,20.09,20.567999999999998,23.714,False,False,False,False,33.01,-39.139654650106024,False,35.681860870972386,-1.7616427505278835,-1.3712780374704332,-0.7807294261149007,False,True,False,False,,,21.007337919798484,24.362337673760067,14.297338411875316,False,False,,,False,285744.0,337896.6,0.8456551501258078,False,579612700.0,1.76,329.32539772727273,-3.367003367003363,3.89610389610389,-15.28211183267268,2.4691358024690873,11.11111111111111,False,33.73,False,False,False,False,False,False
586,002057,中钢天源,C 制造业,腾讯前复权日K回退（成交额、换手率已提供）,False,2026-08-03,8.2,7.986,8.455,True,False,False,True,12.99,-36.87451886066205,False,40.30995007259577,-0.7277344296065493,-0.79277085559997,0.13007285198684126,True,False,False,False,2026-07-31,1.0,9.465445645804103,7.838021245037176,12.720294447337956,False,False,2026-07-29,3.0,True,247943.0,231009.6,1.073301715599698,False,201788400.0,3.29,61.33386018237081,2.1170610211706187,3.3623910336239162,-3.015966883500896,14.814814814815131,85.18518518518486,True,13.45,False,True,False,False,True,False
587,002058,威尔泰,C 制造业,腾讯前复权日K回退（成交额、换手率已提供）,False,2026-08-03,16.94,15.575999999999999,16.369999999999997,True,True,False,True,20.6,-17.766990291262136,False,47.33705433459446,-1.341272537296728,-1.6148469065531428,0.5471487385128295,True,False,False,False,2026-07-28,4.0,12.237561407605973,9.297592636838287,18.117498949141346,False,False,2026-07-31,1.0,True,18812.0,21934.4,0.8576482602669778,False,31226900.0,1.31,23.837328244274808,10.000000000000009,9.675324675324688,3.481979230299352,0.0,100.0,True,28.52,False,False,False,False,False,True
588,002059,云南旅游,N 公共环保,腾讯前复权日K回退（成交额、换手率已提供）,False,2026-08-03,4.51,4.402,4.306500000000001,True,True,True,True,4.47,0.8948545861297548,True,60.30735273399603,0.01135778076728311,-0.02133183779533445,0.06537923712523512,True,False,False,False,,,29.507244001254424,24.831821617270506,38.85808876922226,False,False,,,False,83628.0,102063.2,0.8193746619741493,False,37578400.0,0.85,44.20988235294118,1.5765765765765716,2.4774774774774846,4.725415070242636,18.18181818181855,81.81818181818144,True,4.87,False,False,False,False,True,False
589,002060,广东建工,E 建筑业,腾讯前复权日K回退（成交额、换手率已提供）,False,2026-08-03,3.43,3.3199999999999994,3.2314999999999996,True,True,True,True,3.35,2.3880597014925393,True,67.06778361161886,0.026343554544691283,-0.0002846958999128107,0.05325650088920819,True,False,False,False,2026-07-06,20.0,35.03456701455483,29.605717329598576,45.89226638446735,False,False,,,False,233906.0,153584.4,1.5229801985097446,False,79523000.0,1.5,53.01533333333333,3.3132530120482118,3.6144578313253044,6.142658208262435,8.333333333333147,91.66666666666686,True,3.74,False,False,False,False,True,False
590,002061,浙江交科,E 建筑业,腾讯前复权日K回退（成交额、换手率已提供）,False,2026-08-03,3.73,3.626,3.5730000000000004,True,True,True,True,3.67,1.6348773841961868,True,64.1437865348113,0.029385765571793065,0.014292879807046754,0.030185771529492623,True,False,False,False,2026-07-29,3.0,58.128568362895976,48.04257136643444,78.30056235581905,False,False,,,False,277243.0,192259.6,1.442024221417292,False,102062500.0,1.07,95.38551401869158,3.3240997229917024,3.6011080332410064,4.394066610691284,7.69230769230785,92.30769230769215,True,3.83,False,False,False,False,False,False
591,002062,宏润建设,E 建筑业,腾讯前复权日K回退（成交额、换手率已提供）,False,2026-08-03,7.72,7.486,7.281000000000001,True,True,True,True,7.79,-0.8985879332477572,False,54.97677135098949,-0.04228953791499013,-0.1302801810468801,0.17598128626377996,True,False,False,False,2026-07-15,13.0,25.41275007074374,22.37220461398937,31.49384098425248,False,False,2026-07-23,7.0,True,112953.0,127485.2,0.8860087288563693,False,87074599.99999999,1.0,87.07459999999998,2.659574468085113,3.9893617021276575,6.0293915670924205,26.666666666666707,73.3333333333333,True,10.48,False,False,False,False,True,False
592,002063,远光软件,I 信息技术,腾讯前复权日K回退（成交额、换手率已提供）,False,2026-08-03,5.68,5.476,5.308,True,True,True,True,5.62,1.0676156583629823,True,62.67235130242693,0.03820971645351445,-0.01410139721903074,0.10462222734509039,True,False,False,False,,,27.112023429756817,22.206969344430775,36.9221316004089,False,False,2026-07-28,4.0,True,336214.0,287047.8,1.171282274241433,False,189955700.0,1.9,99.97668421052632,2.5270758122743597,3.4296028880866496,7.008289374529012,15.789473684210625,84.21052631578938,True,6.7,False,True,True,False,False,False
593,002064,华峰化学,C 制造业,腾讯前复权日K回退（成交额、换手率已提供）,False,2026-08-03,10.94,11.053999999999998,10.564499999999999,False,True,True,False,11.68,-6.335616438356166,False,54.360639390068414,0.1967352442429462,0.13791020185064481,0.11765008478460276,True,False,False,False,2026-07-21,9.0,63.35696159788006,61.66809663860937,66.73469151642144,False,False,,,False,739554.0,426581.2,1.7336769646669847,False,800417400.0,1.49,537.1928859060403,-0.36429872495447047,8.74316939890711,3.5543565715367564,30.208333333333403,69.7916666666666,False,12.05,False,True,False,False,True,False
594,002065,东华软件,I 信息技术,腾讯前复权日K回退（成交额、换手率已提供）,False,2026-08-03,7.45,7.066,6.9510000000000005,True,True,True,True,7.34,1.4986376021798409,True,60.754514637778044,-0.01861460092485867,-0.08888375784219289,0.14053831383466844,True,False,False,False,2026-07-08,18.0,26.231558525217284,18.628433951932497,41.437807671786864,False,False,2026-07-28,4.0,True,678139.0,485153.4,1.39778263947032,False,501942500.0,2.33,215.42596566523605,2.900552486187835,3.4530386740331496,7.178823190907778,19.99999999999993,80.00000000000007,True,8.98,False,True,False,False,True,False
595,002066,瑞泰科技,C 制造业,腾讯前复权日K回退（成交额、换手率已提供）,False,2026-08-03,19.9,20.276,20.177,False,False,True,False,21.8,-8.715596330275238,False,43.360137735780036,-0.40094586292138246,-0.5072360025378695,0.21258027923297407,True,False,False,False,2026-07-22,8.0,20.053902822558413,22.878778402663873,14.404151662347495,False,False,,,False,24912.0,30760.8,0.8098619021611921,False,49409799.99999999,1.08,45.749814814814805,-0.8470353761833693,2.192326856003992,-1.372850275065674,34.09090909090948,65.90909090909052,False,28.23,False,True,False,False,False,False
596,002067,景兴纸业,C 制造业,腾讯前复权日K回退（成交额、换手率已提供）,False,2026-08-03,4.58,4.343999999999999,4.0875,True,True,True,True,4.53,1.1037527593818945,True,63.481260704942414,0.06764783861742085,-0.005335069087949368,0.14596581541074044,True,False,False,False,,,37.584354872587944,31.994590285972507,48.76388404581883,False,False,,,False,984502.0,778699.2,1.2642904988216246,False,445492699.99999994,7.36,60.52889945652173,2.921348314606731,2.696629213483148,12.048929663608554,0.0,100.0,True,5.73,False,False,False,False,False,False
597,002068,黑猫股份,C 制造业,腾讯前复权日K回退（成交额、换手率已提供）,False,2026-08-03,7.66,7.4719999999999995,8.751999999999999,True,False,False,True,14.46,-47.026279391424616,False,35.59193577021408,-1.0806515181348928,-1.0227831843615127,-0.11573666754676015,False,True,False,False,,,9.177072401959053,9.003140684779266,9.52493583631863,True,False,2026-08-03,0.0,True,267067.0,277923.0,0.9609388211842849,False,202313100.0,3.63,55.73363636363637,0.2617801047120505,2.4869109947643917,-12.477148080438743,5.263157894736744,94.73684210526325,True,15.99,False,True,True,False,False,False
598,002069,獐子岛,A 农林牧渔,腾讯前复权日K回退（成交额、换手率已提供）,False,2026-08-03,3.25,3.1439999999999997,3.0995,True,True,True,True,3.33,-2.4024024024024047,False,58.67100981144869,-0.007797572260804131,-0.033833482657764376,0.05207182079392049,True,False,False,False,,,26.44666197536918,21.06067317106594,37.218639583975666,False,False,2026-07-28,4.0,True,124058.0,92409.2,1.3424853802435255,False,40043200.0,1.75,22.88182857142857,2.5236593059936974,3.785488958990526,4.855621874495889,24.999999999999908,75.00000000000009,True,3.91,False,False,False,False,True,False
599,002072,凯瑞德,F 批发零售,腾讯前复权日K回退（成交额、换手率已提供）,False,2026-08-03,6.98,6.808000000000002,6.983500000000001,True,False,False,True,10.6,-34.15094339622641,False,45.707501130278324,-0.3417112885416005,-0.3866774764055438,0.0899323757278866,True,False,False,False,2026-07-31,1.0,18.44140444009504,16.659107579319198,22.00599816164673,False,False,2026-07-23,7.0,True,44246.0,61722.6,0.7168524981125228,False,30422000.0,1.2,25.35166666666667,1.6011644832605532,3.6390101892285296,-0.05011813560536585,0.0,100.0,True,10.6,False,False,False,False,True,False
600,002073,软控股份,C 制造业,腾讯前复权日K回退（成交额、换手率已提供）,False,2026-08-03,5.84,5.724,5.430000000000001,True,True,True,True,5.86,-0.3412969283276529,False,64.41351567852237,0.07830481737054473,0.008653344849084213,0.13930294504292104,True,False,False,False,,,26.733064741831836,22.970821717003826,34.25755079148785,False,False,,,False,115938.0,192262.8,0.6030183686079679,False,67418500.0,1.14,59.13903508771931,0.8635578583765069,1.2089810017271052,7.550644567219138,14.285714285714105,85.7142857142859,True,6.81,False,False,False,False,False,False
601,002074,国轩高科,C 制造业,腾讯前复权日K回退（成交额、换手率已提供）,False,2026-08-03,28.15,28.141999999999996,26.9175,True,True,True,True,29.09,-3.231350979718121,False,52.028013246582816,-0.057608501358711095,-0.4221269562295175,0.7290369097416128,True,False,False,False,2026-07-15,13.0,23.211700007371974,21.678268955053017,26.278562112009887,False,False,,,False,261612.0,327804.4,0.7980734852857374,False,737916700.0,1.51,488.6865562913908,-1.4010507880910739,2.3817863397548154,4.578805609733438,19.11764705882339,36.764705882352956,False,38.44,False,False,False,False,True,False
602,002075,沙钢股份,C 制造业,腾讯前复权日K回退（成交额、换手率已提供）,False,2026-08-03,4.11,3.732,3.502,True,True,True,True,3.76,9.308510638297887,True,73.60981689308525,0.050826687756087896,-0.022974984925357246,0.14760334536289027,True,False,False,False,,,33.41634782270031,22.61142866635687,55.026186135387185,False,False,,,False,703675.0,327691.4,2.147370971590954,True,281178200.0,3.21,87.59445482866043,9.89304812834224,9.62566844919787,17.361507709880087,0.0,100.0,True,4.8,False,False,False,False,True,True
603,002076,星光股份,C 制造业,腾讯前复权日K回退（成交额、换手率已提供）,False,2026-08-03,1.98,1.9280000000000002,1.9669999999999999,True,True,False,True,2.43,-18.518518518518526,False,45.33295314285322,-0.10596392735296023,-0.12852527500745242,0.045122695308984384,True,False,False,False,2026-07-29,3.0,17.24075028830244,14.313646414845843,23.094958035215637,False,False,2026-07-28,4.0,True,218717.0,293305.2,0.7456976555478729,False,42749700.0,2.1,20.357,2.590673575129543,3.108808290155443,0.6609049313675711,0.0,100.0,True,2.83,False,True,False,False,False,False
604,002077,大港股份,C 制造业,腾讯前复权日K回退（成交额、换手率已提供）,False,2026-08-03,11.53,11.52,14.376,True,False,False,False,20.3,-43.20197044334976,False,28.87983040829387,-1.673441698855692,-1.4684633328050622,-0.4099567321012594,False,True,False,False,,,7.672732294957577,9.631158277374857,3.75588033012302,False,False,,,False,240342.0,353289.8,0.6802970252750009,False,275298200.0,4.14,66.49714975845411,0.435540069686402,1.7421602787456383,-19.796883695047303,4.999999999999911,95.00000000000009,True,20.3,False,False,False,False,False,False
605,002078,太阳纸业,C 制造业,腾讯前复权日K回退（成交额、换手率已提供）,False,2026-08-03,14.46,14.530000000000001,13.901,False,True,True,True,15.07,-4.047777040477767,False,62.85733431280184,0.4242492583979036,0.3737748022760463,0.1009489122437146,True,False,False,False,,,75.30358515219474,69.73431707632479,86.44212130393467,False,False,,,False,149725.0,199894.6,0.7490197333995016,False,216363800.0,0.54,400.67370370370367,-0.6868131868131844,2.335164835164834,4.021293432127193,50.0,44.11764705882365,False,15.07,False,True,False,False,True,False
606,002079,苏州固锝,C 制造业,腾讯前复权日K回退（成交额、换手率已提供）,False,2026-08-03,8.97,8.895999999999999,10.349499999999999,True,False,False,False,14.83,-39.51449763991908,False,34.27278015099506,-1.114157370260365,-1.0640211660285435,-0.10027240846364327,False,True,False,False,,,13.122343965909769,13.470336697242457,12.42635850324439,False,False,,,False,395802.0,490231.6,0.8073775741914638,False,353836600.00000006,4.88,72.50750000000002,1.1273957158963066,2.4802705749718226,-13.329146335571753,18.18181818181774,81.81818181818225,True,15.2,False,False,False,False,False,False
607,002080,中材科技,C 制造业,腾讯前复权日K回退（成交额、换手率已提供）,False,2026-08-03,40.34,43.236000000000004,56.77149999999999,False,False,False,False,85.96,-53.07119590507212,False,30.800836971648224,-8.383312197354392,-6.817802731702039,-3.131018931304707,False,True,False,False,,,8.315780731002484,13.10442038025226,-1.2614985674970676,False,False,,,False,451328.0,600906.4,0.7510787037715025,False,1857888500.0,2.69,690.6648698884758,-6.490496059341666,7.324988409828458,-28.943219749346046,13.291139240506396,8.860759493670932,False,102.22,False,False,False,False,False,False
608,002081,金 螳 螂,E 建筑业,腾讯前复权日K回退（成交额、换手率已提供）,False,2026-08-03,3.85,3.724,3.7590000000000003,True,True,False,True,4.41,-12.698412698412701,False,45.22012231362894,-0.23796058212950566,-0.3089579794237486,0.14199479458848585,True,False,False,False,2026-07-23,7.0,12.481353633476603,12.001425025907812,13.441210848614187,False,False,2026-07-29,3.0,True,1048155.0,926122.4,1.131767248044103,False,400320500.0,3.96,101.09103535353535,3.217158176943702,3.4852546916890055,2.4208566108007377,7.692307692307534,92.30769230769246,True,8.47,False,False,False,False,True,False
609,002082,ST万邦,C 制造业,腾讯前复权日K回退（成交额、换手率已提供）,False,2026-08-03,10.0,9.873999999999999,10.7255,True,False,False,True,13.33,-24.981245311327832,False,41.49811406429797,-0.8819423051533946,-0.9794480372593137,0.19501146421183835,True,False,False,False,2026-07-29,3.0,4.418907909147861,3.7981378346022656,5.660448058239051,False,False,2026-07-28,4.0,True,104932.0,187684.4,0.5590874894237348,False,103709400.0,1.85,56.059135135135136,1.9367991845055998,4.4852191641182415,-6.764253414759221,22.72727272727267,77.27272727272732,True,24.43,False,False,False,False,False,False
610,002083,孚日股份,C 制造业,腾讯前复权日K回退（成交额、换手率已提供）,False,2026-08-03,11.01,11.21,10.2775,False,True,True,False,12.67,-13.101815311760065,False,53.62595072697154,0.3047954035387228,0.1822134982776627,0.24516381052212022,True,False,False,False,2026-07-23,7.0,45.69598858768715,44.295563563876954,48.49683863530754,False,False,,,False,935049.0,1406798.4,0.6646645318902837,False,1020969200.0,9.88,103.33696356275303,-0.8108108108108136,9.279279279279272,7.127219654585258,48.54368932038838,51.45631067961162,False,12.71,False,False,False,False,True,False
611,002084,海鸥住工,C 制造业,腾讯前复权日K回退（成交额、换手率已提供）,False,2026-08-03,3.49,3.4300000000000006,3.5050000000000003,True,False,False,True,3.93,-11.19592875318066,False,51.2391795467139,-0.034138027297603735,-0.0366549555885449,0.005033856581882337,True,False,True,False,,,39.13200357981842,33.781645239528125,49.832720260399,False,False,,,False,177724.0,151367.0,1.1741264608534225,False,61834700.0,2.76,22.403876811594206,0.0,4.297994269340971,-0.42796005706134443,46.666666666666586,53.333333333333414,False,3.93,False,True,False,False,True,False
612,002085,万丰奥威,C 制造业,腾讯前复权日K回退（成交额、换手率已提供）,False,2026-08-03,10.89,10.498,10.285,True,True,True,True,11.72,-7.081911262798634,False,53.0090250902778,-0.2615949377697291,-0.4241057277106478,0.32502157988183744,True,False,False,False,2026-07-22,8.0,16.551226128098204,12.078118916837736,25.497440550619135,False,False,2026-07-21,9.0,True,275737.0,253428.2,1.0880280884289908,False,298560800.0,1.3,229.66215384615384,2.5423728813559476,3.295668549905835,5.882352941176475,14.285714285713997,85.714285714286,True,14.37,False,False,False,False,False,False
613,002086,东方海洋,A 农林牧渔,腾讯前复权日K回退（成交额、换手率已提供）,False,2026-08-03,1.87,1.8060000000000003,1.7515,True,True,True,True,1.84,1.630434782608697,True,60.974658616316475,0.008987686427203379,-0.008161510254554817,0.034298393363516394,True,False,False,False,,,35.35730250290877,27.428157164643153,51.21559317944002,False,False,2026-07-27,5.0,True,511508.0,308181.0,1.6597648784318306,False,95079900.0,3.23,29.436501547987618,3.314917127071837,3.867403314917118,6.765629460462463,14.285714285714013,85.71428571428599,True,2.06,False,False,False,False,False,False
614,002088,鲁阳节能,C 制造业,腾讯前复权日K回退（成交额、换手率已提供）,False,2026-08-03,7.58,7.256,7.3205,True,True,False,True,8.05,-5.838509316770193,False,51.87565525787617,-0.19095999715340106,-0.25867085699191983,0.13542171967703753,True,False,False,False,2026-07-29,3.0,13.422488958835023,9.851029322303747,20.565408231897575,False,False,2026-07-29,3.0,True,37745.0,40792.4,0.9252949078749962,False,28199000.0,0.75,37.59866666666667,3.978052126200282,4.115226337448557,3.5448398333447177,3.3333333333332646,96.66666666666673,True,9.83,False,False,False,False,True,False
615,002090,金智科技,C 制造业,腾讯前复权日K回退（成交额、换手率已提供）,False,2026-08-03,9.72,9.384,8.944500000000001,True,True,True,True,9.9,-1.8181818181818152,False,59.85717313480747,0.0050779676527312745,-0.15165771748194828,0.3134713702693591,True,False,False,False,2026-07-27,5.0,35.39521230173501,26.949486652848663,52.286663599507705,False,False,2026-07-23,7.0,True,81510.0,113130.8,0.7204934465238467,False,78907900.0,2.05,38.49165853658537,2.208201892744488,2.418506834910625,8.670132483649159,17.391304347825685,82.60869565217432,True,11.7,False,False,False,False,True,False
616,002091,江苏国泰,F 批发零售,腾讯前复权日K回退（成交额、换手率已提供）,False,2026-08-03,8.02,7.840000000000001,7.539499999999999,True,True,True,True,7.99,0.3754693366708305,True,64.48920945430906,0.06533926397031387,-0.022196999490788273,0.17507252692220426,True,False,False,False,,,30.75118416197178,25.49803883958019,41.257474806754956,False,False,,,False,84867.0,130734.4,0.6491558457452667,False,67775900.0,0.53,127.87905660377358,0.8805031446540879,2.012578616352214,6.373101664566619,18.75000000000059,81.24999999999942,True,9.5,False,False,False,False,False,False
617,002092,中泰化学,C 制造业,腾讯前复权日K回退（成交额、换手率已提供）,False,2026-08-03,4.6,4.446,4.225,True,True,True,True,4.58,0.4366812227074143,True,61.676947394445996,0.05555846556497368,-0.0011078321563546614,0.11333259544265668,True,False,False,False,,,20.15651733252392,17.21537387965996,26.038804238251835,False,False,,,False,811038.0,601576.0,1.3481887575302207,False,368206500.0,3.15,116.89095238095237,4.308390022675734,6.349206349206354,8.875739644970416,17.857142857143096,82.14285714285691,True,6.43,False,True,False,False,True,False
618,002093,国脉科技,I 信息技术,腾讯前复权日K回退（成交额、换手率已提供）,False,2026-08-03,7.11,6.856,6.471500000000001,True,True,True,True,7.04,0.9943181818181858,True,62.59737801118958,0.03763765115077611,-0.08011788471409075,0.2355110717297337,True,False,False,False,,,22.460322902441728,17.09483561999423,33.19129746733672,False,False,,,False,146645.0,177362.6,0.8268090341481237,False,103194300.0,1.46,70.68102739726028,2.302158273381294,2.8776978417266212,9.866337016147718,4.999999999999889,95.00000000000011,True,8.8,False,False,False,False,False,False
619,002094,青岛金王,C 制造业,腾讯前复权日K回退（成交额、换手率已提供）,False,2026-08-03,4.81,4.608,4.3945,True,True,True,True,4.71,2.123142250530778,True,62.38406896219572,-0.013776925123806016,-0.09501089302664813,0.16246793580568422,True,False,False,False,,,17.880827893181003,12.648651076933362,28.34518152567628,False,False,2026-07-27,5.0,True,214263.0,233098.2,0.9191962872300172,False,101875600.0,3.1,32.86309677419355,2.777777777777768,2.991452991453004,9.45500056889293,7.142857142857596,92.8571428571424,True,6.42,False,True,False,False,True,False
620,002095,生 意 宝,I 信息技术,腾讯前复权日K回退（成交额、换手率已提供）,False,2026-08-03,14.43,13.9,13.282499999999999,True,True,True,True,14.35,0.5574912891986068,True,64.19237138939228,0.12248561103575106,-0.051054249967085144,0.3470797220056724,True,False,False,False,,,31.68484379896178,22.80395974582105,49.44661190524324,False,False,2026-07-28,4.0,True,32798.0,32366.4,1.013334816352761,False,47186400.0,1.3,36.297230769230765,1.83486238532109,2.117148906139737,8.639186900056472,23.33333333333337,76.66666666666663,True,16.75,False,False,False,False,True,False
621,002096,易普力,C 制造业,腾讯前复权日K回退（成交额、换手率已提供）,False,2026-08-03,9.76,9.488,8.986,True,True,True,True,9.66,1.0351966873705967,True,63.73921692309534,0.09429482337947093,-0.03863049578021497,0.2658506383193718,True,False,False,False,,,27.403514750372107,22.210003656289214,37.79053693853789,False,False,,,False,60610.0,77523.8,0.7818244203715504,False,58830400.0,0.49,120.06204081632654,1.8789144050104456,2.5052192066805867,8.613398620075664,8.333333333333147,91.66666666666686,True,12.19,False,False,False,False,False,False
622,002097,山河智能,C 制造业,腾讯前复权日K回退（成交额、换手率已提供）,False,2026-08-03,7.46,7.202,6.9815,True,True,True,True,7.49,-0.4005340453938618,False,56.87040097272385,-0.11928630971256826,-0.2378784008682568,0.23718418231137706,True,False,False,False,2026-07-10,16.0,16.29232104127888,12.190654975973876,24.49565317188888,False,False,2026-07-21,9.0,True,192817.0,177485.2,1.086383540712127,False,142642200.0,1.8,79.24566666666666,2.8965517241379413,2.758620689655175,6.853827973931109,4.999999999999889,95.00000000000011,True,10.44,False,False,False,False,True,False
623,002098,浔兴股份,C 制造业,腾讯前复权日K回退（成交额、换手率已提供）,False,2026-08-03,6.79,6.58,6.445,True,True,True,True,6.81,-0.29368575624081605,False,57.076916432761706,-0.05517731541157911,-0.1267064668834616,0.14305830294376498,True,False,False,False,,,15.165658715926961,11.727162451254545,22.042651245271795,False,False,2026-07-28,4.0,True,33506.0,27923.8,1.1999083219332614,False,22488800.0,0.94,23.924255319148937,3.034901365705611,3.3383915022761723,5.352986811481765,4.545454545454454,95.45454545454555,True,8.75,False,False,False,False,True,False
624,002099,海翔药业,C 制造业,腾讯前复权日K回退（成交额、换手率已提供）,False,2026-08-03,5.51,5.416,5.2165,True,True,True,True,5.55,-0.7207207207207215,False,57.98129158351784,0.011109095993419693,-0.04859883520636413,0.11941586239956764,True,False,False,False,2026-07-27,5.0,19.38049635818692,15.802747998362998,26.53599307783477,False,False,2026-07-27,5.0,True,84442.0,186021.6,0.4539365321016484,False,46295000.0,0.52,89.02884615384615,1.1009174311926495,2.0183486238532002,5.626377839547587,9.090909090908944,90.90909090909105,True,6.35,False,False,False,False,True,False
625,002100,天康生物,C 制造业,腾讯前复权日K回退（成交额、换手率已提供）,False,2026-08-03,7.22,7.142,6.901000000000001,True,True,True,True,7.36,-1.902173913043486,False,60.8618775733429,0.1817492054132348,0.15751126533976328,0.04847588014694304,True,False,False,False,,,55.92057856786502,53.51112452302084,60.739486657553385,False,False,,,False,132211.0,196657.8,0.6722896320410379,False,96029800.0,0.97,98.99979381443298,-0.8241758241758323,2.335164835164834,4.622518475583235,58.82352941176452,23.529411764705912,False,8.1,False,False,False,False,False,False
626,002101,广东鸿图,C 制造业,腾讯前复权日K回退（成交额、换手率已提供）,False,2026-08-03,9.15,8.876000000000001,8.8875,True,True,False,True,9.41,-2.7630180658873513,False,57.34487710301438,-0.015643366534133563,-0.043561393269311195,0.055836053470355265,True,False,False,False,2026-07-31,1.0,32.137506827167954,27.421161616730682,41.5701972480425,False,False,,,False,44810.0,56116.4,0.7985187930800978,False,40694700.0,0.68,59.84514705882353,2.3489932885906173,2.908277404921698,2.9535864978903077,3.846153846153767,96.15384615384623,True,9.88,False,False,False,False,False,False
627,002102,ST能特,C 制造业,腾讯前复权日K回退（成交额、换手率已提供）,False,2026-08-03,2.26,2.282,2.364,False,False,False,False,2.61,-13.40996168582376,False,44.04211067430436,-0.014133462541781494,0.0008889249300363029,-0.030044774943635593,False,True,False,False,,,18.181077390313856,18.289274239128286,17.964683692684993,False,False,,,False,115151.0,114637.8,1.0044767083806563,False,25914400.0,0.54,47.98962962962963,-0.440528634361248,1.3215859030836918,-4.399323181049073,33.333333333334316,66.66666666666568,False,2.7,False,True,False,False,True,False
628,002103,广博股份,C 制造业,腾讯前复权日K回退（成交额、换手率已提供）,False,2026-08-03,6.64,6.434,6.1325,True,True,True,True,6.62,0.3021148036253712,True,62.89026119654736,0.03869493136536484,-0.05468478163294349,0.18675942599661666,True,False,False,False,,,26.719122033596136,21.121917194273653,37.9135317122411,False,False,2026-07-28,4.0,True,73738.0,85718.2,0.8602373824928662,False,48742900.0,1.9,25.654157894736844,0.911854103343468,2.279635258358668,8.275580921320822,13.333333333333611,86.66666666666639,True,8.34,False,False,False,False,False,False
629,002104,恒宝股份,C 制造业,腾讯前复权日K回退（成交额、换手率已提供）,False,2026-08-03,10.49,10.19,9.688500000000001,True,True,True,True,10.88,-3.584558823529417,False,55.75180708928324,-0.16385360818969552,-0.37568345278325677,0.4236596891871225,True,False,False,False,2026-07-21,9.0,15.848934724641083,12.111874802113173,23.323054569696904,False,False,2026-07-27,5.0,True,302736.0,433765.4,0.6979256528990094,False,314671000.0,5.05,62.31108910891089,2.142161635832518,3.3106134371957143,8.27269443154254,5.8823529411763475,94.11764705882365,True,15.01,False,False,False,False,True,False
630,002105,信隆健康,C 制造业,腾讯前复权日K回退（成交额、换手率已提供）,False,2026-08-03,5.48,5.268,5.051,True,True,True,True,5.46,0.36630036630037477,True,59.448105949358705,-0.010562306080796446,-0.08958796693116122,0.15805132170072955,True,False,False,False,,,30.154922534691412,23.48451582504268,43.49573595398888,False,False,2026-07-27,5.0,True,93362.0,84849.4,1.100325989341115,False,50227000.0,2.56,19.619921875,3.7878787878787845,4.92424242424242,8.493367649970308,7.692307692307534,92.30769230769246,True,6.85,False,True,False,False,True,False
631,002106,莱宝高科,C 制造业,腾讯前复权日K回退（成交额、换手率已提供）,False,2026-08-03,9.85,9.745999999999999,10.3325,True,False,False,True,14.38,-31.502086230876223,False,39.8792077332253,-0.887134288339082,-0.9224395401396361,0.07061050360110821,True,False,True,False,,,8.166365013321128,7.548332192733217,9.402430654496952,False,False,2026-07-30,2.0,True,149351.0,216272.0,0.6905702078863654,False,146087500.0,2.12,68.90919811320754,0.3054989816700493,2.0366598778004,-4.669731429954028,0.0,100.0,True,18.35,False,False,False,False,True,False
632,002107,沃华医药,C 制造业,腾讯前复权日K回退（成交额、换手率已提供）,False,2026-08-03,6.08,6.016,6.182,True,False,False,True,6.96,-12.643678160919539,False,48.291746163485584,-0.06884387559344596,-0.05582065977617636,-0.026046431634539194,False,True,False,False,,,18.760853224562105,18.575646617103533,19.131266439479248,True,False,2026-08-03,0.0,True,65948.0,93000.6,0.7091137046427657,False,40024800.0,1.15,34.80417391304348,0.49586776859504855,0.9917355371900762,-1.6499514720155337,16.66666666666642,83.33333333333358,True,7.52,False,False,False,False,False,False
633,002108,沧州明珠,C 制造业,腾讯前复权日K回退（成交额、换手率已提供）,False,2026-08-03,4.42,4.336,4.2105,True,True,True,True,4.42,0.0,False,54.63326398712257,-0.028889125018749517,-0.07818247702625136,0.09858670401500369,True,False,False,False,2026-07-14,14.0,17.390889144151867,15.277282000524975,21.618103431405647,False,False,2026-07-27,5.0,True,272442.0,227687.8,1.1965594994549555,False,119568400.0,1.65,72.46569696969696,1.8433179723502224,2.5345622119815743,4.975656097850618,0.0,100.0,True,6.39,False,False,False,False,True,False
634,002109,ST兴化,C 制造业,腾讯前复权日K回退（成交额、换手率已提供）,False,2026-08-03,2.63,2.57,2.5595000000000003,True,True,True,True,2.86,-8.041958041958042,False,53.10500986429528,-0.03110977918492086,-0.052882004339528846,0.04354445030921597,True,False,False,False,,,10.309812927559616,9.216043515100791,12.497351752477265,False,False,2026-07-28,4.0,True,71687.0,53552.8,1.3386228171076022,False,18760100.0,0.56,33.50017857142856,1.9379844961240345,2.325581395348839,2.754444227388144,33.33333333333333,66.66666666666666,False,3.47,False,False,False,False,False,False
635,002110,三钢闽光,C 制造业,腾讯前复权日K回退（成交额、换手率已提供）,False,2026-08-03,3.29,3.1740000000000004,3.0115,True,True,True,True,3.29,0.0,False,68.56030450115968,0.05623419015616182,0.01658562341025837,0.0792971334918069,True,False,False,False,,,34.89881395056606,26.902611979698637,50.89121789230091,False,False,,,False,237900.0,270957.6,0.8779971478932498,False,78054700.0,0.98,79.64765306122449,0.920245398773023,1.840490797546014,9.247883114726887,33.33333333333333,66.66666666666666,False,3.5,False,False,False,False,False,False
636,002111,威海广泰,C 制造业,腾讯前复权日K回退（成交额、换手率已提供）,False,2026-08-03,9.7,9.514,9.1705,True,True,True,True,9.61,0.9365244536940672,True,61.83559694690495,0.08674549526891262,0.003216369542946386,0.16705825145193248,True,False,False,False,,,39.575944671553685,35.72379516213743,47.2802436903862,False,False,,,False,89787.0,77918.8,1.1523149740499083,False,86606299.99999999,1.84,47.068641304347814,1.5706806282722363,1.9895287958115317,5.7739490758409975,10.526315789474323,89.47368421052568,True,11.45,False,False,False,False,True,False
637,002112,三变科技,C 制造业,腾讯前复权日K回退（成交额、换手率已提供）,False,2026-08-03,17.2,16.218,14.9285,True,True,True,True,17.09,0.6436512580456374,True,61.70646270554942,-0.04466927487128025,-0.49996354946381105,0.9105885491850616,True,False,False,False,2026-07-24,6.0,31.691222175751225,24.9997411796773,45.07418416789908,False,False,2026-07-21,9.0,True,438551.0,357325.4,1.2273154945044489,False,741048600.0,16.73,44.294596533173944,4.878048780487809,10.243902439024378,15.215862276852999,21.428571428571423,78.57142857142858,True,23.24,False,False,False,False,True,False
638,002114,罗平锌电,C 制造业,腾讯前复权日K回退（成交额、换手率已提供）,False,2026-08-03,6.77,6.502,6.337000000000001,True,True,True,True,7.36,-8.016304347826097,False,52.72431892981791,-0.18607104033175226,-0.2989633756418343,0.22578467062016405,True,False,False,False,2026-07-23,7.0,19.76945529900925,16.203283184507537,26.901799528012667,False,False,2026-07-21,9.0,True,64825.0,65052.2,0.9965074201948589,False,43262000.0,2.0,21.631,3.358778625954195,4.8854961832061115,6.832886223765171,3.1250000000002083,96.87499999999979,True,10.16,False,True,False,False,True,False
639,002115,三维通信,L 商务服务,腾讯前复权日K回退（成交额、换手率已提供）,False,2026-08-03,11.26,10.844,10.8125,True,True,True,True,12.0,-6.166666666666668,False,52.66077309278135,-0.07718495986160079,-0.14230024883321818,0.13023057794323478,True,False,False,False,2026-07-31,1.0,22.5030834406285,20.82280616414307,25.86363799359936,False,False,,,False,934803.0,700665.4,1.334164638356625,False,1045878600.0,12.53,83.46996009577016,0.2671415850400649,4.363312555654499,4.13872832369942,20.408163265306403,59.18367346938756,False,15.98,False,False,False,False,False,True
640,002116,中国海诚,E 建筑业,腾讯前复权日K回退（成交额、换手率已提供）,False,2026-08-03,7.19,7.031999999999999,6.906000000000001,True,True,True,True,7.18,0.1392757660167225,True,58.13563594811124,-0.009433098725767586,-0.058391296012581265,0.09791639457362736,True,False,False,False,2026-07-14,14.0,23.022118277988582,18.621720002511925,31.822914828941897,False,False,2026-07-28,4.0,True,31511.0,30283.8,1.0405233160963947,False,22584899.999999996,0.57,39.62263157894736,1.6973125884016893,1.6973125884016986,4.112366058499852,8.333333333333147,91.66666666666686,True,8.05,False,True,False,True,True,False
641,002117,东港股份,C 制造业,腾讯前复权日K回退（成交额、换手率已提供）,False,2026-08-03,8.18,7.962000000000001,7.8185,True,True,True,True,8.42,-2.8503562945368195,False,54.232090769402646,-0.11839024674638221,-0.21840201666709316,0.2000235398414219,True,False,False,False,2026-07-06,20.0,18.540790931135763,13.19497243761183,29.232427918183635,False,False,2026-07-28,4.0,True,48802.0,67705.8,0.7207949688209873,False,39791600.0,0.93,42.78666666666666,0.8631319358816336,1.3563501849568584,4.623649037539163,27.27272727272801,72.727272727272,True,10.48,False,False,False,False,True,False
642,002119,康强电子,C 制造业,腾讯前复权日K回退（成交额、换手率已提供）,False,2026-08-03,19.2,20.348,25.421499999999998,False,False,False,False,40.4,-52.475247524752476,False,31.191654216206246,-3.0601299085971867,-2.4355510129053553,-1.249157791383663,False,True,False,False,,,5.464755991168228,9.964780043870077,-3.535292114235471,False,False,,,False,354653.0,410744.6,0.8634392271986048,False,694291000.0,9.45,73.4699470899471,-5.882352941176472,6.22549019607843,-24.47337883287768,4.724409448818799,7.086614173228338,False,41.8,False,False,False,False,False,False
643,002120,韵达股份,G 运输仓储,腾讯前复权日K回退（成交额、换手率已提供）,False,2026-08-03,6.97,6.8740000000000006,6.7540000000000004,True,True,True,True,7.01,-0.5706134094151218,False,61.65607752480618,0.06244531748226212,0.03536680194753848,0.054157031069447276,True,False,False,False,2026-07-29,3.0,39.74210525408707,36.19225174652459,46.84181226921203,False,False,,,False,378128.0,341296.2,1.1079174042957407,False,263008600.0,1.34,196.27507462686566,0.7225433526011571,1.5895953757225352,3.1981048267693115,45.454545454545524,54.545454545454476,False,7.9,False,False,False,False,True,False
644,002121,科陆电子,C 制造业,腾讯前复权日K回退（成交额、换手率已提供）,False,2026-08-03,5.26,4.998,4.895999999999999,True,True,True,True,5.6,-6.071428571428569,False,52.89347405753381,-0.1843070278465424,-0.29384273906372016,0.2190714224343555,True,False,False,False,2026-07-10,16.0,13.247143790374016,9.811050100614084,20.11933116989388,False,False,2026-07-23,7.0,True,329058.0,280293.4,1.1739769826902808,False,170971600.0,2.33,73.37836909871244,4.36507936507935,4.36507936507936,7.434640522875833,4.545454545454454,95.45454545454555,True,8.78,False,False,False,False,True,False
645,002122,ST汇洲,C 制造业,腾讯前复权日K回退（成交额、换手率已提供）,False,2026-08-03,2.41,2.368,2.354,True,True,True,True,2.67,-9.737827715355797,False,52.283280553357265,-0.03266236821348967,-0.05274631324539082,0.04016789006380231,True,False,False,False,2026-07-24,6.0,28.972620452269506,26.44890719471071,34.020046967387096,False,False,,,False,118664.0,121977.8,0.9728327613713315,False,28435900.0,0.6,47.39316666666667,1.6877637130801704,2.109704641350222,2.378929481733222,0.0,100.0,True,2.96,False,False,False,False,False,False
646,002123,梦网科技,I 信息技术,腾讯前复权日K回退（成交额、换手率已提供）,False,2026-08-03,8.42,8.209999999999999,8.217,True,True,False,True,9.52,-11.554621848739492,False,54.09785609487524,-0.001947375486833991,-0.03990292507689801,0.07591109918012803,True,False,False,False,2026-07-31,1.0,30.621847540817015,25.997005263996993,39.87153209445706,False,False,,,False,221468.0,282622.6,0.7836174460216558,False,185053000.0,3.07,60.27785016286645,1.937046004842613,3.3898305084745903,2.47048801265668,17.85714285714304,82.14285714285697,True,10.48,False,False,False,False,True,False
647,002124,天邦食品,A 农林牧渔,腾讯前复权日K回退（成交额、换手率已提供）,False,2026-08-03,2.26,2.2079999999999997,2.2305,True,True,False,True,2.45,-7.755102040816341,False,51.459208767897024,-0.028290396855226163,-0.03843590825494273,0.020291022799433137,True,False,False,False,2026-07-29,3.0,15.023245455959765,13.594384243087697,17.8809678817039,False,False,2026-07-31,1.0,True,479960.0,467733.8,1.0261392270560734,False,107918799.99999999,2.43,44.41102880658435,1.8018018018017834,2.702702702702705,1.3225734140327117,16.666666666667037,83.33333333333296,True,3.07,False,False,False,False,True,False
648,002125,湘潭电化,C 制造业,腾讯前复权日K回退（成交额、换手率已提供）,False,2026-08-03,12.57,12.224,11.943000000000001,True,True,True,True,13.44,-6.473214285714281,False,47.86960805740513,-0.5216411887976129,-0.7413670230999386,0.43945166860465146,True,False,False,False,2026-07-21,9.0,13.183141893998842,11.370941000882114,16.807543680232296,False,False,2026-07-29,3.0,True,179803.0,194870.6,0.9226789469524905,False,224735800.00000003,2.86,78.57895104895107,1.8638573743922304,3.07941653160453,5.249937201708104,5.263157894736744,94.73684210526325,True,20.86,False,False,False,False,True,False
649,002126,银轮股份,C 制造业,腾讯前复权日K回退（成交额、换手率已提供）,False,2026-08-03,37.89,38.414,44.976,False,False,False,False,58.53,-35.263967196309586,False,36.46356240322453,-3.2494940197135023,-2.549619401462522,-1.3997492365019601,False,True,False,False,,,5.904963799808151,7.646761807217427,2.4213677849895987,False,False,,,False,118181.0,223648.8,0.5284222405843447,False,449157300.00000006,1.49,301.44785234899337,-1.430801248699265,3.7200832466181053,-15.75506937033084,34.965034965034974,26.573426573426755,False,61.88,False,False,False,False,False,False
650,002127,南极电商,L 商务服务,腾讯前复权日K回退（成交额、换手率已提供）,False,2026-08-03,3.17,3.0839999999999996,2.969,True,True,True,True,3.33,-4.804804804804809,False,63.450005717819806,0.07337649183285677,0.0588717961550894,0.02900939135553475,True,False,False,False,,,66.96431604222148,61.791379672865,77.31018878093447,False,False,,,False,446663.0,505883.2,0.8829370099659368,False,140651600.0,2.24,62.79089285714285,2.2580645161290214,2.9032258064516223,6.769956214213542,11.11111111111133,88.88888888888867,True,3.38,False,True,False,False,False,False
651,002128,电投能源,B 采矿业,腾讯前复权日K回退（成交额、换手率已提供）,False,2026-08-03,26.7,26.728,25.741500000000002,False,True,True,True,27.89,-4.2667622803872405,False,53.47759244455981,0.2788894122246859,0.07100250591332401,0.4157738126227237,True,False,False,False,2026-07-06,20.0,39.04592072201351,37.55269349749324,42.03237517105407,False,False,,,False,110118.0,129465.8,0.8505566721095456,False,297366100.0,0.49,606.8695918367347,-1.0378057820607856,2.891030392883622,3.7235592331449108,80.76923076923053,17.948717948717995,False,32.32,False,True,False,False,True,False
652,002129,TCL中环,C 制造业,腾讯前复权日K回退（成交额、换手率已提供）,False,2026-08-03,9.06,8.782,9.415000000000001,True,False,False,True,11.42,-20.665499124343253,False,45.21234086088751,-0.39302165939471223,-0.3698764535111451,-0.04629041176713422,False,True,False,False,,,17.5611854917354,16.36086313469711,19.961830205811985,True,False,2026-08-03,0.0,True,1149012.0,1005264.0,1.142995272883541,False,1029217200.0,2.84,362.40042253521125,2.604756511891293,4.643261608154022,-3.770578863515671,17.07317073170738,82.92682926829262,True,12.44,False,False,False,False,False,False
653,002130,沃尔核材,C 制造业,腾讯前复权日K回退（成交额、换手率已提供）,False,2026-08-03,17.13,16.588,16.335,True,True,True,True,19.2,-10.781250000000002,False,50.6992051480221,-0.5342666997940562,-0.8288894491103029,0.5892454986324935,True,False,False,False,2026-07-23,7.0,15.144559660112563,11.638046087113262,22.157586806111166,False,False,2026-07-21,9.0,True,443452.0,468305.6,0.946928672217458,False,756471600.0,3.87,195.4706976744186,2.574850299401188,2.2754491017964016,4.866850321395765,13.157894736842326,86.84210526315768,True,23.94,False,False,False,False,False,False
654,002131,利欧股份,L 商务服务,腾讯前复权日K回退（成交额、换手率已提供）,False,2026-08-03,5.13,4.432,4.179499999999999,True,True,True,True,4.79,7.098121085594987,True,65.47137683323656,-0.11420133771221064,-0.2784186815582882,0.3284346876921551,True,False,False,False,2026-07-21,9.0,19.584778349020727,12.93539881964518,32.883537407771826,False,False,2026-07-21,9.0,True,14052712.0,5152103.6,2.727567822976231,True,7001012600.0,24.0,291.7088583333333,10.085836909871237,8.154506437768237,22.74195477927984,0.0,100.0,True,7.56,False,False,False,False,True,True
655,002132,恒星科技,C 制造业,腾讯前复权日K回退（成交额、换手率已提供）,False,2026-08-03,3.87,3.8979999999999997,4.5445,False,False,False,False,6.14,-36.97068403908794,False,34.04142402755076,-0.3705767080299509,-0.3125528361427974,-0.11604774377430704,False,True,False,False,,,14.527460344753345,19.163099374295477,5.256182285669084,False,False,,,False,572185.0,555536.6,1.0299681425130225,False,222315800.00000003,4.09,54.35594132029341,0.78125,2.604166666666669,-14.842116844537353,80.0,20.0,False,6.32,False,False,False,False,True,False
656,002133,广宇集团,K 房地产,腾讯前复权日K回退（成交额、换手率已提供）,False,2026-08-03,2.61,2.51,2.46,True,True,True,True,2.63,-0.7604562737642593,False,57.49212305900491,-0.02678405019077168,-0.05734243182433425,0.061116763267125146,True,False,False,False,,,17.842657414299754,13.476823474968219,26.57432529296283,False,False,2026-07-28,4.0,True,122534.0,118031.2,1.0381492351174944,False,31538100.0,1.59,19.835283018867923,3.984063745019917,4.780876494023909,6.097560975609753,8.333333333333519,91.66666666666649,True,3.4,False,True,False,False,True,False
657,002134,天津普林,C 制造业,腾讯前复权日K回退（成交额、换手率已提供）,False,2026-08-03,18.49,18.8,22.541,False,False,False,False,29.86,-38.07769591426658,False,26.249402766636408,-2.472593660478008,-2.1764600587121943,-0.5922672035316277,False,True,False,False,,,5.472440052742232,9.297216736562405,-2.177113314898115,False,False,,,False,67823.0,87149.2,0.778240075640396,False,125334599.99999999,2.74,45.742554744525535,0.4345464421509959,3.8565996740901727,-17.97169602058472,56.33802816901432,43.661971830985685,False,33.66,False,False,False,False,True,False
658,002135,东南网架,C 制造业,腾讯前复权日K回退（成交额、换手率已提供）,False,2026-08-03,6.2,5.998,5.964,True,True,True,True,6.9,-10.144927536231886,False,49.75738688016297,-0.2104789871538717,-0.29974854616171626,0.1785391180156891,True,False,False,False,2026-07-27,5.0,16.07140704731357,12.812136442704158,22.589948256532395,False,False,2026-07-23,7.0,True,132090.0,138622.0,0.9528790523870669,False,82014300.0,1.27,64.57818897637796,-0.48154093097914075,3.5313001605136396,3.9570757880616996,22.72727272727267,31.818181818181984,False,9.65,False,False,False,False,False,False
659,002136,安 纳 达,C 制造业,腾讯前复权日K回退（成交额、换手率已提供）,False,2026-08-03,12.22,11.988,11.8035,True,True,True,True,13.56,-9.882005899705014,False,50.96849149319922,-0.21790224159939342,-0.33469808964537334,0.23359169609195984,True,False,False,False,2026-07-24,6.0,26.034241966574374,23.189488560664653,31.72374877839382,False,False,,,False,52699.0,59599.8,0.8842143765583106,False,63957800.0,2.46,25.999105691056908,1.3266998341625147,2.2388059701492646,3.528614394035676,0.0,100.0,True,15.86,False,False,False,False,True,False
660,002137,实益达,C 制造业,腾讯前复权日K回退（成交额、换手率已提供）,False,2026-08-03,7.47,7.2219999999999995,8.4975,True,False,False,True,12.57,-40.5727923627685,False,40.09934036440981,-0.8072507346749216,-0.7677857518846338,-0.07892996558057552,False,True,False,False,,,12.765762616231065,11.456638260094296,15.384011328504602,False,False,2026-07-31,1.0,True,360851.0,341231.8,1.057495227584299,False,264782100.0,9.1,29.096934065934068,2.188782489740082,4.3775649794801685,-12.091791703442196,3.1250000000002083,96.87499999999979,True,12.57,False,True,False,False,True,False
661,002138,顺络电子,C 制造业,腾讯前复权日K回退（成交额、换手率已提供）,False,2026-08-03,43.51,42.248000000000005,46.499,True,False,False,False,66.4,-34.47289156626507,False,42.65575316931207,-4.126880289982715,-4.043181138391841,-0.16739830318174853,False,True,False,False,,,22.453503807476427,22.606055571791085,22.148400278847113,False,False,,,False,490182.0,492137.0,0.9960275289197926,False,2129622100.0,6.4,332.753453125,1.6588785046729004,4.462616822429899,-6.428095227854372,47.12041884816755,52.879581151832454,False,79.72,False,False,False,False,True,False
662,002139,拓邦股份,C 制造业,腾讯前复权日K回退（成交额、换手率已提供）,False,2026-08-03,10.58,9.978,9.810500000000001,True,True,True,True,10.35,2.2222222222222263,True,63.67763189634428,0.032319964673908075,-0.064551639437586,0.19374320822298816,True,False,False,False,2026-07-29,3.0,32.28072947976498,24.908242629877876,47.02570317953919,False,False,2026-07-29,3.0,True,320618.0,197195.4,1.6258898534144306,False,335842900.0,2.99,112.32204013377925,3.018500486854925,3.505355404089576,7.843636919626919,2.7777777777777226,97.22222222222227,True,11.75,False,False,False,False,False,False
663,002140,东华科技,E 建筑业,腾讯前复权日K回退（成交额、换手率已提供）,False,2026-08-03,9.18,8.922,8.803,True,True,True,True,9.44,-2.754237288135591,False,54.18571576338523,-0.14106674157609866,-0.23518122087780416,0.188228958603411,True,False,False,False,2026-07-15,13.0,10.274265414003047,7.236392278164668,16.350011685679803,False,False,2026-07-28,4.0,True,89270.0,58018.4,1.538649807647229,False,81037600.0,1.26,64.31555555555555,2.1134593993325845,3.1145717463848652,4.282630921276825,3.5714285714285032,96.4285714285715,True,12.53,False,False,False,False,True,False
664,002141,贤丰控股,C 制造业,腾讯前复权日K回退（成交额、换手率已提供）,False,2026-08-03,5.1,5.68,5.482,False,False,True,False,6.5,-21.538461538461544,False,48.125289522799996,0.22231209834617616,0.28557780829333956,-0.1265314198943268,False,True,False,False,,,71.73690477469553,74.87746498893414,65.45578434621834,False,True,,,False,1982683.0,2795206.4,0.7093154194266298,False,1028785300.0,19.19,53.610489838457525,-8.92857142857143,7.67857142857144,-6.968259759211977,46.51162790697672,11.627906976744129,False,6.5,False,False,False,False,False,False
665,002142,宁波银行,J 金融业,腾讯前复权日K回退（成交额、换手率已提供）,False,2026-08-03,32.29,32.162,31.432,True,True,True,True,32.99,-2.1218551076083747,False,58.42434157238475,0.4977100345289216,0.43142908675439906,0.13256189554904507,True,False,False,False,2026-07-08,18.0,81.97001113416542,79.18238558587602,87.54526223074421,False,False,,,False,391928.0,361469.4,1.0842632875701235,False,1259479100.0,0.59,2134.710338983051,1.2860727728983612,2.41530740276035,2.729702214303896,27.272727272727398,72.72727272727259,True,32.99,False,False,False,False,False,False
666,002144,宏达高科,C 制造业,腾讯前复权日K回退（成交额、换手率已提供）,False,2026-08-03,10.43,10.001999999999999,9.9235,True,True,True,True,10.95,-4.7488584474885815,False,54.528549337169615,-0.20083216337401844,-0.328886645720353,0.2561089646926691,True,False,False,False,2026-07-28,4.0,15.75038148295093,11.904369162007486,23.44240612483782,False,False,2026-07-28,4.0,True,38090.0,43818.0,0.8692774658816012,False,39301300.0,2.77,14.188194945848375,3.165182987141457,3.956478733926809,5.104045951529189,17.500000000000053,82.49999999999994,True,14.27,False,True,False,False,True,False
667,002145,钛能化学,C 制造业,腾讯前复权日K回退（成交额、换手率已提供）,False,2026-08-03,4.71,4.6259999999999994,4.453,True,True,True,True,4.82,-2.2821576763485543,False,58.018742596903216,0.025726709501835643,-0.010125871043884618,0.07170516109144053,True,False,False,False,2026-07-27,5.0,53.28351755541269,43.14459152843214,73.56136960937381,False,False,,,False,368379.0,496733.6,0.7416027423955215,False,172650300.0,0.97,177.99,1.5086206896551824,1.93965517241379,5.771390074107336,11.11111111111089,88.88888888888911,True,5.04,False,True,False,False,True,False
668,002146,荣盛发展,K 房地产,腾讯前复权日K回退（成交额、换手率已提供）,False,2026-08-03,1.15,1.1179999999999999,1.0945,True,True,True,True,1.17,-1.7094017094017109,False,56.35278509516976,-0.009087498282893014,-0.021147243616268765,0.0241194906667515,True,False,False,False,2026-07-10,16.0,25.754871811954533,21.296011318171427,34.67259279952075,False,False,2026-07-27,5.0,True,781853.0,877854.8,0.8906404567133426,False,88942400.0,2.0,44.4712,1.7699115044247815,2.654867256637151,5.070808588396517,0.0,100.0,True,1.39,False,True,False,False,False,False
669,002148,北纬科技,I 信息技术,腾讯前复权日K回退（成交额、换手率已提供）,False,2026-08-03,6.35,6.152,6.066,True,True,True,True,7.14,-11.064425770308125,False,54.372828845156164,-0.057785958669781756,-0.1215821121936285,0.12759230704769348,True,False,False,False,2026-07-28,4.0,23.084240146942204,18.73685251977997,31.77901540126667,False,False,2026-07-28,4.0,True,168811.0,192807.8,0.8755403049046772,False,106346200.00000001,3.74,28.4348128342246,1.7628205128205066,2.724358974358973,4.68183316848005,11.764705882353217,88.23529411764677,True,8.35,False,False,False,False,False,False
670,002149,西部材料,C 制造业,腾讯前复权日K回退（成交额、换手率已提供）,False,2026-08-03,34.9,32.742000000000004,35.839,True,False,False,True,50.02,-30.227908836465424,False,40.10834577479932,-4.686122172476431,-5.373422475168098,1.3746006053833355,True,False,False,False,2026-07-28,4.0,9.307611878932038,8.037778782369383,11.84727807205735,False,False,2026-07-31,1.0,True,485665.0,254766.0,1.9063179545151236,True,1678993000.0,9.95,168.7430150753769,7.3846153846153895,10.36923076923076,-2.6200507826669273,22.255192878338296,77.74480712166171,True,78.77,False,False,False,False,True,False
671,002150,正泰电源,C 制造业,腾讯前复权日K回退（成交额、换手率已提供）,False,2026-08-03,20.86,20.612000000000002,22.43,True,False,False,False,28.25,-26.15929203539823,False,37.53145518764613,-1.4244774536338838,-1.380035324712594,-0.08888425784257947,False,True,False,False,,,4.7601105972647595,5.619217806488059,3.0418961788181598,False,False,,,False,81349.0,84971.0,0.9573736922008685,False,169823300.00000003,2.27,74.81202643171808,2.9615004935834133,4.195459032576513,-6.999554168524299,28.235294117647246,71.76470588235276,True,36.2,False,False,False,False,True,False
672,002151,北斗星通,C 制造业,腾讯前复权日K回退（成交额、换手率已提供）,False,2026-08-03,29.18,28.227999999999998,28.623999999999995,True,True,False,True,33.51,-12.921515965383461,False,48.315166790163325,-1.0920331299220472,-1.415589027275238,0.6471117947063818,True,False,False,False,2026-07-28,4.0,11.685961738595829,8.896294264754147,17.265296686279193,False,False,2026-07-21,9.0,True,139433.0,140537.2,0.9921430055529781,False,403309200.0,3.15,128.03466666666668,2.674173117522871,3.413089373680515,1.9424259362772658,8.24742268041254,91.75257731958746,True,44.77,False,False,False,False,True,False
673,002152,广电运通,C 制造业,腾讯前复权日K回退（成交额、换手率已提供）,False,2026-08-03,10.26,9.989999999999998,10.0155,True,True,False,True,11.0,-6.727272727272729,False,54.87869301864858,0.007174935854836306,-0.03070216871650263,0.07575420914267787,True,False,False,False,2026-07-31,1.0,29.41612274667918,24.392927623354723,39.46251299332809,False,False,,,False,234329.0,331981.2,0.705850210795069,False,240194600.0,0.94,255.52617021276595,0.1953125,1.3671875000000056,2.44121611502172,35.71428571428608,64.28571428571392,False,12.08,False,False,False,False,True,False
674,002153,石基信息,I 信息技术,腾讯前复权日K回退（成交额、换手率已提供）,False,2026-08-03,8.48,8.234,7.710000000000001,True,True,True,True,8.85,-4.180790960451969,False,63.33114452192751,0.1270281509659572,-0.010698044161769827,0.2754523902554541,True,False,False,False,,,34.58086158819014,27.632952529667104,48.4766797052362,False,False,,,False,441181.0,428550.0,1.0294738070236846,False,374611800.0,2.76,135.7289130434783,-0.46948356807510194,3.2863849765258144,9.987029831387801,35.71428571428567,50.00000000000032,False,10.74,False,False,False,False,False,False
675,002154,报 喜 鸟,C 制造业,腾讯前复权日K回退（成交额、换手率已提供）,False,2026-08-03,4.19,3.904,3.757,True,True,True,True,3.97,5.541561712846352,True,68.27338008894922,0.029350206484009433,-0.023672359765450103,0.10604513249891907,True,False,False,False,2026-07-28,4.0,50.96727363234731,40.47229300659808,71.95723488384576,False,False,,,False,694924.0,309451.2,2.2456658755887844,True,287209100.0,5.89,48.76215619694398,6.887755102040827,9.438775510204085,11.525153047644404,24.32432432432428,75.67567567567572,True,4.53,False,False,False,False,False,False
676,002155,湖南黄金,B 采矿业,腾讯前复权日K回退（成交额、换手率已提供）,False,2026-08-03,22.81,22.684,22.5815,True,True,True,True,26.6,-14.248120300751891,False,47.86320597691237,-0.4546902142200686,-0.626382977354874,0.34338552626961083,True,False,False,False,2026-07-23,7.0,20.235677150870238,18.54394642048752,23.619138611635677,False,False,2026-07-21,9.0,True,383241.0,426512.0,0.898546816971152,False,869297800.0,2.45,354.8154285714285,-1.0412147505423075,4.46854663774404,1.0118902641542873,19.417475728155594,71.84466019417452,True,30.58,False,True,False,False,False,False
677,002156,通富微电,C 制造业,腾讯前复权日K回退（成交额、换手率已提供）,False,2026-08-03,51.34,59.012,68.8395,False,False,False,False,84.7,-39.38606847697756,False,35.911621362596236,-2.711404249313148,-0.21329560847820828,-4.996217281669879,False,True,False,False,,,40.84233596967471,53.41192304929992,15.703161810424277,False,False,,,False,1615123.0,1931506.4,0.8361986271440779,False,8527861700.0,10.64,801.4907612781955,-9.501145778247832,7.7031552970209844,-25.42072501979241,12.356979405034291,2.517162471396028,False,84.7,False,False,False,False,False,False
678,002157,正邦科技,A 农林牧渔,腾讯前复权日K回退（成交额、换手率已提供）,False,2026-08-03,2.97,2.916,2.9265,True,True,False,True,3.04,-2.3026315789473633,False,53.14472683242141,-0.017480147158704273,-0.027708331152408096,0.020456367987407645,True,False,False,False,2026-07-29,3.0,23.25794440869093,21.275811199102094,27.222210827868594,False,False,,,False,1095374.0,929660.4,1.1782517573083677,False,325416500.0,1.41,230.7918439716312,1.3651877133105783,2.7303754266211624,1.4864172219374787,37.49999999999972,62.50000000000028,False,3.61,False,False,False,False,True,False
679,002158,汉钟精机,C 制造业,腾讯前复权日K回退（成交额、换手率已提供）,False,2026-08-03,24.84,25.244,28.812,False,False,False,False,38.05,-34.71747700394218,False,38.835203336854065,-2.043895241884556,-1.6639033632982536,-0.7599837571726047,False,True,False,False,,,21.46081072769825,23.99923300909018,16.38396616491439,False,False,,,False,90608.0,156806.8,0.5778320838126918,False,227337400.00000003,1.7,133.7278823529412,-2.6645768025078342,4.231974921630101,-13.785922532278223,28.703703703703866,11.111111111111184,False,40.79,False,False,False,False,True,False
680,002159,三特索道,N 公共环保,腾讯前复权日K回退（成交额、换手率已提供）,False,2026-08-03,13.47,13.059999999999999,12.684999999999999,True,True,True,True,13.46,0.07429420505200436,True,57.41191380449637,-0.0687438022948701,-0.23310522090922783,0.3287228372287155,True,False,False,False,,,14.02824832071507,10.38479698359337,21.31515099495847,False,False,2026-07-28,4.0,True,32549.0,36426.4,0.8935552236839215,False,43606200.0,2.35,18.555829787234043,1.3544018058690765,2.3325808878856322,6.188411509657091,6.4516129032256595,93.54838709677435,True,16.5,False,False,False,False,False,False
681,002160,常铝股份,C 制造业,腾讯前复权日K回退（成交额、换手率已提供）,False,2026-08-03,3.88,3.774,3.6399999999999997,True,True,True,True,3.87,0.25839793281653195,True,53.74746351078547,-0.06329019772166733,-0.12502506803137248,0.1234697406194103,True,False,False,False,2026-07-14,14.0,15.343320050034597,12.586616196524163,20.856727757055463,False,False,,,False,155035.0,167456.6,0.925821974171218,False,59472100.0,1.5,39.648066666666665,2.645502645502651,3.703703703703707,6.5934065934066,7.142857142857302,92.85714285714269,True,5.05,False,False,False,False,False,False
682,002161,远 望 谷,C 制造业,腾讯前复权日K回退（成交额、换手率已提供）,False,2026-08-03,5.48,5.343999999999999,5.0735,True,True,True,True,5.82,-5.841924398625427,False,54.87078845124438,-0.08171373131880344,-0.1861443711867886,0.2088612797359703,True,False,False,False,2026-07-27,5.0,24.718787782505306,19.63889126473218,34.87858081805156,False,False,2026-07-23,7.0,True,164499.0,222184.2,0.740372177679601,False,89997900.00000001,2.22,40.5395945945946,0.9208103130755152,2.578268876611429,8.012220360697748,35.714285714285445,64.28571428571456,False,7.28,False,False,False,False,False,False
683,002162,悦心健康,C 制造业,腾讯前复权日K回退（成交额、换手率已提供）,False,2026-08-03,4.0,3.9560000000000004,3.7845,True,True,True,True,4.02,-0.4975124378109347,False,61.1042326749404,0.0718156194361681,0.045159851126150896,0.053311536620034405,True,False,False,False,,,39.27326138126767,35.986853782379264,45.84607657904449,False,False,,,False,173839.0,213563.4,0.8139924724929459,False,68935800.0,1.89,36.47396825396826,2.3017902813299296,2.0460358056266004,5.694279297133043,0.0,100.0,True,4.51,False,False,False,False,True,False
684,002163,海南发展,E 建筑业,腾讯前复权日K回退（成交额、换手率已提供）,False,2026-08-03,8.34,7.978,7.735000000000001,True,True,True,True,8.71,-4.247990815155005,False,54.374985306578594,-0.2300094982614418,-0.39037610517526006,0.32073321382763653,True,False,False,False,2026-07-10,16.0,15.43323206456383,11.969352056958472,22.360992079774544,False,False,2026-07-21,9.0,True,287633.0,272626.0,1.055046107121111,False,235771400.0,3.58,65.85793296089385,4.773869346733672,4.396984924623111,7.821590174531333,0.0,100.0,True,13.15,False,True,True,False,True,False
685,002164,宁波东力,C 制造业,腾讯前复权日K回退（成交额、换手率已提供）,False,2026-08-03,11.17,10.788,10.7675,True,True,True,True,12.8,-12.734375000000005,False,50.1463159734426,-0.35747500374588626,-0.5005545761315418,0.286159144771311,True,False,False,False,2026-07-28,4.0,20.29883781367512,16.418225763316343,28.060061914392676,False,False,2026-07-29,3.0,True,93443.0,89425.8,1.044922158929526,False,103923400.0,1.95,53.294051282051285,1.36116152450092,2.9038112522686053,3.7381007661945658,21.87500000000007,78.12499999999993,True,15.26,False,False,False,False,False,False
686,002165,红 宝 丽,C 制造业,腾讯前复权日K回退（成交额、换手率已提供）,False,2026-08-03,6.57,6.468000000000001,6.0225,True,True,True,True,6.81,-3.5242290748898584,False,53.87693564373845,-0.042514062255634144,-0.16287442646214,0.24072072841301173,True,False,False,False,2026-07-17,11.0,19.026140507671176,16.195250072925493,24.687921377162546,False,False,,,False,499534.0,790575.2,0.6318614598585941,False,324289600.0,6.87,47.203726346433776,3.464566929133861,3.7795275590551216,9.090909090909097,0.0,100.0,True,10.2,False,False,False,False,False,False
687,002166,莱茵生物,C 制造业,腾讯前复权日K回退（成交额、换手率已提供）,False,2026-08-03,6.81,6.612,6.5215000000000005,True,True,True,True,7.37,-7.598371777476262,False,53.10058242982839,-0.09327453736287517,-0.1637570735178593,0.14096507230996824,True,False,False,False,2026-07-06,20.0,16.804239276474902,14.321836888442752,21.769044052539204,False,False,2026-07-29,3.0,True,113850.0,133656.2,0.8518123364273411,False,76637300.0,1.54,49.764480519480514,2.406015037593967,2.857142857142849,4.4238288737253555,0.0,100.0,True,9.35,False,False,False,False,False,False
688,002167,东方锆业,C 制造业,腾讯前复权日K回退（成交额、换手率已提供）,False,2026-08-03,14.86,14.87,17.0885,False,False,False,False,26.3,-43.49809885931559,False,40.19077444567452,-0.9867377930163936,-0.5682307066770038,-0.8370141726787796,False,True,False,False,,,22.30892394666239,25.48961319357132,15.94754545284453,False,False,,,False,743610.0,809554.0,0.9185428025801862,False,1112216000.0,9.8,113.49142857142857,2.979902979902982,8.593208593208583,-13.040933961436055,61.29032258064522,38.709677419354776,False,26.85,False,False,False,False,True,False
689,002168,ST惠程,C 制造业,腾讯前复权日K回退（成交额、换手率已提供）,False,2026-08-03,3.55,3.59,3.5740000000000003,False,False,True,True,3.91,-9.2071611253197,False,46.40765228291348,-0.03200453888560206,-0.04040696149784493,0.016804845224485734,True,False,False,False,2026-07-28,4.0,13.62958945503359,13.5365037924294,13.815760780241973,False,False,2026-07-27,5.0,True,31471.0,50526.6,0.6228600380789525,False,11113699.999999998,0.4,27.78424999999999,0.8522727272727293,1.7045454545454561,-0.6715165081141707,16.666666666667037,83.33333333333296,True,4.42,False,False,False,False,False,False
690,002169,智光电气,C 制造业,腾讯前复权日K回退（成交额、换手率已提供）,False,2026-08-03,11.32,10.9,11.7,True,False,False,True,14.48,-21.823204419889503,False,41.99460506872542,-0.8804448973143444,-0.9489638670894163,0.13703793955014376,True,False,False,False,2026-07-31,1.0,12.096340507665353,10.821389535739206,14.646242451517647,False,False,2026-07-31,1.0,True,248524.0,215653.6,1.1524222178530754,False,280093400.0,3.28,85.39432926829268,4.331797235023038,5.714285714285724,-3.24786324786324,22.580645161290377,77.41935483870962,True,19.78,False,False,False,False,True,False
691,002170,芭田股份,C 制造业,腾讯前复权日K回退（成交额、换手率已提供）,False,2026-08-03,11.73,11.606,11.056000000000001,True,True,True,True,11.85,-1.0126582278480947,False,58.625675648977456,0.10487122570740759,-0.020664992494647653,0.2510724364041105,True,False,False,False,2026-07-21,9.0,36.844674490671274,30.990446655664446,48.55313016068492,False,False,2026-07-21,9.0,True,150119.0,193115.8,0.7773522415048381,False,176391800.0,1.9,92.83778947368421,0.9466437177280573,2.32358003442342,6.096237337192469,55.555555555555415,44.44444444444459,False,13.15,False,False,False,False,True,False
692,002171,楚江新材,C 制造业,腾讯前复权日K回退（成交额、换手率已提供）,False,2026-08-03,9.49,9.209999999999999,9.9885,True,False,False,True,13.32,-28.753753753753752,False,38.99730381838556,-0.9291468952321011,-0.9905052009163569,0.12271661136851142,True,False,False,False,2026-07-31,1.0,8.63068066108484,7.315945438070493,11.260151107113536,False,False,2026-07-30,2.0,True,356162.0,439224.0,0.8108892045971987,False,336337400.0,2.21,152.18886877828055,2.2629310344827624,2.4784482758620734,-4.99073935025279,8.695652173912842,91.30434782608717,True,16.47,False,True,False,False,True,False
693,002172,澳洋健康,Q 卫生,腾讯前复权日K回退（成交额、换手率已提供）,False,2026-08-03,3.28,3.182,3.061,True,True,True,True,3.34,-1.7964071856287442,False,60.17410708373981,0.027742620015057895,-0.0033826047673449645,0.062250449564805715,True,False,False,False,,,30.73281190390946,26.730497679514883,38.73744035269861,False,False,,,False,149992.0,161104.6,0.9310224537350268,False,48616200.0,1.96,24.804183673469385,3.4700315457413256,3.154574132492116,7.154524665142106,10.000000000000222,89.99999999999979,True,3.88,False,False,False,False,False,False
694,002173,创新医疗,Q 卫生,腾讯前复权日K回退（成交额、换手率已提供）,False,2026-08-03,19.02,20.169999999999998,18.2695,False,True,True,False,24.0,-20.75,False,51.17716692012808,0.4655006839371971,0.2558050356402814,0.41939129659383145,True,False,False,False,,,34.500124804971755,32.04735159789612,39.40567121912302,False,False,,,False,439462.0,735504.4,0.597497445290606,False,833851500.0,10.44,79.87083333333334,-2.6612077789150423,3.4800409416581357,4.107939461944765,36.764705882352956,63.235294117647044,False,25.39,False,True,False,False,True,False
695,002174,游族网络,I 信息技术,腾讯前复权日K回退（成交额、换手率已提供）,False,2026-08-03,11.52,11.294,11.635499999999999,True,False,False,True,13.33,-13.578394598649664,False,49.88376670532111,-0.17195985943057934,-0.14710089491910472,-0.04971792902294925,False,True,False,False,,,53.801924397337366,52.40694122705215,56.591890737907804,False,False,,,False,232760.0,356933.8,0.6521097189450817,False,268029199.99999997,2.38,112.61731092436973,1.7667844522968101,3.710247349823337,-0.9926517983756526,45.23809523809536,54.761904761904646,False,13.33,False,False,False,False,True,False
696,002175,*ST东智,C 制造业,腾讯前复权日K回退（成交额、换手率已提供）,False,2026-08-03,2.38,2.3600000000000003,2.5385,True,False,False,False,3.0,-20.666666666666668,False,44.216106369188935,-0.04675617475476246,-0.02529445176836039,-0.04292344597280413,False,True,False,False,,,20.367329426057697,21.73666275138683,17.628662775399434,False,False,,,False,181094.0,208097.8,0.8702350529414535,False,42963300.0,1.42,30.255845070422534,0.8474576271186418,1.6949152542372898,-6.243844790230455,50.0,50.0,False,3.0,False,False,False,False,False,False
697,002176,江特电机,C 制造业,腾讯前复权日K回退（成交额、换手率已提供）,False,2026-08-03,9.03,8.31,8.195,True,True,True,True,10.45,-13.588516746411482,False,53.51195275493906,-0.4743141353944935,-0.6874452313982496,0.42626219200751225,True,False,False,False,2026-07-24,6.0,12.044455526083405,8.931520855398373,18.27032486745347,False,False,2026-07-23,7.0,True,622872.0,563491.8,1.1053789957546853,False,541274900.0,3.66,147.8893169398907,9.987819732034087,10.962241169305706,10.18913971934105,0.0,100.0,True,16.38,False,True,False,False,False,True
698,002177,御银股份,C 制造业,腾讯前复权日K回退（成交额、换手率已提供）,False,2026-08-03,5.85,5.68,5.339499999999999,True,True,True,True,6.0,-2.500000000000006,False,57.2852259626096,-0.05965229813093931,-0.18116115558063162,0.24301771489938462,True,False,False,False,2026-07-15,13.0,21.08131381932056,16.038358536704393,31.167224384552895,False,False,2026-07-20,10.0,True,281860.0,395180.0,0.7132445973986538,False,163248800.0,4.18,39.054736842105264,2.094240837696315,2.966841186736473,9.56082030152637,11.764705882353217,88.23529411764677,True,8.28,False,False,False,False,True,False
699,002178,延华智能,I 信息技术,腾讯前复权日K回退（成交额、换手率已提供）,False,2026-08-03,4.6,4.452,4.289,True,True,True,True,4.53,1.5452538631346444,True,55.34329954091621,-0.08406551188666267,-0.1666317622003229,0.1651325006273205,True,False,False,False,2026-07-10,16.0,18.157661612990715,13.754445736143177,26.96409336668579,False,False,2026-07-23,7.0,True,98006.0,117888.0,0.8313483984799132,False,44682700.00000001,1.38,32.37876811594204,2.2222222222222143,2.666666666666649,7.251107484262064,0.0,100.0,True,6.42,False,False,False,False,False,False
700,002179,中航光电,C 制造业,腾讯前复权日K回退（成交额、换手率已提供）,False,2026-08-03,34.07,33.614000000000004,35.328,True,False,False,False,45.19,-24.607213985394992,False,41.7141754159401,-1.5906118158861418,-1.6094403894945895,0.03765714721689539,True,False,True,False,,,13.004282740164584,12.769875077144226,13.4730980662053,True,False,2026-08-03,0.0,True,161428.0,246932.6,0.653733042943702,False,548029700.0,0.77,711.7268831168831,0.0881316098707341,1.4101057579318357,-3.560914855072471,18.749999999999353,81.25000000000064,True,47.21,False,True,False,False,True,False
701,002180,奔图科技,C 制造业,腾讯前复权日K回退（成交额、换手率已提供）,False,2026-08-03,17.1,16.759999999999998,16.4485,True,True,True,False,17.6,-2.840909090909091,False,56.71516790318607,0.2915448776098444,0.25383112375027794,0.07542750771913287,True,False,False,False,,,60.4533646593855,58.42911892776249,64.50185612263152,False,False,,,False,131235.0,161485.0,0.8126760999473636,False,225234500.0,0.96,234.61927083333336,0.4700352526439522,2.8202115158636922,3.960847493692447,58.33333333333278,41.666666666667226,False,19.19,False,False,False,False,True,False
702,002181,粤 传 媒,L 商务服务,腾讯前复权日K回退（成交额、换手率已提供）,False,2026-08-03,8.73,8.312,8.2855,True,True,True,True,9.74,-10.369609856262832,False,45.76442083504982,-0.6847345691985005,-0.9482075933309448,0.5269460482648887,True,False,False,False,2026-07-13,15.0,8.70274464469008,6.990883788144854,12.126466357780535,False,False,2026-07-21,9.0,True,403018.0,387361.2,1.0404191230303912,False,348928800.0,3.55,98.28980281690141,1.7482517482517501,3.6130536130536193,5.364793917084058,25.80645161290321,74.1935483870968,True,21.66,False,False,False,False,False,False
703,002182,宝武镁业,C 制造业,腾讯前复权日K回退（成交额、换手率已提供）,False,2026-08-03,11.79,11.626000000000001,11.85,True,False,False,True,15.87,-25.708884688090738,False,44.366595547763325,-0.5721110401060905,-0.6815814439670163,0.21894080772185154,True,False,False,False,2026-07-29,3.0,15.372182703391054,12.451226069346903,21.214095971479356,False,False,2026-07-23,7.0,True,112263.0,175962.0,0.6379957036178265,False,131825000.0,1.3,101.40384615384615,1.2886597938144284,2.233676975945015,-0.5063291139240548,23.076923076923286,76.92307692307672,True,16.83,False,False,False,False,False,False
704,002183,怡 亚 通,L 商务服务,腾讯前复权日K回退（成交额、换手率已提供）,False,2026-08-03,4.69,4.561999999999999,4.5435,True,True,True,True,5.12,-8.398437499999995,False,47.234831821869285,-0.20466144762336125,-0.2780593842187823,0.14679587319084209,True,False,False,False,2026-07-21,9.0,9.08197491548533,7.006823153546395,13.232278439363201,False,False,2026-07-28,4.0,True,387208.0,493069.6,0.7853008986966546,False,180444700.0,1.49,121.10382550335571,1.7353579175704903,2.819956616052058,3.224386486189073,7.692307692307534,92.30769230769246,True,7.93,False,True,True,False,False,False
705,002184,海得控制,C 制造业,腾讯前复权日K回退（成交额、换手率已提供）,False,2026-08-03,9.84,9.592,9.284,True,True,True,True,10.1,-2.5742574257425725,False,54.48273364193179,-0.1396060906295613,-0.2799674293941926,0.2807226775292626,True,False,False,False,2026-07-15,13.0,22.38014915725921,18.625779152749384,29.888889166278865,False,False,2026-07-22,8.0,True,65388.0,67495.6,0.9687742608407066,False,63746899.99999999,2.72,23.43636029411764,2.713987473903967,3.5490605427974935,5.988797931925884,2.9411764705881738,97.05882352941182,True,13.28,False,True,True,False,False,False
706,002185,华天科技,C 制造业,腾讯前复权日K回退（成交额、换手率已提供）,False,2026-08-03,14.77,15.838,19.633,False,False,False,False,26.81,-44.90861618798955,False,36.04477297086749,-1.2570764967542445,-0.5805046140019472,-1.3531437655045946,False,True,False,False,,,29.1631001415834,35.92105234419011,15.64719573636998,False,False,,,False,2812363.0,4180749.8,0.67269344843358,False,4207920000.0,8.46,497.3900709219858,-4.52488687782806,5.042016806722696,-24.769520704935566,47.435897435897495,8.974358974358998,False,26.81,False,False,False,False,False,False
707,002186,全 聚 德,H 住宿餐饮,腾讯前复权日K回退（成交额、换手率已提供）,False,2026-08-03,9.37,9.206,8.8475,True,True,True,True,9.47,-1.0559662090813244,False,61.105802126604075,0.07803171874449433,-0.012752676283195019,0.18156879005537868,True,False,False,False,,,35.04943721668146,30.233125366935095,44.68206091617419,False,False,,,False,43794.0,56732.8,0.7719344012634666,False,40944400.0,1.43,28.63244755244755,0.7526881720429923,2.1505376344085945,5.905623057360826,25.000000000000444,74.99999999999956,True,11.23,False,True,False,False,False,False
708,002187,广百股份,F 批发零售,腾讯前复权日K回退（成交额、换手率已提供）,False,2026-08-03,5.39,5.2059999999999995,4.9125,True,True,True,True,5.4,-0.1851851851851977,False,64.7849595852834,0.04663060055516777,-0.03596272582138198,0.1651866527530995,True,False,False,False,,,31.81638844650327,25.008554542592563,45.43205625432469,False,False,2026-07-28,4.0,True,102162.0,165366.0,0.6177932585900366,False,54730800.0,1.46,37.48684931506849,1.8903591682419618,2.646502835538763,9.720101781170484,7.142857142857596,92.8571428571424,True,6.24,False,True,False,False,True,False
709,002188,中天服务,K 房地产,腾讯前复权日K回退（成交额、换手率已提供）,False,2026-08-03,5.13,4.814,4.6899999999999995,True,True,True,True,5.2,-1.3461538461538516,False,57.343421660916846,-0.11562370452421877,-0.21306709764193543,0.19488678623543332,True,False,False,False,2026-07-27,5.0,24.66705707658761,19.016380579398653,35.968410070965525,False,False,2026-07-23,7.0,True,101525.0,112195.6,0.9048928834998876,False,51237299.99999999,3.94,13.00439086294416,4.268292682926833,4.065040650406489,9.381663113006406,4.999999999999911,95.00000000000009,True,7.3,False,False,False,False,False,False
710,002189,中光学,C 制造业,腾讯前复权日K回退（成交额、换手率已提供）,False,2026-08-03,18.38,18.476,18.574,False,False,False,False,21.63,-15.02542764678687,False,45.05039321757725,-0.5162098312921621,-0.6156740497926234,0.19892843700092255,True,False,False,False,2026-07-27,5.0,28.338484491014686,27.61130818733858,29.792837098366903,False,False,,,False,25527.0,60782.4,0.41997354497354494,False,46664200.0,0.98,47.6165306122449,0.3275109170305601,1.8013100436681129,-1.0444707655863175,6.060606060605963,93.93939393939404,True,24.58,False,False,False,False,False,False
711,002190,成飞集成,C 制造业,腾讯前复权日K回退（成交额、换手率已提供）,False,2026-08-03,23.11,22.796,22.101,True,True,True,False,24.48,-5.596405228758174,False,50.40123755799327,-0.44713827753620095,-0.7928568183653883,0.6914370816583748,True,False,False,False,2026-07-22,8.0,15.305367722000222,13.647678384722811,18.620746396555045,False,False,2026-07-21,9.0,True,48021.0,74079.6,0.6482351416584322,False,110113200.0,1.34,82.17402985074627,1.0052447552447497,2.3164335664335716,4.565404280349307,0.0,100.0,True,36.38,False,False,False,False,False,False
712,002191,劲嘉股份,C 制造业,腾讯前复权日K回退（成交额、换手率已提供）,False,2026-08-03,3.77,3.754,3.7114999999999996,True,True,True,True,3.89,-3.0848329048843217,False,51.71196503389467,-0.019809752338655784,-0.03473750228715144,0.029855499896991308,True,False,False,False,2026-07-28,4.0,35.59899497521348,33.01276384148789,40.77145724266465,False,False,,,False,95005.0,113268.2,0.8387614529055817,False,35673900.0,0.68,52.46161764705882,0.5333333333333412,1.5999999999999897,1.576182136602464,16.66666666666642,83.33333333333358,True,4.27,False,False,False,False,True,False
713,002192,融捷股份,B 采矿业,腾讯前复权日K回退（成交额、换手率已提供）,False,2026-08-03,61.69,63.164,67.78999999999999,False,False,False,False,101.0,-38.92079207920792,False,38.73628493333941,-5.508334904767551,-5.716458060766684,0.41624631199826645,True,False,False,False,2026-07-30,2.0,15.73725640806064,17.54450483481853,12.122759554544864,False,False,,,False,113068.0,181888.8,0.621632557914506,False,695043400.0,4.36,159.413623853211,0.2763328998699466,5.234070221066318,-8.998377341790817,32.91925465838518,67.08074534161483,False,108.44,False,False,False,False,True,False
714,002193,ST如意,C 制造业,腾讯前复权日K回退（成交额、换手率已提供）,False,2026-08-03,3.93,3.822,3.8795,True,True,False,True,4.72,-16.73728813559321,False,47.42966810538939,-0.17335354070925568,-0.21989307380655312,0.09307906619459488,True,False,False,False,2026-07-29,3.0,15.470020886441105,13.311668803237788,19.78672505284774,False,False,2026-07-22,8.0,True,34932.0,35381.0,0.987309572934626,False,13549100.0,1.33,10.187293233082706,2.6109660574412663,3.6553524804177577,1.3017141384198991,0.0,100.0,True,5.88,False,False,False,False,False,False
715,002194,武汉凡谷,C 制造业,腾讯前复权日K回退（成交额、换手率已提供）,False,2026-08-03,8.93,8.754000000000001,8.484,True,True,True,True,9.56,-6.589958158995824,False,47.49818751228683,-0.40893142232793167,-0.5975697835178558,0.37727672237984833,True,False,False,False,2026-07-23,7.0,16.516159876836095,13.403384460439435,22.741710709629412,False,False,2026-07-23,7.0,True,117432.0,167511.4,0.7010388546689957,False,104093400.0,2.3,45.258,1.8244013683010207,2.8506271379703536,5.256954266855254,3.9999999999999147,96.00000000000009,True,13.4,False,True,False,False,True,False
716,002195,岩山科技,I 信息技术,腾讯前复权日K回退（成交额、换手率已提供）,False,2026-08-03,6.87,6.758,6.211499999999999,True,True,True,True,7.05,-2.5531914893616983,False,58.10740193131999,-0.017509615917099097,-0.17107136943770887,0.30712350704121955,True,False,False,False,2026-07-21,9.0,25.853093202701945,19.98753808309527,37.5842034419153,False,False,2026-07-21,9.0,True,2364498.0,3333126.0,0.70939352427721,False,1611123900.0000002,4.21,382.68976247030884,1.0294117647058787,3.382352941176464,10.601304032842327,26.086956521739012,73.91304347826099,True,9.21,False,True,True,False,True,False
717,002196,方正电机,C 制造业,腾讯前复权日K回退（成交额、换手率已提供）,False,2026-08-03,10.95,10.424000000000001,10.6605,True,True,False,True,13.86,-20.995670995671,False,48.24954392954134,-0.5843200216349977,-0.7400809225910399,0.31152180191208423,True,False,False,False,2026-07-29,3.0,16.7739193024061,13.399162015755545,23.52343387570721,False,False,2026-07-22,8.0,True,289405.0,232800.2,1.24314755743337,False,314700800.0,5.93,53.069274873524456,3.301886792452824,3.6792452830188735,2.7156324750246097,10.256410256410478,89.74358974358952,True,17.77,False,False,False,False,True,False
718,002197,证通电子,I 信息技术,腾讯前复权日K回退（成交额、换手率已提供）,False,2026-08-03,6.88,6.598000000000001,6.1965,True,True,True,True,7.67,-10.29986962190352,False,56.77242626520552,0.161106666065586,0.08451622629804623,0.15318087953507953,True,False,False,False,,,40.48727255157785,37.68682523962758,46.08816717547839,False,False,,,False,884667.0,768248.8,1.1515371062083013,False,608954400.0,16.57,36.75041641520821,2.3809523809523725,6.398809523809533,11.030420398612112,32.55813953488381,37.209302325581376,False,8.76,False,False,False,False,False,True
719,002198,ST嘉应,C 制造业,腾讯前复权日K回退（成交额、换手率已提供）,False,2026-08-03,3.35,3.2439999999999998,3.2235,True,True,True,True,3.68,-8.967391304347828,False,52.20860778573718,-0.08196644030239986,-0.13239697312942802,0.10086106565405634,True,False,False,False,,,6.794709481741286,5.474362786162978,9.435402872897903,False,False,2026-07-28,4.0,True,41523.0,50379.8,0.8241993814981401,False,13806900.0,0.82,16.83768292682927,2.1341463414634276,3.048780487804881,3.924305878703275,20.0,80.0,True,5.01,False,False,False,False,False,False
720,002199,东晶电子,C 制造业,腾讯前复权日K回退（成交额、换手率已提供）,False,2026-08-03,12.3,13.154000000000002,11.764500000000002,False,True,True,True,14.95,-17.725752508361197,False,51.145821563615804,0.17468992033778896,-0.12255267444112983,0.5944851895578376,True,False,False,False,2026-07-28,4.0,64.82858118366298,60.77447844843831,72.93678665411231,False,False,,,False,206692.0,219740.0,0.9406207335942477,False,257367100.0,8.95,28.75610055865922,-10.021945866861737,7.97366495976591,4.551829657018988,17.43119266055058,0.0,False,16.0,False,False,False,False,True,False
721,002200,交投生态,E 建筑业,腾讯前复权日K回退（成交额、换手率已提供）,False,2026-08-03,6.81,6.514,6.3469999999999995,True,True,True,True,6.87,-0.8733624454148544,False,57.91533397498348,-0.009706729988918639,-0.08198769334201143,0.1445619267061856,True,False,False,False,2026-07-28,4.0,37.816495206956716,32.13457331457172,49.180338991726714,False,False,,,False,66317.0,43044.2,1.5406721463054256,False,44155500.0,3.39,13.025221238938054,5.581395348837193,5.271317829457362,7.294784937765876,5.882352941176609,94.1176470588234,True,8.13,False,True,False,False,False,False
722,002201,九鼎新材,C 制造业,腾讯前复权日K回退（成交额、换手率已提供）,False,2026-08-03,7.88,7.656000000000001,7.8740000000000006,True,True,False,True,10.37,-24.011571841851488,False,40.573296985068,-0.7463707223888489,-0.8975831065077138,0.3024247682377297,True,False,False,False,2026-07-28,4.0,11.256384582160706,9.810715703019794,14.147722340442531,False,False,2026-07-21,9.0,True,159430.0,167052.4,0.9543712032871123,False,124286800.0,2.65,46.90067924528302,2.7379400260756137,3.780964797913951,0.0762001524002964,6.896551724138089,93.10344827586191,True,14.82,False,True,False,False,True,False
723,002202,金风科技,C 制造业,腾讯前复权日K回退（成交额、换手率已提供）,False,2026-08-03,19.24,18.342,18.889,True,True,False,True,24.98,-22.97838270616494,False,47.71476420550925,-1.0103848352348344,-1.2144985004412778,0.40822733041288695,True,False,False,False,2026-07-30,2.0,14.655940808672765,11.193350461793912,21.58112150243047,False,False,2026-07-23,7.0,True,1444605.0,832385.2,1.7355005831434773,False,2759942600.0,4.29,643.3432634032634,4.622077215878173,5.274605764002168,1.858224363386093,15.463917525773432,84.53608247422657,True,28.99,False,True,False,False,True,False
724,002203,海亮股份,C 制造业,腾讯前复权日K回退（成交额、换手率已提供）,False,2026-08-03,18.66,17.766,18.4865,True,True,False,True,22.16,-15.7942238267148,False,48.12351172812568,-0.7773163966354453,-0.8665896496369068,0.178546506002923,True,False,False,False,2026-07-31,1.0,39.870120962710835,38.92554363513653,41.759275617859444,False,False,,,False,309713.0,359133.8,0.8623888923849552,False,574845900.0,1.4,410.60421428571436,1.5786608600979912,5.443658138268916,0.9385227057582596,44.00000000000013,55.99999999999987,False,26.87,False,False,False,False,False,False
725,002204,大连重工,C 制造业,腾讯前复权日K回退（成交额、换手率已提供）,False,2026-08-03,5.53,5.392,5.2105,True,True,True,True,5.52,0.1811594202898673,True,59.655109061648155,-0.014606970035152322,-0.07858476292263335,0.12795558577496205,True,False,False,False,2026-07-15,13.0,22.381522846420737,17.40818190991469,32.32820471943283,False,False,2026-07-21,9.0,True,227047.0,234706.6,0.9673652125675204,False,124776200.00000001,1.18,105.74254237288137,2.2181146025878062,2.4029574861367817,6.131849150753298,15.384615384615069,84.61538461538493,True,6.68,False,True,False,False,False,False
726,002205,国统股份,C 制造业,腾讯前复权日K回退（成交额、换手率已提供）,False,2026-08-03,10.21,9.75,9.7135,True,True,True,True,11.03,-7.434270172257467,False,52.73441120165547,-0.3141758205563381,-0.4663827857754706,0.30441393043826503,True,False,False,False,2026-07-27,5.0,19.284161141793888,15.03961543533777,27.773252554706122,False,False,2026-07-23,7.0,True,26709.0,21980.2,1.2151390797172,False,26953600.0,1.44,18.71777777777778,3.8657171922685807,4.272634791454729,5.111442837288321,14.285714285713983,85.71428571428602,True,14.6,False,False,False,False,False,False
727,002206,海 利 得,C 制造业,腾讯前复权日K回退（成交额、换手率已提供）,False,2026-08-03,5.37,5.326,5.2364999999999995,True,True,True,True,5.57,-3.590664272890488,False,53.79846655372431,-0.013815214829572042,-0.04245692461195915,0.057283419564774216,True,False,False,False,2026-07-28,4.0,20.796846973166094,15.90889767683494,30.5727455658284,False,False,2026-07-28,4.0,True,123163.0,105530.4,1.1670855033241607,False,65608900.0,1.17,56.07598290598291,0.1865671641791078,1.6791044776119375,2.5494127757089777,11.11111111111089,88.88888888888911,True,6.0,False,True,False,True,False,False
728,002207,*ST准油,B 采矿业,腾讯前复权日K回退（成交额、换手率已提供）,False,2026-08-03,6.0,5.678,5.5969999999999995,True,True,True,True,6.93,-13.419913419913415,False,50.902615547282856,-0.29574807796737446,-0.44101622447779165,0.2905362930208344,True,False,False,False,2026-07-27,5.0,17.99596049968171,13.767370041316946,26.45314141641124,False,False,2026-07-23,7.0,True,126182.0,144226.4,0.8748883699516871,False,73981300.0,4.84,15.285392561983471,2.7397260273972712,5.308219178082201,7.200285867428989,9.677419354838774,90.32258064516122,True,10.63,False,False,False,False,False,False
729,002208,合肥城建,K 房地产,腾讯前复权日K回退（成交额、换手率已提供）,False,2026-08-03,10.38,11.272,14.595000000000002,False,False,False,False,20.94,-50.429799426934096,False,31.575331820531076,-1.7778775713699648,-1.357873614981822,-0.8400079127762856,False,True,False,False,,,3.233074015026205,7.320106093626684,-4.940990142174753,False,False,,,False,468137.0,928016.6,0.5044489505898925,False,488274200.0,5.83,83.75200686106346,-2.8089887640449285,2.715355805243438,-28.879753340184998,31.03448275862073,24.13793103448293,False,26.36,False,False,False,False,False,False
730,002209,达 意 隆,C 制造业,腾讯前复权日K回退（成交额、换手率已提供）,False,2026-08-03,10.78,10.572,10.2005,True,True,True,True,11.08,-2.7075812274368296,False,54.145559642689086,-0.14830436152507964,-0.3070620466483217,0.31751537024648413,True,False,False,False,,,13.952931309384203,11.347986204612157,19.162821518928293,False,False,2026-07-27,5.0,True,23957.0,40410.0,0.5928483048750309,False,25640900.0,1.52,16.869013157894738,2.471482889733845,2.4714828897338386,5.681094064016465,11.538461538461984,88.46153846153801,True,14.98,False,True,False,False,False,False
731,002210,飞马国际,L 商务服务,腾讯前复权日K回退（成交额、换手率已提供）,False,2026-08-03,2.3,2.238,2.163,True,True,True,True,2.28,0.8771929824561412,True,55.39876080813333,-0.019964373465997998,-0.051342502896818146,0.0627562588616403,True,False,False,False,,,15.074208466681368,12.805579929954062,19.611465540135978,False,False,2026-07-23,7.0,True,643246.0,625994.6,1.0275583846889413,False,146270300.0,2.42,60.44227272727273,3.139013452914785,2.690582959641238,6.333795654184005,0.0,100.0,True,3.43,False,False,False,False,False,False
732,002211,ST宏达,C 制造业,腾讯前复权日K回退（成交额、换手率已提供）,False,2026-08-03,3.74,3.836,3.5785000000000005,False,True,True,False,4.47,-16.331096196868,False,51.94739233594306,-0.009767476398323982,-0.056076845680769156,0.09261873856489035,True,False,False,False,2026-07-28,4.0,50.7029027277251,46.76471315485702,58.57928187346127,False,False,,,False,140633.0,220961.4,0.6364595807231489,False,52164700.0,3.25,16.050676923076924,2.1857923497267784,7.103825136612028,4.51306413301662,42.30769230769222,57.69230769230778,False,4.47,False,True,False,False,True,False
733,002212,天融信,I 信息技术,腾讯前复权日K回退（成交额、换手率已提供）,False,2026-08-03,6.6,6.412000000000001,5.75,True,True,True,True,6.86,-3.790087463556861,False,62.71687461125389,0.09892426284008948,-0.06614682257369105,0.33014217082756103,True,False,False,False,2026-07-08,18.0,42.44094707893227,32.01963929112676,63.28356265454329,False,False,2026-07-20,10.0,True,946967.0,906985.4,1.044081856223926,False,626887100.0,8.12,77.20284482758622,0.45662100456620447,3.044140030441403,14.782608695652169,30.00000000000022,34.999999999999666,False,7.79,False,False,False,False,False,False
734,002213,大为股份,C 制造业,腾讯前复权日K回退（成交额、换手率已提供）,False,2026-08-03,24.96,25.994,28.113999999999997,False,False,False,False,36.34,-31.31535498073748,False,36.001831683599974,-2.4826359142198733,-2.5438714893736125,0.12247115030747846,True,False,False,False,2026-07-29,3.0,19.77316053624722,21.201007109902775,16.917467388936117,False,False,,,False,107743.0,152327.0,0.7073138708173863,False,270717000.0,5.21,51.961036468330136,-3.2558139534883734,3.56589147286821,-11.218609945223008,44.56521739130445,17.391304347826136,False,46.3,False,False,False,False,False,False
735,002214,*ST大立,C 制造业,腾讯前复权日K回退（成交额、换手率已提供）,False,2026-08-03,13.5,13.172,12.8535,True,True,True,True,14.84,-9.029649595687331,False,51.34089711528001,-0.3784784951416711,-0.5756908487553649,0.39442470722738765,True,False,False,False,2026-07-27,5.0,21.45741127713705,18.545985009847442,27.280263811716267,False,False,2026-07-21,9.0,True,49953.0,42333.8,1.1799791183404276,False,65842200.0,1.04,63.30980769230769,4.247104247104261,5.7915057915057915,5.029758431555605,0.0,100.0,True,20.14,False,True,False,False,False,False
736,002215,诺 普 信,C 制造业,腾讯前复权日K回退（成交额、换手率已提供）,False,2026-08-03,9.36,9.169999999999998,8.8595,True,True,True,True,9.48,-1.2658227848101369,False,58.900623027092,0.05377665985767344,-0.041340074947603285,0.19023346961055343,True,False,False,False,2026-07-28,4.0,40.77656895067546,33.175664096952175,55.97837865812204,False,False,,,False,129128.0,179396.4,0.7197914785358012,False,120601700.0,1.6,75.3760625,0.9708737864077666,1.7259978425026985,5.64930300807042,31.250000000000416,68.74999999999959,False,10.56,False,False,False,False,False,False
737,002216,三全食品,C 制造业,腾讯前复权日K回退（成交额、换手率已提供）,False,2026-08-03,13.04,13.228,12.828,False,True,True,True,13.63,-4.328686720469564,False,55.66254727922293,0.23006025595300628,0.19198708548142748,0.07614634094315759,True,False,False,False,,,61.81590685167766,61.345516095258354,62.75668836451628,False,False,,,False,80234.0,91353.8,0.878277641433635,False,105210700.0,1.27,82.84307086614173,-1.584905660377367,3.0943396226415105,1.6526348612410333,14.634146341463097,21.95121951219508,False,13.93,False,True,False,False,True,False
738,002217,ST合力泰,C 制造业,腾讯前复权日K回退（成交额、换手率已提供）,False,2026-08-03,1.48,1.436,1.497,True,False,False,True,1.93,-23.316062176165804,False,37.881485323014715,-0.16732563072610707,-0.205603394905799,0.07655552835938384,True,False,False,False,2026-07-21,9.0,3.162795391210834,2.4288022878042845,4.630781598023933,False,False,2026-07-31,1.0,True,1368849.0,1379963.4,0.9919458733470758,False,199455700.0,1.88,106.09345744680851,1.3698630136986356,2.739726027397263,-1.135604542418178,0.0,100.0,True,3.76,False,False,False,False,False,False
739,002218,拓日新能,C 制造业,腾讯前复权日K回退（成交额、换手率已提供）,False,2026-08-03,4.15,4.022,3.7424999999999997,True,True,True,False,4.55,-8.79120879120878,False,57.77968655278914,0.010737948115337126,-0.07217816600621837,0.165832228243111,True,False,False,False,,,16.98762473583477,15.268993590310885,20.424887026882544,False,False,2026-07-21,9.0,True,963535.0,1354622.4,0.7112941584311614,False,394582900.0,6.94,56.85632564841498,4.271356783919611,4.522613065326637,10.888443553774232,5.555555555555433,94.44444444444457,True,6.46,False,False,False,False,False,False
740,002219,新里程,Q 卫生,腾讯前复权日K回退（成交额、换手率已提供）,False,2026-08-03,2.09,2.088,1.9970000000000003,True,True,True,False,2.16,-3.240740740740754,False,57.372215917147464,0.03578588015260564,0.02121843728245944,0.029134885740292403,True,False,False,False,,,42.83413510122566,41.162746241123266,46.17691282143046,False,False,,,False,466543.0,1051656.4,0.4436268347722698,False,97478799.99999999,1.43,68.166993006993,0.48076923076922906,1.9230769230769247,4.656985478217301,50.0,50.0,False,2.39,False,False,False,False,True,False
741,002221,东华能源,F 批发零售,腾讯前复权日K回退（成交额、换手率已提供）,False,2026-08-03,5.81,5.572,5.3975,True,True,True,True,5.68,2.2887323943661957,True,57.625757687683205,-0.05465972906331462,-0.14323933228371313,0.17715920644079702,True,False,False,False,,,13.143580484702179,10.330111262596724,18.77051892891309,False,False,,,False,222518.0,252089.6,0.8826940897204804,False,127934500.0,1.52,84.16743421052631,3.1971580817051537,4.085257548845479,7.642427049559974,8.695652173913228,91.30434782608677,True,8.24,False,False,False,False,True,False
742,002222,福晶科技,C 制造业,腾讯前复权日K回退（成交额、换手率已提供）,False,2026-08-03,49.02,51.262,62.54600000000001,False,False,False,False,84.5,-41.98816568047337,False,29.03063427805698,-9.577455973349764,-9.036712897802586,-1.0814861510943565,False,True,False,False,,,3.7102932083934568,6.0408781734047485,-0.9508767216291272,False,False,,,False,266308.0,438099.6,0.6078709042418665,False,1298321300.0,5.69,228.17597539543056,-0.020395676116657935,4.48704874566591,-21.62568349694625,35.45454545454525,64.54545454545475,False,124.5,False,False,False,False,True,False
743,002223,鱼跃医疗,C 制造业,腾讯前复权日K回退（成交额、换手率已提供）,False,2026-08-03,28.16,27.768,27.101499999999998,True,True,True,True,28.48,-1.1235955056179785,False,60.78329528942197,0.3898259140497018,0.28463555490693376,0.21038071828553606,True,False,False,False,,,37.34556678060442,33.404543818022596,45.22761270576807,False,False,,,False,84079.0,104905.2,0.8014759992831624,False,236751699.99999997,0.89,266.0131460674157,0.2849002849002913,1.4245014245014322,3.905687877054784,47.500000000000064,52.499999999999936,False,29.76,False,False,False,False,True,False
744,002224,三 力 士,C 制造业,腾讯前复权日K回退（成交额、换手率已提供）,False,2026-08-03,3.52,3.446,3.3560000000000003,True,True,True,True,3.49,0.8595988538681891,True,56.64140682598981,-0.009772613475874437,-0.043375155146360346,0.06720508334097182,True,False,False,False,,,15.805052708093571,12.85800873745797,21.699140649364775,False,False,2026-07-28,4.0,True,83705.0,96119.2,0.8708457831525855,False,29251400.0,1.04,28.126346153846153,1.7341040462427681,2.3121387283237014,4.886769964243137,0.0,100.0,True,4.31,False,False,False,False,False,False
745,002225,濮耐股份,C 制造业,腾讯前复权日K回退（成交额、换手率已提供）,False,2026-08-03,3.73,3.568,3.7669999999999995,True,False,False,True,4.6,-18.913043478260864,False,46.32889040238031,-0.19082028697127695,-0.20047244295329575,0.01930431196403759,True,False,True,False,,,13.687886459543561,11.188089143983424,18.687481090663834,False,False,2026-07-28,4.0,True,307575.0,235797.8,1.30440148296549,False,113896400.0,3.24,35.15320987654321,4.481792717086841,5.322128851540615,-0.98221396336606,21.05263157894739,78.94736842105262,True,4.9,False,True,False,False,False,False
746,002226,江南化工,C 制造业,腾讯前复权日K回退（成交额、换手率已提供）,False,2026-08-03,5.18,4.946,4.675,True,True,True,True,5.01,3.39321357285429,True,70.01890519624206,0.06591450689218181,-0.008963410315569683,0.149755834415503,True,False,False,False,,,32.84914378038825,27.161574414747587,44.22428251166958,False,False,,,False,331052.0,232532.8,1.4236787240337707,False,169719800.0,1.25,135.77584,4.225352112676051,5.231388329979875,10.802139037433154,11.538461538461643,88.46153846153835,True,6.54,False,False,False,False,False,False
747,002227,*ST特迅,C 制造业,腾讯前复权日K回退（成交额、换手率已提供）,False,2026-08-03,6.31,6.038,6.029999999999999,True,True,True,True,7.1,-11.126760563380282,False,50.69997820169754,-0.24238814451356117,-0.34203124846205823,0.19928620789699414,True,False,False,False,2026-07-27,5.0,20.776192039757237,16.671143291876486,28.986289535518743,False,False,2026-07-22,8.0,True,30030.0,22661.2,1.3251725416129772,False,18714000.0,1.22,15.339344262295082,3.4426229508196737,4.0983606557377055,4.643449419568827,12.0000000000001,87.9999999999999,True,9.51,False,False,False,False,False,False
748,002228,合兴包装,C 制造业,腾讯前复权日K回退（成交额、换手率已提供）,False,2026-08-03,3.15,3.064,3.0155,True,True,True,True,3.18,-0.9433962264151021,False,56.8714323549208,-0.018145610012072932,-0.04621466564982269,0.056138111275499517,True,False,False,False,2026-07-27,5.0,20.03132337923287,15.664172394524703,28.7656253486492,False,False,2026-07-27,5.0,True,218002.0,197072.0,1.1062048388406267,False,68182400.0,1.8,37.879111111111115,1.9417475728155331,2.588996763754048,4.460288509368266,12.500000000000277,87.49999999999972,True,3.92,False,False,False,False,True,False
749,002229,鸿博股份,C 制造业,腾讯前复权日K回退（成交额、换手率已提供）,False,2026-08-03,10.63,10.120000000000001,9.7095,True,True,True,True,10.49,1.3346043851286995,True,52.82992514292507,-0.3506246037294769,-0.6170213486397121,0.5327934898204705,True,False,False,False,2026-07-09,17.0,13.980481453318815,11.647040676659485,18.647363006637473,False,False,2026-07-21,9.0,True,371861.0,341509.2,1.0888754973511694,False,390015400.0,7.54,51.72618037135279,3.2038834951456208,3.009708737864082,9.480405788145637,0.0,100.0,True,19.16,False,True,True,False,False,False
750,002230,科大讯飞,I 信息技术,腾讯前复权日K回退（成交额、换手率已提供）,False,2026-08-03,42.81,40.956,41.048500000000004,True,True,False,True,44.2,-3.144796380090499,False,56.81701750082635,-0.3522298013237375,-0.649405755826981,0.594351909006487,True,False,False,False,2026-07-31,1.0,22.823459602856474,16.219866161196975,36.03064648617547,False,False,,,False,767612.0,431761.8,1.7778599218365312,False,3297194600.0,3.51,939.3716809116809,1.3974419706300312,3.5291331122690712,4.291265210665427,65.10067114093944,34.89932885906056,False,50.89,False,True,False,False,True,False
751,002232,启明信息,I 信息技术,腾讯前复权日K回退（成交额、换手率已提供）,False,2026-08-03,14.56,14.054000000000002,13.851499999999998,True,True,True,True,15.1,-3.5761589403973457,False,56.22177760092592,-0.17499687283930498,-0.3311051088065491,0.3122164719344882,True,False,False,False,2026-07-27,5.0,21.3249992853525,16.28096085840288,31.413076139251736,False,False,2026-07-28,4.0,True,49296.0,42475.4,1.1605776520056315,False,71113800.0,1.21,58.77173553719008,2.390998593530247,2.8129395218002835,5.114969497888334,9.999999999999778,90.00000000000023,True,18.64,False,False,False,False,True,False
752,002233,塔牌集团,C 制造业,腾讯前复权日K回退（成交额、换手率已提供）,False,2026-08-03,7.62,7.56,7.434,True,True,True,True,7.88,-3.2994923857867993,False,53.80068247972004,-0.01159746486127844,-0.06724191863178482,0.11128890754101275,True,False,False,False,2026-07-28,4.0,26.12152069235542,22.669340255661883,33.0258815657425,False,False,,,False,130354.0,141551.2,0.9208964671440439,False,99078700.00000001,1.11,89.2600900900901,1.6000000000000014,3.066666666666672,2.5020177562550434,30.43478260869572,69.56521739130427,False,8.96,False,False,False,False,False,False
753,002234,民和股份,A 农林牧渔,腾讯前复权日K回退（成交额、换手率已提供）,False,2026-08-03,7.19,6.970000000000001,7.029999999999999,True,True,False,True,7.44,-3.3602150537634405,False,55.15824642781832,-0.03699960334381114,-0.061112884800168604,0.04822656291271493,True,False,False,False,2026-07-31,1.0,25.14593494375517,21.789469466352553,31.858865898560403,False,False,,,False,43264.0,39897.4,1.084381438389469,False,31030100.000000004,1.44,21.54868055555556,2.130681818181812,2.982954545454545,2.2759601706970276,23.80952380952373,76.19047619047628,True,8.97,False,False,False,False,False,False
754,002235,安妮股份,C 制造业,腾讯前复权日K回退（成交额、换手率已提供）,False,2026-08-03,8.05,7.712000000000001,8.127,True,False,False,True,9.75,-17.43589743589743,False,48.70303432722998,-0.3754085647716803,-0.4294907375809359,0.10816434561851129,True,False,False,False,2026-07-31,1.0,19.72878596623789,15.905317799616592,27.375722299480483,False,False,2026-07-28,4.0,True,415146.0,374745.0,1.1078093103310251,False,332872900.0,7.5,44.38305333333333,0.24906600249068322,8.841843088418443,-0.9474590869939702,25.352112676056265,39.43661971830997,False,12.68,False,False,False,False,False,True
755,002236,大华股份,C 制造业,腾讯前复权日K回退（成交额、换手率已提供）,False,2026-08-03,16.8,16.494,16.598,True,True,False,True,17.84,-5.829596412556049,False,53.18833886110461,-0.018147908370533372,-0.04151362022421839,0.04673142370737003,True,False,False,False,2026-07-31,1.0,25.25725828056092,22.933799213653455,29.904176414375847,False,False,,,False,636481.0,520207.2,1.22351439964691,False,1073284400.0,2.66,403.4903759398496,0.4784688995215447,2.4521531100478478,1.217014098084117,73.17073170731722,26.82926829268278,False,18.3,False,False,False,False,True,False
756,002237,恒邦股份,C 制造业,腾讯前复权日K回退（成交额、换手率已提供）,False,2026-08-03,13.3,13.164000000000001,12.841999999999999,True,True,True,True,14.24,-6.601123595505615,False,51.620282471965915,-0.09670926886018094,-0.21179429060859833,0.2301700434968348,True,False,False,False,2026-07-22,8.0,18.013354936225095,15.874864741868612,22.29033532493806,False,False,2026-07-21,9.0,True,166008.0,206953.6,0.802150820280488,False,220090300.0,1.39,158.338345323741,-0.820283370618935,2.3117076808352013,3.5664226755957174,19.354838709677548,74.1935483870968,True,17.37,False,True,False,False,False,False
757,002238,天威视讯,I 信息技术,腾讯前复权日K回退（成交额、换手率已提供）,False,2026-08-03,6.13,5.96,5.656499999999999,True,True,True,True,6.08,0.8223684210526285,True,61.405721717491645,0.030809348901529532,-0.05880405227892528,0.17922680236090963,True,False,False,False,,,28.796772942337086,22.67848639960071,41.033346027809834,False,False,2026-07-27,5.0,True,45952.0,56266.4,0.816686335006327,False,28068200.0,0.57,49.24245614035089,1.6583747927031434,2.3217247097844207,8.37090073366924,14.285714285714556,85.71428571428544,True,7.64,False,False,False,False,True,False
758,002239,奥特佳,C 制造业,腾讯前复权日K回退（成交额、换手率已提供）,False,2026-08-03,2.61,2.554,2.4645,True,True,True,True,2.6,0.3846153846153764,True,61.59009093376788,0.015011802387125517,-0.007917957098013892,0.04585951897027882,True,False,False,False,2026-07-14,14.0,28.166771377992532,22.69165808498228,39.11699796401304,False,False,2026-07-23,7.0,True,478617.0,547506.4,0.8741760826905401,False,124394900.0,1.47,84.62238095238095,1.953125,2.734375000000011,5.903834449178322,14.285714285714556,85.71428571428544,True,2.92,False,True,True,False,True,False
759,002240,盛新锂能,C 制造业,腾讯前复权日K回退（成交额、换手率已提供）,False,2026-08-03,28.71,28.464,30.8495,True,False,False,False,44.41,-35.3523981085341,False,36.79431378503083,-3.6274468564612548,-4.029263600202819,0.803633487483129,True,False,False,False,2026-07-29,3.0,10.005821173274315,9.701851241846454,10.61376103613004,False,False,2026-07-22,8.0,True,356036.0,489934.2,0.7267016672851171,False,1011859600.0000001,3.9,259.4511794871795,2.134471718249742,5.834222696549273,-6.935282581565335,13.41463414634139,86.58536585365862,True,61.91,False,True,False,False,False,False
760,002241,歌尔股份,C 制造业,腾讯前复权日K回退（成交额、换手率已提供）,False,2026-08-03,23.24,23.188,22.511999999999997,True,True,True,True,23.98,-3.085904920767314,False,53.1135817088937,0.05825130070120821,-0.08902487241662656,0.2945523462356695,True,False,False,False,2026-07-13,15.0,33.27534259476955,32.001584380507566,35.82285902329352,False,False,,,False,532817.0,944214.8,0.5642963867967331,False,1230067600.0,1.69,727.850650887574,0.6060606060605878,3.4199134199134313,3.233830845771152,22.784810126582613,77.21518987341739,True,28.98,False,True,True,False,True,False
761,002242,九阳股份,C 制造业,腾讯前复权日K回退（成交额、换手率已提供）,False,2026-08-03,9.23,9.138000000000002,8.46,True,True,True,True,9.3,-0.7526881720430137,False,64.09326503022112,0.1789719466528954,0.04569539254074121,0.2665531082243084,True,False,False,False,,,29.348258247756473,25.361688485446738,37.32139777237594,False,False,,,False,97128.0,158184.4,0.6140175643110193,False,89308400.0,1.28,69.7721875,1.8763796909492259,2.207505518763789,9.101654846335691,14.999999999999734,85.00000000000027,True,11.33,False,False,False,False,False,False
762,002243,力合科创,C 制造业,腾讯前复权日K回退（成交额、换手率已提供）,False,2026-08-03,7.47,7.034000000000001,6.755,True,True,True,True,7.45,0.26845637583892046,True,60.61883123697609,-0.025618843470518904,-0.1434084199984013,0.23557915305576477,True,False,False,False,,,25.320369934450152,18.89717030442515,38.166769194500155,False,False,2026-07-28,4.0,True,336685.0,160560.0,2.096941953163926,True,247660000.0,2.8,88.45,5.063291139240489,7.313642756680724,10.584752035529235,23.076923076923116,76.92307692307688,True,9.58,False,False,False,False,True,False
763,002244,滨江集团,K 房地产,腾讯前复权日K回退（成交额、换手率已提供）,False,2026-08-03,9.02,9.224,8.569999999999999,False,True,True,True,9.73,-7.297019527235363,False,54.72727776149799,0.19321106764762064,0.08291868477681047,0.22058476574162034,True,False,False,False,,,40.2138373333645,38.369685098652134,43.902141802789245,False,False,,,False,264458.0,370172.0,0.7144192429465221,False,239142900.0,0.96,249.1071875,-2.8017241379310276,2.8017241379310516,5.250875145857656,34.61538461538504,26.92307692307687,False,11.97,False,True,False,False,True,False
764,002245,蔚蓝锂芯,C 制造业,腾讯前复权日K回退（成交额、换手率已提供）,False,2026-08-03,15.78,15.778,17.746000000000002,True,False,False,False,22.52,-29.928952042628776,False,40.57684790710336,-1.0671133723013924,-0.8699589648209056,-0.3943088149609735,False,True,False,False,,,40.207935312754984,42.80589330838135,35.01201932150225,False,False,,,False,559249.0,808056.0,0.6920918847208609,False,881187899.9999999,3.48,253.21491379310342,-0.6297229219143663,2.959697732997485,-11.078552913332597,17.021276595744673,57.44680851063813,False,23.21,False,False,False,False,True,False
765,002246,北化股份,C 制造业,腾讯前复权日K回退（成交额、换手率已提供）,False,2026-08-03,20.43,19.936,18.654500000000002,True,True,True,True,20.39,0.19617459538989282,True,59.70980683821627,0.1619942217171193,-0.1641568992891885,0.6523022420126157,True,False,False,False,2026-07-13,15.0,26.866074823595397,23.441515766019688,33.71519293874682,False,False,2026-07-22,8.0,True,176771.0,194321.0,0.9096855203503481,False,353199300.0,3.22,109.68922360248447,3.6004056795131856,6.490872210953352,9.517810715913036,12.5,87.5,True,27.15,False,False,False,True,False,False
766,002247,聚力文化,C 制造业,腾讯前复权日K回退（成交额、换手率已提供）,False,2026-08-03,2.22,2.126,2.0970000000000004,True,True,True,True,2.28,-2.6315789473684044,False,55.16329043867367,-0.039701334988087034,-0.0683342784027462,0.057265886829318324,True,False,False,False,2026-07-27,5.0,21.649210047765294,16.49613292013319,31.955364303029505,False,False,,,False,193168.0,246861.2,0.7824963987860384,False,42265500.0,3.0,14.0885,3.738317757009346,4.205607476635507,5.865522174535038,11.11111111111089,88.88888888888911,True,2.96,False,False,False,False,False,False
767,002248,华东数控,C 制造业,腾讯前复权日K回退（成交额、换手率已提供）,False,2026-08-03,8.84,8.5,8.331500000000002,True,True,True,True,9.68,-8.677685950413222,False,53.206973717507566,-0.24170744659175014,-0.39853373827325783,0.3136525833630154,True,False,False,False,2026-07-24,6.0,17.110943215946943,13.255237612959315,24.822354421922196,False,False,2026-07-21,9.0,True,93845.0,89994.6,1.0427847893095807,False,82325500.0,3.05,26.99196721311476,1.0285714285714231,2.057142857142854,6.103342735401762,16.666666666666337,83.33333333333366,True,13.83,False,False,False,False,False,False
768,002249,大洋电机,C 制造业,腾讯前复权日K回退（成交额、换手率已提供）,False,2026-08-03,7.62,7.302,7.111,True,True,True,True,8.78,-13.211845102505688,False,55.456224921289746,-0.14228597955423794,-0.2641003278300853,0.24362869655169472,True,False,False,False,2026-07-27,5.0,23.64379564168347,18.14817732621862,34.63503227261318,False,False,2026-07-21,9.0,True,473340.0,432325.6,1.0948692374451108,False,357748900.0,2.54,140.84602362204723,2.972972972972965,3.378378378378378,7.157924342567858,12.0000000000001,87.9999999999999,True,10.05,False,False,False,False,True,False
769,002250,联化科技,C 制造业,腾讯前复权日K回退（成交额、换手率已提供）,False,2026-08-03,15.08,15.362,15.375,False,False,False,False,17.17,-12.17239370995924,False,48.82331845609834,0.21029176112868875,0.3238377405329167,-0.2270919588084559,False,True,False,False,,,56.01910282206581,60.13319322695452,47.790922012288405,False,False,,,False,108218.0,183140.2,0.5909024889128657,False,163967400.00000003,1.21,135.51024793388433,0.0,3.4482758620689626,-1.9186991869918693,67.30769230769229,32.6923076923077,False,17.17,False,True,False,False,True,False
770,002251,步步高,F 批发零售,腾讯前复权日K回退（成交额、换手率已提供）,False,2026-08-03,3.75,3.686,3.5155000000000003,True,True,True,True,3.85,-2.5974025974025996,False,55.32393553534125,-0.012952535291021139,-0.0664678813843357,0.10703069218662911,True,False,False,False,2026-07-14,14.0,20.710308669790457,17.43005690674745,27.270812195876474,False,False,2026-07-27,5.0,True,683125.0,1186887.8,0.5755598802178268,False,255045600.0,3.07,83.07674267100978,1.0781671159029615,2.695417789757415,6.670459394111782,20.0,80.0,True,5.2,False,False,False,False,False,False
771,002252,上海莱士,C 制造业,腾讯前复权日K回退（成交额、换手率已提供）,False,2026-08-03,5.25,5.17,4.9665,True,True,True,True,5.34,-1.6853932584269637,False,61.89762016418364,0.10972317183152835,0.07982360336817115,0.0597991369267144,True,False,False,False,,,55.51953282593724,50.58243429981076,65.39372987819021,False,False,,,False,446418.0,530086.2,0.8421611428480879,False,233848700.0,0.68,343.89514705882345,1.3513513513513598,2.5096525096525077,5.708245243128966,23.076923076923286,76.92307692307672,True,5.71,False,False,False,False,False,False
772,002253,川大智胜,I 信息技术,腾讯前复权日K回退（成交额、换手率已提供）,False,2026-08-03,9.52,9.094,9.1035,True,True,False,True,10.36,-8.108108108108107,False,51.55742919785543,-0.32499311021001276,-0.4533226213467973,0.25665902227356907,True,False,False,False,2026-07-29,3.0,26.681526270690735,20.85276856051787,38.33904169103646,False,False,2026-07-21,9.0,True,44522.0,52310.8,0.8511053166841264,False,42181300.0,2.12,19.896839622641508,2.4757804090419944,2.4757804090419855,4.575163398692802,17.391304347826456,82.60869565217355,True,12.38,False,False,False,False,True,False
773,002254,泰和新材,C 制造业,腾讯前复权日K回退（成交额、换手率已提供）,False,2026-08-03,11.62,11.425999999999998,12.305499999999999,True,False,False,False,16.99,-31.60682754561507,False,38.682994364604255,-1.1246888166244453,-1.1697950484406525,0.09021246363241442,True,False,True,False,,,13.40945728777571,13.65867309292364,12.911025677479852,False,False,,,False,192051.0,264240.0,0.7268051771117167,False,221709900.00000003,2.26,98.10172566371683,1.9298245614034926,2.8947368421052637,-5.570679777335333,9.090909090909435,90.90909090909057,True,21.5,False,False,False,False,False,False
774,002255,海陆重工,C 制造业,腾讯前复权日K回退（成交额、换手率已提供）,False,2026-08-03,8.74,8.342,8.165,True,True,True,True,9.67,-9.617373319544981,False,54.88939640324113,-0.2141400223344565,-0.34200579982676704,0.2557315549846211,True,False,False,False,2026-07-27,5.0,21.80979663013811,15.998012606920687,33.43336467657295,False,False,2026-07-23,7.0,True,429754.0,166325.8,2.5838084049498034,True,373908700.0,6.74,55.476068249258155,5.301204819277094,5.662650602409646,7.042253521126775,34.04255319148935,65.95744680851065,False,11.53,False,True,False,False,True,False
775,002256,兆新股份,D 水电煤气,腾讯前复权日K回退（成交额、换手率已提供）,False,2026-08-03,3.38,3.29,3.2755,True,True,True,True,3.73,-9.383378016085793,False,47.78064339706961,-0.12956159567768832,-0.17753116908206562,0.0959391468087546,True,False,False,False,2026-07-22,8.0,13.923120479517975,12.330791291196633,17.107778856160657,False,False,2026-07-21,9.0,True,512535.0,586566.8,0.8737879470846287,False,171736800.0,2.54,67.61291338582677,3.0487804878048808,3.048780487804881,3.1903526179209227,0.0,100.0,True,5.75,False,False,False,False,False,False
776,002258,利尔化学,C 制造业,腾讯前复权日K回退（成交额、换手率已提供）,False,2026-08-03,14.69,15.106,13.947,False,True,True,True,16.54,-11.185006045949212,False,54.96060995514071,0.51350742337433,0.3284003718826758,0.37021410298330837,True,False,False,False,2026-07-23,7.0,75.32039338804064,70.84503451462854,84.27111113486484,False,False,,,False,476603.0,405674.8,1.1748400442916347,False,709773600.0,5.96,119.08953020134227,-7.61006289308177,4.402515723270436,5.327310532731056,14.28571428571425,2.857142857142799,False,16.54,False,True,False,True,False,False
777,002259,升达林业,D 水电煤气,腾讯前复权日K回退（成交额、换手率已提供）,False,2026-08-03,3.85,3.6659999999999995,3.5839999999999996,True,True,True,True,4.0,-3.749999999999998,False,53.893317707594306,-0.11462961690993101,-0.1873237591845594,0.14538828454925679,True,False,False,False,2026-07-14,14.0,17.536962466019705,14.030313342961113,24.550260712136893,False,False,2026-07-21,9.0,True,176786.0,181971.2,0.9715053810712904,False,67152800.0,2.35,28.575659574468084,2.6666666666666616,5.86666666666666,7.421875000000014,13.636363636363564,86.36363636363645,True,6.12,False,False,False,False,False,False
778,002261,拓维信息,I 信息技术,腾讯前复权日K回退（成交额、换手率已提供）,False,2026-08-03,26.21,25.919999999999998,28.447000000000003,True,False,False,False,33.88,-22.638724911452186,False,42.44280640195491,-1.1150466734360762,-0.857941209249028,-0.5142109283740965,False,True,False,False,,,7.679347708213786,7.528798078851726,7.980446966937906,True,False,2026-08-03,0.0,True,451681.0,562841.6,0.802501094446466,False,1186888100.0,3.94,301.2406345177665,1.0798303123794817,2.969533359043591,-7.863746616514929,59.7402597402596,40.25974025974039,False,36.94,False,False,False,False,True,False
779,002262,恩华药业,C 制造业,腾讯前复权日K回退（成交额、换手率已提供）,False,2026-08-03,22.23,21.938,21.027,True,True,True,True,22.46,-1.0240427426536083,False,63.98380487830401,0.5894801686768218,0.4874612037209485,0.20403792991174674,True,False,False,False,,,80.07601499568136,74.85692037611338,90.51420423481733,False,False,,,False,108254.0,136079.2,0.7955220195298032,False,240992000.0,1.22,197.5344262295082,0.588235294117645,1.9004524886877903,5.721215579968609,45.23809523809536,54.761904761904646,False,22.46,True,False,False,False,True,False
780,002263,大东南,C 制造业,腾讯前复权日K回退（成交额、换手率已提供）,False,2026-08-03,3.01,2.916,2.839,True,True,True,True,3.26,-7.668711656441718,False,48.21870076519903,-0.1453135645448258,-0.20964285852455145,0.1286585879594513,True,False,False,False,2026-07-23,7.0,12.80232312295523,10.64236535112634,17.122238666613008,False,False,2026-07-22,8.0,True,605357.0,488369.0,1.239548374282561,False,179480700.0,3.22,55.73934782608695,3.4364261168384758,4.123711340206174,6.023247622402248,0.0,100.0,True,4.45,False,False,False,False,True,False
781,002264,新 华 都,I 信息技术,腾讯前复权日K回退（成交额、换手率已提供）,False,2026-08-03,6.57,6.3759999999999994,6.0825,True,True,True,True,6.58,-0.15197568389057428,False,61.744984172222956,0.05748130552598507,-0.026736613008688726,0.1684358370693476,True,False,False,False,,,28.71645146099395,24.005065836416716,38.139222710148424,False,False,,,False,224071.0,206409.6,1.0855648186906035,False,146116200.0,3.44,42.475639534883726,0.4587155963302836,2.4464831804281366,8.014796547472269,12.499999999999723,87.50000000000028,True,8.65,False,False,False,True,False,False
782,002265,建设工业,C 制造业,腾讯前复权日K回退（成交额、换手率已提供）,False,2026-08-03,19.13,18.740000000000002,17.5095,True,True,True,False,20.72,-7.673745173745174,False,57.01478026406911,0.16253659433735734,-0.18806436847407715,0.701201925622869,True,False,False,False,2026-07-20,10.0,26.18606890702321,22.883646525070773,32.79091367092808,False,False,2026-07-23,7.0,True,189752.0,305255.4,0.6216171769606696,False,360589800.00000006,1.84,195.9727173913044,-1.4425553838227745,4.276146316331797,9.25497587024187,22.891566265060344,77.10843373493965,True,26.22,False,True,True,False,True,False
783,002266,浙富控股,N 公共环保,腾讯前复权日K回退（成交额、换手率已提供）,False,2026-08-03,4.75,4.6,4.8004999999999995,True,False,False,True,5.82,-18.384879725085916,False,49.248169425072504,-0.11730724904428058,-0.12017484872361323,0.005735199358665288,True,False,True,False,,,34.75577133166479,32.50448352035702,39.25834695428033,False,False,,,False,1190108.0,813006.4,1.4638359550429123,False,563359000.0,2.46,229.0077235772358,3.0368763557483636,3.2537960954446734,-1.0519737527340807,33.33333333333333,66.66666666666666,False,5.82,False,True,False,False,False,False
784,002267,陕天然气,D 水电煤气,腾讯前复权日K回退（成交额、换手率已提供）,False,2026-08-03,7.48,7.348000000000001,7.161500000000001,True,True,True,True,7.42,0.8086253369272304,True,67.69856222099645,0.11064411954418052,0.07570677475549038,0.06987468957738027,True,False,False,False,,,59.78681195969481,54.57350410279697,70.2134276734905,False,False,,,False,83454.0,61681.2,1.3529892414544464,False,62317700.00000001,0.75,83.09026666666668,1.3550135501354976,1.8970189701896976,4.4473923060811185,14.285714285714013,85.71428571428599,True,7.85,False,False,False,False,True,False
785,002268,电科网安,I 信息技术,腾讯前复权日K回退（成交额、换手率已提供）,False,2026-08-03,14.7,14.324000000000002,14.401500000000002,True,True,False,True,15.9,-7.547169811320761,False,55.7116166524537,0.09159575116062868,0.058542875422813445,0.06610575147563047,True,False,False,False,2026-07-31,1.0,39.753263973208064,34.08075213611106,51.098287647402074,False,False,,,False,101850.0,133395.4,0.7635195816347491,False,149768000.0,1.2,124.80666666666669,0.8922443376801592,1.7158544955387784,2.0727007603374443,56.00000000000023,43.99999999999977,False,16.55,False,False,False,False,True,False
786,002269,美邦服饰,C 制造业,腾讯前复权日K回退（成交额、换手率已提供）,False,2026-08-03,1.42,1.3860000000000001,1.3545,True,True,True,True,1.43,-0.6993006993007,False,56.92737133672869,-0.005504642454652986,-0.019370176140664445,0.027731067372022918,True,False,False,False,,,20.95326066632786,17.113693031263008,28.632395936457563,False,False,2026-07-28,4.0,True,414036.0,524368.8,0.78958931194991,False,58331100.0,1.77,32.95542372881356,1.4285714285714235,2.142857142857145,4.835732742709479,0.0,100.0,True,1.7,False,False,False,False,True,False
787,002270,华明装备,C 制造业,腾讯前复权日K回退（成交额、换手率已提供）,False,2026-08-03,20.77,20.238,18.619999999999997,True,True,True,True,20.97,-0.953743443013826,False,60.99830754216859,0.1396035333442356,-0.3077478118194989,0.894702690327469,True,False,False,False,2026-07-20,10.0,24.916059237185113,19.43883983439035,35.87049804277464,False,False,,,False,254418.0,342970.2,0.7418078888486521,False,526281100.0,2.84,185.31024647887324,1.6642192853646653,4.894762604013706,11.546723952739004,33.000000000000185,66.99999999999982,False,26.48,False,False,False,False,False,False
788,002271,东方雨虹,C 制造业,腾讯前复权日K回退（成交额、换手率已提供）,False,2026-08-03,12.02,11.828,11.3055,True,True,True,True,12.55,-4.223107569721125,False,54.82866260579861,-0.08605280834725981,-0.2637823038774731,0.35545899106042655,True,False,False,False,2026-07-21,9.0,19.441816112412877,16.456365923523105,25.412716490192416,False,False,2026-07-21,9.0,True,342962.0,384248.4,0.8925528382161122,False,411560300.0,1.79,229.92195530726258,1.1784511784511675,2.777777777777778,6.319932776082431,36.36363636363666,63.63636363636335,False,17.25,False,False,False,False,True,False
789,002272,川润股份,C 制造业,腾讯前复权日K回退（成交额、换手率已提供）,False,2026-08-03,13.23,13.424000000000001,17.5905,False,False,False,False,24.84,-46.7391304347826,False,27.82625557866028,-2.247250550714851,-1.7727853549159531,-0.9489303915977954,False,True,False,False,,,5.321694363526775,7.646500130422285,0.6720828297357553,False,False,,,False,246712.0,325131.8,0.7588061210868946,False,327705400.0,6.04,54.25586092715232,0.3793626707132125,3.566009104704102,-24.78894858019953,63.82978723404261,31.914893617021306,False,25.99,False,True,False,False,True,False
790,002273,水晶光电,C 制造业,腾讯前复权日K回退（成交额、换手率已提供）,False,2026-08-03,24.71,25.428,28.256000000000007,False,False,False,False,38.09,-35.12733000787608,False,35.226505017333,-2.37697368586732,-2.223221897856785,-0.3075035760210696,False,True,False,False,,,16.819200845970112,19.98523585118249,10.48713083554535,False,False,,,False,499109.0,540028.4,0.9242273184151055,False,1243065700.0,3.66,339.6354371584699,-2.293396599446418,4.191379992091745,-12.549546998867516,26.41509433962269,12.26415094339644,False,44.1,False,False,False,False,False,False
791,002274,华昌化工,C 制造业,腾讯前复权日K回退（成交额、换手率已提供）,False,2026-08-03,5.61,5.529999999999999,5.4135,True,True,True,True,5.9,-4.915254237288136,False,58.35840102128156,0.07372351276695976,0.04587480164020405,0.05569742225351143,True,False,False,False,,,39.02230041940077,35.64672420751372,45.773452843174866,False,False,,,False,147296.0,179825.4,0.819105643585389,False,82097200.0,1.57,52.291210191082804,1.630434782608714,2.3550724637681144,3.629814353006379,0.0,100.0,True,6.42,False,True,False,False,True,False
792,002275,桂林三金,C 制造业,腾讯前复权日K回退（成交额、换手率已提供）,False,2026-08-03,13.4,13.262,13.276499999999999,True,True,False,True,13.9,-3.597122302158273,False,55.213464291670824,0.07256231422733173,0.07598161858236566,-0.006838608710067862,False,True,False,False,,,54.14337947683125,52.16117979970104,58.107778831091665,False,False,,,False,16836.0,20386.8,0.8258284772499853,False,22517300.0,0.3,75.05766666666668,0.8276899924755554,1.6553799849510826,0.9302150416148964,18.18181818181789,81.81818181818211,True,14.42,False,False,False,False,True,False
793,002276,万马股份,C 制造业,腾讯前复权日K回退（成交额、换手率已提供）,False,2026-08-03,10.72,10.202,9.7175,True,True,True,True,10.82,-0.9242144177449136,False,59.94838060253068,-0.08487041082077518,-0.28632973747943397,0.4029186533173176,True,False,False,False,2026-07-16,12.0,20.614610623474974,15.036503719051103,31.770824432322716,False,False,2026-07-21,9.0,True,269392.0,252159.2,1.068340952858353,False,285788100.0,2.67,107.03674157303371,3.47490347490349,3.6679536679536757,10.316439413429395,5.263157894736719,94.73684210526329,True,13.93,False,False,False,False,False,False
794,002277,友阿股份,F 批发零售,腾讯前复权日K回退（成交额、换手率已提供）,False,2026-08-03,5.72,5.602,5.5775,True,True,True,True,6.4,-10.625000000000009,False,50.16243321685195,-0.13704461906637633,-0.19226759866157334,0.11044595919039402,True,False,False,False,2026-07-29,3.0,26.352289804434815,22.21111233750442,34.6346447382956,False,False,,,False,151507.0,248831.2,0.6088746105793806,False,86333300.0,1.09,79.20486238532109,1.2389380530973382,2.4778761061947003,2.5549081129538336,42.85714285714304,57.14285714285696,False,7.56,False,True,False,False,True,False
795,002278,神开股份,C 制造业,腾讯前复权日K回退（成交额、换手率已提供）,False,2026-08-03,8.01,7.712000000000001,7.503,True,True,True,True,8.02,-0.12468827930174299,False,56.278622923888626,-0.10377203882268837,-0.2159934665852905,0.22444285552520427,True,False,False,False,,,14.841247939442118,11.88687774877561,20.74998832077513,False,False,2026-07-21,9.0,True,115941.0,108816.4,1.0654735867020044,False,91754400.0,3.23,28.406934984520124,3.6222509702457772,3.880983182406207,6.757297081167528,0.0,100.0,True,11.14,False,False,False,False,False,False
796,002279,久其软件,I 信息技术,腾讯前复权日K回退（成交额、换手率已提供）,False,2026-08-03,6.9,6.748,6.0175,True,True,True,True,7.11,-2.953586497890295,False,66.3462526669824,0.1413324402164715,-0.027630480909254032,0.33792584225145106,True,False,False,False,2026-07-10,16.0,40.94827031222499,31.908067253249424,59.02867643017613,False,False,,,False,652451.0,800187.2,0.8153729527290614,False,447945700.0,8.2,54.62752439024391,0.0,3.913043478260863,14.66555878687163,29.6296296296297,62.96296296296303,False,8.47,False,True,False,False,True,False
797,002281,光迅科技,C 制造业,腾讯前复权日K回退（成交额、换手率已提供）,False,2026-08-03,156.65,162.692,195.364,False,False,False,False,258.66,-39.43787211010593,False,36.14472812378923,-16.368277292139396,-11.894721864552515,-8.947110855173761,False,True,False,False,,,42.69685612727716,47.353687344991805,33.383193691847865,False,False,,,False,308555.0,406255.4,0.7595099043606558,False,4889672400.0,3.92,1247.3654081632653,-3.093102381688839,6.5326322301268185,-19.81634282672345,58.143939393939526,25.09469696969702,False,279.0,False,False,False,False,False,False
798,002282,博深股份,C 制造业,腾讯前复权日K回退（成交额、换手率已提供）,False,2026-08-03,5.9,5.756,5.696,True,True,True,True,5.98,-1.3377926421404693,False,56.005073060037695,-0.04222894462344495,-0.08311527805091498,0.08177266685494006,True,False,False,False,2026-07-14,14.0,19.99746342742725,14.705408685527336,30.581572911227074,False,False,2026-07-28,4.0,True,45638.0,34919.8,1.3069376113265252,False,26787300.0,0.9,29.763666666666666,2.076124567474058,2.5951557093425666,3.5814606741573143,6.666666666666508,93.33333333333348,True,6.83,False,True,False,False,True,False
799,002283,天润工业,C 制造业,腾讯前复权日K回退（成交额、换手率已提供）,False,2026-08-03,8.65,8.214,8.3545,True,True,False,True,10.74,-19.45996275605214,False,49.7078325092041,-0.4029508579847594,-0.5344420751916408,0.2629824344137628,True,False,False,False,2026-07-28,4.0,23.98899532803299,20.3912167451421,31.18455249381477,False,False,2026-07-23,7.0,True,335283.0,306912.4,1.0924387545110592,False,290209100.0,3.34,86.88895209580839,3.0989272943980906,6.436233611442183,3.5370159794122995,37.03703703703696,62.96296296296303,False,13.24,False,False,False,False,False,False
800,002284,亚太股份,C 制造业,腾讯前复权日K回退（成交额、换手率已提供）,False,2026-08-03,9.7,9.4,9.1695,True,True,True,True,10.49,-7.530981887511924,False,53.46315316951149,-0.2130564995319535,-0.3707034338922002,0.31529386872049336,True,False,False,False,2026-07-23,7.0,15.309225278751361,11.510067941573956,22.90753995310617,False,False,2026-07-27,5.0,True,189253.0,165408.4,1.1441559195300843,False,182219600.0,2.58,70.6277519379845,3.301384451544176,3.727369542066024,5.785484486613228,14.285714285714505,85.7142857142855,True,13.74,False,False,False,False,True,False
801,002285,世联行,K 房地产,腾讯前复权日K回退（成交额、换手率已提供）,False,2026-08-03,2.15,2.088,2.0349999999999997,True,True,True,True,2.19,-1.8264840182648419,False,53.17293333726412,-0.04187032356463494,-0.07536769509632135,0.06699474306337283,True,False,False,False,,,12.35801166409791,9.607864637819953,17.858305716653827,False,False,2026-07-27,5.0,True,310244.0,377668.2,0.8214723929629235,False,66031000.0,1.57,42.05796178343949,2.3809523809523725,3.3333333333333464,5.651105651105662,14.285714285714556,85.71428571428544,True,3.37,False,False,False,False,False,False
802,002286,保龄宝,C 制造业,腾讯前复权日K回退（成交额、换手率已提供）,False,2026-08-03,8.01,7.882,7.801,True,True,True,True,8.66,-7.505773672055431,False,50.25699184008169,-0.17999014037322691,-0.2656398308366016,0.17129938092674935,True,False,False,False,2026-07-29,3.0,21.32437330902016,16.191254668884852,31.590610589290776,False,False,2026-07-28,4.0,True,90521.0,120956.8,0.7483746263128654,False,72517700.0,2.45,29.599061224489795,1.0088272383354413,2.1437578814627987,2.6791436995256968,52.94117647058817,47.058823529411825,False,10.43,False,False,False,False,True,False
803,002287,奇正藏药,C 制造业,腾讯前复权日K回退（成交额、换手率已提供）,False,2026-08-03,21.08,20.78,20.714499999999997,True,True,True,True,22.13,-4.744690465431544,False,55.98039889850363,0.14272596853815145,0.12073197739908945,0.043987982278124005,True,False,False,False,2026-07-31,1.0,48.111288345512115,44.2368264655778,55.86021210538074,False,False,,,False,16466.0,22667.0,0.7264304936692108,False,34653700.0,0.29,119.49551724137932,0.4766444232602307,1.6682554814108574,1.7644645055396022,20.000000000000203,79.99999999999979,True,22.77,False,False,False,True,False,False
804,002289,宇顺电子,C 制造业,腾讯前复权日K回退（成交额、换手率已提供）,False,2026-08-03,28.47,30.088,36.759499999999996,False,False,False,False,50.98,-44.15457041977246,False,28.603988034619007,-3.483166141571864,-2.5877886602019595,-1.7907549627398094,False,True,False,False,,,19.148432033857652,25.722190823557167,6.0009144544586235,False,False,,,False,51275.0,48754.0,1.0517085777577224,False,148235900.0,1.87,79.27053475935828,-1.8275862068965587,4.034482758620696,-22.550633169656816,4.273504273504328,13.675213675213667,False,51.0,False,False,False,False,True,False
805,002290,禾盛新材,C 制造业,腾讯前复权日K回退（成交额、换手率已提供）,False,2026-08-03,50.04,51.326,64.22800000000001,False,False,False,False,91.58,-45.359248744267305,False,29.679769180528524,-8.603423218138133,-7.649208419217944,-1.908429597840378,False,True,False,False,,,5.152976789712218,8.398081971438918,-1.337233573741182,False,False,,,False,69807.0,97847.0,0.7134301511543533,False,349076800.0,2.82,123.78609929078014,-2.208325190541338,5.413328121946459,-22.090054181976722,16.967509025270697,41.155234657039685,False,108.7,False,False,False,False,False,False
806,002291,遥望科技,I 信息技术,腾讯前复权日K回退（成交额、换手率已提供）,False,2026-08-03,5.24,5.022,4.846,True,True,True,True,5.23,0.19120458891012976,True,58.953250552412854,-0.029759745685979944,-0.1063551796986626,0.1531908680253653,True,False,False,False,,,20.96986983227077,16.226908836311296,30.455791824189717,False,False,2026-07-28,4.0,True,324524.0,308133.2,1.0531938784915096,False,168851600.0,3.73,45.2685254691689,1.5503875968992276,2.713178294573637,8.1304168386298,7.1428571428570065,92.85714285714299,True,7.05,False,True,False,False,False,False
807,002292,奥飞娱乐,C 制造业,腾讯前复权日K回退（成交额、换手率已提供）,False,2026-08-03,8.36,8.120000000000001,7.708000000000001,True,True,True,True,8.35,0.11976047904191363,True,63.16736727646806,0.236600923157523,0.16066625939365786,0.1518693275277303,True,False,False,False,2026-07-28,4.0,86.04894239005266,74.84873072837628,108.4493657134054,False,False,,,False,655083.0,847270.4,0.7731687546266222,False,543678100.0,6.44,84.4220652173913,1.3333333333333197,2.9090909090909114,8.458744161909681,8.333333333333888,91.6666666666661,True,8.35,True,False,False,False,False,False
808,002293,罗莱生活,C 制造业,腾讯前复权日K回退（成交额、换手率已提供）,False,2026-08-03,10.92,11.206,11.043,False,False,True,False,11.85,-7.848101265822782,False,50.40451521567977,0.18718325729849106,0.2219958599540117,-0.06962520531104127,False,True,False,False,,,74.45392185252938,77.98416274561515,67.39344006635781,False,False,,,False,84093.0,79454.2,1.0583833202020787,False,91853900.0,1.01,90.94445544554455,-1.9748653500897717,3.7701974865350083,-1.1138277641945062,9.523809523809746,42.8571428571428,False,11.85,False,False,False,True,True,False
809,002294,信立泰,C 制造业,腾讯前复权日K回退（成交额、换手率已提供）,False,2026-08-03,33.2,33.117999999999995,35.44,True,False,False,False,44.0,-24.54545454545454,False,44.72658571766937,-0.6273575075069076,-0.2648847846055985,-0.7249454458026181,False,True,False,False,,,9.835731081224436,10.650828479951727,8.205536283769852,False,False,,,False,149099.0,202920.6,0.7347652234420754,False,495871300.0,1.34,370.05320895522385,-0.24038461538461453,1.9230769230769247,-6.320541760722334,57.812499999999545,29.68750000000073,False,50.06,False,False,False,False,True,False
810,002295,精艺股份,C 制造业,腾讯前复权日K回退（成交额、换手率已提供）,False,2026-08-03,8.34,8.05,8.0265,True,True,True,True,9.01,-7.436182019977802,False,50.32000766189354,-0.28001842826106405,-0.39399377737965413,0.22795069823718017,True,False,False,False,2026-07-27,5.0,18.625802943616733,15.20941544028121,25.45857795028778,False,False,,,False,35109.0,31749.0,1.1058301048851933,False,28946700.0,1.4,20.676214285714288,3.3457249070631967,4.5848822800495785,3.905811997757421,10.810810810811033,89.18918918918897,True,12.24,False,False,False,False,False,False
811,002296,辉煌科技,C 制造业,腾讯前复权日K回退（成交额、换手率已提供）,False,2026-08-03,9.0,8.864,8.751000000000001,True,True,True,True,9.28,-3.017241379310338,False,51.52987180707153,-0.12204626850994416,-0.200493699232824,0.1568948614457597,True,False,False,False,,,11.98306923613089,9.633801593713414,16.68160452096584,False,False,2026-07-28,4.0,True,117213.0,85047.2,1.3782111580393006,False,104304200.0,3.37,30.950801186943618,2.2727272727272707,2.7272727272727297,2.845389098388741,0.0,100.0,True,12.25,False,False,False,False,False,False
812,002297,博云新材,C 制造业,腾讯前复权日K回退（成交额、换手率已提供）,False,2026-08-03,15.75,15.812000000000001,19.1435,False,False,False,False,29.33,-46.300715990453455,False,31.804819589491444,-2.4943907376305106,-2.227363523946722,-0.5340544273675771,False,True,False,False,,,22.069617149067266,24.510384322575764,17.188082802050268,False,False,,,False,417921.0,402664.0,1.037890151590408,False,658253500.0,7.29,90.2954046639232,1.9417475728155331,4.660194174757274,-17.726643508240393,37.5,62.5,False,35.9,False,False,False,False,True,False
813,002298,中电鑫龙,C 制造业,腾讯前复权日K回退（成交额、换手率已提供）,False,2026-08-03,8.86,8.662,7.499,True,True,True,True,9.21,-3.80021715526603,False,63.83723696867557,0.22745901427455806,-0.051877095810564794,0.5586722201702456,True,False,False,False,2026-07-14,14.0,35.81633507558441,29.440563132216976,48.56787896231928,False,False,2026-07-21,9.0,True,978750.0,1198285.4,0.8167920597213318,False,863805700.0000001,14.81,58.32584064821068,-0.44943820224719877,8.764044943820219,18.14908654487265,41.02564102564109,58.97435897435891,False,12.01,False,False,False,False,True,False
814,002299,圣农发展,C 制造业,腾讯前复权日K回退（成交额、换手率已提供）,False,2026-08-03,16.95,16.522,16.118000000000002,True,True,True,True,16.87,0.4742145820983894,True,61.64614432828958,0.1139045467791,-0.009807064696817386,0.24742322295183478,True,False,False,False,,,40.79648189759795,34.85481280688142,52.67982007903102,False,False,,,False,133261.0,93024.2,1.4325412097067216,False,227304199.99999997,1.09,208.53596330275224,1.3755980861243966,4.126794258373214,5.16193076064026,47.82608695652192,52.17391304347808,False,19.1,False,False,False,False,False,False
815,002300,太阳电缆,C 制造业,腾讯前复权日K回退（成交额、换手率已提供）,False,2026-08-03,7.35,7.126,6.4784999999999995,True,True,True,False,7.8,-5.769230769230772,False,59.16025967167869,0.0266146471565607,-0.15568638297811663,0.36460206026935466,True,False,False,False,,,24.921454627655663,21.916796045179098,30.930771792608795,False,False,2026-07-21,9.0,True,624134.0,696523.6,0.8960701403369534,False,450296300.0,8.64,52.11762731481482,5.451936872309893,5.595408895265419,13.452188006482984,0.0,100.0,True,11.66,False,False,False,False,True,False
816,002301,齐心集团,C 制造业,腾讯前复权日K回退（成交额、换手率已提供）,False,2026-08-03,6.78,6.694,7.425,True,False,False,True,8.64,-21.52777777777778,False,40.36363619146958,-0.3032605472820764,-0.2113489188546975,-0.1838232568547578,False,True,False,False,,,14.70448219034993,17.97773020804546,8.15798615495887,False,False,,,False,143653.0,172015.6,0.8351161173754008,False,96480000.0,2.0,48.24,2.4169184290030232,3.1722054380664644,-8.686868686868682,4.761904761904661,95.23809523809534,True,8.7,False,False,False,False,True,False
817,002302,西部建设,C 制造业,腾讯前复权日K回退（成交额、换手率已提供）,False,2026-08-03,4.69,4.602,4.462999999999999,True,True,True,True,4.67,0.42826552462527756,True,58.07358025812733,-0.007731552034583089,-0.05736914223195288,0.09927518039473958,True,False,False,False,2026-07-06,20.0,19.057712500217747,15.145887584377979,26.881362331897282,False,False,2026-07-28,4.0,True,62932.0,68947.8,0.9127484850858185,False,29466100.0,0.5,58.9322,1.2958963282937441,1.9438444924406015,5.086264844275179,22.22222222222178,77.77777777777821,True,5.86,False,False,False,False,False,False
818,002303,美盈森,C 制造业,腾讯前复权日K回退（成交额、换手率已提供）,False,2026-08-03,4.46,4.470000000000001,4.4305,False,True,True,False,5.19,-14.065510597302511,False,53.81492888659999,0.1344692045764253,0.16525186273090153,-0.061565316308952456,False,True,False,False,,,67.808842028129,67.56513500971249,68.29625606496205,False,False,,,False,822052.0,1020110.0,0.805846428326357,False,366625300.0,8.5,43.132388235294115,-2.6200873362445476,6.1135371179039355,0.6658390700823752,53.57142857142865,32.14285714285706,False,5.19,False,False,False,False,False,False
819,002304,洋河股份,C 制造业,腾讯前复权日K回退（成交额、换手率已提供）,False,2026-08-03,42.63,41.715999999999994,39.907,True,True,True,True,43.05,-0.9756097560975485,False,62.80967389392024,0.5176166942984821,0.061232932460368254,0.9127675236762277,True,False,False,False,,,35.71872024125949,29.837229224344714,47.48170227508904,False,False,,,False,73082.0,100796.8,0.7250428585034445,False,313073200.0,0.49,638.9248979591837,-0.629370629370618,1.5384615384615306,6.823364322048779,65.15151515151545,9.090909090909483,False,47.12,False,False,False,False,False,False
820,002305,*ST南置,K 房地产,腾讯前复权日K回退（成交额、换手率已提供）,False,2026-08-03,2.01,1.95,1.9439999999999997,True,True,True,True,2.09,-3.827751196172252,False,53.92579825681629,-0.02422168015666526,-0.041670580698026254,0.03489780108272199,True,False,False,False,2026-07-06,20.0,31.054490405677566,27.45911766950557,38.24523587802155,False,False,,,False,169723.0,160958.2,1.0544538892706303,False,33681900.0,0.98,34.369285714285716,2.030456852791862,2.538071065989839,3.395061728395065,0.0,100.0,True,2.49,False,False,False,False,False,False
821,002306,ST云网,H 住宿餐饮,腾讯前复权日K回退（成交额、换手率已提供）,False,2026-08-03,1.8,1.716,1.775,True,True,False,True,2.11,-14.691943127962078,False,48.38927209621535,-0.0753369150770491,-0.08851227963649119,0.026350729118884197,True,False,False,False,2026-07-29,3.0,15.655567138392469,12.872973587935897,21.22075423930561,False,False,2026-07-23,7.0,True,107269.0,77521.8,1.3837269000461805,False,18815400.0,1.32,14.254090909090907,5.882352941176472,7.058823529411772,1.4084507042253596,8.333333333333332,91.66666666666666,True,2.39,False,False,False,False,False,False
822,002307,北新路桥,E 建筑业,腾讯前复权日K回退（成交额、换手率已提供）,False,2026-08-03,3.1,3.008,2.931,True,True,True,True,3.07,0.977198697068412,True,52.097334285989724,-0.08288489837453517,-0.13821958134763723,0.11066936594620413,True,False,False,False,2026-07-13,15.0,10.29594211942487,8.000441602924155,14.886943152426298,False,False,2026-07-27,5.0,True,231336.0,220853.6,1.047463115837822,False,71273600.0,1.42,50.19267605633804,2.310231023102327,2.970297029702966,5.765950187649268,11.11111111111089,88.88888888888911,True,4.47,False,True,False,False,False,False
823,002309,中利集团,C 制造业,腾讯前复权日K回退（成交额、换手率已提供）,False,2026-08-03,3.27,3.2619999999999996,2.8375,True,True,True,True,3.37,-2.9673590504451064,False,58.88473874684276,0.0661752363125685,-0.019527498984975016,0.17140547059508704,True,False,False,False,2026-07-14,14.0,27.576819753121942,24.764836979912076,33.20078529954168,False,False,,,False,2328872.0,2900509.4,0.8029182735970447,False,760880000.0,9.68,78.60330578512396,2.1874999999999867,5.624999999999991,15.242290748898682,61.111111111111136,38.888888888888864,False,5.34,False,False,False,False,True,False
824,002310,东方新能,D 水电煤气,腾讯前复权日K回退（成交额、换手率已提供）,False,2026-08-03,2.52,2.554,2.3229999999999995,False,True,True,True,2.78,-9.352517985611504,False,54.93627057070189,0.039814958054396055,0.0010212508437649976,0.07758741442126212,True,False,False,False,,,24.20648968269693,22.714606862539853,27.190255323011087,False,False,2026-07-27,5.0,True,1408910.0,3249311.8,0.43360258624610915,False,353582100.0,3.2,110.49440625,1.2048192771084265,3.6144578313252955,8.4804132587172,44.44444444444456,55.55555555555544,False,3.7,False,False,False,False,True,False
825,002311,海大集团,C 制造业,腾讯前复权日K回退（成交额、换手率已提供）,False,2026-08-03,49.02,48.791999999999994,47.44500000000001,True,True,True,True,50.13,-2.214242968282464,False,62.9435841347125,1.0855692127476502,1.0033764222529837,0.16438558098933287,True,False,False,False,,,65.03445103986097,57.890657737286254,79.32203764501038,False,False,,,False,87845.0,99182.8,0.885687841036954,False,435962200.0,0.53,822.5701886792453,-0.8896077638495758,2.6081682167407987,3.319633259563696,95.34883720930215,4.651162790697854,False,50.13,False,True,True,False,True,False
826,002312,川发龙蟒,C 制造业,腾讯前复权日K回退（成交额、换手率已提供）,False,2026-08-03,8.56,8.406,8.25,True,True,True,True,9.5,-9.894736842105258,False,51.08329647629921,-0.1528654970689356,-0.24084756416639824,0.1759641341949253,True,False,False,False,2026-07-27,5.0,13.50351716999703,10.35990335062967,19.79074480873175,False,False,2026-07-23,7.0,True,151814.0,198493.6,0.7648307048690739,False,129637600.0,0.81,160.0464197530864,0.9433962264151052,2.122641509433959,3.7575757575757636,22.22222222222178,77.77777777777821,True,11.0,False,False,False,False,False,False
827,002313,日海智能,C 制造业,腾讯前复权日K回退（成交额、换手率已提供）,False,2026-08-03,8.04,7.853999999999999,7.725,True,True,True,True,8.28,-2.898550724637684,False,53.67505146497953,-0.06983682209043618,-0.1465419191131448,0.15341019404541723,True,False,False,False,,,27.93022032696173,24.66588485576374,34.458891269357714,False,False,2026-07-27,5.0,True,66192.0,80620.0,0.8210369635326222,False,52802000.0,1.77,29.831638418079095,1.2594458438287104,2.1410579345088263,4.077669902912615,5.882352941177362,94.11764705882264,True,10.5,False,False,False,False,False,False
828,002314,南山控股,K 房地产,腾讯前复权日K回退（成交额、换手率已提供）,False,2026-08-03,2.15,2.0999999999999996,2.0385,True,True,True,True,2.13,0.9389671361502356,True,57.77456156407773,-0.007467463828979781,-0.031040166090982715,0.04714540452400587,True,False,False,False,2026-07-06,20.0,20.09550936332963,16.764726597654782,26.757074894679327,False,False,2026-07-28,4.0,True,178402.0,199456.0,0.8944428846462378,False,38022700.0,1.33,28.5884962406015,1.8957345971563955,2.3696682464454897,5.469708118714738,0.0,100.0,True,2.75,False,True,False,False,False,False
829,002315,焦点科技,I 信息技术,腾讯前复权日K回退（成交额、换手率已提供）,False,2026-08-03,27.17,26.064,24.441,True,True,True,True,27.5,-1.1999999999999937,False,64.59939193323751,0.3969834900074254,-0.027060380352285,0.8480877407194207,True,False,False,False,,,35.67009747503943,29.09766871792158,48.81495498927512,False,False,2026-07-27,5.0,True,170439.0,115357.6,1.4774839282370644,False,466050600.0,6.48,71.92138888888888,1.0412792859799236,3.272592041651168,11.165664252690163,65.90909090909079,19.318181818182033,False,33.72,False,False,False,False,False,False
830,002316,亚联发展,I 信息技术,腾讯前复权日K回退（成交额、换手率已提供）,False,2026-08-03,4.37,4.132,3.957,True,True,True,True,4.37,0.0,False,59.0484027628968,-0.05755441170871212,-0.14229150297039217,0.1694741825233601,True,False,False,False,2026-07-27,5.0,29.745089596287624,23.263855072541986,42.707558643778896,False,False,2026-07-22,8.0,True,155637.0,148758.2,1.046241484503039,False,66856899.99999999,4.57,14.629518599562362,4.545454545454564,5.502392344497597,10.437199898913326,8.695652173912876,91.30434782608712,True,5.8,False,False,False,False,False,False
831,002317,众生药业,C 制造业,腾讯前复权日K回退（成交额、换手率已提供）,False,2026-08-03,26.71,26.119999999999997,27.880000000000003,True,False,False,False,34.27,-22.060110884155243,False,50.30585094835928,0.20766297651014298,0.678892524227939,-0.942459095435592,False,True,False,False,,,55.17086468589798,57.30046247040224,50.91166911688947,False,False,,,False,267579.0,339307.2,0.7886039553537325,False,716522400.0,3.51,204.13743589743592,1.8688024408848314,4.1189931350114355,-4.196556671449073,53.70370370370363,46.29629629629637,False,34.27,False,False,False,False,True,False
832,002318,久立特材,C 制造业,腾讯前复权日K回退（成交额、换手率已提供）,False,2026-08-03,21.28,20.4,19.407999999999998,True,True,True,True,24.1,-11.701244813278008,False,54.65823301447348,-0.5054825083145786,-0.9261983680894744,0.8414317195497916,True,False,False,False,2026-07-23,7.0,23.65969780940975,19.861530593357966,31.256032241513317,False,False,,,False,150873.0,128172.8,1.1771062191042092,False,315975200.0,1.58,199.98430379746833,5.555555555555558,5.2579365079365195,9.64550700741964,1.8867924528301445,98.11320754716985,True,29.58,False,False,False,False,True,False
833,002319,乐通股份,C 制造业,腾讯前复权日K回退（成交额、换手率已提供）,False,2026-08-03,10.68,10.216,10.5435,True,True,False,True,11.62,-8.089500860585193,False,51.04760709235015,-0.1597538576046702,-0.16406934593654893,0.00863097666375745,True,False,True,False,,,33.31742871901239,31.09323621843767,37.76581372016184,True,False,,,False,118532.0,111525.0,1.0628289621161175,False,123586100.0,5.66,21.835,5.5335968379446765,6.521739130434785,1.29463650590411,13.636363636363614,86.36363636363639,True,12.6,False,False,False,False,True,False
834,002320,海峡股份,G 运输仓储,腾讯前复权日K回退（成交额、换手率已提供）,False,2026-08-03,6.95,6.68,6.387,True,True,True,True,6.82,1.9061583577712593,True,62.31270129899459,-0.003199029184357549,-0.10662976671744268,0.20686147506617025,True,False,False,False,,,20.03249811175154,14.624620620247276,30.84825309476007,False,False,,,False,222703.0,204515.4,1.0889302223695625,False,153224000.0,1.0,153.224,3.4226190476190466,3.2738095238095206,8.814780021919534,0.0,100.0,True,8.72,False,False,False,True,True,False
835,002321,华英农业,A 农林牧渔,腾讯前复权日K回退（成交额、换手率已提供）,False,2026-08-03,1.91,1.866,1.857,True,True,True,True,1.96,-2.551020408163268,False,58.36119003411581,0.00992316727400211,0.00477697057029499,0.010292393407414238,True,False,False,False,,,31.555751644393506,29.541026997494594,35.58520093819133,False,False,,,False,271280.0,226248.4,1.1990361036807333,False,51254200.0,1.28,40.04234375,2.1390374331550666,3.208556149732611,2.854065697361332,16.66666666666673,83.33333333333327,True,2.14,False,False,False,False,False,False
836,002322,理工能科,I 信息技术,腾讯前复权日K回退（成交额、换手率已提供）,False,2026-08-03,10.85,10.538,10.1055,True,True,True,True,10.79,0.5560704355885125,True,63.17516695103095,0.055059113808717086,-0.07790581914967962,0.2659298659167934,True,False,False,False,,,21.389809639429245,17.14419071585286,29.881047486582013,False,False,2026-07-28,4.0,True,42832.0,36711.0,1.1667347661463867,False,46144200.0,1.22,37.82311475409836,1.1183597390493905,1.7707362534948694,7.367275246153089,10.526315789473488,89.47368421052651,True,12.35,False,False,False,False,True,False
837,002323,*ST雅博,E 建筑业,腾讯前复权日K回退（成交额、换手率已提供）,False,2026-08-03,1.33,1.304,1.3455,True,False,False,True,1.56,-14.743589743589741,False,48.5281411292094,-0.026973617419515872,-0.029008157810234476,0.004069080781437209,True,False,True,False,,,12.265001091189257,11.45630048490616,13.882402303755452,False,False,2026-07-31,1.0,True,514158.0,361767.8,1.421237600471905,False,67730000.0,2.42,27.987603305785125,2.3076923076922995,5.3846153846153895,-1.1519881085098362,28.57142857142857,71.42857142857143,True,1.62,False,False,False,False,False,False
838,002324,普利特,C 制造业,腾讯前复权日K回退（成交额、换手率已提供）,False,2026-08-03,9.24,8.97,9.318499999999998,True,False,False,True,12.14,-23.887973640856675,False,39.93149609440945,-0.7423336207297702,-0.8794905287452921,0.2743138160310439,True,False,False,False,2026-07-29,3.0,9.197808724792404,6.9771223160607905,13.639181542255633,False,False,2026-07-27,5.0,True,202073.0,307008.4,0.6582002316548993,False,186114100.0,2.6,71.58234615384615,1.5384615384615552,3.296703296703285,-0.8424102591618635,13.333333333333098,86.6666666666669,True,16.15,False,False,False,False,False,False
839,002326,永太科技,C 制造业,腾讯前复权日K回退（成交额、换手率已提供）,False,2026-08-03,18.34,18.476,18.679000000000002,False,False,False,False,26.0,-29.46153846153846,False,42.77045725474615,-1.0791415982932335,-1.2660090963393738,0.37373499609228045,True,False,False,False,2026-07-28,4.0,22.643427725718876,21.201966010422197,25.52635115631223,False,False,2026-07-23,7.0,True,241261.0,510618.6,0.47248768454576473,False,439086900.0,2.97,147.84070707070705,0.49315068493149816,3.671232876712338,-1.8148723165051777,20.895522388059735,79.10447761194027,True,28.62,False,True,True,False,False,False
840,002327,富安娜,C 制造业,腾讯前复权日K回退（成交额、换手率已提供）,False,2026-08-03,6.62,6.548,6.375500000000001,True,True,True,True,6.62,0.0,False,61.06074374825941,0.04295153303912436,0.0016790952751947388,0.08254487552785923,True,False,False,False,,,39.26264520587653,34.5979490015042,48.59203761462119,False,False,,,False,44730.0,54263.4,0.8243125200411326,False,29549699.999999996,0.91,32.4721978021978,0.4552352048558417,2.124430955993939,3.83499333385616,21.42857142857152,78.57142857142848,True,7.54,False,True,False,True,False,False
841,002328,新朋股份,C 制造业,腾讯前复权日K回退（成交额、换手率已提供）,False,2026-08-03,6.74,6.532000000000001,6.715999999999999,True,True,False,True,7.92,-14.898989898989894,False,44.976492958392754,-0.3495871203558112,-0.42901854739237394,0.1588628540731255,True,False,False,False,2026-07-28,4.0,9.169193022796618,8.155186592871756,11.19720588264634,False,False,2026-07-29,3.0,True,273338.0,245082.4,1.1152902044373647,False,181720500.0,4.79,37.9374739039666,3.3742331288343586,3.834355828220859,0.35735556879096053,3.9999999999999147,96.00000000000009,True,11.25,False,False,False,False,True,False
842,002329,皇氏集团,C 制造业,腾讯前复权日K回退（成交额、换手率已提供）,False,2026-08-03,3.11,3.146,3.243,False,False,False,False,3.61,-13.850415512465375,False,46.00489496348374,-0.04555936960863338,-0.04035632176889848,-0.010406095679469804,False,True,False,False,,,23.867094489053297,25.6478732156055,20.305537035948888,False,False,,,False,503246.0,493160.0,1.02045178035526,False,155119200.0,7.72,20.09316062176166,3.322259136212624,5.315614617940204,-4.101140918902251,31.25000000000014,68.74999999999987,False,4.92,False,False,False,False,False,False
843,002330,得利斯,C 制造业,腾讯前复权日K回退（成交额、换手率已提供）,False,2026-08-03,3.91,3.79,3.6990000000000003,True,True,True,True,3.98,-1.758793969849242,False,58.85760198704555,0.0038052510553279184,-0.0329927935071926,0.07359608912504104,True,False,False,False,,,25.04923391851031,19.647171557292562,35.85335864094581,False,False,2026-07-29,3.0,True,109385.0,108815.4,1.0052345531974336,False,42413100.00000001,1.72,24.658779069767448,1.2953367875647714,3.367875647668391,5.704244390375773,7.692307692307534,92.30769230769246,True,4.75,False,False,False,False,False,False
844,002331,皖通科技,I 信息技术,腾讯前复权日K回退（成交额、换手率已提供）,False,2026-08-03,6.88,6.609999999999999,6.647999999999999,True,True,False,True,7.27,-5.364511691884453,False,48.741050821567626,-0.26984384254523697,-0.35809216560342116,0.1764966461163684,True,False,False,False,2026-07-24,6.0,13.639802343874573,11.220831240287252,18.477744551049216,False,False,2026-07-21,9.0,True,80046.0,88693.4,0.9025023282453938,False,54363400.0,1.99,27.318291457286435,2.9940119760479167,4.341317365269462,3.489771359807478,6.896551724138089,93.10344827586191,True,10.74,False,False,False,False,False,False
845,002332,仙琚制药,C 制造业,腾讯前复权日K回退（成交额、换手率已提供）,False,2026-08-03,8.68,8.528,8.445,True,True,True,True,8.88,-2.252252252252264,False,59.358127711058934,0.04803021139351493,0.027881522847173778,0.04029737709268231,True,False,False,False,2026-07-30,2.0,50.55309034205806,44.672189963212844,62.31489109974851,False,False,,,False,96949.0,102472.6,0.9460968102692817,False,83927400.0,0.98,85.64020408163265,1.2835472578763163,1.8669778296382746,2.7827116637063285,6.2499999999998614,93.75000000000013,True,8.88,False,False,False,False,False,False
846,002333,罗普斯金,C 制造业,腾讯前复权日K回退（成交额、换手率已提供）,False,2026-08-03,5.33,5.308,4.995,True,True,True,True,5.39,-1.113172541743963,False,63.421059011953616,0.11521772737286451,0.05732449826046253,0.11578645822480396,True,False,False,False,2026-07-22,8.0,40.79024686571094,36.49305942511776,49.38462174689731,False,False,2026-07-22,8.0,True,68177.0,85511.0,0.7972892376419408,False,36268900.0,1.02,35.55774509803922,-0.5597014925373234,2.2388059701492558,6.706706706706705,24.999999999999446,50.00000000000037,False,5.52,False,True,True,True,True,False
847,002334,英威腾,C 制造业,腾讯前复权日K回退（成交额、换手率已提供）,False,2026-08-03,6.74,6.478,6.524000000000001,True,True,False,True,7.31,-7.797537619699034,False,48.67717288179956,-0.2891029370621254,-0.38861956722726543,0.19903326033028002,True,False,False,False,2026-07-27,5.0,16.820490809142964,12.838012805630543,24.785446816167802,False,False,2026-07-21,9.0,True,117836.0,119290.0,0.9878112163634839,False,78568300.0,1.6,49.1051875,3.215926493108734,3.3690658499234263,3.310852237890853,4.545454545454454,95.45454545454555,True,9.6,False,False,False,False,True,False
848,002335,科华数据,C 制造业,腾讯前复权日K回退（成交额、换手率已提供）,False,2026-08-03,29.44,28.669999999999998,31.518,True,False,False,False,39.08,-24.667349027635613,False,36.78089174206294,-2.481971898784309,-2.4857034618064304,0.00746312604424304,True,False,True,False,,,6.239241090776944,5.859970816763105,6.997781638804623,True,False,2026-08-03,0.0,True,193859.0,221055.6,0.8769694140297735,False,569634800.0,2.94,193.75333333333333,2.5783972125435595,3.867595818815329,-6.593057935148167,42.342342342342256,57.65765765765774,False,49.81,False,True,True,False,True,False
849,002337,赛象科技,C 制造业,腾讯前复权日K回退（成交额、换手率已提供）,False,2026-08-03,4.55,4.372,4.3245000000000005,True,True,True,True,4.72,-3.601694915254236,False,54.15395175468975,-0.09555611635994055,-0.15221934134400633,0.11332644996813157,True,False,False,False,,,14.399056109034035,10.726902216639806,21.743363893822494,False,False,2026-07-27,5.0,True,96439.0,76348.0,1.2631503117304972,False,43391700.0,1.64,26.458353658536588,3.8812785388127935,4.794520547945204,5.214475661926219,14.285714285714407,85.7142857142856,True,6.27,False,False,False,False,False,False
850,002338,奥普光电,C 制造业,腾讯前复权日K回退（成交额、换手率已提供）,False,2026-08-03,39.08,40.416,43.650999999999996,False,False,False,False,57.85,-32.44598098530683,False,35.454601774823246,-3.6247868969111394,-3.7243213959951706,0.19906899816806245,True,False,False,False,2026-07-31,1.0,10.13599987272509,10.445049374014667,9.517900870145937,False,True,,,False,69765.0,93737.6,0.7442584405830744,False,273305100.0,2.91,93.91927835051546,-2.202202202202208,2.4274274274274243,-10.471695951982769,39.17525773195907,26.804123711340033,False,67.89,False,False,False,False,False,False
851,002339,积成电子,C 制造业,腾讯前复权日K回退（成交额、换手率已提供）,False,2026-08-03,7.41,7.1739999999999995,6.7555,True,True,True,True,7.33,1.0914051841746257,True,58.87520529342226,-0.04434332336522839,-0.1876000163624801,0.28651338599450343,True,False,False,False,,,17.153156570851966,13.922142611123027,23.615184490309847,False,False,2026-07-21,9.0,True,252934.0,246523.4,1.0260040223362163,False,185997400.00000003,5.28,35.22678030303031,3.7815126050420256,3.9215686274509713,9.688402042779966,7.1428571428570065,92.85714285714299,True,10.62,False,False,False,False,False,False
852,002340,格林美,C 制造业,腾讯前复权日K回退（成交额、换手率已提供）,False,2026-08-03,6.73,6.664,6.524500000000001,True,True,True,True,7.08,-4.943502824858752,False,51.2304988954122,-0.07657102305869401,-0.1498633956110801,0.1465847451047722,True,False,False,False,2026-07-08,18.0,15.11008623442091,13.22398059765124,18.88229750796025,False,False,2026-07-21,9.0,True,681252.0,1055862.2,0.6452091949119876,False,457659400.0,1.34,341.53686567164175,0.4477611940298498,1.6417910447761241,3.1496666411219216,18.18181818181774,81.81818181818225,True,9.26,False,True,True,True,False,False
853,002342,巨力索具,C 制造业,腾讯前复权日K回退（成交额、换手率已提供）,False,2026-08-03,7.68,7.308,8.129000000000001,True,False,False,True,11.79,-34.860050890585235,False,41.57781695880891,-0.899599160656205,-1.0040174251192466,0.20883652892608318,True,False,False,False,2026-07-30,2.0,6.3266677130326165,5.517294380775579,7.945414377546692,False,False,2026-07-22,8.0,True,740233.0,662936.0,1.116597982309001,False,561645100.0,7.75,72.47033548387097,5.061559507523938,5.608755129958962,-5.523434616804054,4.878048780487916,95.12195121951208,True,23.99,False,False,False,False,False,False
854,002343,慈文传媒,R 文化传播,腾讯前复权日K回退（成交额、换手率已提供）,False,2026-08-03,5.06,4.85,4.6345,True,True,True,True,5.11,-0.9784735812133211,False,60.658187192234784,0.015743975311441005,-0.06050295320735424,0.1524938570375905,True,False,False,False,,,27.31892914990254,21.038398038270888,39.87999137316584,False,False,2026-07-28,4.0,True,109219.0,133113.0,0.8204983735623117,False,54678200.0,2.31,23.67021645021645,2.2222222222222143,3.232323232323235,9.181141439205945,12.500000000000277,87.49999999999972,True,6.38,False,True,True,False,False,False
855,002344,海宁皮城,L 商务服务,腾讯前复权日K回退（成交额、换手率已提供）,False,2026-08-03,3.82,3.75,3.6645000000000003,True,True,True,True,3.85,-0.7792207792207856,False,58.12489965133723,0.011000856041181617,-0.017046875342148105,0.05609546276665944,True,False,False,False,,,33.251545038813966,28.854188999173914,42.046257118094076,False,False,,,False,99072.0,93807.0,1.0561258754677156,False,37701200.0,0.77,48.962597402597396,1.0582010582010692,2.3809523809523774,4.243416564333456,22.22222222222228,77.77777777777773,True,4.58,False,False,False,False,True,False
856,002345,潮宏基,C 制造业,腾讯前复权日K回退（成交额、换手率已提供）,False,2026-08-03,10.22,10.576,10.193999999999999,False,True,True,False,11.08,-7.761732851985554,False,51.411279351540784,0.22816336959146355,0.2019240207017791,0.05247869777936892,True,False,False,False,2026-07-27,5.0,72.11431470070883,70.50865697237316,75.32563015738017,False,False,,,False,328307.0,276717.4,1.1864342466357374,False,342853600.0,3.79,90.462691292876,-6.152433425160697,7.162534435261718,0.2550519913674866,7.692307692307746,12.820512820512983,False,11.08,False,True,False,False,True,False
857,002346,柘中股份,C 制造业,腾讯前复权日K回退（成交额、换手率已提供）,False,2026-08-03,17.45,16.68,18.205499999999997,True,False,False,True,22.39,-22.063421170165256,False,46.56070155361989,-0.7263457457713862,-0.5911516577350642,-0.2703881760726441,False,True,False,False,,,17.70834733804051,17.55293901795299,18.019163978215552,True,False,2026-08-03,0.0,True,106576.0,51490.8,2.0698066450705754,True,184625800.00000003,2.72,67.87713235294119,1.8680677174547577,5.370694687682418,-4.149844827112674,19.56521739130436,74.9999999999999,True,24.24,False,True,False,False,False,True
858,002347,泰尔股份,C 制造业,腾讯前复权日K回退（成交额、换手率已提供）,False,2026-08-03,5.88,5.564,5.394,True,True,True,True,6.35,-7.401574803149604,False,55.808455079253996,-0.15580192628215173,-0.2734255408509411,0.23524722913757878,True,False,False,False,2026-07-15,13.0,18.77454656089152,14.367344894874114,27.588949892926326,False,False,2026-07-21,9.0,True,147513.0,131099.0,1.12520309079398,False,85635000.0,2.99,28.640468227424744,4.62633451957295,5.5160142348754535,9.010011123470518,6.451612903225945,93.54838709677405,True,8.76,False,False,False,False,False,False
859,002348,高乐股份,C 制造业,腾讯前复权日K回退（成交额、换手率已提供）,False,2026-08-03,10.02,9.790000000000001,10.211500000000001,True,False,False,False,11.74,-14.650766609880755,False,46.74859824606754,-0.4085187430899637,-0.4542119544019131,0.09138642262389873,True,False,False,False,2026-07-27,5.0,30.932083406591904,31.308177464999062,30.17989528977759,False,False,,,False,135481.0,186805.6,0.7252512772636366,False,136856600.0,1.5,91.23773333333334,2.7692307692307683,6.15384615384615,-1.875336630269807,58.3333333333333,41.66666666666669,False,16.09,False,False,False,False,True,False
860,002349,精华制药,C 制造业,腾讯前复权日K回退（成交额、换手率已提供）,False,2026-08-03,6.79,6.734,6.691,True,True,True,True,7.09,-4.231311706629053,False,54.286569694069286,0.034388015258032034,0.025141642653650115,0.018492745208763837,True,False,False,False,,,31.563506374759516,30.380358721984262,33.92980168031003,False,False,,,False,68100.0,101396.2,0.6716228024324383,False,46097100.0,0.84,54.8775,0.7418397626112627,1.6320474777447986,1.479599461963835,9.090909090908944,90.90909090909105,True,7.6,False,True,False,False,False,False
861,002350,北京科锐,C 制造业,腾讯前复权日K回退（成交额、换手率已提供）,False,2026-08-03,14.14,14.012,14.477500000000001,True,False,False,False,17.1,-17.309941520467838,False,48.400203534346204,-0.1383133836576178,-0.09122775031983901,-0.09417126667555759,False,True,False,False,,,30.788634060600486,32.286646577966806,27.792609025867847,False,False,,,False,92325.0,159444.8,0.5790405206065046,False,130538300.0,1.74,75.02201149425288,1.3620071684588009,3.5125448028673727,-2.3312035917803513,30.61224489795899,69.387755102041,False,18.35,False,False,False,False,False,False
862,002351,漫步者,C 制造业,腾讯前复权日K回退（成交额、换手率已提供）,False,2026-08-03,10.63,10.3,9.8505,True,True,True,True,10.51,1.1417697431018174,True,65.25417586090033,0.13382331466384656,0.026251184363002493,0.21514426060168812,True,False,False,False,2026-07-09,17.0,54.91237250333853,47.707987925119745,69.3211416597761,False,False,,,False,91859.0,86209.2,1.0655359288799804,False,97202400.0,1.76,55.22863636363636,2.211538461538476,3.365384615384612,7.913303893203396,17.142857142856798,82.8571428571432,True,11.56,False,False,False,False,False,False
863,002352,顺丰控股,G 运输仓储,腾讯前复权日K回退（成交额、换手率已提供）,False,2026-08-03,35.05,34.896,33.578500000000005,True,True,True,True,35.25,-0.5673758865248308,False,64.47141253331415,0.5141413067384732,0.2873603186540916,0.45356197616876326,True,False,False,False,,,57.69762303962958,53.56617164657431,65.96052582574013,False,False,,,False,216134.0,232649.4,0.929011637253309,False,760747100.0000001,0.45,1690.5491111111114,0.17147756501856293,1.82909402686482,4.382268415801753,65.62500000000021,34.374999999999794,False,37.38,False,False,False,False,True,False
864,002353,杰瑞股份,C 制造业,腾讯前复权日K回退（成交额、换手率已提供）,False,2026-08-03,130.75,133.35999999999999,138.293,False,False,False,False,176.59,-25.95843479245711,False,45.805101641995286,-4.4727158178035324,-4.482338650636848,0.019245665666630885,True,False,False,False,2026-07-31,1.0,50.493554341196365,51.816732149934886,47.84719872371933,False,False,,,False,162959.0,266457.2,0.6115766434534327,False,2156702600.0,2.36,913.8570338983052,-2.93244246473644,6.340014847809964,-5.454361392116742,37.236533957845424,24.707259953161692,False,176.59,False,True,False,False,False,False
865,002354,天娱数科,I 信息技术,腾讯前复权日K回退（成交额、换手率已提供）,False,2026-08-03,7.16,6.401999999999999,7.083999999999999,True,True,False,True,9.75,-26.564102564102566,False,50.49011747225576,-0.4227133375661243,-0.39926778896336435,-0.04689109720551987,False,True,False,False,,,24.114183104376195,21.005213725313986,30.332121862500614,True,False,,,False,1258084.0,1783859.8,0.7052594604127521,False,899277899.9999999,7.74,116.18577519379843,9.984639016897079,2.4577572964669763,1.0728402032750057,0.0,100.0,True,10.34,False,True,False,False,False,True
866,002355,兴民智通,C 制造业,腾讯前复权日K回退（成交额、换手率已提供）,False,2026-08-03,4.49,4.356,4.2075,True,True,True,True,4.65,-3.440860215053766,False,54.53249181808624,-0.07317098949542622,-0.14761354715568734,0.14888511532052223,True,False,False,False,,,12.961122136932275,10.396587224223126,18.090191962350573,False,False,2026-07-27,5.0,True,107923.0,118346.4,0.9119246550803405,False,47937900.0,1.75,27.39308571428571,2.511415525114158,2.9680365296803632,6.714200831847907,7.692307692307534,92.30769230769246,True,6.77,False,False,False,False,False,False
867,002356,鹏飞绿能,F 批发零售,腾讯前复权日K回退（成交额、换手率已提供）,False,2026-08-03,2.66,2.594,2.6100000000000003,True,True,False,True,2.93,-9.215017064846416,False,48.080532926974826,-0.08223411484222165,-0.1073553681208258,0.0502425065572083,True,False,False,False,2026-07-27,5.0,14.50053480901363,10.839823130578813,21.821958165883263,False,False,2026-07-23,7.0,True,163150.0,154370.0,1.0568763360756623,False,42840900.0,1.24,34.54911290322581,2.3076923076922995,3.0769230769230793,1.9157088122605292,0.0,100.0,True,3.58,False,False,False,False,False,False
868,002357,富临运业,G 运输仓储,腾讯前复权日K回退（成交额、换手率已提供）,False,2026-08-03,8.82,8.538,8.641,True,True,False,True,9.68,-8.884297520661152,False,49.426587206759756,-0.2578661632781998,-0.33628681444000946,0.15684130232361937,True,False,False,False,2026-07-29,3.0,7.864385275101461,5.92826874086218,11.736618343580023,False,False,2026-07-29,3.0,True,79487.0,76645.0,1.0370800443603627,False,69105500.0,2.54,27.206889763779525,2.3201856148491906,4.408352668213446,2.0715195000578666,5.263157894736744,94.73684210526325,True,12.94,False,False,False,False,False,False
869,002358,森源电气,C 制造业,腾讯前复权日K回退（成交额、换手率已提供）,False,2026-08-03,5.77,5.628,5.3355,True,True,True,True,5.77,0.0,False,57.676653811026874,-0.022223408229327113,-0.11761780390209012,0.190788791345526,True,False,False,False,2026-07-15,13.0,22.957662202599476,19.12108186972718,30.63082286834406,False,False,2026-07-23,7.0,True,319635.0,342031.8,0.9345183693446049,False,182120099.99999997,3.44,52.94188953488371,3.590664272890476,3.590664272890472,8.143566676037858,0.0,100.0,True,8.01,False,True,False,False,False,False
870,002360,ST同德,C 制造业,腾讯前复权日K回退（成交额、换手率已提供）,False,2026-08-03,5.08,4.878,5.122999999999999,True,False,False,True,6.04,-15.894039735099339,False,48.86615381045044,-0.13399208291508824,-0.1282745050534486,-0.0114351557232793,False,True,False,False,,,23.254405293277177,22.886255621334893,23.99070463716175,True,False,,,False,66739.0,46571.4,1.4330468914398107,False,33401800.0,2.05,16.293560975609758,4.958677685950419,5.578512396694225,-0.8393519422213404,11.111111111111184,88.88888888888881,True,6.49,False,False,False,False,False,False
871,002361,神剑股份,C 制造业,腾讯前复权日K回退（成交额、换手率已提供）,False,2026-08-03,10.09,9.35,10.151,True,False,False,True,14.98,-32.64352469959947,False,42.537052290086315,-1.2542447510589039,-1.4379781477345135,0.36746679335121923,True,False,False,False,2026-07-28,4.0,8.799168946691362,7.650019990951222,11.097466858171643,True,False,2026-08-03,0.0,True,566279.0,594823.8,0.9520113351214258,False,552332200.0,7.0,78.9046,10.03271537622683,10.141766630316246,-0.6009260171411678,0.0,100.0,True,23.55,False,False,False,False,False,True
872,002362,汉王科技,C 制造业,腾讯前复权日K回退（成交额、换手率已提供）,False,2026-08-03,15.59,15.053999999999998,14.665000000000001,True,True,True,True,15.68,-0.5739795918367337,False,55.01412349574241,-0.27938619633632733,-0.51478126312269,0.47079013357272537,True,False,False,False,2026-07-22,8.0,18.606750845993272,13.805488571213056,28.2092753955537,False,False,2026-07-27,5.0,True,41807.0,41660.6,1.0035141116546569,False,64961600.0,2.01,32.31920398009951,1.299545159194282,2.4041585445094165,6.307534947153077,27.02702702702699,72.97297297297301,True,21.16,False,False,False,False,True,False
873,002363,隆基机械,C 制造业,腾讯前复权日K回退（成交额、换手率已提供）,False,2026-08-03,6.45,6.223999999999999,6.094,True,True,True,True,6.58,-1.9756838905775058,False,56.52534257079364,-0.06691215605986134,-0.1450530290701821,0.15628174602064154,True,False,False,False,,,18.578531728196936,14.19379620301695,27.348002778556907,False,False,2026-07-27,5.0,True,53362.0,47898.4,1.1140664406326724,False,34083600.0,1.28,26.6278125,2.8708133971292016,3.189792663476877,5.841811617984901,4.999999999999889,95.00000000000011,True,8.58,False,False,False,False,False,False
874,002364,中恒电气,C 制造业,腾讯前复权日K回退（成交额、换手率已提供）,False,2026-08-03,34.15,35.20399999999999,43.116,False,False,False,False,59.86,-42.95021717340462,False,34.57085940240668,-4.404324584913709,-3.604228423581947,-1.600192322663525,False,True,False,False,,,29.16602562202918,33.33720591568015,20.82366503472724,False,False,,,False,288958.0,377493.0,0.7654658496978752,False,1001865100.0,5.18,193.41025096525098,-3.74859075535513,6.341600901916573,-20.795064477224233,35.99999999999979,15.55555555555562,False,59.87,False,False,False,False,False,False
875,002365,永安药业,C 制造业,腾讯前复权日K回退（成交额、换手率已提供）,False,2026-08-03,12.62,12.655999999999999,11.8675,False,True,True,False,14.0,-9.857142857142863,False,57.293434540893074,0.3931583244978576,0.3307966889317376,0.12472327113224002,True,False,False,False,,,62.23669109343143,60.04982689157587,66.61041949714256,False,False,,,False,136505.0,246679.0,0.5533709800996437,False,170775200.0,5.57,30.659820466786357,1.202886928628688,2.4859663191659878,6.340846850642507,22.58064516129051,77.4193548387095,True,14.14,False,False,False,False,False,False
876,002366,融发核电,C 制造业,腾讯前复权日K回退（成交额、换手率已提供）,False,2026-08-03,6.31,5.85,5.3469999999999995,True,True,True,True,6.02,4.817275747508306,True,65.96639694404121,0.013428954146631256,-0.13606636595400667,0.29899064020127586,True,False,False,False,2026-07-20,10.0,28.836149953282824,21.784924739908757,42.938600380030955,False,False,2026-07-20,10.0,True,1110426.0,884993.2,1.2547282849178956,False,681028600.0,6.0,113.50476666666665,9.93031358885017,8.013937282229964,18.010099121002433,0.0,100.0,True,7.99,False,True,False,False,False,True
877,002367,康力电梯,C 制造业,腾讯前复权日K回退（成交额、换手率已提供）,False,2026-08-03,5.42,5.284000000000001,5.513,True,False,False,True,7.09,-23.554301833568406,False,44.67660836465686,-0.21825934420964188,-0.2208277071934135,0.005136725967543221,True,False,True,False,,,13.712534469994685,10.950613344659372,19.23637672066531,False,False,2026-07-29,3.0,True,90269.0,100293.4,0.9000492554844088,False,48615200.00000001,1.14,42.64491228070177,1.8796992481203034,2.2556390977443628,-1.6869218211500088,0.0,100.0,True,7.46,False,True,False,False,False,False
878,002368,太极股份,I 信息技术,腾讯前复权日K回退（成交额、换手率已提供）,False,2026-08-03,14.68,14.187999999999999,13.791,True,True,True,True,15.0,-2.1333333333333355,False,55.306192347494346,-0.20752462552666273,-0.4299940558325553,0.4449388606117851,True,False,False,False,2026-07-16,12.0,16.906181181960005,12.523859204911425,25.67082513605716,False,False,2026-07-28,4.0,True,99510.0,112865.0,0.8816727949319985,False,146430800.0,1.6,91.51925,-0.4745762711864443,2.0338983050847506,6.446233050540203,50.0,26.66666666666663,False,18.2,False,False,False,False,False,False
879,002369,卓翼科技,C 制造业,腾讯前复权日K回退（成交额、换手率已提供）,False,2026-08-03,5.52,5.45,5.2059999999999995,True,True,True,True,5.9,-6.440677966101707,False,53.84224250114261,-0.07416599317782424,-0.16434724610177792,0.18036250584790736,True,False,False,False,2026-07-10,16.0,24.03355491005044,20.23572521632076,31.629214297509805,False,False,2026-07-21,9.0,True,222929.0,369949.0,0.6025938710470903,False,122123300.0,3.94,30.9957614213198,2.6022304832713727,2.4163568773234183,6.031502112946602,7.692307692308217,92.30769230769178,True,7.62,False,True,False,False,False,False
880,002370,亚太药业,C 制造业,腾讯前复权日K回退（成交额、换手率已提供）,False,2026-08-03,4.93,4.819999999999999,5.0765,True,False,False,True,5.92,-16.722972972972975,False,44.82374531949077,-0.19328177426576865,-0.19505444925103638,0.0035453499705354607,True,False,True,False,,,11.29302387705144,10.40341782690221,13.072235977349898,False,False,2026-07-31,1.0,True,139092.0,209521.8,0.6638545487868088,False,68068200.0,1.87,36.400106951871656,1.6494845360824684,2.0618556701031037,-2.885846547818389,10.000000000000622,89.99999999999937,True,6.82,False,True,False,False,False,False
881,002371,北方华创,C 制造业,腾讯前复权日K回退（成交额、换手率已提供）,False,2026-08-03,641.3,683.552,740.9665,False,False,False,False,905.0,-29.138121546961333,False,38.70130658460314,-16.861100340973962,-2.7399317920790103,-28.242337097789903,False,True,False,False,,,47.61729679249743,52.25936199844068,38.33316638061092,False,False,,,False,131412.0,146639.6,0.8961562906609128,False,8583955300.0,1.81,4742.516740331492,-6.652110625909757,7.729257641921385,-13.450878008654918,8.568738229755107,9.133709981167453,False,967.24,False,False,False,False,False,False
882,002372,伟星新材,C 制造业,腾讯前复权日K回退（成交额、换手率已提供）,False,2026-08-03,9.11,8.756,8.187999999999999,True,True,True,True,8.92,2.1300448430493217,True,64.04173589751821,0.04524202097076291,-0.12048080802024123,0.3314456579820083,True,False,False,False,2026-07-17,11.0,35.402678743195814,28.122279667864376,49.96347689385868,False,False,,,False,168215.0,156232.2,1.0766986575110635,False,151828000.0,1.14,133.1824561403509,3.995433789954328,5.251141552511426,11.26038104543235,10.869565217391438,89.13043478260856,True,10.83,False,False,False,True,False,False
883,002373,千方科技,I 信息技术,腾讯前复权日K回退（成交额、换手率已提供）,False,2026-08-03,8.15,7.806,7.3755,True,True,True,True,8.02,1.6209476309227029,True,67.59428920800704,0.09766003494132036,-0.01855597916444133,0.23243202821152337,True,False,False,False,,,29.972954807221015,22.657475523556638,44.60391337454977,False,False,,,False,251593.0,233729.2,1.0764294747939067,False,202705000.0,1.83,110.76775956284153,2.515723270440251,2.8930817610062944,10.50098298420447,0.0,100.0,True,9.33,False,False,False,False,False,False
884,002374,中锐股份,C 制造业,腾讯前复权日K回退（成交额、换手率已提供）,False,2026-08-03,3.06,3.038,2.925,True,True,True,False,3.44,-11.046511627906973,False,51.224107961617975,-0.04513262722000855,-0.0847996287313411,0.0793340030226651,True,False,False,False,2026-07-24,6.0,35.60827745535426,32.39911762387327,42.026597118316246,False,False,2026-07-21,9.0,True,168128.0,287009.4,0.5857926604494487,False,51081899.99999999,1.55,32.956064516129025,1.324503311258285,3.311258278145684,4.615384615384623,29.99999999999991,70.00000000000009,True,4.0,False,False,False,False,False,False
885,002375,亚厦股份,E 建筑业,腾讯前复权日K回退（成交额、换手率已提供）,False,2026-08-03,3.57,3.5140000000000002,3.4195,True,True,True,True,3.58,-0.2793296089385539,False,56.21969926665113,-0.005962932311112112,-0.04053831463736123,0.06915076465249824,True,False,False,False,,,17.871215572177302,15.66414931321444,22.285348090103025,False,False,2026-07-27,5.0,True,119304.0,105926.8,1.1262872096579901,False,42357299.99999999,0.9,47.06366666666665,1.4204545454545414,2.2727272727272747,4.401228249744104,25.0,75.0,True,4.96,False,True,False,False,True,False
886,002376,新北洋,C 制造业,腾讯前复权日K回退（成交额、换手率已提供）,False,2026-08-03,6.39,6.2700000000000005,6.0905000000000005,True,True,True,True,6.42,-0.4672897196261721,False,62.09135197985283,0.05458100844885738,0.005228390189651899,0.09870523651841097,True,False,False,False,,,44.413977683610625,38.875323230214924,55.49128659040203,False,False,,,False,79184.0,93989.4,0.8424779815596227,False,50526000.0,1.01,50.02574257425742,0.15673981191222097,1.4106583072100292,4.917494458583025,44.44444444444456,55.55555555555544,False,7.27,False,False,False,False,True,False
887,002377,国创高新,C 制造业,腾讯前复权日K回退（成交额、换手率已提供）,False,2026-08-03,2.6,2.534,2.621,True,False,False,True,3.0,-13.33333333333333,False,48.05796369877843,-0.06754940564565537,-0.07469721336559189,0.014295615439873038,True,False,True,False,,,12.138893592038556,10.404327687351795,15.608025401412078,False,False,2026-07-31,1.0,True,206267.0,204108.4,1.0105757528842518,False,52951300.0,2.36,22.436991525423732,2.7667984189723382,2.7667984189723436,-0.801220908050359,0.0,100.0,True,3.73,False,False,False,False,False,False
888,002378,章源钨业,C 制造业,腾讯前复权日K回退（成交额、换手率已提供）,False,2026-08-03,22.51,22.084,24.2895,True,False,False,False,33.58,-32.96605122096486,False,37.51948648962697,-2.4482219764452573,-2.509930933950011,0.12341791500950716,True,False,True,False,,,9.836682845935462,9.553171936113372,10.403704665579639,True,False,2026-08-03,0.0,True,247087.0,286027.6,0.8638571942008394,False,554883300.0,2.07,268.0595652173913,1.3051305130513224,3.1953195319531833,-7.326210914181019,29.577464788732126,70.42253521126788,True,40.68,False,False,False,False,True,False
889,002379,宏桥控股,C 制造业,腾讯前复权日K回退（成交额、换手率已提供）,False,2026-08-03,18.69,20.064,18.0345,False,True,True,False,22.13,-15.544509715318563,False,51.32230107767301,0.8033717541909411,0.5496621491340719,0.5074192101137385,True,False,False,False,,,37.82990447999209,36.63373483461913,40.222243770738004,False,False,,,False,733333.0,800738.8,0.9158204897776903,False,1390919800.0,6.45,215.64648062015502,-10.014443909484827,7.221954742416948,3.634700158030441,12.666666666666751,0.0,False,23.96,False,False,False,False,True,False
890,002380,科远智慧,I 信息技术,腾讯前复权日K回退（成交额、换手率已提供）,False,2026-08-03,28.78,27.266000000000002,28.616000000000003,True,True,False,True,36.04,-20.14428412874583,False,45.287348445102175,-1.9426267279019171,-2.260381199743707,0.6355089436835799,True,False,False,False,2026-07-29,3.0,7.274981121985484,5.272118552083434,11.280706261789586,False,False,2026-07-31,1.0,True,91428.0,67598.0,1.352525222639723,False,263813000.0,6.43,41.02846034214619,3.5997120230381485,3.92368610511159,0.5731059547106441,55.96330275229353,44.03669724770647,False,51.06,False,False,False,False,True,False
891,002381,双箭股份,C 制造业,腾讯前复权日K回退（成交额、换手率已提供）,False,2026-08-03,5.39,5.177999999999999,5.1739999999999995,True,True,True,True,5.54,-2.7075812274368296,False,56.101064111818374,-0.07205364845435902,-0.11224848574299634,0.08038967457727464,True,False,False,False,2026-07-29,3.0,16.92430798806196,11.885263617451395,27.002396729283088,False,False,2026-07-29,3.0,True,62725.0,43348.0,1.4470102426870906,False,33319200.0,1.95,17.08676923076923,4.054054054054057,4.0540540540540535,4.174719752609204,4.761904761905084,95.23809523809491,True,6.67,False,True,False,False,False,False
892,002382,蓝帆医疗,C 制造业,腾讯前复权日K回退（成交额、换手率已提供）,False,2026-08-03,5.97,5.798,5.5504999999999995,True,True,True,True,6.23,-4.173354735152499,False,58.22408037215715,0.051455202985588144,-0.015660383388861825,0.13423117274889995,True,False,False,False,,,20.80652223527366,18.384247612734395,25.651071480352194,False,False,2026-07-27,5.0,True,198484.0,292281.0,0.679086221820782,False,117873600.0,1.99,59.23296482412061,2.577319587628857,3.26460481099657,7.557877668678501,10.526315789473905,89.47368421052609,True,7.32,False,True,True,False,False,False
893,002383,合众思壮,C 制造业,腾讯前复权日K回退（成交额、换手率已提供）,False,2026-08-03,6.98,6.792,6.6435,True,True,True,True,7.42,-5.9299191374663005,False,54.132783180668724,-0.10057754758527437,-0.19220378479819655,0.18325247442584436,True,False,False,False,,,14.580267783646883,11.366380243334163,21.008042864272326,False,False,2026-07-23,7.0,True,74636.0,102467.8,0.7283849170178339,False,51536600.0,1.01,51.02633663366337,2.046783625731008,2.3391812865497097,5.065101226763002,0.0,100.0,True,9.89,False,False,False,False,False,False
894,002384,东山精密,C 制造业,腾讯前复权日K回退（成交额、换手率已提供）,False,2026-08-03,162.81,173.316,219.9435,False,False,False,False,280.08,-41.87017994858611,False,34.932798799392,-18.13493282475619,-10.10945530505883,-16.050955039394722,False,True,False,False,,,41.94295991325282,49.48233427311936,26.864211193519736,False,False,,,False,808712.0,1024294.6,0.7895306682276759,False,13392677500.0,5.83,2297.2002572898796,-5.055983205038483,5.260088640074651,-25.976443950378165,66.51884700665181,9.201773835920307,False,280.08,False,False,False,False,False,False
895,002385,大北农,C 制造业,腾讯前复权日K回退（成交额、换手率已提供）,False,2026-08-03,3.11,3.032,3.001,True,True,True,True,3.13,-0.6389776357827481,False,58.911598673135956,0.001132285604640515,-0.018066632806283338,0.038397836821847706,True,False,False,False,,,26.820254693154066,23.95574032799948,32.54928342346324,False,False,,,False,800819.0,466887.2,1.7152301455255146,False,248710000.0,2.31,107.66666666666666,1.967213114754096,3.2786885245901667,3.632122625791403,30.00000000000022,69.99999999999977,False,3.87,False,False,False,False,True,False
896,002386,天原股份,C 制造业,腾讯前复权日K回退（成交额、换手率已提供）,False,2026-08-03,5.84,5.782,5.741,True,True,True,True,6.29,-7.15421303656598,False,51.250624335841884,-0.04376910679457513,-0.06812062304995502,0.048703032510759775,True,False,False,False,2026-07-29,3.0,20.056833069591857,18.145931599432398,23.87863600991077,False,False,2026-07-29,3.0,True,127653.0,129418.6,0.9863574478475273,False,73963500.0,0.98,75.47295918367347,0.3436426116838476,1.8900343642611586,1.724438251175757,0.0,100.0,True,6.82,False,False,False,False,False,False
897,002387,维信诺,C 制造业,腾讯前复权日K回退（成交额、换手率已提供）,False,2026-08-03,7.01,6.984,6.965000000000001,True,True,True,True,8.34,-15.947242206235012,False,46.52396415853947,-0.3364336713493685,-0.4343324088997145,0.1957974751006919,True,False,False,False,2026-07-29,3.0,29.35376866638288,24.33181713471008,39.397671729728486,False,False,,,False,112136.0,235869.4,0.47541563254919883,False,78065400.0,0.8,97.58175,1.1544011544011523,2.4531024531024523,0.6460875807609338,11.764705882353217,88.23529411764677,True,9.27,False,False,False,False,False,False
898,002388,新亚制程,C 制造业,腾讯前复权日K回退（成交额、换手率已提供）,False,2026-08-03,4.7,4.804,4.372,False,True,True,False,5.54,-15.162454873646206,False,50.96192018932472,-0.07905669925369985,-0.1824245748474945,0.2067357511875893,True,False,False,False,2026-07-27,5.0,32.92210854864779,30.138766533620924,38.48879257870152,False,False,2026-07-23,7.0,True,575986.0,1060148.6,0.5433068533977218,False,268951100.0,11.38,23.633664323374337,1.0752688172043001,4.086021505376352,7.502287282708149,21.052631578947345,78.94736842105266,True,6.99,False,False,False,False,False,False
899,002389,航天彩虹,C 制造业,腾讯前复权日K回退（成交额、换手率已提供）,False,2026-08-03,18.59,18.536,17.821,True,True,True,True,19.32,-3.778467908902693,False,55.29248627887698,0.06424715078846432,-0.13581013409905318,0.400114569775035,True,False,False,False,,,28.93890477710777,24.801148958366863,37.214416414589586,False,False,2026-07-20,10.0,True,187886.0,245662.2,0.7648144484580859,False,347465000.0,1.91,181.9188481675393,-0.4284949116229342,2.035350830208905,4.315133830873679,21.052631578947715,78.94736842105229,True,23.1,False,False,False,False,True,False
900,002390,信邦制药,F 批发零售,腾讯前复权日K回退（成交额、换手率已提供）,False,2026-08-03,3.01,2.976,2.9299999999999997,True,True,True,True,3.2,-5.937500000000012,False,57.486975763810044,0.03415361750448165,0.027893957779168026,0.012519319450627245,True,False,False,False,,,52.62596776122826,50.688468390773075,56.50096650213864,False,False,,,False,186867.0,212500.2,0.8793732900016094,False,56070500.0,0.97,57.80463917525773,0.6688963210702115,1.3377926421404693,2.7303754266211633,25.000000000000554,74.99999999999945,True,3.31,False,False,False,False,True,False
901,002391,长青股份,C 制造业,腾讯前复权日K回退（成交额、换手率已提供）,False,2026-08-03,5.32,5.208,5.1175,True,True,True,True,5.34,-0.37453183520598454,False,58.83308799684019,0.0010340554553716075,-0.03771117275194543,0.07749045641463408,True,False,False,False,,,24.669401302984244,20.875227463844997,32.25774898126274,False,False,2026-07-27,5.0,True,86531.0,68117.8,1.270314073560802,False,45583900.0,1.86,24.507473118279567,1.333333333333342,2.6666666666666607,3.957010258915497,7.1428571428570065,92.85714285714299,True,6.35,False,False,False,False,False,False
902,002392,北京利尔,C 制造业,腾讯前复权日K回退（成交额、换手率已提供）,False,2026-08-03,7.29,7.15,7.1135,True,True,True,True,8.84,-17.53393665158371,False,48.68046177925121,-0.21931295620942226,-0.29131424831504393,0.14400258421124335,True,False,False,False,2026-07-28,4.0,14.520448479300532,12.950212361884006,17.66092071413358,False,False,2026-07-28,4.0,True,106276.0,125283.6,0.8482834145889805,False,76815400.0,0.92,83.495,1.532033426183843,2.3676880222841215,2.4811977226400486,5.8823529411763475,94.11764705882365,True,11.3,False,False,False,False,False,False
903,002393,力生制药,C 制造业,腾讯前复权日K回退（成交额、换手率已提供）,False,2026-08-03,14.39,14.204000000000002,14.459999999999999,True,False,False,True,15.65,-8.051118210862619,False,48.94773565210887,-0.1544992059035497,-0.1504731501318735,-0.008052111543352392,False,True,False,False,,,13.413509922486725,12.75325954221997,14.734010683020234,True,False,2026-08-03,0.0,True,18342.0,22418.4,0.818167219783749,False,26287500.0,0.61,43.09426229508197,1.0533707865168607,1.6853932584269677,-0.4840940525587725,8.333333333333147,91.66666666666686,True,16.72,False,False,False,False,False,False
904,002394,联发股份,C 制造业,腾讯前复权日K回退（成交额、换手率已提供）,False,2026-08-03,9.15,8.91,8.701,True,True,True,True,10.85,-15.668202764976952,False,53.32973010575082,-0.1918048438144826,-0.33729521141785523,0.2909807352067453,True,False,False,False,2026-07-28,4.0,19.369280642027466,14.742622885856187,28.622596154370026,False,False,2026-07-24,6.0,True,46680.0,61871.0,0.7544730164374263,False,42548100.00000001,1.44,29.547291666666673,2.578475336322872,3.251121076233194,5.16032639926445,20.689655172413897,79.31034482758609,True,12.89,False,False,False,False,False,False
905,002395,双象股份,C 制造业,腾讯前复权日K回退（成交额、换手率已提供）,False,2026-08-03,12.26,11.886,11.8935,True,True,False,True,12.96,-5.401234567901243,False,50.958721892475545,-0.3086332833957055,-0.45361626531057186,0.2899659638297327,True,False,False,False,,,9.112059889825863,7.459254690289971,12.417670288897646,False,False,2026-07-28,4.0,True,28213.0,27089.0,1.0414928568791761,False,34164400.0,1.05,32.537523809523805,2.9387069689336576,3.610411418975648,3.081515113297182,16.279069767441936,83.72093023255806,True,21.0,False,False,False,False,False,False
906,002396,星网锐捷,C 制造业,腾讯前复权日K回退（成交额、换手率已提供）,False,2026-08-03,24.96,26.02,28.938,False,False,False,False,36.98,-32.50405624661979,False,44.944519097454986,0.8196084893740831,1.7885610174663331,-1.9379050561845,False,True,False,False,,,48.18151625346393,58.15909746902988,28.22635382233203,False,False,,,False,677421.0,1133798.0,0.5974794451921771,False,1736522500.0,8.94,194.24189038031324,-4.2210283960091965,12.010744435917124,-13.746630727762795,63.89776357827471,12.77955271565501,False,36.98,False,True,False,False,True,False
907,002397,梦洁股份,C 制造业,腾讯前复权日K回退（成交额、换手率已提供）,False,2026-08-03,3.52,3.4219999999999997,3.475,True,True,False,True,4.07,-13.51351351351352,False,45.804586850026766,-0.17624276897020508,-0.22174091853455266,0.09099629912869517,True,False,False,False,2026-07-28,4.0,13.629052265252833,11.282310308397603,18.322536178963293,False,False,2026-07-21,9.0,True,135960.0,158757.8,0.8563988667013527,False,47317400.0,2.1,22.532095238095234,2.3255813953488413,2.906976744186036,1.2949640287769764,9.999999999999822,90.00000000000018,True,5.91,False,False,False,False,False,False
908,002398,垒知集团,C 制造业,腾讯前复权日K回退（成交额、换手率已提供）,False,2026-08-03,4.07,3.9219999999999997,3.7880000000000003,True,True,True,True,4.0,1.750000000000007,True,60.13973226580571,-0.016470887227753472,-0.07072610583078127,0.1085104372060556,True,False,False,False,,,19.867527235482495,14.498056778407985,30.60646814963151,False,False,2026-07-27,5.0,True,142426.0,126788.8,1.1233326602980704,False,57615000.0,2.37,24.310126582278482,2.77777777777779,3.787878787878786,7.4445617740232315,13.333333333333059,86.66666666666694,True,5.08,False,False,False,False,False,False
909,002399,海普瑞,C 制造业,腾讯前复权日K回退（成交额、换手率已提供）,False,2026-08-03,9.71,9.642,9.6625,True,True,False,True,10.41,-6.724303554274728,False,52.6120273560996,0.03857015642657835,0.04429066095444773,-0.011441009055738763,False,True,False,False,,,37.04224153002993,36.24669544070588,38.63333370867804,False,False,,,False,37347.0,36976.2,1.01002807211125,False,36135300.0,0.3,120.451,0.20639834881321928,1.3415892672858698,0.49159120310479903,15.384615384614964,84.61538461538504,True,10.87,False,False,False,False,False,False
910,002400,省广集团,L 商务服务,腾讯前复权日K回退（成交额、换手率已提供）,False,2026-08-03,6.8,6.467999999999999,6.069999999999999,True,True,True,True,6.93,-1.8759018759018746,False,60.48864327202959,-0.04449554533926037,-0.20163489752308583,0.31427870436765093,True,False,False,False,2026-07-10,16.0,21.20353442622315,15.721799982089921,32.167003314489605,False,False,2026-07-27,5.0,True,1505543.0,1101289.8,1.367072499899663,False,1016498300.0,8.72,116.57090596330275,0.0,4.117647058823533,12.02635914332785,28.57142857142857,71.42857142857143,True,9.88,False,False,False,False,True,False
911,002401,中远海科,I 信息技术,腾讯前复权日K回退（成交额、换手率已提供）,False,2026-08-03,12.54,12.046,11.6355,True,True,True,True,12.27,2.200488997555009,True,61.98981496999432,-0.05033787289497482,-0.216223866558949,0.3317719873279484,True,False,False,False,2026-07-10,16.0,20.556453489854032,14.244692656588057,33.17997515638598,False,False,2026-07-28,4.0,True,48727.0,45303.6,1.0755657387050919,False,60443000.0,1.31,46.13969465648855,2.450980392156854,2.4509803921568687,7.77362382364315,3.333333333333847,96.66666666666616,True,15.69,False,False,False,False,True,False
912,002402,和而泰,C 制造业,腾讯前复权日K回退（成交额、换手率已提供）,False,2026-08-03,20.52,19.966,21.731,True,False,False,True,26.98,-23.943661971830988,False,41.26881601677519,-1.4029174303309055,-1.4211310450022214,0.03642722934263176,True,False,True,False,,,8.025134699121622,7.295725310792382,9.483953475780103,True,False,2026-08-03,0.0,True,270730.0,280858.0,0.9639390724138177,False,552625900.0,3.31,166.95646525679757,2.0895522388059584,3.4328358208955287,-5.572684183884783,11.59420289855097,88.40579710144902,True,33.72,False,False,False,False,True,False
913,002403,爱仕达,C 制造业,腾讯前复权日K回退（成交额、换手率已提供）,False,2026-08-03,9.24,8.722,8.8925,True,True,False,True,11.78,-21.561969439728347,False,52.757881223204755,-0.29435194630526595,-0.3981145318358841,0.20752517106123625,True,False,False,False,2026-07-31,1.0,26.479151571306605,19.81264262324491,39.81216946743,False,False,2026-07-29,3.0,True,62170.0,80970.4,0.7678114471461176,False,57110900.0,2.09,27.32578947368421,1.3157894736842257,2.631578947368424,3.9077874613438306,25.000000000000185,74.99999999999982,True,11.96,False,False,False,False,False,True
914,002404,嘉欣丝绸,C 制造业,腾讯前复权日K回退（成交额、换手率已提供）,False,2026-08-03,5.89,5.76,5.689500000000001,True,True,True,True,5.97,-1.3400335008375222,False,53.33452768677381,-0.07600829998301695,-0.13125337158583228,0.11049014320563066,True,False,False,False,2026-07-14,14.0,16.800265225167678,13.255882367274173,23.889030940954687,False,False,2026-07-27,5.0,True,62108.0,75834.0,0.8189993934119261,False,36464700.0,1.36,26.812279411764703,1.376936316695354,2.4096385542168774,3.524035503998576,14.285714285714556,85.71428571428544,True,7.72,False,True,False,False,False,False
915,002405,四维图新,I 信息技术,腾讯前复权日K回退（成交额、换手率已提供）,False,2026-08-03,6.87,6.586,6.336,True,True,True,True,6.81,0.8810572687224744,True,57.605512891041286,-0.11407454050356591,-0.2491757729062549,0.27020246480537796,True,False,False,False,2026-07-06,20.0,13.803527180922918,9.770905554781836,21.868770433205082,False,False,2026-07-21,9.0,True,624458.0,476661.2,1.3100667727937578,False,425044000.0,2.65,160.39396226415096,2.844311377245523,3.7425149700598808,8.4280303030303,3.9999999999999147,96.00000000000009,True,9.88,False,False,False,False,False,False
916,002406,远东传动,C 制造业,腾讯前复权日K回退（成交额、换手率已提供）,False,2026-08-03,6.82,6.5680000000000005,6.4239999999999995,True,True,True,True,6.88,-0.8720930232558082,False,57.111195614296726,-0.06133954453378099,-0.14925728819642442,0.17583548732528687,True,False,False,False,2026-07-06,20.0,19.99755661939948,15.049168450298351,29.894332957601737,False,False,2026-07-28,4.0,True,126108.0,131889.0,0.9561676864636172,False,85497900.00000001,2.09,40.908086124401926,2.095808383233533,2.6946107784431095,6.164383561643849,11.11111111111089,88.88888888888911,True,8.89,False,False,False,False,True,False
917,002407,多氟多,C 制造业,腾讯前复权日K回退（成交额、换手率已提供）,False,2026-08-03,30.01,31.639999999999997,34.1565,False,False,False,False,50.9,-41.04125736738703,False,38.762037595232705,-2.5506721901809684,-2.3581328498207026,-0.38507868072053153,False,True,False,False,,,19.072607620097408,21.222171556532686,14.773479747226851,False,False,,,False,1253642.0,1995762.6,0.6281518653571321,False,3764742600.0,11.62,323.9881755593804,-4.548346055979646,4.834605597964375,-12.139709864886623,1.3157894736841829,46.710526315789544,False,57.5,False,False,False,False,False,False
918,002408,齐翔腾达,C 制造业,腾讯前复权日K回退（成交额、换手率已提供）,False,2026-08-03,5.14,5.056,4.89,True,True,True,True,5.19,-0.9633911368015551,False,56.96670232029919,0.013430022545725784,-0.03675769967096558,0.10037544443338273,True,False,False,False,,,20.3443434377216,17.658891708163864,25.715246896837073,False,False,2026-07-23,7.0,True,251418.0,271454.6,0.9261880255482869,False,128464599.99999999,0.91,141.16989010989008,1.5810276679841806,3.359683794466402,5.112474437627812,11.764705882353217,88.23529411764677,True,6.14,False,True,False,False,True,False
919,002409,雅克科技,C 制造业,腾讯前复权日K回退（成交额、换手率已提供）,False,2026-08-03,120.91,142.05599999999998,162.368,False,False,False,False,229.0,-47.200873362445414,False,36.02618933254793,-7.816264834029198,-2.46548665768634,-10.701556352685717,False,True,False,False,,,35.768573522633226,41.59275081483597,24.120218938227723,False,False,,,False,384574.0,498475.8,0.7714998401125993,False,4764342400.0,12.07,394.72596520298254,-9.63378176382662,8.40059790732436,-25.533356326369727,14.76868327402133,4.359430604982163,False,246.44,False,False,False,False,False,False
920,002410,广联达,I 信息技术,腾讯前复权日K回退（成交额、换手率已提供）,False,2026-08-03,9.77,9.216000000000001,8.7095,True,True,True,True,9.53,2.518363064008397,True,68.1836622332377,0.14060634272564343,-0.002776529740917643,0.2867657449331221,True,False,False,False,,,38.21255294572952,29.237952845026182,56.16175314713619,False,False,,,False,585696.0,321464.0,1.8219645123559713,True,568138300.0,3.73,152.3158981233244,3.936170212765955,4.787234042553184,12.176359148056711,13.333333333333464,86.66666666666654,True,11.35,False,False,False,False,False,False
921,002412,汉森制药,C 制造业,腾讯前复权日K回退（成交额、换手率已提供）,False,2026-08-03,6.77,6.798,6.5575,False,True,True,False,8.12,-16.625615763546794,False,54.06613352068676,0.20009654786850906,0.19646138546346018,0.007270324810097761,True,False,False,False,,,54.026711015743125,58.271327182934094,45.53747868136118,False,False,,,False,218873.0,595439.0,0.36758257352978224,False,148036600.0,4.4,33.644681818181816,0.2962962962962834,2.0740740740740695,3.240564239420503,50.00000000000032,49.99999999999968,False,8.12,False,False,False,False,True,False
922,002413,雷科防务,C 制造业,腾讯前复权日K回退（成交额、换手率已提供）,False,2026-08-03,8.13,7.9159999999999995,8.128,True,True,False,True,10.25,-20.682926829268286,False,43.88177893480166,-0.4902827728125967,-0.5976310448049452,0.21469654398469706,True,False,False,False,2026-07-28,4.0,11.794053624087857,10.314781407060954,14.752598058141661,False,False,2026-07-21,9.0,True,504384.0,432250.0,1.1668802776171197,False,406631500.0,3.89,104.53251928020565,2.7812895069532217,3.160556257901402,0.024606299212606642,3.999999999999901,96.0000000000001,True,14.26,False,False,False,False,True,False
923,002414,高德红外,C 制造业,腾讯前复权日K回退（成交额、换手率已提供）,False,2026-08-03,12.76,13.112,13.504499999999998,False,False,False,False,14.95,-14.648829431438124,False,43.99307702584707,-0.05305167668169908,0.08189573181951865,-0.26989481700243545,False,True,False,False,,,36.1740151762938,45.261652574124874,17.998740380631645,False,False,,,False,724551.0,1232474.8,0.58788301391639,False,925055200.0,2.13,434.2982159624413,1.1895321173671647,4.44091990483742,-5.512977155762884,32.14285714285717,67.85714285714283,False,15.14,False,False,False,False,False,False
924,002415,海康威视,C 制造业,腾讯前复权日K回退（成交额、换手率已提供）,False,2026-08-03,37.95,36.62,35.128,True,True,True,True,38.09,-0.3675505381990038,False,66.97940999532793,1.0453795057719617,0.8293886030961723,0.4319818053515787,True,False,False,False,2026-07-22,8.0,85.32705768638665,82.92019407953796,90.14078490008404,False,False,,,False,1533759.0,1612162.4,0.9513675545342083,False,5873160200.0,1.7,3454.800117647059,0.7968127490040056,4.435590969455516,8.033477567752229,73.65269461077818,26.34730538922182,False,38.09,True,True,False,False,True,False
925,002416,爱施德,F 批发零售,腾讯前复权日K回退（成交额、换手率已提供）,False,2026-08-03,10.15,9.760000000000002,9.1755,True,True,True,True,10.08,0.6944444444444473,True,63.501470128193695,0.008415077589653208,-0.1882388436989125,0.3933078425771314,True,False,False,False,2026-07-13,15.0,24.418256319990817,18.955044674080593,35.344679611811266,False,False,2026-07-28,4.0,True,164981.0,232800.6,0.7086794449842483,False,165788500.0,1.35,122.8062962962963,1.3986013986013957,2.797202797202791,10.620674622636377,3.5714285714285032,96.4285714285715,True,13.6,False,False,False,False,False,False
926,002418,康盛股份,C 制造业,腾讯前复权日K回退（成交额、换手率已提供）,False,2026-08-03,3.53,3.4159999999999995,3.3910000000000005,True,True,True,True,4.15,-14.93975903614459,False,47.05382797375748,-0.18537079677384227,-0.25465963035217826,0.13857766715667197,True,False,False,False,2026-07-23,7.0,13.162666505578173,11.436250722811677,16.615498071111166,False,False,2026-07-21,9.0,True,296204.0,367089.8,0.8068979306970665,False,103251600.0,2.61,39.56,2.915451895043719,3.7900874635568482,4.09908581539367,7.692307692307876,92.30769230769212,True,6.69,False,False,False,False,False,False
927,002419,天虹股份,F 批发零售,腾讯前复权日K回退（成交额、换手率已提供）,False,2026-08-03,4.66,4.522,4.407,True,True,True,True,4.61,1.0845986984815579,True,60.350338022110684,0.002915702471558035,-0.03934706235438256,0.08452552965188119,True,False,False,False,,,24.938479545435474,20.602355357509392,33.61072792128764,False,False,,,False,122165.0,109879.8,1.1118058096210586,False,56400700.0,1.07,52.71093457943925,1.969365426695835,2.84463894967177,5.7408668028137075,7.692307692307534,92.30769230769246,True,5.41,False,True,True,False,True,False
928,002420,毅昌科技,C 制造业,腾讯前复权日K回退（成交额、换手率已提供）,False,2026-08-03,5.65,5.324,5.1945,True,True,True,True,5.89,-4.0747028862478665,False,58.27740222704461,-0.08079585617680785,-0.1650727452389224,0.16855377812422911,True,False,False,False,2026-07-27,5.0,20.31880776079054,15.04995980879402,30.856503664783585,False,False,2026-07-23,7.0,True,104398.0,90360.8,1.1553461235402962,False,57910600.00000001,2.58,22.445968992248062,5.018587360594795,5.018587360594804,8.768890172297636,0.0,100.0,True,7.44,False,False,False,False,False,False
929,002421,达实智能,I 信息技术,腾讯前复权日K回退（成交额、换手率已提供）,False,2026-08-03,3.16,2.874,2.8725,True,True,True,True,3.4,-7.058823529411757,False,52.505538792440056,-0.1879978952378476,-0.25958712921131644,0.14317846794693767,True,False,False,False,2026-07-27,5.0,13.777345429228268,11.238857220910965,18.85432184586287,False,False,2026-07-31,1.0,True,788362.0,1515938.0,0.520048972979106,False,244637900.0,3.94,62.09083756345178,10.104529616724744,7.6655052264808425,10.008703220191475,0.0,100.0,True,6.16,False,False,False,False,False,True
930,002422,科伦药业,C 制造业,腾讯前复权日K回退（成交额、换手率已提供）,False,2026-08-03,41.33,43.162,45.76199999999999,False,False,False,False,52.78,-21.69382341796135,False,44.24354336149651,0.708379488037238,1.7822835595141209,-2.1478081429537657,False,True,False,False,,,57.922433984511144,64.80370579471331,44.159890364106815,False,False,,,False,305932.0,393396.2,0.7776689251192563,False,1298589500.0,2.36,550.2497881355932,-4.857274401473299,7.826887661141802,-9.684891394606868,24.411764705882312,9.705882352941131,False,52.78,False,True,False,False,True,False
931,002423,中粮资本,J 金融业,腾讯前复权日K回退（成交额、换手率已提供）,False,2026-08-03,9.36,9.224,8.9795,True,True,True,True,9.59,-2.3983315954118916,False,60.69507623791022,0.11198801919356072,0.06798961223190705,0.08799681392330733,True,False,False,False,,,40.90538954192968,35.37371623985603,51.96873614607698,False,False,,,False,121453.0,151994.6,0.7990612824402972,False,113363300.0,0.53,213.8930188679245,0.9708737864077666,1.2944983818770142,4.237429700985574,8.33333333333321,91.66666666666679,True,10.13,False,False,False,False,False,False
932,002424,ST百灵,C 制造业,腾讯前复权日K回退（成交额、换手率已提供）,False,2026-08-03,4.59,4.574,4.527,True,True,True,True,4.83,-4.968944099378887,False,53.72251609703405,0.00657740203802426,-0.007061844827200507,0.027278493730449535,True,False,False,False,2026-07-29,3.0,31.12754984873041,28.30358194536201,36.775485655467214,False,False,,,False,59849.0,56394.8,1.0612503280444296,False,27402600.000000004,0.52,52.6973076923077,-0.21739130434782483,1.956521739130432,1.3916500994035723,44.44444444444456,44.44444444444456,False,5.05,False,False,False,False,False,False
933,002425,凯撒文化,I 信息技术,腾讯前复权日K回退（成交额、换手率已提供）,False,2026-08-03,2.86,2.752,2.6485,True,True,True,True,2.95,-3.0508474576271287,False,59.663415307592494,-0.009314907513940263,-0.05458208165876704,0.09053434828965355,True,False,False,False,2026-07-27,5.0,27.180812658858287,20.56638232557359,40.40967332542768,False,False,2026-07-27,5.0,True,435400.0,436734.2,0.9969450526201062,False,123867200.0,4.73,26.187568710359407,1.4184397163120588,2.4822695035460938,7.985652255993961,28.571428571428665,71.42857142857135,True,3.74,False,False,False,False,True,False
934,002426,胜利精密,C 制造业,腾讯前复权日K回退（成交额、换手率已提供）,False,2026-08-03,2.63,2.5540000000000003,2.774,True,False,False,True,3.73,-29.490616621983918,False,37.513761585332325,-0.2815458471717136,-0.3088550657979768,0.05461843725252635,True,False,False,False,2026-07-31,1.0,17.475761264161246,14.605236493643028,23.216810805197678,False,False,2026-07-21,9.0,True,729964.0,1082229.8,0.6744999999075981,False,190093900.0,2.15,88.41576744186047,1.9379844961240345,3.1007751937984525,-5.191059841384287,0.0,100.0,True,4.34,False,False,False,False,True,False
935,002427,尤夫股份,C 制造业,腾讯前复权日K回退（成交额、换手率已提供）,False,2026-08-03,4.3,4.1819999999999995,4.145999999999999,True,True,True,True,5.2,-17.307692307692314,False,50.17838928665335,-0.1230139729942552,-0.16986452595148532,0.09370110591446024,True,False,False,False,2026-07-29,3.0,11.962807039506515,9.060759828327463,17.76690146186462,False,False,2026-07-28,4.0,True,98939.0,118889.8,0.8321908187245668,False,42094399.99999999,1.0,42.09439999999999,2.3809523809523725,2.8571428571428594,3.7144235407622004,0.0,100.0,True,5.96,False,False,False,False,False,False
936,002428,云南锗业,C 制造业,腾讯前复权日K回退（成交额、换手率已提供）,False,2026-08-03,68.35,67.04400000000001,81.458,True,False,False,False,110.77,-38.295567391893115,False,37.93461921365016,-8.504778975039216,-7.066168885809835,-2.877220178458762,False,True,False,False,,,29.191783850879577,32.8818097658701,21.811732020898532,False,False,,,False,757428.0,605997.4,1.2498865506683692,False,5243863600.0,11.6,452.05720689655175,2.0911127707244015,6.213592233009703,-16.091728252596436,84.13461538461546,15.865384615384546,False,132.87,False,True,True,False,True,False
937,002429,兆驰股份,C 制造业,腾讯前复权日K回退（成交额、换手率已提供）,False,2026-08-03,7.51,7.398000000000001,8.628,True,False,False,False,11.7,-35.81196581196581,False,35.244217355454,-0.8906515691297034,-0.8646201451438358,-0.052062847971735327,False,True,False,False,,,5.815868892768562,6.547354339748715,4.352897998808256,False,False,,,False,609655.0,704897.2,0.8648849789728205,False,453180700.0,1.35,335.6894074074074,1.076716016150736,3.2301480484522234,-12.957811775614283,8.333333333333519,91.66666666666649,True,13.79,False,False,False,False,False,False
938,002430,杭氧股份,C 制造业,腾讯前复权日K回退（成交额、换手率已提供）,False,2026-08-03,23.29,23.078,24.0935,True,False,False,False,28.59,-18.537950332284016,False,42.19115191583682,-1.0469296411314808,-1.0563089739057705,0.018758665548579412,True,False,True,False,,,9.675461215509866,9.574503426280979,9.877376793967642,True,False,,,False,102519.0,139139.4,0.736807834445168,False,237930000.0,1.05,226.6,1.3049151805132775,2.8708133971291874,-3.334924357191772,7.575757575757682,92.42424242424232,True,32.31,False,True,False,False,False,False
939,002431,ST棕榈,E 建筑业,腾讯前复权日K回退（成交额、换手率已提供）,False,2026-08-03,1.35,1.318,1.3015,True,True,True,True,1.43,-5.594405594405584,False,51.36425622924302,-0.027097382320954377,-0.044854660011035566,0.03551455538016238,True,False,False,False,,,7.549193933614299,6.567158401098349,9.513264998646198,False,False,2026-07-29,3.0,True,186465.0,178160.8,1.0466107022420197,False,25066900.0,1.03,24.336796116504853,1.5037593984962516,2.2556390977443628,3.726469458317325,33.33333333333333,66.66666666666666,False,1.85,False,False,False,False,False,False
940,002432,九安医疗,C 制造业,腾讯前复权日K回退（成交额、换手率已提供）,False,2026-08-03,64.65,65.838,67.3755,False,False,False,False,87.12,-25.792011019283745,False,46.473317944479355,-0.35814583969025193,0.2318774132012334,-1.1800465057829705,False,True,False,False,,,30.56231104778756,36.06121417971652,19.564504783929635,False,False,,,False,390065.0,402109.8,0.9700459924130176,False,2574644300.0,8.38,307.2367899761336,-5.565293602103405,5.959684487291847,-4.045238996371079,45.34313725490219,4.1666666666667105,False,91.5,False,False,False,False,False,True
941,002434,万里扬,C 制造业,腾讯前复权日K回退（成交额、换手率已提供）,False,2026-08-03,5.8,5.554,5.621499999999999,True,True,False,True,6.88,-15.69767441860465,False,49.73569782043263,-0.22684812998974913,-0.3030607939800546,0.15242532798061093,True,False,False,False,2026-07-28,4.0,14.61913276390453,10.532893781257433,22.79161072919872,False,False,2026-07-27,5.0,True,162971.0,152689.2,1.0673380959491567,False,93809400.0,1.24,75.65274193548387,3.0195381882770933,3.197158081705146,3.175309081206094,5.555555555555445,94.44444444444456,True,8.02,False,True,False,False,False,False
942,002436,兴森科技,C 制造业,腾讯前复权日K回退（成交额、换手率已提供）,False,2026-08-03,26.3,28.880000000000003,35.2555,False,False,False,False,47.49,-44.61991998315435,False,31.893346266315817,-3.722520075617279,-2.7351338714054756,-1.9747724084236067,False,True,False,False,,,26.018675927914273,32.284052942662036,13.487921898418747,False,False,,,False,995339.0,1264439.4,0.7871780964750071,False,2658798800.0,6.56,405.3046951219512,-4.398400581606687,6.652126499454737,-25.401710371431403,18.032786885245823,16.393442622950875,False,55.0,False,False,False,False,False,False
943,002437,誉衡药业,C 制造业,腾讯前复权日K回退（成交额、换手率已提供）,False,2026-08-03,2.88,2.8659999999999997,2.9355,True,False,False,False,3.24,-11.11111111111112,False,49.34392312230228,-0.009432321211388484,3.808467367051203e-06,-0.018872259357511068,False,True,False,False,,,30.583073025284904,30.755439826626162,30.238339422602387,False,False,,,False,492046.0,645468.0,0.7623088983497246,False,141321300.0,2.34,60.393717948717956,1.0526315789473717,2.1052631578947385,-1.8906489524782941,33.33333333333333,66.66666666666666,False,3.39,False,False,False,False,True,False
944,002438,江苏神通,C 制造业,腾讯前复权日K回退（成交额、换手率已提供）,False,2026-08-03,13.97,12.776,12.6995,True,True,True,True,14.83,-5.799055967633173,False,58.0731185536635,-0.4506426400870538,-0.6800974559188009,0.4589096316634942,True,False,False,False,2026-07-27,5.0,22.21820851089502,15.390452154124604,35.873721224435855,False,False,2026-07-21,9.0,True,134656.0,57612.6,2.337266500730743,True,184224500.0,2.87,64.1897212543554,10.000000000000009,5.433070866141742,10.004330879168473,0.0,100.0,True,18.07,False,False,False,False,False,True
945,002439,启明星辰,I 信息技术,腾讯前复权日K回退（成交额、换手率已提供）,False,2026-08-03,14.07,13.778,13.4755,True,True,True,True,14.59,-3.5640849897189826,False,57.08892558537109,0.1276560822402555,0.04910215555928939,0.1571078533619322,True,False,False,False,,,32.63502434381754,29.977734728980966,37.949603573490684,False,False,,,False,342857.0,394934.0,0.868137460942841,False,483531800.0,4.71,102.66067940552017,0.5718370264474526,2.787705503931371,4.41171014062558,38.46153846153821,43.589743589743705,False,17.15,False,False,False,False,False,False
946,002440,闰土股份,C 制造业,腾讯前复权日K回退（成交额、换手率已提供）,False,2026-08-03,12.99,13.276,11.631499999999999,False,True,True,True,14.22,-8.649789029535867,False,59.925351382920766,0.8029346173070664,0.6439213808862678,0.31802647284159713,True,False,False,False,2026-07-15,13.0,84.87973112163559,82.0363205636345,90.56655223763775,False,False,,,False,665736.0,772873.6,0.8613775913681099,False,878634299.9999999,7.03,124.98354196301561,-5.251641137855589,6.637490882567469,11.679491037269495,23.076923076923165,20.879120879120823,False,14.22,False,False,False,False,True,False
947,002441,众业达,F 批发零售,腾讯前复权日K回退（成交额、换手率已提供）,False,2026-08-03,8.08,7.912000000000001,7.704499999999999,True,True,True,True,8.16,-0.980392156862746,False,54.85041414682935,-0.06756489489996742,-0.15359454070801207,0.1720592916160893,True,False,False,False,2026-07-14,14.0,19.85423738843204,16.148721080421264,27.26527000445359,False,False,2026-07-27,5.0,True,75408.0,47355.2,1.592391120721695,False,60424799.99999999,1.89,31.97079365079365,2.020202020202011,2.020202020202022,4.8737750665195865,0.0,100.0,True,10.28,False,False,False,True,False,False
948,002442,龙星科技,C 制造业,腾讯前复权日K回退（成交额、换手率已提供）,False,2026-08-03,4.9,4.75,4.699,True,True,True,True,5.42,-9.594095940959402,False,51.02680867160117,-0.13954586000793512,-0.20618128053047136,0.13327084104507247,True,False,False,False,2026-07-27,5.0,13.23757978376839,11.146952320217009,17.418834710871156,False,False,2026-07-21,9.0,True,104836.0,103234.2,1.0155161758409519,False,50807600.0,2.13,23.853333333333335,2.941176470588247,3.151260504201688,4.277505852309013,0.0,100.0,True,8.92,False,False,False,False,False,False
949,002443,金洲管道,C 制造业,腾讯前复权日K回退（成交额、换手率已提供）,False,2026-08-03,8.15,7.948,8.547500000000001,True,False,False,True,10.42,-21.785028790786946,False,37.102063608141435,-0.6285706607881245,-0.6779084528375557,0.09867558409886246,True,False,False,False,2026-07-31,1.0,12.504019573614423,11.819475282738212,13.873108155366847,True,False,2026-08-03,0.0,True,151969.0,130835.4,1.1615281491094918,False,123102200.0,2.92,42.15828767123288,2.0025031289111483,2.8785982478097565,-4.650482597250667,17.391304347825752,82.60869565217425,True,13.85,False,False,False,False,True,False
950,002444,巨星科技,C 制造业,腾讯前复权日K回退（成交额、换手率已提供）,False,2026-08-03,29.85,29.839999999999996,29.725500000000004,True,True,True,True,34.42,-13.27716443927949,False,48.852811249514325,-0.32247447250988515,-0.4478476585679639,0.25074637211615747,True,False,False,False,2026-07-29,3.0,33.63767810549653,31.69278337447393,37.52746756754174,False,False,,,False,95761.0,136202.6,0.7030776211320489,False,286492600.0,0.84,341.0626190476191,-0.30060120240480437,2.404809619238473,0.4188323156885421,48.611111111111384,44.44444444444456,False,36.45,False,True,False,False,True,False
951,002445,中南文化,C 制造业,腾讯前复权日K回退（成交额、换手率已提供）,False,2026-08-03,2.95,2.8899999999999997,2.7860000000000005,True,True,True,True,2.96,-0.33783783783783067,False,53.68834089703688,-0.03483976771737529,-0.07674439254062347,0.08380924964649636,True,False,False,False,2026-07-14,14.0,16.490862619242876,14.454262976929968,20.56406190386869,False,False,2026-07-22,8.0,True,405149.0,432693.8,0.9363411262190492,False,118755200.0,1.71,69.44748538011696,2.7874564459930307,2.7874564459930338,5.886575735821956,12.499999999999723,87.50000000000028,True,4.27,False,False,False,False,False,False
952,002446,盛路通信,C 制造业,腾讯前复权日K回退（成交额、换手率已提供）,False,2026-08-03,7.78,7.581999999999999,8.330499999999999,True,False,False,True,11.28,-31.028368794326234,False,39.3566108800068,-0.7381448257442891,-0.7655385923066634,0.05478753312474871,True,False,True,False,,,15.192665086346855,13.592707471395924,18.392580316248715,False,False,2026-07-28,4.0,True,250619.0,255683.2,0.9801934581544661,False,193030500.0,2.96,65.21300675675676,3.0463576158940464,3.1788079470198705,-6.608246803913315,0.0,100.0,True,12.22,False,False,False,False,False,False
953,002448,中原内配,C 制造业,腾讯前复权日K回退（成交额、换手率已提供）,False,2026-08-03,11.8,11.918000000000001,11.293000000000001,False,True,True,False,12.97,-9.020817270624518,False,50.980856732378065,-0.13203943310087674,-0.318868320197891,0.37365777419402857,True,False,False,False,2026-07-24,6.0,27.433362951068172,25.163220855190733,31.973647142823047,False,False,2026-07-21,9.0,True,201976.0,328427.2,0.6149795144860108,False,238629199.99999997,3.48,68.57160919540229,0.7685738684884758,3.159692570452613,4.489506774107851,67.5675675675674,32.43243243243261,False,16.16,False,True,False,False,True,False
954,002449,国星光电,C 制造业,腾讯前复权日K回退（成交额、换手率已提供）,False,2026-08-03,6.39,6.238,6.317,True,True,False,True,7.54,-15.251989389920428,False,44.19927818909726,-0.3220823160406008,-0.39861745364422846,0.15307027520725536,True,False,False,False,2026-07-29,3.0,13.418903608947597,10.442662104569692,19.371386617703408,False,False,2026-07-27,5.0,True,76526.0,81191.4,0.9425382491249074,False,48444700.0,1.24,39.068306451612905,2.076677316293929,3.0351437699680575,1.1556118410637883,5.263157894737187,94.73684210526281,True,9.1,False,True,False,False,False,False
955,002451,摩恩电气,C 制造业,腾讯前复权日K回退（成交额、换手率已提供）,False,2026-08-03,7.24,7.016,6.718999999999999,True,True,True,True,7.35,-1.4965986394557746,False,55.68386026849078,-0.10334911059921748,-0.23201428885676237,0.2573303565150898,True,False,False,False,2026-07-15,13.0,22.236370483746544,18.336987526661122,30.03513639791739,False,False,2026-07-21,9.0,True,191599.0,216513.8,0.8849274272586782,False,137482100.0,4.36,31.532591743119262,3.2810271041369576,4.2796005706134075,7.754130078880799,13.333333333333353,86.66666666666664,True,10.47,False,False,False,False,False,False
956,002452,长高电气,C 制造业,腾讯前复权日K回退（成交额、换手率已提供）,False,2026-08-03,11.15,10.815999999999999,10.941,True,True,False,True,13.86,-19.552669552669546,False,50.50506056753494,-0.20992856868526744,-0.2473205597009412,0.0747839820313475,True,False,False,False,2026-07-31,1.0,27.570917373635265,25.32043570658439,32.07188070773701,False,False,,,False,160567.0,142064.0,1.1302441153283027,False,177771900.0,3.1,57.34577419354839,3.049907578558231,2.772643253234757,1.9102458641806017,6.666666666666508,93.33333333333348,True,13.86,False,True,False,False,True,False
957,002453,华软科技,C 制造业,腾讯前复权日K回退（成交额、换手率已提供）,False,2026-08-03,4.22,4.114,4.0185,True,True,True,True,4.68,-9.82905982905983,False,48.685603728882526,-0.1723048478072764,-0.2529934803038663,0.16137726499317984,True,False,False,False,2026-07-23,7.0,19.322998381766148,16.612422380414625,24.744150384469194,False,False,2026-07-21,9.0,True,102029.0,132674.6,0.7690168276369402,False,42574200.0,1.69,25.19183431952663,2.1791767554479424,2.9055690072639253,5.014308821699622,8.333333333333888,91.6666666666661,True,6.68,False,False,False,False,False,False
958,002454,松芝股份,C 制造业,腾讯前复权日K回退（成交额、换手率已提供）,False,2026-08-03,5.04,4.874,4.7435,True,True,True,True,5.18,-2.7027027027026964,False,55.681486474241154,-0.0849073606115418,-0.1628813795560539,0.15594803788902417,True,False,False,False,,,13.765121015260462,10.592015518906882,20.111332007967622,False,False,2026-07-23,7.0,True,122255.0,96151.8,1.2714790570743344,False,60691300.0,1.39,43.66280575539569,3.490759753593431,4.928131416837787,6.250658796247496,12.500000000000092,87.49999999999991,True,7.4,False,True,False,False,True,False
959,002455,百川股份,C 制造业,腾讯前复权日K回退（成交额、换手率已提供）,False,2026-08-03,6.69,6.465999999999999,6.3655,True,True,True,True,7.82,-14.45012787723785,False,48.69515393177559,-0.3165531682684932,-0.4488100513854177,0.2645137662338489,True,False,False,False,2026-07-23,7.0,9.248924947898617,7.572197922141734,12.602378999412386,False,False,2026-07-21,9.0,True,310306.0,342647.4,0.9056131755267951,False,205869000.0,4.7,43.80191489361702,3.5603715170278605,4.798761609907114,5.097792789254583,6.451612903225677,93.54838709677432,True,10.64,False,False,False,False,False,False
960,002456,欧菲光,C 制造业,腾讯前复权日K回退（成交额、换手率已提供）,False,2026-08-03,7.35,7.096000000000001,7.775999999999999,True,False,False,True,9.99,-26.42642642642643,False,41.52292981749536,-0.5289439617047762,-0.5385859560553382,0.019283988701124022,True,False,True,False,,,14.589447651193408,10.913548518132671,21.94124591731488,False,False,2026-07-29,3.0,True,779639.0,776079.6,1.0045863852110015,False,569572200.0,2.35,242.3711489361702,1.8005540166204925,3.3240997229916927,-5.478395061728386,20.833333333333613,79.16666666666639,True,10.22,False,False,False,False,True,False
961,002457,青龙管业,C 制造业,腾讯前复权日K回退（成交额、换手率已提供）,False,2026-08-03,10.86,10.292,11.6065,True,False,False,True,16.5,-34.18181818181819,False,45.9742489994559,-0.7162339761796694,-0.6902923033810875,-0.0518833455971639,False,True,False,False,,,14.08340202844675,11.568685961216206,19.11283416290784,False,False,2026-07-31,1.0,True,327867.0,240432.4,1.3636556470758516,False,354467100.0,9.84,36.02307926829268,4.322766570605174,4.226705091258418,-6.431740834877017,45.45454545454557,54.54545454545443,False,16.5,False,False,False,False,False,False
962,002458,益生股份,A 农林牧渔,腾讯前复权日K回退（成交额、换手率已提供）,False,2026-08-03,8.73,8.506,8.6305,True,True,False,True,9.77,-10.644831115660176,False,52.510830623702766,0.028611678417259867,0.04703845516473028,-0.03685355349494082,False,True,False,False,,,58.20710336607323,56.62983109193383,61.36164791435202,False,False,,,False,322262.0,470766.0,0.6845481619318302,False,282107800.0,3.33,84.71705705705706,0.22962112514350874,2.9850746268656687,1.152888013440714,46.15384615384589,53.84615384615411,False,9.84,False,False,False,False,True,False
963,002459,晶澳科技,C 制造业,腾讯前复权日K回退（成交额、换手率已提供）,False,2026-08-03,7.89,7.5,7.325,True,True,True,True,8.58,-8.041958041958045,False,54.85890048840565,-0.18798094203390825,-0.316113609242182,0.25626533441654753,True,False,False,False,2026-07-22,8.0,12.741653780209981,9.481577411292278,19.26180651804539,False,False,2026-07-21,9.0,True,787898.0,382974.6,2.057311372608001,True,613850700.0,2.38,257.92046218487394,5.059920106524629,5.72569906790945,7.713310580204771,9.302325581395362,90.69767441860463,True,11.39,False,False,False,False,True,False
964,002460,赣锋锂业,C 制造业,腾讯前复权日K回退（成交额、换手率已提供）,False,2026-08-03,50.4,49.8,51.024499999999996,True,False,False,True,65.75,-23.34600760456274,False,39.0635156578561,-3.693157278702813,-4.459048343208199,1.5317821290107716,True,False,False,False,2026-07-27,5.0,10.090346688441421,9.143433637606888,11.984172790110488,False,False,2026-07-21,9.0,True,412492.0,441467.4,0.9343657085438245,False,2061483400.0,3.41,604.5405865102639,1.3880506940253445,6.014886340776507,-1.2239218414683097,16.722408026755843,83.27759197324416,True,89.8,False,True,True,False,True,False
965,002461,珠江啤酒,C 制造业,腾讯前复权日K回退（成交额、换手率已提供）,False,2026-08-03,9.2,8.854000000000001,8.343499999999999,True,True,True,True,9.05,1.6574585635358958,True,71.37484839385455,0.15250144852798186,0.024442000368678187,0.25611889631860735,True,False,False,False,2026-07-08,18.0,50.05058275680332,42.69039998374615,64.77094830291767,False,False,,,False,110832.0,91672.6,1.2089981084860688,False,101611500.0,0.5,203.223,2.1087680355160954,3.329633740288576,10.265476119134663,16.666666666666863,83.33333333333314,True,10.25,False,False,False,False,False,False
966,002462,嘉事堂,F 批发零售,腾讯前复权日K回退（成交额、换手率已提供）,False,2026-08-03,11.98,11.755999999999998,11.493500000000001,True,True,True,True,12.23,-2.044153720359771,False,54.13617038239459,-0.09868924702833404,-0.2214610634276986,0.24554363279872915,True,False,False,False,2026-07-13,15.0,27.915677705080792,24.166005772341567,35.41502157055924,False,False,,,False,35285.0,28330.2,1.245490677792603,False,41932299.99999999,1.21,34.654793388429745,1.0118043844856706,1.8549747048903935,4.232827250184883,0.0,100.0,True,14.25,False,False,False,False,False,False
967,002463,沪电股份,C 制造业,腾讯前复权日K回退（成交额、换手率已提供）,False,2026-08-03,101.61,102.582,119.921,False,False,False,False,142.99,-28.939086649416048,False,38.44290560758008,-8.210429135207562,-5.753068236407077,-4.91472179760097,False,True,False,False,,,35.0446932745344,39.898942401040834,25.336195021521533,False,False,,,False,419513.0,662927.6,0.6328187271128853,False,4269303700.0,2.18,1958.3961926605502,-2.0626506024096436,4.096385542168675,-15.269218902444115,48.47058823529417,42.35294117647052,False,158.2,False,True,False,False,False,False
968,002465,海格通信,C 制造业,腾讯前复权日K回退（成交额、换手率已提供）,False,2026-08-03,10.28,9.93,10.636500000000002,True,False,False,True,13.72,-25.0728862973761,False,41.64073705293277,-0.8501762063661094,-0.9731917242533238,0.24603103577442886,True,False,False,False,2026-07-29,3.0,7.86724950888767,6.255385633608956,11.090977259445097,False,False,2026-07-27,5.0,True,518685.0,554401.8,0.9355759667446967,False,528385100.0,2.09,252.8158373205742,2.8000000000000025,3.9000000000000057,-3.351666431626966,5.128205128205467,94.87179487179453,True,18.5,False,False,False,False,True,False
969,002466,天齐锂业,C 制造业,腾讯前复权日K回退（成交额、换手率已提供）,False,2026-08-03,45.75,45.416000000000004,46.961,True,False,False,True,61.11,-25.135002454590083,False,40.14973389234446,-3.412176563991565,-3.9479557806125998,1.0715584332420693,True,False,False,False,2026-07-29,3.0,11.806984033265012,11.020803259449115,13.379345580896807,False,False,2026-07-23,7.0,True,386214.0,465762.8,0.8292074850116841,False,1749685000.0,2.62,667.8187022900763,0.8820286659316334,5.24807056229328,-2.57873554651732,18.06722689075627,81.93277310924373,True,80.83,False,False,False,False,False,False
970,002467,二六三,I 信息技术,腾讯前复权日K回退（成交额、换手率已提供）,False,2026-08-03,4.78,4.612,4.46,True,True,True,True,4.83,-1.0351966873705967,False,54.314458181292125,-0.09327406450777431,-0.1810805032159441,0.17561287741633957,True,False,False,False,2026-07-08,18.0,14.805017983665488,12.073872582808669,20.26730878537913,False,False,2026-07-22,8.0,True,461610.0,557666.2,0.8277532330272124,False,218708100.0,3.38,64.70653846153847,1.9189765458422103,2.558635394456292,7.174887892376688,0.0,100.0,True,7.17,False,False,False,False,False,False
971,002468,申通快递,G 运输仓储,腾讯前复权日K回退（成交额、换手率已提供）,False,2026-08-03,14.37,14.084,14.714999999999998,True,False,False,True,17.22,-16.550522648083625,False,48.686510267300584,-0.2775070643601847,-0.24562094780729737,-0.06377223310577462,False,True,False,False,,,26.608353486205477,24.4654559616441,30.894148535328235,False,False,,,False,163603.0,197366.2,0.8289311949057133,False,234778100.0,1.12,209.62330357142858,1.9148936170212627,2.8368794326241162,-2.3445463812436214,37.50000000000006,62.49999999999994,False,17.22,False,False,False,False,True,False
972,002469,三维化学,C 制造业,腾讯前复权日K回退（成交额、换手率已提供）,False,2026-08-03,5.89,5.696,5.6135,True,True,True,True,5.98,-1.505016722408039,False,53.959172279709094,-0.10128218480302209,-0.16896987526854745,0.13537538093105073,True,False,False,False,2026-07-15,13.0,11.290102448344536,8.008175967115418,17.853955410802772,False,False,2026-07-28,4.0,True,62924.0,63581.0,0.9896667243358865,False,36787100.0,1.0,36.7871,2.256944444444442,2.604166666666673,4.925625723701782,6.666666666667101,93.3333333333329,True,7.42,False,False,False,False,True,False
973,002470,金正大,C 制造业,腾讯前复权日K回退（成交额、换手率已提供）,False,2026-08-03,1.94,1.8920000000000001,1.876,True,True,True,True,2.07,-6.280193236714972,False,49.291341739255124,-0.05482416076648078,-0.07905480885358483,0.04846129617420811,True,False,False,False,2026-07-14,14.0,10.898314255140889,8.786926263281458,15.12109023885975,False,False,2026-07-22,8.0,True,761390.0,783103.6,0.9722723787759372,False,146302400.0,2.32,63.06137931034483,2.645502645502651,2.6455026455026482,3.4115138592750567,0.0,100.0,True,3.17,False,False,False,False,False,False
974,002471,中超控股,C 制造业,腾讯前复权日K回退（成交额、换手率已提供）,False,2026-08-03,5.68,5.264,5.193,True,True,True,True,6.54,-13.14984709480123,False,53.0378829041928,-0.2751203168109324,-0.40194318115923133,0.25364572869659785,True,False,False,False,2026-07-23,7.0,14.460668119503689,11.442505635823444,20.49699308686418,False,False,2026-07-21,9.0,True,2136165.0,461922.4,4.624510523845563,False,1193724800.0,15.89,75.12427942101951,9.652509652509655,8.68725868725869,9.378008858078186,4.444444444444545,95.55555555555544,True,9.0,False,False,False,False,False,True
975,002472,双环传动,C 制造业,腾讯前复权日K回退（成交额、换手率已提供）,False,2026-08-03,38.85,36.958,39.184,True,False,False,True,49.42,-21.388101983002834,False,49.35168702558873,-1.2359129475336985,-1.2373669800789926,0.0029080650905881633,True,False,True,False,,,20.58352970603369,17.066125153600122,27.61833881090083,False,False,2026-07-31,1.0,True,308361.0,250356.6,1.2316871214899068,False,1207501400.0,4.12,293.0828640776699,1.1192087454450883,3.930244664237371,-0.8523887300939059,62.251655629139,37.748344370861,False,49.42,False,True,False,False,True,False
976,002474,榕基软件,I 信息技术,腾讯前复权日K回退（成交额、换手率已提供）,False,2026-08-03,6.26,6.124,5.7715000000000005,True,True,True,True,6.29,-0.47694753577106913,False,57.93136915516164,-0.025293224692291894,-0.13982081945807023,0.22905518953155668,True,False,False,False,2026-07-10,16.0,23.799211857933617,19.351908286393833,32.69381900101319,False,False,2026-07-21,9.0,True,202923.0,303536.8,0.6685284947327639,False,126184200.0,3.84,32.86046875,0.8051529790660261,2.7375201288244755,8.464004158364363,17.647058823529566,82.35294117647044,True,8.55,False,False,False,False,False,False
977,002475,立讯精密,C 制造业,腾讯前复权日K回退（成交额、换手率已提供）,False,2026-08-03,53.71,58.398,60.24400000000001,False,False,False,False,65.52,-18.02503052503052,False,37.44540594791808,-2.127299203387686,-1.879924841130034,-0.49474872451530416,False,True,False,True,2026-07-24,6.0,33.32581749011501,39.361901547740935,21.253649374863144,False,False,,,False,1861212.0,1394183.0,1.3349840013828889,False,10068828400.0,2.54,3964.1056692913385,-6.558803061934581,5.010438413361174,-10.845893366974312,3.472222222222268,20.48611111111121,False,81.64,False,False,False,False,False,False
978,002476,新叶股份,C 制造业,腾讯前复权日K回退（成交额、换手率已提供）,False,2026-08-03,4.5,4.34,4.346500000000001,True,True,False,True,4.94,-8.906882591093126,False,49.403586147903994,-0.1562107443425793,-0.2097382151561489,0.10705494162713919,True,False,False,False,2026-07-27,5.0,15.624837333412449,12.105261412114572,22.6639891760082,False,False,2026-07-21,9.0,True,69605.0,86805.0,0.801854731870284,False,30914899.999999996,1.14,27.11833333333333,3.2110091743119185,3.6697247706421847,3.531577131024946,12.499999999999792,87.50000000000021,True,6.18,False,False,False,False,False,False
979,002478,常宝股份,C 制造业,腾讯前复权日K回退（成交额、换手率已提供）,False,2026-08-03,6.42,6.23,5.989,True,True,True,True,6.51,-1.3824884792626706,False,56.496258051164595,-0.07522220079241038,-0.18083658250907023,0.2112287634333197,True,False,False,False,,,11.700087325577869,9.602145060685626,15.895971855362355,False,False,2026-07-21,9.0,True,167356.0,170704.6,0.9803836569137563,False,106108900.0,2.32,45.73659482758621,3.548387096774186,4.032258064516129,7.196526966104526,0.0,100.0,True,8.91,False,True,False,False,True,False
980,002479,富春环保,D 水电煤气,腾讯前复权日K回退（成交额、换手率已提供）,False,2026-08-03,5.55,5.395999999999999,5.0615000000000006,True,True,True,True,5.47,1.4625228519195625,True,66.33363036068529,0.17713832406504437,0.1262833828336801,0.10170988246272855,True,False,False,False,2026-07-06,20.0,58.29410104552435,54.280173385566464,66.32195636544013,False,False,,,False,237454.0,195467.6,1.214799792906855,False,130686200.00000001,2.75,47.52225454545455,3.5447761194029814,4.10447761194031,9.651289143534509,9.090909090909275,90.90909090909072,True,5.77,False,False,False,False,False,False
981,002480,新筑股份,C 制造业,腾讯前复权日K回退（成交额、换手率已提供）,False,2026-08-03,5.54,5.312,5.1915,True,True,True,True,5.41,2.4029574861367817,True,60.59903258538205,-0.022554144368538864,-0.07747343817894274,0.10983858762080775,True,False,False,False,2026-07-09,17.0,21.82324447943769,17.641539186354887,30.186655065603297,False,False,2026-07-23,7.0,True,188099.0,62678.4,3.0010178945218766,True,103523400.0,2.45,42.254448979591835,4.924242424242431,5.303030303030307,6.712896080130994,28.57142857142857,71.42857142857143,True,6.9,False,False,False,False,False,False
982,002481,双塔食品,C 制造业,腾讯前复权日K回退（成交额、换手率已提供）,False,2026-08-03,4.23,4.18,4.103,True,True,True,True,4.32,-2.08333333333333,False,58.550708045090765,0.03753649829239958,0.0221972970501708,0.030678402484457558,True,False,False,False,2026-07-29,3.0,44.96300838247772,39.75281851555877,55.383388116315615,False,False,,,False,69591.0,93364.2,0.7453713521885262,False,29317500.0,0.62,47.28629032258064,0.47505938242280443,1.6627078384798168,3.0952961247867576,14.285714285713924,85.71428571428608,True,4.59,False,True,False,False,True,False
983,002482,广田集团,E 建筑业,腾讯前复权日K回退（成交额、换手率已提供）,False,2026-08-03,1.28,1.25,1.2260000000000002,True,True,True,True,1.29,-0.7751937984496131,False,53.956507272951455,-0.016047092357489356,-0.03095062180042114,0.029807058885863567,True,False,False,False,2026-07-06,20.0,17.837731338614415,15.072184856390137,23.368824303062965,False,False,2026-07-28,4.0,True,648211.0,525173.2,1.2342804240581966,False,82718900.0,1.73,47.814393063583815,1.5873015873015817,2.3809523809523827,4.4045676998368535,33.33333333333333,66.66666666666666,False,1.73,False,False,False,False,False,False
984,002483,润邦股份,C 制造业,腾讯前复权日K回退（成交额、换手率已提供）,False,2026-08-03,5.26,5.152,5.0344999999999995,True,True,True,True,5.25,0.1904761904761864,True,56.16404860464629,-0.024941092236423046,-0.07590227250499705,0.10192236053714801,True,False,False,False,,,18.111747717310923,14.02397827386408,26.287286604204613,False,False,2026-07-27,5.0,True,96415.0,108683.8,0.8871147309902672,False,50396000.0,1.09,46.2348623853211,1.348747591522148,2.11946050096338,4.479094249677233,9.090909090908944,90.90909090909105,True,6.37,False,True,False,False,False,False
985,002484,江海股份,C 制造业,腾讯前复权日K回退（成交额、换手率已提供）,False,2026-08-03,53.92,58.498000000000005,72.92550000000001,False,False,False,False,105.0,-48.647619047619045,False,34.43132583540461,-8.170600557718728,-5.964224019123302,-4.412753077190853,False,True,False,False,,,36.45189341309811,41.024826074458126,27.306028090378092,False,False,,,False,470863.0,489525.2,0.9618769370810737,False,2607380100.0,5.74,454.2474041811846,-8.158746380514392,9.606540623403168,-26.061528546256124,37.76595744680855,10.106382978723408,False,115.44,False,False,False,False,False,False
986,002485,ST雪发,L 商务服务,腾讯前复权日K回退（成交额、换手率已提供）,False,2026-08-03,5.25,5.218,5.447,True,False,False,True,6.35,-17.322834645669285,False,47.88967983015023,-0.03566965870856098,0.008489088535938617,-0.0883174944889992,False,True,False,False,,,41.58388835096657,41.58343172404624,41.584801604807225,True,False,,,False,23176.0,19657.8,1.1789722145916635,False,12006700.0,0.43,27.922558139534882,0.0,3.0476190476190506,-3.6166697264549303,6.2499999999998614,93.75000000000013,True,6.35,False,True,False,False,False,False
987,002486,嘉麟杰,C 制造业,腾讯前复权日K回退（成交额、换手率已提供）,False,2026-08-03,2.33,2.262,2.2425,True,True,True,True,2.4,-2.9166666666666603,False,55.92840857953841,-0.020118599091290434,-0.04029981573519507,0.040362433287809266,True,False,False,False,2026-07-28,4.0,26.48004226007384,21.749313675932925,35.94149942835567,False,False,2026-07-27,5.0,True,239765.0,258692.8,0.9268329076031494,False,55148700.0,2.92,18.88654109589041,2.643171806167399,2.643171806167403,3.9018952062430277,0.0,100.0,True,2.92,False,True,False,False,False,False
988,002487,大金重工,C 制造业,腾讯前复权日K回退（成交额、换手率已提供）,False,2026-08-03,40.8,40.094,41.395500000000006,True,False,False,True,56.1,-27.27272727272728,False,38.18285065159739,-4.2859525215490635,-5.224777690652694,1.8776503382072605,True,False,False,False,2026-07-27,5.0,7.510369385947155,6.682096760810027,9.166914636221412,False,False,2026-07-21,9.0,True,325363.0,330283.6,0.9851018942508802,False,1318758400.0,5.16,255.57333333333332,3.5270235980715547,7.2824156305506165,-1.4385621625539209,19.860627177700376,80.13937282229962,True,86.26,False,False,False,False,True,False
989,002488,金固股份,C 制造业,腾讯前复权日K回退（成交额、换手率已提供）,False,2026-08-03,9.19,8.784,8.767999999999999,True,True,True,True,9.69,-5.159958720330238,False,52.57918728767543,-0.17229540771265128,-0.26734338430723054,0.1900959531891585,True,False,False,False,2026-07-20,10.0,17.330281396458762,14.675191311548133,22.640461566280024,False,False,2026-07-31,1.0,True,365757.0,236303.4,1.5478279195305695,False,337483700.0,3.98,84.79489949748744,0.9890109890109855,6.043956043956053,4.81295620437957,36.36363636363619,43.63636363636362,False,13.24,False,False,False,False,False,True
990,002489,浙江永强,C 制造业,腾讯前复权日K回退（成交额、换手率已提供）,False,2026-08-03,2.77,2.678,2.681,True,True,False,True,2.86,-3.146853146853142,False,49.741278405306716,-0.0836398527369262,-0.11940674039417175,0.0715337753144911,True,False,False,False,2026-07-07,19.0,11.960649749080636,9.770382602987878,16.34118404126615,False,False,2026-07-29,3.0,True,241416.0,246676.2,0.9786756890206675,False,66107299.99999999,1.26,52.466111111111104,2.592592592592591,2.592592592592587,3.3196568444610204,0.0,100.0,True,4.15,False,False,False,False,True,False
991,002490,山东墨龙,C 制造业,腾讯前复权日K回退（成交额、换手率已提供）,False,2026-08-03,7.4,7.484,7.627,False,False,False,True,9.07,-18.412348401323044,False,48.40419100137257,0.0073992111985656805,0.02235769283575144,-0.029916963274371516,False,True,False,False,,,25.962872707023518,25.32078535015212,27.247047420766307,False,False,,,False,472359.0,717662.4,0.658191093751045,False,343446900.0,8.72,39.3861123853211,-0.9370816599732157,4.149933065595711,-2.9762685197325216,9.677419354838515,90.3225806451615,True,10.58,False,False,False,False,True,False
992,002491,通鼎互联,C 制造业,腾讯前复权日K回退（成交额、换手率已提供）,False,2026-08-03,13.86,14.39,17.988500000000002,False,False,False,False,26.37,-47.44027303754267,False,28.51404363959125,-3.031194193839543,-2.7574267785250424,-0.5475348306290009,False,True,False,False,,,15.567575084560657,19.043940029297705,8.61484519508656,False,False,,,False,1024711.0,1580020.6,0.648542810138045,False,1411018700.0,8.71,161.99985074626863,-0.7163323782235054,3.6532951289398263,-22.95077410567864,29.411764705882437,70.58823529411757,True,39.71,False,False,False,False,False,False
993,002492,恒基达鑫,G 运输仓储,腾讯前复权日K回退（成交额、换手率已提供）,False,2026-08-03,5.42,5.290000000000001,5.175,True,True,True,True,5.74,-5.5749128919860675,False,51.95309717276195,-0.11468992419861213,-0.1884791803151133,0.14757851223300233,True,False,False,False,2026-07-23,7.0,18.68707331017589,16.131431907137685,23.7983561162523,False,False,2026-07-21,9.0,True,71332.0,89718.8,0.7950619045283709,False,38129800.0,1.79,21.301564245810056,3.632887189292533,3.824091778202663,4.734299516908215,4.999999999999911,95.00000000000009,True,8.25,False,False,False,False,True,False
994,002493,荣盛石化,C 制造业,腾讯前复权日K回退（成交额、换手率已提供）,False,2026-08-03,12.26,12.204,11.613,True,True,True,True,12.65,-3.0830039525691744,False,56.738765078112394,0.21088779155157233,0.10962795577744645,0.20251967154825176,True,False,False,False,2026-07-17,11.0,48.60123791451998,43.852686468521235,58.09834080651747,False,False,,,False,533293.0,472988.0,1.1274979492080137,False,650371500.0,0.57,1141.0026315789476,-0.8090614886731351,6.148867313915856,5.571342461035049,26.315789473684358,60.526315789473585,False,13.66,False,False,False,False,True,False
995,002494,华斯股份,C 制造业,腾讯前复权日K回退（成交额、换手率已提供）,False,2026-08-03,4.6,4.398000000000001,4.4035,True,True,False,True,4.88,-5.737704918032792,False,54.04469444231765,-0.10609695058535973,-0.15661442649161378,0.1010349518125081,True,False,False,False,2026-07-28,4.0,18.352947852238554,14.340608197308791,26.377627162098076,False,False,,,False,135495.0,132917.6,1.0193909610164493,False,61317100.0,4.72,12.990911016949154,4.072398190045234,4.072398190045263,4.462359486771874,5.5555555555559115,94.44444444444409,True,6.36,False,True,False,False,False,False
996,002495,佳隆股份,C 制造业,腾讯前复权日K回退（成交额、换手率已提供）,False,2026-08-03,2.31,2.206,2.1495,True,True,True,True,2.29,0.873362445414848,True,61.138733576026695,-0.0034264711232459,-0.02969872309175821,0.05254450393702462,True,False,False,False,,,29.63371267172813,22.55158895366264,43.797960107859105,False,False,2026-07-28,4.0,True,247233.0,228500.0,1.0819824945295404,False,56171700.0,3.56,15.778567415730336,3.587443946188351,3.587443946188344,7.4668527564549825,0.0,100.0,True,2.73,False,True,False,False,False,False
997,002496,辉丰股份,C 制造业,腾讯前复权日K回退（成交额、换手率已提供）,False,2026-08-03,1.97,1.9140000000000001,1.956,True,True,False,True,2.3,-14.347826086956516,False,48.39961227402452,-0.05898125411256805,-0.07153827042301757,0.025114032620899035,True,False,False,False,2026-07-29,3.0,16.96260798570082,15.117752246294662,20.652319464513138,False,False,2026-07-31,1.0,True,209603.0,205863.2,1.0181664328544393,False,40665400.0,1.77,22.974802259887003,2.604166666666674,3.645833333333337,0.7157464212678942,0.0,100.0,True,2.77,False,False,False,False,False,False
998,002497,雅化集团,C 制造业,腾讯前复权日K回退（成交额、换手率已提供）,False,2026-08-03,17.94,17.656,18.298,True,False,False,True,24.65,-27.22109533468559,False,44.393275695828706,-1.025512052491564,-1.220343132857028,0.3896621607309281,True,False,False,False,2026-07-28,4.0,11.113071110008258,9.988699082312806,13.361815165399165,False,False,2026-07-23,7.0,True,384232.0,373071.0,1.0299165574381284,False,685801600.0,3.63,188.9260606060606,2.33884768967485,5.305191100969764,-1.9564979779210678,20.430107526881482,79.56989247311851,True,31.62,False,False,False,False,False,False
999,002498,汉缆股份,C 制造业,腾讯前复权日K回退（成交额、换手率已提供）,False,2026-08-03,7.24,6.952,6.139,True,True,True,True,7.32,-1.0928961748633887,False,58.96638154328896,0.029491311749980653,-0.2012980063375709,0.4615786361751031,True,False,False,False,2026-07-23,7.0,28.602514030454945,24.29383134150498,37.21987940835488,False,False,2026-07-21,9.0,True,2316271.0,2557818.6,0.9055649998010022,False,1644071700.0000002,6.96,236.21719827586213,6.002928257686668,10.541727672035135,17.93451702231634,24.999999999999968,75.00000000000003,True,11.66,False,True,False,False,True,False
1000,002500,山西证券,J 金融业,腾讯前复权日K回退（成交额、换手率已提供）,False,2026-08-03,5.48,5.380000000000001,5.35,True,True,True,True,5.49,-0.18214936247722746,False,59.05825826489307,0.04009899931519989,0.034264414797476564,0.011669169035446653,True,False,True,False,,,65.62104207076133,59.01506019166328,78.83300582895743,False,False,,,False,272742.0,249830.6,1.0917077411654137,False,148542000.0,0.76,195.45,1.2939001848428777,2.5878003696857776,2.4299065420560897,7.142857142856962,92.85714285714303,True,5.7,False,False,False,False,True,False
1001,002501,*ST利源,C 制造业,腾讯前复权日K回退（成交额、换手率已提供）,False,2026-08-03,1.25,1.2360000000000002,1.2600000000000002,True,False,False,True,1.44,-13.194444444444443,False,45.28931665897419,-0.03599494944721071,-0.04297400867651209,0.013958118458602758,True,False,False,False,2026-07-29,3.0,5.183013272771643,4.65777144619717,6.233496925920591,False,False,2026-07-31,1.0,True,226435.0,186165.4,1.2163108719450553,False,28034200.0,0.64,43.8034375,0.0,2.400000000000002,-0.7936507936508118,0.0,100.0,True,1.74,False,True,False,False,False,False
1002,002506,协鑫集成,C 制造业,腾讯前复权日K回退（成交额、换手率已提供）,False,2026-08-03,2.68,2.5460000000000003,2.5125,True,True,True,True,3.02,-11.258278145695359,False,49.8701824771184,-0.13284633601284845,-0.18937658473724564,0.11306049744879437,True,False,False,False,2026-07-23,7.0,7.890725944486285,6.214301796369874,11.24357424071911,False,False,2026-07-21,9.0,True,3221593.0,2309936.4,1.3946674029639952,False,854008800.0,5.51,154.9925226860254,5.51181102362206,6.2992125984252025,6.666666666666665,18.74999999999986,81.25000000000013,True,4.9,False,False,False,False,True,False
1003,002507,涪陵榨菜,C 制造业,腾讯前复权日K回退（成交额、换手率已提供）,False,2026-08-03,12.15,11.995999999999999,11.5325,True,True,True,True,12.22,-0.572831423895256,False,66.6430491153304,0.1793833099518345,0.08747350012730015,0.18381961964906868,True,False,False,False,2026-07-06,20.0,69.39071335158701,56.42772827121839,95.31668351232425,False,False,,,False,125468.0,158798.0,0.7901107066839633,False,153090700.0,1.09,140.45018348623853,-0.3281378178835004,1.72272354388844,5.354433123780617,61.904761904762026,19.04761904761941,False,12.3,True,False,False,False,False,False
1004,002508,老板电器,C 制造业,腾讯前复权日K回退（成交额、换手率已提供）,False,2026-08-03,16.07,16.227999999999998,15.613999999999999,False,True,True,True,16.69,-3.7147992810065964,False,54.16360532848686,0.12340920157951807,0.013391206240560376,0.22003599067791538,True,False,False,False,,,29.476427500537216,28.076757048027677,32.2757684055563,False,False,,,False,101868.0,120978.0,0.8420373952288845,False,163189200.0,1.09,149.71486238532108,0.8155583437892133,2.0702634880802906,2.9204560010247302,18.18181818181789,81.81818181818211,True,18.67,False,False,False,False,True,False
1005,002510,天汽模,C 制造业,腾讯前复权日K回退（成交额、换手率已提供）,False,2026-08-03,5.68,5.59,5.3535,True,True,True,True,5.78,-1.730103806228383,False,53.97028581957654,-0.06327657291592104,-0.14943397582453213,0.1723148058172222,True,False,False,False,2026-07-16,12.0,20.9492213910914,17.622933450886677,27.601797271500843,False,False,2026-07-21,9.0,True,143155.0,186544.4,0.7674044356196166,False,80930000.0,1.42,56.99295774647887,1.0676156583629748,1.7793594306049918,6.098813860091516,10.000000000000622,89.99999999999937,True,7.66,False,False,False,False,False,False
1006,002511,中顺洁柔,C 制造业,腾讯前复权日K回退（成交额、换手率已提供）,False,2026-08-03,7.47,7.358,7.1579999999999995,True,True,True,True,7.52,-0.6648936170212743,False,62.17098269797142,0.08659900724554781,0.036606361532872334,0.09998529142535095,True,False,False,False,,,35.542334021071326,31.32937713320115,43.96824779681168,False,False,,,False,142933.0,153087.4,0.9336692634403616,False,106754700.0,1.13,94.47318584070797,0.0,2.008032128514049,4.358759430008386,33.33333333333333,66.66666666666666,False,8.32,False,False,False,False,True,False
1007,002512,ST达华,C 制造业,腾讯前复权日K回退（成交额、换手率已提供）,False,2026-08-03,3.79,3.572,3.379,True,True,True,True,3.85,-1.5584415584415598,False,59.25364902784009,-0.029206821068583633,-0.12031776290430272,0.18222188367143818,True,False,False,False,2026-07-09,17.0,28.83526095991606,22.381168413321003,41.743446053106176,False,False,2026-07-27,5.0,True,373116.0,375435.4,0.993822106279802,False,141442200.0,3.41,41.47865102639296,2.156334231805923,4.3126684636118515,12.163361941402782,43.749999999999986,56.25000000000002,False,5.33,False,True,False,False,True,True
1008,002513,蓝丰生化,C 制造业,腾讯前复权日K回退（成交额、换手率已提供）,False,2026-08-03,4.87,4.718,4.644,True,True,True,True,5.1,-4.5098039215686185,False,52.71195582290989,-0.11070943560431523,-0.1787843978764116,0.13614992454419272,True,False,False,False,2026-07-23,7.0,25.856934931628242,20.951492092672904,35.667820609538914,False,False,2026-07-21,9.0,True,80414.0,88734.4,0.9062325321408609,False,38743600.0,2.78,13.936546762589929,2.742616033755274,4.430379746835443,4.866494401378121,9.523809523809321,90.47619047619068,True,6.75,False,False,False,False,False,False
1009,002514,*ST宝馨,C 制造业,腾讯前复权日K回退（成交额、换手率已提供）,False,2026-08-03,2.0,1.86,1.81,True,True,True,True,2.38,-15.966386554621845,False,48.259457554910036,-0.21573537212140703,-0.30669840922955033,0.1819260742162866,True,False,False,False,2026-07-23,7.0,12.672082796545382,9.960375631007922,18.095497127620302,False,False,2026-07-23,7.0,True,667922.0,623653.4,1.0709826964785247,False,127126299.99999999,12.06,10.541152570480927,9.890109890109876,12.087912087912086,10.49723756906077,0.0,100.0,True,4.95,False,False,False,False,True,True
1010,002515,金字火腿,C 制造业,腾讯前复权日K回退（成交额、换手率已提供）,False,2026-08-03,6.4,6.837999999999999,7.823,False,False,False,False,9.71,-34.08856848609681,False,35.68477094661354,-0.5149158883568843,-0.3165526395728615,-0.39672649756804557,False,True,False,False,,,22.78654765888736,29.46380827502814,9.432026426605809,False,False,,,False,641407.0,990287.0,0.6476980915633549,False,411799100.00000006,5.82,70.75585910652921,-2.1406727828746086,6.422018348623852,-18.189952703566405,40.47619047619047,23.80952380952394,False,11.67,False,False,False,False,False,False
1011,002516,旷达科技,C 制造业,腾讯前复权日K回退（成交额、换手率已提供）,False,2026-08-03,5.45,5.26,5.2375,True,True,True,True,5.69,-4.217926186291743,False,53.54586141733003,-0.10170108363485664,-0.1478645667395734,0.09232696620943354,True,False,False,False,2026-07-28,4.0,16.971132627516923,12.382617604371555,26.148162673807658,False,False,2026-07-28,4.0,True,113361.0,131649.2,0.8610838501107488,False,61336700.0,0.78,78.63679487179488,3.0245746691871522,3.402646502835533,4.057279236276857,11.11111111111089,88.88888888888911,True,6.83,False,False,False,False,False,False
1012,002517,恺英网络,I 信息技术,腾讯前复权日K回退（成交额、换手率已提供）,False,2026-08-03,18.0,16.71,16.3735,True,True,True,True,18.15,-0.8264462809917278,False,61.70277887332371,0.2031048408615561,0.05417779301058754,0.29785409570193716,True,False,False,False,2026-07-31,1.0,46.388729351235405,37.019034996620036,65.12811806046614,False,False,,,False,1588310.0,961115.4,1.6525695041407098,False,2839393800.0,8.41,337.6211414982164,4.712041884816753,7.562536358347881,9.93373438788286,23.07692307692312,76.92307692307688,True,19.22,False,False,False,False,False,False
1013,002518,科士达,C 制造业,腾讯前复权日K回退（成交额、换手率已提供）,False,2026-08-03,31.0,30.878000000000004,35.3295,True,False,False,False,49.79,-37.738501707170116,False,32.26230839624489,-4.335600453714342,-4.342740128545882,0.014279349663080865,True,False,True,False,,,4.402644574357144,5.059085549631397,3.089762623808637,False,False,,,False,85796.0,120697.0,0.7108378832945309,False,266798500.0,1.52,175.52532894736842,1.241018941868055,2.710646636185494,-12.254631398689488,57.83132530120456,40.963855421686816,False,65.13,False,True,False,False,False,False
1014,002519,银河电子,C 制造业,腾讯前复权日K回退（成交额、换手率已提供）,False,2026-08-03,5.4,5.204,5.172,True,True,True,True,6.1,-11.475409836065563,False,49.69021866508542,-0.21383461055658248,-0.30379021355509345,0.17991120599702193,True,False,False,False,2026-07-24,6.0,15.86810756837418,13.356773955156015,20.89077479481051,False,False,2026-07-21,9.0,True,379301.0,352429.2,1.076247371103189,False,202712200.0,3.39,59.79710914454277,3.646833013435713,4.414587332053751,4.40835266821347,4.347826086956421,95.65217391304358,True,9.11,False,False,False,False,False,False
1015,002520,日发精机,C 制造业,腾讯前复权日K回退（成交额、换手率已提供）,False,2026-08-03,5.63,5.484,5.8315,True,False,False,True,8.22,-31.508515815085165,False,44.435917320150054,-0.3215466929046773,-0.3324415667410727,0.02178974767279085,True,False,True,False,,,20.24252637123151,18.408613371943435,23.91035236980766,False,False,2026-07-31,1.0,True,247318.0,295977.6,0.8355970181527251,False,138899300.0,3.45,40.260666666666665,2.3636363636363678,2.545454545454556,-3.4553716882448806,21.42857142857152,78.57142857142848,True,8.22,False,False,False,False,True,False
1016,002521,齐峰新材,C 制造业,腾讯前复权日K回退（成交额、换手率已提供）,False,2026-08-03,6.95,6.81,6.7765,True,True,True,True,7.45,-6.7114093959731544,False,52.46314161021728,-0.0650712833947944,-0.10709202505893463,0.08404148332828046,True,False,False,False,2026-07-24,6.0,23.94990153510524,22.162616981275875,27.524470642763973,False,False,,,False,40949.0,40756.0,1.004735499067622,False,28291000.0,0.98,28.868367346938776,2.205882352941191,2.6470588235294206,2.560318748616539,22.222222222222168,77.77777777777783,True,8.41,False,False,False,False,False,False
1017,002522,浙江众成,C 制造业,腾讯前复权日K回退（成交额、换手率已提供）,False,2026-08-03,5.01,4.8740000000000006,4.8515,True,True,True,True,6.03,-16.915422885572145,False,43.76723650130359,-0.40605188740097287,-0.5137192315066351,0.2153346882113245,True,False,False,False,2026-07-28,4.0,15.901786671844889,12.943294433319807,21.818771148895053,False,False,2026-07-27,5.0,True,277444.0,363295.8,0.763686230339024,False,137557700.0,3.07,44.807068403908794,1.8292682926829285,3.0487804878048674,3.2670308152117924,0.0,100.0,True,8.44,False,True,False,False,False,False
1018,002523,天桥起重,C 制造业,腾讯前复权日K回退（成交额、换手率已提供）,False,2026-08-03,3.36,3.29,3.162,True,True,True,True,3.35,0.2985074626865608,True,57.74850794143106,0.02901834633885958,0.00041506784861103027,0.0572065569804971,True,False,False,False,,,32.74510293843212,29.00712561831416,40.22105757866803,False,False,,,False,261594.0,211471.4,1.2370183391229264,False,87033500.0,1.85,47.04513513513513,3.0674846625766916,3.680981595092028,6.2618595825426935,25.000000000000185,74.99999999999982,True,3.91,False,False,False,False,False,False
1019,002524,光正眼科,Q 卫生,腾讯前复权日K回退（成交额、换手率已提供）,False,2026-08-03,3.73,3.6339999999999995,3.5755000000000003,True,True,True,True,3.85,-3.1168831168831197,False,56.346994136813585,0.0024024570869203288,-0.023717762431825107,0.05224043903749087,True,False,False,False,2026-07-27,5.0,32.183149519875506,27.708023808636387,41.13340094235374,False,False,,,False,95702.0,129924.4,0.7365975905988406,False,35334300.0,1.87,18.895347593582887,1.91256830601092,2.732240437158472,4.321073975667728,10.000000000000222,89.99999999999979,True,4.55,False,False,False,False,False,False
1020,002526,山东矿机,C 制造业,腾讯前复权日K回退（成交额、换手率已提供）,False,2026-08-03,2.69,2.632,2.555,True,True,True,True,2.71,-0.7380073800738014,False,55.06523031578089,-0.02566375187637071,-0.05966406793445457,0.06800063211616772,True,False,False,False,,,16.011501435746514,12.53333470062317,22.967834905993204,False,False,2026-07-27,5.0,True,219973.0,227322.0,0.9676714088385638,False,58951500.0,1.24,47.54153225806452,1.5094339622641506,2.264150943396228,5.28375733855185,16.666666666667037,83.33333333333296,True,3.47,False,True,False,False,False,False
1021,002527,新时达,C 制造业,腾讯前复权日K回退（成交额、换手率已提供）,False,2026-08-03,11.24,10.736,10.7545,True,True,False,True,14.05,-20.000000000000004,False,48.944530169148564,-0.575444684517711,-0.7714730177289468,0.3920566664224716,True,False,False,False,2026-07-28,4.0,18.742908425073452,14.706673197582205,26.815378880055945,False,False,2026-07-23,7.0,True,85485.0,90193.4,0.9477966236997386,False,95633500.0,1.62,59.03302469135802,2.5547445255474477,3.193430656934303,4.51438932539867,8.571428571428399,91.4285714285716,True,16.93,False,False,False,False,False,False
1022,002528,*ST英飞,C 制造业,腾讯前复权日K回退（成交额、换手率已提供）,False,2026-08-03,4.67,4.636,4.4399999999999995,True,True,True,True,4.89,-4.49897750511247,False,58.41333410872504,0.030778616111515333,-0.016863747946038583,0.09528472811510783,True,False,False,False,2026-07-28,4.0,58.63662370346095,55.703859823087605,64.50215146420764,False,False,,,False,57736.0,103070.6,0.5601597351718143,False,26958500.0,0.55,49.01545454545454,0.21459227467810482,2.145922746781108,5.180180180180191,40.00000000000018,59.99999999999982,False,5.42,False,False,False,False,True,False
1023,002529,海源复材,C 制造业,腾讯前复权日K回退（成交额、换手率已提供）,False,2026-08-03,6.81,6.465999999999999,6.4159999999999995,True,True,True,True,7.32,-6.967213114754108,False,53.85091726646169,-0.1917988253868259,-0.28849457436208703,0.19339149795052224,True,False,False,False,2026-07-28,4.0,26.425908562677165,21.134522781772546,37.0086801244864,False,False,2026-07-23,7.0,True,46090.0,49197.6,0.9368343171211604,False,31011000.0,1.77,17.52033898305085,4.608294930875578,4.454685099846391,6.140897755610975,6.896551724138089,93.10344827586191,True,9.15,False,False,False,False,False,False
1024,002530,金财互联,C 制造业,腾讯前复权日K回退（成交额、换手率已提供）,False,2026-08-03,7.24,7.074000000000001,6.737,True,True,True,True,7.24,0.0,False,57.63291650502214,-0.028689393782799222,-0.1404136402374849,0.22344849290937135,True,False,False,False,2026-07-15,13.0,24.512423829329475,19.596370744936333,34.34452999811575,False,False,,,False,108133.0,160233.4,0.6748468172054016,False,77707900.0,1.56,49.812756410256405,0.8356545961002881,1.9498607242339914,7.46623126020484,0.0,100.0,True,9.3,False,False,False,False,False,False
1025,002531,天顺风能,C 制造业,腾讯前复权日K回退（成交额、换手率已提供）,False,2026-08-03,6.79,6.465999999999999,6.696000000000001,True,True,False,True,8.72,-22.133027522935787,False,42.86237957233053,-0.5915933509619151,-0.7320675400056075,0.2809483780873847,True,False,False,False,2026-07-27,5.0,9.225843654208527,7.297509295099782,13.082512372426018,False,False,2026-07-22,8.0,True,678399.0,492694.6,1.3769158419840608,False,456099500.0,3.8,120.02618421052631,6.42633228840126,6.583072100313479,1.4038231780167176,19.04761904761907,80.95238095238093,True,12.84,False,False,False,False,True,False
1026,002532,天山铝业,C 制造业,腾讯前复权日K回退（成交额、换手率已提供）,False,2026-08-03,12.97,13.018,12.274,False,True,True,True,13.7,-5.328467153284662,False,54.51847523900553,0.1589477823471075,-0.011549062089193138,0.3409936888726013,True,False,False,False,2026-07-06,20.0,29.125863468926052,27.64985671072965,32.07787698531885,False,False,,,False,1049985.0,1001944.0,1.0479477894972173,False,1367370799.9999998,2.56,534.1292187499998,-1.7424242424242342,2.8787878787878847,5.6705230568681895,49.999999999999766,26.315789473684532,False,17.03,False,False,False,False,False,False
1027,002533,金杯电工,C 制造业,腾讯前复权日K回退（成交额、换手率已提供）,False,2026-08-03,11.91,11.386,10.7265,True,True,True,True,11.54,3.2062391681109275,True,63.80765045727377,0.08525598449797656,-0.10372933639477261,0.37797064178549833,True,False,False,False,,,32.339418004269895,24.867654165961493,47.28294568088669,False,False,2026-07-20,10.0,True,202255.0,125567.8,1.6107234498016212,False,239436600.0,3.13,76.49731629392971,4.290718038528896,3.5901926444833636,11.033421899035105,9.756097560975398,90.24390243902461,True,13.97,False,False,False,True,False,False
1028,002534,西子洁能,C 制造业,腾讯前复权日K回退（成交额、换手率已提供）,False,2026-08-03,14.11,13.356,14.725,True,False,False,True,18.6,-24.139784946236567,False,42.43185241032444,-1.3218191974125002,-1.4408741961048237,0.238109997384647,True,False,False,False,2026-07-31,1.0,15.010154872536086,11.018751903078124,22.99296081145201,False,False,2026-07-30,2.0,True,274484.0,206958.8,1.3262736351389746,False,386968000.0,3.33,116.2066066066066,1.8772563176895352,5.342960288808666,-4.176570458404076,52.702702702702766,47.297297297297234,False,22.49,False,False,False,False,True,True
1029,002535,林州重机,C 制造业,腾讯前复权日K回退（成交额、换手率已提供）,False,2026-08-03,2.44,2.2920000000000003,2.2305,True,True,True,True,2.42,0.8264462809917362,True,59.0673694461554,-0.031517627686666216,-0.07176577696127974,0.08049629854922705,True,False,False,False,,,16.360876102945095,12.425108052203528,24.232412204428226,False,False,2026-07-27,5.0,True,211969.0,136995.8,1.5472664125469542,False,50613900.0,2.84,17.82179577464789,6.08695652173914,5.652173913043494,9.392512889486653,7.69230769230785,92.30769230769215,True,3.58,False,True,False,True,True,False
1030,002536,飞龙股份,C 制造业,腾讯前复权日K回退（成交额、换手率已提供）,False,2026-08-03,31.55,37.774,47.396,False,False,False,False,58.79,-46.33441061405001,False,31.48395379929066,-2.8266537510908805,-0.5683004323912705,-4.51670663739922,False,True,False,False,,,32.775669153423586,46.99465823209811,4.337690996074528,False,False,,,False,546635.0,418204.0,1.3071013189735152,False,1767165600.0,10.04,176.01250996015938,-8.8150289017341,6.907514450867043,-33.43320111401806,3.3472803347279667,10.460251046025117,False,58.79,False,False,False,False,False,False
1031,002537,海联金汇,C 制造业,腾讯前复权日K回退（成交额、换手率已提供）,False,2026-08-03,5.91,5.774,5.4765,True,True,True,True,5.92,-0.16891891891891533,False,58.47339673015795,0.014986802480820849,-0.0734778081879964,0.1769292213376345,True,False,False,False,,,21.550419019537888,17.017109524383983,30.6170380098457,False,False,,,False,170589.0,273530.4,0.623656456466996,False,100608100.0,1.46,68.90965753424658,1.0256410256410442,1.7094017094017033,7.915639550808007,19.999999999999645,80.00000000000036,True,7.56,False,False,False,False,True,False
1032,002538,ST司特,C 制造业,腾讯前复权日K回退（成交额、换手率已提供）,False,2026-08-03,6.84,6.489999999999999,6.1964999999999995,True,True,True,True,6.54,4.58715596330275,True,70.69410050075294,0.11965059914076281,0.04901980397266199,0.14126159033620164,True,False,False,False,2026-07-23,7.0,55.59860990496278,44.984404581613916,76.8270205516605,False,False,,,False,197222.0,86708.4,2.2745431815141326,True,133186400.0,2.31,57.65645021645022,5.069124423963145,4.761904761904756,10.384894698620197,12.90322580645164,87.09677419354836,True,7.03,False,False,False,False,True,False
1033,002539,云图控股,C 制造业,腾讯前复权日K回退（成交额、换手率已提供）,False,2026-08-03,12.12,11.911999999999999,10.785499999999999,True,True,True,True,12.18,-0.4926108374384277,False,61.103752530460675,0.1224700059846171,-0.15655172522232702,0.5580434624138882,True,False,False,False,2026-07-23,7.0,37.85204933536657,31.576319731004034,50.40350854409165,False,False,2026-07-21,9.0,True,205993.0,283542.8,0.7264970226717096,False,250292300.0,2.32,107.88461206896552,0.4975124378109319,4.1459369817578775,12.373093505168981,41.999999999999815,53.999999999999915,False,15.35,False,True,False,False,False,False
1034,002540,亚太科技,C 制造业,腾讯前复权日K回退（成交额、换手率已提供）,False,2026-08-03,5.23,5.010000000000001,4.789,True,True,True,True,5.05,3.5643564356435764,True,64.0921830253873,0.016817951220959415,-0.05614064224686535,0.14591718693564953,True,False,False,False,,,21.1748278523568,15.511785602756234,32.50091235155793,False,False,2026-07-27,5.0,True,171800.0,138302.6,1.2422036895907957,False,88646700.0,2.0,44.32335,4.3912175648702645,4.990019960079841,9.20860304865318,11.999999999999744,88.00000000000026,True,6.03,False,False,False,True,True,False
1035,002541,鸿路钢构,C 制造业,腾讯前复权日K回退（成交额、换手率已提供）,False,2026-08-03,20.58,20.330000000000002,20.127999999999997,True,True,True,True,22.75,-9.538461538461545,False,57.53508957972597,0.5497589389454198,0.6224866537071385,-0.14545542952343737,False,True,False,False,,,66.96300486189347,64.77731313548493,71.33438831471054,False,False,,,False,119412.0,92186.2,1.2953348765867343,False,247271800.0,2.41,102.60240663900413,0.832925036746679,3.625673689367949,2.2456279809221074,59.459459459459765,31.081081081080725,False,22.75,False,True,False,False,True,False
1036,002542,*ST中岩,E 建筑业,腾讯前复权日K回退（成交额、换手率已提供）,False,2026-08-03,1.81,1.6640000000000001,1.496,True,True,True,True,1.69,7.100591715976338,True,68.84439939094813,0.07480534827838303,0.03831567969768265,0.07297933716140076,True,False,False,False,,,24.06903738013573,21.564832916281105,29.07744630784498,False,False,,,False,517669.0,330975.4,1.5640709249086184,False,91344000.0,2.94,31.069387755102042,8.383233532934131,8.38323353293414,20.989304812834227,7.142857142857142,92.85714285714286,True,1.91,False,False,False,False,False,True
1037,002543,万和电气,C 制造业,腾讯前复权日K回退（成交额、换手率已提供）,False,2026-08-03,6.82,6.662000000000001,6.513,True,True,True,True,6.91,-1.3024602026049183,False,58.93825106124256,-0.0028095541380821487,-0.06435446890074778,0.12308982952533126,True,False,False,False,,,19.032410950709387,15.630501838057734,25.83622917601269,False,False,2026-07-29,3.0,True,42867.0,39910.4,1.074080941308531,False,29132199.999999996,0.65,44.81876923076923,1.7910447761193993,2.2388059701492455,4.71364962382927,13.333333333333098,86.6666666666669,True,8.19,False,False,False,True,False,False
1038,002544,普天科技,I 信息技术,腾讯前复权日K回退（成交额、换手率已提供）,False,2026-08-03,16.46,15.693999999999999,15.9875,True,True,False,True,19.17,-14.13667188315076,False,48.035330616209556,-0.8277908508289968,-1.0756747421808908,0.49576778270378785,True,False,False,False,2026-07-27,5.0,9.437447034646844,7.161250608211911,13.98983988751671,False,False,2026-07-21,9.0,True,123210.0,113334.8,1.0871329900436582,False,199099500.0,1.81,109.99972375690606,4.640813731722826,5.212968849332487,2.9554339327599695,0.0,100.0,True,28.26,False,False,False,False,True,False
1039,002545,东方铁塔,C 制造业,腾讯前复权日K回退（成交额、换手率已提供）,False,2026-08-03,17.84,18.708000000000002,17.3165,False,True,True,False,19.89,-10.306686777275017,False,48.95242640808212,0.14335585913977766,-0.14457383156170067,0.5758593814029567,True,False,False,False,2026-07-06,20.0,28.31371119462312,27.972305206327317,28.996523171214726,False,False,2026-07-21,9.0,True,304471.0,281464.8,1.0817373966478225,False,547983100.0,2.69,203.71118959107807,-4.802561366061897,5.869797225186774,3.0231282303005718,9.090909090909207,23.636363636363747,False,26.45,False,True,False,False,True,False
1040,002546,新联电子,C 制造业,腾讯前复权日K回退（成交额、换手率已提供）,False,2026-08-03,8.8,8.432,8.018,True,True,True,True,8.7,1.1494252873563382,True,60.842190980061936,0.2557786940176845,0.1930934966380246,0.12537039475931977,True,False,False,False,2026-07-23,7.0,62.03957370948215,53.59318551610141,78.93235009624364,False,False,,,False,588642.0,405769.6,1.4506803861107387,False,506945199.99999994,7.35,68.97213605442175,6.280193236715004,7.004830917874398,9.753055624844102,8.620689655172228,91.37931034482777,True,8.9,True,False,False,False,False,False
1041,002547,*ST春兴,C 制造业,腾讯前复权日K回退（成交额、换手率已提供）,False,2026-08-03,2.57,2.37,2.2504999999999997,True,True,True,True,2.66,-3.3834586466165524,False,55.99111856284585,-0.09082515273587166,-0.17433470014429808,0.16701909481685284,True,False,False,False,2026-07-27,5.0,31.84729187103817,24.37085937409449,46.80015686492553,False,False,2026-07-23,7.0,True,361746.0,315423.4,1.1468584765746612,False,92953300.0,3.27,28.426085626911316,2.8000000000000025,5.9999999999999964,14.196845145523223,53.333333333333414,46.666666666666586,False,3.77,False,False,False,False,True,False
1042,002548,金新农,C 制造业,腾讯前复权日K回退（成交额、换手率已提供）,False,2026-08-03,3.88,3.8120000000000003,3.9579999999999997,True,False,False,True,4.48,-13.392857142857153,False,47.02562915914149,-0.05836731556502972,-0.04645953969905708,-0.023815551731945286,False,True,False,False,,,16.19867923110883,15.222863157858626,18.150311377609242,False,False,2026-07-31,1.0,True,240094.0,229150.0,1.0477591097534367,False,93227800.0,2.98,31.284496644295302,1.305483028720622,2.349869451697124,-1.9706922688226338,44.44444444444456,55.55555555555544,False,5.26,False,True,False,False,True,False
1043,002549,凯美特气,N 公共环保,腾讯前复权日K回退（成交额、换手率已提供）,False,2026-08-03,13.13,13.146,14.376499999999998,False,False,False,False,19.22,-31.685744016649313,False,39.388107361875534,-1.2326967033638638,-1.1969419585259806,-0.07150948967576642,False,True,False,False,,,10.179878455812863,10.791147897104885,8.957339573228822,False,False,,,False,221586.0,429126.2,0.5163655819663306,False,288774600.0,3.2,90.2420625,2.020202020202033,3.4965034965034913,-8.670399610475412,6.666666666666535,93.33333333333347,True,22.68,False,False,False,False,False,False
1044,002550,千红制药,C 制造业,腾讯前复权日K回退（成交额、换手率已提供）,False,2026-08-03,6.96,6.816,6.7955,True,True,True,True,7.4,-5.945945945945951,False,56.51309708693531,0.08524271964883035,0.09319258474572976,-0.01589973019379884,False,True,False,False,,,50.747989369178505,48.58526685435791,55.0734343988197,False,False,,,False,162262.0,166706.4,0.9733399557545481,False,112402000.0,1.72,65.35,2.503681885125175,2.7982326951399172,2.4207195938488755,10.526315789473905,89.47368421052609,True,7.4,False,False,False,False,True,False
1045,002551,尚荣医疗,C 制造业,腾讯前复权日K回退（成交额、换手率已提供）,False,2026-08-03,3.02,2.928,2.8675,True,True,True,True,3.08,-1.9480519480519498,False,58.62566338439002,0.006028779634235981,-0.01736691808671827,0.0467913954419085,True,False,False,False,,,30.158137130290243,25.465153236165673,39.54410491853938,False,False,,,False,133368.0,127613.4,1.0450940105035993,False,39880300.0,2.18,18.293715596330273,2.7210884353741527,3.401360544217675,5.3182214472537,9.999999999999822,90.00000000000018,True,3.64,False,False,False,False,False,False
1046,002552,宝鼎科技,C 制造业,腾讯前复权日K回退（成交额、换手率已提供）,False,2026-08-03,32.51,34.236000000000004,46.4445,False,False,False,False,70.99,-54.20481757994084,False,32.353018246331914,-6.690638625591717,-5.183245361972841,-3.014786527237751,False,True,False,False,,,30.46761717630407,34.25551358311507,22.891824362682073,False,False,,,False,246765.0,159673.0,1.5454397424736805,False,814593400.0,6.7,121.58110447761194,-7.246790299572037,8.159771754636234,-30.002476073593215,1.398601398601369,11.888111888111762,False,78.98,False,True,False,False,False,False
1047,002553,南方精工,C 制造业,腾讯前复权日K回退（成交额、换手率已提供）,False,2026-08-03,16.51,15.368,14.9745,True,True,True,True,17.46,-5.441008018327602,False,58.64788745378026,-0.3805275188289041,-0.7063357859866285,0.6516165343154487,True,False,False,False,2026-07-23,7.0,14.614712078968443,10.062508907857652,23.719118421190025,False,False,2026-07-27,5.0,True,141186.0,80500.4,1.7538546392316063,False,228436200.0,5.51,41.45847549909256,4.758883248730972,7.106598984771568,10.254098634345057,8.928571428571244,91.07142857142875,True,23.48,False,False,False,False,True,False
1048,002554,惠博普,B 采矿业,腾讯前复权日K回退（成交额、换手率已提供）,False,2026-08-03,2.86,2.808,2.8485,True,True,False,True,3.15,-9.20634920634921,False,46.87334450960945,-0.07296627600977512,-0.08654384723991657,0.02715514246028289,True,False,False,False,2026-07-29,3.0,11.382960493633052,9.531211994119317,15.086457492660521,False,False,2026-07-20,10.0,True,185131.0,164982.4,1.1221257540198228,False,52514000.0,1.39,37.77985611510792,1.7793594306049654,2.4911032028469693,0.40372125680182,0.0,100.0,True,3.73,False,False,False,False,False,False
1049,002555,三七互娱,I 信息技术,腾讯前复权日K回退（成交额、换手率已提供）,False,2026-08-03,19.99,19.344,18.851499999999998,True,True,True,True,20.25,-1.2839506172839583,False,59.854980132613434,0.1582201849787701,-0.0024265516368735876,0.3212934732312874,True,False,False,False,2026-07-29,3.0,41.624833011064645,33.72771184028868,57.419075352616574,False,False,,,False,828136.0,554818.0,1.4926264108230087,False,1676096200.0,5.22,321.09122605363984,0.40180813661476744,4.018081366147668,6.039307216932343,86.25000000000009,13.749999999999918,False,22.1,False,False,False,False,True,False
1050,002556,辉隆股份,F 批发零售,腾讯前复权日K回退（成交额、换手率已提供）,False,2026-08-03,5.0,4.85,4.7045,True,True,True,True,4.9,2.0408163265306047,True,62.50013861506082,0.010495002905096307,-0.04061276274261361,0.10221553129541984,True,False,False,False,,,20.361840679223935,16.894065895956704,27.2973902457584,False,False,,,False,142799.0,90455.6,1.5786640075351885,False,70776300.0,1.53,46.25901960784313,2.249488752556239,3.2719836400817846,6.281220108406836,12.499999999999792,87.50000000000021,True,5.98,False,False,False,False,False,False
1051,002557,洽洽食品,C 制造业,腾讯前复权日K回退（成交额、换手率已提供）,False,2026-08-03,20.25,20.394,19.773500000000002,False,True,True,True,21.1,-4.028436018957352,False,54.59180860191113,0.17435510008617072,0.0380210335331247,0.27266813310609206,True,False,False,False,2026-07-29,3.0,37.28734128936256,34.1302052150105,43.60161343806668,False,False,,,False,93124.0,101054.8,0.9215198090540974,False,190465700.0,1.85,102.95443243243243,-0.8810572687224627,3.3284385707293183,2.4097908817356455,55.88235294117635,19.11764705882339,False,22.64,False,False,False,False,True,False
1052,002558,巨人网络,I 信息技术,腾讯前复权日K回退（成交额、换手率已提供）,False,2026-08-03,29.09,27.512,27.9435,True,True,False,True,31.31,-7.090386458000636,False,56.0659020032187,0.08011718573031246,-0.006296105747585656,0.17282658295579623,True,False,True,False,,,38.13461838180901,30.652432151388457,53.09899084265012,False,False,,,False,1546659.0,1111100.8,1.3920060178158453,False,4641671300.0,8.14,570.2298894348894,-0.648907103825136,7.58196721311475,4.102921967541645,95.04504504504507,4.954954954954932,False,34.1,False,True,True,False,True,False
1053,002559,亚威股份,C 制造业,腾讯前复权日K回退（成交额、换手率已提供）,False,2026-08-03,8.94,8.836,10.021,True,False,False,False,14.47,-38.217000691085005,False,39.43125027259848,-0.7198746092438029,-0.5979790847471347,-0.24379104899333637,False,True,False,False,,,7.816816794519092,9.052588912831263,5.345272557894749,False,False,,,False,216197.0,316704.2,0.6826464568515352,False,192194199.99999997,4.29,44.80051282051281,1.5909090909090873,2.2727272727272645,-10.787346572198397,4.999999999999911,95.00000000000009,True,15.38,False,False,False,False,False,False
1054,002560,通达股份,C 制造业,腾讯前复权日K回退（成交额、换手率已提供）,False,2026-08-03,6.35,6.116,6.1455,True,True,False,True,7.65,-16.993464052287592,False,45.97320949556398,-0.4103772159725336,-0.5437160130807173,0.2666775942163673,True,False,False,False,2026-07-27,5.0,13.141871584242745,11.301064167763329,16.82348641720158,False,False,2026-07-23,7.0,True,482034.0,427149.2,1.1284909347834433,False,302794600.0,7.61,39.78904073587385,4.4407894736842035,4.440789473684218,3.327638109185574,3.703703703703947,96.29629629629606,True,12.9,False,False,False,False,False,False
1055,002561,徐家汇,F 批发零售,腾讯前复权日K回退（成交额、换手率已提供）,False,2026-08-03,6.76,6.578,6.4254999999999995,True,True,True,True,6.81,-0.7342143906020533,False,58.802179412662326,-0.021095873896043393,-0.08938679515685004,0.1365818425216133,True,False,False,False,2026-07-06,20.0,24.090632886855158,18.710871582192155,34.85015549618116,False,False,2026-07-29,3.0,True,28911.0,43576.8,0.6634493583741807,False,19441200.0,0.7,27.773142857142858,1.6541353383458635,2.255639097744366,5.205820558711388,13.333333333333611,86.66666666666639,True,8.14,False,False,False,False,False,False
1056,002562,兄弟科技,C 制造业,腾讯前复权日K回退（成交额、换手率已提供）,False,2026-08-03,4.6,4.436,4.3325000000000005,True,True,True,True,4.6,0.0,False,56.812839425107725,-0.04669630249033219,-0.10171599582905365,0.11003938667744292,True,False,False,False,2026-07-14,14.0,15.341425702419293,10.959186093680174,24.105904919897533,False,False,2026-07-28,4.0,True,190974.0,166100.4,1.149750391931627,False,86768700.00000001,2.35,36.922851063829796,2.678571428571419,3.348214285714293,6.1742642815925945,6.666666666667101,93.3333333333329,True,5.96,False,False,False,False,True,False
1057,002563,森马服饰,C 制造业,腾讯前复权日K回退（成交额、换手率已提供）,False,2026-08-03,6.33,6.204000000000001,5.7410000000000005,True,True,True,True,6.4,-1.0937500000000044,False,68.79956811053472,0.20031787533289958,0.11794213446281859,0.16475148174016196,True,False,False,False,2026-07-27,5.0,88.55358831320336,82.7829616244728,100.09484169066448,False,False,,,False,315775.0,307584.4,1.0266287887162027,False,200409199.99999997,1.43,140.14629370629368,1.9323671497584627,4.186795491143314,10.259536666086039,53.84615384615377,46.15384615384623,False,6.4,True,False,False,False,True,False
1058,002564,天沃科技,C 制造业,腾讯前复权日K回退（成交额、换手率已提供）,False,2026-08-03,4.46,4.358,4.2085,True,True,True,True,4.58,-2.6200873362445436,False,54.49921478279279,-0.06406594461477777,-0.13372871223399288,0.13932553523843022,True,False,False,False,,,15.466747368178945,12.30939841533617,21.781445273864495,False,False,2026-07-23,7.0,True,117351.0,133583.8,0.8784822710538255,False,51989900.0,1.37,37.94883211678832,2.2935779816513735,2.981651376146807,5.97600095045741,15.384615384615646,84.61538461538434,True,6.48,False,False,False,False,True,False
1059,002565,顺灏股份,C 制造业,腾讯前复权日K回退（成交额、换手率已提供）,False,2026-08-03,8.94,8.526,9.3385,True,False,False,False,12.84,-30.37383177570094,False,38.154416723008296,-1.0764912264581987,-1.203894938548099,0.2548074241798006,True,False,False,False,2026-07-27,5.0,5.666417531757389,5.286643997229307,6.425964600813554,True,False,2026-08-03,0.0,True,521622.0,395191.8,1.319921111723472,False,460632200.0,4.92,93.62443089430894,5.924170616113744,6.516587677725127,-4.267280612518073,9.090909090909207,90.90909090909079,True,22.0,False,False,False,False,False,False
1060,002566,益盛药业,C 制造业,腾讯前复权日K回退（成交额、换手率已提供）,False,2026-08-03,6.59,6.508,6.3025,True,True,True,True,6.88,-4.215116279069768,False,54.34815716588488,-0.009789739979463086,-0.0746489075285109,0.12971833509809563,True,False,False,False,,,28.206869750202305,24.87721543970093,34.86617837120506,False,False,,,False,149627.0,139509.4,1.0725227117312526,False,97798100.0,6.46,15.139024767801857,1.6975308641975273,3.24074074074074,4.561681872272902,9.523809523809746,90.47619047619025,True,8.33,False,True,False,False,True,False
1061,002567,唐人神,C 制造业,腾讯前复权日K回退（成交额、换手率已提供）,False,2026-08-03,3.66,3.592,3.6145000000000005,True,True,False,True,3.86,-5.181347150259061,False,55.00013614518151,0.012599885400278676,0.01363860902009751,-0.002077447239637667,False,True,False,False,,,38.292727081052966,35.97689233194897,42.92439657926097,False,False,,,False,156186.0,134598.6,1.1603835403934364,False,57051400.0,1.09,52.34073394495413,1.6666666666666607,2.222222222222224,1.2588186471157738,37.49999999999972,62.50000000000028,False,4.27,False,True,False,False,False,False
1062,002568,百润股份,C 制造业,腾讯前复权日K回退（成交额、换手率已提供）,False,2026-08-03,19.95,19.544,18.101499999999998,True,True,True,True,20.68,-3.5299806576402344,False,62.716086743661236,0.622714717135672,0.35128774980343264,0.5428539346644786,True,False,False,False,2026-07-10,16.0,85.40408640589409,77.6534988451153,100.9052615274517,False,False,,,False,217051.0,208723.0,1.0398997714674474,False,434375100.0,2.85,152.4123157894737,-3.1553398058252524,4.41747572815534,10.211860895505906,47.25274725274721,14.285714285714175,False,20.68,False,False,False,False,False,False
1063,002569,*ST步森,C 制造业,腾讯前复权日K回退（成交额、换手率已提供）,False,2026-08-03,12.6,13.354,13.785000000000002,False,False,False,False,16.47,-23.49726775956284,False,36.237767776431724,-0.5008399761481055,-0.45153342107139044,-0.0986131101534301,False,True,False,False,,,20.343101116801414,23.073298401015705,14.88270654837283,False,False,,,False,30523.0,18235.4,1.6738322164580979,False,38433700.0,2.18,17.630137614678898,-1.869158878504673,3.4267912772585634,-8.5963003264418,34.09090909090921,65.90909090909079,False,18.12,False,True,False,False,False,False
1064,002570,贝因美,C 制造业,腾讯前复权日K回退（成交额、换手率已提供）,False,2026-08-03,4.42,4.3,4.1194999999999995,True,True,True,True,4.43,-0.2257336343115076,False,58.48776953788232,-0.02364501102058103,-0.09240137373310192,0.13751272542504178,True,False,False,False,2026-07-14,14.0,21.48135603463065,16.784872670406113,30.874322763079725,False,False,2026-07-28,4.0,True,219542.0,326027.0,0.673385946562708,False,96256500.0,2.03,47.41699507389163,1.1441647597253857,2.0594965675057177,7.294574584294223,0.0,100.0,True,5.97,False,False,False,False,True,False
1065,002571,德力股份,C 制造业,腾讯前复权日K回退（成交额、换手率已提供）,False,2026-08-03,10.39,10.440000000000001,10.275,False,True,True,False,10.79,-3.7071362372567065,False,48.23613976369553,-0.10881015365556124,-0.19053589134399607,0.16345147537686966,True,False,False,False,2026-07-14,14.0,28.583264448747325,26.87434047868129,32.00111238887939,False,False,2026-07-22,8.0,True,59614.0,56738.8,1.0506743181033085,False,61658400.0,2.0,30.8292,-2.3496240601503793,3.1954887218045096,1.119221411192216,5.8823529411763475,35.29411764705913,False,13.4,False,False,False,False,False,False
1066,002572,索菲亚,C 制造业,腾讯前复权日K回退（成交额、换手率已提供）,False,2026-08-03,8.69,8.612,8.079,True,True,True,True,8.99,-3.337041156840942,False,58.75295703441841,0.09634426516676875,-0.0400231800453726,0.27273489042428267,True,False,False,False,,,26.452985131288994,22.698688044465374,33.96157930493623,False,False,2026-07-28,4.0,True,145819.0,168044.2,0.8677419393231066,False,127763900.0,2.24,57.037455357142846,0.578703703703698,2.5462962962963034,7.562817180344088,72.72727272727259,0.0,False,11.7,False,False,False,False,False,False
1067,002573,清新环境,N 公共环保,腾讯前复权日K回退（成交额、换手率已提供）,False,2026-08-03,3.29,3.2079999999999997,3.1535,True,True,True,True,3.27,0.6116207951070342,True,61.707763920184654,0.011941308567608555,-0.008199882554718948,0.04028238224465501,True,False,False,False,,,32.39255004255471,27.74394840782253,41.689753312019064,False,False,,,False,86383.0,92271.2,0.9361859388411552,False,28310600.0,0.61,46.41081967213115,2.1739130434782483,3.105590062111804,4.328523862375134,20.0,80.0,True,3.79,False,False,False,False,True,False
1068,002574,明牌珠宝,C 制造业,腾讯前复权日K回退（成交额、换手率已提供）,False,2026-08-03,4.54,4.404,4.267,True,True,True,True,4.5,0.8888888888888897,True,58.869906006590035,-0.022518064611973365,-0.08184448467208591,0.11865284012022509,True,False,False,False,2026-07-06,20.0,22.40484083589402,17.448903289796405,32.31671592808925,False,False,2026-07-27,5.0,True,70210.0,70459.8,0.9964547160224695,False,31744699.999999996,1.33,23.8681954887218,1.5659955257270708,2.908277404921698,6.397937661120218,23.076923076923286,76.92307692307672,True,5.89,False,False,False,False,True,False
1069,002575,群兴玩具,F 批发零售,腾讯前复权日K回退（成交额、换手率已提供）,False,2026-08-03,5.13,4.938,4.7275,True,True,True,True,5.6,-8.392857142857139,False,52.12702160614095,-0.14641521213361663,-0.2503171785722583,0.20780393287728338,True,False,False,False,2026-07-22,8.0,17.512100012914004,14.880604338406377,22.77509136192926,False,False,2026-07-21,9.0,True,373700.0,453256.4,0.8244781540867376,False,190301300.0,6.4,29.734578125,0.9842519685039353,2.7559055118110174,8.514013749338972,7.1428571428570065,92.85714285714299,True,8.16,False,True,False,False,True,False
1070,002576,通达动力,C 制造业,腾讯前复权日K回退（成交额、换手率已提供）,False,2026-08-03,14.78,14.168000000000001,13.607999999999999,True,True,True,True,15.52,-4.768041237113404,False,57.21069107914561,-0.24137160860727747,-0.5113950274532079,0.5400468376918608,True,False,False,False,2026-07-23,7.0,23.342543176353235,18.015939520660407,33.995750487738896,False,False,2026-07-23,7.0,True,45765.0,39469.8,1.159494094218871,False,66939399.99999999,2.82,23.73737588652482,3.4289713086074203,3.9888033589922918,8.612580834803062,1.754385964912248,98.24561403508774,True,20.27,False,False,False,False,True,False
1071,002577,雷柏科技,C 制造业,腾讯前复权日K回退（成交额、换手率已提供）,False,2026-08-03,17.85,18.048000000000002,17.596,False,True,True,True,19.83,-9.984871406959138,False,50.64871719185571,-0.11045018116054806,-0.23623079763747568,0.25156123295385524,True,False,False,False,2026-07-29,3.0,57.25695992077624,53.725950126458976,64.31897950941077,False,False,,,False,42869.0,57936.6,0.7399295091531087,False,77639900.0,1.53,50.74503267973856,-1.3812154696132617,4.0883977900552395,1.4435098886110556,59.459459459459275,6.756756756756867,False,20.12,False,False,False,False,True,False
1072,002578,闽发铝业,C 制造业,腾讯前复权日K回退（成交额、换手率已提供）,False,2026-08-03,3.06,2.956,2.9189999999999996,True,True,True,True,3.29,-6.990881458966565,False,50.5587534140859,-0.10298487723265737,-0.15154251164457155,0.09711526882382837,True,False,False,False,2026-07-15,13.0,15.321483607012327,12.357535454304946,21.24937991242709,False,False,2026-07-21,9.0,True,269516.0,211323.6,1.2753710423256086,False,81251700.0,3.13,25.959009584664535,3.378378378378377,4.729729729729719,4.830421377183983,7.1428571428570065,92.85714285714299,True,4.3,False,True,False,False,False,False
1073,002579,中京电子,C 制造业,腾讯前复权日K回退（成交额、换手率已提供）,False,2026-08-03,10.73,11.096,13.4875,False,False,False,False,20.16,-46.77579365079365,False,32.551465428654794,-1.7708251571590807,-1.5678829027828867,-0.40588450875238813,False,True,False,False,,,8.18827951686604,11.322139714425228,1.9205591217476616,False,False,,,False,369051.0,660689.6,0.5585845456020497,False,395971700.0,6.33,62.55477093206951,-1.1059907834101268,3.1336405529953906,-20.444856348470807,26.470588235294084,38.23529411764731,False,23.4,False,False,False,False,False,False
1074,002580,圣阳股份,C 制造业,腾讯前复权日K回退（成交额、换手率已提供）,False,2026-08-03,18.74,18.619999999999997,17.1655,True,True,True,True,20.96,-10.591603053435126,False,51.312517097586344,-0.5788086209384176,-1.1738857317802749,1.1901542216837147,True,False,False,False,2026-07-27,5.0,22.404134642256775,20.299535982827425,26.61333196111547,False,False,2026-07-27,5.0,True,749658.0,989030.8,0.7579723503049652,False,1401416300.0,16.57,84.575515992758,-3.749357986646129,6.266050333846956,9.172468031807968,24.59016393442624,54.09836065573761,False,36.46,False,False,False,False,False,False
1075,002581,*ST未名,C 制造业,腾讯前复权日K回退（成交额、换手率已提供）,False,2026-08-03,3.47,3.404,3.4415,True,True,False,True,4.17,-16.786570743405267,False,48.229570897874765,-0.0972965999304991,-0.12725254436640585,0.05991188887181348,True,False,False,False,,,7.606053376951944,7.010511127317119,8.797137876221592,False,False,2026-07-31,1.0,True,46222.0,42655.6,1.0836091861326531,False,15908100.0,1.15,13.83313043478261,1.4619883040935644,2.63157894736843,0.828127270085724,11.11111111111133,77.77777777777783,True,6.15,False,False,False,False,False,False
1076,002582,好想你,C 制造业,腾讯前复权日K回退（成交额、换手率已提供）,False,2026-08-03,10.02,10.046000000000001,9.3065,False,True,True,True,10.72,-6.529850746268666,False,57.83356010045468,0.18832884929663685,0.04085502464695056,0.29494764929937256,True,False,False,False,,,38.333710579317575,33.127563134645136,48.74600546866246,False,False,,,False,277930.0,419857.4,0.6619628473858029,False,279293500.0,8.07,34.60885997521685,-1.764705882352935,3.6274509803921493,7.666684575296834,18.918918918919037,10.810810810810603,False,12.21,False,True,False,False,True,False
1077,002583,海能达,C 制造业,腾讯前复权日K回退（成交额、换手率已提供）,False,2026-08-03,8.57,8.192,7.989,True,True,True,True,8.42,1.7814726840855148,True,59.82077775229558,-0.04077993790821566,-0.1402417832306439,0.1989236906448565,True,False,False,False,2026-07-09,17.0,19.015639516046374,13.93350283571341,29.179912876712297,False,False,2026-07-28,4.0,True,311664.0,215245.8,1.4479446288847448,False,263285400.0,2.43,108.34790123456789,4.131227217496969,4.8602673147023125,7.272499687069726,7.499999999999833,92.50000000000017,True,10.29,False,True,False,False,True,False
1078,002584,西陇科学,C 制造业,腾讯前复权日K回退（成交额、换手率已提供）,False,2026-08-03,7.35,7.226000000000001,7.794499999999999,True,False,False,True,10.3,-28.640776699029136,False,42.97160628082788,-0.45036920863997043,-0.42562517613770734,-0.04948806500452618,False,True,False,False,,,18.016747609157793,17.25512989533118,19.539983036811023,False,False,2026-07-31,1.0,True,311886.0,393061.2,0.7934794886903108,False,228045200.0,6.66,34.24102102102102,1.8005540166204925,2.9085872576177283,-5.702739110911537,9.523809523809746,90.47619047619025,True,11.75,False,True,False,False,False,False
1079,002585,双星新材,C 制造业,腾讯前复权日K回退（成交额、换手率已提供）,False,2026-08-03,8.7,8.422,8.8035,True,False,False,True,11.39,-23.617208077260766,False,45.09914964942287,-0.7290763382211907,-0.867025030553424,0.27589738466446656,True,False,False,False,2026-07-30,2.0,23.62333409439034,20.96416254887445,28.941677185422115,False,False,,,False,1646818.0,825940.0,1.993871225512749,True,1438981500.0,18.57,77.48957996768982,-4.395604395604402,8.241758241758241,-1.1756687681035993,19.999999999999808,33.33333333333333,False,15.35,False,False,False,False,False,True
1080,002586,ST围海,E 建筑业,腾讯前复权日K回退（成交额、换手率已提供）,False,2026-08-03,3.44,3.474,3.6005000000000003,False,False,False,False,4.16,-17.307692307692314,False,40.43478211888709,-0.10292835694888902,-0.10149562362853325,-0.0028654666407115503,False,True,False,False,,,7.679836378895179,8.978145018978116,5.083219098729305,False,False,,,False,36922.0,28461.6,1.2972566545802064,False,12632700.0,0.34,37.154999999999994,-0.28985507246377384,2.3188405797101472,-4.457714206360236,25.0,75.0,True,4.73,False,True,False,False,True,False
1081,002587,奥拓电子,C 制造业,腾讯前复权日K回退（成交额、换手率已提供）,False,2026-08-03,5.39,5.296,5.404999999999999,True,False,False,True,6.72,-19.791666666666668,False,41.88640936713307,-0.3426342882187665,-0.40441536061416816,0.1235621447908033,True,False,False,False,2026-07-29,3.0,14.919613931133005,12.465105900224467,19.82862999295008,False,False,2026-07-27,5.0,True,129749.0,157942.0,0.8214977650023426,False,69573500.0,2.44,28.51372950819672,1.3157894736842035,2.2556390977443628,-0.2775208140610487,8.333333333333888,91.6666666666661,True,7.88,False,True,False,False,False,False
1082,002588,史丹利,C 制造业,腾讯前复权日K回退（成交额、换手率已提供）,False,2026-08-03,8.98,8.888,8.511500000000002,True,True,True,True,9.04,-0.663716814159278,False,60.065486422881804,0.09795678261092,0.013665950666823821,0.16858166388819235,True,False,False,False,,,25.512114265241276,22.47241234185144,31.591518112020943,False,False,,,False,86498.0,120380.6,0.7185377045803061,False,77448800.0,1.01,76.6819801980198,0.22321428571427937,2.008928571428568,5.504317687834092,22.22222222222178,77.77777777777821,True,10.62,False,False,False,False,False,False
1083,002589,瑞康医药,F 批发零售,腾讯前复权日K回退（成交额、换手率已提供）,False,2026-08-03,2.78,2.74,2.7015000000000002,True,True,True,True,2.89,-3.8062283737024334,False,55.17503324707855,0.012186870296247765,0.0008690481018269131,0.022635644388841705,True,False,False,False,,,23.18424513108084,21.947918184928188,25.65689902338614,False,False,,,False,208635.0,269482.8,0.7742052554003447,False,57796899.99999999,1.53,37.77575163398692,1.0909090909090757,1.818181818181812,2.9057930779196584,20.000000000000533,79.99999999999947,True,3.21,False,False,False,False,False,False
1084,002590,万安科技,C 制造业,腾讯前复权日K回退（成交额、换手率已提供）,False,2026-08-03,9.68,9.274,9.1735,True,True,True,True,10.58,-8.50661625708885,False,52.90151370416198,-0.2986636630591146,-0.4510483106109778,0.3047692951037263,True,False,False,False,2026-07-27,5.0,15.61243119426004,11.31880977293693,24.19967403690626,False,False,2026-07-23,7.0,True,69704.0,55598.6,1.2537006327497455,False,66638600.0,1.41,47.26141843971631,3.529411764705892,3.8502673796791385,5.521338638469494,2.7777777777777226,97.22222222222227,True,13.76,False,True,False,False,True,False
1085,002591,恒大高新,C 制造业,腾讯前复权日K回退（成交额、换手率已提供）,False,2026-08-03,6.03,5.7620000000000005,5.8025,True,True,False,True,6.65,-9.323308270676693,False,50.34905279164585,-0.2429485625516481,-0.33062102733779086,0.17534492957228554,True,False,False,False,2026-07-28,4.0,18.26052020425283,15.004892294528423,24.77177602370165,False,False,2026-07-21,9.0,True,129853.0,102683.6,1.2645933722619775,False,77175500.0,5.81,13.283218588640278,4.506065857885622,4.506065857885612,3.9207238259370967,11.538461538461302,88.46153846153871,True,9.5,False,False,False,False,False,False
1086,002592,ST八菱,C 制造业,腾讯前复权日K回退（成交额、换手率已提供）,False,2026-08-03,6.0,6.002000000000001,5.925,False,True,True,True,6.87,-12.663755458515286,False,48.23875750326486,-0.13242539800654374,-0.20274306114426546,0.14063532627544345,True,False,False,False,2026-07-28,4.0,16.337303869285297,13.734939465217124,21.542032677421645,False,False,2026-07-23,7.0,True,62361.0,28390.2,2.1965678297440667,True,37495400.0,2.37,15.82084388185654,-2.7552674230145846,3.403565640194489,1.2658227848101298,0.0,19.04761904761907,False,8.25,False,False,False,False,False,False
1087,002593,日上集团,C 制造业,腾讯前复权日K回退（成交额、换手率已提供）,False,2026-08-03,4.37,4.264,4.1545,True,True,True,True,4.47,-2.237136465324377,False,56.795241465363496,-0.006884866087590424,-0.047956927974883205,0.08214412377458556,True,False,False,False,,,25.037914270467827,21.31516837754579,32.48340605631191,False,False,2026-07-27,5.0,True,120810.0,116870.6,1.0337073652398465,False,52342800.0,2.16,24.232777777777777,2.3419203747072626,2.8103044496487146,5.187146467685653,0.0,100.0,True,5.38,False,True,False,False,False,False
1088,002594,比亚迪,C 制造业,腾讯前复权日K回退（成交额、换手率已提供）,False,2026-08-03,94.45,94.708,91.6165,False,True,True,True,96.44,-2.0634591455827405,False,58.42392045035946,1.7137748315538914,1.2545555735612393,0.9184385159853043,True,False,False,False,,,53.65275694547302,49.94827063807847,61.06172956026214,False,False,,,False,363897.0,412059.2,0.8831182509697636,False,3462874200.0,1.04,3329.686730769231,-1.3783021823117858,2.599979116633611,3.09278350515464,22.48995983935744,14.056224899598686,False,100.64,False,False,False,False,False,False
1089,002595,豪迈科技,C 制造业,腾讯前复权日K回退（成交额、换手率已提供）,False,2026-08-03,53.04,51.122,48.110499999999995,True,True,True,True,53.8,-1.4126394052044573,False,65.03416583834252,0.7806618679557005,-0.01590196495512855,1.593127665821658,True,False,False,False,,,32.556121174491956,26.943845404793567,43.78067271388874,False,False,,,False,43095.0,63453.0,0.6791641057160418,False,228339500.0,0.37,617.1337837837838,1.6481410502108051,2.836335760827911,10.246204051090729,23.64864864864868,76.35135135135131,True,60.88,False,False,False,False,True,False
1090,002596,海南瑞泽,C 制造业,腾讯前复权日K回退（成交额、换手率已提供）,False,2026-08-03,3.17,3.064,2.87,True,True,True,True,3.13,1.2779552715654963,True,57.44953169827926,-0.0203491179523283,-0.08412189066593322,0.12754554542720983,True,False,False,False,2026-07-15,13.0,32.23543886011465,27.399732274412955,41.90685203151804,False,False,,,False,208980.0,262429.2,0.7963290670397959,False,65287700.00000001,1.82,35.87236263736264,3.2573289902280145,3.257328990228016,10.452961672473862,0.0,100.0,True,4.18,False,False,False,False,False,False
1091,002597,金禾实业,C 制造业,腾讯前复权日K回退（成交额、换手率已提供）,False,2026-08-03,21.1,20.933999999999997,19.8745,True,True,True,True,22.02,-4.178019981834687,False,56.556913795341494,0.08556918356061516,-0.16955201318158455,0.5102423934843994,True,False,False,False,2026-07-29,3.0,37.70376987969942,30.095514080995343,52.92028147710758,False,False,2026-07-28,4.0,True,52589.0,115159.4,0.4566626779924175,False,110990500.0,0.93,119.34462365591396,0.38058991436726863,2.4262607040913324,6.166192860197742,45.09803921568584,54.90196078431416,False,24.74,False,True,False,False,True,False
1092,002598,ST章鼓,C 制造业,腾讯前复权日K回退（成交额、换手率已提供）,False,2026-08-03,6.64,6.459999999999999,6.463499999999999,True,True,False,True,7.02,-5.413105413105412,False,53.34742553189079,-0.09875272677317426,-0.15154339047515303,0.10558132740395754,True,False,False,False,2026-07-28,4.0,15.487536438024073,12.219309466706383,22.023990380659452,False,False,2026-07-28,4.0,True,19524.0,27762.0,0.7032634536416684,False,12835800.0,0.68,18.876176470588234,1.9969278033794113,1.996927803379415,2.7307186508857555,0.0,100.0,True,8.35,False,False,False,False,False,False
1093,002599,盛通股份,C 制造业,腾讯前复权日K回退（成交额、换手率已提供）,False,2026-08-03,6.24,6.046,5.7305,True,True,True,True,6.19,0.8077544426494316,True,62.81899375932339,0.1175163493481497,0.05181816768720603,0.1313963633218873,True,False,False,False,,,43.10686220108383,39.6219582726067,50.07667005803809,False,False,,,False,109018.0,115293.0,0.9455734519875447,False,67531800.0,2.64,25.58022727272727,1.4634146341463428,2.1138211382113803,8.891021725852893,0.0,100.0,True,7.71,False,False,False,False,False,False
1094,002600,领益智造,C 制造业,腾讯前复权日K回退（成交额、换手率已提供）,False,2026-08-03,12.46,12.266000000000002,12.956999999999999,True,False,False,True,18.15,-31.34986225895316,False,41.38932380570427,-0.8311742487716689,-0.8867546415139831,0.11116078548462838,True,False,False,False,2026-07-31,1.0,17.32613183436977,16.20808499952766,19.56222550405399,False,False,2026-07-29,3.0,True,770958.0,1120417.0,0.6880991630794606,False,959553100.0,1.07,896.778598130841,0.4838709677419395,2.9838709677419435,-3.8357644516477434,29.7297297297295,70.2702702702705,True,18.54,False,False,False,False,True,False
1095,002601,龙佰集团,C 制造业,腾讯前复权日K回退（成交额、换手率已提供）,False,2026-08-03,16.67,16.622,16.213,True,True,True,True,17.58,-5.1763367463025975,False,54.367667102997686,0.14078944024247875,0.10500689016303742,0.07156510015888265,True,False,False,False,2026-07-22,8.0,61.73356494543399,56.483032874008614,72.23462908828475,False,False,,,False,182844.0,191479.4,0.9549016761071949,False,303209000.0,0.92,329.575,1.7704517704517864,3.5409035409035527,2.8187257139332678,18.96551724137915,81.03448275862085,True,18.19,False,False,False,False,False,False
1096,002602,世纪华通,I 信息技术,腾讯前复权日K回退（成交额、换手率已提供）,False,2026-08-03,13.82,13.324000000000002,13.4535,True,True,False,True,15.05,-8.17275747508306,False,53.3326493021789,-0.18896034771339032,-0.2800942584497272,0.18226782147267373,True,False,False,False,2026-07-31,1.0,23.609481979207477,18.4050766985704,34.01829254048163,False,False,,,False,1464795.0,1512929.6,0.9681845077259378,False,2031821000.0,2.16,940.6578703703703,2.0679468242245314,5.169867060561295,2.7241981640465327,51.4285714285714,48.5714285714286,False,16.49,False,False,False,False,True,False
1097,002603,以岭药业,C 制造业,腾讯前复权日K回退（成交额、换手率已提供）,False,2026-08-03,16.72,16.712,16.6025,True,True,True,False,17.8,-6.067415730337089,False,53.789076325853806,0.2862230594185107,0.34128678759887754,-0.11012745636073373,False,True,False,False,,,70.6768364488242,71.18614242923427,69.6582244880041,False,False,,,False,230478.0,247018.0,0.9330413168271138,False,389539400.0,1.67,233.257125748503,-1.0065127294257015,2.901124925991702,0.7077247402499607,34.69387755102087,10.204081632652514,False,17.8,False,True,False,False,True,False
1098,002605,姚记科技,I 信息技术,腾讯前复权日K回退（成交额、换手率已提供）,False,2026-08-03,18.95,18.038000000000004,18.8435,True,True,False,True,20.95,-9.54653937947494,False,53.38393340966726,-0.2923941019612428,-0.2970720318520649,0.009355859781644105,True,False,True,False,,,37.77568965373245,26.052120355734147,61.22282824972905,False,False,,,False,87955.0,98183.2,0.8958253550505586,False,166858900.0,2.6,64.1765,2.1012931034482873,3.8254310344827633,0.5651816276169528,43.66197183098618,56.33802816901382,False,20.95,False,False,False,False,True,False
1099,002606,大连电瓷,C 制造业,腾讯前复权日K回退（成交额、换手率已提供）,False,2026-08-03,14.5,14.524000000000001,13.479499999999998,False,True,True,True,15.1,-3.9735099337748316,False,56.259751921835424,0.2275960785121498,-0.0013571063367536357,0.45790636969780685,True,False,False,False,2026-07-23,7.0,51.30041520044099,47.1287261289712,59.64379334338055,False,False,,,False,530369.0,465783.6,1.138659669425888,False,798326400.0,12.59,63.40956314535346,-2.7498323272971192,8.71898054996647,7.570755591824637,48.461538461538495,11.53846153846156,False,18.09,False,False,False,False,True,False
1100,002607,中公教育,P 教育,腾讯前复权日K回退（成交额、换手率已提供）,False,2026-08-03,2.1,2.042,1.9025000000000003,True,True,True,True,2.29,-8.296943231441045,False,59.25234672518266,0.006420172974157978,-0.04156176116727433,0.09596386828286461,True,False,False,False,2026-07-23,7.0,32.32883859091091,24.698841139276464,47.5888334941798,False,False,2026-07-23,7.0,True,2132978.0,2994803.6,0.712226337646983,False,447156400.0,3.85,116.14451948051949,-0.4739336492890933,3.7914691943128,10.381077529566348,50.0,50.0,False,2.79,False,True,False,False,False,False
1101,002608,江苏国信,D 水电煤气,腾讯前复权日K回退（成交额、换手率已提供）,False,2026-08-03,7.53,7.343999999999999,7.059,True,True,True,True,7.58,-0.659630606860156,False,55.62035418503244,-0.03765912852384812,-0.1372943870885707,0.19927051712944516,True,False,False,False,2026-07-15,13.0,19.35222665232521,17.157199574468223,23.742280808039183,False,False,,,False,187888.0,229034.8,0.8203469516422832,False,141083100.0,0.5,282.1662,1.6194331983805599,2.1592442645074246,6.672333191670209,31.24999999999986,68.75000000000013,False,11.0,False,False,False,False,True,False
1102,002609,捷顺科技,I 信息技术,腾讯前复权日K回退（成交额、换手率已提供）,False,2026-08-03,7.78,7.58,7.350999999999999,True,True,True,True,7.74,0.5167958656330753,True,59.723201395230234,0.0157253756257294,-0.0527072412784066,0.13686523380827198,True,False,False,False,2026-07-16,12.0,33.816243439045756,26.498701804166657,48.45132670880395,False,False,,,False,61481.0,51515.4,1.1934489492462448,False,47562299.99999999,1.34,35.49425373134327,1.3020833333333481,1.9531250000000049,5.835940688341738,6.666666666666508,93.33333333333348,True,8.79,False,False,False,False,False,False
1103,002611,东方精工,C 制造业,腾讯前复权日K回退（成交额、换手率已提供）,False,2026-08-03,16.51,15.848000000000003,15.504500000000002,True,True,True,True,18.07,-8.633093525179849,False,54.835843722567944,-0.3813695985508936,-0.6473409975972502,0.5319427980927132,True,False,False,False,2026-07-29,3.0,33.53939608856941,26.48280700023989,47.652574265228445,False,False,2026-07-23,7.0,True,377875.0,430653.2,0.8774461678213467,False,622121500.0,3.76,165.45784574468087,3.3813400125234816,4.821540388227936,6.485213970137699,20.77922077922076,79.22077922077924,True,20.77,False,True,True,False,True,False
1104,002612,朗姿股份,C 制造业,腾讯前复权日K回退（成交额、换手率已提供）,False,2026-08-03,14.76,14.547999999999998,12.2955,True,True,True,True,15.64,-5.62659846547315,False,67.75020772623876,0.6671956799601961,0.23373302955330974,0.8669253008137727,True,False,False,False,,,61.49813463401218,49.779781868084704,84.93484016586713,False,False,,,False,208174.0,258304.0,0.8059263503468781,False,309704400.0,8.18,37.86117359413203,-0.20283975659228792,5.003380662609861,20.043918506770765,71.62162162162168,28.378378378378315,False,15.8,False,False,False,False,True,True
1105,002613,北玻股份,C 制造业,腾讯前复权日K回退（成交额、换手率已提供）,False,2026-08-03,3.29,3.2079999999999997,3.178,True,True,True,True,3.68,-10.597826086956525,False,45.01831315807191,-0.2036699238350308,-0.26904625379780855,0.13075265992555551,True,False,False,False,2026-07-24,6.0,11.13419784555787,9.07442475902837,15.253744018616867,False,False,2026-07-23,7.0,True,270720.0,258859.8,1.045817079361106,False,88012300.0,3.5,25.146371428571427,2.8124999999999956,3.437499999999996,3.524229074889871,0.0,100.0,True,5.65,False,False,False,False,False,False
1106,002614,奥佳华,C 制造业,腾讯前复权日K回退（成交额、换手率已提供）,False,2026-08-03,4.8,4.702,4.5995,True,True,True,True,4.84,-0.8264462809917362,False,57.31356323390464,-0.010112492873352252,-0.05190524152298122,0.08358549729925793,True,False,False,False,,,19.840513946480787,16.19389380092745,27.13375423758746,False,False,2026-07-28,4.0,True,74946.0,61996.8,1.2088688448436047,False,35813600.0,1.7,21.066823529411764,1.2658227848101111,1.898734177215187,4.359169474942926,11.11111111111089,88.88888888888911,True,5.69,False,True,False,False,True,False
1107,002615,哈尔斯,C 制造业,腾讯前复权日K回退（成交额、换手率已提供）,False,2026-08-03,6.62,6.401999999999999,6.643000000000001,True,False,False,True,8.28,-20.048309178743953,False,47.81153661448387,-0.22704204544875228,-0.2572003521933603,0.06031661348921602,True,False,False,False,2026-07-31,1.0,12.529545840134475,10.222558664617145,17.143520191169134,False,False,2026-07-31,1.0,True,79829.0,69411.8,1.1500782287737819,False,52355300.0,2.64,19.83155303030303,3.4375000000000044,2.968750000000006,-0.34622911335240963,0.0,100.0,True,9.05,False,False,False,False,False,False
1108,002616,长青集团,N 公共环保,腾讯前复权日K回退（成交额、换手率已提供）,False,2026-08-03,4.81,4.71,4.686,True,True,True,True,4.84,-0.6198347107438068,False,53.455009890560085,-0.031201929994558952,-0.061343830487292555,0.060283800985467206,True,False,False,False,,,16.550169568555418,15.293241815251259,19.064025075163737,False,False,2026-07-31,1.0,True,105816.0,77708.4,1.3617060703862132,False,50636700.0,1.8,28.1315,1.9067796610169552,2.3305084745762783,2.646180110968836,9.090909090909678,90.90909090909032,True,6.13,False,False,False,False,False,False
1109,002617,露笑科技,C 制造业,腾讯前复权日K回退（成交额、换手率已提供）,False,2026-08-03,6.17,6.034000000000001,6.795999999999999,True,False,False,True,9.87,-37.48733535967578,False,37.15214976968488,-0.7339605517924754,-0.7671378273394147,0.06635455109387856,True,False,True,False,,,9.270089326907051,8.176394633049853,11.457478714621448,False,False,2026-07-31,1.0,True,689047.0,916441.8,0.751872077419428,False,422538399.99999994,3.67,115.13307901907355,0.9819967266775809,1.800327332242231,-9.211300765155967,0.0,100.0,True,10.87,False,True,False,False,True,False
1110,002620,*ST瑞和,E 建筑业,腾讯前复权日K回退（成交额、换手率已提供）,False,2026-08-03,4.93,4.51,4.7075000000000005,True,True,False,True,6.1,-19.18032786885246,False,49.93528340281295,-0.3339921439175688,-0.4259755733393425,0.18396685884354735,True,False,False,False,2026-07-28,4.0,9.550117207149675,7.329291752446113,13.9917681165568,False,False,2026-07-27,5.0,True,73104.0,66767.2,1.0949088774128615,False,34491300.0,2.31,14.931298701298703,10.044642857142838,10.26785714285714,4.726500265533707,0.0,100.0,True,10.89,False,False,False,False,False,True
1111,002622,皓宸医疗,Q 卫生,腾讯前复权日K回退（成交额、换手率已提供）,False,2026-08-03,2.3,2.218,2.1265,True,True,True,True,2.35,-2.1276595744680966,False,57.88909128585911,-0.008605895829609356,-0.04361103905199661,0.07001028644477451,True,False,False,False,2026-07-27,5.0,34.949138060450785,28.419260459591403,48.00889326216954,False,False,2026-07-27,5.0,True,212314.0,335422.0,0.6329757738013607,False,48110700.0,2.53,19.01608695652174,2.2222222222222143,3.555555555555539,8.15894662591111,0.0,100.0,True,2.9,False,True,False,False,False,False
1112,002623,亚玛顿,C 制造业,腾讯前复权日K回退（成交额、换手率已提供）,False,2026-08-03,16.0,14.919999999999998,14.578,True,True,True,True,17.2,-6.976744186046507,False,56.71159176379824,-0.41870960854554085,-0.7234958169675246,0.6095724168439676,True,False,False,False,2026-07-24,6.0,19.136526545863656,15.027682589459104,27.354214458672757,False,False,2026-07-22,8.0,True,116215.0,41151.4,2.82408374927706,True,183719400.0,6.03,30.46756218905472,7.671601615074031,9.28667563930014,9.754424475236663,25.3623188405798,74.6376811594202,True,25.6,False,True,False,False,True,False
1113,002624,完美世界,I 信息技术,腾讯前复权日K回退（成交额、换手率已提供）,False,2026-08-03,11.29,10.588,10.6935,True,True,False,True,12.5,-9.680000000000007,False,51.68567397809858,-0.45326799397713735,-0.6298397584947718,0.3531435290352689,True,False,False,False,2026-07-29,3.0,10.208484065701427,6.957841909136593,16.709768378831093,False,False,2026-07-28,4.0,True,877067.0,749769.8,1.1697817116667009,False,990091500.0,4.8,206.2690625,2.917046490428432,6.107566089334548,5.578154953943974,52.23880597014947,47.76119402985053,False,17.67,False,True,True,False,True,False
1114,002625,光启技术,C 制造业,腾讯前复权日K回退（成交额、换手率已提供）,False,2026-08-03,30.99,30.834000000000003,29.217499999999994,True,True,True,False,32.8,-5.518292682926826,False,51.990881987597554,-0.41123687899013106,-1.0108994876054196,1.199325217230577,True,False,False,False,2026-07-21,9.0,26.141413321291036,23.486834721159408,31.45057052155429,False,False,2026-07-21,9.0,True,207293.0,278290.8,0.7448790976920545,False,637619400.0,0.96,664.186875,0.35621761658031215,2.461139896373062,6.0665696928210995,14.47368421052668,85.52631578947332,True,43.36,False,False,False,False,False,False
1115,002626,金达威,C 制造业,腾讯前复权日K回退（成交额、换手率已提供）,False,2026-08-03,14.31,13.969999999999999,14.003,True,True,False,True,15.5,-7.677419354838706,False,53.999418473752456,-0.06555458328346653,-0.11775213279473076,0.10439509902252847,True,False,False,False,2026-07-31,1.0,21.70539705752741,17.610800951263993,29.894589270054247,False,False,,,False,22215.0,40010.0,0.555236190952262,False,31743900.0,0.36,88.1775,1.1307420494699683,1.76678445229682,2.1923873455688097,23.99999999999949,76.00000000000051,True,17.19,False,False,False,False,False,False
1116,002627,三峡旅游,N 公共环保,腾讯前复权日K回退（成交额、换手率已提供）,False,2026-08-03,6.45,6.272,5.868,True,True,True,True,6.5,-0.7692307692307665,False,63.22713611161062,0.04308568806480295,-0.0773038606528905,0.2407790974353869,True,False,False,False,2026-07-06,20.0,26.608599967193896,19.992879580867257,39.840040739847176,False,False,2026-07-27,5.0,True,143250.0,188353.6,0.7605376271013667,False,92172099.99999999,2.05,44.96199999999999,0.15527950310558758,2.484472049689443,9.91820040899795,0.0,62.50000000000028,False,7.55,False,False,False,False,False,False
1117,002628,成都路桥,E 建筑业,腾讯前复权日K回退（成交额、换手率已提供）,False,2026-08-03,4.51,4.474,4.765000000000001,True,False,False,True,5.53,-18.444846292947567,False,42.14198387203874,-0.17149844559333083,-0.14987758836477394,-0.04324171445711378,False,True,False,False,,,7.929573627875034,8.953628449229896,5.881463985165311,False,False,,,False,140971.0,169468.0,0.8318443599971677,False,63711500.0,1.87,34.07032085561497,1.1210762331838486,3.1390134529147913,-5.351521511017855,64.28571428571433,35.71428571428567,False,6.47,False,False,False,False,True,False
1118,002629,仁智股份,B 采矿业,腾讯前复权日K回退（成交额、换手率已提供）,False,2026-08-03,4.53,4.298,4.2995,True,True,False,True,4.75,-4.631578947368416,False,53.228371116835156,-0.1212664522673812,-0.18137093630187118,0.12020896806897996,True,False,False,False,,,12.118133779315405,9.83028722458669,16.693826888772833,False,False,,,False,144021.0,119903.2,1.2011439227643632,False,63903400.0,3.98,16.056130653266333,5.348837209302326,5.581395348837215,5.361088498662638,4.166666666666574,95.83333333333343,True,8.04,False,False,False,False,False,False
1119,002630,*ST华西,C 制造业,腾讯前复权日K回退（成交额、换手率已提供）,False,2026-08-03,1.68,1.6320000000000001,1.688,True,False,False,True,1.85,-9.189189189189197,False,46.73366507527646,-0.04225258080324368,-0.04136902432207848,-0.0017671129623303972,False,True,False,False,,,13.044720767121882,12.18130178573297,14.77155872989971,True,False,2026-08-03,0.0,True,177181.0,141668.6,1.2506723437656615,False,29519000.0,1.65,17.890303030303034,3.0674846625766916,6.748466257668705,-0.4739336492891,45.454545454545546,54.545454545454454,False,2.11,False,False,False,False,False,False
1120,002631,德尔未来,C 制造业,腾讯前复权日K回退（成交额、换手率已提供）,False,2026-08-03,6.54,6.364,7.541500000000001,True,False,False,True,11.25,-41.86666666666667,False,36.903349980887576,-0.7277255127798181,-0.6236515847586015,-0.20814785604243324,False,True,False,False,,,8.095028048516793,8.726033490510828,6.833017164528723,False,False,,,False,176096.0,292767.0,0.6014885557456954,False,114255100.0,2.22,51.46626126126125,2.992125984251981,3.4645669291338685,-13.279851488430694,31.818181818181856,68.18181818181814,False,12.09,False,False,False,False,True,False
1121,002632,道明光学,C 制造业,腾讯前复权日K回退（成交额、换手率已提供）,False,2026-08-03,8.06,7.901999999999999,8.494,True,False,False,True,10.59,-23.890462700660994,False,42.99988562859095,-0.4359516073020746,-0.41718523508645994,-0.03753274443122934,False,True,False,False,,,8.543169923786087,7.484426836966473,10.660656097425312,False,False,2026-07-31,1.0,True,160440.0,174668.8,0.9185383995309981,False,128411000.0,2.79,46.02544802867383,1.5113350125944613,2.0151133501259464,-5.109489051094882,0.0,100.0,True,12.04,False,False,False,False,True,False
1122,002633,申科股份,C 制造业,腾讯前复权日K回退（成交额、换手率已提供）,False,2026-08-03,13.93,13.372,13.7285,True,True,False,True,16.15,-13.746130030959748,False,47.15168541868777,-0.6648800215054393,-0.8079985768373881,0.28623711066389745,True,False,False,False,2026-07-29,3.0,18.241970920216087,15.389142525535275,23.947627709577706,False,False,2026-07-21,9.0,True,29485.0,23079.4,1.2775462100401223,False,40172200.0,1.97,20.391979695431473,5.370650529500742,5.975794251134638,1.4677495720581226,2.531645569620202,97.4683544303798,True,20.97,False,False,False,False,False,False
1123,002634,*ST棒杰,C 制造业,腾讯前复权日K回退（成交额、换手率已提供）,False,2026-08-03,4.15,4.082000000000001,4.009500000000001,True,True,True,True,4.71,-11.889596602972391,False,50.18997790888666,-0.11433161905430911,-0.1806990499281323,0.13273486174764637,True,False,False,False,2026-07-27,5.0,10.97391990434754,9.275815974715306,14.370127763612007,False,False,2026-07-23,7.0,True,50862.0,64491.6,0.7886608488547346,False,21331600.0,1.15,18.54921739130435,-0.47961630695442237,4.0767386091127085,3.5041775782516367,41.176470588234956,11.764705882353217,False,5.55,False,False,False,False,True,False
1124,002635,安洁科技,C 制造业,腾讯前复权日K回退（成交额、换手率已提供）,False,2026-08-03,13.56,13.334,14.711000000000002,True,False,False,True,23.14,-41.400172860847015,False,40.18490170926414,-1.2864129524612675,-1.2571948704817955,-0.05843616395894413,False,True,False,False,,,10.262902308414402,10.304088572673395,10.180529779896414,False,False,,,False,242834.0,271401.8,0.8947398285494054,False,325597400.0,6.14,53.02889250814333,2.4943310657596474,3.703703703703705,-7.824077221127057,4.081632653061136,95.91836734693887,True,24.74,False,False,False,False,False,False
1125,002636,金安国纪,C 制造业,腾讯前复权日K回退（成交额、换手率已提供）,False,2026-08-03,47.32,51.826,74.637,False,False,False,False,116.16,-59.26308539944905,False,29.19263937776411,-10.823622239914627,-7.125613659825692,-7.39601716017787,False,True,False,False,,,25.279639238829805,30.80326250636133,14.232392703766756,False,False,,,False,402415.0,436279.4,0.9223790992652873,False,1943397200.0,5.56,349.5318705035972,-6.9053708439897665,7.711981113515644,-36.59980974583652,0.0,10.714285714285753,False,124.38,False,False,False,False,False,False
1126,002637,赞宇科技,C 制造业,腾讯前复权日K回退（成交额、换手率已提供）,False,2026-08-03,10.44,9.796000000000001,9.926,True,True,False,True,11.19,-6.702412868632708,False,53.86141355294265,-0.31665367154518975,-0.4220846241991669,0.21086190530795434,True,False,False,False,2026-07-29,3.0,19.485090915905833,13.266349866841068,31.922573014035365,False,False,2026-07-27,5.0,True,262175.0,79807.0,3.285112834713747,True,271246900.0,5.64,48.0934219858156,7.739938080495357,9.391124871001034,5.178319564779361,24.175824175824243,75.82417582417575,True,13.39,False,True,False,False,False,False
1127,002638,勤上股份,C 制造业,腾讯前复权日K回退（成交额、换手率已提供）,False,2026-08-03,3.49,3.4579999999999997,3.5545,True,False,False,False,4.1,-14.878048780487793,False,43.514677021782326,-0.14353163782956724,-0.1644279334775845,0.04179259129603452,True,False,False,False,2026-07-29,3.0,21.40879257239689,20.259336791096633,23.707704134997407,False,False,2026-07-24,6.0,True,185215.0,203996.8,0.9079309087201368,False,64359700.0,1.37,46.97788321167883,-0.5698005698005604,3.4188034188034093,-1.8146012097341335,41.666666666666636,50.00000000000019,False,4.9,False,True,False,False,False,False
1128,002639,雪人集团,C 制造业,腾讯前复权日K回退（成交额、换手率已提供）,False,2026-08-03,12.61,11.988,11.748,True,True,True,True,13.75,-8.290909090909095,False,52.715469003235334,-0.45709445117372205,-0.6917417944198816,0.4692946864923191,True,False,False,False,2026-07-23,7.0,14.050767307843273,11.1741058770612,19.80409016940742,False,False,2026-07-21,9.0,True,852604.0,265275.2,3.214035839007943,True,1062117600.0,12.93,82.14366589327146,5.788590604026833,7.214765100671151,7.337419135171945,33.7209302325582,66.2790697674418,False,19.28,False,False,False,False,True,False
1129,002640,跨境通,F 批发零售,腾讯前复权日K回退（成交额、换手率已提供）,False,2026-08-03,3.4,3.386,3.1445,True,True,True,False,3.5,-2.85714285714286,False,55.40521013577641,0.03880991686999691,-0.009689710522955126,0.09699925478590407,True,False,False,False,2026-07-15,13.0,33.03705797084832,31.004135508486588,37.102902895571795,False,False,,,False,878614.0,1514731.0,0.5800462260295722,False,295605900.0,5.67,52.13507936507936,1.4925373134328401,2.9850746268656745,8.125298139608843,10.000000000000222,89.99999999999979,True,4.66,False,False,False,False,False,False
1130,002641,公元股份,C 制造业,腾讯前复权日K回退（成交额、换手率已提供）,False,2026-08-03,3.94,3.818,3.8935000000000004,True,True,False,True,4.17,-5.515587529976019,False,52.44422368091369,-0.05696414081185708,-0.06741988379867848,0.020911485973642813,True,False,True,False,,,18.894049990469124,13.659535038826723,29.363079893753923,False,False,2026-07-30,2.0,True,145927.0,89265.6,1.6347506766324316,False,57351300.0,1.29,44.45837209302325,2.872062663185382,2.088772845953004,1.1942981892898303,37.50000000000028,62.49999999999972,False,4.49,False,False,False,False,False,False
1131,002642,荣联科技,I 信息技术,腾讯前复权日K回退（成交额、换手率已提供）,False,2026-08-03,7.42,7.324,7.023999999999999,True,True,True,True,7.75,-4.258064516129033,False,57.15674869395743,0.07996886933896974,0.004969302940449668,0.14999913279704014,True,False,False,False,2026-07-06,20.0,36.782431145092346,33.18235939317552,43.982574648926004,False,False,,,False,211753.0,318349.4,0.6651590987763758,False,156667500.0,3.2,48.95859375,0.4059539918809252,2.4357239512855293,5.637813211845114,33.3333333333335,66.6666666666665,False,9.59,False,False,False,False,True,False
1132,002643,万润股份,C 制造业,腾讯前复权日K回退（成交额、换手率已提供）,False,2026-08-03,12.88,12.796000000000001,14.866999999999999,True,False,False,False,20.58,-37.41496598639455,False,33.054276441115704,-1.344049835078705,-1.1778845867371492,-0.3323304966831113,False,True,False,False,,,5.338523413531779,6.76605935504979,2.483451530495758,False,False,,,False,202438.0,242255.2,0.8356394413824759,False,259532900.0,2.24,115.86290178571429,0.7824726134585402,2.3474178403755785,-13.365171184502579,16.666666666666373,83.33333333333363,True,22.22,False,False,False,False,False,False
1133,002644,佛慈制药,C 制造业,腾讯前复权日K回退（成交额、换手率已提供）,False,2026-08-03,7.82,7.731999999999999,7.6015,True,True,True,True,8.07,-3.097893432465923,False,57.15132636764699,0.07834985191190658,0.06190951229691902,0.03288067922997512,True,False,False,False,,,39.75325915204634,38.37579805371194,42.50818134871514,False,False,,,False,27073.0,44025.4,0.6149404661854293,False,21101100.0,0.53,39.813396226415094,1.2953367875647714,1.9430051813471552,2.874432677760976,6.666666666666508,93.33333333333348,True,8.49,False,True,True,False,True,False
1134,002645,华宏科技,C 制造业,腾讯前复权日K回退（成交额、换手率已提供）,False,2026-08-03,16.03,16.322,18.694499999999998,False,False,False,False,26.2,-38.81679389312976,False,31.6723918779187,-2.5641305839975246,-2.5728072901092647,0.01735341222348019,True,False,True,False,,,15.317346005590943,18.253007458734675,9.446023099303481,False,False,,,False,297733.0,318904.8,0.9336109083337724,False,479163300.0,4.38,109.39801369863014,0.5015673981191293,5.830721003134795,-14.252855117815386,45.16129032258046,54.83870967741954,False,36.61,False,False,False,False,True,False
1135,002646,天佑德酒,C 制造业,腾讯前复权日K回退（成交额、换手率已提供）,False,2026-08-03,6.99,6.814,6.579000000000001,True,True,True,True,7.08,-1.271186440677964,False,60.14545413373283,0.014666203938602962,-0.06002351624322371,0.14937944036365336,True,False,False,False,,,31.110115797438578,25.027969407568033,43.27440857717966,False,False,2026-07-28,4.0,True,70857.0,81738.4,0.8668752997367211,False,49036500.0,1.49,32.91040268456376,1.4513788098693858,2.6124818577648723,6.2471500227998105,11.11111111111089,88.88888888888911,True,8.19,False,False,False,False,True,False
1136,002647,仁东控股,J 金融业,腾讯前复权日K回退（成交额、换手率已提供）,False,2026-08-03,9.52,9.406,9.769499999999999,True,False,False,True,12.34,-22.852512155591576,False,46.656114611903675,-0.5017978861898467,-0.6011485483070069,0.19870132423432052,True,False,False,False,2026-07-31,1.0,23.907650528984334,20.51318186326534,30.69658786042232,False,False,,,False,247826.0,384757.4,0.644109768908928,False,237715500.0,2.44,97.42438524590165,-1.9567456230690117,4.840370751802272,-2.5538666257229075,8.510638297872525,17.021276595744673,False,14.0,False,False,False,False,False,False
1137,002648,卫星化学,C 制造业,腾讯前复权日K回退（成交额、换手率已提供）,False,2026-08-03,25.28,25.144,23.9555,True,True,True,True,25.6,-1.250000000000001,False,57.25950439921869,0.3635621331756127,0.16454238346946898,0.39803949941228745,True,False,False,False,2026-07-20,10.0,45.44245830415008,42.154221122312954,52.01893266782433,False,False,,,False,362712.0,444051.2,0.8168247265180232,False,918773700.0,1.08,850.7163888888889,-0.43324143363528966,2.3631350925561163,5.52900169063472,61.66666666666646,38.33333333333354,False,28.37,False,False,False,False,True,False
1138,002649,博彦科技,I 信息技术,腾讯前复权日K回退（成交额、换手率已提供）,False,2026-08-03,9.22,8.924000000000001,8.552499999999998,True,True,True,True,9.34,-1.2847965738757947,False,61.71509288841202,0.0792359058907568,-0.027172565978212094,0.21281694373793777,True,False,False,False,,,28.633448631035993,23.853762859623572,38.19282017386084,False,False,,,False,133002.0,125659.4,1.058432556577542,False,122236400.0,2.48,49.288870967741936,0.5452562704471253,2.290076335877872,7.804735457468603,52.380952380951896,47.619047619048104,False,11.03,False,False,False,False,True,False
1139,002650,ST加加,C 制造业,腾讯前复权日K回退（成交额、换手率已提供）,False,2026-08-03,5.93,5.76,5.881,True,True,False,True,6.49,-8.628659476117111,False,47.60991392900126,-0.20733242786423478,-0.27504715642945154,0.13542945713043353,True,False,False,False,2026-07-30,2.0,17.76171252358679,14.408449642658185,24.468238285444,False,False,2026-07-30,2.0,True,46903.0,59560.2,0.7874889607489566,False,28399899.999999996,0.42,67.61880952380952,-1.983471074380172,4.132231404958678,0.8331916340758287,51.99999999999996,0.0,False,8.54,False,False,False,False,False,False
1140,002651,利君股份,C 制造业,腾讯前复权日K回退（成交额、换手率已提供）,False,2026-08-03,7.99,7.760000000000001,7.3855,True,True,True,True,7.97,0.2509410288582241,True,62.363513668319314,0.02362698096360205,-0.09259125954943676,0.2324364810260776,True,False,False,False,,,25.387466615502202,20.082865069077613,35.99666970835138,False,False,2026-07-23,7.0,True,69187.0,94478.8,0.7323018497271345,False,54923600.0,1.22,45.019344262295085,2.3047375160051287,2.944942381562094,8.184957010358131,8.695652173912876,91.30434782608712,True,10.25,False,False,False,False,True,False
1141,002652,扬子新材,C 制造业,腾讯前复权日K回退（成交额、换手率已提供）,False,2026-08-03,3.73,3.5700000000000003,3.7129999999999996,True,True,False,True,4.53,-17.66004415011038,False,45.7256140780001,-0.24531790009385412,-0.29867180016961825,0.10670780015152825,True,False,False,False,2026-07-28,4.0,15.153141023088219,13.102493667010881,19.254435735242897,False,False,2026-07-21,9.0,True,184151.0,177627.6,1.036725148569254,False,67571500.0,3.6,18.769861111111112,5.070422535211283,4.788732394366195,0.45785079450579985,11.764705882352956,88.23529411764704,True,6.77,False,False,False,False,True,False
1142,002653,海思科,C 制造业,腾讯前复权日K回退（成交额、换手率已提供）,False,2026-08-03,58.9,61.912,68.152,False,False,False,False,80.83,-27.13101571198812,False,41.0543892496286,-0.07582644475753852,1.8849557390507414,-3.92156436761656,False,True,False,False,,,46.56878539584519,53.95388913845186,31.798577910631835,False,False,,,False,81222.0,99010.2,0.8203397225740379,False,488415199.99999994,1.51,323.453774834437,-5.5787111253607025,6.508496312920811,-13.575537034863249,23.152709359606018,2.7093596059113145,False,80.83,False,False,False,False,False,False
1143,002654,万润科技,L 商务服务,腾讯前复权日K回退（成交额、换手率已提供）,False,2026-08-03,11.47,11.296000000000001,13.708000000000002,True,False,False,False,19.93,-42.448569994982435,False,33.78365018341397,-1.6516306432941903,-1.4838596721232822,-0.3355419423418162,False,True,False,False,,,7.808287766047674,9.041979481123548,5.340904335895928,False,False,,,False,528776.0,503069.8,1.0510986745775637,False,600801900.0,6.26,95.9747444089457,3.054806828391743,6.738544474393531,-16.326232856726005,27.999999999999876,72.00000000000011,True,22.46,False,False,False,False,False,False
1144,002655,共达电声,C 制造业,腾讯前复权日K回退（成交额、换手率已提供）,False,2026-08-03,22.37,22.93,29.302500000000002,False,False,False,False,42.86,-47.80681287914138,False,30.04107125147624,-4.295720997159997,-3.6914960189428063,-1.2084499564343805,False,True,False,False,,,18.543294638777102,22.237706312269264,11.154471291792781,False,False,,,False,254333.0,273678.6,0.9293127047566014,False,577101100.0,6.99,82.56095851216023,-2.1006564551422358,8.315098468271328,-23.658390922276258,48.94736842105265,30.00000000000004,False,52.72,False,False,False,False,True,False
1145,002656,摩登大道,C 制造业,腾讯前复权日K回退（成交额、换手率已提供）,False,2026-08-03,2.86,2.726,2.752,True,True,False,True,3.09,-7.443365695792881,False,52.661509093495326,-0.07777089235332157,-0.10654252667363243,0.0575432686406217,True,False,False,False,2026-07-29,3.0,25.85970470579683,20.99260690899737,35.59390029939575,False,False,2026-07-28,4.0,True,206974.0,125059.2,1.6550081881221055,False,57599100.0,3.01,19.13591362126246,4.761904761904767,6.593406593406582,3.924418604651166,11.11111111111114,88.88888888888886,True,3.61,False,False,False,False,False,False
1146,002657,中科金财,I 信息技术,腾讯前复权日K回退（成交额、换手率已提供）,False,2026-08-03,15.36,14.943999999999999,14.777000000000001,True,True,True,True,21.47,-28.45831392640894,False,45.39250812648984,-1.0919055678517644,-1.4265388449982042,0.6692665542928795,True,False,False,False,2026-07-29,3.0,18.665684506396286,13.97352485540137,28.050003808386112,False,False,2026-07-27,5.0,True,202104.0,200930.2,1.0058418296502964,False,308340700.0,6.01,51.304608985024956,-2.7232425585813735,3.1032298923369237,3.9453204303985814,28.571428571428676,71.42857142857133,True,23.98,False,True,False,False,True,False
1147,002658,雪迪龙,C 制造业,腾讯前复权日K回退（成交额、换手率已提供）,False,2026-08-03,7.32,7.184,7.1295,True,True,True,True,8.3,-11.807228915662654,False,48.22972764182365,-0.17276201053083184,-0.23512805811611245,0.12473209517056122,True,False,False,False,2026-07-24,6.0,13.729132664557989,12.115324909244022,16.956748175185925,False,False,2026-07-21,9.0,True,49709.0,65078.4,0.7638325465899591,False,36269300.0,1.39,26.09302158273382,1.6666666666666607,2.222222222222224,2.67199663370503,12.499999999999723,87.50000000000028,True,10.5,False,True,False,False,True,False
1148,002659,凯文教育,P 教育,腾讯前复权日K回退（成交额、换手率已提供）,False,2026-08-03,4.61,4.314000000000001,4.0,True,True,True,True,4.62,-0.2164502164502118,False,70.11003830048128,0.08122016535583487,-0.014678297633459712,0.19179692597858916,True,False,False,False,,,41.151802541864775,29.880650874734396,63.694105876125526,False,False,2026-07-27,5.0,True,539299.0,240969.4,2.238039352714494,True,248430700.0,9.01,27.572774694783572,-0.21645021645021467,6.060606060606047,15.250000000000007,3.5714285714285032,46.428571428571495,False,5.45,False,False,False,False,True,True
1149,002660,茂硕电源,C 制造业,腾讯前复权日K回退（成交额、换手率已提供）,False,2026-08-03,6.84,6.496,6.285500000000001,True,True,True,True,6.75,1.3333333333333313,True,58.6755399318799,-0.09991508061813548,-0.21476762795930693,0.2297050946823429,True,False,False,False,2026-07-09,17.0,22.10143087470504,16.380831382985875,33.54262985814337,False,False,2026-07-23,7.0,True,69139.0,47442.0,1.4573373803802538,False,46514799.99999999,2.02,23.027128712871285,4.587155963302747,5.504587155963308,8.821891655397328,5.555555555555679,94.44444444444431,True,9.06,False,False,False,False,True,False
1150,002661,克明食品,C 制造业,腾讯前复权日K回退（成交额、换手率已提供）,False,2026-08-03,7.67,7.43,7.2605,True,True,True,True,7.67,0.0,False,60.41688182910943,0.003116829120539677,-0.0725539692687629,0.15134159677860515,True,False,False,False,2026-07-29,3.0,31.257271079765513,24.61461837480512,44.5425764896863,False,False,,,False,28155.0,38225.0,0.7365598430346632,False,21658700.0,0.91,23.80076923076923,1.0540184453228019,2.635046113306985,5.640107430617719,44.99999999999989,55.000000000000114,False,9.08,False,False,False,False,True,False
1151,002662,峰璟股份,C 制造业,腾讯前复权日K回退（成交额、换手率已提供）,False,2026-08-03,3.25,3.1799999999999997,3.2300000000000004,True,True,False,True,3.74,-13.101604278074872,False,47.278543139445624,-0.09962370792490338,-0.11656058760972568,0.033873759369644596,True,False,False,False,2026-07-31,1.0,16.377120216354218,13.403011807082768,22.32533703489712,False,False,2026-07-29,3.0,True,87049.0,97654.8,0.8913949954328921,False,28140000.0,0.58,48.51724137931035,1.5625,2.4999999999999885,0.6191950464396152,12.499999999999792,87.50000000000021,True,4.11,False,True,False,False,False,False
1152,002663,普邦股份,E 建筑业,腾讯前复权日K回退（成交额、换手率已提供）,False,2026-08-03,1.6,1.5399999999999998,1.4825,True,True,True,True,1.58,1.2658227848101276,True,56.29396443209265,-0.01684973448848348,-0.04299710401511658,0.052294739053266204,True,False,False,False,,,16.537728563334408,13.863809097289442,21.885567495424336,False,False,2026-07-23,7.0,True,437918.0,348274.6,1.2573928733246698,False,69156000.0,2.57,26.908949416342416,3.8961038961039085,4.545454545454549,7.925801011804396,14.285714285714285,85.71428571428571,True,2.48,False,False,False,False,True,False
1153,002664,信质集团,C 制造业,腾讯前复权日K回退（成交额、换手率已提供）,False,2026-08-03,16.17,15.6,15.909,True,True,False,True,20.0,-19.14999999999999,False,48.16840389256918,-0.7098128248256454,-0.8988493389187842,0.3780730281862774,True,False,False,False,2026-07-29,3.0,13.362493303135134,9.721742837247689,20.643994234910025,False,False,2026-07-28,4.0,True,41763.0,48397.8,0.862911124059358,False,67150600.0,1.04,64.56788461538461,2.1478205938092243,3.348073278584961,1.6405808033188825,9.433962264150418,90.56603773584958,True,24.22,False,False,False,False,False,False
1154,002666,德联集团,C 制造业,腾讯前复权日K回退（成交额、换手率已提供）,False,2026-08-03,4.16,3.9939999999999998,3.8920000000000003,True,True,True,True,4.17,-0.23980815347721313,False,58.44426500339267,-0.043257372969675245,-0.09696488153833391,0.10741501713731733,True,False,False,False,,,17.151676647331655,12.14021968562225,27.174590570750464,False,False,2026-07-27,5.0,True,117814.0,96156.8,1.2252279609970382,False,48378500.0,2.35,20.58659574468085,3.7406483790523692,4.23940149625935,6.8859198355601166,5.8823529411763475,94.11764705882365,True,5.21,False,True,False,False,True,False
1155,002667,*ST威领,C 制造业,腾讯前复权日K回退（成交额、换手率已提供）,False,2026-08-03,12.19,11.082,10.088,True,True,True,True,13.67,-10.826627651792249,False,54.33342252384542,-0.8290624043470363,-1.5003956120010122,1.342666415307952,True,False,False,False,2026-07-06,20.0,14.199682760338286,10.878296215797503,20.842455849419853,False,False,2026-07-23,7.0,True,387986.0,252989.0,1.533608180592832,False,450856400.0,16.4,27.491243902439027,9.131602506714408,14.055505819158448,20.836637589214913,6.36942675159234,93.63057324840766,True,29.16,False,False,False,False,False,True
1156,002668,TCL智家,C 制造业,腾讯前复权日K回退（成交额、换手率已提供）,False,2026-08-03,10.13,10.488,10.36,False,False,True,False,11.36,-10.827464788732383,False,46.72963707925177,0.04434321380133177,0.050609009058616476,-0.01253159051456941,False,True,False,True,2026-07-30,2.0,66.57859118274877,67.3336001070856,65.0685733340751,False,True,,,False,237250.0,196042.8,1.2101949166202484,False,243536000.0,2.19,111.20365296803654,-4.433962264150937,5.094339622641518,-2.2200772200772074,3.703703703703947,7.4074074074075655,False,11.36,False,True,False,False,True,False
1157,002669,康达新材,C 制造业,腾讯前复权日K回退（成交额、换手率已提供）,False,2026-08-03,11.39,11.318000000000001,11.984,True,False,False,True,17.41,-34.57782883400344,False,37.671788212252466,-1.1220195524794292,-1.224194584180936,0.20435006340301376,True,False,False,False,2026-07-30,2.0,15.379818402768118,14.58013678472871,16.979181638846935,False,False,2026-07-27,5.0,True,114492.0,141187.8,0.8109199236761251,False,129455200.0,3.78,34.24740740740741,0.08787346221441616,2.5483304042179187,-4.9566088117489935,10.344827586206707,89.6551724137933,True,19.13,False,False,False,False,False,False
1158,002670,国盛证券,J 金融业,腾讯前复权日K回退（成交额、换手率已提供）,False,2026-08-03,11.0,11.73,11.693000000000001,False,False,True,False,12.63,-12.905779889152816,False,41.5913196976837,-0.03748337915291877,-0.01886206005767579,-0.03724263819048596,False,True,False,True,2026-07-29,3.0,18.947445843207603,21.241480917382955,14.359375694856901,False,True,,,False,756507.0,304193.4,2.4869277242701515,True,834918100.0,4.66,179.16697424892703,-9.090909090909083,4.628099173553708,-5.926622765757302,24.99999999999984,19.642857142857086,False,13.17,False,False,False,False,False,False
1159,002671,龙泉股份,C 制造业,腾讯前复权日K回退（成交额、换手率已提供）,False,2026-08-03,3.88,3.6979999999999995,3.6905,True,True,True,True,3.95,-1.7721518987341842,False,56.34679502845801,-0.06883058911965456,-0.10928335059677378,0.08090552295423845,True,False,False,False,2026-07-28,4.0,13.49830900513669,9.831686590950172,20.831553833509727,False,False,2026-07-28,4.0,True,136245.0,107273.6,1.2700701757002655,False,51927500.0,2.47,21.02327935222672,5.1490514905149,4.878048780487809,5.134805581899466,5.555555555555679,94.44444444444431,True,5.08,False,True,False,False,False,False
1160,002672,东江环保,C 制造业,腾讯前复权日K回退（成交额、换手率已提供）,False,2026-08-03,3.53,3.4259999999999997,3.3485,True,True,True,True,3.61,-2.2160664819944618,False,54.77609122764556,-0.037495302228448324,-0.07788719142294609,0.08078377838899553,True,False,False,False,2026-07-27,5.0,18.71608000141428,15.53143385727798,25.085372289686877,False,False,,,False,84001.0,81713.8,1.0279903761665716,False,29347900.0,0.93,31.556881720430106,2.915451895043719,3.498542274052481,5.4203374645363525,8.333333333333519,91.66666666666649,True,4.43,False,False,False,False,True,False
1161,002673,西部证券,J 金融业,腾讯前复权日K回退（成交额、换手率已提供）,False,2026-08-03,6.83,6.714,6.6245,True,True,True,True,6.85,-0.2919708029197018,False,58.491733704492034,0.0342457972073289,0.010821554402150284,0.04684848561035723,True,False,False,False,2026-07-29,3.0,47.201804475308,39.680801233631676,62.24381095866066,False,False,,,False,266861.0,299395.0,0.8913341906177458,False,181686300.0,0.6,302.8105,1.0355029585798814,2.3668639053254457,3.1021209147860183,18.75000000000014,81.24999999999987,True,7.29,False,True,False,False,False,False
1162,002674,兴业科技,C 制造业,腾讯前复权日K回退（成交额、换手率已提供）,False,2026-08-03,22.25,22.676,25.131999999999998,False,False,False,False,33.88,-34.32703659976388,False,46.447493957466264,-0.36898117610328285,0.19977446854276915,-1.137511289292104,False,True,False,False,,,48.11578339788665,49.4060352810802,45.53527963149956,False,False,,,False,302361.0,297391.8,1.0167092703968301,False,686122400.0,10.33,66.4203678606002,-2.24077328646749,13.884007029876976,-11.467451854209765,32.59493670886079,36.39240506329109,False,33.88,False,False,False,False,False,False
1163,002675,东诚药业,C 制造业,腾讯前复权日K回退（成交额、换手率已提供）,False,2026-08-03,12.95,12.766,12.750499999999999,True,True,True,True,13.67,-5.267008046817854,False,54.82765139847836,0.010331905200063218,-0.005393518876110354,0.031450848152347145,True,False,False,False,2026-07-31,1.0,22.606757511649448,20.28181153814202,27.256649458664306,False,False,,,False,52034.0,64517.2,0.8065136118740429,False,67171200.0,0.7,95.95885714285716,1.0140405616224646,2.0280811232449283,1.5646445237441706,50.00000000000034,49.99999999999966,False,13.67,False,False,False,False,True,False
1164,002676,顺威股份,C 制造业,腾讯前复权日K回退（成交额、换手率已提供）,False,2026-08-03,5.05,4.862,4.792,True,True,True,True,5.37,-5.959031657355685,False,54.22110384520993,-0.09822675461885844,-0.1634371347035387,0.13042076016936055,True,False,False,False,2026-07-27,5.0,10.650539437314352,7.897581844154563,16.156454623633934,False,False,2026-07-27,5.0,True,126987.0,105754.4,1.200772733805875,False,63383200.0,1.76,36.01318181818182,3.2719836400818103,4.089979550102235,5.383973288814692,4.999999999999911,95.00000000000009,True,8.22,False,True,False,False,False,False
1165,002677,浙江美大,C 制造业,腾讯前复权日K回退（成交额、换手率已提供）,False,2026-08-03,6.49,6.378,6.37,True,True,True,True,8.2,-20.853658536585357,False,50.419242202034546,-0.04914859064158694,-0.06764758029144517,0.03699797929971646,True,False,False,False,2026-07-03,16.0,30.235343929559377,28.50957560461428,33.68688057944957,False,False,,,False,74834.0,124320.0,0.6019465894465894,False,48354799.99999999,1.36,35.55499999999999,2.3659305993690927,2.6813880126182954,1.8838304552590284,23.529411764705912,76.47058823529409,True,8.49,False,False,False,False,True,False
1166,002678,珠江钢琴,C 制造业,腾讯前复权日K回退（成交额、换手率已提供）,False,2026-08-03,4.45,4.318,4.1545000000000005,True,True,True,True,4.43,0.45146726862303527,True,53.827034923051194,-0.1055070761515049,-0.19648411370412924,0.1819540751052487,True,False,False,False,2026-07-09,17.0,21.55281231604342,17.619614482747092,29.419207982636074,False,False,2026-07-22,8.0,True,75837.0,85279.6,0.8892748089812803,False,33477300.0,0.56,59.78089285714285,2.5345622119815836,2.9953917050691223,7.112769286316034,0.0,100.0,True,6.47,False,False,False,False,False,False
1167,002679,福建金森,A 农林牧渔,腾讯前复权日K回退（成交额、换手率已提供）,False,2026-08-03,8.77,8.431999999999999,8.078,True,True,True,True,8.62,1.7401392111368954,True,61.76462634345632,-0.006165388066087019,-0.1328660413863492,0.25340130664052435,True,False,False,False,,,25.848256999153378,20.704776960921784,36.135217075616566,False,False,2026-07-23,7.0,True,38597.0,33905.4,1.1383732384811858,False,33437000.0,1.64,20.388414634146343,3.5419126328217088,4.014167650531284,8.566476850705623,2.9411764705881738,97.05882352941182,True,11.41,False,False,False,False,False,False
1168,002681,奋达科技,C 制造业,腾讯前复权日K回退（成交额、换手率已提供）,False,2026-08-03,4.76,4.378,4.5235,True,True,False,True,5.26,-9.505703422053232,False,54.66366749910233,-0.11467816087861404,-0.13774064309975714,0.0461249644422862,True,False,True,False,,,23.1775158328736,17.289560269243875,34.95342696013305,False,False,2026-07-31,1.0,True,675128.0,448293.4,1.5059958500392823,False,311920300.0,4.3,72.53960465116279,9.930715935334877,10.161662817551951,5.228252459378788,0.0,100.0,True,5.96,False,False,False,False,True,True
1169,002682,龙洲股份,G 运输仓储,腾讯前复权日K回退（成交额、换手率已提供）,False,2026-08-03,4.39,4.202,4.1339999999999995,True,True,True,True,4.62,-4.978354978354988,False,54.92648915798331,-0.09396322370406107,-0.15663274266449975,0.12533903792087736,True,False,False,False,,,20.99176339030566,17.349077505317172,28.277135160282633,False,False,,,False,231982.0,195842.0,1.1845365141287365,False,100314900.0,4.13,24.289322033898305,4.773269689737458,4.2959427207637155,6.19254958877601,0.0,100.0,True,6.33,False,False,False,False,True,False
1170,002683,广东宏大,B 采矿业,腾讯前复权日K回退（成交额、换手率已提供）,False,2026-08-03,28.76,27.827999999999996,27.252,True,True,True,True,30.95,-7.07592891760904,False,54.48884641936605,-0.5249805144730999,-0.9493387320002991,0.8487164350543983,True,False,False,False,2026-07-27,5.0,15.691550878916436,12.279452870547829,22.51574689565365,False,False,2026-07-23,7.0,True,87103.0,103799.0,0.8391506661913891,False,249912500.0,1.31,190.77290076335876,2.567760342368053,4.065620542082728,5.533538822838701,20.17543859649101,79.824561403509,True,41.8,False,False,False,False,True,False
1171,002685,华东重机,C 制造业,腾讯前复权日K回退（成交额、换手率已提供）,False,2026-08-03,5.3,5.186,5.2835,True,True,False,True,6.4,-17.187500000000007,False,42.15140895163633,-0.3477534065309049,-0.4343372581910197,0.17316770332022957,True,False,False,False,2026-07-27,5.0,11.349515167333498,9.75283883149769,14.542867839005112,False,False,2026-07-21,9.0,True,222789.0,263807.8,0.8445125580062455,False,117263500.0,2.21,53.060407239819,1.9230769230769162,2.3076923076923097,0.31229298760290974,0.0,100.0,True,9.98,False,False,False,False,True,False
1172,002686,亿利达,C 制造业,腾讯前复权日K回退（成交额、换手率已提供）,False,2026-08-03,5.95,5.683999999999999,5.4155,True,True,True,True,6.39,-6.885758998435048,False,59.2931600653584,0.01213181800310803,-0.10995984718060935,0.24418333036743475,True,False,False,False,,,24.181925315496077,17.606384515635565,37.333006915217105,False,False,,,False,426355.0,201382.4,2.117141319201678,True,254843400.0,8.16,31.23080882352941,-3.8772213247172838,5.492730210016152,9.86981811467086,50.0,50.0,False,8.23,False,False,False,False,False,True
1173,002687,乔治白,C 制造业,腾讯前复权日K回退（成交额、换手率已提供）,False,2026-08-03,4.87,4.894,5.144,False,False,False,True,6.0,-18.833333333333332,False,47.79681111607727,-0.04281557247812362,0.02603549517200667,-0.1377021353002606,False,True,False,False,,,42.08954381766021,44.631191601257164,37.0062482504663,False,False,,,False,167925.0,252990.8,0.6637593145679606,False,80987300.0,4.06,19.947610837438425,2.310924369747913,2.941176470588229,-5.326594090202177,7.1428571428570065,92.85714285714299,True,6.0,False,False,False,False,False,False
1174,002688,金河生物,C 制造业,腾讯前复权日K回退（成交额、换手率已提供）,False,2026-08-03,5.11,5.0280000000000005,4.970000000000001,True,True,True,True,5.25,-2.6666666666666607,False,55.579707545887835,-0.0036840125950892144,-0.03083841812510135,0.05430881106002427,True,False,False,False,,,26.79323072178227,23.226803716802475,33.92608473174186,False,False,2026-07-28,4.0,True,58987.0,65276.4,0.9036497110747529,False,30023600.0,0.79,38.00455696202531,0.7889546351084853,1.7751479289940801,2.8169014084506974,11.11111111111089,88.88888888888911,True,6.0,False,False,False,False,True,False
1175,002689,ST远智,C 制造业,腾讯前复权日K回退（成交额、换手率已提供）,False,2026-08-03,2.65,2.584,2.5825,True,True,True,True,2.85,-7.0175438596491295,False,51.23673430943045,-0.05031566113231234,-0.07348048422479281,0.04632964618496094,True,False,False,False,2026-07-27,5.0,11.675009600297576,9.523549236226556,15.977930328439616,False,False,2026-07-29,3.0,True,65543.0,72829.4,0.8999524917135113,False,17216600.0,0.63,27.327936507936506,1.9230769230769162,2.3076923076923097,2.6137463697967043,0.0,100.0,True,3.54,False,False,False,False,False,False
1176,002690,美亚光电,C 制造业,腾讯前复权日K回退（成交额、换手率已提供）,False,2026-08-03,15.86,15.725999999999999,14.901500000000002,True,True,True,True,16.02,-0.9987515605493142,False,63.57138546856992,0.2655975423817445,0.10379748051383897,0.32360012373581104,True,False,False,False,,,49.321642989345115,42.33972392862625,63.28548111078284,False,False,,,False,55420.0,85058.0,0.6515554092501588,False,87547700.0,1.28,68.396640625,0.18951358180669953,1.5792798483891344,6.432238365265222,20.000000000000284,79.99999999999972,True,17.83,False,True,False,False,False,False
1177,002691,*ST冀凯,C 制造业,腾讯前复权日K回退（成交额、换手率已提供）,False,2026-08-03,4.21,3.8739999999999997,3.8445,True,True,True,True,4.47,-5.816554809843396,False,56.04113058102194,-0.15057076658717472,-0.23944852950374249,0.17775552583313553,True,False,False,False,2026-07-27,5.0,15.75855995875519,11.90338662774281,23.46890662077995,False,False,2026-07-23,7.0,True,36043.0,35012.4,1.0294352857844649,False,14773900.000000002,1.07,13.807383177570095,5.778894472361817,7.28643216080401,9.507088047860577,3.448275862068897,96.5517241379311,True,6.17,False,True,False,False,False,False
1178,002692,远程股份,C 制造业,腾讯前复权日K回退（成交额、换手率已提供）,False,2026-08-03,4.06,3.864,3.6925,True,True,True,True,4.09,-0.7334963325183435,False,58.22225243101315,-0.046235789160326224,-0.12477019607261956,0.15706881382458668,True,False,False,False,,,14.023582125047389,11.09306633628283,19.884613702576505,False,False,2026-07-23,7.0,True,202866.0,163610.4,1.2399334027665723,False,81377200.0,2.83,28.755194346289755,4.102564102564088,4.358974358974368,9.952606635071083,5.882352941176855,94.11764705882315,True,5.83,False,False,False,False,True,False
1179,002693,双成药业,C 制造业,腾讯前复权日K回退（成交额、换手率已提供）,False,2026-08-03,8.79,8.553999999999998,9.238,True,False,False,True,11.0,-20.090909090909097,False,45.8830452782936,-0.2815007156607372,-0.21136276207863175,-0.1402759071642109,False,True,False,False,,,22.304060640176417,22.902095692444306,21.10799053564064,False,False,,,False,118135.0,145450.4,0.812201272736273,False,102849500.0,2.87,35.836062717770034,2.3282887077997527,2.5611175785797307,-4.849534531283832,0.0,100.0,True,12.43,False,True,False,False,True,False
1180,002694,*ST顾地,C 制造业,腾讯前复权日K回退（成交额、换手率已提供）,False,2026-08-03,2.13,1.996,1.9790000000000003,True,True,True,True,2.33,-8.58369098712447,False,55.14241161568145,-0.060770805149651386,-0.09444162086544533,0.06734163143158789,True,False,False,False,2026-07-29,3.0,22.129308498909168,17.167306737164353,32.0533120223988,False,False,2026-07-23,7.0,True,49269.0,42087.4,1.1706353920650836,False,10240000.0,0.69,14.840579710144928,7.035175879396971,7.035175879396981,7.630116220313267,0.0,100.0,True,3.03,False,False,False,False,True,False
1181,002695,煌上煌,C 制造业,腾讯前复权日K回退（成交额、换手率已提供）,False,2026-08-03,10.71,9.608,9.5655,True,True,True,True,10.98,-2.459016393442619,False,59.669978470149154,-0.2960860679462485,-0.495325851618985,0.3984795673454731,True,False,False,False,2026-07-30,2.0,37.17248820165071,27.467501439277452,56.58246172639722,False,False,2026-07-27,5.0,True,197989.0,132569.6,1.4934721082359756,False,205454300.0,3.87,53.088966408268725,9.958932238193018,9.342915811088297,11.964873765093312,0.0,100.0,True,13.3,False,False,False,False,False,True
1182,002696,百洋股份,C 制造业,腾讯前复权日K回退（成交额、换手率已提供）,False,2026-08-03,5.43,5.1819999999999995,5.119000000000001,True,True,True,True,5.58,-2.688172043010759,False,55.93181321304347,-0.0697657580091331,-0.13177336711787963,0.12401521821749306,True,False,False,False,2026-07-29,3.0,23.366889101777314,17.413586902994037,35.273493499343864,False,False,2026-07-28,4.0,True,87665.0,94334.2,0.9293024163028891,False,46870500.0,2.62,17.88950381679389,4.222648752399238,4.606525911708258,6.075405352607912,8.333333333333519,91.66666666666649,True,6.88,False,False,False,False,False,False
1183,002697,红旗连锁,F 批发零售,腾讯前复权日K回退（成交额、换手率已提供）,False,2026-08-03,4.73,4.656,4.5435,True,True,True,True,4.78,-1.0460251046025069,False,62.44925140328467,0.04626686623603948,0.019652002845522355,0.053229726781034256,True,False,False,False,,,41.76536463587799,37.50523082890003,50.285632249833895,False,False,,,False,173248.0,191342.6,0.9054334999106315,False,81899700.0,1.51,54.23821192052981,0.6382978723404209,1.4893617021276655,4.10476504897107,28.571428571427848,71.42857142857216,True,5.04,False,False,False,False,True,False
1184,002698,博实股份,C 制造业,腾讯前复权日K回退（成交额、换手率已提供）,False,2026-08-03,13.28,13.272,12.546000000000001,True,True,True,True,13.9,-4.460431654676266,False,58.47790925421721,0.2615218940820938,0.13765719502506807,0.24772939811405148,True,False,False,False,2026-07-24,6.0,56.23389437967546,51.18935283725764,66.32297746451111,False,False,,,False,198651.0,181094.2,1.096948438989211,False,266277500.0,2.35,113.3095744680851,-0.8955223880597107,6.119402985074629,5.850470269408562,10.97560975609754,40.24390243902439,False,15.15,False,True,False,False,True,False
1185,002700,万憬能源,D 水电煤气,腾讯前复权日K回退（成交额、换手率已提供）,False,2026-08-03,5.88,5.688000000000001,5.584,True,True,True,True,6.66,-11.711711711711716,False,47.693274619872604,-0.29496473362399556,-0.41204740904954057,0.23416535085109003,True,False,False,False,2026-07-24,6.0,17.434143280227428,15.059642359849866,22.183145120982548,False,False,2026-07-21,9.0,True,67501.0,126135.4,0.5351471513944539,False,39158600.0,1.65,23.73248484848485,2.617801047120416,4.188481675392658,5.300859598853873,4.16666666666659,95.83333333333341,True,9.7,False,False,False,False,False,False
1186,002701,奥瑞金,C 制造业,腾讯前复权日K回退（成交额、换手率已提供）,False,2026-08-03,4.93,4.936,4.7505,False,True,True,True,5.04,-2.182539682539689,False,60.919580689321194,0.08159563392421543,0.04709384607554388,0.0690035756973431,True,False,False,False,,,57.41546945722266,53.08701021023117,66.07238795120566,False,False,,,False,269127.0,336699.4,0.7993094136787888,False,132379200.0,1.05,126.07542857142856,-0.2024291497975894,1.6194331983805683,3.77854962635512,37.50000000000028,62.49999999999972,False,5.36,False,False,False,False,True,False
1187,002702,海欣食品,C 制造业,腾讯前复权日K回退（成交额、换手率已提供）,False,2026-08-03,4.73,4.6899999999999995,4.4265,True,True,True,True,5.19,-8.86319845857418,False,54.700446740938276,-0.01726305119814775,-0.1173266733272766,0.2001272442582577,True,False,False,False,2026-07-27,5.0,33.463897948186954,25.597159398963782,49.1973750466333,False,False,2026-07-23,7.0,True,855313.0,433220.4,1.9743137673110498,True,401459500.0,18.64,21.537526824034334,-5.776892430278869,5.179282868525893,6.856432847622288,15.38461538461541,53.84615384615411,False,6.2,False,False,False,False,False,True
1188,002703,浙江世宝,C 制造业,腾讯前复权日K回退（成交额、换手率已提供）,False,2026-08-03,14.74,14.006,12.976499999999998,True,True,True,True,15.14,-2.6420079260237803,False,59.12293816617639,-0.23257622978309023,-0.6679180008079482,0.8706835420497159,True,False,False,False,2026-07-23,7.0,24.196461598995057,17.68766509242241,37.21405461214035,False,False,2026-07-21,9.0,True,611933.0,405518.0,1.50901562939253,False,881749100.0,10.44,84.45872605363985,1.1667810569663706,6.588881262868915,13.589951065387451,17.70833333333331,82.29166666666669,True,22.58,False,False,False,False,False,True
1189,002705,新宝股份,C 制造业,腾讯前复权日K回退（成交额、换手率已提供）,False,2026-08-03,11.85,11.661999999999999,11.399000000000001,True,True,True,True,11.91,-0.5037783375314903,False,58.201700114383165,0.0027538640018800464,-0.09844141357376592,0.20239055515129192,True,False,False,False,,,12.62655091147874,10.878681228405084,16.122290277626053,False,False,2026-07-29,3.0,True,56231.0,77378.8,0.726697751839005,False,66720200.00000001,0.7,95.31457142857145,0.16906170752324368,1.6906170752324687,3.9564874111764077,45.000000000000576,44.99999999999969,False,14.78,False,True,False,False,False,False
1190,002706,良信股份,C 制造业,腾讯前复权日K回退（成交额、换手率已提供）,False,2026-08-03,9.26,8.934,9.3545,True,False,False,True,10.91,-15.123739688359306,False,44.05969264706709,-0.5511420176692017,-0.6298598864738162,0.15743573760922902,True,False,False,False,2026-07-29,3.0,7.253229765031839,6.260963862098336,9.237761570898844,True,False,2026-08-03,0.0,True,232560.0,223291.8,1.0415071220707612,False,214493200.0,2.54,84.44614173228346,2.6607538802660757,2.99334811529933,-1.0102089903255123,22.22222222222244,77.77777777777756,True,15.4,False,True,False,False,True,False
1191,002707,众信旅游,L 商务服务,腾讯前复权日K回退（成交额、换手率已提供）,False,2026-08-03,5.25,5.12,4.884,True,True,True,True,5.23,0.3824091778202595,True,59.782175868738136,0.0034313955855331812,-0.06932864481125146,0.1455200807935693,True,False,False,False,2026-07-09,17.0,23.699895885277627,18.764832368218656,33.57002291939557,False,False,2026-07-27,5.0,True,138569.0,249981.2,0.5543176846898886,False,72236600.0,1.6,45.147875,1.3513513513513598,2.316602316602319,7.493857493857487,8.333333333333147,91.66666666666686,True,6.34,False,False,False,False,False,False
1192,002708,光洋股份,C 制造业,腾讯前复权日K回退（成交额、换手率已提供）,False,2026-08-03,10.08,9.678,10.15,True,False,False,True,13.94,-27.690100430416067,False,42.80316266667266,-0.8654088374218905,-1.0050587570516654,0.2792998392595498,True,False,False,False,2026-07-29,3.0,14.33121936945364,12.206799906804719,18.58005829475148,False,False,2026-07-23,7.0,True,150014.0,173197.0,0.8661466422628568,False,150780700.0,2.9,51.99334482758621,3.0674846625766916,3.476482617586911,-0.6896551724137958,17.647058823529566,82.35294117647044,True,16.5,False,False,False,False,False,False
1193,002709,天赐材料,C 制造业,腾讯前复权日K回退（成交额、换手率已提供）,False,2026-08-03,35.94,36.288,37.977500000000006,False,False,False,False,52.79,-31.918924038643688,False,36.817749673748665,-3.2354114123810476,-3.5581046129777714,0.6453864011934476,True,False,False,False,2026-07-28,4.0,10.947836438578747,11.502497104286263,9.838515107163715,False,False,,,False,452121.0,716907.2,0.6306548462618314,False,1615777800.0,3.0,538.5926,0.5595970900951208,4.141018466703964,-5.365018761108573,29.054054054054095,70.9459459459459,True,63.4,False,False,False,False,True,False
1194,002712,思美传媒,L 商务服务,腾讯前复权日K回退（成交额、换手率已提供）,False,2026-08-03,4.67,4.494,4.273999999999999,True,True,True,True,4.91,-4.8879837067209815,False,60.20593006874574,0.0025160771852288377,-0.07876084802311487,0.1625538504166874,True,False,False,False,2026-07-08,18.0,28.384851523714488,21.057529156790476,43.03949625756251,False,False,2026-07-28,4.0,True,256240.0,222988.0,1.1491201320250417,False,118324300.0,4.74,24.962932489451475,-0.638297872340432,4.255319148936174,9.265325222274237,15.00000000000011,69.99999999999977,False,5.91,False,False,False,True,True,False
1195,002713,东易日盛,E 建筑业,腾讯前复权日K回退（成交额、换手率已提供）,False,2026-08-03,9.24,9.044,9.9175,True,False,False,False,12.95,-28.648648648648646,False,41.03776531065996,-0.6438846084477436,-0.6331749311202366,-0.0214193546550141,False,True,False,False,,,13.595769104903306,13.352500737844649,14.082305839020623,True,False,2026-08-03,0.0,True,178148.0,215395.6,0.827073533535504,False,166210000.0,3.38,49.17455621301775,-0.3236245954692518,4.8543689320388275,-6.831358709352157,60.0,17.77777777777782,False,14.49,False,False,False,False,True,False
1196,002714,牧原股份,A 农林牧渔,腾讯前复权日K回退（成交额、换手率已提供）,False,2026-08-03,38.93,39.258,39.051,False,False,True,False,41.55,-6.305655836341752,False,52.223696150863034,0.6021305657372977,0.7011147880333164,-0.19796844459203733,False,True,False,False,,,47.209141461132845,44.2978466424349,53.03173109852874,False,False,,,False,566758.0,558051.6,1.0156014246711236,False,2229993500.0,1.73,1289.0135838150288,-0.8405501782985159,2.72542027508915,-0.3098512201992323,65.42056074766313,9.345794392523494,False,44.68,False,False,False,False,False,False
1197,002715,登云股份,C 制造业,腾讯前复权日K回退（成交额、换手率已提供）,False,2026-08-03,13.26,12.797999999999998,13.342000000000002,True,False,False,True,15.55,-14.726688102893895,False,48.269445356220594,-0.44726649605969016,-0.5024312468333513,0.11032950154732224,True,False,True,False,,,18.757960642481383,16.44996704696787,23.37394783350841,False,False,2026-07-29,3.0,True,32135.0,28261.8,1.1370471802928335,False,42096200.0,2.33,18.067038626609442,3.5937499999999956,4.687499999999997,-0.614600509668734,14.999999999999986,85.00000000000001,True,18.98,False,False,False,False,False,False
1198,002716,湖南白银,C 制造业,腾讯前复权日K回退（成交额、换手率已提供）,False,2026-08-03,8.04,7.81,7.5685,True,True,True,True,9.28,-13.362068965517246,False,51.73980711023622,-0.18982565511811256,-0.3366805156592313,0.2937097210822375,True,False,False,False,2026-07-22,8.0,17.082183427521795,14.271286612560749,22.703977057443883,False,False,2026-07-21,9.0,True,1168656.0,1399465.0,0.8350734030504514,False,930555300.0,5.03,185.0010536779324,0.6257822277847103,4.005006257822282,6.229768117856892,9.375000000000346,90.62499999999966,True,13.3,False,False,False,False,False,False
1199,002717,*ST岭南,N 公共环保,腾讯前复权日K回退（成交额、换手率已提供）,False,2026-08-03,1.09,1.024,1.0155,True,True,True,True,1.12,-2.678571428571431,False,57.46552842519264,-0.004433891078621466,-0.013805100161931675,0.01874241816662042,True,False,False,False,,,19.86480254160587,17.389002972240256,24.816401680337094,False,False,2026-07-29,3.0,True,941354.0,390085.4,2.413199776254123,True,99620300.0,5.48,18.178886861313867,6.8627450980392135,8.823529411764714,7.336287543082226,22.22222222222222,77.77777777777779,True,1.39,False,True,False,False,False,False
1200,002718,友邦吊顶,C 制造业,腾讯前复权日K回退（成交额、换手率已提供）,False,2026-08-03,77.88,80.08599999999998,91.758,False,False,False,False,115.7,-32.687986171132245,False,34.13630328623087,-6.302345050721627,-4.546843526083077,-3.5110030492771003,False,True,False,False,,,39.48608180906689,43.063927676126525,32.330390074947616,False,False,,,False,10669.0,15509.2,0.6879142702395997,False,83153500.0,1.14,72.94166666666666,-2.369311771342608,3.9237808700012478,-15.124566795265808,52.07667731629386,33.54632587859421,False,121.0,False,False,False,False,True,False
1201,002719,ST麦趣,C 制造业,腾讯前复权日K回退（成交额、换手率已提供）,False,2026-08-03,6.13,5.888,5.662,True,True,True,True,6.42,-4.517133956386293,False,54.23975794462511,-0.12518260936387193,-0.2521996325769712,0.25403404642619853,True,False,False,False,2026-07-23,7.0,24.346927930530956,20.35240841091567,32.33596696976153,False,False,2026-07-23,7.0,True,41529.0,58046.2,0.7154473505586929,False,25256300.0,2.57,9.827354085603114,1.1551155115511635,3.795379537953788,8.265630519251149,21.739130434782574,78.26086956521743,True,8.35,False,False,False,False,False,False
1202,002721,金一文化,C 制造业,腾讯前复权日K回退（成交额、换手率已提供）,False,2026-08-03,2.46,2.3920000000000003,2.2834999999999996,True,True,True,True,2.44,0.8196721311475417,True,60.60421654451522,0.007775077564064592,-0.026469141483384154,0.06848843809489749,True,False,False,False,,,24.24845710637889,19.44949764762768,33.846376023881305,False,False,2026-07-27,5.0,True,392215.0,400216.2,0.9800078057809753,False,95410400.00000001,1.47,64.90503401360546,1.2345679012345512,2.0576131687242727,7.729362820232115,0.0,100.0,True,3.13,False,False,False,False,True,False
1203,002722,物产金轮,C 制造业,腾讯前复权日K回退（成交额、换手率已提供）,False,2026-08-03,12.72,12.313999999999998,11.998000000000001,True,True,True,True,12.52,1.5974440894568775,True,60.41137389706475,-0.03133380660375629,-0.16778576869240797,0.27290392417730336,True,False,False,False,,,23.736314966563658,18.726620602016876,33.755703695657225,False,False,2026-07-28,4.0,True,34879.0,30831.2,1.1312890837852565,False,43880300.0,1.57,27.949235668789807,2.829426030719495,3.152789005658857,6.01766961160193,5.128205128205011,94.87179487179499,True,15.77,False,False,False,False,False,False
1204,002723,小崧股份,C 制造业,腾讯前复权日K回退（成交额、换手率已提供）,False,2026-08-03,6.8,6.63,7.406499999999999,True,False,False,True,9.74,-30.18480492813142,False,36.9935987675311,-0.5549783093918741,-0.519752427529941,-0.07045176372386619,False,True,False,False,,,9.065459648816065,8.367292257592391,10.46179443126341,True,False,2026-08-03,0.0,True,70581.0,86534.0,0.8156447176832228,False,47549300.0,2.23,21.32255605381166,2.2556390977443552,3.0075187969924837,-8.188753122257472,20.0,80.0,True,10.26,False,False,False,False,False,False
1205,002724,海洋王,C 制造业,腾讯前复权日K回退（成交额、换手率已提供）,False,2026-08-03,5.41,5.272,4.9719999999999995,True,True,True,True,5.33,1.5009380863039414,True,63.71860998514499,0.05081811991984342,-0.02649327705538985,0.15462279395046655,True,False,False,False,,,22.75400858561444,17.300759992757463,33.66050577132839,False,False,2026-07-23,7.0,True,55279.0,81910.0,0.6748748626541325,False,29580700.0,0.97,30.49556701030928,1.6917293233082775,2.8195488721804574,8.809332260659708,6.666666666666508,93.33333333333348,True,6.35,False,False,False,False,True,False
1206,002725,跃岭股份,C 制造业,腾讯前复权日K回退（成交额、换手率已提供）,False,2026-08-03,10.88,10.798,10.785499999999999,True,True,True,False,12.46,-12.680577849117174,False,44.831641247181786,-0.49593592683461196,-0.6480143863316965,0.3041569189941691,True,False,False,False,2026-07-23,7.0,18.236258540518392,17.34387388775014,20.0210278460549,False,False,2026-07-21,9.0,True,44296.0,79596.6,0.5565061824248774,False,47885900.0,1.78,26.902191011235953,2.0637898686679312,2.4390243902439006,0.8761763478744778,11.538461538461302,88.46153846153871,True,18.13,False,False,False,False,False,False
1207,002726,ST龙大,C 制造业,腾讯前复权日K回退（成交额、换手率已提供）,False,2026-08-03,2.21,2.1079999999999997,1.8634999999999997,True,True,True,True,2.31,-4.329004329004333,False,66.85239647160506,0.1400158389047499,0.09940604076990664,0.0812195962696865,True,False,False,False,,,37.59924216198175,32.91849162512097,46.960743235703305,False,False,,,False,853967.0,1120426.0,0.7621806348656671,False,187491300.0,6.28,29.8553025477707,1.8433179723502224,6.451612903225793,18.594043466595135,35.71428571428567,64.28571428571433,False,2.45,False,False,False,False,True,False
1208,002727,一心堂,F 批发零售,腾讯前复权日K回退（成交额、换手率已提供）,False,2026-08-03,11.79,11.617999999999999,11.0825,True,True,True,True,11.8,-0.08474576271187766,False,63.07420239865332,0.2402902349180014,0.15248229976765826,0.17561587030068626,True,False,False,False,2026-07-06,20.0,62.40192800994138,57.69051969099862,71.8247446478269,False,False,,,False,80609.0,104612.6,0.7705477160495007,False,94702099.99999999,2.05,46.19614634146341,1.0282776349614275,2.8277634961439593,6.383938642003155,18.18181818181833,81.81818181818167,True,12.94,False,False,False,False,False,False
1209,002728,特一药业,C 制造业,腾讯前复权日K回退（成交额、换手率已提供）,False,2026-08-03,8.94,8.794,9.147,True,False,False,True,10.51,-14.938154138915321,False,49.39654209619713,-0.07404589618603907,-0.019835878499645056,-0.10842003537278803,False,True,False,False,,,30.23953607085261,30.040962207104087,30.63668379834965,True,False,,,False,127018.0,171100.8,0.7423577212964522,False,112908700.00000001,2.53,44.62794466403163,1.245753114382775,1.6987542468856212,-2.2630370613315924,0.0,100.0,True,10.51,False,False,False,False,False,False
1210,002729,好利科技,C 制造业,腾讯前复权日K回退（成交额、换手率已提供）,False,2026-08-03,13.36,13.053999999999998,13.193999999999999,True,True,False,True,19.58,-31.76710929519918,False,41.97662586179082,-1.114624121533721,-1.3640843405722696,0.4989204380770973,True,False,False,False,2026-07-28,4.0,14.826366804206813,12.547482212184056,19.38413598825233,False,False,2026-07-23,7.0,True,36925.0,45326.2,0.8146502464358363,False,49029600.0,2.1,23.34742857142857,2.297090352220521,3.06278713629403,1.2581476428679732,5.000000000000333,94.99999999999966,True,21.86,False,False,False,False,False,False
1211,002730,电光科技,C 制造业,腾讯前复权日K回退（成交额、换手率已提供）,False,2026-08-03,20.5,20.502000000000002,23.5,False,False,False,False,29.77,-31.13873026536782,False,34.93585142497308,-2.2041955902836143,-2.021008092666401,-0.36637499523442685,False,True,False,False,,,10.61327300505644,13.863004492255707,4.1138100306579055,False,False,,,False,103182.0,104260.0,0.9896604642240553,False,208844900.00000003,2.98,70.0821812080537,3.2225579053373643,4.582074521651562,-12.76595744680851,18.681318681318864,81.31868131868113,True,35.9,False,False,False,False,False,False
1212,002731,*ST萃华,C 制造业,腾讯前复权日K回退（成交额、换手率已提供）,False,2026-08-03,1.96,1.9280000000000002,2.3244999999999996,True,False,False,True,4.35,-54.94252873563218,False,25.846670769816285,-0.92294195460578,-1.0822331573722594,0.3185824055329589,True,False,False,False,2026-07-27,5.0,1.947387184632338,1.6290369418199055,2.5840876702572033,False,False,2026-07-29,3.0,True,355956.0,522208.8,0.6816353918202834,False,69465800.0,15.5,4.481664516129032,-0.5076142131979711,7.614213197969527,-15.680791568079142,33.33333333333328,66.66666666666671,False,8.31,False,True,False,False,True,True
1213,002732,燕塘乳业,C 制造业,腾讯前复权日K回退（成交额、换手率已提供）,False,2026-08-03,13.67,13.2,12.763,True,True,True,True,13.67,0.0,False,60.30373385835916,-0.027843835880144496,-0.20517761784600902,0.35466756393172905,True,False,False,False,,,23.973738647256315,17.145109080569142,37.630997780630665,False,False,2026-07-28,4.0,True,20376.0,32918.4,0.6189851268591425,False,27688100.0,1.3,21.29853846153846,1.6356877323420171,2.602230483271373,7.106479667789705,8.571428571428399,91.4285714285716,True,16.33,False,False,False,False,True,False
1214,002733,雄韬股份,C 制造业,腾讯前复权日K回退（成交额、换手率已提供）,False,2026-08-03,17.65,17.497999999999998,19.851999999999997,True,False,False,False,27.64,-36.14327062228655,False,33.320573742382194,-2.923252749949846,-3.086427583229395,0.32634966655909814,True,False,False,False,2026-07-30,2.0,6.157162428221827,6.696232391156218,5.079022502353046,False,False,,,False,115026.0,131537.8,0.8744710645913191,False,201664800.0,3.12,64.63615384615385,2.7357392316647244,4.190919674039595,-11.092081402377586,18.05555555555585,81.94444444444416,True,37.98,False,False,False,False,False,False
1215,002734,利民股份,C 制造业,腾讯前复权日K回退（成交额、换手率已提供）,False,2026-08-03,13.54,13.334,14.235499999999998,True,False,False,True,18.25,-25.808219178082197,False,39.386574260380556,-0.8965101153860928,-0.9232547167995312,0.05348920282687675,True,False,True,False,,,20.254471973534223,17.27008862451334,26.22323867157599,False,False,2026-07-23,7.0,True,65503.0,108450.0,0.6039926233287229,False,88484000.0,1.5,58.98933333333333,0.2962962962962834,1.629629629629621,-4.88567314109093,27.272727272727636,72.72727272727236,True,19.58,False,True,False,False,False,False
1216,002735,王子新材,C 制造业,腾讯前复权日K回退（成交额、换手率已提供）,False,2026-08-03,11.29,10.744,11.0265,True,True,False,True,14.97,-24.582498329993328,False,43.12914630700524,-1.1732757287896103,-1.4205179380481057,0.49448441851699076,True,False,False,False,2026-07-28,4.0,16.210385715062646,13.827333387263238,20.976490370661466,False,False,2026-07-21,9.0,True,321241.0,173704.4,1.849354420498272,True,357693700.0,11.27,31.73857142857143,6.009389671361487,5.164319248826297,2.3896975468190154,3.636363636363877,96.36363636363612,True,21.44,False,False,False,False,True,False
1217,002736,国信证券,J 金融业,腾讯前复权日K回退（成交额、换手率已提供）,False,2026-08-03,10.36,10.252,10.208,True,True,True,True,10.57,-1.9867549668874254,False,54.73936176468539,0.03309881545298232,0.021587464351432606,0.023022702203099432,True,False,False,False,2026-07-31,1.0,32.089399836648994,28.3745420507873,39.51911540837238,False,False,,,False,206095.0,269994.0,0.7633317777432091,False,212892100.0,0.21,1013.7719047619048,0.3875968992248069,1.35658914728681,1.489028213166137,7.142857142857053,92.85714285714295,True,10.59,False,True,False,False,False,False
1218,002737,葵花药业,C 制造业,腾讯前复权日K回退（成交额、换手率已提供）,False,2026-08-03,13.66,13.622,13.163,True,True,True,True,14.02,-2.5677603423680417,False,61.79033296273356,0.33796128398647163,0.31167140904823465,0.05257974987647396,True,False,False,False,,,81.56281780116298,79.23041322758748,86.227626948314,False,False,,,False,62321.0,65009.6,0.9586430311830868,False,84980300.0,1.07,79.42084112149533,1.0355029585798814,2.514792899408283,3.7757350148142512,35.29411764705861,64.70588235294139,False,14.02,False,False,False,False,True,False
1219,002738,中矿资源,C 制造业,腾讯前复权日K回退（成交额、换手率已提供）,False,2026-08-03,47.89,47.742000000000004,49.695,True,False,False,False,68.18,-29.7594602522734,False,40.93864583189825,-3.060746354284923,-3.427125169986434,0.7327576314030217,True,False,False,False,2026-07-27,5.0,10.393070432005835,10.26854849164105,10.642114312735405,True,False,2026-08-03,0.0,True,225793.0,230482.2,0.9796548280084102,False,1079276500.0,3.18,339.39512578616353,1.7637059073523087,6.481087972800689,-3.632156152530435,34.75409836065577,65.24590163934424,False,93.18,False,False,False,False,False,False
1220,002739,儒意电影,R 文化传播,腾讯前复权日K回退（成交额、换手率已提供）,False,2026-08-03,8.6,8.642,9.257,False,False,False,False,11.26,-23.623445825932507,False,43.79727121340489,-0.15717303034054453,-0.05359517066529029,-0.20715571935050847,False,True,False,False,,,30.751244520478917,34.409174049357404,23.43538546272194,False,False,,,False,602823.0,817581.6,0.7373245679697292,False,519018200.0,2.87,180.84257839721252,-1.0356731875719172,2.9919447640966603,-7.097331748946743,42.30769230769212,30.76923076923082,False,11.26,False,False,False,False,False,False
1221,002741,光华科技,C 制造业,腾讯前复权日K回退（成交额、换手率已提供）,False,2026-08-03,20.22,20.93,25.2155,False,False,False,False,34.78,-41.86313973548017,False,33.61077359379232,-2.8664695510334575,-2.4363218173577446,-0.8602954673514258,False,True,False,False,,,18.004701209386052,21.163175440212566,11.687752747733022,False,False,,,False,171814.0,240919.8,0.7131584867661355,False,349353300.0,4.0,87.338325,-3.0680728667305868,3.883029721955907,-19.811227221351945,0.0,22.222222222222126,False,42.15,False,False,False,False,False,False
1222,002742,冀衡医药,C 制造业,腾讯前复权日K回退（成交额、换手率已提供）,False,2026-08-03,3.59,3.4879999999999995,3.4799999999999995,True,True,True,True,3.88,-7.474226804123712,False,52.15798528536846,-0.06432226054082735,-0.10034713239781211,0.07204974371396952,True,False,False,False,2026-07-27,5.0,15.456393713935844,12.96259986993686,20.44398140193381,False,False,2026-07-29,3.0,True,93893.0,79673.6,1.1784706602939994,False,33479500.0,1.79,18.703631284916202,2.571428571428558,2.85714285714286,3.1609195402298944,10.000000000000222,89.99999999999979,True,5.26,False,False,False,False,True,False
1223,002743,富煌钢构,C 制造业,腾讯前复权日K回退（成交额、换手率已提供）,False,2026-08-03,3.86,3.62,3.6354999999999995,True,True,False,True,4.18,-7.655502392344495,False,53.22403335122095,-0.1471191002032164,-0.20922019286184065,0.12420218531724853,True,False,False,False,2026-07-29,3.0,19.28103934192308,13.944539445309077,29.95403913515109,False,False,2026-07-21,9.0,True,103996.0,88434.6,1.1759650634480168,False,39380000.0,2.39,16.476987447698743,6.043956043956045,6.318681318681318,6.175216613945823,8.695652173913052,91.30434782608695,True,5.58,False,False,False,False,False,False
1224,002745,木林森,C 制造业,腾讯前复权日K回退（成交额、换手率已提供）,False,2026-08-03,9.88,10.27,11.131499999999999,False,False,False,False,13.98,-29.327610872675248,False,40.096180600925145,-0.3172009093190127,-0.15046699256449003,-0.3334678335090453,False,True,False,False,,,37.61335773374195,42.724875737500405,27.39032172622504,False,False,,,False,518238.0,649693.8,0.7976649923394682,False,514225899.99999994,4.87,105.59053388090348,-2.9469548133595147,2.6522593320235717,-11.242869334770681,25.925925925926073,25.925925925926073,False,13.98,False,False,False,False,False,False
1225,002746,仙坛股份,C 制造业,腾讯前复权日K回退（成交额、换手率已提供）,False,2026-08-03,6.22,6.074,5.849500000000001,True,True,True,True,6.33,-1.7377567140600365,False,67.9999787742976,0.15436681750985137,0.12720836881784398,0.054316897384014795,True,False,False,False,,,83.67327853466986,77.99531264623859,95.02921031153241,False,False,,,False,178017.0,121791.2,1.4616573282798757,False,110935200.0,2.51,44.197290836653394,1.3029315960912058,2.605863192182413,6.333874690144438,43.75000000000014,56.249999999999865,False,6.33,True,False,False,False,True,False
1226,002747,埃斯顿,C 制造业,腾讯前复权日K回退（成交额、换手率已提供）,False,2026-08-03,30.75,29.968,35.967999999999996,True,False,False,False,49.0,-37.244897959183675,False,42.68016373174425,-1.9786970793032026,-1.0392930258959368,-1.8788081068145317,False,True,False,False,,,37.30760193181117,39.59463599195158,32.73353381153035,False,False,,,False,821447.0,766923.8,1.0710933732921053,False,2543738700.0,10.5,242.26082857142856,3.3960995292535268,7.8345662407531895,-14.507339857651235,46.35193133047206,53.64806866952794,False,49.0,False,False,False,False,True,False
1227,002748,世龙实业,C 制造业,腾讯前复权日K回退（成交额、换手率已提供）,False,2026-08-03,10.47,10.354,10.479000000000001,True,False,False,True,12.2,-14.18032786885245,False,49.90153268450722,-0.1907211325317988,-0.24474383369157043,0.1080454023195433,True,False,False,False,2026-07-30,2.0,27.743141971184414,23.427753788153723,36.3739183372458,False,False,2026-07-28,4.0,True,23337.0,47813.8,0.4880808469521351,False,24281700.0,0.97,25.032680412371136,1.0617760617760652,1.5444015444015458,-0.08588605782994885,0.0,100.0,True,12.85,False,False,False,False,False,False
1228,002749,国光股份,C 制造业,腾讯前复权日K回退（成交额、换手率已提供）,False,2026-08-03,8.86,9.005999999999998,8.3905,False,True,True,True,9.46,-6.342494714587753,False,57.18106973650651,0.14565093080421576,0.03125613556296959,0.22878959048249234,True,False,False,False,,,35.28821259724393,31.612270423369456,42.64009694499287,False,False,2026-07-23,7.0,True,70316.0,66537.4,1.056789114092225,False,62418200.0,1.29,48.38620155038759,-0.561167227833903,1.795735129068464,5.5956140873607065,75.00000000000055,24.999999999999446,False,10.49,False,True,False,False,True,False
1229,002752,昇兴股份,C 制造业,腾讯前复权日K回退（成交额、换手率已提供）,False,2026-08-03,5.91,5.8759999999999994,5.948,True,False,False,True,6.45,-8.372093023255815,False,48.03397667018895,-0.08252860518344551,-0.10436051614523659,0.04366382192358215,True,False,False,False,2026-07-28,4.0,18.27001295958914,17.34594893548427,20.118141007798876,False,False,2026-07-29,3.0,True,107156.0,110353.6,0.9710240535877397,False,62894799.99999999,1.1,57.1770909090909,0.6814310051107331,2.3850085178875586,-0.6388702084734408,14.285714285714013,85.71428571428599,True,7.7,False,False,False,False,True,False
1230,002753,永东股份,C 制造业,腾讯前复权日K回退（成交额、换手率已提供）,False,2026-08-03,6.12,6.026,5.929499999999999,True,True,True,True,6.19,-1.130856219709213,False,55.47105432317865,-0.0351579773020827,-0.08260792091444082,0.09489988722471623,True,False,False,False,2026-07-06,20.0,19.645995125625962,17.03210440067025,24.87377657553739,False,False,2026-07-27,5.0,True,35853.0,29623.0,1.2103095567633257,False,21754300.0,1.21,17.978760330578513,2.0000000000000018,2.6666666666666545,3.2127498102706977,12.499999999999792,87.50000000000021,True,7.5,False,True,False,False,False,False
1231,002755,奥赛康,C 制造业,腾讯前复权日K回退（成交额、换手率已提供）,False,2026-08-03,13.33,13.018,13.634,True,False,False,True,15.69,-15.041427660930525,False,47.687806367187285,-0.28282969949603576,-0.24268829302569012,-0.08028281294069128,False,True,False,False,,,17.361486711983076,16.863901035899534,18.35665806415016,True,False,2026-08-03,0.0,True,88760.0,98193.6,0.9039285656091639,False,117801299.99999999,0.96,122.70968749999999,2.223926380368102,2.7607361963190145,-2.229719818101806,27.77777777777772,72.22222222222227,True,17.98,False,False,False,False,False,False
1232,002756,永兴材料,C 制造业,腾讯前复权日K回退（成交额、换手率已提供）,False,2026-08-03,46.35,45.906,46.3575,True,False,False,True,62.39,-25.70924827696746,False,42.465104917344085,-3.119838228076617,-3.9071517414003623,1.5746270266474909,True,False,False,False,2026-07-27,5.0,12.46901494180368,11.407316266358405,14.592412292694231,False,False,2026-07-22,8.0,True,161478.0,127673.4,1.2647740249730954,False,745394500.0,4.17,178.75167865707436,2.7260638297872397,6.094858156028369,-0.01617861187510173,25.818181818181852,74.18181818181814,True,85.03,False,False,False,False,False,False
1233,002757,南兴股份,C 制造业,腾讯前复权日K回退（成交额、换手率已提供）,False,2026-08-03,16.66,15.91,16.2505,True,True,False,True,18.78,-11.288604898828545,False,46.794505457575085,-0.9671883061102058,-1.2589862276677415,0.5835958431150714,True,False,False,False,2026-07-24,6.0,11.695778305785053,9.638749353536378,15.809836210282402,False,False,2026-07-21,9.0,True,236918.0,159141.8,1.4887226360390546,False,392913800.0,8.4,46.77545238095238,2.083333333333326,2.5735294117646945,2.519922463924195,26.19047619047617,73.80952380952382,True,32.6,False,True,False,False,True,False
1234,002758,浙农股份,F 批发零售,腾讯前复权日K回退（成交额、换手率已提供）,False,2026-08-03,8.01,7.890000000000001,7.727500000000001,True,True,True,True,8.06,-0.6203473945409518,False,56.67137635229735,0.014353471415954111,-0.030608821449305695,0.08992458573051962,True,False,False,False,2026-07-14,14.0,21.10585086813069,17.841060654114973,27.635431296162132,False,False,2026-07-28,4.0,True,40975.0,42963.2,0.953723186354834,False,32768500.0,0.79,41.47911392405063,1.2642225031605614,1.8963337547408274,3.655774830152039,19.999999999999645,80.00000000000036,True,8.77,False,False,False,False,True,False
1235,002759,ST天际,C 制造业,腾讯前复权日K回退（成交额、换手率已提供）,False,2026-08-03,14.94,14.98,16.572499999999998,False,False,False,False,26.61,-43.85569334836528,False,35.40509508195581,-2.8035315200311413,-3.199911487748144,0.7927599354340051,True,False,False,False,2026-07-28,4.0,10.041229153656781,8.921527170547144,12.280633119876057,False,False,2026-07-22,8.0,True,353474.0,518914.6,0.6811795235670763,False,529223300.0,7.06,74.9608073654391,2.680412371134011,4.3298969072165,-9.85065620757278,46.031746031746124,53.968253968253876,False,40.76,False,False,False,False,True,False
1236,002760,凤形股份,C 制造业,腾讯前复权日K回退（成交额、换手率已提供）,False,2026-08-03,16.64,16.137999999999998,16.073500000000003,True,True,True,True,19.29,-13.737687921202687,False,51.355048942173276,-0.40133231548318093,-0.5949216902982899,0.3871787496302179,True,False,False,False,2026-07-27,5.0,18.428090618510733,15.863519802206048,23.5572322511201,False,False,2026-07-27,5.0,True,33520.0,39624.4,0.8459434086068179,False,55256000.0,3.1,17.824516129032258,2.589395807644901,3.082614056720099,3.5244346284256554,15.999999999999659,84.00000000000034,True,26.5,False,False,False,False,True,False
1237,002761,浙江建投,E 建筑业,腾讯前复权日K回退（成交额、换手率已提供）,False,2026-08-03,7.54,7.348000000000001,6.992999999999999,True,True,True,True,7.59,-0.6587615283267434,False,64.60576623399834,0.08525174424031334,-0.009209174931482485,0.18892183834359166,True,False,False,False,,,34.31591749727019,28.93282512643047,45.08210223894964,False,False,,,False,115961.0,141951.2,0.8169075006058419,False,86878500.0,1.07,81.19485981308411,1.8918918918918948,2.567567567567561,7.822107822107831,5.263157894736744,94.73684210526325,True,8.84,False,False,False,False,True,False
1238,002762,金发拉比,C 制造业,腾讯前复权日K回退（成交额、换手率已提供）,False,2026-08-03,8.84,8.314000000000002,7.794500000000001,True,True,True,True,8.77,0.7981755986317023,True,64.26986503577632,0.030938870899220206,-0.14164534422712358,0.34516843025268756,True,False,False,False,2026-07-27,5.0,57.66236277482267,48.35736231756764,76.27236368933272,False,False,,,False,104562.0,64284.6,1.6265481935020207,False,91277900.00000001,4.95,18.439979797979802,4.122497055359231,7.65606595995289,13.413304252998891,33.846153846153925,66.15384615384608,False,9.84,False,False,False,False,False,False
1239,002763,汇洁股份,C 制造业,腾讯前复权日K回退（成交额、换手率已提供）,False,2026-08-03,7.44,7.108,6.94,True,True,True,True,7.42,0.26954177897574744,True,60.70503933419059,-0.0492910632512622,-0.14046923792005703,0.18235634933758965,True,False,False,False,2026-07-28,4.0,28.10542424966118,24.802819815395452,34.71063311819263,False,False,,,False,78710.0,75303.2,1.0452411052916741,False,58036200.0,2.59,22.40779922779923,3.1900138696255187,4.576976421636616,7.204610951008646,15.151515151515094,84.8484848484849,True,9.5,False,True,False,False,False,False
1240,002765,蓝黛科技,C 制造业,腾讯前复权日K回退（成交额、换手率已提供）,False,2026-08-03,7.01,6.593999999999999,6.6945,True,True,False,True,8.19,-14.407814407814406,False,52.664276002752814,-0.26671794500334034,-0.36723573381933217,0.20103557763198365,True,False,False,False,2026-07-29,3.0,14.289805591289246,9.786971394335621,23.295473985196498,False,False,2026-07-28,4.0,True,117487.0,104396.0,1.1253975248093797,False,81177000.0,1.97,41.206598984771574,4.160475482912318,3.8632986627043056,4.712823959967139,0.0,100.0,True,10.17,False,False,False,False,False,False
1241,002766,索菱股份,C 制造业,腾讯前复权日K回退（成交额、换手率已提供）,False,2026-08-03,3.95,3.844,3.6325000000000003,True,True,True,True,4.08,-3.1862745098039187,False,56.94384662090398,-0.009626096439744991,-0.0805671940783321,0.14188219527717422,True,False,False,False,,,24.25051987847768,19.801477528482646,33.14860457846775,False,False,2026-07-28,4.0,True,243846.0,285978.4,0.8526727892735955,False,95812000.0,2.85,33.61824561403509,0.2538071065989911,2.0304568527918803,8.740536820371641,25.0,75.0,True,5.55,False,True,True,False,True,False
1242,002767,先锋电子,C 制造业,腾讯前复权日K回退（成交额、换手率已提供）,False,2026-08-03,16.64,15.886000000000001,16.8585,True,False,False,True,21.39,-22.206638616175784,False,48.746478146373065,-0.5348299788701603,-0.522094150861486,-0.025471656017348465,False,True,False,False,,,14.094892904920037,11.505072433202317,19.27453384835548,False,False,2026-07-31,1.0,True,30810.0,35817.8,0.8601868344789462,False,50710800.0,2.37,21.396962025316455,3.8701622971285987,5.805243445692893,-1.296082095085558,30.107526881720503,69.8924731182795,False,21.39,False,False,False,False,False,False
1243,002768,国恩股份,C 制造业,腾讯前复权日K回退（成交额、换手率已提供）,False,2026-08-03,50.9,47.436,51.67100000000001,True,False,False,True,62.66,-18.76795403766358,False,51.50075747984253,-1.011080645574559,-0.4695664144799364,-1.083028462189245,False,True,False,False,,,56.06297408274336,55.27447524003923,57.639971768151625,True,False,,,False,183505.0,110891.4,1.6548172356016788,False,901095500.0,7.27,123.9471114167813,8.413205537806157,7.603833865814696,-1.4921329178843215,0.5602240896359418,99.43977591036406,True,62.66,False,False,False,False,True,True
1244,002769,普路通,L 商务服务,腾讯前复权日K回退（成交额、换手率已提供）,False,2026-08-03,6.87,6.595999999999999,6.4030000000000005,True,True,True,True,6.9,-0.4347826086956557,False,55.5392976330647,-0.1314314743383953,-0.24896143203616689,0.23505991539554316,True,False,False,False,,,12.875902980710208,9.821677143585278,18.984354654960068,False,False,2026-07-23,7.0,True,64659.0,65603.6,0.9856013999231749,False,43862400.0,1.73,25.35398843930636,3.153153153153143,3.7537537537537538,7.293456192409802,7.9999999999998295,92.00000000000017,True,10.22,False,False,False,False,True,False
1245,002771,真视通,I 信息技术,腾讯前复权日K回退（成交额、换手率已提供）,False,2026-08-03,12.32,11.812000000000001,12.0375,True,True,False,True,14.59,-15.55860178204249,False,48.989172453671465,-0.5042008386036976,-0.6492375938794563,0.29007351055151753,True,False,False,False,2026-07-28,4.0,14.679103373132264,12.347382656378656,19.34254480663948,False,False,2026-07-22,8.0,True,72789.0,74557.0,0.9762865995144654,False,88675000.0,4.17,21.264988009592326,3.529411764705892,3.1932773109243766,2.346832814122539,2.6315789473683595,97.36842105263163,True,17.98,False,False,False,False,False,False
1246,002772,众兴菌业,A 农林牧渔,腾讯前复权日K回退（成交额、换手率已提供）,False,2026-08-03,10.41,10.112,10.879,True,False,False,True,13.8,-24.56521739130435,False,43.37424771851662,-0.720832492989393,-0.7937619294844875,0.14585887299018907,True,False,False,False,2026-07-31,1.0,9.402528079576797,7.433822571643527,13.339939095443336,False,False,2026-07-29,3.0,True,111899.0,140851.8,0.794444941420699,False,116029599.99999999,3.01,38.54803986710963,1.66015625,3.027343750000005,-4.311058001654558,22.580645161290377,77.41935483870962,True,16.8,False,False,False,False,False,False
1247,002773,康弘药业,C 制造业,腾讯前复权日K回退（成交额、换手率已提供）,False,2026-08-03,21.68,21.526,22.165,True,False,False,True,24.13,-10.153336096145873,False,49.16190971402493,-0.04093860850185038,0.07656741288694326,-0.23501204277758728,False,True,False,False,,,23.948648737306062,24.261070461573663,23.323805288770863,False,False,,,False,40133.0,61758.0,0.6498429353282166,False,86870500.0,0.58,149.77672413793104,0.6499535747446661,1.253481894150416,-2.18813444619896,33.33333333333333,66.66666666666666,False,24.13,False,False,False,False,True,False
1248,002774,快意电梯,C 制造业,腾讯前复权日K回退（成交额、换手率已提供）,False,2026-08-03,14.06,14.546000000000001,15.269499999999999,False,False,False,False,17.65,-20.339943342776195,False,46.582830422670966,0.23514556220579053,0.5453657528561479,-0.6204403813007147,False,True,False,False,,,62.07778373822274,69.49025463660602,47.25284194145618,False,False,,,False,190189.0,159058.0,1.1957210577273698,False,268939800.0,6.75,39.842933333333335,-5.128205128205132,12.078272604588399,-7.921019024853456,2.2346368715084304,20.111731843575477,False,17.65,False,False,False,False,False,True
1249,002775,文科股份,E 建筑业,腾讯前复权日K回退（成交额、换手率已提供）,False,2026-08-03,3.87,3.8280000000000003,3.4225000000000003,True,True,True,False,4.16,-6.971153846153847,False,57.242510552950165,0.06939708291669877,-0.015708503925336043,0.17021117368406963,True,False,False,False,2026-07-22,8.0,61.9948887835464,53.5303453368424,78.9239756769544,False,False,2026-07-22,8.0,True,250204.0,334647.4,0.7476645567842451,False,97491900.0,4.31,22.619930394431556,-2.2727272727272707,7.575757575757583,13.075237399561718,36.66666666666674,20.0,False,4.33,False,False,False,False,False,True
1250,002777,久远银海,I 信息技术,腾讯前复权日K回退（成交额、换手率已提供）,False,2026-08-03,13.42,12.912,12.378499999999999,True,True,True,True,13.37,0.37397157816006515,True,60.908412458403056,0.011776453074681115,-0.18106886972629596,0.38569064560195415,True,False,False,False,,,22.061620715948624,16.041909814087987,34.1010425196699,False,False,2026-07-28,4.0,True,108170.0,95757.2,1.1296278504384005,False,144041100.0,2.67,53.947977528089886,1.2066365007541435,2.262443438914019,8.4137819606576,9.999999999999822,90.00000000000018,True,17.5,False,False,False,True,True,False
1251,002778,中晟高科,C 制造业,腾讯前复权日K回退（成交额、换手率已提供）,False,2026-08-03,14.97,14.425999999999998,14.479,True,True,False,True,16.6,-9.819277108433738,False,49.75431858534189,-0.5263379992740624,-0.6972451763522607,0.3418143541563965,True,False,False,False,2026-07-24,6.0,15.903547408699552,13.190512118271329,21.329617989556,False,False,2026-07-23,7.0,True,26138.0,29857.2,0.8754337312273086,False,38474000.0,2.12,18.14811320754717,4.758572428271535,4.198740377886632,3.3911181711444263,4.999999999999896,95.00000000000011,True,21.21,False,False,False,False,True,False
1252,002779,中坚科技,C 制造业,腾讯前复权日K回退（成交额、换手率已提供）,False,2026-08-03,61.49,57.572,63.730500000000006,True,False,False,True,81.96,-24.975597852611024,False,44.4300113184836,-4.761683253296027,-4.820474066188094,0.11758162578413334,True,False,True,False,,,8.78371948565561,6.401767143915002,13.547624169136824,True,False,2026-08-03,0.0,True,36472.0,24195.2,1.507406427721201,False,219501600.0,2.2,99.77345454545454,7.125435540069702,8.292682926829265,-3.5155851593820917,16.17647058823522,83.82352941176478,True,87.57,False,False,False,False,True,False
1253,002780,三夫户外,F 批发零售,腾讯前复权日K回退（成交额、换手率已提供）,False,2026-08-03,13.25,12.774,12.4905,True,True,True,True,13.78,-3.8461538461538414,False,55.95921475969662,-0.09735924238663074,-0.2361282025620623,0.2775379203508631,True,False,False,False,2026-07-28,4.0,25.353066231629583,20.889682564237667,34.279833566413416,False,False,2026-07-27,5.0,True,93545.0,76082.8,1.2295157381168937,False,122528900.0,7.16,17.112974860335196,4.00313971742543,4.238618524332803,6.08062127216684,7.407407407407261,92.59259259259274,True,17.42,False,False,False,False,False,False
1254,002782,可立克,C 制造业,腾讯前复权日K回退（成交额、换手率已提供）,False,2026-08-03,14.09,13.756,15.109,True,False,False,False,21.4,-34.1588785046729,False,34.32606976597252,-1.9259547400567705,-2.126232077430398,0.40055467474725504,True,False,False,False,2026-07-28,4.0,7.1504637246559986,7.049846768760443,7.351697636447108,True,False,2026-08-03,0.0,True,151057.0,111564.0,1.3539941199670145,False,210932700.0,3.08,68.48464285714286,4.062038404726742,5.096011816838992,-6.744324574756769,11.594202898550742,88.40579710144925,True,31.23,False,False,False,False,False,False
1255,002783,凯龙股份,C 制造业,腾讯前复权日K回退（成交额、换手率已提供）,False,2026-08-03,7.47,7.306,7.081,True,True,True,True,7.55,-1.0596026490066235,False,58.024008057233836,-0.024410967471469647,-0.10690384552339337,0.16498575610384744,True,False,False,False,2026-07-16,12.0,21.389225686579227,17.356182260710717,29.45531253831625,False,False,2026-07-23,7.0,True,49988.0,58739.4,0.8510131189627405,False,37219200.0,1.08,34.462222222222216,0.9459459459459474,1.756756756756755,5.493574353904806,15.384615384615753,84.61538461538424,True,9.24,False,True,True,False,True,False
1256,002785,万里石,C 制造业,腾讯前复权日K回退（成交额、换手率已提供）,False,2026-08-03,32.77,32.414,35.098,True,False,False,False,45.45,-27.898789878987895,False,38.51589654041762,-2.4787329295401364,-2.4306248857852184,-0.0962160875098359,False,True,False,False,,,6.1769885162257765,6.2637897327260745,6.00338608322518,False,False,,,False,49368.0,53949.4,0.9150796857796379,False,162363000.0,2.55,63.67176470588236,1.5494267121165084,4.338394793926242,-6.6328565730240925,64.28571428571425,35.71428571428575,False,57.3,False,False,False,False,True,False
1257,002786,银宝山新,C 制造业,腾讯前复权日K回退（成交额、换手率已提供）,False,2026-08-03,7.64,7.406000000000001,7.458,True,True,False,True,8.19,-6.715506715506714,False,51.54915146360869,-0.13400161018554968,-0.1695617971745451,0.07112037397799081,True,False,False,False,2026-07-31,1.0,21.045807354329654,18.4189988307552,26.29942440147856,False,False,2026-07-31,1.0,True,78767.0,86354.4,0.9121364979665194,False,59623200.0,1.59,37.4988679245283,3.2432432432432323,3.378378378378378,2.440332528828097,0.0,100.0,True,9.7,False,False,False,False,False,False
1258,002787,华源控股,C 制造业,腾讯前复权日K回退（成交额、换手率已提供）,False,2026-08-03,18.15,19.014,22.7935,False,False,False,False,32.2,-43.633540372670815,False,33.99642768440083,-2.294234735337575,-1.8423727512160757,-0.9037239682429989,False,True,False,False,,,33.125640819383655,37.097632742575115,25.18165697300074,False,False,,,False,275722.0,204886.8,1.3457284705505674,False,516989900.0,11.11,46.53374437443745,-6.779661016949157,12.01848998459168,-20.372035887424058,18.803418803418857,5.982905982905855,False,34.99,False,False,False,False,True,True
1259,002788,鹭燕医药,F 批发零售,腾讯前复权日K回退（成交额、换手率已提供）,False,2026-08-03,10.57,10.128,10.178999999999998,True,True,False,True,12.31,-14.13484971567831,False,52.73995866383989,-0.17430942527388993,-0.25115038002251516,0.15368190949725047,True,False,False,False,2026-07-30,2.0,11.197044110730682,9.469611196177759,14.651909939836528,False,False,2026-07-29,3.0,True,158217.0,203502.8,0.7774684181249595,False,165527000.0,4.14,39.98236714975846,3.627450980392166,3.725490196078439,3.841241772276273,2.6315789473683595,97.36842105263163,True,15.29,False,True,False,False,True,False
1260,002789,*ST建艺,E 建筑业,腾讯前复权日K回退（成交额、换手率已提供）,False,2026-08-03,10.04,9.251999999999999,9.501999999999999,True,True,False,True,12.05,-16.680497925311215,False,49.5531259649526,-0.6751112725755384,-0.8596689150053967,0.36911528485971656,True,False,False,False,2026-07-29,3.0,20.069173124984054,15.337508267809438,29.532502839333286,False,False,2026-07-24,6.0,True,28975.0,22559.0,1.2844097699366106,False,28299200.0,1.85,15.296864864864864,4.911180773249724,6.896551724137932,5.66196590191539,4.545454545454717,95.45454545454528,True,15.61,False,False,False,False,False,True
1261,002790,瑞尔特,C 制造业,腾讯前复权日K回退（成交额、换手率已提供）,False,2026-08-03,5.72,5.562,5.4885,True,True,True,True,5.82,-1.7182130584192532,False,54.51878748218261,-0.06635684452587487,-0.12493701899929113,0.11716034894683253,True,False,False,False,,,14.039898783038394,11.190385919545667,19.738924510023846,False,False,2026-07-27,5.0,True,40412.0,45608.2,0.8860687332541078,False,22969699.999999996,1.55,14.819161290322578,2.1428571428571352,2.3214285714285854,4.217910175822166,7.692307692308166,92.30769230769184,True,7.5,False,False,False,False,False,False
1262,002791,坚朗五金,C 制造业,腾讯前复权日K回退（成交额、换手率已提供）,False,2026-08-03,15.32,15.012,14.51,True,True,True,True,15.65,-2.1086261980830674,False,58.603920923926935,0.10767047893733661,-0.07414917637002547,0.36363931061472415,True,False,False,False,2026-07-29,3.0,27.343893052519793,21.883227021260513,38.265225115038355,False,False,,,False,54389.0,57976.4,0.938123098364162,False,83548200.0,2.5,33.41928,0.9887936717205115,2.7027027027027035,5.582356995175744,63.414634146341385,36.58536585365861,False,19.63,False,False,False,False,True,False
1263,002792,通宇通讯,C 制造业,腾讯前复权日K回退（成交额、换手率已提供）,False,2026-08-03,26.14,24.253999999999998,27.148500000000002,True,False,False,True,37.15,-29.63660834454912,False,41.96776632023644,-2.9959114826039155,-3.2499860343083222,0.5081491034088135,True,False,False,False,2026-07-31,1.0,9.40281842619769,8.389542858280976,11.42936956203112,True,False,,,False,205203.0,150559.8,1.3629335320583582,False,522090199.99999994,6.07,86.01156507413508,10.016835016835014,10.858585858585865,-3.714754037976321,0.0,100.0,True,54.38,False,False,False,False,True,True
1264,002793,罗欣药业,C 制造业,腾讯前复权日K回退（成交额、换手率已提供）,False,2026-08-03,4.65,4.6739999999999995,4.692,False,False,False,False,5.23,-11.089866156787762,False,51.486716392391465,0.08066918206582496,0.10430136154024078,-0.04726435894883163,False,True,False,False,,,47.26495123899463,49.19797484461926,43.39890402774536,False,False,,,False,243789.0,430871.0,0.5658050785501925,False,113708900.0,2.24,50.762901785714284,0.6493506493506551,3.463203463203466,-0.8951406649616328,81.24999999999987,18.75000000000014,False,5.58,False,True,False,False,False,False
1265,002795,永和智控,C 制造业,腾讯前复权日K回退（成交额、换手率已提供）,False,2026-08-03,6.27,6.063999999999999,5.8580000000000005,True,True,True,True,7.0,-10.428571428571434,False,51.405041597187214,-0.26461730709414333,-0.40600112160347734,0.28276762901866803,True,False,False,False,2026-07-28,4.0,22.326181520228946,18.568557939284265,29.841428682118313,False,False,,,False,181852.0,241055.0,0.7544004480305324,False,112027099.99999999,4.19,26.73677804295942,3.8079470198675525,4.9668874172185395,7.033117104813913,13.333333333333353,86.66666666666664,True,10.8,False,False,False,False,False,False
1266,002796,世嘉科技,C 制造业,腾讯前复权日K回退（成交额、换手率已提供）,False,2026-08-03,24.37,24.864,28.733000000000004,False,False,False,False,37.98,-35.83464981569246,False,29.32941303035598,-3.7413029145134757,-3.7568953894657278,0.031184949904504045,True,False,True,False,,,4.448101309135634,5.8969756050554425,1.5503527172960165,False,False,,,False,95152.0,93455.6,1.018151935250536,False,233529100.0,4.18,55.868205741626795,0.16440608302508153,4.356761200164415,-15.184630912191565,68.86792452830178,31.132075471698222,False,60.0,False,False,False,False,True,False
1267,002797,第一创业,J 金融业,腾讯前复权日K回退（成交额、换手率已提供）,False,2026-08-03,6.66,6.540000000000001,6.508500000000001,True,True,True,True,6.87,-3.0567685589519646,False,54.13107823779837,-0.01459562283405802,-0.03570161809003162,0.0422119905119472,True,False,False,False,,,25.6899197684841,23.82086687785699,29.428025549738315,False,False,,,False,581095.0,454690.6,1.278000908749818,False,386757900.0,1.38,280.259347826087,1.3698630136986356,2.891933028919336,2.327725282323108,21.052631578947345,78.94736842105266,True,8.0,False,False,False,False,True,False
1268,002798,帝欧水华,C 制造业,腾讯前复权日K回退（成交额、换手率已提供）,False,2026-08-03,5.23,5.2219999999999995,5.0845,True,True,True,True,5.79,-9.67184801381692,False,48.71876540337338,-0.1359873632516413,-0.22241272687644645,0.17285072724961031,True,False,False,False,,,14.858869327201013,12.807109575877034,18.962388829848972,False,False,2026-07-27,5.0,True,80879.0,111242.8,0.7270493011682554,False,42164399.99999999,1.57,26.85630573248407,-1.3207547169811207,3.396226415094335,2.861638312518442,16.66666666666683,44.44444444444456,False,8.77,False,False,False,False,False,False
1269,002799,环球印务,C 制造业,腾讯前复权日K回退（成交额、换手率已提供）,False,2026-08-03,6.58,6.3260000000000005,6.1135,True,True,True,True,6.51,1.0752688172043054,True,59.01552389871504,-0.059741417888705683,-0.15921775848279082,0.19895268118817028,True,False,False,False,,,20.29456489574817,15.584721594806396,29.71425149763172,False,False,2026-07-27,5.0,True,53070.0,48966.8,1.0837955512714736,False,34440200.0,1.66,20.74710843373494,2.8124999999999956,3.1250000000000027,7.630653471824648,0.0,100.0,True,9.0,False,True,False,False,False,False
1270,002800,天顺股份,G 运输仓储,腾讯前复权日K回退（成交额、换手率已提供）,False,2026-08-03,13.07,12.43,12.2335,True,True,True,True,13.85,-5.631768953068588,False,53.089581668590505,-0.416514940540635,-0.6481638758353907,0.46329787058951144,True,False,False,False,2026-07-27,5.0,15.695718038963335,12.591956925103679,21.903240266682648,False,False,2026-07-21,9.0,True,37881.0,34773.2,1.089373425511601,False,48750700.0,2.56,19.0432421875,4.226475279106867,4.704944178628388,6.837781501614428,3.3898305084745046,96.6101694915255,True,19.2,False,True,False,False,True,False
1271,002801,微光股份,C 制造业,腾讯前复权日K回退（成交额、换手率已提供）,False,2026-08-03,28.2,27.354000000000003,27.052000000000003,True,True,True,True,31.09,-9.295593438404634,False,53.199174986721985,-0.48029674418536317,-0.7799027498750873,0.5992120113794484,True,False,False,False,2026-07-27,5.0,22.326593631862014,17.670462550157954,31.63885579527014,False,False,2026-07-27,5.0,True,10062.0,10637.8,0.9458722668220874,False,28303100.0,0.87,32.53229885057471,1.3659237958303372,1.976994967649163,4.243678840751131,20.0,80.0,True,35.73,False,False,False,False,False,False
1272,002802,洪汇新材,C 制造业,腾讯前复权日K回退（成交额、换手率已提供）,False,2026-08-03,11.08,10.604000000000001,10.437999999999999,True,True,True,True,11.36,-2.4647887323943607,False,54.87154775202112,-0.1991356153689452,-0.3425871346486093,0.2869030385593282,True,False,False,False,2026-07-10,16.0,13.523492170492695,10.519121458791306,19.532233593895473,False,False,2026-07-27,5.0,True,30087.0,23770.4,1.2657338538686769,False,32951200.0,2.01,16.393631840796022,3.842549203373946,4.404873477038415,6.150603563901143,8.510638297872179,91.48936170212782,True,14.95,False,False,False,False,True,False
1273,002803,吉宏股份,F 批发零售,腾讯前复权日K回退（成交额、换手率已提供）,False,2026-08-03,19.25,18.084,20.0565,True,False,False,True,24.59,-21.716144774298495,False,44.68894960492899,-1.3180772475434566,-1.2033789062184646,-0.22939668264998403,False,True,False,False,,,23.224142743879586,22.90785472198023,23.856718787678304,True,False,,,False,159402.0,108050.0,1.4752614530310042,False,301528000.0,5.36,56.25522388059701,10.000000000000009,9.6,-4.021140278712636,0.0,100.0,True,28.0,False,False,False,False,False,True
1274,002805,丰元股份,C 制造业,腾讯前复权日K回退（成交额、换手率已提供）,False,2026-08-03,16.78,16.97,19.0905,False,False,False,False,29.36,-42.847411444141684,False,34.43384428558667,-1.9349676019363002,-1.8634306738012285,-0.14307385627014346,False,True,False,False,,,14.134673053560967,15.02419489547273,12.35562936973744,False,False,,,False,127017.0,191803.0,0.6622263468246065,False,213110800.00000003,4.56,46.73482456140352,-0.5924170616113611,3.613744075829381,-12.102878395013214,42.62295081967184,54.098360655738055,False,30.58,False,True,False,False,False,False
1275,002806,华锋股份,C 制造业,腾讯前复权日K回退（成交额、换手率已提供）,False,2026-08-03,12.77,12.518,13.732,True,False,False,True,18.25,-30.027397260273975,False,36.47010968159763,-1.3751184852033802,-1.414457107116121,0.07867724382548147,True,False,True,False,,,11.967093951840516,11.664200408481745,12.572881038558055,True,False,2026-08-03,0.0,True,67972.0,110417.0,0.6155936133022994,False,85106000.0,3.9,21.82205128205128,2.9838709677419306,5.645161290322589,-7.005534517914359,18.571428571428655,81.42857142857135,True,22.18,False,False,False,False,True,False
1276,002807,江阴银行,J 金融业,腾讯前复权日K回退（成交额、换手率已提供）,False,2026-08-03,4.21,4.104000000000001,3.9765,True,True,True,True,4.15,1.445783132530111,True,69.50919198652466,0.05468097662532667,0.025377824632246776,0.05860630398615979,True,False,False,False,2026-07-06,20.0,75.46352752445067,64.2483077372758,97.8939670988004,False,False,,,False,513185.0,496227.4,1.0341730424398168,False,214794900.00000003,1.9,113.04994736842107,1.4457831325301207,2.40963855421688,5.8719979881805555,20.000000000000355,79.99999999999964,True,4.15,True,False,False,False,False,False
1277,002809,红墙股份,C 制造业,腾讯前复权日K回退（成交额、换手率已提供）,False,2026-08-03,7.91,7.5680000000000005,7.38,True,True,True,True,8.03,-1.4943960149439506,False,55.668038297733574,-0.13098200529519577,-0.2504338101780502,0.2389036097657089,True,False,False,False,,,18.953934074226968,14.439267296594318,27.98326762949227,False,False,2026-07-23,7.0,True,64502.0,62942.2,1.02478146617055,False,50185400.0,3.79,13.241530343007915,4.216073781291185,4.479578392621881,7.1815718157181605,8.82352941176476,91.17647058823523,True,11.89,False,False,False,False,False,False
1278,002810,山东赫达,C 制造业,腾讯前复权日K回退（成交额、换手率已提供）,False,2026-08-03,19.99,19.566000000000003,19.954500000000003,True,True,False,True,25.35,-21.143984220907306,False,44.67434516261565,-0.9337044110562083,-1.0879098581773765,0.3084108942423365,True,False,False,False,2026-07-29,3.0,16.609573093032292,15.536477260351816,18.75576475839324,False,False,2026-07-27,5.0,True,66313.0,59860.6,1.1077904331062502,False,131124800.0,2.05,63.963317073170735,3.2541322314049603,5.061983471074383,0.17790473326816217,10.204081632653201,89.7959183673468,True,29.43,False,True,True,False,False,False
1279,002811,郑中设计,M 科研服务,腾讯前复权日K回退（成交额、换手率已提供）,False,2026-08-03,10.02,9.834,10.0775,True,False,False,True,11.87,-15.585509688289804,False,44.86938791170589,-0.43849422233493307,-0.5249592426914385,0.17293004071301077,True,False,False,False,2026-07-30,2.0,19.98403370742652,16.15888241037875,27.634336301522055,False,False,2026-07-23,7.0,True,57824.0,51415.2,1.1246479640262024,False,58285200.00000001,2.05,28.431804878048787,-0.8902077151335286,2.8684470820969254,-0.5705780203423567,41.37931034482744,20.689655172413413,False,13.88,False,False,False,False,False,False
1280,002812,恩捷股份,C 制造业,腾讯前复权日K回退（成交额、换手率已提供）,False,2026-08-03,54.05,53.098,53.696000000000005,True,True,False,True,70.6,-23.441926345609062,False,45.112101523074756,-2.8741494921391677,-3.629000582666752,1.509702181055169,True,False,False,False,2026-07-27,5.0,15.003836043410358,13.212905606612315,18.58569691700644,False,False,2026-07-23,7.0,True,169871.0,218847.8,0.7762061121930401,False,903528500.0,2.07,436.4871980676329,2.7761931926221672,5.533371363377074,0.6592669845053488,4.123711340206337,95.87628865979366,True,85.57,False,True,False,False,True,False
1281,002813,路畅科技,C 制造业,腾讯前复权日K回退（成交额、换手率已提供）,False,2026-08-03,20.88,20.296,19.0325,True,True,True,True,21.07,-0.9017560512577185,False,62.55209556322512,0.024377442101641833,-0.37539386609027786,0.7995426163838394,True,False,False,False,,,27.050169354772876,21.24657686661315,38.65735433109233,False,False,2026-07-23,7.0,True,14727.0,19676.8,0.748444869084404,False,30732199.999999996,1.23,24.98552845528455,1.2118274357731496,2.7629665535627743,9.70707999474583,33.33333333333354,66.66666666666646,False,27.96,False,True,False,False,True,False
1282,002815,崇达技术,C 制造业,腾讯前复权日K回退（成交额、换手率已提供）,False,2026-08-03,11.37,11.225999999999999,13.6505,True,False,False,False,18.87,-39.7456279809221,False,34.77809961764905,-1.4817284057093403,-1.305774045060076,-0.35190872129852835,False,True,False,False,,,5.394473600678367,6.640076963745507,2.9032668745440873,False,False,,,False,256798.0,393532.4,0.6525460165414588,False,288596600.0,3.3,87.45351515151516,1.9730941704035665,3.6771300448430506,-16.70634775282957,17.07317073170738,82.92682926829262,True,20.7,False,False,False,False,False,False
1283,002816,*ST和科,C 制造业,腾讯前复权日K回退（成交额、换手率已提供）,False,2026-08-03,24.32,23.588,25.091,True,False,False,True,29.98,-18.879252835223483,False,46.84591696770691,-1.0124408076520517,-0.9777311274687722,-0.06941936036655894,False,True,False,False,,,31.447754140597368,28.261092176798815,37.821078068194474,False,False,,,False,14936.0,21244.0,0.7030691018640557,False,35981200.0,1.49,24.14845637583893,0.08230452674897748,2.880658436213989,-3.072814953569012,18.57142857142845,81.42857142857154,True,31.3,False,True,False,False,True,False
1284,002817,黄山胶囊,C 制造业,腾讯前复权日K回退（成交额、换手率已提供）,False,2026-08-03,6.31,6.08,5.992500000000001,True,True,True,True,6.4,-1.4062500000000115,False,56.58671344653745,-0.06999401499274782,-0.13785078838164458,0.13571354677779351,True,False,False,False,2026-07-28,4.0,19.964979274188227,15.58370999447022,28.727517833624244,False,False,2026-07-28,4.0,True,56746.0,66890.8,0.8483378880204752,False,35247300.0,1.96,17.983316326530613,2.9363784665578985,3.9151712887438865,5.298289528577371,8.333333333333519,91.66666666666649,True,8.28,False,True,False,False,True,False
1285,002818,富森美,L 商务服务,腾讯前复权日K回退（成交额、换手率已提供）,False,2026-08-03,10.9,10.934000000000001,10.653,False,True,True,True,11.19,-2.5915996425379726,False,53.75371838056954,0.02601146370363594,-0.03692913583280505,0.12588119907288198,True,False,False,False,2026-07-15,13.0,34.863461450660374,31.24538415154083,42.09961604889947,False,False,,,False,49336.0,53061.2,0.9297942752896655,False,53851800.0,1.65,32.637454545454545,-0.1831501831501825,1.923076923076931,2.318595700741574,47.619047619048104,28.57142857142869,False,11.96,False,False,False,False,False,False
1286,002819,东方中科,F 批发零售,腾讯前复权日K回退（成交额、换手率已提供）,False,2026-08-03,20.76,20.266000000000002,19.725,True,True,True,True,21.25,-2.305882352941169,False,52.98416263574305,-0.3857958620661073,-0.6670273217629469,0.5624629193936792,True,False,False,False,2026-07-24,6.0,18.554024006734643,15.053378869841794,25.555314280520342,False,False,2026-07-23,7.0,True,19581.0,30821.4,0.6353053397963753,False,40517700.0,0.82,49.411829268292685,1.6650342801175277,2.693437806072481,5.247148288973384,16.363636363636317,83.63636363636368,True,29.04,False,False,False,False,False,False
1287,002820,桂发祥,C 制造业,腾讯前复权日K回退（成交额、换手率已提供）,False,2026-08-03,9.03,8.724,8.436499999999999,True,True,True,True,9.15,-1.3114754098360764,False,57.91070164813235,-0.057083916067199425,-0.18314950755262063,0.2521311829708424,True,False,False,False,2026-07-28,4.0,26.114472750237866,20.210376697883778,37.92266485494604,False,False,2026-07-28,4.0,True,78279.0,80679.6,0.9702452664614103,False,69937300.0,3.9,17.932641025641026,2.149321266968318,3.8461538461538445,7.0349078409293035,14.70588235294139,85.29411764705861,True,11.7,False,True,True,False,True,False
1288,002821,凯莱英,C 制造业,腾讯前复权日K回退（成交额、换手率已提供）,False,2026-08-03,146.92,151.578,162.45850000000002,False,False,False,False,200.0,-26.540000000000006,False,45.19406075701663,1.332092887052113,5.207282190355735,-7.750378606607244,False,True,False,False,,,55.36164824782247,59.915935158694104,46.25307442607921,False,False,,,False,74011.0,89812.8,0.8240584860955231,False,1105213900.0,2.33,474.3407296137339,-3.7536849000982753,6.485424172944648,-9.564596496951545,46.86868686868699,9.292929292929161,False,200.0,False,False,False,False,True,False
1289,002822,ST中装,E 建筑业,腾讯前复权日K回退（成交额、换手率已提供）,False,2026-08-03,3.11,2.9859999999999998,2.9895,True,True,False,True,3.51,-11.396011396011394,False,57.978757670658375,0.0014796570718775826,-0.012034353734172647,0.02702802161210046,True,False,False,False,2026-07-31,1.0,54.18467336697724,48.41726252456789,65.71949505179595,False,False,,,False,84310.0,85594.6,0.9849920438906192,False,26033900.0,0.79,32.954303797468356,1.967213114754096,3.606557377049191,4.030774376986113,27.27272727272742,72.72727272727259,True,3.53,False,True,False,False,True,False
1290,002823,凯中精密,C 制造业,腾讯前复权日K回退（成交额、换手率已提供）,False,2026-08-03,13.29,12.802000000000001,12.891499999999999,True,True,False,True,15.51,-14.313346228239848,False,47.759896061587455,-0.6512157547925703,-0.8568451407070716,0.4112587718290026,True,False,False,False,2026-07-28,4.0,13.931508912022203,10.973454690800914,19.84761735446478,False,False,,,False,46946.0,49193.6,0.9543111299030769,False,61826899.99999999,2.14,28.891074766355132,3.023255813953485,3.178294573643412,3.0911841135632034,4.8780487804881325,95.12195121951187,True,21.35,False,False,False,False,True,False
1291,002824,和胜股份,C 制造业,腾讯前复权日K回退（成交额、换手率已提供）,False,2026-08-03,19.26,19.84,24.125,False,False,False,False,32.57,-40.865827448572304,False,32.24569222163858,-2.866943529080146,-2.4271835623340206,-0.8795199334922508,False,True,False,False,,,13.007829082829636,17.665235345146286,3.6930165581963337,False,False,,,False,163118.0,178605.6,0.9132860335846132,False,312973400.0,7.21,43.408238557558946,0.5744125326370808,3.3942558746736404,-20.165803108808284,44.61538461538434,55.384615384615664,False,41.91,False,False,False,False,True,False
1292,002825,纳尔股份,C 制造业,腾讯前复权日K回退（成交额、换手率已提供）,False,2026-08-03,8.17,7.892,7.8865,True,True,True,True,8.52,-4.1079812206572734,False,51.28845471745203,-0.22591498376807095,-0.3242625309612193,0.19669509438629673,True,False,False,False,2026-07-07,19.0,13.961276717185036,10.500227279420335,20.88337559271444,False,False,2026-07-28,4.0,True,21456.0,28160.4,0.7619209954404056,False,17333600.0,0.84,20.635238095238098,2.896725440806036,3.1486146095717884,3.5947505230457124,3.9999999999999147,96.00000000000009,True,11.47,False,False,False,False,False,False
1293,002826,易明医药,C 制造业,腾讯前复权日K回退（成交额、换手率已提供）,False,2026-08-03,16.12,15.925999999999998,16.269000000000002,True,False,False,False,19.0,-15.1578947368421,False,48.16898030431229,-0.24293366863399157,-0.2508893549133656,0.015911372558748083,True,False,True,False,,,19.28758119937315,18.421027720100167,21.020688157919118,False,False,2026-07-31,1.0,True,21756.0,30106.4,0.7226370472723407,False,35092100.0,1.18,29.73906779661017,0.062073246430793816,1.6139044072004842,-0.9158522343106577,65.38461538461517,34.615384615384826,False,19.84,False,True,False,False,True,False
1294,002827,高争民爆,C 制造业,腾讯前复权日K回退（成交额、换手率已提供）,False,2026-08-03,38.06,31.738,25.9055,True,True,True,True,34.6,10.000000000000002,True,82.48411658536673,1.9703365504854986,0.434292611077513,3.0720878788159713,True,False,False,False,2026-07-14,14.0,74.66883595026651,51.905656087865445,120.19519567506866,False,False,,,False,83186.0,78824.8,1.0553277648658796,False,316471900.0,3.01,105.1401661129568,10.000000000000009,1.5895953757225558,46.918608017602445,0.0,100.0,True,34.6,True,True,False,True,False,False
1295,002828,贝肯能源,B 采矿业,腾讯前复权日K回退（成交额、换手率已提供）,False,2026-08-03,11.79,11.968,11.8985,False,False,True,False,14.2,-16.971830985915496,False,52.66134174618502,0.41345431377529884,0.48673425348015836,-0.14655987940971904,False,True,False,False,,,52.62974298413395,51.3637732996846,55.161682353032646,False,False,,,False,435279.0,272427.4,1.5977798121628,False,535736100.0,21.66,24.733891966759003,-5.148833467417546,19.951729686242963,-0.9118796486952234,0.0,24.193548387096754,False,14.2,False,False,False,False,True,False
1296,002829,星网宇达,C 制造业,腾讯前复权日K回退（成交额、换手率已提供）,False,2026-08-03,20.12,19.802,19.4485,True,True,True,False,23.23,-13.387860525182951,False,51.775559557375225,0.1251974732269936,0.07847367627526163,0.09344759390346394,True,False,False,False,2026-07-09,17.0,32.67392249329858,33.71758734422293,30.58659279144989,False,False,,,False,119593.0,174904.4,0.6837621008962611,False,237690600.0,8.19,29.022051282051283,3.604531410916567,4.479917610710612,3.4527084350978314,4.597701149425184,95.40229885057482,True,27.7,False,False,False,False,False,False
1297,002830,名雕股份,E 建筑业,腾讯前复权日K回退（成交额、换手率已提供）,False,2026-08-03,12.47,12.0,13.4395,True,False,False,True,18.25,-31.671232876712324,False,41.71571471608807,-1.094170161241692,-1.0957252113967777,0.0031101003101712266,True,False,True,False,,,21.531722023544305,19.027297833321466,26.54057040398998,False,False,,,False,33391.0,42184.0,0.791556040204817,False,41007400.0,3.6,11.390944444444445,2.5493421052631637,4.111842105263158,-7.213810037575802,5.999999999999872,94.00000000000013,True,18.52,False,False,False,False,False,False
1298,002831,裕同科技,C 制造业,腾讯前复权日K回退（成交额、换手率已提供）,False,2026-08-03,26.23,25.977999999999998,27.256,True,False,False,False,32.25,-18.666666666666664,False,42.2626223249064,-1.1980169751469028,-1.1588524028467289,-0.07832914460034779,False,True,False,False,,,27.093938820279195,28.225533291564375,24.83074987770884,False,False,,,False,68528.0,108793.4,0.6298911514852923,False,178739100.0,0.96,186.1865625,-0.22822365918599985,4.488398630658044,-3.76430877604931,39.830508474576185,60.169491525423815,False,38.46,False,True,False,False,True,False
1299,002832,比音勒芬,C 制造业,腾讯前复权日K回退（成交额、换手率已提供）,False,2026-08-03,25.54,25.392000000000003,22.5025,True,True,True,True,26.9,-5.055762081784384,False,67.31665343672192,1.2884850676851052,0.9019903075591089,0.7729895202519925,True,False,False,False,2026-07-15,13.0,89.19626079729942,89.84129248278498,87.90619742632828,False,False,,,False,210373.0,253332.2,0.83042345189439,False,530427500.0,5.4,98.22731481481482,-1.731435167372064,4.46325509811466,13.498500166648139,4.310344827586268,64.6551724137931,False,26.9,False,False,False,False,False,False
1300,002833,弘亚数控,C 制造业,腾讯前复权日K回退（成交额、换手率已提供）,False,2026-08-03,17.93,17.606,16.765,True,True,True,True,19.17,-6.468440271257182,False,56.358333338833646,-0.06469077693274272,-0.3228153005710567,0.5162490472766279,True,False,False,False,2026-07-28,4.0,32.007647870677616,25.20276306651388,45.617417479005084,False,False,2026-07-24,6.0,True,51687.0,81280.4,0.6359097642236013,False,92074200.0,1.76,52.31488636363636,0.9003939223410251,3.2639279684862035,6.94900089472114,12.068965517241464,87.93103448275855,True,21.92,False,False,False,False,False,False
1301,002835,同为股份,C 制造业,腾讯前复权日K回退（成交额、换手率已提供）,False,2026-08-03,12.16,11.65,11.398,True,True,True,True,12.28,-0.9771986970683976,False,57.9726519989772,-0.11482846531588997,-0.2611522831965458,0.2926476357613117,True,False,False,False,,,17.417814098648805,12.128043855558573,27.997354584829267,False,False,2026-07-29,3.0,True,34553.0,25916.2,1.3332587339193245,False,41578900.0,2.71,15.342767527675276,3.050847457627115,3.0508474576271136,6.685383400596601,0.0,100.0,True,15.58,False,False,False,False,False,False
1302,002836,新宏泽,C 制造业,腾讯前复权日K回退（成交额、换手率已提供）,False,2026-08-03,9.14,8.778,8.814499999999999,True,True,False,True,9.99,-8.508508508508504,False,50.44511234722145,-0.3180839323672746,-0.43830615367439124,0.24044444261423326,True,False,False,False,2026-07-27,5.0,15.23822576109921,12.167104610815407,21.380468061666818,False,False,2026-07-23,7.0,True,31129.0,24857.6,1.252293061277034,False,28278900.0,1.35,20.947333333333333,3.5107587768969495,5.209513023782569,3.6927789437858274,15.21739130434786,84.78260869565214,True,13.4,False,False,False,False,False,False
1303,002837,英维克,C 制造业,腾讯前复权日K回退（成交额、换手率已提供）,False,2026-08-03,46.45,49.714,61.635000000000005,False,False,False,False,78.5,-40.828025477707,False,29.38345920159081,-6.390521342342353,-4.786153460792943,-3.2087357630988205,False,True,False,False,,,4.813156458387435,9.756952026917963,-5.074434678673622,False,False,,,False,381242.0,439430.0,0.86758300525681,False,1785668500.0,3.37,529.8719584569733,-2.1074815595363505,5.015806111696527,-24.63697574430113,68.90756302521004,26.470588235294194,False,89.69,False,True,False,False,False,False
1304,002838,道恩股份,C 制造业,腾讯前复权日K回退（成交额、换手率已提供）,False,2026-08-03,24.84,25.404000000000003,28.857499999999998,False,False,False,False,35.99,-30.98082800777994,False,35.697743729737155,-1.9927877477684248,-1.667072533307514,-0.6514304289218216,False,True,False,False,,,14.929267644573024,20.53167620953332,3.724450514652432,False,False,,,False,65825.0,64063.2,1.0275009677943032,False,166277300.0,1.56,106.58801282051282,-3.571428571428581,5.5512422360248435,-13.921857402754911,0.0,4.895104895104916,False,38.21,False,True,False,False,True,False
1305,002839,张家港行,J 金融业,腾讯前复权日K回退（成交额、换手率已提供）,False,2026-08-03,4.64,4.544,4.329000000000001,True,True,True,True,4.62,0.4329004329004236,True,72.76329593343816,0.10461490638016979,0.0674114336852098,0.07440694538991999,True,False,False,False,2026-07-06,20.0,86.29315232423089,76.1446702944524,106.59011638378786,False,False,,,False,381631.0,361296.8,1.056281151673638,False,176343300.00000003,1.56,113.04057692307694,1.3100436681222627,1.9650655021834031,7.184107184107161,22.222222222222772,77.77777777777723,True,4.62,True,False,False,False,True,False
1306,002840,华统股份,C 制造业,腾讯前复权日K回退（成交额、换手率已提供）,False,2026-08-03,8.11,7.656000000000001,7.602500000000001,True,True,True,True,8.38,-3.221957040572808,False,56.51400437325175,-0.11904833400612258,-0.21394349084058076,0.18979031366891636,True,False,False,False,,,11.016284145622308,8.373316443537947,16.30221954979103,False,False,2026-07-29,3.0,True,340533.0,166401.0,2.046460057331386,True,276569700.0,4.27,64.77042154566746,5.46163849154746,8.58257477243172,6.675435711936842,39.39393939393941,60.606060606060595,False,13.3,False,False,False,False,True,False
1307,002841,视源股份,C 制造业,腾讯前复权日K回退（成交额、换手率已提供）,False,2026-08-03,45.68,44.434,47.176,True,False,False,False,55.98,-18.399428367274023,False,54.90813548834976,1.2348936758758313,1.9538503002966976,-1.4379132488417325,False,True,False,False,,,55.30878695451693,56.257724646039755,53.41091157147129,False,False,,,False,128772.0,138272.0,0.9312948391576024,False,587851100.0,2.47,237.99639676113358,1.0843106882053588,3.16441690639522,-3.171103951161612,53.146853146853026,46.85314685314698,False,55.98,False,False,False,False,True,False
1308,002842,翔鹭钨业,C 制造业,腾讯前复权日K回退（成交额、换手率已提供）,False,2026-08-03,29.6,29.738,32.841,False,False,False,False,45.3,-34.657836644591605,False,37.964517769330946,-2.8899138727505864,-2.6519218447598276,-0.4759840559815176,False,True,False,False,,,12.122562238852693,13.642943082549614,9.081800551458848,False,False,,,False,202586.0,253481.4,0.7992144591279676,False,600932100.0,7.55,79.59365562913906,0.13531799729364913,3.9242219215155623,-9.868761608964403,47.413793103448334,49.137931034482776,False,54.44,False,True,False,False,False,False
1309,002843,泰嘉股份,C 制造业,腾讯前复权日K回退（成交额、换手率已提供）,False,2026-08-03,15.15,15.386000000000001,18.7665,False,False,False,False,24.89,-39.13218159903576,False,30.465893542841087,-1.8472714827793624,-1.524544295251183,-0.6454543750563588,False,True,False,False,,,6.072918202641705,8.453552509657072,1.311649588610969,False,False,,,False,104109.0,116279.0,0.8953379372027623,False,157470700.0,4.16,37.853533653846156,0.06605019815060231,3.302509907529722,-19.271041483494525,55.99999999999987,42.00000000000017,False,29.93,False,True,False,False,True,False
1310,002845,同兴达,C 制造业,腾讯前复权日K回退（成交额、换手率已提供）,False,2026-08-03,12.21,12.058,13.338,True,False,False,True,17.5,-30.22857142857142,False,37.66613535197884,-0.89727723799815,-0.8361758638684154,-0.1222027482594692,False,True,False,False,,,13.464022168303758,13.652034456903209,13.087997591104859,False,False,,,False,77824.0,88778.8,0.8766056761298868,False,94036400.0,3.11,30.2367845659164,1.4119601328903775,3.0730897009966713,-8.457040035987392,10.810810810810603,89.1891891891894,True,17.5,False,False,False,False,False,False
1311,002846,英联股份,C 制造业,腾讯前复权日K回退（成交额、换手率已提供）,False,2026-08-03,10.22,10.25,9.764500000000002,False,True,True,True,11.1,-7.927927927927919,False,49.45722163434507,-0.24260848747556452,-0.4821406872243132,0.47906439949749735,True,False,False,False,2026-07-23,7.0,16.507951140102875,12.961838590505726,23.600176239297173,False,False,2026-07-23,7.0,True,208623.0,116108.8,1.7967888738838056,False,214326800.0,8.02,26.724039900249377,-6.751824817518248,3.6496350364963535,4.664857391571497,0.0,15.00000000000011,False,15.86,False,False,False,False,False,True
1312,002847,盐津铺子,C 制造业,腾讯前复权日K回退（成交额、换手率已提供）,False,2026-08-03,52.27,52.00600000000001,48.0805,True,True,True,True,53.84,-2.9160475482912336,False,60.826543819823534,0.7626048316843068,-0.04248171486582736,1.6101730931002685,True,False,False,False,,,46.71312060862251,39.878242627876006,60.38287657011551,False,False,,,False,40293.0,61506.4,0.6551025584329435,False,210413500.0,1.65,127.52333333333334,0.46127234287911545,3.0174899096675,8.71351171472843,32.48407643312088,67.51592356687911,False,60.87,False,True,False,False,True,False
1313,002848,高斯贝尔,C 制造业,腾讯前复权日K回退（成交额、换手率已提供）,False,2026-08-03,12.34,12.052000000000001,12.742999999999999,True,False,False,True,14.98,-17.623497997329775,False,42.96657092691187,-0.5314128621412095,-0.5462866162381916,0.02974750819396421,True,False,True,False,,,7.644753723420428,7.3366809782534785,8.260899213754326,True,False,2026-08-03,0.0,True,26907.0,49503.0,0.5435428155869342,False,33196200.0,1.63,20.365766871165643,1.0647010647010458,2.9484029484029435,-3.162520599544838,27.77777777777772,72.22222222222227,True,17.92,False,False,False,False,False,False
1314,002849,威星智能,C 制造业,腾讯前复权日K回退（成交额、换手率已提供）,False,2026-08-03,13.73,13.64,14.115,True,False,False,True,16.46,-16.58566221142163,False,42.43440981807836,-0.6701422556444498,-0.7383533818836693,0.13642225247843887,True,False,False,False,2026-07-29,3.0,20.563808094432158,19.233356266427673,23.224711750441124,False,False,2026-07-21,9.0,True,28579.0,39193.8,0.7291714505865723,False,38977900.0,1.31,29.75412213740458,0.9558823529411731,2.426470588235295,-2.727594757350335,39.39393939393908,60.60606060606092,False,19.74,False,False,False,False,True,False
1315,002850,科达利,C 制造业,腾讯前复权日K回退（成交额、换手率已提供）,False,2026-08-03,181.01,176.032,185.058,True,False,False,True,237.77,-23.871808890945037,False,47.87948185544339,-4.3152213247419695,-3.837767616996716,-0.9549074154905073,False,True,False,False,,,37.53623746741033,37.44467734967413,37.71935770288273,True,False,,,False,47339.0,58242.4,0.8127927420573328,False,868746600.0,2.26,384.4011504424779,-0.713071142559385,4.9201908836597,-2.187422321650511,41.24860646599765,27.647714604236235,False,237.77,False,False,False,False,False,False
1316,002851,麦格米特,C 制造业,腾讯前复权日K回退（成交额、换手率已提供）,False,2026-08-03,98.86,105.43400000000001,135.061,False,False,False,False,176.5,-43.98866855524079,False,34.68258515412856,-13.136439760573978,-8.589606682563371,-9.093666156021214,False,True,False,False,,,13.353259977939048,21.731582359471997,-3.403384785126846,False,False,,,False,335722.0,303130.6,1.1075160343429533,False,3410381700.0,7.27,469.10339752407157,-7.130108031939885,8.511038046031002,-26.803444369581158,3.311258278145663,12.36203090507731,False,189.95,False,False,False,False,False,True
1317,002852,道道全,C 制造业,腾讯前复权日K回退（成交额、换手率已提供）,False,2026-08-03,7.87,7.6579999999999995,7.4799999999999995,True,True,True,True,7.97,-1.254705144291087,False,59.37448879665783,0.00360352997339497,-0.06545791983032681,0.13812289960744356,True,False,False,False,2026-07-27,5.0,20.76252752143232,15.009323699288474,32.26893516572002,False,False,2026-07-28,4.0,True,42904.0,33626.2,1.275909856005139,False,33546700.0,1.5,22.364466666666665,2.075226977950706,2.594033722438394,5.213903743315516,4.999999999999889,95.00000000000011,True,9.13,False,False,False,True,True,False
1318,002853,皮阿诺,C 制造业,腾讯前复权日K回退（成交额、换手率已提供）,False,2026-08-03,19.8,19.18,20.506999999999998,True,False,False,False,24.6,-19.51219512195122,False,45.69189208216917,-0.8402386041652079,-0.8247721990689982,-0.030932810192419335,False,True,False,False,,,14.05512781063391,13.892623762946988,14.380135906007755,True,False,2026-08-03,0.0,True,15709.0,19635.0,0.8000509294626942,False,30418900.0,1.22,24.933524590163938,4.6511627906976605,5.602536997885828,-3.447603257424281,16.98113207547169,83.01886792452831,True,30.08,False,False,False,False,False,False
1319,002855,捷荣技术,C 制造业,腾讯前复权日K回退（成交额、换手率已提供）,False,2026-08-03,9.73,9.482,9.089500000000001,True,True,True,True,9.82,-0.9164969450101819,False,55.18572445204095,-0.1548709549291143,-0.3294229351695089,0.3491039604807892,True,False,False,False,2026-07-10,16.0,25.785343794206124,21.00520862109035,35.34561414043767,False,False,2026-07-21,9.0,True,31147.0,40927.0,0.7610379456104772,False,30076700.0,1.26,23.870396825396824,2.205882352941191,2.6260504201680672,7.046592221794371,23.99999999999949,76.00000000000051,True,13.4,False,False,False,False,True,False
1320,002856,*ST美芝,E 建筑业,腾讯前复权日K回退（成交额、换手率已提供）,False,2026-08-03,15.46,14.336000000000002,14.597500000000002,True,True,False,True,19.6,-21.122448979591837,False,49.40422822015774,-1.174302880837896,-1.4953915129371926,0.6421772641985934,True,False,False,False,2026-07-29,3.0,22.34982375800439,19.955364822890736,27.1387416282317,False,False,2026-07-28,4.0,True,75798.0,67861.0,1.116959667555739,False,110100300.0,6.12,17.990245098039214,10.035587188612105,12.669039145907481,5.908545983901345,0.0,100.0,True,28.34,False,False,False,False,True,True
1321,002857,三晖电气,C 制造业,腾讯前复权日K回退（成交额、换手率已提供）,False,2026-08-03,15.88,15.288,15.116,True,True,True,True,17.44,-8.944954128440369,False,51.10173199932054,-0.49321248997256006,-0.7386840099459959,0.4909430399468717,True,False,False,False,2026-07-27,5.0,14.91583231066013,11.1268735646716,22.493749802637193,False,False,2026-07-27,5.0,True,26719.0,32234.0,0.8289073648942111,False,41971600.0,2.08,20.178653846153846,1.9910083493898556,2.954399486191399,5.0542471553321064,17.39130434782607,82.60869565217392,True,23.48,False,False,False,False,False,False
1322,002858,力盛体育,R 文化传播,腾讯前复权日K回退（成交额、换手率已提供）,False,2026-08-03,11.56,11.044,10.618500000000001,True,True,True,True,11.36,1.7605633802816996,True,57.59894101860189,-0.158880935885076,-0.3724014609179531,0.4270410500657542,True,False,False,False,,,17.725638541846333,13.467503574733074,26.241908476072847,False,False,2026-07-23,7.0,True,47916.0,62999.6,0.7605762576270325,False,54849799.99999999,3.25,16.876861538461537,2.1201413427561766,4.240282685512371,8.86660074398455,14.583333333333378,85.41666666666661,True,17.4,False,True,False,False,False,False
1323,002859,洁美科技,C 制造业,腾讯前复权日K回退（成交额、换手率已提供）,False,2026-08-03,55.17,58.69199999999999,66.90050000000001,False,False,False,False,96.04,-42.555185339441906,False,34.976922866278315,-6.8206440022202415,-6.067324787585111,-1.5066384292702608,False,True,False,False,,,26.568539582253436,28.803294730647696,22.099029285464916,False,False,,,False,218178.0,241878.4,0.902015227486208,False,1220577400.0,5.09,239.79909626719058,-8.507462686567157,7.3300165837479305,-17.534248622954994,21.040723981900438,15.158371040724013,False,115.91,False,True,False,False,True,False
1324,002860,星帅尔,C 制造业,腾讯前复权日K回退（成交额、换手率已提供）,False,2026-08-03,15.51,17.738,16.936,False,False,True,False,19.88,-21.981891348088528,False,44.501274507466185,0.6335753226127849,0.8265850912056626,-0.3860195371857553,False,True,False,False,,,66.78555090168085,78.4846284838804,43.387395737281764,False,False,,,False,294848.0,330790.6,0.8913433453066684,False,462602100.0,8.57,53.97924154025671,-7.014388489208634,7.494004796163059,-8.419933868682099,3.1999999999999362,21.599999999999998,False,19.88,False,False,False,False,False,False
1325,002861,瀛通通讯,C 制造业,腾讯前复权日K回退（成交额、换手率已提供）,False,2026-08-03,15.05,14.55,17.1655,True,False,False,False,23.09,-34.82026851450844,False,34.6282068076861,-1.455589253689455,-1.2246814762396274,-0.4618155548996552,False,True,False,False,,,7.877693756681128,9.641234457780913,4.350612354481559,False,False,,,False,68907.0,82001.0,0.84031902049975,False,102657300.0,4.59,22.36542483660131,3.2944406314344477,4.323953328757726,-12.324138533686758,14.285714285714246,85.71428571428575,True,23.7,False,False,False,False,True,False
1326,002862,实丰文化,C 制造业,腾讯前复权日K回退（成交额、换手率已提供）,False,2026-08-03,13.27,12.962,12.561,True,True,True,True,13.69,-3.067932797662527,False,53.09741288501661,-0.26223902842562197,-0.5007187934412524,0.4769595300312608,True,False,False,False,2026-07-06,20.0,19.966326816584,15.847803076040194,28.203374297671616,False,False,2026-07-22,8.0,True,42039.0,38798.8,1.0835128921513035,False,55611700.0,3.27,17.006636085626912,-1.1913626209977712,3.499627699180943,5.644455059310562,21.276595744680744,51.06382978723401,False,19.67,False,False,False,False,False,False
1327,002863,今飞凯达,C 制造业,腾讯前复权日K回退（成交额、换手率已提供）,False,2026-08-03,4.47,4.316,4.244999999999999,True,True,True,True,4.57,-2.1881838074398363,False,55.489213457860565,-0.06260063686490636,-0.11350161713597057,0.10180196054212842,True,False,False,False,,,18.527653255433385,13.870404315774815,27.842151134750527,False,False,2026-07-27,5.0,True,90131.0,94261.4,0.9561814273923367,False,39815600.0,1.5,26.543733333333336,2.995391705069128,3.456221198156691,5.300353356890473,6.666666666667101,93.3333333333329,True,5.76,False,True,False,False,False,False
1328,002864,盘龙药业,C 制造业,腾讯前复权日K回退（成交额、换手率已提供）,False,2026-08-03,20.89,20.619999999999997,21.7065,True,False,False,True,25.19,-17.070265978562922,False,47.1007445905408,-0.2508533620343627,-0.09387743966589165,-0.3139518447369421,False,True,False,False,,,24.918624642206186,26.258162219594222,22.239549487430118,False,False,,,False,18474.0,29237.0,0.6318705749563909,False,38504800.0,1.87,20.590802139037432,0.9666505558240557,1.4016433059449138,-3.7615460806670713,17.24137931034491,82.75862068965509,True,25.19,False,False,False,False,False,False
1329,002865,钧达股份,C 制造业,腾讯前复权日K回退（成交额、换手率已提供）,False,2026-08-03,41.83,40.995999999999995,44.854,True,False,False,False,60.16,-30.46875,False,35.185836562595824,-5.309618682037858,-5.956453502468403,1.29366964086109,True,False,False,False,2026-07-27,5.0,5.221162511616629,5.192894804589762,5.277697925670362,True,False,2026-08-03,0.0,True,100694.0,81163.6,1.2406300361245681,False,417917600.0,4.5,92.87057777777778,3.8738515023590603,6.059101067792396,-6.741873634458467,25.81967213114767,74.18032786885233,True,110.63,False,True,False,False,False,False
1330,002866,传艺科技,C 制造业,腾讯前复权日K回退（成交额、换手率已提供）,False,2026-08-03,15.07,14.696000000000002,14.396,True,True,True,True,16.02,-5.9300873907615435,False,48.30358369104087,-0.5730674929124948,-0.8544303359866172,0.5627256861482448,True,False,False,False,2026-07-20,10.0,8.750274579133452,7.35379103513563,11.543241667129093,False,False,2026-07-29,3.0,True,143677.0,147489.8,0.9741487207928956,False,215307500.0,7.93,27.151008827238336,0.8026755852842848,3.143812709030105,4.681856071130866,14.893617021276636,85.10638297872336,True,30.0,False,True,False,False,True,False
1331,002867,周大生,F 批发零售,腾讯前复权日K回退（成交额、换手率已提供）,False,2026-08-03,13.02,12.678,12.0545,True,True,True,True,12.95,0.5405405405405428,True,74.42632946895571,0.3641101028548128,0.268149228673759,0.19192174836210762,True,False,False,False,,,79.92344356353688,71.83143387721009,96.10746293619047,False,False,,,False,100968.0,82040.6,1.230707722761657,False,130849400.0,0.94,139.20148936170213,0.7739938080495223,2.1671826625387083,8.009457049234713,14.285714285714556,85.71428571428544,True,12.95,True,False,False,False,False,False
1332,002868,绿康生化,C 制造业,腾讯前复权日K回退（成交额、换手率已提供）,False,2026-08-03,22.16,21.946,22.9635,True,False,False,False,27.5,-19.418181818181818,False,41.71449325754645,-1.050591042443802,-1.1452243740045909,0.18926666312157758,True,False,False,False,,,5.039451899068248,5.608799736231295,3.900756224742155,False,False,,,False,14041.0,16920.0,0.8298463356973995,False,30787100.0,1.31,23.501603053435115,3.0697674418604715,3.9534883720930134,-3.4990310710475305,4.705882352941089,95.29411764705891,True,44.62,False,False,False,False,False,False
1333,002869,金溢科技,C 制造业,腾讯前复权日K回退（成交额、换手率已提供）,False,2026-08-03,15.85,15.588,14.779000000000002,True,True,True,True,16.49,-3.8811400848999327,False,52.97161062235508,-0.4126097776876545,-0.7417241620005217,0.6582287686257344,True,False,False,False,2026-07-27,5.0,16.38972952191395,13.170358224469894,22.82847211680206,False,False,2026-07-23,7.0,True,29318.0,52179.2,0.5618713970317675,False,46122900.0,1.86,24.79725806451613,2.3240800516462157,2.1949644932214323,7.24676906421272,0.0,100.0,True,21.3,False,False,False,False,False,False
1334,002870,香山股份,C 制造业,腾讯前复权日K回退（成交额、换手率已提供）,False,2026-08-03,38.24,38.274,38.5715,False,False,False,False,42.98,-11.028385295486261,False,47.17084967800945,-0.2563421539519979,-0.2126289872608235,-0.08742633338234879,False,True,False,False,,,37.71334625561784,39.80358654978269,33.53286566728815,False,False,,,False,17079.0,25071.8,0.6812035833087373,False,65734900.0,1.32,49.79916666666666,0.10471204188482464,3.4816753926701707,-0.8594428528836014,55.639097744360825,17.293233082706998,False,44.79,False,False,False,False,True,False
1335,002871,伟隆股份,C 制造业,腾讯前复权日K回退（成交额、换手率已提供）,False,2026-08-03,15.15,15.292000000000002,17.009999999999998,False,False,False,False,21.7,-30.18433179723502,False,36.37891415896642,-1.3641812299468228,-1.2852448053752215,-0.15787284914320265,False,True,False,False,,,13.78927410719794,15.31816189277739,10.731498536039041,False,False,,,False,31012.0,35393.0,0.8762184612776538,False,47114500.0,2.08,22.651201923076922,-1.8782383419689075,4.339378238341968,-10.934744268077589,34.32835820895529,22.388059701492594,False,23.76,False,False,False,False,True,False
1336,002872,ST天圣,C 制造业,腾讯前复权日K回退（成交额、换手率已提供）,False,2026-08-03,5.05,4.944,4.8345,True,True,True,True,5.11,-1.1741682974559784,False,57.51700552201038,0.0036643660445774273,-0.03541340898861371,0.07815555006638228,True,False,False,False,2026-07-27,5.0,46.887307174073605,41.75103020066546,57.159861120889886,False,False,,,False,15948.0,18909.8,0.8433722196956076,False,7995900.0,0.74,10.805270270270272,2.020202020202011,2.2222222222222103,4.457544730582264,9.090909090908944,90.90909090909105,True,5.65,False,False,False,False,False,False
1337,002873,新天药业,C 制造业,腾讯前复权日K回退（成交额、换手率已提供）,False,2026-08-03,7.83,7.636,7.647999999999999,True,True,False,True,8.51,-7.990599294947118,False,52.07093158584181,-0.09736767876823027,-0.14262091519127248,0.09050647284608443,True,False,False,False,2026-07-28,4.0,10.250770121196426,8.924523441182652,12.903263481223977,False,False,2026-07-31,1.0,True,50672.0,71602.0,0.7076897293371693,False,39330600.0,2.11,18.640094786729858,1.953125,2.2135416666666656,2.379707112970728,0.0,100.0,True,10.17,False,False,False,False,False,False
1338,002875,安奈儿,C 制造业,腾讯前复权日K回退（成交额、换手率已提供）,False,2026-08-03,12.67,12.291999999999998,12.316500000000001,True,True,False,True,15.05,-15.813953488372098,False,43.704796152842285,-0.952545145777222,-1.2645301497217676,0.6239700078890911,True,False,False,False,2026-07-24,6.0,10.617586995147798,8.601488570023685,14.649783845396026,False,False,2026-07-21,9.0,True,32768.0,50482.6,0.6490949356808089,False,41241300.0,1.54,26.780064935064935,1.7670682730923648,2.489959839357434,2.870133560670633,0.0,100.0,True,26.12,False,False,False,False,False,False
1339,002876,三利谱,C 制造业,腾讯前复权日K回退（成交额、换手率已提供）,False,2026-08-03,26.04,26.502,27.446499999999997,False,False,False,False,33.69,-22.707034728406054,False,39.47403893013109,-1.2758418167091783,-1.3366581231399937,0.12163261286163074,True,False,False,False,2026-07-31,1.0,26.473001299682092,26.551497592002164,26.316008715041946,False,True,,,False,29593.0,38991.8,0.7589544468324109,False,77351200.0,1.99,38.86994974874372,-2.2522522522522626,3.603603603603607,-5.124514965478286,28.124999999999932,22.916666666666526,False,35.54,False,False,False,False,False,False
1340,002877,智能自控,C 制造业,腾讯前复权日K回退（成交额、换手率已提供）,False,2026-08-03,7.2,6.944,6.8805,True,True,True,True,7.46,-3.4852546916890055,False,54.01363991762367,-0.13624641923278524,-0.21811035564413875,0.163727872822707,True,False,False,False,2026-07-23,7.0,19.706400828083602,14.974193349680343,29.17081578489012,False,False,2026-07-23,7.0,True,41764.0,46788.4,0.8926144086995922,False,29797399.999999996,1.74,17.12494252873563,2.857142857142869,3.1428571428571397,4.643557880967961,9.090909090908909,90.90909090909109,True,9.48,False,False,False,False,False,False
1341,002878,元隆雅图,L 商务服务,腾讯前复权日K回退（成交额、换手率已提供）,False,2026-08-03,12.32,11.908,11.391,True,True,True,True,12.35,-0.24291497975707987,False,55.68600051800609,-0.21184144597589238,-0.4632438140268149,0.5028047361018451,True,False,False,False,,,12.660221226576352,9.640348314007108,18.69996705171484,False,False,2026-07-28,4.0,True,70179.0,74151.8,0.9464234179075895,False,85831900.0,2.97,28.899629629629626,1.1494252873563315,3.2840722495894794,8.155561408129227,9.999999999999822,90.00000000000018,True,20.5,False,False,False,False,False,False
1342,002879,长缆科技,C 制造业,腾讯前复权日K回退（成交额、换手率已提供）,False,2026-08-03,17.88,17.419999999999998,14.905000000000001,True,True,True,False,20.86,-14.285714285714288,False,61.53652415520758,0.9229876071942353,0.5507051288357019,0.7445649567170669,True,False,False,False,,,48.63625310130893,46.05760101784969,53.7935572682274,False,False,2026-07-21,9.0,True,252219.0,434822.0,0.5800511473660487,False,431019200.0,18.39,23.437694399129963,10.03076923076922,11.692307692307685,19.95974505199596,0.0,100.0,True,20.86,False,False,False,False,False,True
1343,002880,卫光生物,C 制造业,腾讯前复权日K回退（成交额、换手率已提供）,False,2026-08-03,20.18,19.753999999999998,20.361,True,False,False,True,22.56,-10.549645390070918,False,45.73103748717385,-0.603917705887028,-0.6815100444682978,0.15518467716253959,True,False,False,False,2026-07-31,1.0,13.072631560992178,10.122735073711112,18.97242453555431,False,False,2026-07-29,3.0,True,9949.0,13457.6,0.7392848650576626,False,20083500.0,0.44,45.64431818181818,1.3052208835341306,1.9076305220883483,-0.8889543735572955,31.578947368421396,68.4210526315786,False,26.99,False,True,False,False,True,False
1344,002881,美格智能,C 制造业,腾讯前复权日K回退（成交额、换手率已提供）,False,2026-08-03,36.27,36.068000000000005,37.795,True,False,False,False,43.86,-17.305061559507514,False,45.0644261191351,-0.8434651221519047,-0.548265670960411,-0.5903989023829874,False,True,False,False,,,15.49271188964525,21.088332266345265,4.301471136245219,False,False,,,False,76199.0,95736.4,0.795925060896378,False,274268300.0,4.16,65.9298798076923,3.3333333333333437,5.555555555555544,-4.034925254663311,19.487179487179297,80.51282051282071,True,49.89,False,True,False,False,True,False
1345,002882,金龙羽,C 制造业,腾讯前复权日K回退（成交额、换手率已提供）,False,2026-08-03,23.98,21.142000000000003,18.241,True,True,True,True,23.29,2.962644911979396,True,75.02547711182102,0.4730637313810746,-0.44223532335509846,1.830598109472346,True,False,False,False,2026-07-21,9.0,36.633196005740096,24.110149215350663,61.679289586518955,False,False,,,False,283813.0,123699.4,2.294376528907982,True,646136000.0,11.5,56.18573913043478,6.106194690265476,16.637168141592927,31.462090894139582,22.34042553191488,77.65957446808513,True,27.21,False,False,False,False,False,True
1346,002883,*ST中设,M 科研服务,腾讯前复权日K回退（成交额、换手率已提供）,False,2026-08-03,8.65,8.482,8.4485,True,True,True,True,9.0,-3.888888888888885,False,52.654486041065326,-0.0826158721014103,-0.13143006608144264,0.09762838796006468,True,False,False,False,2026-07-24,6.0,20.278196743034183,17.222322892259466,26.389944444583612,False,False,2026-07-27,5.0,True,12758.0,7992.8,1.59618656791112,False,10916900.0,0.83,13.15289156626506,2.004716981132071,2.5943396226415167,2.385038764277696,0.0,100.0,True,10.43,False,False,False,False,False,False
1347,002884,凌霄泵业,C 制造业,腾讯前复权日K回退（成交额、换手率已提供）,False,2026-08-03,16.48,16.381999999999998,16.1185,True,True,True,True,16.58,-0.6031363088057773,False,58.6202957084738,0.09995296291117128,0.04116587903712747,0.11757416774808763,True,False,False,False,,,43.25124852648719,40.901346075472595,47.951053428516374,False,False,,,False,23030.0,21181.8,1.087254152149487,False,37835700.0,0.84,45.0425,1.4153846153846183,1.6615384615384587,2.2427645252349753,7.407407407407261,92.59259259259274,True,18.18,False,False,False,False,False,False
1348,002885,京泉华,C 制造业,腾讯前复权日K回退（成交额、换手率已提供）,False,2026-08-03,23.34,23.504,27.9065,False,False,False,False,43.56,-46.41873278236915,False,31.16563077548831,-3.9690194622031427,-3.902114473895635,-0.1338099766150158,False,True,False,False,,,7.119206314149438,9.038481166486571,3.280656609475173,False,False,,,False,143679.0,146922.0,0.9779270633397313,False,337690400.0,6.06,55.72448844884489,0.3008165019338316,3.695745595186933,-16.363571211008193,46.511627906976614,20.930232558139515,False,55.77,False,False,False,False,False,False
1349,002886,沃特股份,C 制造业,腾讯前复权日K回退（成交额、换手率已提供）,False,2026-08-03,17.57,17.468,19.341,True,False,False,False,27.97,-37.18269574544154,False,32.74186637909051,-2.3409482386532368,-2.4604568563600093,0.23901723541354514,True,False,False,False,2026-07-31,1.0,10.240804866702689,10.278431217879474,10.16555216434912,False,False,,,False,89666.0,87651.6,1.0229818965084494,False,157807900.0,4.29,36.785058275058276,0.8610792192881744,2.9276693455797815,-9.156713716974307,39.21568627450982,60.78431372549018,False,34.75,False,False,False,False,False,False
1350,002887,绿茵生态,N 公共环保,腾讯前复权日K回退（成交额、换手率已提供）,False,2026-08-03,9.56,9.495999999999999,9.843,True,False,False,False,11.08,-13.718411552346566,False,41.60096957482963,-0.42174190234997333,-0.47021419217755445,0.09694457965516223,True,False,False,False,2026-07-21,9.0,10.131575748585094,10.525616719708275,9.343493806338735,False,False,,,False,27851.0,33870.8,0.8222716912502804,False,26546500.0,1.28,20.739453125,1.1640211640211673,2.0105820105820054,-2.8751396931829674,31.57894736842046,68.42105263157954,False,15.7,False,False,False,False,True,False
1351,002888,惠威科技,C 制造业,腾讯前复权日K回退（成交额、换手率已提供）,False,2026-08-03,15.8,15.709999999999999,16.305500000000002,True,False,False,False,20.79,-24.001924001923996,False,40.27673560446291,-1.0910948216082943,-1.2180955349280123,0.2540014266394359,True,False,False,False,2026-07-30,2.0,17.968611838199184,16.189000958809668,21.52783359697822,False,False,2026-07-23,7.0,True,24506.0,31674.8,0.7736749719019537,False,38274400.0,3.27,11.704709480122323,0.9584664536741228,2.2364217252396257,-3.100180920548289,0.0,100.0,True,25.61,False,False,False,False,False,False
1352,002889,东方嘉盛,L 商务服务,腾讯前复权日K回退（成交额、换手率已提供）,False,2026-08-03,11.96,12.315999999999999,11.642999999999999,False,True,True,True,13.57,-11.864406779661014,False,54.4506854276998,0.18706083933244066,0.08551958599351846,0.20308250667784442,True,False,False,False,2026-07-28,4.0,50.518174908723275,47.09207281810339,57.37037908996305,False,False,,,False,75257.0,125962.0,0.5974579635128054,False,89856000.0,3.0,29.952,-1.3201320132013028,2.0627062706270625,2.72266597955855,7.9999999999998295,40.00000000000057,False,14.11,False,False,False,False,True,False
1353,002890,弘宇股份,C 制造业,腾讯前复权日K回退（成交额、换手率已提供）,False,2026-08-03,13.21,13.197999999999999,13.304999999999998,True,False,False,True,16.23,-18.60751694393099,False,46.43334712802327,-0.432319686431029,-0.5252118973934697,0.18578442192488143,True,False,False,False,2026-07-29,3.0,24.45651048969813,22.324438486132262,28.72065449682986,False,False,2026-07-27,5.0,True,16907.0,26470.8,0.6387037792586548,False,22235700.0,1.05,21.17685714285714,1.4592933947772835,2.534562211981567,-0.7140172867342887,27.272727272727227,72.72727272727278,True,17.79,False,True,False,False,True,False
1354,002891,中宠股份,C 制造业,腾讯前复权日K回退（成交额、换手率已提供）,False,2026-08-03,32.25,32.274,29.267999999999994,False,True,True,True,34.68,-7.006920415224912,False,61.02438316064289,1.090042102651367,0.597732191806914,0.9846198216889059,True,False,False,False,,,38.35913956584068,33.727425398171334,47.622567901179366,False,False,,,False,134861.0,203070.4,0.6641095895807563,False,437429300.0,4.19,104.39840095465394,-3.0949519230769273,4.176682692307694,10.188601886018885,26.61870503597154,15.827338129496315,False,34.68,False,False,False,False,True,False
1355,002892,科力尔,C 制造业,腾讯前复权日K回退（成交额、换手率已提供）,False,2026-08-03,9.85,9.424,9.185500000000001,True,True,True,True,9.87,-0.20263424518743237,False,59.23334571509465,-0.07423512633999785,-0.19747580464447514,0.2464813566089546,True,False,False,False,2026-07-06,20.0,23.914734341489545,18.419440637522612,34.90532174942341,False,False,2026-07-29,3.0,True,89248.0,74942.6,1.1908847571341266,False,87381900.0,1.78,49.09095505617977,3.6842105263157787,3.6842105263158045,7.234227859125779,8.57142857142886,91.42857142857113,True,12.33,False,False,False,False,True,False
1356,002893,京能热力,D 水电煤气,腾讯前复权日K回退（成交额、换手率已提供）,False,2026-08-03,9.8,9.581999999999999,9.4455,True,True,True,True,9.97,-1.7051153460381134,False,53.475104049619624,-0.09324046672671926,-0.17940094315922558,0.17232095286501264,True,False,False,False,2026-07-09,17.0,15.532156758991585,13.238691767830455,20.119086741313847,False,False,2026-07-29,3.0,True,77185.0,54138.0,1.42570837489379,False,75226900.0,3.81,19.74459317585302,1.6597510373443924,2.0746887966805088,3.7531099465354045,4.999999999999867,95.00000000000013,True,12.99,False,False,False,False,True,False
1357,002895,川恒股份,C 制造业,腾讯前复权日K回退（成交额、换手率已提供）,False,2026-08-03,34.19,34.910000000000004,32.0405,False,True,True,False,35.88,-4.710144927536245,False,58.49942985051375,1.040130329497245,0.6837648018770227,0.7127310552404447,True,False,False,False,2026-07-15,13.0,57.093418587227035,53.73075926559782,63.81873723048547,False,False,,,False,74144.0,81013.0,0.9152111389530075,False,257273800.0,1.24,207.47887096774193,-1.0992189759907456,4.165461382701758,6.708696805605394,57.638888888888864,5.555555555555445,False,36.1,False,False,False,False,True,False
1358,002896,中大力德,C 制造业,腾讯前复权日K回退（成交额、换手率已提供）,False,2026-08-03,71.76,63.984,67.348,True,True,False,True,88.48,-18.896925858951175,False,53.798558719757466,-3.2660134965247067,-3.889958403656175,1.2478898142629369,True,False,True,False,,,18.61790224434026,11.581445614019913,32.69081550498096,False,False,2026-07-31,1.0,True,75384.0,64525.2,1.1682877387439325,False,535050100.0,3.84,139.33596354166667,9.993868792152071,4.383813611281422,6.551048286511858,0.0,100.0,True,95.28,False,False,False,False,False,True
1359,002897,意华股份,C 制造业,腾讯前复权日K回退（成交额、换手率已提供）,False,2026-08-03,49.76,52.54200000000001,66.222,False,False,False,False,91.0,-45.31868131868132,False,32.34268109266284,-7.810745362757245,-6.345286355456638,-2.9309180146012146,False,True,False,False,,,4.910958906576528,9.455919080350233,-4.178961440970884,False,False,,,False,113223.0,120565.4,0.9391002725491725,False,573540500.0,6.14,93.41050488599348,-4.2708734128510955,6.906502500961902,-24.858808251034397,54.874651810584986,10.58495821727008,False,104.0,False,True,False,False,False,False
1360,002899,英派斯,C 制造业,腾讯前复权日K回退（成交额、换手率已提供）,False,2026-08-03,19.17,18.298,19.1405,True,True,False,True,23.2,-17.370689655172402,False,43.383385768292705,-1.2829487671408017,-1.5185437876132823,0.4711900409449612,True,False,False,False,2026-07-28,4.0,9.026671556786654,7.444584284811724,12.190846100736517,False,False,2026-07-31,1.0,True,47304.0,39452.6,1.199008430369608,False,90502099.99999999,3.2,28.28190624999999,3.3423180592991875,9.595687331536395,0.1541234555001296,53.37078651685386,46.629213483146145,False,35.8,False,True,False,False,True,False
1361,002900,哈三联,C 制造业,腾讯前复权日K回退（成交额、换手率已提供）,False,2026-08-03,11.27,11.814000000000002,10.9375,False,True,True,False,13.61,-17.193240264511388,False,52.37512169765944,0.4375230730344999,0.40180823496974205,0.07142967612951567,True,False,False,False,,,57.710282216691574,61.63898630894476,49.8528740321852,False,False,,,False,148591.0,319229.0,0.46546836283670967,False,167092100.0,9.22,18.122787418655097,-1.6579406631762716,3.752181500872598,3.039999999999996,25.581395348837095,30.23255813953467,False,13.61,False,False,False,False,False,False
1362,002901,大博医疗,C 制造业,腾讯前复权日K回退（成交额、换手率已提供）,False,2026-08-03,42.7,43.608000000000004,44.6445,False,False,False,False,48.74,-12.392285597045545,False,44.64330826639994,0.11624945564160072,0.47406992169870094,-0.7156409321142004,False,True,False,False,,,45.846804551459826,50.39614109729791,36.748131459783664,False,False,,,False,19669.0,18440.4,1.0666254528101342,False,84369700.0,0.68,124.07308823529411,-1.157407407407407,2.291666666666671,-4.355519716874414,25.252525252525203,24.242424242424395,False,48.74,False,False,False,False,False,False
1363,002902,铭普光磁,C 制造业,腾讯前复权日K回退（成交额、换手率已提供）,False,2026-08-03,22.88,21.254,23.2175,True,False,False,True,28.94,-20.939875604699385,False,44.020228021802254,-2.1609624731993264,-2.357887387910262,0.3938498294218711,True,False,False,False,2026-07-31,1.0,12.722006526240401,12.222767416443562,13.720484745834082,True,False,2026-08-03,0.0,True,203549.0,119074.8,1.709421304927659,False,444027100.0,11.46,38.745820244328094,9.999999999999986,11.394230769230756,-1.4536448799397097,0.0,100.0,True,43.03,False,True,True,False,False,True
1364,002903,宇环数控,C 制造业,腾讯前复权日K回退（成交额、换手率已提供）,False,2026-08-03,23.43,23.688,27.3555,False,False,False,False,43.59,-46.249139710942885,False,32.21838846065981,-4.726187269342503,-5.033688672261959,0.6150028058389108,True,False,False,False,2026-07-30,2.0,10.173872739713367,10.365716382251751,9.7901854546366,False,False,,,False,111782.0,133854.8,0.8350989280922314,False,261974800.0,10.48,24.997595419847325,-1.1809363137916584,4.765921552087722,-14.349947908098917,57.52212389380523,35.39823008849548,False,54.9,False,True,False,False,True,False
1365,002905,金逸影视,R 文化传播,腾讯前复权日K回退（成交额、换手率已提供）,False,2026-08-03,7.5,7.306,7.2295,True,True,True,True,7.97,-5.8971141781681276,False,54.52641152127177,-0.036020351830962305,-0.09288019531819007,0.11371968697445553,True,False,False,False,,,14.586796275860792,12.762957787121215,18.234473253339946,False,False,2026-07-29,3.0,True,50814.0,48135.2,1.0556515813791156,False,37730700.0,1.45,26.021172413793106,1.9021739130434812,2.58152173913044,3.741614219517259,0.0,100.0,True,9.59,False,False,False,False,False,False
1366,002906,华阳集团,C 制造业,腾讯前复权日K回退（成交额、换手率已提供）,False,2026-08-03,25.94,25.078,24.1655,True,True,True,True,26.43,-1.853953840332949,False,57.587356745858614,-0.24640066753574885,-0.6480448976917363,0.803288460311975,True,False,False,False,2026-07-21,9.0,25.998855818666254,20.00677573443467,37.98301598712942,False,False,2026-07-21,9.0,True,53908.0,57512.8,0.9373217788040227,False,139885300.0,1.03,135.8109708737864,2.2467481277098855,3.8234134804887616,7.343113115805588,30.927835051546136,69.07216494845386,False,32.68,False,False,False,False,True,False
1367,002907,华森制药,C 制造业,腾讯前复权日K回退（成交额、换手率已提供）,False,2026-08-03,12.89,12.644,13.275,True,False,False,True,15.13,-14.805023132848646,False,47.92896537825281,-0.2052524738226058,-0.12185506800358431,-0.166794811638043,False,True,False,False,,,34.78024398161788,34.03430825862003,36.272115427613585,True,False,,,False,25025.0,45241.0,0.5531486925576358,False,32162800.000000004,0.75,42.88373333333334,1.0188087774294807,1.9592476489028214,-2.9001883239171358,3.9999999999999147,96.00000000000009,True,15.13,False,False,False,False,False,False
1368,002908,德生科技,I 信息技术,腾讯前复权日K回退（成交额、换手率已提供）,False,2026-08-03,6.81,6.651999999999999,6.4334999999999996,True,True,True,True,6.84,-0.4385964912280738,False,56.70751854502189,-0.048318462426278685,-0.13614829196525877,0.17565965907796016,True,False,False,False,,,17.021665373080822,13.001541268258483,25.0619135827255,False,False,2026-07-28,4.0,True,93724.0,55550.4,1.687188571099398,False,63226000.0,2.91,21.72714776632302,0.8888888888888724,2.3703703703703725,5.85217999533691,18.75000000000014,81.24999999999987,True,8.76,False,False,False,False,True,False
1369,002909,集泰股份,C 制造业,腾讯前复权日K回退（成交额、换手率已提供）,False,2026-08-03,4.93,4.734,4.649500000000001,True,True,True,True,5.14,-4.085603112840467,False,53.58481143790013,-0.1268516855849251,-0.2029905172856107,0.15227766340137122,True,False,False,False,2026-07-24,6.0,19.4379451754339,15.488467371046314,27.336900784209075,False,False,2026-07-23,7.0,True,58295.0,70558.6,0.8261926965671087,False,28293000.0,1.53,18.492156862745098,4.008438818565385,4.008438818565409,6.032906764168169,5.263157894737187,94.73684210526281,True,7.16,False,False,False,False,True,False
1370,002910,庄园牧场,C 制造业,腾讯前复权日K回退（成交额、换手率已提供）,False,2026-08-03,8.72,8.408,9.1615,True,False,False,True,12.87,-32.24553224553224,False,44.19708900004427,-0.6450331706922849,-0.6702697976753806,0.0504732539661914,True,False,True,False,,,15.806561377419746,13.309538225175482,20.80060768190827,False,False,2026-07-29,3.0,True,121621.0,140748.0,0.864104640918521,False,104287400.0,7.11,14.667707454289731,2.5882352941176467,5.411764705882343,-4.819079845003542,13.043478260869312,86.9565217391307,True,13.41,False,False,False,False,False,False
1371,002911,佛燃能源,D 水电煤气,腾讯前复权日K回退（成交额、换手率已提供）,False,2026-08-03,11.72,11.453999999999999,10.729000000000001,True,True,True,True,11.68,0.34246575342466545,True,65.93268416915211,0.2947502876971164,0.16049107542878094,0.26851842453667096,True,False,False,False,,,36.592888171390136,33.20775572424669,43.363153065677025,False,False,,,False,73254.0,95575.2,0.7664540592120132,False,85414300.0,0.58,147.26603448275864,3.0782761653474155,3.0782761653474027,9.236648336284832,8.571428571428399,91.4285714285716,True,12.31,False,False,False,False,False,False
1372,002912,中新赛克,I 信息技术,腾讯前复权日K回退（成交额、换手率已提供）,False,2026-08-03,19.12,18.654,17.983,True,True,True,True,19.08,0.2096436058700351,True,57.30913216742431,-0.1618156842780003,-0.4476645589857814,0.5716977494155622,True,False,False,False,,,18.854943219768742,14.717060483741164,27.130708691823898,False,False,2026-07-22,8.0,True,20984.0,30122.2,0.6966290642781735,False,39915800.0,1.29,30.942480620155038,0.6315789473684275,2.2105263157894828,6.322638047044434,16.666666666666664,83.33333333333334,True,25.09,False,True,False,True,False,False
1373,002913,奥士康,C 制造业,腾讯前复权日K回退（成交额、换手率已提供）,False,2026-08-03,40.73,40.251999999999995,46.138,True,False,False,False,58.84,-30.77838205302516,False,37.329578827068474,-4.350590395391642,-3.971191490441405,-0.7587978099004733,False,True,False,False,,,14.469705873327145,16.74139895779967,9.926319704382095,False,False,,,False,70679.0,72939.0,0.9690152044859403,False,283513500.0,2.31,122.73311688311688,3.270791075050705,5.933062880324553,-11.721357666132041,26.06837606837631,73.93162393162369,True,70.66,False,False,False,False,False,False
1374,002915,中欣氟材,C 制造业,腾讯前复权日K回退（成交额、换手率已提供）,False,2026-08-03,16.44,15.972,16.6025,True,False,False,True,21.47,-23.42803912435956,False,43.805738959243506,-0.9846992643172854,-1.1044823682300955,0.23956620782562021,True,False,False,False,2026-07-31,1.0,14.313561752552971,12.370724732958342,18.19923579174223,False,False,2026-07-23,7.0,True,54193.0,60692.2,0.892915399342914,False,88447800.0,1.88,47.04670212765958,1.985111662531014,3.1637717121588187,-0.9787682577924884,0.0,100.0,True,25.41,False,False,False,False,False,False
1375,002916,深南电路,C 制造业,腾讯前复权日K回退（成交额、换手率已提供）,False,2026-08-03,302.31,305.784,356.28900000000004,False,False,False,False,459.8,-34.25184862983906,False,38.189429050203266,-26.943417459845705,-20.69435813244968,-12.498118654792052,False,True,False,False,,,36.362268740203255,40.24604202534845,28.594722169912856,False,False,,,False,93624.0,127779.0,0.7327025567581528,False,2834951400.0,1.41,2010.6038297872342,-1.847402597402592,5.389610389610397,-15.150341436305931,44.277108433735016,50.783132530120454,False,484.57,False,True,False,False,False,False
1376,002917,金奥博,C 制造业,腾讯前复权日K回退（成交额、换手率已提供）,False,2026-08-03,10.48,10.146,9.9525,True,True,True,True,11.17,-6.177260519247981,False,53.02155266228228,-0.24468555316305363,-0.40238701317166176,0.31540292001721626,True,False,False,False,,,13.943784185590701,10.525056152580877,20.78124025161035,False,False,2026-07-27,5.0,True,31236.0,28543.6,1.0943258734006924,False,32367800.000000004,1.2,26.97316666666667,2.34375,3.6132812500000098,5.30017583521728,0.0,100.0,True,15.0,False,False,False,False,False,False
1377,002918,蒙娜丽莎,C 制造业,腾讯前复权日K回退（成交额、换手率已提供）,False,2026-08-03,9.53,9.258,9.067499999999999,True,True,True,True,10.47,-8.978032473734492,False,49.473009837255944,-0.36921764527934364,-0.541519401788465,0.34460351301824277,True,False,False,False,2026-07-16,12.0,11.427662656564914,9.770864190598353,14.741259588498039,False,False,2026-07-22,8.0,True,131861.0,142969.0,0.9223048353139491,False,125086000.0,6.16,20.30616883116883,3.925845147219187,3.2715376226826685,5.100634132892202,40.000000000000234,59.999999999999766,False,18.55,False,True,False,False,False,False
1378,002919,名臣健康,I 信息技术,腾讯前复权日K回退（成交额、换手率已提供）,False,2026-08-03,16.93,16.064,17.403,True,False,False,True,22.65,-25.253863134657834,False,45.207609864117565,-1.067793024157254,-1.1044676853639335,0.07334932241335901,True,False,True,False,,,9.051043127970772,7.866317310843205,11.420494762225905,True,False,2026-08-03,0.0,True,50448.0,41668.2,1.2107074459659886,False,84313400.0,1.91,44.14314136125654,5.090006207324649,6.393544382371183,-2.717922197322295,21.359223300970815,78.64077669902919,True,27.32,False,False,False,False,False,False
1379,002920,德赛西威,C 制造业,腾讯前复权日K回退（成交额、换手率已提供）,False,2026-08-03,93.41,88.902,85.1805,True,True,True,True,93.49,-0.0855706492672995,False,62.17224872440308,0.4900754533390739,-1.0129391668864405,3.0060292404510287,True,False,False,False,,,33.613045724092096,25.771546807274117,49.29604355772805,False,False,2026-07-28,4.0,True,106426.0,99960.6,1.0646794837165843,False,992364100.0,1.78,557.5079213483145,1.0383991346673893,3.126014061654949,9.66124875998615,30.449826989619705,69.55017301038029,False,114.96,False,False,False,False,False,False
1380,002921,联诚精密,C 制造业,腾讯前复权日K回退（成交额、换手率已提供）,False,2026-08-03,20.34,20.358,22.919500000000003,False,False,False,False,29.85,-31.859296482412063,False,39.13563029529993,-1.5821340228488836,-1.420673068134225,-0.3229219094293172,False,True,False,False,,,10.78677632400976,10.991563986765165,10.37720099849895,False,True,,,False,119641.0,97002.8,1.2333767685056514,False,239292900.0,9.31,25.702781954887218,-3.966005665722383,6.987724268177511,-11.25460852112831,25.675675675675663,50.0,False,33.26,False,True,False,False,True,False
1381,002922,伊戈尔,C 制造业,腾讯前复权日K回退（成交额、换手率已提供）,False,2026-08-03,23.96,23.728,25.407,True,False,False,False,32.89,-27.151109759805408,False,37.49790859200313,-2.362539636115727,-2.67048996428794,0.6159006563444258,True,False,False,False,2026-07-27,5.0,10.777057588614314,10.620104281004801,11.090964203833341,True,False,2026-08-03,0.0,True,159648.0,158619.2,1.0064859739552336,False,384384500.0,4.23,90.8710401891253,1.139721401435212,3.588011819333043,-5.695280828118232,70.58823529411757,29.411764705882426,False,48.57,False,False,False,False,True,False
1382,002923,润都股份,C 制造业,腾讯前复权日K回退（成交额、换手率已提供）,False,2026-08-03,10.49,10.412,10.663,True,False,False,False,12.14,-13.591433278418455,False,48.95835978109214,-0.059346781252015646,-0.024259201226579492,-0.0701751600508723,False,True,False,False,,,14.104486929421475,14.454534920447117,13.404390947370189,False,False,,,False,49677.0,81022.6,0.613125226788575,False,51850000.0,1.92,27.005208333333336,1.352657004830915,1.9323671497584474,-1.6224327112444907,14.999999999999734,85.00000000000027,True,13.35,False,False,False,False,False,False
1383,002925,盈趣科技,C 制造业,腾讯前复权日K回退（成交额、换手率已提供）,False,2026-08-03,21.99,22.092000000000002,21.560000000000002,False,True,True,False,24.38,-9.803117309269895,False,50.911770858999134,-0.08372642725520762,-0.19165783113213022,0.2158628077538452,True,False,False,False,2026-07-28,4.0,45.468786547625804,43.462310963136424,49.48173771660457,False,False,,,False,99844.0,192828.2,0.5177873360846598,False,217128200.0,1.37,158.48773722627735,0.548696844993124,2.7434842249656968,1.9944341372912622,5.000000000000207,94.9999999999998,True,26.55,False,False,False,False,False,False
1384,002926,华西证券,J 金融业,腾讯前复权日K回退（成交额、换手率已提供）,False,2026-08-03,8.42,8.336000000000002,8.305,True,True,True,True,8.69,-3.1070195627157604,False,55.73688624717733,0.05988725374402648,0.06052617809050881,-0.001277848692964656,False,True,False,False,,,74.17202932685109,71.37821470210604,79.7596585763412,False,False,,,False,168130.0,168249.0,0.9992927149641305,False,141037100.0,0.64,220.37046875,0.23809523809523725,1.3095238095238027,1.384708007224566,27.272727272726833,72.72727272727316,True,8.69,False,False,False,False,False,False
1385,002927,泰永长征,C 制造业,腾讯前复权日K回退（成交额、换手率已提供）,False,2026-08-03,15.06,14.536000000000001,15.064000000000002,True,False,False,True,19.26,-21.80685358255452,False,43.48888804513285,-1.1669298834744346,-1.3800555549483047,0.42625134294774014,True,False,False,False,2026-07-29,3.0,15.902993644443294,13.80400631647445,20.100968300380984,False,False,2026-07-22,8.0,True,66717.0,61229.6,1.089620053046239,False,99634900.0,3.02,32.99168874172185,4.005524861878462,5.45580110497237,-0.026553372278288207,29.11392405063277,70.88607594936724,True,25.62,False,False,False,False,False,False
1386,002928,华夏航空,G 运输仓储,腾讯前复权日K回退（成交额、换手率已提供）,False,2026-08-03,6.75,6.5280000000000005,6.3105,True,True,True,True,7.18,-5.98885793871866,False,55.34809558840129,-0.11441588792746504,-0.21724009307694955,0.20564841029896902,True,False,False,False,2026-07-27,5.0,20.767600529256843,15.440929374643948,31.420942838482635,False,False,2026-07-23,7.0,True,194553.0,343884.6,0.5657508361816727,False,130672200.0,1.52,85.96855263157894,1.6566265060240948,1.8072289156626522,6.964582838126927,25.000000000000185,74.99999999999982,True,8.55,False,False,False,False,False,False
1387,002929,润建股份,I 信息技术,腾讯前复权日K回退（成交额、换手率已提供）,False,2026-08-03,49.1,47.459999999999994,53.04200000000001,True,False,False,False,69.93,-29.786929786929793,False,40.53069093360547,-4.287606892634017,-4.091532707609272,-0.3921483700494903,False,True,False,False,,,7.984856674335266,8.33674428328109,7.281081456443616,False,False,,,False,164309.0,130545.0,1.258638783561224,False,810588100.0,7.59,106.7968511198946,2.3556389410047895,4.0233479257869496,-7.431846461294836,68.91191709844551,31.088082901554483,False,100.03,False,True,False,False,True,True
1388,002930,宏川智慧,G 运输仓储,腾讯前复权日K回退（成交额、换手率已提供）,False,2026-08-03,8.7,8.408,8.444999999999999,True,True,False,True,10.05,-13.432835820895535,False,48.26605426388095,-0.35301739014414757,-0.48111913737160716,0.2562034944549192,True,False,False,False,,,8.742790117490545,7.099326467608383,12.02971741725487,False,False,2026-07-23,7.0,True,64728.0,84439.4,0.7665615814418388,False,55717500.0,1.49,37.39429530201342,2.35294117647058,3.411764705882364,3.019538188277097,6.896551724138375,93.10344827586162,True,16.88,False,False,False,False,False,False
1389,002931,锋龙股份,C 制造业,腾讯前复权日K回退（成交额、换手率已提供）,False,2026-08-03,46.22,44.016000000000005,49.679500000000004,True,False,False,True,81.85,-43.53084911423335,False,41.390713778381944,-5.348223129036313,-5.439281869101057,0.18211748012948803,True,False,True,False,,,10.648838199880947,8.981559761771726,13.983395076099388,False,False,2026-07-31,1.0,True,148932.0,102827.2,1.4483716370765711,False,689748000.0,7.35,93.84326530612246,2.9398663697104643,5.790645879732727,-6.96363691260984,60.769230769230845,39.23076923076916,False,83.57,False,True,False,False,True,True
1390,002932,*ST明德,C 制造业,腾讯前复权日K回退（成交额、换手率已提供）,False,2026-08-03,14.88,14.596,14.343,True,True,True,True,15.3,-2.7450980392156854,False,55.71903297498614,-0.07698463124722643,-0.18531805660492362,0.21666685071539438,True,False,False,False,2026-07-27,5.0,20.171377591751376,15.065219100661606,30.383694573930914,False,False,2026-07-27,5.0,True,10538.0,9280.2,1.1355358720717226,False,15598100.0,0.68,22.938382352941176,1.848049281314168,1.9849418206707798,3.7439866136791524,31.03448275862054,68.96551724137946,False,17.5,False,False,False,False,False,False
1391,002933,新兴装备,C 制造业,腾讯前复权日K回退（成交额、换手率已提供）,False,2026-08-03,25.66,24.868000000000002,24.970999999999997,True,True,False,True,27.99,-8.324401571989991,False,50.85417690699653,-0.6263068864368933,-0.8538555654024325,0.4550973579310784,True,False,False,False,2026-07-28,4.0,16.51542501815645,12.61265164102098,24.320971772427388,False,False,2026-07-24,6.0,True,11334.0,9516.4,1.1909965953511832,False,28774400.0,0.97,29.664329896907216,2.639999999999998,3.0800000000000125,2.75920067278044,1.2987012987014963,98.7012987012985,True,31.88,False,False,False,False,False,False
1392,002935,天奥电子,C 制造业,腾讯前复权日K回退（成交额、换手率已提供）,False,2026-08-03,15.54,15.118,16.802,True,False,False,True,24.1,-35.51867219917013,False,38.251860520060596,-1.4679725948391606,-1.487024773405592,0.03810435713286253,True,False,True,False,,,15.375320868569522,13.713557908418197,18.69884678887217,False,False,2026-07-31,1.0,True,49055.0,54558.8,0.8991216815619112,False,75616100.0,1.18,64.08144067796611,1.83486238532109,3.2765399737876804,-7.511010593976911,8.000000000000185,91.99999999999982,True,24.1,False,False,False,False,True,False
1393,002936,郑州银行,J 金融业,腾讯前复权日K回退（成交额、换手率已提供）,False,2026-08-03,1.87,1.8340000000000003,1.762,True,True,True,True,1.85,1.081081081081082,True,69.81973346626037,0.030115161011171176,0.01660535326747012,0.027019615487402115,True,False,False,False,2026-07-06,20.0,73.09938327423231,60.153899142315346,98.99035153806624,False,False,,,False,1187360.0,1059290.0,1.1209017360684987,False,221195300.0,1.69,130.8847928994083,1.6304347826086918,2.7173913043478164,6.129398410896714,19.999999999999645,80.00000000000036,True,1.85,True,False,False,False,False,False
1394,002937,兴瑞科技,C 制造业,腾讯前复权日K回退（成交额、换手率已提供）,False,2026-08-03,25.88,26.887999999999998,35.314499999999995,False,False,False,False,45.88,-43.59197907585005,False,26.202232248513454,-3.666202492119531,-2.3507048755655378,-2.6309952331079867,False,True,False,False,,,18.59741587957861,28.370379855727453,-0.9485120727190761,False,False,,,False,87835.0,125411.0,0.7003771598982546,False,224926100.0,2.79,80.61867383512545,0.07733952049497894,5.220417633410665,-26.715655042546256,45.18518518518522,54.81481481481478,False,46.3,False,False,False,False,True,False
1395,002938,鹏鼎控股,C 制造业,腾讯前复权日K回退（成交额、换手率已提供）,False,2026-08-03,80.91,81.38399999999999,91.6615,False,False,False,False,107.89,-25.006951524701087,False,39.83916208771657,-5.173141370250065,-3.7479131632902596,-2.85045641391961,False,True,False,False,,,46.38454127092808,49.9990593172332,39.15550517831785,False,False,,,False,180736.0,289984.4,0.6232611133564425,False,1468009100.0,0.78,1882.0629487179485,-0.7239263803681006,4.122699386503067,-11.729570212139237,52.083333333333336,47.91666666666666,False,123.1,False,False,False,False,True,False
1396,002939,长城证券,J 金融业,腾讯前复权日K回退（成交额、换手率已提供）,False,2026-08-03,8.35,8.272,8.154,True,True,True,True,8.55,-2.33918128654972,False,54.44165069198698,0.00962707476366731,-0.021738042798885582,0.06273023512510578,True,False,False,False,2026-07-20,10.0,25.789251140635248,23.735291868140568,29.89716968562461,False,False,,,False,203569.0,212648.2,0.9573041295435372,False,169471000.0,0.57,297.31754385964916,0.36057692307691624,1.682692307692293,2.403728231542798,7.142857142857053,92.85714285714295,True,9.97,False,True,False,False,False,False
1397,002940,昂利康,C 制造业,腾讯前复权日K回退（成交额、换手率已提供）,False,2026-08-03,24.65,24.21,25.810000000000002,True,False,False,True,31.92,-22.77568922305765,False,43.08188527291633,-1.3558638689764457,-1.3578690976507661,0.004010457348640806,True,False,True,False,,,4.91801555980834,4.697311567657244,5.359423544110532,True,False,2026-08-03,0.0,True,72328.0,96731.8,0.7477168831759566,False,177814500.0,3.9,45.59346153846154,1.2736236647493682,2.3418241577649974,-4.494382022471924,35.08771929824609,64.9122807017539,False,45.5,False,False,False,False,True,False
1398,002941,新疆交建,E 建筑业,腾讯前复权日K回退（成交额、换手率已提供）,False,2026-08-03,11.02,10.53,9.796000000000001,True,True,True,True,10.71,2.8944911297852354,True,66.88425141437733,0.07437359101948893,-0.14508019894741736,0.4389075799338126,True,False,False,False,,,21.527929779193894,17.08239900465509,30.418991328271495,False,False,,,False,190870.0,146728.8,1.3008352825075924,False,207890900.0,2.62,79.34767175572519,4.752851711026618,5.038022813688206,12.494895875867682,0.0,100.0,True,14.0,False,False,False,False,True,False
1399,002942,新农股份,C 制造业,腾讯前复权日K回退（成交额、换手率已提供）,False,2026-08-03,15.07,14.5,14.2975,True,True,True,True,15.53,-2.962009014810039,False,55.44112579154322,-0.2512826533922343,-0.4291976399470201,0.35582997310957154,True,False,False,False,2026-07-28,4.0,17.251639615551017,12.38918845565467,26.976541935343715,False,False,2026-07-28,4.0,True,19319.0,15186.2,1.2721418129617679,False,28718200.0,1.39,20.66057553956835,3.8594073053066946,4.548587181254296,5.4030424899458005,7.575757575757433,92.42424242424256,True,19.8,False,False,False,False,True,False
1400,002943,宇晶股份,C 制造业,腾讯前复权日K回退（成交额、换手率已提供）,False,2026-08-03,27.2,27.588,34.1995,False,False,False,False,46.05,-40.93376764386536,False,29.017950056754188,-5.362549536838301,-5.155568875134849,-0.4139613234069053,False,True,False,False,,,3.2713404862816753,4.682525399364999,0.4489706601150285,False,False,,,False,103558.0,106939.2,0.9683820339033768,False,282183000.0,5.48,51.49324817518248,0.7034431691965937,4.220659015179551,-20.466673489378504,67.54385964912295,30.701754385964808,False,73.67,False,True,False,False,False,False
1401,002945,华林证券,J 金融业,腾讯前复权日K回退（成交额、换手率已提供）,False,2026-08-03,14.9,14.334,13.402000000000001,True,True,True,True,15.39,-3.1838856400259923,False,64.71384087295132,0.1883193248710615,-0.058158217724904544,0.4929550851919321,True,False,False,False,2026-07-20,10.0,48.621239955132296,35.97433361921036,73.91505262697616,False,False,,,False,274212.0,262487.6,1.0446664909123327,False,406016100.0,1.02,398.055,1.775956284153013,3.0737704918032858,11.177436203551702,17.77777777777775,82.22222222222226,True,16.22,False,False,False,False,True,False
1402,002946,新乳业,C 制造业,腾讯前复权日K回退（成交额、换手率已提供）,False,2026-08-03,17.73,17.39,15.692499999999999,True,True,True,True,18.45,-3.9024390243902376,False,66.32019549760314,0.5650336671454816,0.2188794991716274,0.6923083359477085,True,False,False,False,2026-07-06,20.0,65.99998756124761,56.9185112913482,84.1629401010464,False,False,,,False,142686.0,137054.4,1.0410902532133226,False,253792800.0,1.68,151.06714285714287,-2.796052631578938,3.7828947368420933,12.983909510912866,0.0,26.086956521739175,False,18.87,False,False,False,False,False,False
1403,002947,恒铭达,C 制造业,腾讯前复权日K回退（成交额、换手率已提供）,False,2026-08-03,52.17,52.614,60.425,False,False,False,False,77.2,-32.42227979274611,False,32.524596926968854,-6.577719162230942,-6.455718474855535,-0.24400137475081252,False,True,False,False,,,10.388517489063231,14.873557137584804,1.4184381920200835,False,False,,,False,72833.0,75021.8,0.9708244803510446,False,382988100.0,3.67,104.35643051771117,-0.6474957151018756,3.770710340887444,-13.661563922217617,63.63636363636363,18.181818181818183,False,105.0,False,False,False,False,False,False
1404,002948,青岛银行,J 金融业,腾讯前复权日K回退（成交额、换手率已提供）,False,2026-08-03,5.9,5.854000000000001,5.6545000000000005,True,True,True,True,5.94,-0.673400673400674,False,63.886590259966916,0.11619231637994254,0.09252795547196309,0.0473287218159589,True,False,False,False,2026-07-07,19.0,84.45425523677073,82.0487421947803,89.2652813207516,False,False,,,False,692612.0,394131.2,1.757313300748583,False,411903200.0,1.97,209.08791878172588,0.8547008547008739,4.786324786324791,4.3416747723052405,67.85714285714262,32.14285714285738,False,5.94,True,False,False,False,True,False
1405,002949,华阳国际,M 科研服务,腾讯前复权日K回退（成交额、换手率已提供）,False,2026-08-03,10.33,9.888,9.7965,True,True,True,True,10.78,-4.174397031539883,False,54.691574588342725,-0.23685092128429197,-0.3794767754942614,0.28525170841993885,True,False,False,False,,,15.252235317725967,11.299686347911846,23.157333257354207,False,False,2026-07-28,4.0,True,38613.0,28096.4,1.374304181318603,False,39336700.0,2.54,15.486889763779528,3.50701402805611,4.208416833667334,5.445822487623132,7.142857142856991,92.857142857143,True,14.72,False,True,False,False,True,False
1406,002950,奥美医疗,C 制造业,腾讯前复权日K回退（成交额、换手率已提供）,False,2026-08-03,9.33,9.122,8.947500000000002,True,True,True,True,9.62,-3.014553014553006,False,53.8458767806151,-0.0849444575316447,-0.17327526334517143,0.17666161162705346,True,False,False,False,,,12.690873825789495,10.639329251113002,16.79396297514248,False,False,2026-07-29,3.0,True,53359.0,84611.2,0.6306375515298211,False,49590700.0,1.24,39.9925,1.193058568329719,2.060737527114981,4.274937133277435,26.315789473684408,73.6842105263156,True,14.66,False,True,False,False,False,False
1407,002951,金时科技,C 制造业,腾讯前复权日K回退（成交额、换手率已提供）,False,2026-08-03,13.4,13.075999999999999,12.9595,True,True,True,True,17.12,-21.728971962616825,False,50.15847705286797,-0.5651771898373141,-0.8507638703158984,0.5711733609571685,True,False,False,False,2026-07-28,4.0,17.400982242819335,14.33096240865625,23.541021911145503,False,False,2026-07-27,5.0,True,51878.0,98510.6,0.5266235308687592,False,68959400.0,1.29,53.45689922480621,1.4383043149129415,2.346707040121124,3.3990508893090023,3.2258064516128298,96.77419354838716,True,24.79,False,False,False,False,False,False
1408,002952,亚世光电,C 制造业,腾讯前复权日K回退（成交额、换手率已提供）,False,2026-08-03,18.78,18.434,18.784,True,False,False,True,22.14,-15.176151761517612,False,43.18025977126427,-1.0470235503117031,-1.2817243766712512,0.46940165271909606,True,False,False,False,2026-07-27,5.0,13.163916828418971,11.708829444425696,16.074091596405523,False,False,2026-07-21,9.0,True,29056.0,31811.6,0.9133775100906588,False,54004200.0,2.21,24.436289592760183,2.2318998366902543,3.048448557430586,-0.02129471890969859,1.7857142857139345,98.21428571428606,True,33.69,False,False,False,False,True,False
1409,002953,日丰股份,C 制造业,腾讯前复权日K回退（成交额、换手率已提供）,False,2026-08-03,9.76,9.534,9.160499999999999,True,True,True,True,10.8,-9.629629629629639,False,56.05389831068899,0.061974234109356985,-0.032995812088600245,0.18994009239591447,True,False,False,False,,,28.101705026724073,25.231638367818423,33.84183834453537,False,False,2026-07-21,9.0,True,109443.0,124540.0,0.8787779026818693,False,106316200.00000001,4.03,26.381191066997523,2.8451001053740654,3.161222339304538,6.544402598111467,13.333333333333611,86.66666666666639,True,12.05,False,False,False,False,False,False
1410,002955,鸿合科技,C 制造业,腾讯前复权日K回退（成交额、换手率已提供）,False,2026-08-03,31.14,31.764,30.856,False,True,True,False,37.41,-16.760224538893333,False,49.651174474404534,0.11736090647167075,0.06300643052239255,0.1087089518985564,True,False,False,False,2026-07-27,5.0,53.27008555513626,53.452147485876786,52.905961693655215,False,True,,,False,46711.0,99636.0,0.4688164920309928,False,145324500.0,2.39,60.80523012552301,-1.4556962025316533,3.9240506329113987,0.9204044594244195,5.645161290322594,42.74193548387099,False,39.15,False,True,True,False,False,False
1411,002956,西麦食品,C 制造业,腾讯前复权日K回退（成交额、换手率已提供）,False,2026-08-03,17.6,17.633999999999997,18.1905,False,False,False,True,22.1,-20.361990950226243,False,44.24245372567089,-0.8547072064073653,-1.0023945115355968,0.29537461025646294,True,False,False,False,2026-07-30,2.0,23.26438260109073,18.89527838995019,32.002591023371814,False,False,,,False,77640.0,88849.8,0.8738342686196254,False,139443000.0,2.48,56.22701612903226,-3.190319031903177,6.435643564356426,-3.2461999395288674,49.57264957264951,7.6923076923076925,False,22.89,False,False,False,False,False,False
1412,002957,科瑞技术,C 制造业,腾讯前复权日K回退（成交额、换手率已提供）,False,2026-08-03,31.79,33.141999999999996,38.531,False,False,False,False,48.9,-34.989775051124745,False,35.89301825370643,-4.473179671317581,-4.190148233730791,-0.5660628751735803,False,True,False,False,,,19.29317665108898,22.64273350008727,12.594062953092397,False,False,,,False,210443.0,142475.0,1.4770521144060362,False,678009600.0000001,5.03,134.79316103379725,-6.030150753768837,5.8527933786579975,-17.49500402273494,10.606060606060646,11.616161616161635,False,72.15,False,False,False,False,False,True
1413,002958,青农商行,J 金融业,腾讯前复权日K回退（成交额、换手率已提供）,False,2026-08-03,3.24,3.1420000000000003,2.968,True,True,True,True,3.2,1.250000000000001,True,80.46143072047956,0.10130492660569068,0.07487827095528615,0.05285331130080906,True,False,False,False,2026-07-06,20.0,94.39463413201132,89.67625766894821,103.83138705813752,False,False,,,False,852165.0,889853.8,0.9576460762430862,False,273738100.0,1.57,174.35547770700637,2.208201892744488,3.4700315457413216,9.16442048517521,9.090909090908909,90.90909090909109,True,3.2,True,False,False,True,False,False
1414,002959,小熊电器,C 制造业,腾讯前复权日K回退（成交额、换手率已提供）,False,2026-08-03,34.65,34.16,33.125,True,True,True,True,34.54,0.3184713375796162,True,59.37593045157809,0.11737313907606506,-0.19545111978558563,0.6256485177233013,True,False,False,False,,,25.448376943704698,22.42364928155635,31.49783226800139,False,False,2026-07-28,4.0,True,10513.0,10500.0,1.0012380952380953,False,36453600.0,0.75,48.6048,0.3765932792583859,1.911935110081123,4.603773584905656,45.454545454545844,54.545454545454156,False,39.74,False,False,False,False,True,False
1415,002960,青鸟智控,C 制造业,腾讯前复权日K回退（成交额、换手率已提供）,False,2026-08-03,8.28,7.936,8.006,True,True,False,True,8.75,-5.371428571428579,False,53.56019203375988,-0.17083608870954592,-0.2311955082090824,0.12071883899907299,True,False,False,False,2026-07-30,2.0,20.658373622366828,14.521433558207198,32.93225375068609,False,False,2026-07-28,4.0,True,104689.0,105604.6,0.9913299231283486,False,85756200.00000001,1.08,79.4038888888889,2.9850746268656803,2.985074626865675,3.42243317511865,0.0,100.0,True,10.43,False,False,False,False,False,False
1416,002961,瑞达期货,J 金融业,腾讯前复权日K回退（成交额、换手率已提供）,False,2026-08-03,19.91,19.39,18.913,True,True,True,True,20.6,-3.349514563106802,False,54.75354353814698,-0.19961583150497475,-0.4318968854560649,0.46456210790218033,True,False,False,False,2026-07-21,9.0,16.044698711096302,11.944079672799175,24.245936787690557,False,False,2026-07-29,3.0,True,69481.0,61355.8,1.13242757815887,False,138970600.0,1.46,95.18534246575342,1.0659898477157315,3.1979695431472033,5.271506371279014,60.31746031746026,39.68253968253975,False,26.98,False,False,False,False,True,False
1417,002962,五方光电,C 制造业,腾讯前复权日K回退（成交额、换手率已提供）,False,2026-08-03,12.13,11.937999999999999,12.7095,True,False,False,True,17.73,-31.584884376762545,False,37.761007281659154,-1.4109581849914878,-1.5685662124986965,0.3152160550144174,True,False,False,False,2026-07-29,3.0,12.558378496637806,11.53096433072359,14.613206828466236,False,False,2026-07-23,7.0,True,73299.0,100977.2,0.7258965390206898,False,88532000.0,3.5,25.29485714285714,1.67644593461862,2.263202011735118,-4.5595814154766074,7.407407407407261,92.59259259259274,True,22.39,False,False,False,False,False,False
1418,002963,豪尔赛,E 建筑业,腾讯前复权日K回退（成交额、换手率已提供）,False,2026-08-03,14.54,13.138,15.285499999999999,True,False,False,True,21.38,-31.992516370439667,False,44.10461267956639,-1.5464316954692663,-1.500994312348158,-0.09087476624221669,False,True,False,False,,,13.223131183156324,10.948484124982215,17.77242529950454,True,False,2026-08-03,0.0,True,26740.0,51221.2,0.5220494638938564,False,37798700.0,2.17,17.418755760368665,9.98487140695914,8.774583963691365,-4.877171175296849,0.0,100.0,True,24.58,False,False,False,False,False,True
1419,002965,祥鑫科技,C 制造业,腾讯前复权日K回退（成交额、换手率已提供）,False,2026-08-03,27.23,31.02,42.879000000000005,False,False,False,False,57.86,-52.938126512271,False,21.447593969521947,-4.06799955280475,-1.7446972311006936,-4.6466046434081125,False,True,False,False,,,12.178900686140443,24.87906310027587,-13.221424142130417,False,False,,,False,272188.0,189783.0,1.434206435771381,False,754403100.0,14.29,52.79237928621414,-6.2327823691460065,5.957300275482096,-36.49572051587025,4.6242774566473,1.7341040462428399,False,57.86,False,False,False,False,False,False
1420,002966,苏州银行,J 金融业,腾讯前复权日K回退（成交额、换手率已提供）,False,2026-08-03,8.52,8.41,7.9565,True,True,True,True,8.61,-1.045296167247385,False,72.20352636734333,0.2180451599900861,0.1417245733435961,0.15264117329298005,True,False,False,False,2026-07-07,19.0,82.09756813475644,74.67718915041054,96.93832610344825,False,False,,,False,505280.0,583566.6,0.865848045450168,False,429310199.99999994,1.15,373.3132173913043,0.35335689045936647,1.5312131919905863,7.082259787595041,30.769230769231292,69.2307692307687,False,8.61,True,False,False,False,False,False
1421,002967,广电计量,M 科研服务,腾讯前复权日K回退（成交额、换手率已提供）,False,2026-08-03,17.33,16.81,17.0385,True,True,False,True,19.15,-9.503916449086164,False,49.493105219579526,-0.47709757004233566,-0.6167738788918261,0.2793526176989809,True,False,False,False,2026-07-30,2.0,14.825486773021183,10.910499292012966,22.655461735037616,False,False,2026-07-29,3.0,True,35666.0,45711.2,0.7802464166331228,False,61535600.00000001,0.65,94.67015384615385,2.001177163037071,2.5897586815773854,1.7108313525251588,11.363636363636584,88.63636363636341,True,23.0,False,False,False,False,True,False
1422,002968,新大正,K 房地产,腾讯前复权日K回退（成交额、换手率已提供）,False,2026-08-03,8.83,8.492,8.3285,True,True,True,True,8.94,-1.2304250559284053,False,56.29167777771986,-0.13178893226753985,-0.24985335667799471,0.23612884882090973,True,False,False,False,,,16.970502502082486,12.815091412038681,25.281324682170098,False,False,2026-07-27,5.0,True,40405.0,37779.0,1.0695095158686043,False,35286200.0,1.9,18.571684210526318,2.79394644935973,4.190919674039595,6.021492465630066,16.66666666666675,83.33333333333324,True,12.3,False,True,False,False,False,False
1423,002969,嘉美包装,C 制造业,腾讯前复权日K回退（成交额、换手率已提供）,False,2026-08-03,12.83,12.563999999999998,11.858,True,True,True,True,14.49,-11.45617667356798,False,50.437344335524145,-0.6401253495493293,-1.0320699067888672,0.7838891144790758,True,False,False,False,2026-07-27,5.0,14.698871175105017,12.128591233061043,19.839431059192965,False,False,2026-07-21,9.0,True,1046305.0,926740.0,1.1290167684571724,False,1322490700.0,9.58,138.0470459290188,3.3843674456083717,9.105560032232077,8.196997807387413,22.12389380530972,77.87610619469028,True,24.1,False,False,False,False,True,False
1424,002970,锐明技术,I 信息技术,腾讯前复权日K回退（成交额、换手率已提供）,False,2026-08-03,48.3,46.368,49.7945,True,False,False,True,61.98,-22.07163601161665,False,44.22056937034739,-3.2618770837500293,-3.5577810824571654,0.5918079974142723,True,False,False,False,2026-07-31,1.0,11.332428247773192,10.100340412517838,13.7966039182839,True,False,2026-08-03,0.0,True,50584.0,40660.4,1.2440605601518921,False,241916000.0,4.0,60.479,1.5559293523969675,2.670311185870486,-3.001335488859216,15.748031496063177,84.25196850393682,True,80.3,False,False,False,False,False,True
1425,002971,和远气体,C 制造业,腾讯前复权日K回退（成交额、换手率已提供）,False,2026-08-03,32.29,34.24,43.0075,False,False,False,False,73.03,-55.785293714911674,False,29.70511542213191,-5.787653785767247,-4.658405022143881,-2.2584975272467336,False,True,False,False,,,12.958673430420257,17.02692593449183,4.822168422277116,False,False,,,False,159114.0,184482.0,0.8624906494942596,False,513977600.0,9.88,52.02202429149798,-2.85800240673888,5.926594464500598,-24.920072080451085,28.426395939086426,40.101522842639575,False,78.88,False,False,False,False,False,False
1426,002972,科安达,C 制造业,腾讯前复权日K回退（成交额、换手率已提供）,False,2026-08-03,12.09,12.312000000000001,14.562000000000001,False,False,False,False,19.27,-37.25998962117281,False,33.510145202812126,-1.063796730206544,-0.7138505681971529,-0.6998923240187824,False,True,False,False,,,17.84351759299439,23.98495311332177,5.560646552339641,False,False,,,False,72824.0,79258.0,0.9188220747432436,False,87966700.0,5.41,16.260018484288352,-1.7073170731707332,5.284552845528458,-16.975690152451595,30.769230769230642,36.923076923076934,False,19.97,False,False,False,False,False,False
1427,002973,侨银股份,N 公共环保,腾讯前复权日K回退（成交额、换手率已提供）,False,2026-08-03,9.34,9.038,9.5625,True,False,False,True,10.91,-14.390467461044915,False,41.10441948237184,-0.569203860758245,-0.6137828648963546,0.08915800827621911,True,False,False,False,2026-07-31,1.0,6.497829421954852,4.853534278013227,9.786419709838102,True,False,2026-08-03,0.0,True,80155.0,63298.0,1.266311731808272,False,73714900.0,2.52,29.251944444444447,4.008908685968815,4.231625835189298,-2.3267973856209165,2.631578947368372,97.36842105263163,True,14.3,False,False,False,False,False,False
1428,002975,博杰股份,C 制造业,腾讯前复权日K回退（成交额、换手率已提供）,False,2026-08-03,69.93,73.882,94.6455,False,False,False,False,130.3,-46.33154259401381,False,31.690730591340525,-13.801889731184104,-11.81437824296149,-3.975022976445228,False,True,False,False,,,21.51285264965668,26.431285985672968,11.675985977624102,False,False,,,False,97749.0,101859.6,0.9596444517747958,False,694019500.0,7.12,97.4746488764045,-4.727520435967303,6.675749318801097,-26.1137613515698,17.34693877551036,11.632653061224627,False,157.97,False,False,False,False,False,False
1429,002976,瑞玛精密,C 制造业,腾讯前复权日K回退（成交额、换手率已提供）,False,2026-08-03,19.0,18.968,21.613999999999997,True,False,False,False,27.67,-31.33357426816047,False,38.30295887848646,-1.586397030900578,-1.3848511999709654,-0.40309166185922507,False,True,False,False,,,7.734986996553341,9.253127817322694,4.698705355014635,False,False,,,False,39750.0,52473.4,0.7575266706559894,False,76740700.0,3.27,23.46810397553517,-2.763561924257929,5.475946775844424,-12.094013139631707,44.859813084112176,3.738317757009265,False,29.98,False,False,False,False,False,False
1430,002977,*ST天箭,C 制造业,腾讯前复权日K回退（成交额、换手率已提供）,False,2026-08-03,21.36,21.803999999999995,22.4005,False,False,False,False,26.5,-19.396226415094343,False,44.208146070429095,-0.656794895896553,-0.6797766355597109,0.045963479326315726,True,False,False,False,2026-07-27,5.0,24.477477972746218,25.793591895681306,21.845250126876046,False,False,,,False,8060.0,18974.6,0.42477838795020717,False,17227300.0,1.21,14.237438016528927,0.6597549481621057,4.005655042412825,-4.64498560299994,47.05882352941194,52.94117647058806,False,31.35,False,False,False,False,True,False
1431,002978,安宁股份,B 采矿业,腾讯前复权日K回退（成交额、换手率已提供）,False,2026-08-03,26.73,26.434000000000005,25.886000000000003,True,True,True,True,27.0,-0.9999999999999984,False,54.63514024271873,0.006872866685892376,-0.16124343532653648,0.3362326040248577,True,False,False,False,2026-07-14,14.0,19.54971732275359,16.79267538690519,25.063801194450384,False,False,,,False,35702.0,24212.6,1.4745215301124208,False,94660000.0,0.97,97.58762886597938,0.5265137269650166,1.9932305377961683,3.2604496639109852,3.773584905660289,96.22641509433971,True,31.93,False,False,False,False,True,False
1432,002979,雷赛智能,C 制造业,腾讯前复权日K回退（成交额、换手率已提供）,False,2026-08-03,56.32,56.166,59.467000000000006,True,False,False,False,76.26,-26.14739050616313,False,47.6188003274749,-0.4541611803207246,0.17145871566322435,-1.251239791967898,False,True,False,False,,,52.84030020992625,54.28939747979434,49.94210567019006,False,False,,,False,156318.0,129681.0,1.205404029888727,False,894831500.0,7.02,127.46887464387464,-1.8302248561966161,6.205333798152349,-5.292010695007324,43.820224719101155,14.04494382022471,False,76.26,False,False,False,False,False,True
1433,002980,华盛昌,C 制造业,腾讯前复权日K回退（成交额、换手率已提供）,False,2026-08-03,62.93,67.87199999999999,86.81750000000001,False,False,False,False,116.3,-45.88993981083404,False,31.779651436226246,-10.626490838785301,-7.950803573469026,-5.351374530632551,False,True,False,False,,,32.751098162544984,39.38716900379876,19.478956480037425,False,False,,,False,83758.0,88274.2,0.9488389586085176,False,532455800.0,8.27,64.38401451027812,-5.025656504678544,6.942348324781156,-27.514613989115105,34.565217391304465,18.91304347826084,False,135.95,False,False,False,False,False,False
1434,002981,朝阳科技,C 制造业,腾讯前复权日K回退（成交额、换手率已提供）,False,2026-08-03,23.0,22.732,21.6325,True,True,True,True,23.1,-0.43290043290043906,False,58.28568793842885,0.20339475676595598,-0.09274385804448237,0.5922772296208767,True,False,False,False,2026-07-06,20.0,40.89560282236798,38.40349399248033,45.87982048214327,False,False,,,False,14678.0,22504.4,0.6522280087449565,False,33614100.0,1.21,27.780247933884297,0.21786492374729072,1.917211328976025,6.321506991794752,34.090909090908944,65.90909090909105,False,29.84,False,False,False,False,True,False
1435,002982,湘佳股份,A 农林牧渔,腾讯前复权日K回退（成交额、换手率已提供）,False,2026-08-03,11.81,11.53,11.7105,True,True,False,True,12.4,-4.758064516129031,False,50.984097198047344,-0.15886000970853154,-0.19851263545169825,0.07930525148633344,True,False,False,False,2026-07-31,1.0,20.222088524262997,18.702065357387,23.26213485801499,False,False,2026-07-31,1.0,True,36045.0,30625.4,1.1769642192428507,False,42116600.0,2.77,15.204548736462094,1.8981880931837836,2.588438308886978,0.8496648307074917,0.0,100.0,True,14.59,False,False,False,False,False,False
1436,002983,芯瑞达,C 制造业,腾讯前复权日K回退（成交额、换手率已提供）,False,2026-08-03,18.38,18.168,19.868,True,False,False,True,26.16,-29.740061162079517,False,37.8311484308303,-1.6503682311293701,-1.6851080770824443,0.06947969190614822,True,False,True,False,,,14.538390020140454,13.213817696463067,17.18753466749523,False,False,2026-07-28,4.0,True,13881.0,22073.0,0.6288678475966113,False,25391000.0,1.08,23.510185185185186,0.547045951859948,1.7505470459518613,-7.489430239581235,6.2499999999998614,93.75000000000013,True,28.41,False,True,True,False,False,False
1437,002984,森麒麟,C 制造业,腾讯前复权日K回退（成交额、换手率已提供）,False,2026-08-03,15.09,14.618,14.043000000000001,True,True,True,True,14.89,1.3431833445265229,True,65.72788347902349,0.1370035624675463,-0.024892014172925574,0.32379115328094377,True,False,False,False,2026-07-06,20.0,34.085254278887625,28.628140546673155,44.99948174331657,False,False,,,False,107027.0,124775.8,0.8577544684145483,False,161058300.0,1.5,107.3722,2.2357723577235866,3.31978319783198,7.455671864986105,18.367346938775473,81.63265306122453,True,16.77,False,False,False,False,False,False
1438,002985,北摩高科,C 制造业,腾讯前复权日K回退（成交额、换手率已提供）,False,2026-08-03,26.28,25.532,24.979499999999998,True,True,True,True,28.6,-8.111888111888113,False,52.19565364269828,-0.6489441558940214,-1.0415496012094942,0.7852108906309456,True,False,False,False,2026-07-24,6.0,12.002529790871947,9.09225284159394,17.82308368942796,False,False,2026-07-27,5.0,True,43075.0,47101.6,0.9145124581755185,False,112158900.0,1.3,86.27607692307691,2.7766914352757244,3.206883066093079,5.206269140695383,4.878048780487699,95.1219512195123,True,37.03,False,False,False,False,True,False
1439,002986,宇新股份,C 制造业,腾讯前复权日K回退（成交额、换手率已提供）,False,2026-08-03,12.23,11.902,11.8215,True,True,True,True,12.86,-4.898911353032652,False,56.025460829120895,-0.05392347336508152,-0.12095782738336971,0.1340687080365764,True,False,False,False,2026-07-29,3.0,19.46728704435701,16.35564692578393,25.690567281503178,False,False,2026-07-24,6.0,True,53293.0,43367.6,1.228866711554248,False,64641000.0,1.77,36.52033898305085,2.946127946127941,3.956228956228961,3.4555682443006392,6.38297872340411,93.61702127659589,True,14.09,False,False,False,False,False,False
1440,002987,京北方,I 信息技术,腾讯前复权日K回退（成交额、换手率已提供）,False,2026-08-03,11.68,11.182,10.2625,True,True,True,True,11.53,1.3009540329575053,True,66.45031316643208,0.19580427297423775,-0.03465652317816266,0.4609215923048008,True,False,False,False,2026-07-14,14.0,40.461860813261154,32.61852634729595,56.14852974519157,False,False,,,False,283736.0,238709.8,1.188623173409722,False,328733900.0,2.8,117.4049642857143,2.4561403508771784,4.561403508771926,13.81242387332522,11.538461538461643,88.46153846153835,True,13.05,False,False,False,False,False,False
1441,002988,豪美新材,C 制造业,腾讯前复权日K回退（成交额、换手率已提供）,False,2026-08-03,20.57,20.018,20.174500000000002,True,True,False,True,25.8,-20.271317829457367,False,45.473122910915215,-1.0701721078547948,-1.4112052577516137,0.6820662997936378,True,False,False,False,2026-07-23,7.0,9.262739910303617,7.6213707542949125,12.545478222321028,False,False,2026-07-23,7.0,True,30269.0,31514.2,0.9604876531849135,False,61644300.0,1.21,50.94570247933885,1.530108588351431,3.8005923000987143,1.9603955488363942,14.28571428571422,85.71428571428578,True,35.86,False,False,False,False,False,False
1442,002989,中天精装,E 建筑业,腾讯前复权日K回退（成交额、换手率已提供）,False,2026-08-03,19.82,19.860000000000003,24.058,False,False,False,False,33.59,-40.99434355462936,False,34.388381750005436,-2.946483876664537,-2.6313206331211267,-0.6303264870868208,False,True,False,False,,,4.792695282734265,6.528744357647443,1.320597132907908,False,False,,,False,65695.0,76908.8,0.8541935383207123,False,128677300.0,3.32,38.75822289156627,0.2022244691607611,4.2467138523761365,-17.61576190872059,3.571428571428707,80.95238095238093,True,39.38,False,False,False,False,False,False
1443,002990,盛视科技,I 信息技术,腾讯前复权日K回退（成交额、换手率已提供）,False,2026-08-03,40.74,41.232000000000006,51.5715,False,False,False,False,74.8,-45.53475935828877,False,32.333273689650625,-5.311981466036372,-3.8540550333786454,-2.9158528653154523,False,True,False,False,,,25.713724683284724,30.149294463112202,16.842585123629767,False,False,,,False,125217.0,94112.0,1.3305104556273377,False,509746900.0,9.07,56.20142227122381,0.24606299212599492,5.413385826771661,-21.002879497396815,57.27272727272711,42.72727272727289,False,81.62,False,False,False,False,True,False
1444,002991,甘源食品,C 制造业,腾讯前复权日K回退（成交额、换手率已提供）,False,2026-08-03,44.23,42.93,41.469,True,True,True,True,43.95,0.6370875995449239,True,62.456990864237085,0.18372201015290557,-0.30369959371589134,0.9748432077375938,True,False,False,False,2026-07-28,4.0,30.637702512933846,24.07049975284686,43.77210803310782,False,False,,,False,10195.0,11866.4,0.859148520191465,False,45289799.99999999,2.04,22.20088235294117,1.4216922724145764,3.0038981884888676,6.657985483131967,51.14503816793925,48.85496183206075,False,51.52,False,False,False,False,True,False
1445,002992,宝明科技,C 制造业,腾讯前复权日K回退（成交额、换手率已提供）,False,2026-08-03,32.15,32.11,35.55,True,False,False,False,42.11,-23.65233911184992,False,33.50644499975033,-2.6741967032531164,-2.5376276790556878,-0.27313804839485734,False,True,False,False,,,3.450820316066751,4.323447564286432,1.70556581962739,False,False,,,False,16935.0,16865.6,1.0041148847357937,False,54453100.00000001,1.08,50.41953703703704,2.193261284170367,5.626191989828364,-9.563994374120952,57.62711864406788,42.37288135593213,False,53.22,False,True,True,False,True,False
1446,002993,奥海科技,C 制造业,腾讯前复权日K回退（成交额、换手率已提供）,False,2026-08-03,33.87,34.572,43.881,False,False,False,False,69.49,-51.25917398186789,False,25.914851502697772,-7.127507132597366,-6.60685293675837,-1.0413083916779904,False,True,False,False,,,3.594088338016956,5.879430074787659,-0.97659513552445,False,False,,,False,54858.0,77533.4,0.7075402342732294,False,186730900.0,2.3,81.18734782608696,-1.4260768335273677,3.346915017462161,-22.813974157380194,29.56521739130406,26.086956521738912,False,75.66,False,False,False,False,False,False
1447,002995,天地在线,L 商务服务,腾讯前复权日K回退（成交额、换手率已提供）,False,2026-08-03,17.53,16.978,15.980500000000001,True,True,True,True,17.98,-2.5027808676306966,False,53.70021277749672,-0.49709572507996214,-0.9358921407452553,0.8775928313305863,True,False,False,False,2026-07-23,7.0,22.801090549545282,18.243956738777943,31.915358171079966,False,False,2026-07-21,9.0,True,197715.0,162410.2,1.2173804354652602,False,342407300.00000006,17.59,19.466020466173966,0.9792626728110765,4.550691244239647,9.696192234285537,17.721518987341785,82.2784810126582,True,27.62,False,False,False,False,True,False
1448,002996,顺博合金,C 制造业,腾讯前复权日K回退（成交额、换手率已提供）,False,2026-08-03,6.26,6.16,6.093500000000001,True,True,True,True,6.45,-2.945736434108533,False,53.318322338920574,-0.031166334659809003,-0.06773147073321453,0.07313027214681106,True,False,False,False,,,23.34796357946008,19.82306864570465,30.39775344697094,False,False,2026-07-27,5.0,True,62342.0,64801.0,0.9620530547368096,False,38764300.0,1.36,28.503161764705883,1.2944983818770295,1.9417475728155358,2.7324197915811794,0.0,100.0,True,7.56,False,False,False,False,False,False
1449,002997,瑞鹄模具,C 制造业,腾讯前复权日K回退（成交额、换手率已提供）,False,2026-08-03,26.65,26.131999999999998,26.818,True,False,False,True,30.89,-13.726124959533836,False,46.86825387016539,-0.8113937941552614,-0.9477176709366235,0.2726477535627243,True,False,False,False,2026-07-31,1.0,15.883670142991017,13.395353034138722,20.860304360695608,False,False,2026-07-29,3.0,True,20927.0,24502.4,0.8540796003656784,False,55720600.00000001,1.0,55.72060000000001,0.9087466868610283,1.7417644831503252,-0.6264449250503499,26.086956521739296,73.9130434782607,True,35.56,False,False,False,False,False,False
1450,002998,优彩资源,C 制造业,腾讯前复权日K回退（成交额、换手率已提供）,False,2026-08-03,7.36,7.174000000000001,6.956,True,True,True,True,7.6,-3.1578947368420964,False,55.77762017024625,0.004357912160505073,-0.06996549310626972,0.14864681053354958,True,False,False,False,,,29.053955588457153,26.52648986436621,34.10888703663904,False,False,,,False,164391.0,138817.0,1.184228156493801,False,119308600.0,6.08,19.623125,3.08123249299721,4.9019607843137205,5.807935595169636,5.714285714285598,94.2857142857144,True,10.08,False,True,False,False,True,False
1451,002999,天禾股份,F 批发零售,腾讯前复权日K回退（成交额、换手率已提供）,False,2026-08-03,5.76,5.552,5.4655000000000005,True,True,True,True,5.89,-2.207130730050932,False,57.51972696874292,-0.049815498225301624,-0.10834146815471755,0.11705193985883186,True,False,False,False,,,18.656655533075746,14.198772495755094,27.572421607717047,False,False,2026-07-28,4.0,True,67785.0,51072.8,1.3272231011418993,False,38500800.0,1.97,19.543553299492384,3.411131059245953,3.7701974865350083,5.388345073643753,0.0,100.0,True,7.25,False,True,False,False,False,False
1452,003000,劲仔食品,C 制造业,腾讯前复权日K回退（成交额、换手率已提供）,False,2026-08-03,10.95,10.741999999999999,10.325999999999999,True,True,True,True,11.03,-0.7252946509519499,False,64.49330175454854,0.11468442584900806,0.014968388882444318,0.1994320739331275,True,False,False,False,2026-07-28,4.0,77.29700088042313,64.4316420612219,103.0277185188256,False,False,,,False,59828.0,68852.4,0.8689312209886657,False,65436400.0,1.94,33.73010309278351,0.8287292817679592,2.117863720073669,6.042998256827432,43.47826086956575,56.52173913043425,False,11.08,True,False,False,False,False,False
1453,003001,中岩大地,E 建筑业,腾讯前复权日K回退（成交额、换手率已提供）,False,2026-08-03,21.16,18.996,17.2275,True,True,True,True,21.52,-1.672862453531596,False,61.7856750131299,1.1512037629909955,0.858823980930636,0.5847595641207188,True,False,False,False,,,62.37105071905727,56.500957870388994,74.11123641639382,False,False,,,False,84337.0,213289.2,0.395411488251632,False,176422000.0,7.37,23.93785617367707,9.97920997920998,5.7692307692307665,22.82687563488609,0.0,100.0,True,23.67,False,False,False,False,False,True
1454,003002,壶化股份,C 制造业,腾讯前复权日K回退（成交额、换手率已提供）,False,2026-08-03,16.44,15.756,15.953500000000002,True,True,False,True,18.3,-10.163934426229506,False,46.57015508272612,-0.9090441771377993,-1.2016974723701677,0.5853065904647368,True,False,False,False,2026-07-23,7.0,10.483612177207343,8.0802580567422,15.290320418137629,False,False,2026-07-23,7.0,True,30063.0,30562.4,0.9836596602361071,False,48892700.00000001,1.64,29.81262195121952,3.5264483627204024,4.030226700251893,3.049487573259783,0.0,100.0,True,27.82,False,True,False,False,False,False
1455,003003,天元股份,C 制造业,腾讯前复权日K回退（成交额、换手率已提供）,False,2026-08-03,10.44,9.966,9.886,True,True,True,True,10.83,-3.6011080332410024,False,56.140973630426814,-0.18821585440122846,-0.3112453310278663,0.24605895325327565,True,False,False,False,2026-07-28,4.0,19.506013012052208,14.65234875897159,29.213341518213443,False,False,2026-07-28,4.0,True,44848.0,35566.0,1.2609795872462464,False,46028600.0,3.81,12.080997375328083,4.191616766467066,4.491017964071867,5.603884280801136,4.444444444444734,95.55555555555527,True,13.99,False,True,False,False,False,False
1456,003004,声迅股份,I 信息技术,腾讯前复权日K回退（成交额、换手率已提供）,False,2026-08-03,59.42,57.436,66.74600000000001,True,False,False,False,89.45,-33.57182783678033,False,44.121722283538176,-3.4521495947059506,-2.162794234251777,-2.5787107209083473,False,True,False,False,,,48.67701936427528,49.73781342811204,46.55543123660176,False,False,,,False,25674.0,20623.6,1.2448845012509941,False,147161600.0,3.73,39.45351206434316,6.48745519713263,9.318996415770615,-10.975938633026708,5.384615384615404,94.6153846153846,True,89.45,False,False,False,False,False,False
1457,003005,竞业达,I 信息技术,腾讯前复权日K回退（成交额、换手率已提供）,False,2026-08-03,13.48,12.596,12.359,True,True,True,True,13.98,-3.5765379113018594,False,56.95571656931523,-0.3221718074850468,-0.5682227020925877,0.49210178921508185,True,False,False,False,2026-07-28,4.0,17.532363095508664,12.239501187657234,28.118086911211524,False,False,2026-07-29,3.0,True,103811.0,36518.6,2.842688383453911,True,139468800.0,8.18,17.049975550122248,1.889644746787611,4.686318972033265,9.070313132130435,64.51612903225802,35.48387096774198,False,18.81,False,True,False,False,True,True
1458,003006,百亚股份,C 制造业,腾讯前复权日K回退（成交额、换手率已提供）,False,2026-08-03,15.08,14.597999999999999,13.863,True,True,True,True,15.22,-0.91984231274639,False,59.73027968020164,-0.019852669584459193,-0.2599903218710058,0.4802753045730932,True,False,False,False,2026-07-22,8.0,31.440343371758306,25.728053150736795,42.86492381380133,False,False,,,False,60658.0,64783.6,0.9363172160855525,False,90448400.0,1.42,63.69605633802817,2.5850340136054584,3.809523809523801,8.77876361537907,7.1428571428570065,92.85714285714299,True,18.02,False,False,False,False,False,False
1459,003007,直真科技,I 信息技术,腾讯前复权日K回退（成交额、换手率已提供）,False,2026-08-03,35.37,33.438,34.804,True,True,False,True,42.2,-16.18483412322276,False,48.76290204145329,-1.6048316034396066,-1.873256963030931,0.5368507191826488,True,False,False,False,2026-07-31,1.0,13.903079478220098,11.572301747459585,18.564634939741122,False,False,2026-07-31,1.0,True,30096.0,17813.2,1.6895336042934452,False,104935600.0,4.15,25.28568674698795,4.893238434163694,6.909845788849343,1.6262498563383385,29.184549356223183,70.81545064377681,True,56.97,False,False,False,False,False,False
1460,003008,开普检测,M 科研服务,腾讯前复权日K回退（成交额、换手率已提供）,False,2026-08-03,18.18,17.392,17.128999999999998,True,True,True,True,18.29,-0.6014215418261314,False,57.6425520009161,-0.21175421347911438,-0.4178103650299302,0.4121123031016316,True,False,False,False,2026-07-27,5.0,19.42195341541102,14.088363097836998,30.089134050559064,False,False,2026-07-27,5.0,True,12996.0,11202.0,1.160149973219068,False,23301000.0,1.67,13.952694610778444,3.8857142857142923,4.285714285714286,6.135793099422044,9.333333333333371,90.66666666666663,True,23.2,False,False,False,False,False,False
1461,003009,中天火箭,C 制造业,腾讯前复权日K回退（成交额、换手率已提供）,False,2026-08-03,47.43,46.418,53.077999999999996,True,False,False,False,65.0,-27.03076923076923,False,39.67377189523296,-3.137545494335015,-2.270100484905864,-1.7348900188583016,False,True,False,False,,,8.53730082251744,9.812974112166168,5.985954243219982,False,False,,,False,38370.0,49254.2,0.7790198602352694,False,180398100.0,2.33,77.42407725321888,2.9967426710097778,4.125950054288814,-10.640943517088052,2.1052631578946936,97.8947368421053,True,69.38,False,False,False,False,False,False
1462,003010,若羽臣,I 信息技术,腾讯前复权日K回退（成交额、换手率已提供）,False,2026-08-03,25.97,26.127999999999997,24.7295,False,True,True,True,27.32,-4.9414348462664766,False,55.0090233266688,0.44615079054700857,0.2240803494409557,0.44414088221210574,True,False,False,False,2026-07-15,13.0,38.26610631044403,35.37660183228902,44.04511526675405,False,False,,,False,97109.0,144126.6,0.6737756944242076,False,254664700.0,4.29,59.36240093240093,-2.551594746716701,3.789868667917441,5.0162761074829545,47.524752475247304,7.920792079207768,False,30.1,False,False,False,False,False,False
1463,003011,海象新材,C 制造业,腾讯前复权日K回退（成交额、换手率已提供）,False,2026-08-03,18.26,17.468,17.561,True,True,False,True,21.01,-13.089005235602095,False,51.86226288638747,-0.5010019034081878,-0.6976163714580133,0.3932289360996508,True,False,False,False,2026-07-28,4.0,19.034230136499048,15.345214908664422,26.4122605921683,False,False,2026-07-22,8.0,True,21590.0,24068.4,0.8970268069335726,False,39078300.0,2.81,13.906868327402133,2.9312288613303483,2.931228861330325,3.980411138317873,7.692307692307534,92.30769230769246,True,26.38,False,False,False,False,False,False
1464,003012,东鹏控股,C 制造业,腾讯前复权日K回退（成交额、换手率已提供）,False,2026-08-03,4.85,4.74,4.61,True,True,True,True,4.89,-0.8179959100204507,False,58.53066304797217,0.011893644441605566,-0.03292235456489221,0.08963199801299555,True,False,False,False,,,25.308049100769285,20.111069149346687,35.702009003614485,False,False,2026-07-29,3.0,True,106051.0,116400.6,0.9110863689706067,False,51318600.0,0.93,55.181290322580644,2.320675105485215,2.742616033755272,5.206073752711482,30.76923076923082,69.23076923076917,False,5.49,False,False,False,False,False,False
1465,003013,地铁设计,M 科研服务,腾讯前复权日K回退（成交额、换手率已提供）,False,2026-08-03,17.28,16.918,15.798499999999999,True,True,True,False,17.62,-1.9296254256526666,False,58.36613297170133,0.5155431469250171,0.32935071389463105,0.37238486606077215,True,False,False,False,2026-07-27,5.0,86.02503043331832,79.63115132122032,98.81278865751435,False,False,,,False,62705.0,88260.2,0.7104561285834385,False,108519000.0,1.56,69.56346153846154,0.0,3.703703703703707,9.377472544861869,56.249999999999865,43.75000000000014,False,17.62,True,False,False,False,True,False
1466,003015,日久光电,C 制造业,腾讯前复权日K回退（成交额、换手率已提供）,False,2026-08-03,10.67,10.45,10.7465,True,False,False,True,12.25,-12.897959183673468,False,43.03375576146726,-0.4843405682620734,-0.556986011661545,0.1452908867989433,True,False,False,False,2026-07-29,3.0,11.839295819320427,10.274281016170109,14.969325425621061,False,False,2026-07-21,9.0,True,49244.0,78757.0,0.6252650558045634,False,52084000.0,1.99,26.17286432160804,2.301054650047951,2.588686481303927,-0.7118596752430963,3.7037037037036304,96.29629629629636,True,15.19,False,False,False,False,False,False
1467,003016,欣贺股份,C 制造业,腾讯前复权日K回退（成交额、换手率已提供）,False,2026-08-03,6.79,6.609999999999999,6.423,True,True,True,True,6.94,-2.1613832853025987,False,58.06046775073607,-0.018420251560289813,-0.09084166830358367,0.14484283348658772,True,False,False,False,,,24.539669485397088,20.32787052846481,32.963267399261646,False,False,2026-07-28,4.0,True,43210.0,35768.6,1.208042808496838,False,29062700.0,1.05,27.678761904761906,2.413273001508287,2.865761689291107,5.713840884321968,0.0,100.0,True,8.62,False,True,False,True,True,False
1468,003017,大洋生物,C 制造业,腾讯前复权日K回退（成交额、换手率已提供）,False,2026-08-03,21.19,20.588,20.9785,True,True,False,True,23.83,-11.07847251363826,False,49.636106964975504,-0.5310434395915564,-0.6335680636731226,0.2050492481631323,True,False,False,False,2026-07-31,1.0,18.05298718091354,14.966392943163944,24.22617565641273,False,False,2026-07-27,5.0,True,18764.0,18281.0,1.026420874131612,False,39399900.0,2.26,17.43358407079646,2.6647286821705363,2.6647286821705287,1.0081750363467403,5.454545454545044,94.54545454545496,True,28.9,False,True,False,False,True,False
1469,003018,金富科技,C 制造业,腾讯前复权日K回退（成交额、换手率已提供）,False,2026-08-03,31.6,31.71,42.6065,False,False,False,False,60.08,-47.4034620505992,False,32.25321335398084,-5.681195533174211,-4.373933747316805,-2.6145235717148125,False,True,False,False,,,25.932616802774152,30.496351572384373,16.805147263553714,False,False,,,False,167875.0,110766.0,1.51558239893108,False,534598500.0,5.9,90.6099152542373,-0.4410838059231148,5.954631379962195,-25.832912818466657,0.0,25.925925925926023,False,67.74,False,False,False,False,False,True
1470,003019,宸展光电,C 制造业,腾讯前复权日K回退（成交额、换手率已提供）,False,2026-08-03,21.95,21.875999999999998,23.956,True,False,False,False,29.56,-25.74424898511502,False,34.69655587868151,-2.382104426034388,-2.5384896982814418,0.31277054449410713,True,False,False,False,2026-07-29,3.0,4.7717910724532215,4.98576919156929,4.343834834221084,False,False,,,False,51991.0,59983.2,0.8667593592872671,False,114129599.99999999,3.01,37.91681063122923,-0.9029345372460473,1.9413092550790056,-8.37368508933044,13.953488372093561,39.534883720929834,False,46.99,False,False,False,False,False,False
1471,003020,立方制药,C 制造业,腾讯前复权日K回退（成交额、换手率已提供）,False,2026-08-03,16.93,16.716,17.4615,True,False,False,False,22.56,-24.955673758865245,False,50.02364835272856,-0.039207890479215024,0.0888487496368104,-0.2561132802320508,False,True,False,False,,,30.4866334146312,30.46590005360477,30.52810013668406,True,False,,,False,71207.0,129565.2,0.5495843019576244,False,120186400.0,4.22,28.480189573459715,0.3556609365737984,2.4896265560166073,-3.043839303610808,54.761904761904646,45.23809523809536,False,22.56,False,False,False,False,True,False
1472,003021,兆威机电,C 制造业,腾讯前复权日K回退（成交额、换手率已提供）,False,2026-08-03,79.99,76.00399999999999,79.6345,True,True,False,True,103.0,-22.339805825242724,False,46.99193457293456,-4.141853426243117,-4.7136585755780445,1.1436102986698558,True,False,False,False,2026-07-31,1.0,10.020554340773543,7.513279517925494,15.035103986469641,False,False,2026-07-31,1.0,True,33479.0,27754.4,1.2062591877323956,False,266191800.0,1.61,165.33652173913043,3.159659530564851,3.830281145215389,0.4464145565050225,6.397306397306771,93.60269360269324,True,117.12,False,False,False,False,False,False
1473,003022,联泓新科,C 制造业,腾讯前复权日K回退（成交额、换手率已提供）,False,2026-08-03,19.24,18.858,19.4155,True,False,False,True,24.25,-20.659793814432998,False,41.64272265323406,-1.301467875306109,-1.5153018940755845,0.4276680375389508,True,False,False,False,2026-07-29,3.0,13.712134185015524,12.428008182504412,16.28038619003775,False,False,2026-07-27,5.0,True,144129.0,111609.0,1.2913743515307905,False,276172300.0,1.08,255.71509259259258,2.503995737879583,4.4219499200852335,-0.9039169735520748,25.301204819277263,74.69879518072273,True,28.7,False,False,False,False,False,False
1474,003023,彩虹集团,C 制造业,腾讯前复权日K回退（成交额、换手率已提供）,False,2026-08-03,20.69,19.964000000000002,18.853,True,True,True,True,21.08,-1.8500948766603278,False,58.09848990590361,-0.3734815860558065,-0.8620746861463374,0.9771862001810618,True,False,False,False,2026-07-23,7.0,21.042762037537845,16.915040994631074,29.29820412335139,False,False,2026-07-21,9.0,True,27200.0,37130.6,0.7325494336207872,False,55474300.0,2.59,21.418648648648652,2.986560477849687,3.5340965654554544,9.743807351615127,0.0,100.0,True,33.95,False,False,False,False,False,False
1475,003025,思进智能,C 制造业,腾讯前复权日K回退（成交额、换手率已提供）,False,2026-08-03,11.75,11.53,11.7995,True,False,False,True,15.14,-22.391017173051523,False,42.295034185794535,-0.7092551848663255,-0.8425815417126175,0.2666527136925838,True,False,False,False,2026-07-29,3.0,12.752661361906023,10.526860521262437,17.204263043193198,False,False,2026-07-23,7.0,True,26060.0,45251.8,0.5758886939304072,False,30592399.999999996,1.15,26.602086956521735,1.2058570198105079,1.464254952627045,-0.41950930124157887,41.17647058823548,58.82352941176452,False,18.62,False,False,False,False,True,False
1476,003026,中晶科技,C 制造业,腾讯前复权日K回退（成交额、换手率已提供）,False,2026-08-03,25.42,25.607999999999997,30.8935,False,False,False,False,42.72,-40.49625468164793,False,35.38277010140875,-2.8938150032711363,-2.3154419464457687,-1.156746113650735,False,True,False,False,,,12.158264497167599,15.946452199642442,4.58188909221791,False,False,,,False,64096.0,91938.8,0.6971594147411103,False,161356900.0,4.43,36.42367945823928,0.5140371688414413,3.0446816923685236,-17.717319177173184,19.480519480519305,80.5194805194807,True,49.8,False,False,False,False,True,False
1477,003027,同兴科技,N 公共环保,腾讯前复权日K回退（成交额、换手率已提供）,False,2026-08-03,15.98,15.363999999999999,15.403,True,True,False,True,17.97,-11.074012242626592,False,47.57469713595868,-0.7903630807925115,-1.0605753661356916,0.5404245706863602,True,False,False,False,2026-07-23,7.0,12.041993450184746,9.672801722446586,16.780376905661065,False,False,,,False,22130.0,18968.0,1.1667018135807676,False,34898900.0,2.11,16.539763033175355,3.6988968202466,3.763789746917586,3.7460235019152113,3.448275862068892,96.5517241379311,True,27.55,False,False,False,False,False,False
1478,003028,振邦智能,C 制造业,腾讯前复权日K回退（成交额、换手率已提供）,False,2026-08-03,21.88,21.22,21.3455,True,True,False,True,25.0,-12.480000000000004,False,49.31581226929266,-0.6780360769491658,-0.9127158535431132,0.4693595531878949,True,False,False,False,2026-07-27,5.0,12.593321113259805,9.90358677685227,17.972789786074873,False,False,2026-07-27,5.0,True,9056.0,8154.2,1.1105933138750583,False,19692500.0,1.28,15.384765625,2.674800563115909,3.425621773815112,2.5040406643086257,1.3698630136988434,98.63013698630115,True,31.9,False,False,False,False,True,False
1479,003029,吉大正元,I 信息技术,腾讯前复权日K回退（成交额、换手率已提供）,False,2026-08-03,16.81,16.378,15.794000000000002,True,True,True,True,17.69,-4.974561899378194,False,56.47659888243926,-0.183585376803844,-0.44171882520104155,0.5162668967943951,True,False,False,False,2026-07-06,20.0,19.475219341436432,14.402383503256667,29.620891017795966,False,False,2026-07-27,5.0,True,25181.0,32831.2,0.7669838446355906,False,42058700.0,1.43,29.411678321678323,1.5709969788519462,2.4773413897280974,6.432822590857263,9.756097560976265,90.24390243902374,True,22.3,False,False,False,False,True,False
1480,003030,祖名股份,C 制造业,腾讯前复权日K回退（成交额、换手率已提供）,False,2026-08-03,20.91,21.402,22.066,False,False,False,False,26.15,-20.038240917782023,False,45.20001735624947,-0.4304251692299843,-0.33409755130639973,-0.19265523584716915,False,True,False,False,,,32.36103563890567,36.9258560347709,23.23139484717521,False,False,,,False,46677.0,43851.6,1.0644309443669102,False,97635900.0,5.77,16.921299826689776,-1.4144271570014189,5.516265912305507,-5.2388289676425215,20.51282051282041,46.15384615384615,False,27.15,False,False,False,False,False,False
1481,003031,中瓷电子,C 制造业,腾讯前复权日K回退（成交额、换手率已提供）,False,2026-08-03,91.18,95.162,116.17150000000001,False,False,False,False,161.05,-43.384042222912136,False,30.61068068832226,-15.481827145656212,-13.74865314957,-3.466347992172423,False,True,False,False,,,17.453152205651715,21.29344468103136,9.772567254892422,False,False,,,False,83593.0,101473.0,0.8237954923969923,False,766038200.0000001,2.46,311.39764227642286,-3.717001055966207,4.540654699049642,-21.512591298209973,23.02325581395364,25.81395348837234,False,205.95,False,False,False,False,False,False
1482,003032,传智教育,P 教育,腾讯前复权日K回退（成交额、换手率已提供）,False,2026-08-03,9.69,8.081999999999999,6.0605,True,True,True,True,8.81,9.988649262202031,True,86.24255201050894,0.6880236473307049,0.209258185040323,0.9575309245807637,True,False,False,False,2026-07-10,16.0,86.95080061636584,68.4983053121191,123.85579122485933,False,False,,,False,81911.0,251326.0,0.3259153450100666,False,79372000.0,2.88,27.559722222222224,9.98864926220202,0.0,59.887798036465625,0.0,100.0,True,8.81,True,True,False,True,False,True
1483,003033,征和工业,C 制造业,腾讯前复权日K回退（成交额、换手率已提供）,False,2026-08-03,57.75,58.614,65.37299999999999,False,False,False,False,71.71,-19.467298842560304,False,42.97951567563113,-0.40808950670266597,1.1876560037680497,-3.1914910209414313,False,True,False,False,,,45.156174297256975,55.66672973040314,24.13506343096465,False,False,,,False,16029.0,21169.4,0.7571778132587602,False,91777099.99999999,1.99,46.119145728643204,1.7800493479027013,4.547056750088131,-11.660777385158998,14.728682170542703,85.27131782945729,True,71.71,False,False,False,False,True,False
1484,003035,南网能源,M 科研服务,腾讯前复权日K回退（成交额、换手率已提供）,False,2026-08-03,5.72,5.526000000000001,5.4435,True,True,True,True,5.86,-2.3890784982935247,False,51.746070948158625,-0.11404453715798368,-0.1852310191128916,0.14237296390981585,True,False,False,False,2026-07-15,13.0,10.160407751228421,8.622336925662237,13.23654940236079,False,False,2026-07-20,10.0,True,374114.0,346350.4,1.0801604386771315,False,212300300.0,0.99,214.44474747474746,3.063063063063054,3.4234234234234306,5.079452558096804,10.526315789473905,89.47368421052609,True,8.33,False,False,False,False,False,False
1485,003036,泰坦股份,C 制造业,腾讯前复权日K回退（成交额、换手率已提供）,False,2026-08-03,40.91,44.118,60.0055,False,False,False,False,88.88,-53.97164716471647,False,29.671125990534875,-9.501750198941615,-7.649949095288571,-3.703602207306087,False,True,False,False,,,28.106071438323834,32.80347883759927,18.711256639772955,False,False,,,False,116965.0,61333.2,1.9070421892221505,True,483366400.0,5.4,89.51229629629628,-9.189789123196446,8.65704772475029,-31.822916232678672,0.0,9.230769230769202,False,104.79,False,False,False,False,False,True
1486,003037,三和管桩,C 制造业,腾讯前复权日K回退（成交额、换手率已提供）,False,2026-08-03,5.65,5.465999999999999,5.609,True,True,False,True,6.58,-14.133738601823703,False,49.64858681502527,-0.16390976936567814,-0.207014952131396,0.08621036553143574,True,False,False,False,2026-07-29,3.0,14.91830477379367,11.57790482324777,21.599104674885467,False,False,2026-07-28,4.0,True,62579.0,31071.4,2.0140386335987435,True,34954300.0,1.04,33.60990384615385,3.4798534798534897,3.846153846153846,0.7309680870030374,9.523809523809321,90.47619047619068,True,7.56,False,True,False,False,False,False
1487,003038,鑫铂股份,C 制造业,腾讯前复权日K回退（成交额、换手率已提供）,False,2026-08-03,10.81,10.252,10.2205,True,True,True,True,11.5,-5.999999999999996,False,53.90411068711914,-0.35541419199774715,-0.5200938516637266,0.32935931933195883,True,False,False,False,2026-07-28,4.0,11.599919818403771,7.9493798867431495,18.90099968172502,False,False,2026-07-27,5.0,True,46444.0,39779.2,1.167544847558523,False,49580400.0,2.83,17.51957597173145,4.24300867888141,5.207328833172605,5.767819578298528,11.11111111111089,88.88888888888911,True,15.0,False,False,False,False,True,False
1488,003039,顺控发展,D 水电煤气,腾讯前复权日K回退（成交额、换手率已提供）,False,2026-08-03,12.21,11.77,11.401,True,True,True,True,11.97,2.0050125313283225,True,62.5609135317863,0.027476071365883925,-0.1045029043791092,0.26395795148998624,True,False,False,False,,,21.417421653021734,16.26093729192098,31.730390375223244,False,False,,,False,37770.0,35882.6,1.0525993099719642,False,45772500.0,0.61,75.03688524590164,2.6050420168067356,3.0252100840336085,7.095868783440058,8.333333333333169,91.66666666666683,True,14.52,False,False,False,False,False,False
1489,003040,楚天龙,C 制造业,腾讯前复权日K回退（成交额、换手率已提供）,False,2026-08-03,11.22,10.966,10.397499999999999,True,True,True,True,11.29,-0.620017714791838,False,57.199119571476,-0.1009973109743445,-0.31064004494944825,0.4192854679502075,True,False,False,False,2026-07-09,17.0,15.75418169260258,12.504622248135332,22.25330058153708,False,False,2026-07-21,9.0,True,101008.0,146943.4,0.6873939217412963,False,112811800.0,2.21,51.04606334841629,0.8086253369272267,2.2461814914645104,7.9105554219764525,11.999999999999744,88.00000000000026,True,15.28,False,False,False,True,True,False
1490,003041,真爱美家,C 制造业,腾讯前复权日K回退（成交额、换手率已提供）,False,2026-08-03,39.85,37.204,38.1045,True,True,False,True,45.15,-11.738648947951267,False,50.77689033030031,-2.0928125531332853,-2.745878528464576,1.3061319506625813,True,False,False,False,2026-07-29,3.0,14.25874252506481,10.75839805425047,21.259431466693485,False,False,2026-07-21,9.0,True,39939.0,28323.8,1.4100862172448612,False,157935100.0,2.92,54.087363013698635,4.8684210526315885,8.631578947368405,4.580823787216732,34.451219512195046,65.54878048780496,False,71.0,False,True,True,False,True,False
1491,003042,中农联合,C 制造业,腾讯前复权日K回退（成交额、换手率已提供）,False,2026-08-03,12.91,12.344,12.108500000000001,True,True,True,True,13.06,-1.148545176110263,False,56.43384452865226,-0.21409968045420058,-0.3988168289994083,0.3694342970904154,True,False,False,False,,,15.14218687619951,11.565176160334275,22.29620830792998,False,False,2026-07-27,5.0,True,39383.0,32736.8,1.2030192321790767,False,50242700.00000001,3.19,15.750062695924768,3.6115569823435,4.09309791332263,6.619317008712879,19.60784313725484,80.39215686274515,True,17.41,False,False,False,False,True,False
1492,003043,华亚智能,C 制造业,腾讯前复权日K回退（成交额、换手率已提供）,False,2026-08-03,58.1,59.926,74.2815,False,False,False,False,104.66,-44.48690999426715,False,35.66374489073084,-6.559997157390271,-4.492912858916704,-4.1341685969471325,False,True,False,False,,,23.782306755804857,29.130410763381395,13.086098740651785,False,False,,,False,59334.0,71636.0,0.8282707018817355,False,334978200.0,6.31,53.086877971473854,0.39744254363227594,6.082598928633137,-21.78402428599314,17.613636363636314,82.3863636363637,True,108.07,False,True,False,False,True,False
1493,003816,中国广核,D 水电煤气,腾讯前复权日K回退（成交额、换手率已提供）,False,2026-08-03,4.16,4.11,3.9884999999999997,True,True,True,True,4.2,-0.9523809523809532,False,59.27369402125059,0.03120785618617905,0.0010552333846645182,0.060305245603029065,True,False,False,False,2026-07-09,17.0,36.742507564399524,33.93940564701751,42.34871139916356,False,False,,,False,1712741.0,906034.0,1.8903716637565477,True,713902500.0,0.44,1622.5056818181818,0.7263922518159882,3.3898305084745903,4.299862103547711,50.0,42.85714285714304,False,4.85,False,True,False,True,False,False
